{"type": "FeatureCollection", "features": [{"type": "Feature", "geometry": {"type": "Polygon", "coordinates": [[[-123.16046086470888, 42.22969177807745], [-123.16063059931517, 42.23322554229562], [-123.1608003569216, 42.2367593295137], [-123.15616146124474, 42.23684917894098], [-123.1515225665677, 42.236939029368216], [-123.15138603395495, 42.23333667314244], [-123.15124950134236, 42.22973429391657], [-123.15585519502568, 42.229713036497046], [-123.16046086470888, 42.22969177807745]]]}, "properties": {"title": "AFTER THOUGHT MINE", "description": "lode | serial OR105222726 | 20.66 ac | Active | qtr-sec OR 33 0380S 0040W 027 A NWSE|OR 33 0380S 0040W 027 A SESE|OR 33 0380S 0040W 027 A SWSE|OR 33 0380S 0040W 027 A NESE | recorded~2021 (DB date, not legal located date) | src: BLM MLRS Not Closed | boundary approx (BLM quarter-section) | do not dig here (active claim)", "stroke": "#ff3300", "stroke-width": 2, "fill": "#ff3300", "fill-opacity": 0.05, "stroke-dasharray": "1,6"}}, {"type": "Feature", "geometry": {"type": "Polygon", "coordinates": [[[-123.60223858017825, 42.447104303850075], [-123.60223951178854, 42.450747242082244], [-123.60224044439903, 42.45439018131448], [-123.59737595868533, 42.45439849376193], [-123.59251147397156, 42.45440682920942], [-123.59250420936085, 42.45076749997791], [-123.5924969677503, 42.44712814674639], [-123.59736776246434, 42.44711622529824], [-123.60223858017825, 42.447104303850075]]]}, "properties": {"title": "Lucky Antler", "description": "lode | serial OR105224650 | 20.66 ac | Active | qtr-sec OR 33 0360S 0080W 012 A SWSW|OR 33 0360S 0080W 012 A NESW|OR 33 0360S 0080W 012 A SESW|OR 33 0360S 0080W 012 A NWSW | recorded~2021 (DB date, not legal located date) | src: BLM MLRS Not Closed | boundary approx (BLM quarter-section) | do not dig here (active claim)", "stroke": "#ff3300", "stroke-width": 2, "fill": "#ff3300", "fill-opacity": 0.05, "stroke-dasharray": "1,6"}}, {"type": "Feature", "geometry": {"type": "Polygon", "coordinates": [[[-123.04306018251488, 42.49101843002087], [-123.04307662112747, 42.49466157725889], [-123.04309308274027, 42.49830470249689], [-123.0382176790176, 42.49835545994753], [-123.03334229729481, 42.49840624039815], [-123.03333638269336, 42.49482109116287], [-123.03333049009204, 42.49123594992758], [-123.03819534880354, 42.49112718547421], [-123.04306018251488, 42.49101843002087]]]}, "properties": {"title": "Hornet Hill Mine", "description": "lode | serial OR105245857 | 20.66 ac | Active | qtr-sec OR 33 0350S 0030W 027 A SWSE|OR 33 0350S 0030W 027 A NESE|OR 33 0350S 0030W 027 A SESE|OR 33 0350S 0030W 027 A NWSE | recorded~2021 (DB date, not legal located date) | src: BLM MLRS Not Closed | boundary approx (BLM quarter-section) | do not dig here (active claim)", "stroke": "#ff3300", "stroke-width": 2, "fill": "#ff3300", "fill-opacity": 0.05, "stroke-dasharray": "1,6"}}, {"type": "Feature", "geometry": {"type": "Polygon", "coordinates": [[[-122.95394333570457, 42.22905391077443], [-122.95400873831153, 42.232690400011755], [-122.95407414091864, 42.236326865249], [-122.95408189452068, 42.23998433249281], [-122.9540896491229, 42.243641799736636], [-122.94912153138841, 42.243712860192176], [-122.94415341365382, 42.2437839196477], [-122.93909511990405, 42.243845784110775], [-122.93403680415416, 42.243907647573884], [-122.93411435955707, 42.240203381318956], [-122.93419189096025, 42.23649913906396], [-122.93416963235832, 42.23285422082201], [-122.93414737275656, 42.22920932657992], [-122.939112417496, 42.2291696751271], [-122.94407746123538, 42.22913002367423], [-122.94629745556617, 42.229113865471845], [-122.94851381689669, 42.22909938326987], [-122.94901095697067, 42.229095238224495], [-122.95394333570457, 42.22905391077443]]]}, "properties": {"title": "Sterling Quartz", "description": "lode | serial OR105245858 | 20.66 ac | Active | qtr-sec OR 33 0380S 0020W 028 A SWSW|OR 33 0380S 0020W 028 A NENE|OR 33 0380S 0020W 028 A NWSW|OR 33 0380S 0020W 028 A SW|OR 33 0380S 0020W 028 A NESE|OR 33 0380S 0020W 028 A NWSE|OR 33 0380S 0020W 028 A SENE|OR 33 0380S 0020W 028 A Government Lot 1 | recorded~2021 (DB date, not legal located date) | src: BLM MLRS Not Closed | boundary approx (BLM quarter-section) | do not dig here (active claim)", "stroke": "#ff3300", "stroke-width": 2, "fill": "#ff3300", "fill-opacity": 0.05, "stroke-dasharray": "1,6"}}, {"type": "Feature", "geometry": {"type": "Polygon", "coordinates": [[[-123.31840014192709, 42.25845446361335], [-123.31353970421225, 42.25849049905794], [-123.30842489545999, 42.25852948552584], [-123.30835973584347, 42.25484808229082], [-123.30829454722706, 42.25116668105574], [-123.31337013397687, 42.25114838859282], [-123.31831516070713, 42.25113032214184], [-123.31835765131704, 42.25479239237761], [-123.31840014192709, 42.25845446361335]]]}, "properties": {"title": "APEX MINE \"Snow Bird\"", "description": "lode | serial OR105250019 | 20.66 ac | Active | qtr-sec OR 33 0380S 0050W 020 A NE | recorded~2021 (DB date, not legal located date) | src: BLM MLRS Not Closed | boundary approx (BLM quarter-section) | do not dig here (active claim)", "stroke": "#ff3300", "stroke-width": 2, "fill": "#ff3300", "fill-opacity": 0.05, "stroke-dasharray": "1,6"}}, {"type": "Feature", "geometry": {"type": "Polygon", "coordinates": [[[-123.08733650388034, 42.19975887272716], [-123.09219107260256, 42.19973975128579], [-123.09218335319477, 42.20335815352697], [-123.09217560778713, 42.206976557768066], [-123.09216627837934, 42.21059459900922], [-123.09215497809846, 42.21498691030195], [-123.08745555538137, 42.21489650272218], [-123.08725454535072, 42.21489275574019], [-123.08248728662313, 42.21480098916646], [-123.0823532806027, 42.21479849117849], [-123.07763649688594, 42.21472775060158], [-123.0775694938758, 42.21472675160759], [-123.07277162214659, 42.21465451303791], [-123.07275792483506, 42.21276883991378], [-123.07274458852346, 42.21088208278957], [-123.0727427844831, 42.210637446773426], [-123.07272166692076, 42.20722884854871], [-123.07271522289861, 42.20709982254069], [-123.07268744031394, 42.20356002930777], [-123.07268660629711, 42.20345844730112], [-123.07265832270797, 42.199891128066376], [-123.07265662969557, 42.199817240061584], [-123.07756928242685, 42.19979761661505], [-123.08248193615796, 42.19977799416843], [-123.08733650388034, 42.19975887272716]]]}, "properties": {"title": "Blacksmith 1", "description": "lode | serial OR105272194 | 20.66 ac | Active | qtr-sec OR 33 0390S 0030W 005 A SENW|OR 33 0390S 0030W 005 A Government Lot 5|OR 33 0390S 0030W 005 A SWSE|OR 33 0390S 0030W 005 A Government Lot 7|OR 33 0390S 0030W 005 A SWNE|OR 33 0390S 0030W 005 A NWSE|OR 33 0390S 0030W 005 A SESW|OR 33 0390S 0030W 005 A NESW|OR 33 0390S 0030W 005 A Government Lot 6 | recorded~2021 (DB date, not legal located date) | src: BLM MLRS Not Closed | boundary approx (BLM quarter-section) | do not dig here (active claim)", "stroke": "#ff3300", "stroke-width": 2, "fill": "#ff3300", "fill-opacity": 0.05, "stroke-dasharray": "1,6"}}, {"type": "Feature", "geometry": {"type": "Polygon", "coordinates": [[[-123.09217560778713, 42.206976557768066], [-123.0872976770633, 42.20700776221241], [-123.08241974733939, 42.207038774656766], [-123.08245082774856, 42.203408369412614], [-123.08248193615796, 42.19977799416843], [-123.08733650388034, 42.19975887272716], [-123.09219107260256, 42.19973975128579], [-123.09218335319477, 42.20335815352697], [-123.09217560778713, 42.206976557768066]]]}, "properties": {"title": "Blacksmith 2", "description": "lode | serial OR105272195 | 20.66 ac | Active | qtr-sec OR 33 0390S 0030W 005 A SW | recorded~2021 (DB date, not legal located date) | src: BLM MLRS Not Closed | boundary approx (BLM quarter-section) | do not dig here (active claim)", "stroke": "#ff3300", "stroke-width": 2, "fill": "#ff3300", "fill-opacity": 0.05, "stroke-dasharray": "1,6"}}, {"type": "Feature", "geometry": {"type": "Polygon", "coordinates": [[[-123.08733650388034, 42.19975887272716], [-123.09219107260256, 42.19973975128579], [-123.09218335319477, 42.20335815352697], [-123.09217560778713, 42.206976557768066], [-123.09216627837934, 42.21059459900922], [-123.09215497809846, 42.21498691030195], [-123.08745555538137, 42.21489650272218], [-123.08725454535072, 42.21489275574019], [-123.08248728662313, 42.21480098916646], [-123.0823532806027, 42.21479849117849], [-123.07763649688594, 42.21472775060158], [-123.0775694938758, 42.21472675160759], [-123.07277162214659, 42.21465451303791], [-123.07275792483506, 42.21276883991378], [-123.07274458852346, 42.21088208278957], [-123.0727427844831, 42.210637446773426], [-123.07272166692076, 42.20722884854871], [-123.07271522289861, 42.20709982254069], [-123.07268744031394, 42.20356002930777], [-123.07268660629711, 42.20345844730112], [-123.07265832270797, 42.199891128066376], [-123.07265662969557, 42.199817240061584], [-123.07756928242685, 42.19979761661505], [-123.08248193615796, 42.19977799416843], [-123.08733650388034, 42.19975887272716]]]}, "properties": {"title": "Blacksmith 3", "description": "lode | serial OR105272196 | 20.66 ac | Active | qtr-sec OR 33 0390S 0030W 005 A SENW|OR 33 0390S 0030W 005 A Government Lot 5|OR 33 0390S 0030W 005 A SWSE|OR 33 0390S 0030W 005 A Government Lot 7|OR 33 0390S 0030W 005 A SWNE|OR 33 0390S 0030W 005 A NWSE|OR 33 0390S 0030W 005 A SESW|OR 33 0390S 0030W 005 A NESW|OR 33 0390S 0030W 005 A Government Lot 6 | recorded~2021 (DB date, not legal located date) | src: BLM MLRS Not Closed | boundary approx (BLM quarter-section) | do not dig here (active claim)", "stroke": "#ff3300", "stroke-width": 2, "fill": "#ff3300", "fill-opacity": 0.05, "stroke-dasharray": "1,6"}}, {"type": "Feature", "geometry": {"type": "Polygon", "coordinates": [[[-123.18129603077152, 42.15012876692302], [-123.17649250105666, 42.150131538357954], [-123.17168897134171, 42.15013430879285], [-123.1716888584288, 42.15], [-123.18129519131551, 42.15], [-123.18129603077152, 42.15012876692302]]]}, "properties": {"title": "Golden Star Dust", "description": "lode | serial OR105296586 | 20.66 ac | Filed | qtr-sec OR 33 0390S 0040W 028 A NWSE|OR 33 0390S 0040W 028 A SWSE|OR 33 0390S 0040W 028 A SESE|OR 33 0390S 0040W 028 A NESE | recorded~2022 (DB date, not legal located date) | src: BLM MLRS Not Closed | boundary approx (BLM quarter-section) | do not dig here (active claim)", "stroke": "#ff3300", "stroke-width": 2, "fill": "#ff3300", "fill-opacity": 0.05, "stroke-dasharray": "1,6"}}, {"type": "Feature", "geometry": {"type": "Polygon", "coordinates": [[[-123.64173405375433, 42.535029797804356], [-123.64174829426864, 42.53806744999548], [-123.64175108136877, 42.53865889803265], [-123.64176810898331, 42.542287997261], [-123.64178284344118, 42.544989397430705], [-123.64178788559765, 42.54591234648871], [-123.64180769121218, 42.54953669471641], [-123.63834593970634, 42.54955221303679], [-123.63687979749211, 42.54955876017246], [-123.63195193177191, 42.549580852628495], [-123.63139424169039, 42.5495833316801], [-123.62865896529057, 42.54959559093325], [-123.62862253028527, 42.54959575393659], [-123.62702403905159, 42.54960291808453], [-123.62587518688366, 42.549608072190864], [-123.62584237687885, 42.54960821919387], [-123.62219527734561, 42.549624539531344], [-123.62209617233111, 42.54962498254056], [-123.62218431570291, 42.5458247342915], [-123.62211701210137, 42.5423171460753], [-123.62212743148665, 42.538663212842614], [-123.62213785187218, 42.53500928060986], [-123.62703690859293, 42.53501441015853], [-123.63193593831352, 42.535019539707136], [-123.63683499503401, 42.535024669255705], [-123.64173405375433, 42.535029797804356]]]}, "properties": {"title": "Not Even Once", "description": "lode | serial OR105297412 | 20.66 ac | Active | qtr-sec OR 33 0350S 0080W 010 A NENE|OR 33 0350S 0080W 010 A SENE|OR 33 0350S 0080W 010 A Government Lot 1|OR 33 0350S 0080W 010 A NE|OR 33 0350S 0080W 010 A NE|OR 33 0350S 0080W 010 A Government Lot 1|OR 33 0350S 0080W 010 A NE|OR 33 0350S 0080W 010 A SWNE | recorded~2022 (DB date, not legal located date) | src: BLM MLRS Not Closed | boundary approx (BLM quarter-section) | do not dig here (active claim)", "stroke": "#ff3300", "stroke-width": 2, "fill": "#ff3300", "fill-opacity": 0.05, "stroke-dasharray": "1,6"}}, {"type": "Feature", "geometry": {"type": "Polygon", "coordinates": [[[-123.17667554068275, 42.21482516662299], [-123.17624685322441, 42.21851187690553], [-123.17120730648188, 42.21856291536627], [-123.17190630597453, 42.21483976505675], [-123.17667554068275, 42.21482516662299]]]}, "properties": {"title": "Golden Eagle Mine", "description": "lode | serial OR105749973 | 20.66 ac | Active | qtr-sec OR 33 0380S 0040W 033 A SESE | recorded~2022 (DB date, not legal located date) | src: BLM MLRS Not Closed | boundary approx (BLM quarter-section) | do not dig here (active claim)", "stroke": "#ff3300", "stroke-width": 2, "fill": "#ff3300", "fill-opacity": 0.05, "stroke-dasharray": "1,6"}}, {"type": "Feature", "geometry": {"type": "Polygon", "coordinates": [[[-123.1607283625453, 42.22236913756901], [-123.1656238372634, 42.222298310119974], [-123.16550150884567, 42.22595272737263], [-123.1605964421191, 42.22598080681979], [-123.16066239283221, 42.22417497169443], [-123.1607283625453, 42.22236913756901]]]}, "properties": {"title": "El Senora 1", "description": "lode | serial OR105757810 | 5111.5 ac | Active | qtr-sec OR 33 0380S 0040W 033 Lot1 | OR 33 0380S 0040W 033 Lot2 | OR 33 0380S 0040W 033 Lot3 | OR 33 0380S 0040W 033 Lot4 | OR 33 0380S 0040W 033 NENE | OR 33 0380S 0040W 033 NENW | OR 33 0380S 0040W 033 NWNE | OR 33 0380S 0040W 033 NWNW | OR 33 0380S 0040W 033 SENE | OR 33 0380S 0040W 033 SENW | OR 33 0380S 0040W 033 SWNE | OR 33 0380S 0040W 034 Lot6 | OR 33 0380S 0040W 034 Lot7 | OR 33 0380S 0040W 034 NENW | OR 33 0380S 0040W 034 SENW | recorded~2022 (DB date, not legal located date) | src: BLM MLRS Not Closed | boundary approx (BLM quarter-section) | do not dig here (active claim)", "stroke": "#ff3300", "stroke-width": 2, "fill": "#ff3300", "fill-opacity": 0.05, "stroke-dasharray": "1,6"}}, {"type": "Feature", "geometry": {"type": "Polygon", "coordinates": [[[-123.1607283625453, 42.22236913756901], [-123.16066239283221, 42.22417497169443], [-123.15835060349316, 42.22420887290654], [-123.15841390920573, 42.22240246378129], [-123.1607283625453, 42.22236913756901]]]}, "properties": {"title": "El Senora 2", "description": "lode | serial OR105757811 | 1727.76 ac | Active | qtr-sec OR 33 0380S 0040W 034 Lot6 | OR 33 0380S 0040W 034 Lot7 | OR 33 0380S 0040W 034 NENW | OR 33 0380S 0040W 034 NESWNE | OR 33 0380S 0040W 034 NESWNE | OR 33 0380S 0040W 034 NWNE | OR 33 0380S 0040W 034 NWNE | OR 33 0380S 0040W 034 NWNW | OR 33 0380S 0040W 034 NWSWNE | OR 33 0380S 0040W 034 NWSWNE | OR 33 0380S 0040W 034 SENE | OR 33 0380S 0040W 034 SENE | OR 33 0380S 0040W 034 SENW | OR 33 0380S 0040W 034 SESWNE | OR 33 0380S 0040W 034 SESWNE | OR 33 0380S 0040W 034 SWSWNE | OR 33 0380S 0040W 034 SWSWNE | recorded~2022 (DB date, not legal located date) | src: BLM MLRS Not Closed | boundary approx (BLM quarter-section) | do not dig here (active claim)", "stroke": "#ff3300", "stroke-width": 2, "fill": "#ff3300", "fill-opacity": 0.05, "stroke-dasharray": "1,6"}}, {"type": "Feature", "geometry": {"type": "Polygon", "coordinates": [[[-123.1909825428065, 42.21478139332168], [-123.1908630783819, 42.218392666571006], [-123.19074361295742, 42.22200393982026], [-123.19062414853317, 42.22561521306946], [-123.19050466010899, 42.22922648631862], [-123.1880809977493, 42.22923394953924], [-123.18565733538951, 42.2292414117598], [-123.18080998666868, 42.229248979200484], [-123.1794955174805, 42.229295539322905], [-123.1781810252923, 42.22934210044533], [-123.17686655710415, 42.22938866056779], [-123.17555208791592, 42.22943522069021], [-123.17292310353947, 42.22952834193505], [-123.17029414316302, 42.22962146217996], [-123.17035044086755, 42.2277729730527], [-123.17040673857213, 42.22592446092542], [-123.17046302527673, 42.22407597179817], [-123.17051931198141, 42.2222274826709], [-123.17119279749241, 42.21864033037273], [-123.17120730648188, 42.21856291536627], [-123.17190630597453, 42.21483976505675], [-123.17667554068275, 42.21482516662299], [-123.18144454139082, 42.21481056818924], [-123.18621356509873, 42.214795968755475], [-123.1909825428065, 42.21478139332168]]]}, "properties": {"title": "El Senora Quartz", "description": "lode | serial OR105764515 | 20.66 ac | Active | qtr-sec OR 33 0380S 0040W 033 A Government Lot 1|OR 33 0380S 0040W 033 A Government Lot 3|OR 33 0380S 0040W 033 A SWNE|OR 33 0380S 0040W 033 A Government Lot 4|OR 33 0380S 0040W 033 A Government Lot 2|OR 33 0380S 0040W 033 A SENE|OR 33 0380S 0040W 033 A NENE|OR 33 0380S 0040W 033 A NWNE | recorded~2022 (DB date, not legal located date) | src: BLM MLRS Not Closed | boundary approx (BLM quarter-section) | do not dig here (active claim)", "stroke": "#ff3300", "stroke-width": 2, "fill": "#ff3300", "fill-opacity": 0.05, "stroke-dasharray": "1,6"}}, {"type": "Feature", "geometry": {"type": "Polygon", "coordinates": [[[-123.01346013881978, 42.44762272087427], [-123.01836595555784, 42.44763425142599], [-123.02327180029572, 42.44764575497761], [-123.02817761703346, 42.44765684052919], [-123.03308343277108, 42.44766792708081], [-123.03307681937791, 42.45130915132142], [-123.03307220880282, 42.453857994489844], [-123.03307091992271, 42.45457712853737], [-123.033070232985, 42.45495034756206], [-123.0330690571221, 42.45577245261636], [-123.03306905012298, 42.455777600616635], [-123.03306629344071, 42.45768238474245], [-123.03306497959261, 42.45859307180256], [-123.03305972620043, 42.462235797043085], [-123.02817663646793, 42.46223540349035], [-123.02573506210169, 42.462235193713994], [-123.02329351773534, 42.46223498293765], [-123.0183770079923, 42.46220289538588], [-123.01402863333507, 42.46217449378232], [-123.01346049824916, 42.46217075383416], [-123.01346337918895, 42.46180770080994], [-123.01347492994803, 42.46035537771306], [-123.01348938864697, 42.45854000159198], [-123.01351827904492, 42.45490925034979], [-123.0134891954323, 42.45126597211208], [-123.01346013881978, 42.44762272087427]]]}, "properties": {"title": "Lyman South", "description": "lode | serial OR105787412 | 20.66 ac | Filed | qtr-sec OR 33 0360S 0030W 011 A Government Lot 7|OR 33 0360S 0030W 011 A Government Lot 1|OR 33 0360S 0030W 011 A Government Lot 8|OR 33 0360S 0030W 011 A Government Lot 2|OR 33 0360S 0030W 011 A Government Lot 1|OR 33 0360S 0030W 011 A NE | recorded~2022 (DB date, not legal located date) | src: BLM MLRS Not Closed | boundary approx (BLM quarter-section) | do not dig here (active claim)", "stroke": "#ff3300", "stroke-width": 2, "fill": "#ff3300", "fill-opacity": 0.05, "stroke-dasharray": "1,6"}}, {"type": "Feature", "geometry": {"type": "Polygon", "coordinates": [[[-122.98453559905134, 42.600026734562164], [-122.98454759966378, 42.60364504179859], [-122.98455960027644, 42.60726335003496], [-122.98455705927606, 42.6072633990352], [-122.97962004554988, 42.607359618496346], [-122.97468049082313, 42.607455915957686], [-122.97468044582271, 42.6074533749575], [-122.97461551619699, 42.60380460872392], [-122.97454773656882, 42.60014266448965], [-122.97954168131021, 42.600084810025905], [-122.98453559905134, 42.600026734562164]]]}, "properties": {"title": "New_Sham_W_21", "description": "lode | serial OR105803745 | 20.66 ac | Active | qtr-sec OR 33 0340S 0020W 019 A NE|OR 33 0340S 0020W 019 A NENE|OR 33 0340S 0020W 019 A NWNE|OR 33 0340S 0020W 019 A SENE|OR 33 0340S 0020W 019 A SWNE | recorded~2022 (DB date, not legal located date) | src: BLM MLRS Not Closed | boundary approx (BLM quarter-section) | do not dig here (active claim)", "stroke": "#ff3300", "stroke-width": 2, "fill": "#ff3300", "fill-opacity": 0.05, "stroke-dasharray": "1,6"}}, {"type": "Feature", "geometry": {"type": "Polygon", "coordinates": [[[-122.98455960027644, 42.60726335003496], [-122.98455705927606, 42.6072633990352], [-122.97962004554988, 42.607359618496346], [-122.97468049082313, 42.607455915957686], [-122.97468044582271, 42.6074533749575], [-122.97461551619699, 42.60380460872392], [-122.97454773656882, 42.60014266448965], [-122.97954168131021, 42.600084810025905], [-122.98453559905134, 42.600026734562164], [-122.98454759966378, 42.60364504179859], [-122.98455960027644, 42.60726335003496]]]}, "properties": {"title": "New_Sham_W_20", "description": "lode | serial OR105803744 | 20.66 ac | Active | qtr-sec OR 33 0340S 0020W 019 A NE | recorded~2022 (DB date, not legal located date) | src: BLM MLRS Not Closed | boundary approx (BLM quarter-section) | do not dig here (active claim)", "stroke": "#ff3300", "stroke-width": 2, "fill": "#ff3300", "fill-opacity": 0.05, "stroke-dasharray": "1,6"}}, {"type": "Feature", "geometry": {"type": "Polygon", "coordinates": [[[-122.98943812055305, 42.59270351462994], [-122.99436512230275, 42.59275741117979], [-122.99436516030318, 42.59275995317995], [-122.99441801291404, 42.59633396940966], [-122.99447090352548, 42.59991052763943], [-122.99454315613893, 42.60348111286705], [-122.99457568674644, 42.60705072609818], [-122.98949904400143, 42.60715835857301], [-122.98455960027644, 42.60726335003496], [-122.98455705927606, 42.6072633990352], [-122.97962004554988, 42.607359618496346], [-122.97468049082313, 42.607455915957686], [-122.97468044582271, 42.6074533749575], [-122.97461551619699, 42.60380460872392], [-122.97454773656882, 42.60014266448965], [-122.97454342614621, 42.59764185432576], [-122.97454151395881, 42.596532302253046], [-122.97453529334885, 42.59292196701639], [-122.97454233734992, 42.592921775015775], [-122.97952320807606, 42.59278577954825], [-122.98451114980314, 42.59264959108006], [-122.98943812055305, 42.59270351462994]]]}, "properties": {"title": "New_Sham_W_19", "description": "lode | serial OR105803743 | 20.66 ac | Active | qtr-sec OR 33 0340S 0020W 019 A NW|OR 33 0340S 0020W 019 A SENW|OR 33 0340S 0020W 019 A NENW|OR 33 0340S 0020W 019 A Unnumbered Lot null|OR 33 0340S 0020W 019 A Unnumbered Lot null | recorded~2022 (DB date, not legal located date) | src: BLM MLRS Not Closed | boundary approx (BLM quarter-section) | do not dig here (active claim)", "stroke": "#ff3300", "stroke-width": 2, "fill": "#ff3300", "fill-opacity": 0.05, "stroke-dasharray": "1,6"}}, {"type": "Feature", "geometry": {"type": "Polygon", "coordinates": [[[-122.98453559905134, 42.600026734562164], [-122.98454759966378, 42.60364504179859], [-122.98455960027644, 42.60726335003496], [-122.98455705927606, 42.6072633990352], [-122.97962004554988, 42.607359618496346], [-122.97468049082313, 42.607455915957686], [-122.97468044582271, 42.6074533749575], [-122.97461551619699, 42.60380460872392], [-122.97454773656882, 42.60014266448965], [-122.97954168131021, 42.600084810025905], [-122.98453559905134, 42.600026734562164]]]}, "properties": {"title": "New_Sham_W_18", "description": "lode | serial OR105803742 | 20.66 ac | Active | qtr-sec OR 33 0340S 0020W 019 A NE|OR 33 0340S 0020W 019 A SWNE|OR 33 0340S 0020W 019 A NENE|OR 33 0340S 0020W 019 A NWNE|OR 33 0340S 0020W 019 A SENE | recorded~2022 (DB date, not legal located date) | src: BLM MLRS Not Closed | boundary approx (BLM quarter-section) | do not dig here (active claim)", "stroke": "#ff3300", "stroke-width": 2, "fill": "#ff3300", "fill-opacity": 0.05, "stroke-dasharray": "1,6"}}, {"type": "Feature", "geometry": {"type": "Polygon", "coordinates": [[[-122.98453559905134, 42.600026734562164], [-122.98454759966378, 42.60364504179859], [-122.98455960027644, 42.60726335003496], [-122.98455705927606, 42.6072633990352], [-122.97962004554988, 42.607359618496346], [-122.97468049082313, 42.607455915957686], [-122.97468044582271, 42.6074533749575], [-122.97461551619699, 42.60380460872392], [-122.97454773656882, 42.60014266448965], [-122.97954168131021, 42.600084810025905], [-122.98453559905134, 42.600026734562164]]]}, "properties": {"title": "New_Sham_W_17", "description": "lode | serial OR105803741 | 20.66 ac | Active | qtr-sec OR 33 0340S 0020W 019 A NE|OR 33 0340S 0020W 019 A NENE|OR 33 0340S 0020W 019 A NWNE|OR 33 0340S 0020W 019 A SENE|OR 33 0340S 0020W 019 A SWNE | recorded~2022 (DB date, not legal located date) | src: BLM MLRS Not Closed | boundary approx (BLM quarter-section) | do not dig here (active claim)", "stroke": "#ff3300", "stroke-width": 2, "fill": "#ff3300", "fill-opacity": 0.05, "stroke-dasharray": "1,6"}}, {"type": "Feature", "geometry": {"type": "Polygon", "coordinates": [[[-122.98943812055305, 42.59270351462994], [-122.99436512230275, 42.59275741117979], [-122.99436516030318, 42.59275995317995], [-122.99441801291404, 42.59633396940966], [-122.99447090352548, 42.59991052763943], [-122.99454315613893, 42.60348111286705], [-122.99457568674644, 42.60705072609818], [-122.98949904400143, 42.60715835857301], [-122.98455960027644, 42.60726335003496], [-122.98455705927606, 42.6072633990352], [-122.97962004554988, 42.607359618496346], [-122.97468049082313, 42.607455915957686], [-122.97468044582271, 42.6074533749575], [-122.97461551619699, 42.60380460872392], [-122.97454773656882, 42.60014266448965], [-122.97454342614621, 42.59764185432576], [-122.97454151395881, 42.596532302253046], [-122.97453529334885, 42.59292196701639], [-122.97454233734992, 42.592921775015775], [-122.97952320807606, 42.59278577954825], [-122.98451114980314, 42.59264959108006], [-122.98943812055305, 42.59270351462994]]]}, "properties": {"title": "New_Sham_W_16", "description": "lode | serial OR105803740 | 20.66 ac | Active | qtr-sec OR 33 0340S 0020W 019 A NW|OR 33 0340S 0020W 019 A Unnumbered Lot null|OR 33 0340S 0020W 019 A Unnumbered Lot null|OR 33 0340S 0020W 019 A SENW|OR 33 0340S 0020W 019 A NENW | recorded~2022 (DB date, not legal located date) | src: BLM MLRS Not Closed | boundary approx (BLM quarter-section) | do not dig here (active claim)", "stroke": "#ff3300", "stroke-width": 2, "fill": "#ff3300", "fill-opacity": 0.05, "stroke-dasharray": "1,6"}}, {"type": "Feature", "geometry": {"type": "Polygon", "coordinates": [[[-122.98451114980314, 42.59264959108006], [-122.98452337442721, 42.596338176321105], [-122.98453559905134, 42.600026734562164], [-122.97954168131021, 42.600084810025905], [-122.97454773656882, 42.60014266448965], [-122.97454342614621, 42.59764185432576], [-122.97454151395881, 42.596532302253046], [-122.97453529334885, 42.59292196701639], [-122.97454233734992, 42.592921775015775], [-122.97952320807606, 42.59278577954825], [-122.98451114980314, 42.59264959108006]]]}, "properties": {"title": "New_Sham_W_14", "description": "lode | serial OR105803738 | 20.66 ac | Active | qtr-sec OR 33 0340S 0020W 019 A SE|OR 33 0340S 0020W 019 A SWSE|OR 33 0340S 0020W 019 A NWSE|OR 33 0340S 0020W 019 A SESE|OR 33 0340S 0020W 019 A NESE | recorded~2022 (DB date, not legal located date) | src: BLM MLRS Not Closed | boundary approx (BLM quarter-section) | do not dig here (active claim)", "stroke": "#ff3300", "stroke-width": 2, "fill": "#ff3300", "fill-opacity": 0.05, "stroke-dasharray": "1,6"}}, {"type": "Feature", "geometry": {"type": "Polygon", "coordinates": [[[-122.98451114980314, 42.59264959108006], [-122.98452337442721, 42.596338176321105], [-122.98453559905134, 42.600026734562164], [-122.97954168131021, 42.600084810025905], [-122.97454773656882, 42.60014266448965], [-122.97454342614621, 42.59764185432576], [-122.97454151395881, 42.596532302253046], [-122.97453529334885, 42.59292196701639], [-122.97454233734992, 42.592921775015775], [-122.97952320807606, 42.59278577954825], [-122.98451114980314, 42.59264959108006]]]}, "properties": {"title": "New_Sham_W_15", "description": "lode | serial OR105803739 | 20.66 ac | Active | qtr-sec OR 33 0340S 0020W 019 A SE|OR 33 0340S 0020W 019 A NWSE|OR 33 0340S 0020W 019 A SESE|OR 33 0340S 0020W 019 A NESE|OR 33 0340S 0020W 019 A SWSE | recorded~2022 (DB date, not legal located date) | src: BLM MLRS Not Closed | boundary approx (BLM quarter-section) | do not dig here (active claim)", "stroke": "#ff3300", "stroke-width": 2, "fill": "#ff3300", "fill-opacity": 0.05, "stroke-dasharray": "1,6"}}, {"type": "Feature", "geometry": {"type": "Polygon", "coordinates": [[[-122.98949904400143, 42.60715835857301], [-122.98455960027644, 42.60726335003496], [-122.98454759966378, 42.60364504179859], [-122.98453559905134, 42.600026734562164], [-122.98946931978344, 42.59996913110397], [-122.99447090352548, 42.59991052763943], [-122.99454315613893, 42.60348111286705], [-122.99457568674644, 42.60705072609818], [-122.98949904400143, 42.60715835857301]]]}, "properties": {"title": "New_Sham_W_13", "description": "lode | serial OR105803737 | 20.66 ac | Filed | qtr-sec OR 33 0340S 0020W 019 A NW | recorded~2022 (DB date, not legal located date) | src: BLM MLRS Not Closed | boundary approx (BLM quarter-section) | do not dig here (active claim)", "stroke": "#ff3300", "stroke-width": 2, "fill": "#ff3300", "fill-opacity": 0.05, "stroke-dasharray": "1,6"}}, {"type": "Feature", "geometry": {"type": "Polygon", "coordinates": [[[-122.98451114980314, 42.59264959108006], [-122.98452337442721, 42.596338176321105], [-122.98453559905134, 42.600026734562164], [-122.97954168131021, 42.600084810025905], [-122.97454773656882, 42.60014266448965], [-122.97454342614621, 42.59764185432576], [-122.97454151395881, 42.596532302253046], [-122.97453529334885, 42.59292196701639], [-122.97454233734992, 42.592921775015775], [-122.97952320807606, 42.59278577954825], [-122.98451114980314, 42.59264959108006]]]}, "properties": {"title": "New_Sham_W_12", "description": "lode | serial OR105803736 | 20.66 ac | Active | qtr-sec OR 33 0340S 0020W 019 A SE|OR 33 0340S 0020W 019 A NWSE|OR 33 0340S 0020W 019 A SESE|OR 33 0340S 0020W 019 A NESE|OR 33 0340S 0020W 019 A SWSE | recorded~2022 (DB date, not legal located date) | src: BLM MLRS Not Closed | boundary approx (BLM quarter-section) | do not dig here (active claim)", "stroke": "#ff3300", "stroke-width": 2, "fill": "#ff3300", "fill-opacity": 0.05, "stroke-dasharray": "1,6"}}, {"type": "Feature", "geometry": {"type": "Polygon", "coordinates": [[[-122.98451114980314, 42.59264959108006], [-122.98452337442721, 42.596338176321105], [-122.98453559905134, 42.600026734562164], [-122.97954168131021, 42.600084810025905], [-122.97454773656882, 42.60014266448965], [-122.97454342614621, 42.59764185432576], [-122.97454151395881, 42.596532302253046], [-122.97453529334885, 42.59292196701639], [-122.97454233734992, 42.592921775015775], [-122.97952320807606, 42.59278577954825], [-122.98451114980314, 42.59264959108006]]]}, "properties": {"title": "New_Sham_W_11", "description": "lode | serial OR105803735 | 20.66 ac | Active | qtr-sec OR 33 0340S 0020W 019 A SE|OR 33 0340S 0020W 019 A SWSE|OR 33 0340S 0020W 019 A NWSE|OR 33 0340S 0020W 019 A SESE|OR 33 0340S 0020W 019 A NESE | recorded~2022 (DB date, not legal located date) | src: BLM MLRS Not Closed | boundary approx (BLM quarter-section) | do not dig here (active claim)", "stroke": "#ff3300", "stroke-width": 2, "fill": "#ff3300", "fill-opacity": 0.05, "stroke-dasharray": "1,6"}}, {"type": "Feature", "geometry": {"type": "Polygon", "coordinates": [[[-122.99441801291404, 42.59633396940966], [-122.99447090352548, 42.59991052763943], [-122.98946931978344, 42.59996913110397], [-122.98453559905134, 42.600026734562164], [-122.98452337442721, 42.596338176321105], [-122.98451114980314, 42.59264959108006], [-122.98943812055305, 42.59270351462994], [-122.99436512230275, 42.59275741117979], [-122.99436516030318, 42.59275995317995], [-122.99441801291404, 42.59633396940966]]]}, "properties": {"title": "New_Sham_W_10", "description": "lode | serial OR105803734 | 20.66 ac | Active | qtr-sec OR 33 0340S 0020W 019 A SW | recorded~2022 (DB date, not legal located date) | src: BLM MLRS Not Closed | boundary approx (BLM quarter-section) | do not dig here (active claim)", "stroke": "#ff3300", "stroke-width": 2, "fill": "#ff3300", "fill-opacity": 0.05, "stroke-dasharray": "1,6"}}, {"type": "Feature", "geometry": {"type": "Polygon", "coordinates": [[[-122.98451114980314, 42.59264959108006], [-122.98452337442721, 42.596338176321105], [-122.98453559905134, 42.600026734562164], [-122.97954168131021, 42.600084810025905], [-122.97454773656882, 42.60014266448965], [-122.97454342614621, 42.59764185432576], [-122.97454151395881, 42.596532302253046], [-122.97453529334885, 42.59292196701639], [-122.97454233734992, 42.592921775015775], [-122.97952320807606, 42.59278577954825], [-122.98451114980314, 42.59264959108006]]]}, "properties": {"title": "New_Sham_W_9", "description": "lode | serial OR105803733 | 20.66 ac | Active | qtr-sec OR 33 0340S 0020W 019 A SE | recorded~2022 (DB date, not legal located date) | src: BLM MLRS Not Closed | boundary approx (BLM quarter-section) | do not dig here (active claim)", "stroke": "#ff3300", "stroke-width": 2, "fill": "#ff3300", "fill-opacity": 0.05, "stroke-dasharray": "1,6"}}, {"type": "Feature", "geometry": {"type": "Polygon", "coordinates": [[[-122.99441801291404, 42.59633396940966], [-122.99447090352548, 42.59991052763943], [-122.98946931978344, 42.59996913110397], [-122.98453559905134, 42.600026734562164], [-122.98452337442721, 42.596338176321105], [-122.98451114980314, 42.59264959108006], [-122.98943812055305, 42.59270351462994], [-122.99436512230275, 42.59275741117979], [-122.99436516030318, 42.59275995317995], [-122.99441801291404, 42.59633396940966]]]}, "properties": {"title": "New_Sham_W_7", "description": "lode | serial OR105803731 | 20.66 ac | Active | qtr-sec OR 33 0340S 0020W 019 A SW | recorded~2022 (DB date, not legal located date) | src: BLM MLRS Not Closed | boundary approx (BLM quarter-section) | do not dig here (active claim)", "stroke": "#ff3300", "stroke-width": 2, "fill": "#ff3300", "fill-opacity": 0.05, "stroke-dasharray": "1,6"}}, {"type": "Feature", "geometry": {"type": "Polygon", "coordinates": [[[-122.98451114980314, 42.59264959108006], [-122.98452337442721, 42.596338176321105], [-122.98453559905134, 42.600026734562164], [-122.97954168131021, 42.600084810025905], [-122.97454773656882, 42.60014266448965], [-122.97454342614621, 42.59764185432576], [-122.97454151395881, 42.596532302253046], [-122.97453529334885, 42.59292196701639], [-122.97454233734992, 42.592921775015775], [-122.97952320807606, 42.59278577954825], [-122.98451114980314, 42.59264959108006]]]}, "properties": {"title": "New_Sham_W_6", "description": "lode | serial OR105803730 | 20.66 ac | Active | qtr-sec OR 33 0340S 0020W 019 A SE|OR 33 0340S 0020W 019 A NWSE|OR 33 0340S 0020W 019 A SESE|OR 33 0340S 0020W 019 A NESE|OR 33 0340S 0020W 019 A SWSE | recorded~2022 (DB date, not legal located date) | src: BLM MLRS Not Closed | boundary approx (BLM quarter-section) | do not dig here (active claim)", "stroke": "#ff3300", "stroke-width": 2, "fill": "#ff3300", "fill-opacity": 0.05, "stroke-dasharray": "1,6"}}, {"type": "Feature", "geometry": {"type": "Polygon", "coordinates": [[[-122.98451114980314, 42.59264959108006], [-122.98452337442721, 42.596338176321105], [-122.98453559905134, 42.600026734562164], [-122.97954168131021, 42.600084810025905], [-122.97454773656882, 42.60014266448965], [-122.97454342614621, 42.59764185432576], [-122.97454151395881, 42.596532302253046], [-122.97453529334885, 42.59292196701639], [-122.97454233734992, 42.592921775015775], [-122.97952320807606, 42.59278577954825], [-122.98451114980314, 42.59264959108006]]]}, "properties": {"title": "New_Sham_W_5", "description": "lode | serial OR105803729 | 20.66 ac | Active | qtr-sec OR 33 0340S 0020W 019 A SE|OR 33 0340S 0020W 019 A NWSE|OR 33 0340S 0020W 019 A SESE|OR 33 0340S 0020W 019 A NESE|OR 33 0340S 0020W 019 A SWSE | recorded~2022 (DB date, not legal located date) | src: BLM MLRS Not Closed | boundary approx (BLM quarter-section) | do not dig here (active claim)", "stroke": "#ff3300", "stroke-width": 2, "fill": "#ff3300", "fill-opacity": 0.05, "stroke-dasharray": "1,6"}}, {"type": "Feature", "geometry": {"type": "Polygon", "coordinates": [[[-122.98943812055305, 42.59270351462994], [-122.99436512230275, 42.59275741117979], [-122.99436516030318, 42.59275995317995], [-122.99441801291404, 42.59633396940966], [-122.99447090352548, 42.59991052763943], [-122.99454315613893, 42.60348111286705], [-122.99457568674644, 42.60705072609818], [-122.98949904400143, 42.60715835857301], [-122.98455960027644, 42.60726335003496], [-122.98455705927606, 42.6072633990352], [-122.97962004554988, 42.607359618496346], [-122.97468049082313, 42.607455915957686], [-122.97468044582271, 42.6074533749575], [-122.97461551619699, 42.60380460872392], [-122.97454773656882, 42.60014266448965], [-122.97454342614621, 42.59764185432576], [-122.97454151395881, 42.596532302253046], [-122.97453529334885, 42.59292196701639], [-122.97454233734992, 42.592921775015775], [-122.97952320807606, 42.59278577954825], [-122.98451114980314, 42.59264959108006], [-122.98943812055305, 42.59270351462994]]]}, "properties": {"title": "New_Sham_W_4", "description": "lode | serial OR105803728 | 20.66 ac | Active | qtr-sec OR 33 0340S 0020W 019 A SW|OR 33 0340S 0020W 019 A SESW|OR 33 0340S 0020W 019 A Unnumbered Lot null|OR 33 0340S 0020W 019 A Unnumbered Lot null|OR 33 0340S 0020W 019 A NESW | recorded~2022 (DB date, not legal located date) | src: BLM MLRS Not Closed | boundary approx (BLM quarter-section) | do not dig here (active claim)", "stroke": "#ff3300", "stroke-width": 2, "fill": "#ff3300", "fill-opacity": 0.05, "stroke-dasharray": "1,6"}}, {"type": "Feature", "geometry": {"type": "Polygon", "coordinates": [[[-122.98451114980314, 42.59264959108006], [-122.98452337442721, 42.596338176321105], [-122.98453559905134, 42.600026734562164], [-122.97954168131021, 42.600084810025905], [-122.97454773656882, 42.60014266448965], [-122.97454342614621, 42.59764185432576], [-122.97454151395881, 42.596532302253046], [-122.97453529334885, 42.59292196701639], [-122.97454233734992, 42.592921775015775], [-122.97952320807606, 42.59278577954825], [-122.98451114980314, 42.59264959108006]]]}, "properties": {"title": "New_Sham_W_8", "description": "lode | serial OR105803732 | 20.66 ac | Active | qtr-sec OR 33 0340S 0020W 019 A SE | recorded~2022 (DB date, not legal located date) | src: BLM MLRS Not Closed | boundary approx (BLM quarter-section) | do not dig here (active claim)", "stroke": "#ff3300", "stroke-width": 2, "fill": "#ff3300", "fill-opacity": 0.05, "stroke-dasharray": "1,6"}}, {"type": "Feature", "geometry": {"type": "Polygon", "coordinates": [[[-122.98451114980314, 42.59264959108006], [-122.98452337442721, 42.596338176321105], [-122.98453559905134, 42.600026734562164], [-122.97954168131021, 42.600084810025905], [-122.97454773656882, 42.60014266448965], [-122.97454342614621, 42.59764185432576], [-122.97454151395881, 42.596532302253046], [-122.97453529334885, 42.59292196701639], [-122.97454233734992, 42.592921775015775], [-122.97952320807606, 42.59278577954825], [-122.98451114980314, 42.59264959108006]]]}, "properties": {"title": "New_Sham_W_3", "description": "lode | serial OR105803727 | 20.66 ac | Active | qtr-sec OR 33 0340S 0020W 019 A SE|OR 33 0340S 0020W 019 A NESE|OR 33 0340S 0020W 019 A NWSE|OR 33 0340S 0020W 019 A SESE|OR 33 0340S 0020W 019 A SWSE | recorded~2022 (DB date, not legal located date) | src: BLM MLRS Not Closed | boundary approx (BLM quarter-section) | do not dig here (active claim)", "stroke": "#ff3300", "stroke-width": 2, "fill": "#ff3300", "fill-opacity": 0.05, "stroke-dasharray": "1,6"}}, {"type": "Feature", "geometry": {"type": "Polygon", "coordinates": [[[-122.98451114980314, 42.59264959108006], [-122.98452337442721, 42.596338176321105], [-122.98453559905134, 42.600026734562164], [-122.97954168131021, 42.600084810025905], [-122.97454773656882, 42.60014266448965], [-122.97454342614621, 42.59764185432576], [-122.97454151395881, 42.596532302253046], [-122.97453529334885, 42.59292196701639], [-122.97454233734992, 42.592921775015775], [-122.97952320807606, 42.59278577954825], [-122.98451114980314, 42.59264959108006]]]}, "properties": {"title": "New_Sham_W_2", "description": "lode | serial OR105803726 | 20.66 ac | Active | qtr-sec OR 33 0340S 0020W 019 A SE|OR 33 0340S 0020W 019 A NWSE|OR 33 0340S 0020W 019 A SESE|OR 33 0340S 0020W 019 A NESE|OR 33 0340S 0020W 019 A SWSE | recorded~2022 (DB date, not legal located date) | src: BLM MLRS Not Closed | boundary approx (BLM quarter-section) | do not dig here (active claim)", "stroke": "#ff3300", "stroke-width": 2, "fill": "#ff3300", "fill-opacity": 0.05, "stroke-dasharray": "1,6"}}, {"type": "Feature", "geometry": {"type": "Polygon", "coordinates": [[[-122.98943812055305, 42.59270351462994], [-122.99436512230275, 42.59275741117979], [-122.99436516030318, 42.59275995317995], [-122.99441801291404, 42.59633396940966], [-122.99447090352548, 42.59991052763943], [-122.99454315613893, 42.60348111286705], [-122.99457568674644, 42.60705072609818], [-122.98949904400143, 42.60715835857301], [-122.98455960027644, 42.60726335003496], [-122.98455705927606, 42.6072633990352], [-122.97962004554988, 42.607359618496346], [-122.97468049082313, 42.607455915957686], [-122.97468044582271, 42.6074533749575], [-122.97461551619699, 42.60380460872392], [-122.97454773656882, 42.60014266448965], [-122.97454342614621, 42.59764185432576], [-122.97454151395881, 42.596532302253046], [-122.97453529334885, 42.59292196701639], [-122.97454233734992, 42.592921775015775], [-122.97952320807606, 42.59278577954825], [-122.98451114980314, 42.59264959108006], [-122.98943812055305, 42.59270351462994]]]}, "properties": {"title": "New_Sham_W_1", "description": "lode | serial OR105803725 | 20.66 ac | Active | qtr-sec OR 33 0340S 0020W 019 A SW|OR 33 0340S 0020W 019 A NESW|OR 33 0340S 0020W 019 A SESW|OR 33 0340S 0020W 019 A Unnumbered Lot null|OR 33 0340S 0020W 019 A Unnumbered Lot null | recorded~2022 (DB date, not legal located date) | src: BLM MLRS Not Closed | boundary approx (BLM quarter-section) | do not dig here (active claim)", "stroke": "#ff3300", "stroke-width": 2, "fill": "#ff3300", "fill-opacity": 0.05, "stroke-dasharray": "1,6"}}, {"type": "Feature", "geometry": {"type": "Polygon", "coordinates": [[[-122.96988976333145, 42.61473398487699], [-122.97474137305873, 42.614718524428895], [-122.97477406267724, 42.618350519664254], [-122.97475438728807, 42.62198279190444], [-122.97475416029509, 42.62202461490722], [-122.96991040956749, 42.62203129735412], [-122.96506665883973, 42.62203800880106], [-122.96504932622305, 42.61840378656401], [-122.96503199560647, 42.614769564326934], [-122.96988976333145, 42.61473398487699]]]}, "properties": {"title": "New_Sham_E_9", "description": "lode | serial OR105803724 | 20.66 ac | Active | qtr-sec OR 33 0340S 0020W 017 A NW | recorded~2022 (DB date, not legal located date) | src: BLM MLRS Not Closed | boundary approx (BLM quarter-section) | do not dig here (active claim)", "stroke": "#ff3300", "stroke-width": 2, "fill": "#ff3300", "fill-opacity": 0.05, "stroke-dasharray": "1,6"}}, {"type": "Feature", "geometry": {"type": "Polygon", "coordinates": [[[-122.97467605082244, 42.60745592095812], [-122.97468049082313, 42.607455915957686], [-122.97470870644038, 42.61108655319347], [-122.97474137305873, 42.614718524428895], [-122.96988976333145, 42.61473398487699], [-122.96503199560647, 42.614769564326934], [-122.96501466298717, 42.611117758088675], [-122.96499730136799, 42.60746600785041], [-122.96983888309562, 42.60746096140407], [-122.97467605082244, 42.60745592095812]]]}, "properties": {"title": "New_Sham_E_8", "description": "lode | serial OR105803723 | 20.66 ac | Active | qtr-sec OR 33 0340S 0020W 017 A SW|OR 33 0340S 0020W 017 A NESW|OR 33 0340S 0020W 017 A NWSW|OR 33 0340S 0020W 017 A SESW|OR 33 0340S 0020W 017 A SWSW | recorded~2022 (DB date, not legal located date) | src: BLM MLRS Not Closed | boundary approx (BLM quarter-section) | do not dig here (active claim)", "stroke": "#ff3300", "stroke-width": 2, "fill": "#ff3300", "fill-opacity": 0.05, "stroke-dasharray": "1,6"}}, {"type": "Feature", "geometry": {"type": "Polygon", "coordinates": [[[-122.97467605082244, 42.60745592095812], [-122.97468049082313, 42.607455915957686], [-122.97470870644038, 42.61108655319347], [-122.97474137305873, 42.614718524428895], [-122.96988976333145, 42.61473398487699], [-122.96503199560647, 42.614769564326934], [-122.96501466298717, 42.611117758088675], [-122.96499730136799, 42.60746600785041], [-122.96983888309562, 42.60746096140407], [-122.97467605082244, 42.60745592095812]]]}, "properties": {"title": "New_Sham_E_7", "description": "lode | serial OR105803722 | 20.66 ac | Active | qtr-sec OR 33 0340S 0020W 017 A SW|OR 33 0340S 0020W 017 A NESW|OR 33 0340S 0020W 017 A NWSW|OR 33 0340S 0020W 017 A SESW|OR 33 0340S 0020W 017 A SWSW | recorded~2022 (DB date, not legal located date) | src: BLM MLRS Not Closed | boundary approx (BLM quarter-section) | do not dig here (active claim)", "stroke": "#ff3300", "stroke-width": 2, "fill": "#ff3300", "fill-opacity": 0.05, "stroke-dasharray": "1,6"}}, {"type": "Feature", "geometry": {"type": "Polygon", "coordinates": [[[-122.97461551619699, 42.60380460872392], [-122.97468044582271, 42.6074533749575], [-122.97468049082313, 42.607455915957686], [-122.97467605082244, 42.60745592095812], [-122.96983888309562, 42.60746096140407], [-122.96499730136799, 42.60746600785041], [-122.964958633745, 42.60380967461371], [-122.96493486943017, 42.60196524949469], [-122.9649199941222, 42.60015333937702], [-122.96973387884557, 42.60014809893334], [-122.9745440465683, 42.60014266848996], [-122.97454773656882, 42.60014266448965], [-122.97461551619699, 42.60380460872392]]]}, "properties": {"title": "New_Sham_E_5", "description": "lode | serial OR105803720 | 20.66 ac | Active | qtr-sec OR 33 0340S 0020W 020 A NW | recorded~2022 (DB date, not legal located date) | src: BLM MLRS Not Closed | boundary approx (BLM quarter-section) | do not dig here (active claim)", "stroke": "#ff3300", "stroke-width": 2, "fill": "#ff3300", "fill-opacity": 0.05, "stroke-dasharray": "1,6"}}, {"type": "Feature", "geometry": {"type": "Polygon", "coordinates": [[[-122.97467605082244, 42.60745592095812], [-122.97468049082313, 42.607455915957686], [-122.97470870644038, 42.61108655319347], [-122.97474137305873, 42.614718524428895], [-122.96988976333145, 42.61473398487699], [-122.96503199560647, 42.614769564326934], [-122.96501466298717, 42.611117758088675], [-122.96499730136799, 42.60746600785041], [-122.96983888309562, 42.60746096140407], [-122.97467605082244, 42.60745592095812]]]}, "properties": {"title": "New_Sham_E_6", "description": "lode | serial OR105803721 | 20.66 ac | Active | qtr-sec OR 33 0340S 0020W 017 A SW|OR 33 0340S 0020W 017 A NESW|OR 33 0340S 0020W 017 A NWSW|OR 33 0340S 0020W 017 A SESW|OR 33 0340S 0020W 017 A SWSW | recorded~2022 (DB date, not legal located date) | src: BLM MLRS Not Closed | boundary approx (BLM quarter-section) | do not dig here (active claim)", "stroke": "#ff3300", "stroke-width": 2, "fill": "#ff3300", "fill-opacity": 0.05, "stroke-dasharray": "1,6"}}, {"type": "Feature", "geometry": {"type": "Polygon", "coordinates": [[[-122.97461551619699, 42.60380460872392], [-122.97468044582271, 42.6074533749575], [-122.97468049082313, 42.607455915957686], [-122.97467605082244, 42.60745592095812], [-122.96983888309562, 42.60746096140407], [-122.96499730136799, 42.60746600785041], [-122.964958633745, 42.60380967461371], [-122.96493486943017, 42.60196524949469], [-122.9649199941222, 42.60015333937702], [-122.96973387884557, 42.60014809893334], [-122.9745440465683, 42.60014266848996], [-122.97454773656882, 42.60014266448965], [-122.97461551619699, 42.60380460872392]]]}, "properties": {"title": "New_Sham_E_4", "description": "lode | serial OR105803719 | 20.66 ac | Active | qtr-sec OR 33 0340S 0020W 020 A NW | recorded~2022 (DB date, not legal located date) | src: BLM MLRS Not Closed | boundary approx (BLM quarter-section) | do not dig here (active claim)", "stroke": "#ff3300", "stroke-width": 2, "fill": "#ff3300", "fill-opacity": 0.05, "stroke-dasharray": "1,6"}}, {"type": "Feature", "geometry": {"type": "Polygon", "coordinates": [[[-122.97461551619699, 42.60380460872392], [-122.97468044582271, 42.6074533749575], [-122.97468049082313, 42.607455915957686], [-122.97467605082244, 42.60745592095812], [-122.96983888309562, 42.60746096140407], [-122.96499730136799, 42.60746600785041], [-122.964958633745, 42.60380967461371], [-122.96493486943017, 42.60196524949469], [-122.9649199941222, 42.60015333937702], [-122.96973387884557, 42.60014809893334], [-122.9745440465683, 42.60014266848996], [-122.97454773656882, 42.60014266448965], [-122.97461551619699, 42.60380460872392]]]}, "properties": {"title": "New_Sham_E_3", "description": "lode | serial OR105803718 | 20.66 ac | Active | qtr-sec OR 33 0340S 0020W 020 A NW | recorded~2022 (DB date, not legal located date) | src: BLM MLRS Not Closed | boundary approx (BLM quarter-section) | do not dig here (active claim)", "stroke": "#ff3300", "stroke-width": 2, "fill": "#ff3300", "fill-opacity": 0.05, "stroke-dasharray": "1,6"}}, {"type": "Feature", "geometry": {"type": "Polygon", "coordinates": [[[-122.97461551619699, 42.60380460872392], [-122.97468044582271, 42.6074533749575], [-122.97468049082313, 42.607455915957686], [-122.97467605082244, 42.60745592095812], [-122.96983888309562, 42.60746096140407], [-122.96499730136799, 42.60746600785041], [-122.964958633745, 42.60380967461371], [-122.96493486943017, 42.60196524949469], [-122.9649199941222, 42.60015333937702], [-122.96973387884557, 42.60014809893334], [-122.9745440465683, 42.60014266848996], [-122.97454773656882, 42.60014266448965], [-122.97461551619699, 42.60380460872392]]]}, "properties": {"title": "New_Sham_E_2", "description": "lode | serial OR105803717 | 20.66 ac | Active | qtr-sec OR 33 0340S 0020W 020 A NW | recorded~2022 (DB date, not legal located date) | src: BLM MLRS Not Closed | boundary approx (BLM quarter-section) | do not dig here (active claim)", "stroke": "#ff3300", "stroke-width": 2, "fill": "#ff3300", "fill-opacity": 0.05, "stroke-dasharray": "1,6"}}, {"type": "Feature", "geometry": {"type": "Polygon", "coordinates": [[[-122.97461551619699, 42.60380460872392], [-122.97468044582271, 42.6074533749575], [-122.97468049082313, 42.607455915957686], [-122.97467605082244, 42.60745592095812], [-122.96983888309562, 42.60746096140407], [-122.96499730136799, 42.60746600785041], [-122.964958633745, 42.60380967461371], [-122.96493486943017, 42.60196524949469], [-122.9649199941222, 42.60015333937702], [-122.96973387884557, 42.60014809893334], [-122.9745440465683, 42.60014266848996], [-122.97454773656882, 42.60014266448965], [-122.97461551619699, 42.60380460872392]]]}, "properties": {"title": "New_Sham_E_1", "description": "lode | serial OR105803716 | 20.66 ac | Active | qtr-sec OR 33 0340S 0020W 020 A NW | recorded~2022 (DB date, not legal located date) | src: BLM MLRS Not Closed | boundary approx (BLM quarter-section) | do not dig here (active claim)", "stroke": "#ff3300", "stroke-width": 2, "fill": "#ff3300", "fill-opacity": 0.05, "stroke-dasharray": "1,6"}}, {"type": "Feature", "geometry": {"type": "Polygon", "coordinates": [[[-123.28917229650006, 42.67015097999496], [-123.2891720452067, 42.66842474588401], [-123.28917173488387, 42.6665249287619], [-123.2941038946162, 42.66651471730492], [-123.29625678593577, 42.666510258105475], [-123.29877165830908, 42.66650503987245], [-123.29903608234832, 42.666504505847904], [-123.29986265947356, 42.66651779677231], [-123.30410435811613, 42.66658582138422], [-123.30917260488381, 42.66666710892048], [-123.30912249549353, 42.670299328158364], [-123.30907246910284, 42.67392793639596], [-123.30904619271145, 42.6775308766297], [-123.30904538972996, 42.677640461636834], [-123.30903009412673, 42.679987226788846], [-123.30902261232063, 42.68113381786314], [-123.30676849698293, 42.68111953007092], [-123.30402461757173, 42.68110208632386], [-123.30155052620096, 42.68108638655191], [-123.29902662482223, 42.681067352784346], [-123.2941085230913, 42.68107276024001], [-123.29143600969522, 42.68108286948802], [-123.28917795036011, 42.68108860969743], [-123.28917754721816, 42.680254243643866], [-123.28917533373749, 42.67742919646254], [-123.28917374539357, 42.67540737633277], [-123.2891728551151, 42.673769782227524], [-123.28917254678602, 42.67183379810312], [-123.28917229650499, 42.67018003599684], [-123.28917229650006, 42.67015097999496]]]}, "properties": {"title": "Oro Grande", "description": "lode | serial OR105805591 | 20.66 ac | Active | qtr-sec OR 33 0350S 0050W 028 A SE|OR 33 0350S 0050W 028 A Remainder Aliquot Part NESESESE|OR 33 0350S 0050W 028 A NESE|OR 33 0350S 0050W 028 A NWSE|OR 33 0350S 0050W 028 A Remainder Aliquot Part NWSWSESE|OR 33 0350S 0050W 028 A Remainder Aliquot Part SWSWSESE|OR 33 0350S 0050W 028 A Remainder Aliquot Part NWSESESE|OR 33 0350S 0050W 028 A Remainder Aliquot Part NENESESE|OR 33 0350S 0050W 028 A Remainder Aliquot Part SENESESE|OR 33 0350S 0050W 028 A Remainder Aliquot Part NESWSESE|OR 33 0350S 0050W 028 A Remainder Aliquot Part SWSESESE|OR 33 0350S 0050W 028 A Remainder Aliquot Part NWNESESE|OR 33 0350S 0050W 028 A Remainder Aliquot Part SENWSESE|OR 33 0350S 0050W 028 A Remainder Aliquot Part NWNWSESE|OR 33 0350S 0050W 028 A Remainder Aliquot Part SWNWSESE|OR 33 0350S 0050W 028 A Remainder Aliquot Part SESWSESE|OR 33 0350S 0050W 028 A Remainder Aliquot Part SESESESE|OR 33 0350S 0050W 028 A Remainder Aliquot Part SWNESESE|OR 33 0350S 0050W 028 A SWSE|OR 33 0350S 0050W 028 A Remainder Aliquot Part NENWSESE|OR 33 0330S 0050W 028 A SE|OR 33 0330S 0050W 028 A Government Lot 16|OR 33 0330S 0050W 028 A Government Lot 15|OR 33 0330S 0050W 028 A SE|OR 33 0330S 0050W 028 A SE|OR 33 0330S 0050W 028 A SE|OR 33 0330S 0050W 028 A SE|OR 33 0330S 0050W 028 A SE|OR 33 0330S 0050W 028 A Government Lot 21|OR 33 0330S 0050W 028 A Government Lot 22|OR 33 0330S 0050W 028 A SE|OR 33 0330S 0050W 028 A SE|OR 33 0330S 0050W 028 A Government Lot 20|OR 33 0330S 0050W 028 A Government Lot 23 | recorded~2023 (DB date, not legal located date) | src: BLM MLRS Not Closed | boundary approx (BLM quarter-section) | do not dig here (active claim)", "stroke": "#ff3300", "stroke-width": 2, "fill": "#ff3300", "fill-opacity": 0.05, "stroke-dasharray": "1,6"}}, {"type": "Feature", "geometry": {"type": "Polygon", "coordinates": [[[-123.60238790727247, 42.69018174724961], [-123.60238719896135, 42.68835720413463], [-123.60484192432202, 42.68835331090667], [-123.60729662568262, 42.688349334678676], [-123.61220605140379, 42.68834146522273], [-123.61220542202493, 42.6919854864524], [-123.6122047926463, 42.69562950568201], [-123.60729742192625, 42.69564243913821], [-123.6048437415662, 42.69564890836635], [-123.60239005120607, 42.69565537359445], [-123.60238933589481, 42.693830832479506], [-123.60238862458364, 42.69200628936457], [-123.60238790727247, 42.69018174724961]]]}, "properties": {"title": "Trade Dollar", "description": "lode | serial OR105820978 | 20.66 ac | Active | qtr-sec OR 33 0330S 0080W 023 A Remainder Aliquot Part SENENE|OR 33 0330S 0080W 023 A NWNE|OR 33 0330S 0080W 023 A Remainder Aliquot Part SESENE|OR 33 0330S 0080W 023 A Remainder Aliquot Part NWNENE|OR 33 0330S 0080W 023 A Remainder Aliquot Part SWNENE|OR 33 0330S 0080W 023 A Remainder Aliquot Part NWSENE|OR 33 0330S 0080W 023 A SWNE|OR 33 0330S 0080W 023 A Remainder Aliquot Part NESENE|OR 33 0330S 0080W 023 A Remainder Aliquot Part SWSENE|OR 33 0330S 0080W 023 A Remainder Aliquot Part NENENE|OR 33 0330S 0080W 023 A NE | recorded~2023 (DB date, not legal located date) | src: BLM MLRS Not Closed | boundary approx (BLM quarter-section) | do not dig here (active claim)", "stroke": "#ff3300", "stroke-width": 2, "fill": "#ff3300", "fill-opacity": 0.05, "stroke-dasharray": "1,6"}}, {"type": "Feature", "geometry": {"type": "Polygon", "coordinates": [[[-122.97461551619699, 42.60380460872392], [-122.97468044582271, 42.6074533749575], [-122.97468049082313, 42.607455915957686], [-122.97467605082244, 42.60745592095812], [-122.96983888309562, 42.60746096140407], [-122.96499730136799, 42.60746600785041], [-122.964958633745, 42.60380967461371], [-122.96493486943017, 42.60196524949469], [-122.9649199941222, 42.60015333937702], [-122.96973387884557, 42.60014809893334], [-122.9745440465683, 42.60014266848996], [-122.97454773656882, 42.60014266448965], [-122.97461551619699, 42.60380460872392]]]}, "properties": {"title": "Sham_FE2", "description": "lode | serial OR105824625 | 20.66 ac | Active | qtr-sec OR 33 0340S 0020W 020 A NW | recorded~2023 (DB date, not legal located date) | src: BLM MLRS Not Closed | boundary approx (BLM quarter-section) | do not dig here (active claim)", "stroke": "#ff3300", "stroke-width": 2, "fill": "#ff3300", "fill-opacity": 0.05, "stroke-dasharray": "1,6"}}, {"type": "Feature", "geometry": {"type": "Polygon", "coordinates": [[[-122.97461551619699, 42.60380460872392], [-122.97468044582271, 42.6074533749575], [-122.97468049082313, 42.607455915957686], [-122.97467605082244, 42.60745592095812], [-122.96983888309562, 42.60746096140407], [-122.96499730136799, 42.60746600785041], [-122.96015558064025, 42.607471192296735], [-122.9577275022751, 42.60747287252053], [-122.95728834420909, 42.60747351056099], [-122.95531383291234, 42.60747637674304], [-122.95528847460069, 42.605652612625505], [-122.95527664028994, 42.60382187750622], [-122.95523944766767, 42.600167378269376], [-122.960079721395, 42.6001604708232], [-122.96249585075596, 42.60014499759971], [-122.9649199941222, 42.60015333937702], [-122.96973387884557, 42.60014809893334], [-122.9745440465683, 42.60014266848996], [-122.97454773656882, 42.60014266448965], [-122.97461551619699, 42.60380460872392]]]}, "properties": {"title": "Sham_FE3", "description": "lode | serial OR105824626 | 20.66 ac | Active | qtr-sec OR 33 0340S 0020W 020 A NE|OR 33 0340S 0020W 020 A NW | recorded~2023 (DB date, not legal located date) | src: BLM MLRS Not Closed | boundary approx (BLM quarter-section) | do not dig here (active claim)", "stroke": "#ff3300", "stroke-width": 2, "fill": "#ff3300", "fill-opacity": 0.05, "stroke-dasharray": "1,6"}}, {"type": "Feature", "geometry": {"type": "Polygon", "coordinates": [[[-122.97461551619699, 42.60380460872392], [-122.97468044582271, 42.6074533749575], [-122.97468049082313, 42.607455915957686], [-122.97467605082244, 42.60745592095812], [-122.96983888309562, 42.60746096140407], [-122.96499730136799, 42.60746600785041], [-122.964958633745, 42.60380967461371], [-122.96493486943017, 42.60196524949469], [-122.9649199941222, 42.60015333937702], [-122.96973387884557, 42.60014809893334], [-122.9745440465683, 42.60014266848996], [-122.97454773656882, 42.60014266448965], [-122.97461551619699, 42.60380460872392]]]}, "properties": {"title": "Sham_FE4", "description": "lode | serial OR105824627 | 20.66 ac | Active | qtr-sec OR 33 0340S 0020W 020 A NW | recorded~2023 (DB date, not legal located date) | src: BLM MLRS Not Closed | boundary approx (BLM quarter-section) | do not dig here (active claim)", "stroke": "#ff3300", "stroke-width": 2, "fill": "#ff3300", "fill-opacity": 0.05, "stroke-dasharray": "1,6"}}, {"type": "Feature", "geometry": {"type": "Polygon", "coordinates": [[[-122.97461551619699, 42.60380460872392], [-122.97468044582271, 42.6074533749575], [-122.97468049082313, 42.607455915957686], [-122.97470870644038, 42.61108655319347], [-122.97474137305873, 42.614718524428895], [-122.96988976333145, 42.61473398487699], [-122.96503199560647, 42.614769564326934], [-122.9601895228773, 42.614766969773015], [-122.95534705214793, 42.61476418221902], [-122.95533044253006, 42.61112026598109], [-122.95531385191308, 42.60748051874334], [-122.95531383291234, 42.60747637674304], [-122.95528847460069, 42.605652612625505], [-122.95527664028994, 42.60382187750622], [-122.95523944766767, 42.600167378269376], [-122.960079721395, 42.6001604708232], [-122.96249585075596, 42.60014499759971], [-122.9649199941222, 42.60015333937702], [-122.96973387884557, 42.60014809893334], [-122.9745440465683, 42.60014266848996], [-122.97454773656882, 42.60014266448965], [-122.97461551619699, 42.60380460872392]]]}, "properties": {"title": "Sham_FE5", "description": "lode | serial OR105824628 | 20.66 ac | Active | qtr-sec OR 33 0340S 0020W 020 A NE|OR 33 0340S 0020W 017 A SW|OR 33 0340S 0020W 017 A SE|OR 33 0340S 0020W 020 A NW | recorded~2023 (DB date, not legal located date) | src: BLM MLRS Not Closed | boundary approx (BLM quarter-section) | do not dig here (active claim)", "stroke": "#ff3300", "stroke-width": 2, "fill": "#ff3300", "fill-opacity": 0.05, "stroke-dasharray": "1,6"}}, {"type": "Feature", "geometry": {"type": "Polygon", "coordinates": [[[-122.97461551619699, 42.60380460872392], [-122.97468044582271, 42.6074533749575], [-122.97468049082313, 42.607455915957686], [-122.97470870644038, 42.61108655319347], [-122.97474137305873, 42.614718524428895], [-122.96988976333145, 42.61473398487699], [-122.96503199560647, 42.614769564326934], [-122.96501466298717, 42.611117758088675], [-122.96499730136799, 42.60746600785041], [-122.964958633745, 42.60380967461371], [-122.96493486943017, 42.60196524949469], [-122.9649199941222, 42.60015333937702], [-122.96973387884557, 42.60014809893334], [-122.9745440465683, 42.60014266848996], [-122.97454773656882, 42.60014266448965], [-122.97461551619699, 42.60380460872392]]]}, "properties": {"title": "Sham_FE6", "description": "lode | serial OR105824629 | 20.66 ac | Active | qtr-sec OR 33 0340S 0020W 017 A SW|OR 33 0340S 0020W 020 A NW | recorded~2023 (DB date, not legal located date) | src: BLM MLRS Not Closed | boundary approx (BLM quarter-section) | do not dig here (active claim)", "stroke": "#ff3300", "stroke-width": 2, "fill": "#ff3300", "fill-opacity": 0.05, "stroke-dasharray": "1,6"}}, {"type": "Feature", "geometry": {"type": "Polygon", "coordinates": [[[-122.97467605082244, 42.60745592095812], [-122.97468049082313, 42.607455915957686], [-122.97470870644038, 42.61108655319347], [-122.97474137305873, 42.614718524428895], [-122.96988976333145, 42.61473398487699], [-122.96503199560647, 42.614769564326934], [-122.9601895228773, 42.614766969773015], [-122.95534705214793, 42.61476418221902], [-122.95533044253006, 42.61112026598109], [-122.95531385191308, 42.60748051874334], [-122.95531383291234, 42.60747637674304], [-122.95728834420909, 42.60747351056099], [-122.9577275022751, 42.60747287252053], [-122.96015558064025, 42.607471192296735], [-122.96499730136799, 42.60746600785041], [-122.96983888309562, 42.60746096140407], [-122.97467605082244, 42.60745592095812]]]}, "properties": {"title": "Sham_FE7", "description": "lode | serial OR105824630 | 20.66 ac | Active | qtr-sec OR 33 0340S 0020W 017 A SW|OR 33 0340S 0020W 017 A SE | recorded~2023 (DB date, not legal located date) | src: BLM MLRS Not Closed | boundary approx (BLM quarter-section) | do not dig here (active claim)", "stroke": "#ff3300", "stroke-width": 2, "fill": "#ff3300", "fill-opacity": 0.05, "stroke-dasharray": "1,6"}}, {"type": "Feature", "geometry": {"type": "Polygon", "coordinates": [[[-122.97467605082244, 42.60745592095812], [-122.97468049082313, 42.607455915957686], [-122.97470870644038, 42.61108655319347], [-122.97474137305873, 42.614718524428895], [-122.96988976333145, 42.61473398487699], [-122.96503199560647, 42.614769564326934], [-122.96501466298717, 42.611117758088675], [-122.96499730136799, 42.60746600785041], [-122.96983888309562, 42.60746096140407], [-122.97467605082244, 42.60745592095812]]]}, "properties": {"title": "Sham_FE8", "description": "lode | serial OR105824631 | 20.66 ac | Active | qtr-sec OR 33 0340S 0020W 017 A SW | recorded~2023 (DB date, not legal located date) | src: BLM MLRS Not Closed | boundary approx (BLM quarter-section) | do not dig here (active claim)", "stroke": "#ff3300", "stroke-width": 2, "fill": "#ff3300", "fill-opacity": 0.05, "stroke-dasharray": "1,6"}}, {"type": "Feature", "geometry": {"type": "Polygon", "coordinates": [[[-122.97467605082244, 42.60745592095812], [-122.97468049082313, 42.607455915957686], [-122.97470870644038, 42.61108655319347], [-122.97474137305873, 42.614718524428895], [-122.96988976333145, 42.61473398487699], [-122.96503199560647, 42.614769564326934], [-122.9601895228773, 42.614766969773015], [-122.95534705214793, 42.61476418221902], [-122.95533044253006, 42.61112026598109], [-122.95531385191308, 42.60748051874334], [-122.95531383291234, 42.60747637674304], [-122.95728834420909, 42.60747351056099], [-122.9577275022751, 42.60747287252053], [-122.96015558064025, 42.607471192296735], [-122.96499730136799, 42.60746600785041], [-122.96983888309562, 42.60746096140407], [-122.97467605082244, 42.60745592095812]]]}, "properties": {"title": "Sham_FE9", "description": "lode | serial OR105824632 | 20.66 ac | Active | qtr-sec OR 33 0340S 0020W 017 A SE|OR 33 0340S 0020W 017 A SW | recorded~2023 (DB date, not legal located date) | src: BLM MLRS Not Closed | boundary approx (BLM quarter-section) | do not dig here (active claim)", "stroke": "#ff3300", "stroke-width": 2, "fill": "#ff3300", "fill-opacity": 0.05, "stroke-dasharray": "1,6"}}, {"type": "Feature", "geometry": {"type": "Polygon", "coordinates": [[[-122.97467605082244, 42.60745592095812], [-122.97468049082313, 42.607455915957686], [-122.97470870644038, 42.61108655319347], [-122.97474137305873, 42.614718524428895], [-122.96988976333145, 42.61473398487699], [-122.96503199560647, 42.614769564326934], [-122.96501466298717, 42.611117758088675], [-122.96499730136799, 42.60746600785041], [-122.96983888309562, 42.60746096140407], [-122.97467605082244, 42.60745592095812]]]}, "properties": {"title": "Sham_FE10", "description": "lode | serial OR105824633 | 20.66 ac | Active | qtr-sec OR 33 0340S 0020W 017 A SW | recorded~2023 (DB date, not legal located date) | src: BLM MLRS Not Closed | boundary approx (BLM quarter-section) | do not dig here (active claim)", "stroke": "#ff3300", "stroke-width": 2, "fill": "#ff3300", "fill-opacity": 0.05, "stroke-dasharray": "1,6"}}, {"type": "Feature", "geometry": {"type": "Polygon", "coordinates": [[[-122.97461551619699, 42.60380460872392], [-122.97468044582271, 42.6074533749575], [-122.97468049082313, 42.607455915957686], [-122.97467605082244, 42.60745592095812], [-122.96983888309562, 42.60746096140407], [-122.96499730136799, 42.60746600785041], [-122.96015558064025, 42.607471192296735], [-122.9577275022751, 42.60747287252053], [-122.95728834420909, 42.60747351056099], [-122.95531383291234, 42.60747637674304], [-122.95528847460069, 42.605652612625505], [-122.95527664028994, 42.60382187750622], [-122.95523944766767, 42.600167378269376], [-122.960079721395, 42.6001604708232], [-122.96249585075596, 42.60014499759971], [-122.9649199941222, 42.60015333937702], [-122.96973387884557, 42.60014809893334], [-122.9745440465683, 42.60014266848996], [-122.97454773656882, 42.60014266448965], [-122.97461551619699, 42.60380460872392]]]}, "properties": {"title": "Sham_FE1", "description": "lode | serial OR105824624 | 20.66 ac | Active | qtr-sec OR 33 0340S 0020W 020 A NW|OR 33 0340S 0020W 020 A NE | recorded~2023 (DB date, not legal located date) | src: BLM MLRS Not Closed | boundary approx (BLM quarter-section) | do not dig here (active claim)", "stroke": "#ff3300", "stroke-width": 2, "fill": "#ff3300", "fill-opacity": 0.05, "stroke-dasharray": "1,6"}}, {"type": "Feature", "geometry": {"type": "Polygon", "coordinates": [[[-123.30902211393348, 42.68473734109448], [-123.30902161654656, 42.68834083632574], [-123.30903598016715, 42.69197480355753], [-123.30904395578693, 42.695608604789825], [-123.30410343905318, 42.69561631924805], [-123.29916292231941, 42.69562405870617], [-123.29414151356302, 42.69557088516795], [-123.28911516080599, 42.69551873763017], [-123.28912799828626, 42.692454021432134], [-123.28913049019371, 42.691908184396894], [-123.28913596999074, 42.69071062031943], [-123.28917320958568, 42.68829763116101], [-123.2891755649728, 42.68469310692927], [-123.28917795036011, 42.68108860969743], [-123.29143600969522, 42.68108286948802], [-123.2941085230913, 42.68107276024001], [-123.29902662482223, 42.681067352784346], [-123.30155052620096, 42.68108638655191], [-123.30402461757173, 42.68110208632386], [-123.30676849698293, 42.68111953007092], [-123.30902261232063, 42.68113381786314], [-123.30902211393348, 42.68473734109448]]]}, "properties": {"title": "Blalock", "description": "lode | serial OR105832353 | 20.66 ac | Active | qtr-sec OR 33 0330S 0050W 021 A SW|OR 33 0330S 0050W 021 A NWSW|OR 33 0330S 0050W 021 A Government Lot 6|OR 33 0330S 0050W 021 A Government Lot 1|OR 33 0330S 0050W 021 A SW|OR 33 0330S 0050W 021 A SW|OR 33 0330S 0050W 021 A Government Lot 2|OR 33 0330S 0050W 021 A Government Lot 3|OR 33 0330S 0050W 021 A SW | recorded~2023 (DB date, not legal located date) | src: BLM MLRS Not Closed | boundary approx (BLM quarter-section) | do not dig here (active claim)", "stroke": "#ff3300", "stroke-width": 2, "fill": "#ff3300", "fill-opacity": 0.05, "stroke-dasharray": "1,6"}}, {"type": "Feature", "geometry": {"type": "Polygon", "coordinates": [[[-123.17667554068275, 42.21482516662299], [-123.18144454139082, 42.21481056818924], [-123.18621356509873, 42.214795968755475], [-123.1909825428065, 42.21478139332168], [-123.1908630783819, 42.218392666571006], [-123.19074361295742, 42.22200393982026], [-123.19062414853317, 42.22561521306946], [-123.19050466010899, 42.22922648631862], [-123.1880809977493, 42.22923394953924], [-123.18565733538951, 42.2292414117598], [-123.18080998666868, 42.229248979200484], [-123.1794955174805, 42.229295539322905], [-123.1781810252923, 42.22934210044533], [-123.17686655710415, 42.22938866056779], [-123.17555208791592, 42.22943522069021], [-123.17292310353947, 42.22952834193505], [-123.17029414316302, 42.22962146217996], [-123.17035044086755, 42.2277729730527], [-123.17040673857213, 42.22592446092542], [-123.17046302527673, 42.22407597179817], [-123.17051931198141, 42.2222274826709], [-123.17119279749241, 42.21864033037273], [-123.17120730648188, 42.21856291536627], [-123.17190630597453, 42.21483976505675], [-123.17667554068275, 42.21482516662299]]]}, "properties": {"title": "The Regal Eagle", "description": "lode | serial OR105838301 | 20.66 ac | Active | qtr-sec OR 33 0380S 0040W 033 A NWSE|OR 33 0380S 0040W 033 A Government Lot 6|OR 33 0380S 0040W 033 A NESE|OR 33 0380S 0040W 033 A SWSE|OR 33 0380S 0040W 033 A Government Lot 5|OR 33 0380S 0040W 033 A SESE|OR 33 0380S 0040W 033 A SE | recorded~2023 (DB date, not legal located date) | src: BLM MLRS Not Closed | boundary approx (BLM quarter-section) | do not dig here (active claim)", "stroke": "#ff3300", "stroke-width": 2, "fill": "#ff3300", "fill-opacity": 0.05, "stroke-dasharray": "1,6"}}, {"type": "Feature", "geometry": {"type": "Polygon", "coordinates": [[[-123.27823974218428, 42.440528474155606], [-123.27822570278543, 42.444138513391636], [-123.27821073238651, 42.447748180627634], [-123.27330750465643, 42.44774203407677], [-123.26840881692775, 42.44774066052583], [-123.26835629031699, 42.444132950295945], [-123.26833002601163, 42.442329094181034], [-123.26830373970633, 42.4405252390661], [-123.27078639007566, 42.4405259488386], [-123.27326904044494, 42.440526658611084], [-123.27823974218428, 42.440528474155606]]]}, "properties": {"title": "POWER ONE", "description": "lode | serial ORMC125999 | 20.66 ac | Active | qtr-sec OR 33 0360S 0050W 015 A NE | recorded~2021 (DB date, not legal located date) | src: BLM MLRS Not Closed | boundary approx (BLM quarter-section) | do not dig here (active claim)", "stroke": "#ff3300", "stroke-width": 2, "fill": "#ff3300", "fill-opacity": 0.05, "stroke-dasharray": "1,6"}}, {"type": "Feature", "geometry": {"type": "Polygon", "coordinates": [[[-123.27823974218428, 42.440528474155606], [-123.27822570278543, 42.444138513391636], [-123.27821073238651, 42.447748180627634], [-123.27330750465643, 42.44774203407677], [-123.26840881692775, 42.44774066052583], [-123.26835629031699, 42.444132950295945], [-123.26833002601163, 42.442329094181034], [-123.26830373970633, 42.4405252390661], [-123.27078639007566, 42.4405259488386], [-123.27326904044494, 42.440526658611084], [-123.27823974218428, 42.440528474155606]]]}, "properties": {"title": "POWER TWO", "description": "lode | serial ORMC126000 | 20.66 ac | Active | qtr-sec OR 33 0360S 0050W 015 A NE | recorded~2021 (DB date, not legal located date) | src: BLM MLRS Not Closed | boundary approx (BLM quarter-section) | do not dig here (active claim)", "stroke": "#ff3300", "stroke-width": 2, "fill": "#ff3300", "fill-opacity": 0.05, "stroke-dasharray": "1,6"}}, {"type": "Feature", "geometry": {"type": "Polygon", "coordinates": [[[-123.26840881692775, 42.44774066052583], [-123.26351785920552, 42.44777230297628], [-123.2586269254832, 42.44780394542668], [-123.25861016087252, 42.4441647091914], [-123.258593396262, 42.44052547295605], [-123.26102081962365, 42.44052856873378], [-123.26344307298395, 42.44052873151182], [-123.26830373970633, 42.4405252390661], [-123.26833002601163, 42.442329094181034], [-123.26835629031699, 42.444132950295945], [-123.26840881692775, 42.44774066052583]]]}, "properties": {"title": "POWER THREE", "description": "lode | serial ORMC126001 | 20.66 ac | Active | qtr-sec OR 33 0360S 0050W 014 A NW | recorded~2021 (DB date, not legal located date) | src: BLM MLRS Not Closed | boundary approx (BLM quarter-section) | do not dig here (active claim)", "stroke": "#ff3300", "stroke-width": 2, "fill": "#ff3300", "fill-opacity": 0.05, "stroke-dasharray": "1,6"}}, {"type": "Feature", "geometry": {"type": "Polygon", "coordinates": [[[-123.26840881692775, 42.44774066052583], [-123.26351785920552, 42.44777230297628], [-123.2586269254832, 42.44780394542668], [-123.25861016087252, 42.4441647091914], [-123.258593396262, 42.44052547295605], [-123.26102081962365, 42.44052856873378], [-123.26344307298395, 42.44052873151182], [-123.26830373970633, 42.4405252390661], [-123.26833002601163, 42.442329094181034], [-123.26835629031699, 42.444132950295945], [-123.26840881692775, 42.44774066052583]]]}, "properties": {"title": "POWER FOUR", "description": "lode | serial ORMC126002 | 20.66 ac | Active | qtr-sec OR 33 0360S 0050W 014 A NW | recorded~2021 (DB date, not legal located date) | src: BLM MLRS Not Closed | boundary approx (BLM quarter-section) | do not dig here (active claim)", "stroke": "#ff3300", "stroke-width": 2, "fill": "#ff3300", "fill-opacity": 0.05, "stroke-dasharray": "1,6"}}, {"type": "Feature", "geometry": {"type": "Polygon", "coordinates": [[[-123.03309647140796, 42.46942732951342], [-123.03311474501196, 42.473023386748544], [-123.03313265360318, 42.4765421139786], [-123.02821648086753, 42.476552613429924], [-123.02330033213171, 42.47656313788122], [-123.01838420039576, 42.47657362033249], [-123.01346805165971, 42.476584143783775], [-123.01346819107106, 42.47306417355172], [-123.01346830346377, 42.46943158931221], [-123.01838261620117, 42.469430842861925], [-123.02329695693838, 42.46942987541158], [-123.02819671367321, 42.46942871296246], [-123.03309647140796, 42.46942732951342]]]}, "properties": {"title": "SMUGGLER MINE", "description": "lode | serial ORMC138073 | 20.66 ac | Active | qtr-sec OR 33 0360S 0030W 002 A NW|OR 33 0360S 0030W 002 A NE | recorded~2021 (DB date, not legal located date) | src: BLM MLRS Not Closed | boundary approx (BLM quarter-section) | do not dig here (active claim)", "stroke": "#ff3300", "stroke-width": 2, "fill": "#ff3300", "fill-opacity": 0.05, "stroke-dasharray": "1,6"}}, {"type": "Feature", "geometry": {"type": "Polygon", "coordinates": [[[-123.09726369094379, 42.29445072110437], [-123.09242325721681, 42.29442983654352], [-123.09238619072504, 42.291484645352035], [-123.0923785766167, 42.2908353743097], [-123.0923426741255, 42.28789157911818], [-123.0919135200607, 42.28788769115694], [-123.09191133195291, 42.28723658011408], [-123.09674783067764, 42.287247010674704], [-123.09717912574213, 42.287247080635474], [-123.10159082440288, 42.28725574123468], [-123.10202209746731, 42.28725581119546], [-123.10643381912801, 42.28726444879463], [-123.10686509119247, 42.28726454175539], [-123.11185262693945, 42.2872756243023], [-123.11185158007103, 42.28807390735518], [-123.11183141753357, 42.290894092543475], [-123.11182981066513, 42.291692445596375], [-123.11180962512775, 42.2945126297846], [-123.106881623388, 42.294491792231774], [-123.1021041016707, 42.29447158266525], [-123.09726369094379, 42.29445072110437]]]}, "properties": {"title": "LUCKY STRIKE 3", "description": "lode | serial ORMC14005 | 20.0 ac | Active | qtr-sec OR 33 0380S 0030W 006 A SW|OR 33 0380S 0030W 006 A SE | recorded~2021 (DB date, not legal located date) | src: BLM MLRS Not Closed | boundary approx (BLM quarter-section) | do not dig here (active claim)", "stroke": "#ff3300", "stroke-width": 2, "fill": "#ff3300", "fill-opacity": 0.05, "stroke-dasharray": "1,6"}}, {"type": "Feature", "geometry": {"type": "Polygon", "coordinates": [[[-123.11185158007103, 42.28807390735518], [-123.11183141753357, 42.290894092543475], [-123.11182981066513, 42.291692445596375], [-123.11180962512775, 42.2945126297846], [-123.106881623388, 42.294491792231774], [-123.1021041016707, 42.29447158266525], [-123.10206309906893, 42.29086370843037], [-123.10202209746731, 42.28725581119546], [-123.10643381912801, 42.28726444879463], [-123.10686509119247, 42.28726454175539], [-123.11185262693945, 42.2872756243023], [-123.11185158007103, 42.28807390735518]]]}, "properties": {"title": "LUCKY STRIKE 4", "description": "lode | serial ORMC14006 | 20.66 ac | Active | qtr-sec OR 33 0380S 0030W 006 A SW | recorded~2021 (DB date, not legal located date) | src: BLM MLRS Not Closed | boundary approx (BLM quarter-section) | do not dig here (active claim)", "stroke": "#ff3300", "stroke-width": 2, "fill": "#ff3300", "fill-opacity": 0.05, "stroke-dasharray": "1,6"}}, {"type": "Feature", "geometry": {"type": "Polygon", "coordinates": [[[-123.1021041016707, 42.29447158266525], [-123.09726369094379, 42.29445072110437], [-123.09242325721681, 42.29442983654352], [-123.09238619072504, 42.291484645352035], [-123.0923785766167, 42.2908353743097], [-123.0923426741255, 42.28789157911818], [-123.0919135200607, 42.28788769115694], [-123.09191133195291, 42.28723658011408], [-123.09674783067764, 42.287247010674704], [-123.09717912574213, 42.287247080635474], [-123.10159082440288, 42.28725574123468], [-123.10202209746731, 42.28725581119546], [-123.10206309906893, 42.29086370843037], [-123.1021041016707, 42.29447158266525]]]}, "properties": {"title": "NEW LUCKY STRIKE 1", "description": "lode | serial ORMC147951 | 20.66 ac | Active | qtr-sec OR 33 0380S 0030W 006 A SE | recorded~2021 (DB date, not legal located date) | src: BLM MLRS Not Closed | boundary approx (BLM quarter-section) | do not dig here (active claim)", "stroke": "#ff3300", "stroke-width": 2, "fill": "#ff3300", "fill-opacity": 0.05, "stroke-dasharray": "1,6"}}, {"type": "Feature", "geometry": {"type": "Polygon", "coordinates": [[[-123.1021041016707, 42.29447158266525], [-123.10214510327239, 42.29807782689994], [-123.10219451599787, 42.30242510918287], [-123.09735892526491, 42.30236342461904], [-123.09252337053185, 42.302301733055145], [-123.09247627392489, 42.29866982281922], [-123.09246817081707, 42.298024346777204], [-123.09243110432496, 42.29507766458568], [-123.09242325721681, 42.29442983654352], [-123.09238619072504, 42.291484645352035], [-123.0923785766167, 42.2908353743097], [-123.0923426741255, 42.28789157911818], [-123.0919135200607, 42.28788769115694], [-123.09191133195291, 42.28723658011408], [-123.09674783067764, 42.287247010674704], [-123.09717912574213, 42.287247080635474], [-123.10159082440288, 42.28725574123468], [-123.10202209746731, 42.28725581119546], [-123.10206309906893, 42.29086370843037], [-123.1021041016707, 42.29447158266525]]]}, "properties": {"title": "NEW LUCKY STRIKE 2", "description": "lode | serial ORMC147952 | 20.66 ac | Active | qtr-sec OR 33 0380S 0030W 006 A NE|OR 33 0380S 0030W 006 A SE | recorded~2021 (DB date, not legal located date) | src: BLM MLRS Not Closed | boundary approx (BLM quarter-section) | do not dig here (active claim)", "stroke": "#ff3300", "stroke-width": 2, "fill": "#ff3300", "fill-opacity": 0.05, "stroke-dasharray": "1,6"}}, {"type": "Feature", "geometry": {"type": "Polygon", "coordinates": [[[-123.1021041016707, 42.29447158266525], [-123.10214510327239, 42.29807782689994], [-123.10219451599787, 42.30242510918287], [-123.09735892526491, 42.30236342461904], [-123.09252337053185, 42.302301733055145], [-123.09247627392489, 42.29866982281922], [-123.09246817081707, 42.298024346777204], [-123.09243110432496, 42.29507766458568], [-123.09242325721681, 42.29442983654352], [-123.09238619072504, 42.291484645352035], [-123.0923785766167, 42.2908353743097], [-123.0923426741255, 42.28789157911818], [-123.0919135200607, 42.28788769115694], [-123.09191133195291, 42.28723658011408], [-123.09674783067764, 42.287247010674704], [-123.09717912574213, 42.287247080635474], [-123.10159082440288, 42.28725574123468], [-123.10202209746731, 42.28725581119546], [-123.10206309906893, 42.29086370843037], [-123.1021041016707, 42.29447158266525]]]}, "properties": {"title": "NEW LUCKY STRIKE 5", "description": "lode | serial ORMC147953 | 20.66 ac | Active | qtr-sec OR 33 0380S 0030W 006 A NE|OR 33 0380S 0030W 006 A SE | recorded~2021 (DB date, not legal located date) | src: BLM MLRS Not Closed | boundary approx (BLM quarter-section) | do not dig here (active claim)", "stroke": "#ff3300", "stroke-width": 2, "fill": "#ff3300", "fill-opacity": 0.05, "stroke-dasharray": "1,6"}}, {"type": "Feature", "geometry": {"type": "Polygon", "coordinates": [[[-123.10120598071764, 42.40413954398136], [-123.09638077199529, 42.4041358484223], [-123.09155706227303, 42.40413206986298], [-123.09143942865411, 42.40051881663586], [-123.09132179603534, 42.396905563408644], [-123.09621278576472, 42.396891923960766], [-123.1011037494939, 42.39687808951281], [-123.10115485110568, 42.40050881674713], [-123.10120598071764, 42.40413954398136]]]}, "properties": {"title": "YOUNG 1", "description": "lode | serial ORMC150813 | 20.66 ac | Active | qtr-sec OR 33 0360S 0030W 031 A NE | recorded~2021 (DB date, not legal located date) | src: BLM MLRS Not Closed | boundary approx (BLM quarter-section) | do not dig here (active claim)", "stroke": "#ff3300", "stroke-width": 2, "fill": "#ff3300", "fill-opacity": 0.05, "stroke-dasharray": "1,6"}}, {"type": "Feature", "geometry": {"type": "Polygon", "coordinates": [[[-123.09638077199529, 42.4041358484223], [-123.10120598071764, 42.40413954398136], [-123.10121794232627, 42.407785022220125], [-123.10122818093485, 42.41143058345899], [-123.09640247321504, 42.41144266490115], [-123.09157676549509, 42.411454774343255], [-123.091566914884, 42.407793436103134], [-123.09155706227303, 42.40413206986298], [-123.09638077199529, 42.4041358484223]]]}, "properties": {"title": "YOUNG 2", "description": "lode | serial ORMC150814 | 20.66 ac | Active | qtr-sec OR 33 0360S 0030W 030 A SE | recorded~2021 (DB date, not legal located date) | src: BLM MLRS Not Closed | boundary approx (BLM quarter-section) | do not dig here (active claim)", "stroke": "#ff3300", "stroke-width": 2, "fill": "#ff3300", "fill-opacity": 0.05, "stroke-dasharray": "1,6"}}, {"type": "Feature", "geometry": {"type": "Polygon", "coordinates": [[[-123.09638077199529, 42.4041358484223], [-123.10120598071764, 42.40413954398136], [-123.10121794232627, 42.407785022220125], [-123.10122818093485, 42.41143058345899], [-123.101241892543, 42.41506928369708], [-123.1012556321513, 42.41870801093513], [-123.0964260364346, 42.4187427583792], [-123.09159646971787, 42.418777478823316], [-123.0915866171064, 42.41511614058328], [-123.09157676549509, 42.411454774343255], [-123.091566914884, 42.407793436103134], [-123.09155706227303, 42.40413206986298], [-123.09638077199529, 42.4041358484223]]]}, "properties": {"title": "YOUNG 3", "description": "lode | serial ORMC150815 | 20.66 ac | Active | qtr-sec OR 33 0360S 0030W 030 A NE|OR 33 0360S 0030W 030 A SE | recorded~2021 (DB date, not legal located date) | src: BLM MLRS Not Closed | boundary approx (BLM quarter-section) | do not dig here (active claim)", "stroke": "#ff3300", "stroke-width": 2, "fill": "#ff3300", "fill-opacity": 0.05, "stroke-dasharray": "1,6"}}, {"type": "Feature", "geometry": {"type": "Polygon", "coordinates": [[[-123.09638077199529, 42.4041358484223], [-123.10120598071764, 42.40413954398136], [-123.10121794232627, 42.407785022220125], [-123.10122818093485, 42.41143058345899], [-123.09640247321504, 42.41144266490115], [-123.09157676549509, 42.411454774343255], [-123.091566914884, 42.407793436103134], [-123.09155706227303, 42.40413206986298], [-123.09638077199529, 42.4041358484223]]]}, "properties": {"title": "BRISTOL SILICA LODE", "description": "lode | serial ORMC150818 | 20.66 ac | Active | qtr-sec OR 33 0360S 0030W 030 A SE | recorded~2021 (DB date, not legal located date) | src: BLM MLRS Not Closed | boundary approx (BLM quarter-section) | do not dig here (active claim)", "stroke": "#ff3300", "stroke-width": 2, "fill": "#ff3300", "fill-opacity": 0.05, "stroke-dasharray": "1,6"}}, {"type": "Feature", "geometry": {"type": "Polygon", "coordinates": [[[-123.53816330640701, 42.49871918803477], [-123.54301351911225, 42.49866312258492], [-123.5429775263076, 42.499856898664426], [-123.5429038567074, 42.502300309827184], [-123.54279114330313, 42.50594292207007], [-123.53798698559662, 42.50595137451281], [-123.53318282689003, 42.50595982695551], [-123.5284516612016, 42.506013191394366], [-123.52372051851303, 42.50606653383321], [-123.52369683890649, 42.50247896260618], [-123.52367950046248, 42.499852044439855], [-123.52367315930016, 42.49889136837908], [-123.52849312700097, 42.498833322931866], [-123.53331311770168, 42.49877525448466], [-123.53816330640701, 42.49871918803477]]]}, "properties": {"title": "ECLIPSE", "description": "lode | serial ORMC152569 | 20.66 ac | Active | qtr-sec OR 33 0350S 0070W 028 A NW|OR 33 0350S 0070W 028 A NE | recorded~2021 (DB date, not legal located date) | src: BLM MLRS Not Closed | boundary approx (BLM quarter-section) | do not dig here (active claim)", "stroke": "#ff3300", "stroke-width": 2, "fill": "#ff3300", "fill-opacity": 0.05, "stroke-dasharray": "1,6"}}, {"type": "Feature", "geometry": {"type": "Polygon", "coordinates": [[[-123.52367315930016, 42.49889136837908], [-123.52849312700097, 42.498833322931866], [-123.53331311770168, 42.49877525448466], [-123.53329353988019, 42.49985486655544], [-123.53324825129327, 42.50235232471912], [-123.53318282689003, 42.50595982695551], [-123.5284516612016, 42.506013191394366], [-123.52372051851303, 42.50606653383321], [-123.52369683890649, 42.50247896260618], [-123.52367950046248, 42.499852044439855], [-123.52367315930016, 42.49889136837908]]]}, "properties": {"title": "IRON HORSE", "description": "lode | serial ORMC153884 | 20.66 ac | Active | qtr-sec OR 33 0350S 0070W 028 A NE | recorded~2021 (DB date, not legal located date) | src: BLM MLRS Not Closed | boundary approx (BLM quarter-section) | do not dig here (active claim)", "stroke": "#ff3300", "stroke-width": 2, "fill": "#ff3300", "fill-opacity": 0.05, "stroke-dasharray": "1,6"}}, {"type": "Feature", "geometry": {"type": "Polygon", "coordinates": [[[-123.19962464119327, 42.378786483321036], [-123.19965109080569, 42.38244605055831], [-123.19967759741894, 42.38611014379584], [-123.19970445804101, 42.38982551003664], [-123.19477019130274, 42.389808094486625], [-123.1898359495643, 42.389790720936546], [-123.18985827595367, 42.38609997969274], [-123.18988016034957, 42.38244769145142], [-123.18991929574413, 42.378770930206855], [-123.18995843013889, 42.37509416896227], [-123.19477831086004, 42.37511055752298], [-123.19959819158102, 42.37512694608368], [-123.19962464119327, 42.378786483321036]]]}, "properties": {"title": "PASHA", "description": "lode | serial ORMC155120 | 20.66 ac | Active | qtr-sec OR 33 0370S 0040W 005 A NE|OR 33 0370S 0040W 005 A SE | recorded~2021 (DB date, not legal located date) | src: BLM MLRS Not Closed | boundary approx (BLM quarter-section) | do not dig here (active claim)", "stroke": "#ff3300", "stroke-width": 2, "fill": "#ff3300", "fill-opacity": 0.05, "stroke-dasharray": "1,6"}}, {"type": "Feature", "geometry": {"type": "Polygon", "coordinates": [[[-123.25199960031775, 42.284204822343874], [-123.25444072867725, 42.28418460912027], [-123.2544316989792, 42.28602110224157], [-123.25442267028126, 42.287857595362794], [-123.2519876259237, 42.28788459958633], [-123.25199361362068, 42.286044710465106], [-123.25199960031775, 42.284204822343874]]]}, "properties": {"title": "GOLD STANDARD", "description": "lode | serial ORMC155266 | 40.0 ac | Active | qtr-sec OR 33 0380S 0050W 011 A W2NENE | recorded~2021 (DB date, not legal located date) | src: BLM MLRS Not Closed | boundary approx (BLM quarter-section) | do not dig here (active claim)", "stroke": "#ff3300", "stroke-width": 2, "fill": "#ff3300", "fill-opacity": 0.05, "stroke-dasharray": "1,6"}}, {"type": "Feature", "geometry": {"type": "Polygon", "coordinates": [[[-123.27925056111162, 42.68831680708108], [-123.27925503772168, 42.69189799831078], [-123.27925954433186, 42.69547919054048], [-123.2792336319518, 42.69914332677829], [-123.27922758043381, 42.7], [-123.25924172773975, 42.7], [-123.25923472394011, 42.69895309961854], [-123.2592099923086, 42.69526476838364], [-123.26425084708674, 42.69542338892696], [-123.26929167586472, 42.6955819794703], [-123.26927889024614, 42.691958621238555], [-123.26927007082043, 42.689464186078965], [-123.26926607762773, 42.68833523400675], [-123.27102951288985, 42.688332030843256], [-123.2742583203698, 42.688326131543896], [-123.27925056111162, 42.68831680708108]]]}, "properties": {"title": "OLYMPIA", "description": "lode | serial ORMC157633 | 19.69 ac | Active | qtr-sec OR 33 0330S 0050W 014 A SW|OR 33 0330S 0050W 015 A SE|OR 33 0330S 0050W 022 A NE | recorded~2021 (DB date, not legal located date) | src: BLM MLRS Not Closed | boundary approx (BLM quarter-section) | do not dig here (active claim)", "stroke": "#ff3300", "stroke-width": 2, "fill": "#ff3300", "fill-opacity": 0.05, "stroke-dasharray": "1,6"}}, {"type": "Feature", "geometry": {"type": "Polygon", "coordinates": [[[-123.07273291718856, 42.49833950777949], [-123.07269110058681, 42.494785417550055], [-123.07264930698514, 42.49123132732064], [-123.07757956672425, 42.49123512186856], [-123.08004470809372, 42.491237007642546], [-123.08250982546319, 42.4912389164165], [-123.08253865106757, 42.49482062064883], [-123.08256747567208, 42.49840234788108], [-123.07765018493038, 42.498370916330295], [-123.07273291718856, 42.49833950777949]]]}, "properties": {"title": "BASEMENT", "description": "lode | serial ORMC160081 | 20.66 ac | Active | qtr-sec OR 33 0350S 0030W 029 A SE | recorded~2021 (DB date, not legal located date) | src: BLM MLRS Not Closed | boundary approx (BLM quarter-section) | do not dig here (active claim)", "stroke": "#ff3300", "stroke-width": 2, "fill": "#ff3300", "fill-opacity": 0.05, "stroke-dasharray": "1,6"}}, {"type": "Feature", "geometry": {"type": "Polygon", "coordinates": [[[-123.07273291718856, 42.49833950777949], [-123.07269110058681, 42.494785417550055], [-123.07264930698514, 42.49123132732064], [-123.07757956672425, 42.49123512186856], [-123.08004470809372, 42.491237007642546], [-123.08250982546319, 42.4912389164165], [-123.08253865106757, 42.49482062064883], [-123.08256747567208, 42.49840234788108], [-123.07765018493038, 42.498370916330295], [-123.07273291718856, 42.49833950777949]]]}, "properties": {"title": "BEAR SIGN", "description": "lode | serial ORMC160082 | 20.66 ac | Active | qtr-sec OR 33 0350S 0030W 029 A SE | recorded~2021 (DB date, not legal located date) | src: BLM MLRS Not Closed | boundary approx (BLM quarter-section) | do not dig here (active claim)", "stroke": "#ff3300", "stroke-width": 2, "fill": "#ff3300", "fill-opacity": 0.05, "stroke-dasharray": "1,6"}}, {"type": "Feature", "geometry": {"type": "Polygon", "coordinates": [[[-123.07273291718856, 42.49833950777949], [-123.07269110058681, 42.494785417550055], [-123.07264930698514, 42.49123132732064], [-123.07757956672425, 42.49123512186856], [-123.08004470809372, 42.491237007642546], [-123.08250982546319, 42.4912389164165], [-123.08253865106757, 42.49482062064883], [-123.08256747567208, 42.49840234788108], [-123.07765018493038, 42.498370916330295], [-123.07273291718856, 42.49833950777949]]]}, "properties": {"title": "LONE EAGLE", "description": "lode | serial ORMC160083 | 20.66 ac | Active | qtr-sec OR 33 0350S 0030W 029 A SE | recorded~2021 (DB date, not legal located date) | src: BLM MLRS Not Closed | boundary approx (BLM quarter-section) | do not dig here (active claim)", "stroke": "#ff3300", "stroke-width": 2, "fill": "#ff3300", "fill-opacity": 0.05, "stroke-dasharray": "1,6"}}, {"type": "Feature", "geometry": {"type": "Polygon", "coordinates": [[[-123.07273291718856, 42.49833950777949], [-123.07269110058681, 42.494785417550055], [-123.07264930698514, 42.49123132732064], [-123.07757956672425, 42.49123512186856], [-123.08004470809372, 42.491237007642546], [-123.08250982546319, 42.4912389164165], [-123.08253865106757, 42.49482062064883], [-123.08256747567208, 42.49840234788108], [-123.07765018493038, 42.498370916330295], [-123.07273291718856, 42.49833950777949]]]}, "properties": {"title": "POISON OAK", "description": "lode | serial ORMC160084 | 20.66 ac | Active | qtr-sec OR 33 0350S 0030W 029 A SE | recorded~2021 (DB date, not legal located date) | src: BLM MLRS Not Closed | boundary approx (BLM quarter-section) | do not dig here (active claim)", "stroke": "#ff3300", "stroke-width": 2, "fill": "#ff3300", "fill-opacity": 0.05, "stroke-dasharray": "1,6"}}, {"type": "Feature", "geometry": {"type": "Polygon", "coordinates": [[[-123.07273291718856, 42.49833950777949], [-123.07269110058681, 42.494785417550055], [-123.07264930698514, 42.49123132732064], [-123.07757956672425, 42.49123512186856], [-123.08004470809372, 42.491237007642546], [-123.08250982546319, 42.4912389164165], [-123.08253865106757, 42.49482062064883], [-123.08256747567208, 42.49840234788108], [-123.07765018493038, 42.498370916330295], [-123.07273291718856, 42.49833950777949]]]}, "properties": {"title": "STEEP SIDE", "description": "lode | serial ORMC160085 | 20.66 ac | Active | qtr-sec OR 33 0350S 0030W 029 A SE | recorded~2021 (DB date, not legal located date) | src: BLM MLRS Not Closed | boundary approx (BLM quarter-section) | do not dig here (active claim)", "stroke": "#ff3300", "stroke-width": 2, "fill": "#ff3300", "fill-opacity": 0.05, "stroke-dasharray": "1,6"}}, {"type": "Feature", "geometry": {"type": "Polygon", "coordinates": [[[-123.26425084708674, 42.69542338892696], [-123.2592099923086, 42.69526476838364], [-123.25918740169571, 42.69168293715528], [-123.25916478408296, 42.68810110592689], [-123.26421541785544, 42.68821828146683], [-123.2681906324633, 42.68831034010469], [-123.26926607762773, 42.68833523400675], [-123.27102951288985, 42.688332030843256], [-123.2742583203698, 42.688326131543896], [-123.27925056111162, 42.68831680708108], [-123.27925503772168, 42.69189799831078], [-123.27925954433186, 42.69547919054048], [-123.27427560859837, 42.695530599005394], [-123.26929167586472, 42.6955819794703], [-123.26425084708674, 42.69542338892696]]]}, "properties": {"title": "DEWEY", "description": "lode | serial ORMC161037 | 20.66 ac | Active | qtr-sec OR 33 0330S 0050W 022 A NE|OR 33 0330S 0050W 023 A NW | recorded~2021 (DB date, not legal located date) | src: BLM MLRS Not Closed | boundary approx (BLM quarter-section) | do not dig here (active claim)", "stroke": "#ff3300", "stroke-width": 2, "fill": "#ff3300", "fill-opacity": 0.05, "stroke-dasharray": "1,6"}}, {"type": "Feature", "geometry": {"type": "Polygon", "coordinates": [[[-123.26425084708674, 42.69542338892696], [-123.2592099923086, 42.69526476838364], [-123.25918740169571, 42.69168293715528], [-123.25916478408296, 42.68810110592689], [-123.26421541785544, 42.68821828146683], [-123.2681906324633, 42.68831034010469], [-123.26926607762773, 42.68833523400675], [-123.27102951288985, 42.688332030843256], [-123.2742583203698, 42.688326131543896], [-123.27925056111162, 42.68831680708108], [-123.27925503772168, 42.69189799831078], [-123.27925954433186, 42.69547919054048], [-123.27427560859837, 42.695530599005394], [-123.26929167586472, 42.6955819794703], [-123.26425084708674, 42.69542338892696]]]}, "properties": {"title": "OREL", "description": "lode | serial ORMC161038 | 20.66 ac | Active | qtr-sec OR 33 0330S 0050W 022 A NE|OR 33 0330S 0050W 023 A NW | recorded~2021 (DB date, not legal located date) | src: BLM MLRS Not Closed | boundary approx (BLM quarter-section) | do not dig here (active claim)", "stroke": "#ff3300", "stroke-width": 2, "fill": "#ff3300", "fill-opacity": 0.05, "stroke-dasharray": "1,6"}}, {"type": "Feature", "geometry": {"type": "Polygon", "coordinates": [[[-123.27925056111162, 42.68831680708108], [-123.27925503772168, 42.69189799831078], [-123.27925954433186, 42.69547919054048], [-123.27427560859837, 42.695530599005394], [-123.26929167586472, 42.6955819794703], [-123.26927889024614, 42.691958621238555], [-123.26927007082043, 42.689464186078965], [-123.26926607762773, 42.68833523400675], [-123.27102951288985, 42.688332030843256], [-123.2742583203698, 42.688326131543896], [-123.27925056111162, 42.68831680708108]]]}, "properties": {"title": "SPOTTED FAWN", "description": "lode | serial ORMC161039 | 20.66 ac | Active | qtr-sec OR 33 0330S 0050W 022 A NE | recorded~2021 (DB date, not legal located date) | src: BLM MLRS Not Closed | boundary approx (BLM quarter-section) | do not dig here (active claim)", "stroke": "#ff3300", "stroke-width": 2, "fill": "#ff3300", "fill-opacity": 0.05, "stroke-dasharray": "1,6"}}, {"type": "Feature", "geometry": {"type": "Polygon", "coordinates": [[[-123.28779472276308, 42.41152022539344], [-123.28780885935981, 42.41508631762415], [-123.2878089003615, 42.41509665962482], [-123.28780893636305, 42.41510571762545], [-123.2878231189632, 42.41869123885739], [-123.282977074245, 42.41870309130197], [-123.28240812916067, 42.418704534354134], [-123.27813079752666, 42.418715058746535], [-123.27756040844213, 42.41871654879885], [-123.27754774209662, 42.416656672665944], [-123.27753861484788, 42.41517321557021], [-123.277530884637, 42.41391541748903], [-123.27751654224635, 42.41158501533858], [-123.28239115496446, 42.41154678488987], [-123.2877946307592, 42.41149699339194], [-123.28779465976041, 42.41150442539239], [-123.28779472276308, 42.41152022539344]]]}, "properties": {"title": "AM-1", "description": "lode | serial ORMC162263 | 20.66 ac | Active | qtr-sec OR 33 0360S 0050W 027 A NW | recorded~2021 (DB date, not legal located date) | src: BLM MLRS Not Closed | boundary approx (BLM quarter-section) | do not dig here (active claim)", "stroke": "#ff3300", "stroke-width": 2, "fill": "#ff3300", "fill-opacity": 0.05, "stroke-dasharray": "1,6"}}, {"type": "Feature", "geometry": {"type": "Polygon", "coordinates": [[[-123.28779472276308, 42.41152022539344], [-123.28780885935981, 42.41508631762415], [-123.2878089003615, 42.41509665962482], [-123.28780893636305, 42.41510571762545], [-123.2878231189632, 42.41869123885739], [-123.282977074245, 42.41870309130197], [-123.28240812916067, 42.418704534354134], [-123.27813079752666, 42.418715058746535], [-123.27756040844213, 42.41871654879885], [-123.27754774209662, 42.416656672665944], [-123.27753861484788, 42.41517321557021], [-123.277530884637, 42.41391541748903], [-123.27751654224635, 42.41158501533858], [-123.28239115496446, 42.41154678488987], [-123.2877946307592, 42.41149699339194], [-123.28779465976041, 42.41150442539239], [-123.28779472276308, 42.41152022539344]]]}, "properties": {"title": "AM-2", "description": "lode | serial ORMC162264 | 20.66 ac | Active | qtr-sec OR 33 0360S 0050W 027 A NW | recorded~2021 (DB date, not legal located date) | src: BLM MLRS Not Closed | boundary approx (BLM quarter-section) | do not dig here (active claim)", "stroke": "#ff3300", "stroke-width": 2, "fill": "#ff3300", "fill-opacity": 0.05, "stroke-dasharray": "1,6"}}, {"type": "Feature", "geometry": {"type": "Polygon", "coordinates": [[[-123.28767955354543, 42.404317554935176], [-123.28770339579626, 42.405801641029605], [-123.28773010107732, 42.40746395913536], [-123.28773671414712, 42.407876860161636], [-123.28773725315286, 42.4079109811638], [-123.28773736415422, 42.40791900916434], [-123.28779437975655, 42.41148133139094], [-123.2877946307592, 42.41149699339194], [-123.28239115496446, 42.41154678488987], [-123.27751654224635, 42.41158501533858], [-123.27749465564982, 42.40802612910891], [-123.27748371235164, 42.406246685994], [-123.2774727690535, 42.40446724287912], [-123.28182944969043, 42.404403400476205], [-123.28233322576402, 42.40439601942962], [-123.286698148402, 42.40433196702598], [-123.28767955354543, 42.404317554935176]]]}, "properties": {"title": "AM-3", "description": "lode | serial ORMC162265 | 20.66 ac | Active | qtr-sec OR 33 0360S 0050W 027 A SW | recorded~2021 (DB date, not legal located date) | src: BLM MLRS Not Closed | boundary approx (BLM quarter-section) | do not dig here (active claim)", "stroke": "#ff3300", "stroke-width": 2, "fill": "#ff3300", "fill-opacity": 0.05, "stroke-dasharray": "1,6"}}, {"type": "Feature", "geometry": {"type": "Polygon", "coordinates": [[[-123.28767955354543, 42.404317554935176], [-123.28770339579626, 42.405801641029605], [-123.28773010107732, 42.40746395913536], [-123.28773671414712, 42.407876860161636], [-123.28773725315286, 42.4079109811638], [-123.28773736415422, 42.40791900916434], [-123.28779437975655, 42.41148133139094], [-123.2877946307592, 42.41149699339194], [-123.28239115496446, 42.41154678488987], [-123.27751654224635, 42.41158501533858], [-123.27749465564982, 42.40802612910891], [-123.27748371235164, 42.406246685994], [-123.2774727690535, 42.40446724287912], [-123.28182944969043, 42.404403400476205], [-123.28233322576402, 42.40439601942962], [-123.286698148402, 42.40433196702598], [-123.28767955354543, 42.404317554935176]]]}, "properties": {"title": "AM-4", "description": "lode | serial ORMC162266 | 20.66 ac | Active | qtr-sec OR 33 0360S 0050W 027 A SW | recorded~2021 (DB date, not legal located date) | src: BLM MLRS Not Closed | boundary approx (BLM quarter-section) | do not dig here (active claim)", "stroke": "#ff3300", "stroke-width": 2, "fill": "#ff3300", "fill-opacity": 0.05, "stroke-dasharray": "1,6"}}, {"type": "Feature", "geometry": {"type": "Polygon", "coordinates": [[[-123.28767955354543, 42.404317554935176], [-123.28770339579626, 42.405801641029605], [-123.28773010107732, 42.40746395913536], [-123.28773671414712, 42.407876860161636], [-123.28773725315286, 42.4079109811638], [-123.28773736415422, 42.40791900916434], [-123.28779437975655, 42.41148133139094], [-123.2877946307592, 42.41149699339194], [-123.28239115496446, 42.41154678488987], [-123.27751654224635, 42.41158501533858], [-123.27749465564982, 42.40802612910891], [-123.27748371235164, 42.406246685994], [-123.2774727690535, 42.40446724287912], [-123.28182944969043, 42.404403400476205], [-123.28233322576402, 42.40439601942962], [-123.286698148402, 42.40433196702598], [-123.28767955354543, 42.404317554935176]]]}, "properties": {"title": "AM-5", "description": "lode | serial ORMC162267 | 20.66 ac | Active | qtr-sec OR 33 0360S 0050W 027 A SW | recorded~2021 (DB date, not legal located date) | src: BLM MLRS Not Closed | boundary approx (BLM quarter-section) | do not dig here (active claim)", "stroke": "#ff3300", "stroke-width": 2, "fill": "#ff3300", "fill-opacity": 0.05, "stroke-dasharray": "1,6"}}, {"type": "Feature", "geometry": {"type": "Polygon", "coordinates": [[[-123.27506578769281, 42.404449769098264], [-123.2774727690535, 42.40446724287912], [-123.27748371235164, 42.406246685994], [-123.27749465564982, 42.40802612910891], [-123.27751654224635, 42.41158501533858], [-123.27268106753377, 42.411622524783745], [-123.26784557082107, 42.41166001122886], [-123.26784824751908, 42.40984614411041], [-123.26784824721638, 42.40802990199206], [-123.26784480061053, 42.4043973477557], [-123.2726587853321, 42.404432295317406], [-123.27506578769281, 42.404449769098264]]]}, "properties": {"title": "AM-6", "description": "lode | serial ORMC162268 | 20.66 ac | Active | qtr-sec OR 33 0360S 0050W 027 A SE | recorded~2021 (DB date, not legal located date) | src: BLM MLRS Not Closed | boundary approx (BLM quarter-section) | do not dig here (active claim)", "stroke": "#ff3300", "stroke-width": 2, "fill": "#ff3300", "fill-opacity": 0.05, "stroke-dasharray": "1,6"}}, {"type": "Feature", "geometry": {"type": "Polygon", "coordinates": [[[-123.27506578769281, 42.404449769098264], [-123.2774727690535, 42.40446724287912], [-123.27748371235164, 42.406246685994], [-123.27749465564982, 42.40802612910891], [-123.27751654224635, 42.41158501533858], [-123.27268106753377, 42.411622524783745], [-123.26784557082107, 42.41166001122886], [-123.26784824751908, 42.40984614411041], [-123.26784824721638, 42.40802990199206], [-123.26784480061053, 42.4043973477557], [-123.2726587853321, 42.404432295317406], [-123.27506578769281, 42.404449769098264]]]}, "properties": {"title": "AM-7", "description": "lode | serial ORMC162269 | 20.66 ac | Active | qtr-sec OR 33 0360S 0050W 027 A SE | recorded~2021 (DB date, not legal located date) | src: BLM MLRS Not Closed | boundary approx (BLM quarter-section) | do not dig here (active claim)", "stroke": "#ff3300", "stroke-width": 2, "fill": "#ff3300", "fill-opacity": 0.05, "stroke-dasharray": "1,6"}}, {"type": "Feature", "geometry": {"type": "Polygon", "coordinates": [[[-123.2774727690535, 42.40446724287912], [-123.27506578769281, 42.404449769098264], [-123.2726587853321, 42.404432295317406], [-123.26784480061053, 42.4043973477557], [-123.26781499801203, 42.400831290526], [-123.26778517141366, 42.397265232296284], [-123.27261931912743, 42.397235685852074], [-123.27745344284104, 42.39720613940786], [-123.27746310544723, 42.40083669064351], [-123.2774727690535, 42.40446724287912]]]}, "properties": {"title": "AM-8", "description": "lode | serial ORMC162270 | 20.66 ac | Active | qtr-sec OR 33 0360S 0050W 034 A NE | recorded~2021 (DB date, not legal located date) | src: BLM MLRS Not Closed | boundary approx (BLM quarter-section) | do not dig here (active claim)", "stroke": "#ff3300", "stroke-width": 2, "fill": "#ff3300", "fill-opacity": 0.05, "stroke-dasharray": "1,6"}}, {"type": "Feature", "geometry": {"type": "Polygon", "coordinates": [[[-123.2774727690535, 42.40446724287912], [-123.27506578769281, 42.404449769098264], [-123.2726587853321, 42.404432295317406], [-123.26784480061053, 42.4043973477557], [-123.26781499801203, 42.400831290526], [-123.26778517141366, 42.397265232296284], [-123.27261931912743, 42.397235685852074], [-123.27745344284104, 42.39720613940786], [-123.27746310544723, 42.40083669064351], [-123.2774727690535, 42.40446724287912]]]}, "properties": {"title": "AM-9", "description": "lode | serial ORMC162271 | 20.66 ac | Active | qtr-sec OR 33 0360S 0050W 034 A NE | recorded~2021 (DB date, not legal located date) | src: BLM MLRS Not Closed | boundary approx (BLM quarter-section) | do not dig here (active claim)", "stroke": "#ff3300", "stroke-width": 2, "fill": "#ff3300", "fill-opacity": 0.05, "stroke-dasharray": "1,6"}}, {"type": "Feature", "geometry": {"type": "Polygon", "coordinates": [[[-123.2774727690535, 42.40446724287912], [-123.27506578769281, 42.404449769098264], [-123.2726587853321, 42.404432295317406], [-123.26784480061053, 42.4043973477557], [-123.26781499801203, 42.400831290526], [-123.26778517141366, 42.397265232296284], [-123.27261931912743, 42.397235685852074], [-123.27745344284104, 42.39720613940786], [-123.27746310544723, 42.40083669064351], [-123.2774727690535, 42.40446724287912]]]}, "properties": {"title": "AM-10", "description": "lode | serial ORMC162272 | 20.66 ac | Active | qtr-sec OR 33 0360S 0050W 034 A NE | recorded~2021 (DB date, not legal located date) | src: BLM MLRS Not Closed | boundary approx (BLM quarter-section) | do not dig here (active claim)", "stroke": "#ff3300", "stroke-width": 2, "fill": "#ff3300", "fill-opacity": 0.05, "stroke-dasharray": "1,6"}}, {"type": "Feature", "geometry": {"type": "Polygon", "coordinates": [[[-123.27506578769281, 42.404449769098264], [-123.2774727690535, 42.40446724287912], [-123.27748371235164, 42.406246685994], [-123.27749465564982, 42.40802612910891], [-123.27751654224635, 42.41158501533858], [-123.27268106753377, 42.411622524783745], [-123.26784557082107, 42.41166001122886], [-123.26784824751908, 42.40984614411041], [-123.26784824721638, 42.40802990199206], [-123.26784480061053, 42.4043973477557], [-123.2726587853321, 42.404432295317406], [-123.27506578769281, 42.404449769098264]]]}, "properties": {"title": "AM-11", "description": "lode | serial ORMC162273 | 20.66 ac | Active | qtr-sec OR 33 0360S 0050W 027 A SE | recorded~2021 (DB date, not legal located date) | src: BLM MLRS Not Closed | boundary approx (BLM quarter-section) | do not dig here (active claim)", "stroke": "#ff3300", "stroke-width": 2, "fill": "#ff3300", "fill-opacity": 0.05, "stroke-dasharray": "1,6"}}, {"type": "Feature", "geometry": {"type": "Polygon", "coordinates": [[[-123.27506578769281, 42.404449769098264], [-123.2774727690535, 42.40446724287912], [-123.27748371235164, 42.406246685994], [-123.27749465564982, 42.40802612910891], [-123.27751654224635, 42.41158501533858], [-123.27268106753377, 42.411622524783745], [-123.26784557082107, 42.41166001122886], [-123.26784824751908, 42.40984614411041], [-123.26784824721638, 42.40802990199206], [-123.26784480061053, 42.4043973477557], [-123.2726587853321, 42.404432295317406], [-123.27506578769281, 42.404449769098264]]]}, "properties": {"title": "AM-12", "description": "lode | serial ORMC162274 | 20.66 ac | Active | qtr-sec OR 33 0360S 0050W 027 A SE | recorded~2021 (DB date, not legal located date) | src: BLM MLRS Not Closed | boundary approx (BLM quarter-section) | do not dig here (active claim)", "stroke": "#ff3300", "stroke-width": 2, "fill": "#ff3300", "fill-opacity": 0.05, "stroke-dasharray": "1,6"}}, {"type": "Feature", "geometry": {"type": "Polygon", "coordinates": [[[-123.27506578769281, 42.404449769098264], [-123.2774727690535, 42.40446724287912], [-123.27748371235164, 42.406246685994], [-123.27749465564982, 42.40802612910891], [-123.27751654224635, 42.41158501533858], [-123.27268106753377, 42.411622524783745], [-123.26784557082107, 42.41166001122886], [-123.26784824751908, 42.40984614411041], [-123.26784824721638, 42.40802990199206], [-123.26784480061053, 42.4043973477557], [-123.2726587853321, 42.404432295317406], [-123.27506578769281, 42.404449769098264]]]}, "properties": {"title": "AM-13", "description": "lode | serial ORMC162275 | 20.66 ac | Active | qtr-sec OR 33 0360S 0050W 027 A SE | recorded~2021 (DB date, not legal located date) | src: BLM MLRS Not Closed | boundary approx (BLM quarter-section) | do not dig here (active claim)", "stroke": "#ff3300", "stroke-width": 2, "fill": "#ff3300", "fill-opacity": 0.05, "stroke-dasharray": "1,6"}}, {"type": "Feature", "geometry": {"type": "Polygon", "coordinates": [[[-123.28767955354543, 42.404317554935176], [-123.28770339579626, 42.405801641029605], [-123.28773010107732, 42.40746395913536], [-123.28773671414712, 42.407876860161636], [-123.28773725315286, 42.4079109811638], [-123.28773736415422, 42.40791900916434], [-123.28779437975655, 42.41148133139094], [-123.2877946307592, 42.41149699339194], [-123.28239115496446, 42.41154678488987], [-123.27751654224635, 42.41158501533858], [-123.27749465564982, 42.40802612910891], [-123.27748371235164, 42.406246685994], [-123.2774727690535, 42.40446724287912], [-123.28182944969043, 42.404403400476205], [-123.28233322576402, 42.40439601942962], [-123.286698148402, 42.40433196702598], [-123.28767955354543, 42.404317554935176]]]}, "properties": {"title": "AM-14", "description": "lode | serial ORMC162276 | 20.66 ac | Active | qtr-sec OR 33 0360S 0050W 027 A SW | recorded~2021 (DB date, not legal located date) | src: BLM MLRS Not Closed | boundary approx (BLM quarter-section) | do not dig here (active claim)", "stroke": "#ff3300", "stroke-width": 2, "fill": "#ff3300", "fill-opacity": 0.05, "stroke-dasharray": "1,6"}}, {"type": "Feature", "geometry": {"type": "Polygon", "coordinates": [[[-123.28767955354543, 42.404317554935176], [-123.28770339579626, 42.405801641029605], [-123.28773010107732, 42.40746395913536], [-123.28773671414712, 42.407876860161636], [-123.28773725315286, 42.4079109811638], [-123.28773736415422, 42.40791900916434], [-123.28779437975655, 42.41148133139094], [-123.2877946307592, 42.41149699339194], [-123.28239115496446, 42.41154678488987], [-123.27751654224635, 42.41158501533858], [-123.27749465564982, 42.40802612910891], [-123.27748371235164, 42.406246685994], [-123.2774727690535, 42.40446724287912], [-123.28182944969043, 42.404403400476205], [-123.28233322576402, 42.40439601942962], [-123.286698148402, 42.40433196702598], [-123.28767955354543, 42.404317554935176]]]}, "properties": {"title": "AM-15", "description": "lode | serial ORMC162277 | 20.66 ac | Active | qtr-sec OR 33 0360S 0050W 027 A SW | recorded~2021 (DB date, not legal located date) | src: BLM MLRS Not Closed | boundary approx (BLM quarter-section) | do not dig here (active claim)", "stroke": "#ff3300", "stroke-width": 2, "fill": "#ff3300", "fill-opacity": 0.05, "stroke-dasharray": "1,6"}}, {"type": "Feature", "geometry": {"type": "Polygon", "coordinates": [[[-123.28779472276308, 42.41152022539344], [-123.28780885935981, 42.41508631762415], [-123.2878089003615, 42.41509665962482], [-123.28780893636305, 42.41510571762545], [-123.2878231189632, 42.41869123885739], [-123.282977074245, 42.41870309130197], [-123.28240812916067, 42.418704534354134], [-123.27813079752666, 42.418715058746535], [-123.27756040844213, 42.41871654879885], [-123.27754774209662, 42.416656672665944], [-123.27753861484788, 42.41517321557021], [-123.277530884637, 42.41391541748903], [-123.27751654224635, 42.41158501533858], [-123.28239115496446, 42.41154678488987], [-123.2877946307592, 42.41149699339194], [-123.28779465976041, 42.41150442539239], [-123.28779472276308, 42.41152022539344]]]}, "properties": {"title": "AM-16", "description": "lode | serial ORMC162278 | 20.66 ac | Active | qtr-sec OR 33 0360S 0050W 027 A NW | recorded~2021 (DB date, not legal located date) | src: BLM MLRS Not Closed | boundary approx (BLM quarter-section) | do not dig here (active claim)", "stroke": "#ff3300", "stroke-width": 2, "fill": "#ff3300", "fill-opacity": 0.05, "stroke-dasharray": "1,6"}}, {"type": "Feature", "geometry": {"type": "Polygon", "coordinates": [[[-123.28779472276308, 42.41152022539344], [-123.28780885935981, 42.41508631762415], [-123.2878089003615, 42.41509665962482], [-123.28780893636305, 42.41510571762545], [-123.2878231189632, 42.41869123885739], [-123.282977074245, 42.41870309130197], [-123.28240812916067, 42.418704534354134], [-123.27813079752666, 42.418715058746535], [-123.27756040844213, 42.41871654879885], [-123.27754774209662, 42.416656672665944], [-123.27753861484788, 42.41517321557021], [-123.277530884637, 42.41391541748903], [-123.27751654224635, 42.41158501533858], [-123.28239115496446, 42.41154678488987], [-123.2877946307592, 42.41149699339194], [-123.28779465976041, 42.41150442539239], [-123.28779472276308, 42.41152022539344]]]}, "properties": {"title": "AM-17", "description": "lode | serial ORMC162279 | 20.66 ac | Active | qtr-sec OR 33 0360S 0050W 027 A NW | recorded~2021 (DB date, not legal located date) | src: BLM MLRS Not Closed | boundary approx (BLM quarter-section) | do not dig here (active claim)", "stroke": "#ff3300", "stroke-width": 2, "fill": "#ff3300", "fill-opacity": 0.05, "stroke-dasharray": "1,6"}}, {"type": "Feature", "geometry": {"type": "Polygon", "coordinates": [[[-123.28767769053087, 42.40423210592981], [-123.28767955354543, 42.404317554935176], [-123.286698148402, 42.40433196702598], [-123.28233322576402, 42.40439601942962], [-123.28182944969043, 42.404403400476205], [-123.2774727690535, 42.40446724287912], [-123.27746310544723, 42.40083669064351], [-123.27745344284104, 42.39720613940786], [-123.27986311219675, 42.397191378186434], [-123.28227278155235, 42.39717661596498], [-123.28751987732672, 42.39714453148279], [-123.28757733276503, 42.39972479264558], [-123.28759726991692, 42.400618900701915], [-123.28759971493601, 42.40073114770902], [-123.28767769053087, 42.40423210592981]]]}, "properties": {"title": "AM-18", "description": "lode | serial ORMC162280 | 20.66 ac | Active | qtr-sec OR 33 0360S 0050W 034 A NW | recorded~2021 (DB date, not legal located date) | src: BLM MLRS Not Closed | boundary approx (BLM quarter-section) | do not dig here (active claim)", "stroke": "#ff3300", "stroke-width": 2, "fill": "#ff3300", "fill-opacity": 0.05, "stroke-dasharray": "1,6"}}, {"type": "Feature", "geometry": {"type": "Polygon", "coordinates": [[[-123.28767769053087, 42.40423210592981], [-123.28767955354543, 42.404317554935176], [-123.286698148402, 42.40433196702598], [-123.28233322576402, 42.40439601942962], [-123.28182944969043, 42.404403400476205], [-123.2774727690535, 42.40446724287912], [-123.27746310544723, 42.40083669064351], [-123.27745344284104, 42.39720613940786], [-123.27986311219675, 42.397191378186434], [-123.28227278155235, 42.39717661596498], [-123.28751987732672, 42.39714453148279], [-123.28757733276503, 42.39972479264558], [-123.28759726991692, 42.400618900701915], [-123.28759971493601, 42.40073114770902], [-123.28767769053087, 42.40423210592981]]]}, "properties": {"title": "AM-19", "description": "lode | serial ORMC162281 | 20.66 ac | Active | qtr-sec OR 33 0360S 0050W 034 A NW | recorded~2021 (DB date, not legal located date) | src: BLM MLRS Not Closed | boundary approx (BLM quarter-section) | do not dig here (active claim)", "stroke": "#ff3300", "stroke-width": 2, "fill": "#ff3300", "fill-opacity": 0.05, "stroke-dasharray": "1,6"}}, {"type": "Feature", "geometry": {"type": "Polygon", "coordinates": [[[-123.27751654224635, 42.41158501533858], [-123.277530884637, 42.41391541748903], [-123.27753861484788, 42.41517321557021], [-123.27754774209662, 42.416656672665944], [-123.27756040844213, 42.41871654879885], [-123.27322398379918, 42.418727213196654], [-123.27271268772343, 42.41872851724358], [-123.2683171940717, 42.41873932064681], [-123.2678653160053, 42.418744372688494], [-123.26785551341698, 42.41522527746019], [-123.26784557082107, 42.41166001122886], [-123.27268106753377, 42.411622524783745], [-123.27751654224635, 42.41158501533858]]]}, "properties": {"title": "AM-20", "description": "lode | serial ORMC162282 | 20.66 ac | Active | qtr-sec OR 33 0360S 0050W 027 A NE | recorded~2021 (DB date, not legal located date) | src: BLM MLRS Not Closed | boundary approx (BLM quarter-section) | do not dig here (active claim)", "stroke": "#ff3300", "stroke-width": 2, "fill": "#ff3300", "fill-opacity": 0.05, "stroke-dasharray": "1,6"}}, {"type": "Feature", "geometry": {"type": "Polygon", "coordinates": [[[-123.27506578769281, 42.404449769098264], [-123.2774727690535, 42.40446724287912], [-123.27748371235164, 42.406246685994], [-123.27749465564982, 42.40802612910891], [-123.27751654224635, 42.41158501533858], [-123.27268106753377, 42.411622524783745], [-123.26784557082107, 42.41166001122886], [-123.26784824751908, 42.40984614411041], [-123.26784824721638, 42.40802990199206], [-123.26784480061053, 42.4043973477557], [-123.2726587853321, 42.404432295317406], [-123.27506578769281, 42.404449769098264]]]}, "properties": {"title": "AM-21", "description": "lode | serial ORMC162283 | 20.66 ac | Active | qtr-sec OR 33 0360S 0050W 027 A SE | recorded~2021 (DB date, not legal located date) | src: BLM MLRS Not Closed | boundary approx (BLM quarter-section) | do not dig here (active claim)", "stroke": "#ff3300", "stroke-width": 2, "fill": "#ff3300", "fill-opacity": 0.05, "stroke-dasharray": "1,6"}}, {"type": "Feature", "geometry": {"type": "Polygon", "coordinates": [[[-123.27506578769281, 42.404449769098264], [-123.2774727690535, 42.40446724287912], [-123.27748371235164, 42.406246685994], [-123.27749465564982, 42.40802612910891], [-123.27751654224635, 42.41158501533858], [-123.27268106753377, 42.411622524783745], [-123.26784557082107, 42.41166001122886], [-123.26784824751908, 42.40984614411041], [-123.26784824721638, 42.40802990199206], [-123.26784480061053, 42.4043973477557], [-123.2726587853321, 42.404432295317406], [-123.27506578769281, 42.404449769098264]]]}, "properties": {"title": "AM-22", "description": "lode | serial ORMC162284 | 20.66 ac | Active | qtr-sec OR 33 0360S 0050W 027 A SE | recorded~2021 (DB date, not legal located date) | src: BLM MLRS Not Closed | boundary approx (BLM quarter-section) | do not dig here (active claim)", "stroke": "#ff3300", "stroke-width": 2, "fill": "#ff3300", "fill-opacity": 0.05, "stroke-dasharray": "1,6"}}, {"type": "Feature", "geometry": {"type": "Polygon", "coordinates": [[[-123.27506578769281, 42.404449769098264], [-123.2774727690535, 42.40446724287912], [-123.27748371235164, 42.406246685994], [-123.27749465564982, 42.40802612910891], [-123.27751654224635, 42.41158501533858], [-123.27268106753377, 42.411622524783745], [-123.26784557082107, 42.41166001122886], [-123.26784824751908, 42.40984614411041], [-123.26784824721638, 42.40802990199206], [-123.26784480061053, 42.4043973477557], [-123.2726587853321, 42.404432295317406], [-123.27506578769281, 42.404449769098264]]]}, "properties": {"title": "AM-23", "description": "lode | serial ORMC162285 | 20.66 ac | Active | qtr-sec OR 33 0360S 0050W 027 A SE | recorded~2021 (DB date, not legal located date) | src: BLM MLRS Not Closed | boundary approx (BLM quarter-section) | do not dig here (active claim)", "stroke": "#ff3300", "stroke-width": 2, "fill": "#ff3300", "fill-opacity": 0.05, "stroke-dasharray": "1,6"}}, {"type": "Feature", "geometry": {"type": "Polygon", "coordinates": [[[-123.27506578769281, 42.404449769098264], [-123.2774727690535, 42.40446724287912], [-123.27748371235164, 42.406246685994], [-123.27749465564982, 42.40802612910891], [-123.27751654224635, 42.41158501533858], [-123.27268106753377, 42.411622524783745], [-123.26784557082107, 42.41166001122886], [-123.26784824751908, 42.40984614411041], [-123.26784824721638, 42.40802990199206], [-123.26784480061053, 42.4043973477557], [-123.2726587853321, 42.404432295317406], [-123.27506578769281, 42.404449769098264]]]}, "properties": {"title": "AM-24", "description": "lode | serial ORMC162286 | 20.66 ac | Active | qtr-sec OR 33 0360S 0050W 027 A SE | recorded~2021 (DB date, not legal located date) | src: BLM MLRS Not Closed | boundary approx (BLM quarter-section) | do not dig here (active claim)", "stroke": "#ff3300", "stroke-width": 2, "fill": "#ff3300", "fill-opacity": 0.05, "stroke-dasharray": "1,6"}}, {"type": "Feature", "geometry": {"type": "Polygon", "coordinates": [[[-123.27506578769281, 42.404449769098264], [-123.2774727690535, 42.40446724287912], [-123.27748371235164, 42.406246685994], [-123.27749465564982, 42.40802612910891], [-123.27751654224635, 42.41158501533858], [-123.27268106753377, 42.411622524783745], [-123.26784557082107, 42.41166001122886], [-123.26784824751908, 42.40984614411041], [-123.26784824721638, 42.40802990199206], [-123.26784480061053, 42.4043973477557], [-123.2726587853321, 42.404432295317406], [-123.27506578769281, 42.404449769098264]]]}, "properties": {"title": "AM-25", "description": "lode | serial ORMC162287 | 20.66 ac | Active | qtr-sec OR 33 0360S 0050W 027 A SE | recorded~2021 (DB date, not legal located date) | src: BLM MLRS Not Closed | boundary approx (BLM quarter-section) | do not dig here (active claim)", "stroke": "#ff3300", "stroke-width": 2, "fill": "#ff3300", "fill-opacity": 0.05, "stroke-dasharray": "1,6"}}, {"type": "Feature", "geometry": {"type": "Polygon", "coordinates": [[[-123.2774727690535, 42.40446724287912], [-123.27506578769281, 42.404449769098264], [-123.2726587853321, 42.404432295317406], [-123.26784480061053, 42.4043973477557], [-123.26781499801203, 42.400831290526], [-123.26778517141366, 42.397265232296284], [-123.27261931912743, 42.397235685852074], [-123.27745344284104, 42.39720613940786], [-123.27746310544723, 42.40083669064351], [-123.2774727690535, 42.40446724287912]]]}, "properties": {"title": "AM-26", "description": "lode | serial ORMC162288 | 20.66 ac | Active | qtr-sec OR 33 0360S 0050W 034 A NE | recorded~2021 (DB date, not legal located date) | src: BLM MLRS Not Closed | boundary approx (BLM quarter-section) | do not dig here (active claim)", "stroke": "#ff3300", "stroke-width": 2, "fill": "#ff3300", "fill-opacity": 0.05, "stroke-dasharray": "1,6"}}, {"type": "Feature", "geometry": {"type": "Polygon", "coordinates": [[[-123.2774727690535, 42.40446724287912], [-123.27506578769281, 42.404449769098264], [-123.2726587853321, 42.404432295317406], [-123.26784480061053, 42.4043973477557], [-123.26781499801203, 42.400831290526], [-123.26778517141366, 42.397265232296284], [-123.27261931912743, 42.397235685852074], [-123.27745344284104, 42.39720613940786], [-123.27746310544723, 42.40083669064351], [-123.2774727690535, 42.40446724287912]]]}, "properties": {"title": "AM-27", "description": "lode | serial ORMC162289 | 20.66 ac | Active | qtr-sec OR 33 0360S 0050W 034 A NE | recorded~2021 (DB date, not legal located date) | src: BLM MLRS Not Closed | boundary approx (BLM quarter-section) | do not dig here (active claim)", "stroke": "#ff3300", "stroke-width": 2, "fill": "#ff3300", "fill-opacity": 0.05, "stroke-dasharray": "1,6"}}, {"type": "Feature", "geometry": {"type": "Polygon", "coordinates": [[[-123.2774727690535, 42.40446724287912], [-123.27506578769281, 42.404449769098264], [-123.2726587853321, 42.404432295317406], [-123.26784480061053, 42.4043973477557], [-123.26781499801203, 42.400831290526], [-123.26778517141366, 42.397265232296284], [-123.27261931912743, 42.397235685852074], [-123.27745344284104, 42.39720613940786], [-123.27746310544723, 42.40083669064351], [-123.2774727690535, 42.40446724287912]]]}, "properties": {"title": "AM-28", "description": "lode | serial ORMC162290 | 20.66 ac | Active | qtr-sec OR 33 0360S 0050W 034 A NE | recorded~2021 (DB date, not legal located date) | src: BLM MLRS Not Closed | boundary approx (BLM quarter-section) | do not dig here (active claim)", "stroke": "#ff3300", "stroke-width": 2, "fill": "#ff3300", "fill-opacity": 0.05, "stroke-dasharray": "1,6"}}, {"type": "Feature", "geometry": {"type": "Polygon", "coordinates": [[[-123.2774727690535, 42.40446724287912], [-123.27506578769281, 42.404449769098264], [-123.2726587853321, 42.404432295317406], [-123.26784480061053, 42.4043973477557], [-123.26781499801203, 42.400831290526], [-123.26778517141366, 42.397265232296284], [-123.27261931912743, 42.397235685852074], [-123.27745344284104, 42.39720613940786], [-123.27746310544723, 42.40083669064351], [-123.2774727690535, 42.40446724287912]]]}, "properties": {"title": "AM-29", "description": "lode | serial ORMC162291 | 20.66 ac | Active | qtr-sec OR 33 0360S 0050W 034 A NE | recorded~2021 (DB date, not legal located date) | src: BLM MLRS Not Closed | boundary approx (BLM quarter-section) | do not dig here (active claim)", "stroke": "#ff3300", "stroke-width": 2, "fill": "#ff3300", "fill-opacity": 0.05, "stroke-dasharray": "1,6"}}, {"type": "Feature", "geometry": {"type": "Polygon", "coordinates": [[[-123.27506578769281, 42.404449769098264], [-123.2774727690535, 42.40446724287912], [-123.27748371235164, 42.406246685994], [-123.27749465564982, 42.40802612910891], [-123.27751654224635, 42.41158501533858], [-123.27268106753377, 42.411622524783745], [-123.26784557082107, 42.41166001122886], [-123.26784824751908, 42.40984614411041], [-123.26784824721638, 42.40802990199206], [-123.26784480061053, 42.4043973477557], [-123.2726587853321, 42.404432295317406], [-123.27506578769281, 42.404449769098264]]]}, "properties": {"title": "AM-30", "description": "lode | serial ORMC162292 | 20.66 ac | Active | qtr-sec OR 33 0360S 0050W 027 A SE | recorded~2021 (DB date, not legal located date) | src: BLM MLRS Not Closed | boundary approx (BLM quarter-section) | do not dig here (active claim)", "stroke": "#ff3300", "stroke-width": 2, "fill": "#ff3300", "fill-opacity": 0.05, "stroke-dasharray": "1,6"}}, {"type": "Feature", "geometry": {"type": "Polygon", "coordinates": [[[-123.3088854370898, 42.64456882752705], [-123.30901973767526, 42.647902527728974], [-123.30902911775264, 42.64835031875689], [-123.30904843791198, 42.64927262781436], [-123.30908263818525, 42.6508528279128], [-123.30910483840542, 42.65213072799287], [-123.30405373764901, 42.65210047845801], [-123.30264723743835, 42.652092028587525], [-123.29900263689252, 42.65207022892312], [-123.29894623622566, 42.64818972867881], [-123.29889283559451, 42.64451592844743], [-123.3038891363422, 42.644542377987285], [-123.30638728671603, 42.64455560275715], [-123.3088854370898, 42.64456882752705]]]}, "properties": {"title": "WESLEY 1", "description": "lode | serial ORMC162509 | 20.66 ac | Active | qtr-sec OR 33 0340S 0050W 004 A NW | recorded~2021 (DB date, not legal located date) | src: BLM MLRS Not Closed | boundary approx (BLM quarter-section) | do not dig here (active claim)", "stroke": "#ff3300", "stroke-width": 2, "fill": "#ff3300", "fill-opacity": 0.05, "stroke-dasharray": "1,6"}}, {"type": "Feature", "geometry": {"type": "Polygon", "coordinates": [[[-123.3088854370898, 42.64456882752705], [-123.30901973767526, 42.647902527728974], [-123.30902911775264, 42.64835031875689], [-123.30904843791198, 42.64927262781436], [-123.30908263818525, 42.6508528279128], [-123.30910483840542, 42.65213072799287], [-123.30405373764901, 42.65210047845801], [-123.30264723743835, 42.652092028587525], [-123.29900263689252, 42.65207022892312], [-123.29894623622566, 42.64818972867881], [-123.29889283559451, 42.64451592844743], [-123.3038891363422, 42.644542377987285], [-123.30638728671603, 42.64455560275715], [-123.3088854370898, 42.64456882752705]]]}, "properties": {"title": "WESLEY 2", "description": "lode | serial ORMC162510 | 20.66 ac | Active | qtr-sec OR 33 0340S 0050W 004 A NW | recorded~2021 (DB date, not legal located date) | src: BLM MLRS Not Closed | boundary approx (BLM quarter-section) | do not dig here (active claim)", "stroke": "#ff3300", "stroke-width": 2, "fill": "#ff3300", "fill-opacity": 0.05, "stroke-dasharray": "1,6"}}, {"type": "Feature", "geometry": {"type": "Polygon", "coordinates": [[[-123.30250748990453, 42.63727566964753], [-123.30373333508628, 42.63727252753407], [-123.30868563582688, 42.63729672707794], [-123.30873558614256, 42.63911475219023], [-123.30878553645825, 42.64093277730254], [-123.30882653676777, 42.642721927413774], [-123.3088854370898, 42.64456882752705], [-123.30638728671603, 42.64455560275715], [-123.3038891363422, 42.644542377987285], [-123.29889283559451, 42.64451592844743], [-123.29884003497048, 42.64088257821852], [-123.29878723434665, 42.63724922798965], [-123.30003917053617, 42.637268432875196], [-123.30127332972033, 42.63727205076137], [-123.30250748990453, 42.63727566964753]]]}, "properties": {"title": "WESLEY 3", "description": "lode | serial ORMC162511 | 20.66 ac | Active | qtr-sec OR 33 0340S 0050W 004 A SW | recorded~2021 (DB date, not legal located date) | src: BLM MLRS Not Closed | boundary approx (BLM quarter-section) | do not dig here (active claim)", "stroke": "#ff3300", "stroke-width": 2, "fill": "#ff3300", "fill-opacity": 0.05, "stroke-dasharray": "1,6"}}, {"type": "Feature", "geometry": {"type": "Polygon", "coordinates": [[[-123.30250748990453, 42.63727566964753], [-123.30373333508628, 42.63727252753407], [-123.30868563582688, 42.63729672707794], [-123.30873558614256, 42.63911475219023], [-123.30878553645825, 42.64093277730254], [-123.30882653676777, 42.642721927413774], [-123.3088854370898, 42.64456882752705], [-123.30638728671603, 42.64455560275715], [-123.3038891363422, 42.644542377987285], [-123.29889283559451, 42.64451592844743], [-123.29884003497048, 42.64088257821852], [-123.29878723434665, 42.63724922798965], [-123.30003917053617, 42.637268432875196], [-123.30127332972033, 42.63727205076137], [-123.30250748990453, 42.63727566964753]]]}, "properties": {"title": "WESLEY 4", "description": "lode | serial ORMC162512 | 20.66 ac | Active | qtr-sec OR 33 0340S 0050W 004 A SW | recorded~2021 (DB date, not legal located date) | src: BLM MLRS Not Closed | boundary approx (BLM quarter-section) | do not dig here (active claim)", "stroke": "#ff3300", "stroke-width": 2, "fill": "#ff3300", "fill-opacity": 0.05, "stroke-dasharray": "1,6"}}, {"type": "Feature", "geometry": {"type": "Polygon", "coordinates": [[[-123.31638947920919, 42.644590270834726], [-123.31888605258168, 42.644598419604435], [-123.31895799821022, 42.648240240831775], [-123.31897974446744, 42.6497367829259], [-123.31899255061393, 42.650589035979465], [-123.31901591588094, 42.65214176407701], [-123.31408203214853, 42.65214858553373], [-123.31161507578224, 42.65215199476207], [-123.31064365263808, 42.652153337852006], [-123.30910483840542, 42.65213072799287], [-123.30908263818525, 42.6508528279128], [-123.30904843791198, 42.64927262781436], [-123.30902911775264, 42.64835031875689], [-123.30901973767526, 42.647902527728974], [-123.3088854370898, 42.64456882752705], [-123.31389290583658, 42.644582006064965], [-123.31638947920919, 42.644590270834726]]]}, "properties": {"title": "SPIKE BUCK", "description": "lode | serial ORMC163289 | 18.04 ac | Active | qtr-sec OR 33 0340S 0050W 005 A NE | recorded~2021 (DB date, not legal located date) | src: BLM MLRS Not Closed | boundary approx (BLM quarter-section) | do not dig here (active claim)", "stroke": "#ff3300", "stroke-width": 2, "fill": "#ff3300", "fill-opacity": 0.05, "stroke-dasharray": "1,6"}}, {"type": "Feature", "geometry": {"type": "Polygon", "coordinates": [[[-123.3088854370898, 42.64456882752705], [-123.30901973767526, 42.647902527728974], [-123.30902911775264, 42.64835031875689], [-123.30904843791198, 42.64927262781436], [-123.30908263818525, 42.6508528279128], [-123.30910483840542, 42.65213072799287], [-123.30405373764901, 42.65210047845801], [-123.30264723743835, 42.652092028587525], [-123.29900263689252, 42.65207022892312], [-123.29894623622566, 42.64818972867881], [-123.29889283559451, 42.64451592844743], [-123.3038891363422, 42.644542377987285], [-123.30638728671603, 42.64455560275715], [-123.3088854370898, 42.64456882752705]]]}, "properties": {"title": "WESLEY 5", "description": "lode | serial ORMC163290 | 20.66 ac | Active | qtr-sec OR 33 0340S 0050W 004 A NW | recorded~2021 (DB date, not legal located date) | src: BLM MLRS Not Closed | boundary approx (BLM quarter-section) | do not dig here (active claim)", "stroke": "#ff3300", "stroke-width": 2, "fill": "#ff3300", "fill-opacity": 0.05, "stroke-dasharray": "1,6"}}, {"type": "Feature", "geometry": {"type": "Polygon", "coordinates": [[[-123.30250748990453, 42.63727566964753], [-123.30373333508628, 42.63727252753407], [-123.30868563582688, 42.63729672707794], [-123.30873558614256, 42.63911475219023], [-123.30878553645825, 42.64093277730254], [-123.30882653676777, 42.642721927413774], [-123.3088854370898, 42.64456882752705], [-123.30901973767526, 42.647902527728974], [-123.30902911775264, 42.64835031875689], [-123.30904843791198, 42.64927262781436], [-123.30908263818525, 42.6508528279128], [-123.30910483840542, 42.65213072799287], [-123.30405373764901, 42.65210047845801], [-123.30264723743835, 42.652092028587525], [-123.29900263689252, 42.65207022892312], [-123.29894623622566, 42.64818972867881], [-123.29889283559451, 42.64451592844743], [-123.29884003497048, 42.64088257821852], [-123.29878723434665, 42.63724922798965], [-123.30003917053617, 42.637268432875196], [-123.30127332972033, 42.63727205076137], [-123.30250748990453, 42.63727566964753]]]}, "properties": {"title": "WESLEY 6", "description": "lode | serial ORMC163291 | 20.66 ac | Active | qtr-sec OR 33 0340S 0050W 004 A NW|OR 33 0340S 0050W 004 A SW | recorded~2021 (DB date, not legal located date) | src: BLM MLRS Not Closed | boundary approx (BLM quarter-section) | do not dig here (active claim)", "stroke": "#ff3300", "stroke-width": 2, "fill": "#ff3300", "fill-opacity": 0.05, "stroke-dasharray": "1,6"}}, {"type": "Feature", "geometry": {"type": "Polygon", "coordinates": [[[-123.30250748990453, 42.63727566964753], [-123.30373333508628, 42.63727252753407], [-123.30868563582688, 42.63729672707794], [-123.30873558614256, 42.63911475219023], [-123.30878553645825, 42.64093277730254], [-123.30882653676777, 42.642721927413774], [-123.3088854370898, 42.64456882752705], [-123.30638728671603, 42.64455560275715], [-123.3038891363422, 42.644542377987285], [-123.29889283559451, 42.64451592844743], [-123.29884003497048, 42.64088257821852], [-123.29878723434665, 42.63724922798965], [-123.30003917053617, 42.637268432875196], [-123.30127332972033, 42.63727205076137], [-123.30250748990453, 42.63727566964753]]]}, "properties": {"title": "WESLEY 7", "description": "lode | serial ORMC163292 | 20.66 ac | Active | qtr-sec OR 33 0340S 0050W 004 A SW | recorded~2021 (DB date, not legal located date) | src: BLM MLRS Not Closed | boundary approx (BLM quarter-section) | do not dig here (active claim)", "stroke": "#ff3300", "stroke-width": 2, "fill": "#ff3300", "fill-opacity": 0.05, "stroke-dasharray": "1,6"}}, {"type": "Feature", "geometry": {"type": "Polygon", "coordinates": [[[-123.2891755649728, 42.68469310692927], [-123.28917320958568, 42.68829763116101], [-123.2842118848487, 42.68830731662104], [-123.27925056111162, 42.68831680708108], [-123.2792459994939, 42.68468964284833], [-123.27924372018514, 42.68287604673199], [-123.27924143887641, 42.68106247961561], [-123.28172558724738, 42.68106901238605], [-123.28420970861836, 42.68107554415649], [-123.28917795036011, 42.68108860969743], [-123.2891755649728, 42.68469310692927]]]}, "properties": {"title": "FRANDOR II", "description": "lode | serial ORMC166409 | 20.66 ac | Active | qtr-sec OR 33 0330S 0050W 022 A SW | recorded~2021 (DB date, not legal located date) | src: BLM MLRS Not Closed | boundary approx (BLM quarter-section) | do not dig here (active claim)", "stroke": "#ff3300", "stroke-width": 2, "fill": "#ff3300", "fill-opacity": 0.05, "stroke-dasharray": "1,6"}}, {"type": "Feature", "geometry": {"type": "Polygon", "coordinates": [[[-123.2493268009758, 42.32082506398755], [-123.24933785558805, 42.32451263422805], [-123.25419721931894, 42.32456251578812], [-123.25905656304957, 42.324612175348136], [-123.25906881165824, 42.328275411586766], [-123.25908105826707, 42.331938646825286], [-123.25423721454268, 42.33191332026557], [-123.24939335481818, 42.3318879937058], [-123.24442601607733, 42.33187527715816], [-123.24194237370682, 42.33186893338433], [-123.2394587033363, 42.33186256261051], [-123.2394592597267, 42.3281827713694], [-123.23945984411729, 42.32450281312825], [-123.2395039585181, 42.320844855884566], [-123.2395403489163, 42.317176980640866], [-123.2444281596408, 42.317161946194254], [-123.24687571700277, 42.31714959597033], [-123.24932330236472, 42.31713727374634], [-123.2493268009758, 42.32082506398755]]]}, "properties": {"title": "MOUNTAIN LION 1", "description": "lode | serial ORMC170814 | 20.0 ac | Active | qtr-sec OR 33 0370S 0050W 026 A NE|OR 33 0370S 0050W 025 A NW|OR 33 0370S 0050W 025 A SW | recorded~2021 (DB date, not legal located date) | src: BLM MLRS Not Closed | boundary approx (BLM quarter-section) | do not dig here (active claim)", "stroke": "#ff3300", "stroke-width": 2, "fill": "#ff3300", "fill-opacity": 0.05, "stroke-dasharray": "1,6"}}, {"type": "Feature", "geometry": {"type": "Polygon", "coordinates": [[[-123.60793788630538, 42.6738416567045], [-123.61221091393466, 42.673844613308475], [-123.61220911154938, 42.67745590453632], [-123.61220823184533, 42.67919414764601], [-123.61220730816434, 42.68106719376413], [-123.61220667978397, 42.684704330993505], [-123.61220605140379, 42.68834146522273], [-123.60729662568262, 42.688349334678676], [-123.60484192432202, 42.68835331090667], [-123.60238719896135, 42.68835720413463], [-123.60238648765026, 42.68653266201964], [-123.60238577233922, 42.68470812090464], [-123.60238506302822, 42.68288357678966], [-123.60238434671726, 42.68105903467465], [-123.60238206010185, 42.67744829844712], [-123.6023797734866, 42.67383756121955], [-123.603251063615, 42.673838220138784], [-123.60370023368112, 42.673838553097156], [-123.6038070176969, 42.67383863708727], [-123.60537276392752, 42.67383979894219], [-123.60729534321067, 42.67384108676403], [-123.60793788630538, 42.6738416567045]]]}, "properties": {"title": "PYX", "description": "lode | serial ORMC170835 | 20.66 ac | Active | qtr-sec OR 33 0330S 0080W 023 A SE|OR 33 0330S 0080W 026 A NE | recorded~2021 (DB date, not legal located date) | src: BLM MLRS Not Closed | boundary approx (BLM quarter-section) | do not dig here (active claim)", "stroke": "#ff3300", "stroke-width": 2, "fill": "#ff3300", "fill-opacity": 0.05, "stroke-dasharray": "1,6"}}, {"type": "Feature", "geometry": {"type": "Polygon", "coordinates": [[[-123.25871112104274, 42.49288287834936], [-123.25870682920795, 42.49387165341399], [-123.25870328534573, 42.49469617746784], [-123.25869974148297, 42.49551797952147], [-123.25868944188163, 42.49790352667733], [-123.25868761595167, 42.49832277570471], [-123.25868251914945, 42.49950607678203], [-123.25867186756118, 42.50196936894287], [-123.25865615317088, 42.50561595118105], [-123.25379108644215, 42.505588758626295], [-123.24892602671329, 42.50556153407159], [-123.2489447401096, 42.50194758983517], [-123.24896346050606, 42.498333690598756], [-123.24897373717582, 42.496355726469275], [-123.24898221390269, 42.49471978736223], [-123.24899451250688, 42.49234868520707], [-123.24900093929948, 42.49110588512572], [-123.25385994401972, 42.49108772067825], [-123.25871892873984, 42.49106955223086], [-123.25871112104274, 42.49288287834936]]]}, "properties": {"title": "BIG MAC", "description": "lode | serial ORMC170874 | 20.66 ac | Active | qtr-sec OR 33 0350S 0050W 026 A NE|OR 33 0350S 0050W 026 A SE | recorded~2021 (DB date, not legal located date) | src: BLM MLRS Not Closed | boundary approx (BLM quarter-section) | do not dig here (active claim)", "stroke": "#ff3300", "stroke-width": 2, "fill": "#ff3300", "fill-opacity": 0.05, "stroke-dasharray": "1,6"}}, {"type": "Feature", "geometry": {"type": "Polygon", "coordinates": [[[-123.25871112104274, 42.49288287834936], [-123.25870682920795, 42.49387165341399], [-123.25870328534573, 42.49469617746784], [-123.25869974148297, 42.49551797952147], [-123.25868944188163, 42.49790352667733], [-123.25868761595167, 42.49832277570471], [-123.25868251914945, 42.49950607678203], [-123.25867186756118, 42.50196936894287], [-123.25865615317088, 42.50561595118105], [-123.25379108644215, 42.505588758626295], [-123.24892602671329, 42.50556153407159], [-123.2489447401096, 42.50194758983517], [-123.24896346050606, 42.498333690598756], [-123.24897373717582, 42.496355726469275], [-123.24898221390269, 42.49471978736223], [-123.24899451250688, 42.49234868520707], [-123.24900093929948, 42.49110588512572], [-123.25385994401972, 42.49108772067825], [-123.25871892873984, 42.49106955223086], [-123.25871112104274, 42.49288287834936]]]}, "properties": {"title": "BIG ROCK", "description": "lode | serial ORMC170875 | 20.66 ac | Active | qtr-sec OR 33 0350S 0050W 026 A NE|OR 33 0350S 0050W 026 A SE | recorded~2021 (DB date, not legal located date) | src: BLM MLRS Not Closed | boundary approx (BLM quarter-section) | do not dig here (active claim)", "stroke": "#ff3300", "stroke-width": 2, "fill": "#ff3300", "fill-opacity": 0.05, "stroke-dasharray": "1,6"}}, {"type": "Feature", "geometry": {"type": "Polygon", "coordinates": [[[-123.25871112104274, 42.49288287834936], [-123.25870682920795, 42.49387165341399], [-123.25870328534573, 42.49469617746784], [-123.25869974148297, 42.49551797952147], [-123.25868944188163, 42.49790352667733], [-123.25868761595167, 42.49832277570471], [-123.25382554722896, 42.49832833215176], [-123.25050552073533, 42.498332000456955], [-123.24896346050606, 42.498333690598756], [-123.24897373717582, 42.496355726469275], [-123.24898221390269, 42.49471978736223], [-123.24899451250688, 42.49234868520707], [-123.24900093929948, 42.49110588512572], [-123.25385994401972, 42.49108772067825], [-123.25871892873984, 42.49106955223086], [-123.25871112104274, 42.49288287834936]]]}, "properties": {"title": "BLACKJACK", "description": "lode | serial ORMC170876 | 20.66 ac | Active | qtr-sec OR 33 0350S 0050W 026 A SE | recorded~2021 (DB date, not legal located date) | src: BLM MLRS Not Closed | boundary approx (BLM quarter-section) | do not dig here (active claim)", "stroke": "#ff3300", "stroke-width": 2, "fill": "#ff3300", "fill-opacity": 0.05, "stroke-dasharray": "1,6"}}, {"type": "Feature", "geometry": {"type": "Polygon", "coordinates": [[[-123.25871112104274, 42.49288287834936], [-123.25870682920795, 42.49387165341399], [-123.25870328534573, 42.49469617746784], [-123.25869974148297, 42.49551797952147], [-123.25868944188163, 42.49790352667733], [-123.25868761595167, 42.49832277570471], [-123.25382554722896, 42.49832833215176], [-123.25050552073533, 42.498332000456955], [-123.24896346050606, 42.498333690598756], [-123.24897373717582, 42.496355726469275], [-123.24898221390269, 42.49471978736223], [-123.24899451250688, 42.49234868520707], [-123.24900093929948, 42.49110588512572], [-123.25385994401972, 42.49108772067825], [-123.25871892873984, 42.49106955223086], [-123.25871112104274, 42.49288287834936]]]}, "properties": {"title": "LITTLE MAC", "description": "lode | serial ORMC170880 | 20.66 ac | Active | qtr-sec OR 33 0350S 0050W 026 A SE | recorded~2021 (DB date, not legal located date) | src: BLM MLRS Not Closed | boundary approx (BLM quarter-section) | do not dig here (active claim)", "stroke": "#ff3300", "stroke-width": 2, "fill": "#ff3300", "fill-opacity": 0.05, "stroke-dasharray": "1,6"}}, {"type": "Feature", "geometry": {"type": "Polygon", "coordinates": [[[-123.31372338677092, 42.54968882396807], [-123.31861114149353, 42.5496675965166], [-123.31867822550349, 42.5496673165104], [-123.31866864512014, 42.55333617274803], [-123.31865906373704, 42.55700502998563], [-123.31864539934823, 42.5606428312216], [-123.31863170695956, 42.56428060445749], [-123.31370439522863, 42.56428791791201], [-123.3087770854976, 42.56429523136648], [-123.3087799158835, 42.560650513131016], [-123.30878271826958, 42.55700579589544], [-123.308793103656, 42.55335582665887], [-123.30879690604246, 42.54971021942311], [-123.31372338677092, 42.54968882396807]]]}, "properties": {"title": "OREGON", "description": "lode | serial ORMC170881 | 20.66 ac | Active | qtr-sec OR 33 0350S 0050W 005 A NE|OR 33 0350S 0050W 005 A SE | recorded~2021 (DB date, not legal located date) | src: BLM MLRS Not Closed | boundary approx (BLM quarter-section) | do not dig here (active claim)", "stroke": "#ff3300", "stroke-width": 2, "fill": "#ff3300", "fill-opacity": 0.05, "stroke-dasharray": "1,6"}}, {"type": "Feature", "geometry": {"type": "Polygon", "coordinates": [[[-123.25871112104274, 42.49288287834936], [-123.25870682920795, 42.49387165341399], [-123.25870328534573, 42.49469617746784], [-123.25869974148297, 42.49551797952147], [-123.25868944188163, 42.49790352667733], [-123.25868761595167, 42.49832277570471], [-123.25382554722896, 42.49832833215176], [-123.25050552073533, 42.498332000456955], [-123.24896346050606, 42.498333690598756], [-123.24411548678815, 42.49835726704563], [-123.23926748907017, 42.498380648492464], [-123.23928429445662, 42.49470780125216], [-123.23930107484328, 42.49103498301187], [-123.24415102057146, 42.49107043456877], [-123.24900093929948, 42.49110588512572], [-123.25385994401972, 42.49108772067825], [-123.25871892873984, 42.49106955223086], [-123.25871112104274, 42.49288287834936]]]}, "properties": {"title": "WILD ROSE", "description": "lode | serial ORMC170882 | 20.66 ac | Active | qtr-sec OR 33 0350S 0050W 025 A SW|OR 33 0350S 0050W 026 A SE | recorded~2021 (DB date, not legal located date) | src: BLM MLRS Not Closed | boundary approx (BLM quarter-section) | do not dig here (active claim)", "stroke": "#ff3300", "stroke-width": 2, "fill": "#ff3300", "fill-opacity": 0.05, "stroke-dasharray": "1,6"}}, {"type": "Feature", "geometry": {"type": "Polygon", "coordinates": [[[-123.34730954967952, 42.60844649765548], [-123.34731807229771, 42.6120918578889], [-123.34732659491603, 42.61573724112227], [-123.34729888852583, 42.61936274035771], [-123.34727115913576, 42.62298821659304], [-123.343222745528, 42.62294944996459], [-123.33821909777647, 42.62289997442364], [-123.3382010061563, 42.61925373019105], [-123.33818293753622, 42.615607461958405], [-123.3381658939094, 42.611919330722934], [-123.33814887328278, 42.60823117748743], [-123.34272921198118, 42.60833883807143], [-123.34730954967952, 42.60844649765548]]]}, "properties": {"title": "LITTLE DANDY 2", "description": "lode | serial ORMC171392 | 20.66 ac | Active | qtr-sec OR 33 0340S 0050W 018 A NW|OR 33 0340S 0050W 018 A SW | recorded~2021 (DB date, not legal located date) | src: BLM MLRS Not Closed | boundary approx (BLM quarter-section) | do not dig here (active claim)", "stroke": "#ff3300", "stroke-width": 2, "fill": "#ff3300", "fill-opacity": 0.05, "stroke-dasharray": "1,6"}}, {"type": "Feature", "geometry": {"type": "Polygon", "coordinates": [[[-123.35714550634728, 42.61558112720537], [-123.35713109497219, 42.61928448444443], [-123.35711654360456, 42.62303056768621], [-123.35219385087024, 42.623009403139626], [-123.34727115913576, 42.62298821659304], [-123.34729888852583, 42.61936274035771], [-123.34732659491603, 42.61573724112227], [-123.34731807229771, 42.6120918578889], [-123.34730954967952, 42.60844649765548], [-123.35224348839058, 42.60831981419176], [-123.35717742610144, 42.60819310772805], [-123.35716147772428, 42.61188712896671], [-123.35714550634728, 42.61558112720537]]]}, "properties": {"title": "LITTLE DANDY 3", "description": "lode | serial ORMC171393 | 20.66 ac | Active | qtr-sec OR 33 0340S 0060W 013 A NE|OR 33 0340S 0060W 013 A SE | recorded~2021 (DB date, not legal located date) | src: BLM MLRS Not Closed | boundary approx (BLM quarter-section) | do not dig here (active claim)", "stroke": "#ff3300", "stroke-width": 2, "fill": "#ff3300", "fill-opacity": 0.05, "stroke-dasharray": "1,6"}}, {"type": "Feature", "geometry": {"type": "Polygon", "coordinates": [[[-123.20050118357486, 42.695406434828854], [-123.20547901031065, 42.69536226636518], [-123.21045683704624, 42.69531809790147], [-123.21042906166083, 42.69895395813854], [-123.21042106368765, 42.7], [-123.20048270811066, 42.7], [-123.20048658619076, 42.69903870906461], [-123.20050118357486, 42.695406434828854]]]}, "properties": {"title": "COPPER KING", "description": "lode | serial ORMC171712 | 20.66 ac | Active | qtr-sec OR 33 0330S 0040W 017 A SW | recorded~2021 (DB date, not legal located date) | src: BLM MLRS Not Closed | boundary approx (BLM quarter-section) | do not dig here (active claim)", "stroke": "#ff3300", "stroke-width": 2, "fill": "#ff3300", "fill-opacity": 0.05, "stroke-dasharray": "1,6"}}, {"type": "Feature", "geometry": {"type": "Polygon", "coordinates": [[[-123.3088854370898, 42.64456882752705], [-123.30901973767526, 42.647902527728974], [-123.30902911775264, 42.64835031875689], [-123.30904843791198, 42.64927262781436], [-123.30908263818525, 42.6508528279128], [-123.30910483840542, 42.65213072799287], [-123.30405373764901, 42.65210047845801], [-123.30264723743835, 42.652092028587525], [-123.29900263689252, 42.65207022892312], [-123.29894623622566, 42.64818972867881], [-123.29889283559451, 42.64451592844743], [-123.3038891363422, 42.644542377987285], [-123.30638728671603, 42.64455560275715], [-123.3088854370898, 42.64456882752705]]]}, "properties": {"title": "GREENBACK", "description": "lode | serial ORMC17209 | 20.66 ac | Active | qtr-sec OR 33 0340S 0050W 004 A NW | recorded~2021 (DB date, not legal located date) | src: BLM MLRS Not Closed | boundary approx (BLM quarter-section) | do not dig here (active claim)", "stroke": "#ff3300", "stroke-width": 2, "fill": "#ff3300", "fill-opacity": 0.05, "stroke-dasharray": "1,6"}}, {"type": "Feature", "geometry": {"type": "Polygon", "coordinates": [[[-123.3088854370898, 42.64456882752705], [-123.30901973767526, 42.647902527728974], [-123.30902911775264, 42.64835031875689], [-123.30904843791198, 42.64927262781436], [-123.30908263818525, 42.6508528279128], [-123.30910483840542, 42.65213072799287], [-123.30405373764901, 42.65210047845801], [-123.30264723743835, 42.652092028587525], [-123.29900263689252, 42.65207022892312], [-123.29894623622566, 42.64818972867881], [-123.29889283559451, 42.64451592844743], [-123.3038891363422, 42.644542377987285], [-123.30638728671603, 42.64455560275715], [-123.3088854370898, 42.64456882752705]]]}, "properties": {"title": "RED ROSE", "description": "lode | serial ORMC17210 | 20.66 ac | Active | qtr-sec OR 33 0340S 0050W 004 A NW | recorded~2021 (DB date, not legal located date) | src: BLM MLRS Not Closed | boundary approx (BLM quarter-section) | do not dig here (active claim)", "stroke": "#ff3300", "stroke-width": 2, "fill": "#ff3300", "fill-opacity": 0.05, "stroke-dasharray": "1,6"}}, {"type": "Feature", "geometry": {"type": "Polygon", "coordinates": [[[-123.3088854370898, 42.64456882752705], [-123.30901973767526, 42.647902527728974], [-123.30902911775264, 42.64835031875689], [-123.30904843791198, 42.64927262781436], [-123.30908263818525, 42.6508528279128], [-123.30910483840542, 42.65213072799287], [-123.30405373764901, 42.65210047845801], [-123.30264723743835, 42.652092028587525], [-123.29900263689252, 42.65207022892312], [-123.29894623622566, 42.64818972867881], [-123.29889283559451, 42.64451592844743], [-123.3038891363422, 42.644542377987285], [-123.30638728671603, 42.64455560275715], [-123.3088854370898, 42.64456882752705]]]}, "properties": {"title": "BALD HORNET", "description": "lode | serial ORMC17211 | 20.66 ac | Active | qtr-sec OR 33 0340S 0050W 004 A NW | recorded~2021 (DB date, not legal located date) | src: BLM MLRS Not Closed | boundary approx (BLM quarter-section) | do not dig here (active claim)", "stroke": "#ff3300", "stroke-width": 2, "fill": "#ff3300", "fill-opacity": 0.05, "stroke-dasharray": "1,6"}}, {"type": "Feature", "geometry": {"type": "Polygon", "coordinates": [[[-123.3088854370898, 42.64456882752705], [-123.30901973767526, 42.647902527728974], [-123.30902911775264, 42.64835031875689], [-123.30904843791198, 42.64927262781436], [-123.30908263818525, 42.6508528279128], [-123.30910483840542, 42.65213072799287], [-123.30405373764901, 42.65210047845801], [-123.30264723743835, 42.652092028587525], [-123.29900263689252, 42.65207022892312], [-123.29894623622566, 42.64818972867881], [-123.29889283559451, 42.64451592844743], [-123.3038891363422, 42.644542377987285], [-123.30638728671603, 42.64455560275715], [-123.3088854370898, 42.64456882752705]]]}, "properties": {"title": "CLIMAX", "description": "lode | serial ORMC17212 | 20.66 ac | Active | qtr-sec OR 33 0340S 0050W 004 A NW | recorded~2021 (DB date, not legal located date) | src: BLM MLRS Not Closed | boundary approx (BLM quarter-section) | do not dig here (active claim)", "stroke": "#ff3300", "stroke-width": 2, "fill": "#ff3300", "fill-opacity": 0.05, "stroke-dasharray": "1,6"}}, {"type": "Feature", "geometry": {"type": "Polygon", "coordinates": [[[-123.29721183662402, 42.65205792908796], [-123.29408833615585, 42.65203762937546], [-123.28917405641913, 42.6520055558278], [-123.28909695875222, 42.648142827586355], [-123.28902223511702, 42.64446361235644], [-123.29395753485582, 42.644489728901924], [-123.29889283559451, 42.64451592844743], [-123.3038891363422, 42.644542377987285], [-123.30638728671603, 42.64455560275715], [-123.3088854370898, 42.64456882752705], [-123.30901973767526, 42.647902527728974], [-123.30902911775264, 42.64835031875689], [-123.30904843791198, 42.64927262781436], [-123.30908263818525, 42.6508528279128], [-123.30910483840542, 42.65213072799287], [-123.30405373764901, 42.65210047845801], [-123.30264723743835, 42.652092028587525], [-123.29900263689252, 42.65207022892312], [-123.29721183662402, 42.65205792908796]]]}, "properties": {"title": "SERPENTINE", "description": "lode | serial ORMC17213 | 20.66 ac | Active | qtr-sec OR 33 0340S 0050W 004 A NW|OR 33 0340S 0050W 004 A NE | recorded~2021 (DB date, not legal located date) | src: BLM MLRS Not Closed | boundary approx (BLM quarter-section) | do not dig here (active claim)", "stroke": "#ff3300", "stroke-width": 2, "fill": "#ff3300", "fill-opacity": 0.05, "stroke-dasharray": "1,6"}}, {"type": "Feature", "geometry": {"type": "Polygon", "coordinates": [[[-123.3088854370898, 42.64456882752705], [-123.30901973767526, 42.647902527728974], [-123.30902911775264, 42.64835031875689], [-123.30904843791198, 42.64927262781436], [-123.30908263818525, 42.6508528279128], [-123.30910483840542, 42.65213072799287], [-123.30405373764901, 42.65210047845801], [-123.30264723743835, 42.652092028587525], [-123.29900263689252, 42.65207022892312], [-123.29894623622566, 42.64818972867881], [-123.29889283559451, 42.64451592844743], [-123.3038891363422, 42.644542377987285], [-123.30638728671603, 42.64455560275715], [-123.3088854370898, 42.64456882752705]]]}, "properties": {"title": "NEW YORK", "description": "lode | serial ORMC17214 | 20.66 ac | Active | qtr-sec OR 33 0340S 0050W 004 A NW | recorded~2021 (DB date, not legal located date) | src: BLM MLRS Not Closed | boundary approx (BLM quarter-section) | do not dig here (active claim)", "stroke": "#ff3300", "stroke-width": 2, "fill": "#ff3300", "fill-opacity": 0.05, "stroke-dasharray": "1,6"}}, {"type": "Feature", "geometry": {"type": "Polygon", "coordinates": [[[-123.14267303002083, 42.150153753419865], [-123.13786079330634, 42.150172379856514], [-123.13304857859167, 42.150190983293164], [-123.1330492750848, 42.15], [-123.14267300502232, 42.15], [-123.14267303002083, 42.150153753419865]]]}, "properties": {"title": "LOG CABIN", "description": "lode | serial ORMC172174 | 20.66 ac | Active | qtr-sec OR 33 0390S 0040W 026 A SE | recorded~2021 (DB date, not legal located date) | src: BLM MLRS Not Closed | boundary approx (BLM quarter-section) | do not dig here (active claim)", "stroke": "#ff3300", "stroke-width": 2, "fill": "#ff3300", "fill-opacity": 0.05, "stroke-dasharray": "1,6"}}, {"type": "Feature", "geometry": {"type": "Polygon", "coordinates": [[[-123.15231757545239, 42.15011563754463], [-123.14749530273666, 42.15013470698227], [-123.14267303002083, 42.150153753419865], [-123.14267300502232, 42.15], [-123.15231679417307, 42.15], [-123.15231757545239, 42.15011563754463]]]}, "properties": {"title": "THREE AMIGOS 2", "description": "lode | serial ORMC172254 | 20.66 ac | Active | qtr-sec OR 33 0390S 0040W 026 A SW|OR 33 0390S 0040W 035 A NW | recorded~2021 (DB date, not legal located date) | src: BLM MLRS Not Closed | boundary approx (BLM quarter-section) | do not dig here (active claim)", "stroke": "#ff3300", "stroke-width": 2, "fill": "#ff3300", "fill-opacity": 0.05, "stroke-dasharray": "1,6"}}, {"type": "Feature", "geometry": {"type": "Polygon", "coordinates": [[[-122.91940592418057, 42.21482272295209], [-122.91456662746351, 42.21488678639489], [-122.91452034845658, 42.21488689939909], [-122.91450058782327, 42.211041956142914], [-122.91448193922537, 42.20741120490098], [-122.91936604195976, 42.20741205445866], [-122.92425011869399, 42.20741268101624], [-122.9242706832918, 42.211040905257704], [-122.92429177490435, 42.21475801750503], [-122.91944320118606, 42.21482222194867], [-122.91940592418057, 42.21482272295209]]]}, "properties": {"title": "GOLD PINE QUARTZ MIN", "description": "lode | serial ORMC172437 | 20.66 ac | Active | qtr-sec OR 33 0390S 0020W 003 A NE | recorded~2021 (DB date, not legal located date) | src: BLM MLRS Not Closed | boundary approx (BLM quarter-section) | do not dig here (active claim)", "stroke": "#ff3300", "stroke-width": 2, "fill": "#ff3300", "fill-opacity": 0.05, "stroke-dasharray": "1,6"}}, {"type": "Feature", "geometry": {"type": "Polygon", "coordinates": [[[-123.06268167437611, 42.27993177728873], [-123.05779383664489, 42.279933570733284], [-123.05290599891356, 42.279935364177874], [-123.05288944331805, 42.27633831594067], [-123.05287286572268, 42.272741245703386], [-123.05776161145344, 42.27273547125863], [-123.06265033418406, 42.272729672813796], [-123.06266600377998, 42.276330725051295], [-123.06268167437611, 42.27993177728873]]]}, "properties": {"title": "BLUE QUARTZ MINE", "description": "lode | serial ORMC172447 | 20.66 ac | Active | qtr-sec OR 33 0380S 0030W 009 A SE | recorded~2021 (DB date, not legal located date) | src: BLM MLRS Not Closed | boundary approx (BLM quarter-section) | do not dig here (active claim)", "stroke": "#ff3300", "stroke-width": 2, "fill": "#ff3300", "fill-opacity": 0.05, "stroke-dasharray": "1,6"}}, {"type": "Feature", "geometry": {"type": "Polygon", "coordinates": [[[-123.06271466763133, 42.28751167278835], [-123.05801917091019, 42.28740028720806], [-123.0578363288822, 42.287396585224435], [-123.05295806013275, 42.28728019266044], [-123.05293202952309, 42.28360777841918], [-123.05290599891356, 42.279935364177874], [-123.05779383664489, 42.279933570733284], [-123.06268167437611, 42.27993177728873], [-123.06269769298592, 42.283614902531475], [-123.06271466763133, 42.28751167278835]]]}, "properties": {"title": "GRAY QUARTZ MINE", "description": "lode | serial ORMC172448 | 20.66 ac | Active | qtr-sec OR 33 0380S 0030W 009 A NE | recorded~2021 (DB date, not legal located date) | src: BLM MLRS Not Closed | boundary approx (BLM quarter-section) | do not dig here (active claim)", "stroke": "#ff3300", "stroke-width": 2, "fill": "#ff3300", "fill-opacity": 0.05, "stroke-dasharray": "1,6"}}, {"type": "Feature", "geometry": {"type": "Polygon", "coordinates": [[[-123.06271466763133, 42.28751167278835], [-123.05801917091019, 42.28740028720806], [-123.0578363288822, 42.287396585224435], [-123.05295806013275, 42.28728019266044], [-123.05293202952309, 42.28360777841918], [-123.05290599891356, 42.279935364177874], [-123.05779383664489, 42.279933570733284], [-123.06268167437611, 42.27993177728873], [-123.06269769298592, 42.283614902531475], [-123.06271466763133, 42.28751167278835]]]}, "properties": {"title": "MATRIX MINE", "description": "lode | serial ORMC172449 | 20.66 ac | Active | qtr-sec OR 33 0380S 0030W 009 A NE | recorded~2021 (DB date, not legal located date) | src: BLM MLRS Not Closed | boundary approx (BLM quarter-section) | do not dig here (active claim)", "stroke": "#ff3300", "stroke-width": 2, "fill": "#ff3300", "fill-opacity": 0.05, "stroke-dasharray": "1,6"}}, {"type": "Feature", "geometry": {"type": "Polygon", "coordinates": [[[-122.96371070076985, 42.17778960045771], [-122.95889204005483, 42.17783908789705], [-122.95407335233962, 42.177888353336414], [-122.95409076474168, 42.17421620808864], [-122.95410817614392, 42.17054406284082], [-122.95892719786214, 42.1705130174028], [-122.96374619158024, 42.17048194496472], [-122.96372844617497, 42.17413575921124], [-122.96371070076985, 42.17778960045771]]]}, "properties": {"title": "T H U 3", "description": "lode | serial ORMC172516 | 20.66 ac | Active | qtr-sec OR 33 0390S 0020W 017 A SE | recorded~2021 (DB date, not legal located date) | src: BLM MLRS Not Closed | boundary approx (BLM quarter-section) | do not dig here (active claim)", "stroke": "#ff3300", "stroke-width": 2, "fill": "#ff3300", "fill-opacity": 0.05, "stroke-dasharray": "1,6"}}, {"type": "Feature", "geometry": {"type": "Polygon", "coordinates": [[[-123.33403423423786, 42.22197875380484], [-123.33464204632787, 42.22197823674952], [-123.33524985841784, 42.22197771969427], [-123.33585767050778, 42.22197720263903], [-123.33646548159776, 42.22197668358374], [-123.33707329468774, 42.22197616652849], [-123.3376810457777, 42.221975708473245], [-123.33767180285112, 42.22243029750387], [-123.3376624989245, 42.222884943534446], [-123.33765319399788, 42.223339591565065], [-123.33764389107132, 42.22379423859564], [-123.33763458614472, 42.22424888562627], [-123.33762528221813, 42.22470353365689], [-123.33761597829154, 42.22515818068746], [-123.33760658836495, 42.22561286871806], [-123.33758806651177, 42.22652212077928], [-123.33756945865862, 42.22743141384042], [-123.33755084980545, 42.22834070690162], [-123.33753210295231, 42.22925005496282], [-123.33631620177141, 42.22924559807306], [-123.33510016159055, 42.22924119718327], [-123.33388412140958, 42.2292367842935], [-123.33269224923232, 42.22923256640159], [-123.3326678872287, 42.2292324274038], [-123.32780400550502, 42.2292148828447], [-123.32784222221322, 42.22740708172282], [-123.32787990892149, 42.22559944560107], [-123.32791815362977, 42.22379164447924], [-123.32795583933805, 42.221984008357424], [-123.33281844305795, 42.22197996991535], [-123.3334264211479, 42.22197927186006], [-123.33403423423786, 42.22197875380484]]]}, "properties": {"title": "B C JONES", "description": "lode | serial ORMC172521 | 20.66 ac | Active | qtr-sec OR 33 0380S 0050W 031 A NE | recorded~2021 (DB date, not legal located date) | src: BLM MLRS Not Closed | boundary approx (BLM quarter-section) | do not dig here (active claim)", "stroke": "#ff3300", "stroke-width": 2, "fill": "#ff3300", "fill-opacity": 0.05, "stroke-dasharray": "1,6"}}, {"type": "Feature", "geometry": {"type": "Polygon", "coordinates": [[[-122.93413308674687, 42.21087666035313], [-122.93413047677312, 42.21103910336426], [-122.93407292635304, 42.214628525610024], [-122.92919643463088, 42.214693091056226], [-122.92917743362804, 42.21469334105795], [-122.9243197769085, 42.21475765550249], [-122.92429177490435, 42.21475801750503], [-122.9242706832918, 42.211040905257704], [-122.92425011869399, 42.20741268101624], [-122.92914833443014, 42.20741308457254], [-122.93418858218752, 42.20741329211598], [-122.93413308674687, 42.21087666035313]]]}, "properties": {"title": "GRUB GULCH QUARTZ", "description": "lode | serial ORMC172549 | 20.66 ac | Active | qtr-sec OR 33 0390S 0020W 003 A NW | recorded~2021 (DB date, not legal located date) | src: BLM MLRS Not Closed | boundary approx (BLM quarter-section) | do not dig here (active claim)", "stroke": "#ff3300", "stroke-width": 2, "fill": "#ff3300", "fill-opacity": 0.05, "stroke-dasharray": "1,6"}}, {"type": "Feature", "geometry": {"type": "Polygon", "coordinates": [[[-123.04331445253418, 42.15231735555218], [-123.04333976313168, 42.15595189579258], [-123.04210175994572, 42.15594719890425], [-123.04086367275971, 42.155942751015985], [-123.03838755438771, 42.155933855239354], [-123.03343534464366, 42.155916090686084], [-123.03342853705014, 42.15228904844436], [-123.03342837002731, 42.15214955043506], [-123.03342439463553, 42.15], [-123.04329840498275, 42.15], [-123.04331445253418, 42.15231735555218]]]}, "properties": {"title": "T H U 4", "description": "lode | serial ORMC172982 | 20.66 ac | Active | qtr-sec OR 33 0390S 0030W 027 A NE | recorded~2021 (DB date, not legal located date) | src: BLM MLRS Not Closed | boundary approx (BLM quarter-section) | do not dig here (active claim)", "stroke": "#ff3300", "stroke-width": 2, "fill": "#ff3300", "fill-opacity": 0.05, "stroke-dasharray": "1,6"}}, {"type": "Feature", "geometry": {"type": "Polygon", "coordinates": [[[-122.93413308674687, 42.21087666035313], [-122.93413047677312, 42.21103910336426], [-122.93407292635304, 42.214628525610024], [-122.9340858809521, 42.21826935985279], [-122.93409882655128, 42.2219101790955], [-122.92919392182276, 42.22196217054356], [-122.92674147045847, 42.22198824776764], [-122.92551524427631, 42.222001216879676], [-122.9242890180941, 42.22201418499164], [-122.92430440750127, 42.21838591574708], [-122.92429177490435, 42.21475801750503], [-122.9242706832918, 42.211040905257704], [-122.92425011869399, 42.20741268101624], [-122.92914833443014, 42.20741308457254], [-122.93418858218752, 42.20741329211598], [-122.93413308674687, 42.21087666035313]]]}, "properties": {"title": "OLD MANZANITA MINE", "description": "lode | serial ORMC173396 | 20.66 ac | Active | qtr-sec OR 33 0380S 0020W 034 A SW|OR 33 0390S 0020W 003 A NW | recorded~2021 (DB date, not legal located date) | src: BLM MLRS Not Closed | boundary approx (BLM quarter-section) | do not dig here (active claim)", "stroke": "#ff3300", "stroke-width": 2, "fill": "#ff3300", "fill-opacity": 0.05, "stroke-dasharray": "1,6"}}, {"type": "Feature", "geometry": {"type": "Polygon", "coordinates": [[[-122.92428128839173, 42.223835177114424], [-122.92427358168936, 42.22565616923712], [-122.9242658639871, 42.227477149359835], [-122.92425814628488, 42.22929812948254], [-122.91938125155572, 42.22932243792637], [-122.91450435682647, 42.229346745370165], [-122.9145199322355, 42.2257317471264], [-122.91453548464469, 42.22211677188261], [-122.91941226336944, 42.22206547843713], [-122.9242890180941, 42.22201418499164], [-122.92428515324292, 42.22292469305303], [-122.92428128839173, 42.223835177114424]]]}, "properties": {"title": "OLD PINE MINE", "description": "lode | serial ORMC173397 | 20.66 ac | Active | qtr-sec OR 33 0380S 0020W 034 A NE | recorded~2021 (DB date, not legal located date) | src: BLM MLRS Not Closed | boundary approx (BLM quarter-section) | do not dig here (active claim)", "stroke": "#ff3300", "stroke-width": 2, "fill": "#ff3300", "fill-opacity": 0.05, "stroke-dasharray": "1,6"}}, {"type": "Feature", "geometry": {"type": "Polygon", "coordinates": [[[-122.92428128839173, 42.223835177114424], [-122.92427358168936, 42.22565616923712], [-122.9242658639871, 42.227477149359835], [-122.92425814628488, 42.22929812948254], [-122.91938125155572, 42.22932243792637], [-122.91450435682647, 42.229346745370165], [-122.9145199322355, 42.2257317471264], [-122.91453548464469, 42.22211677188261], [-122.91941226336944, 42.22206547843713], [-122.9242890180941, 42.22201418499164], [-122.92428515324292, 42.22292469305303], [-122.92428128839173, 42.223835177114424]]]}, "properties": {"title": "OLD PINE APEX MINE", "description": "lode | serial ORMC173405 | 20.66 ac | Active | qtr-sec OR 33 0380S 0020W 034 A NE | recorded~2021 (DB date, not legal located date) | src: BLM MLRS Not Closed | boundary approx (BLM quarter-section) | do not dig here (active claim)", "stroke": "#ff3300", "stroke-width": 2, "fill": "#ff3300", "fill-opacity": 0.05, "stroke-dasharray": "1,6"}}, {"type": "Feature", "geometry": {"type": "Polygon", "coordinates": [[[-122.92428128839173, 42.223835177114424], [-122.92427358168936, 42.22565616923712], [-122.9242658639871, 42.227477149359835], [-122.92425814628488, 42.22929812948254], [-122.91938125155572, 42.22932243792637], [-122.91450435682647, 42.229346745370165], [-122.9145199322355, 42.2257317471264], [-122.91453548464469, 42.22211677188261], [-122.91941226336944, 42.22206547843713], [-122.9242890180941, 42.22201418499164], [-122.92428515324292, 42.22292469305303], [-122.92428128839173, 42.223835177114424]]]}, "properties": {"title": "APEX MATRIX MINE", "description": "lode | serial ORMC173416 | 20.66 ac | Active | qtr-sec OR 33 0380S 0020W 034 A NE | recorded~2021 (DB date, not legal located date) | src: BLM MLRS Not Closed | boundary approx (BLM quarter-section) | do not dig here (active claim)", "stroke": "#ff3300", "stroke-width": 2, "fill": "#ff3300", "fill-opacity": 0.05, "stroke-dasharray": "1,6"}}, {"type": "Feature", "geometry": {"type": "Polygon", "coordinates": [[[-123.167075255068, 42.20761177101714], [-123.16228553235476, 42.207615450451854], [-123.16222471575679, 42.20402697121995], [-123.16216390015906, 42.20043849198796], [-123.1669901308813, 42.200456768551525], [-123.17181638460343, 42.20047502211504], [-123.17665656232235, 42.20046170367519], [-123.18149673904118, 42.200448408235346], [-123.18148412062817, 42.20403765647374], [-123.1814715022154, 42.20762690371213], [-123.18127189618559, 42.207626624730224], [-123.17666825149834, 42.20761756714724], [-123.1718649547811, 42.20760811558239], [-123.167075255068, 42.20761177101714]]]}, "properties": {"title": "MAID OF THE MIST", "description": "lode | serial ORMC173487 | 20.66 ac | Active | qtr-sec OR 33 0390S 0040W 003 A SW|OR 33 0390S 0040W 004 A SE | recorded~2021 (DB date, not legal located date) | src: BLM MLRS Not Closed | boundary approx (BLM quarter-section) | do not dig here (active claim)", "stroke": "#ff3300", "stroke-width": 2, "fill": "#ff3300", "fill-opacity": 0.05, "stroke-dasharray": "1,6"}}, {"type": "Feature", "geometry": {"type": "Polygon", "coordinates": [[[-123.14267303002083, 42.150153753419865], [-123.13786079330634, 42.150172379856514], [-123.13304857859167, 42.150190983293164], [-123.1330492750848, 42.15], [-123.14267300502232, 42.15], [-123.14267303002083, 42.150153753419865]]]}, "properties": {"title": "THREE AMIGOS 5", "description": "lode | serial ORMC173559 | 15.7 ac | Active | qtr-sec OR 33 0390S 0040W 026 A SE | recorded~2021 (DB date, not legal located date) | src: BLM MLRS Not Closed | boundary approx (BLM quarter-section) | do not dig here (active claim)", "stroke": "#ff3300", "stroke-width": 2, "fill": "#ff3300", "fill-opacity": 0.05, "stroke-dasharray": "1,6"}}, {"type": "Feature", "geometry": {"type": "Polygon", "coordinates": [[[-123.180801412817, 42.23015883426131], [-123.18079283896529, 42.231068690322175], [-123.1807842651136, 42.23197852238301], [-123.18077569126194, 42.23288837844389], [-123.18074139585545, 42.236527800687234], [-123.17591595713905, 42.23654344712658], [-123.17109051742254, 42.23655911756589], [-123.17069233079273, 42.23309029037293], [-123.17029414316302, 42.22962146217996], [-123.17292310353947, 42.22952834193505], [-123.17555208791592, 42.22943522069021], [-123.17686655710415, 42.22938866056779], [-123.1781810252923, 42.22934210044533], [-123.1794955174805, 42.229295539322905], [-123.18080998666868, 42.229248979200484], [-123.180801412817, 42.23015883426131]]]}, "properties": {"title": "GOLD MATRIX", "description": "lode | serial ORMC173639 | 20.66 ac | Active | qtr-sec OR 33 0380S 0040W 028 A SE | recorded~2021 (DB date, not legal located date) | src: BLM MLRS Not Closed | boundary approx (BLM quarter-section) | do not dig here (active claim)", "stroke": "#ff3300", "stroke-width": 2, "fill": "#ff3300", "fill-opacity": 0.05, "stroke-dasharray": "1,6"}}, {"type": "Feature", "geometry": {"type": "Polygon", "coordinates": [[[-123.13304857859167, 42.150190983293164], [-123.12820635186868, 42.150186490730974], [-123.12336414914552, 42.150181974168795], [-123.12336547310281, 42.15], [-123.1330492750848, 42.15], [-123.13304857859167, 42.150190983293164]]]}, "properties": {"title": "THREE AMIGOS 7", "description": "lode | serial ORMC174069 | 20.66 ac | Active | qtr-sec OR 33 0390S 0040W 025 A SW | recorded~2021 (DB date, not legal located date) | src: BLM MLRS Not Closed | boundary approx (BLM quarter-section) | do not dig here (active claim)", "stroke": "#ff3300", "stroke-width": 2, "fill": "#ff3300", "fill-opacity": 0.05, "stroke-dasharray": "1,6"}}, {"type": "Feature", "geometry": {"type": "Polygon", "coordinates": [[[-123.12093202378225, 42.15017951238868], [-123.11849989741894, 42.15017696860856], [-123.11182253242124, 42.1501701552122], [-123.1118245103804, 42.15], [-123.1330492750848, 42.15], [-123.13304857859167, 42.150190983293164], [-123.12820635186868, 42.150186490730974], [-123.12336414914552, 42.150181974168795], [-123.12093202378225, 42.15017951238868]]]}, "properties": {"title": "THREE AMIGOS 8", "description": "lode | serial ORMC174070 | 20.66 ac | Active | qtr-sec OR 33 0390S 0040W 025 A SW|OR 33 0390S 0040W 025 A SE | recorded~2021 (DB date, not legal located date) | src: BLM MLRS Not Closed | boundary approx (BLM quarter-section) | do not dig here (active claim)", "stroke": "#ff3300", "stroke-width": 2, "fill": "#ff3300", "fill-opacity": 0.05, "stroke-dasharray": "1,6"}}, {"type": "Feature", "geometry": {"type": "Polygon", "coordinates": [[[-123.2247183831768, 42.22907835320158], [-123.2246656711691, 42.22907884520642], [-123.2197926414518, 42.22912527265205], [-123.21989662287491, 42.22552240440527], [-123.22000060429815, 42.22191953615838], [-123.224876963018, 42.2218856817134], [-123.22987035975491, 42.22185103025775], [-123.22987544634564, 42.2254400974936], [-123.22988054193652, 42.22902916572947], [-123.2247183831768, 42.22907835320158]]]}, "properties": {"title": "GREAT I AM", "description": "lode | serial ORMC174107 | 20.66 ac | Active | qtr-sec OR 33 0380S 0040W 031 A NW | recorded~2021 (DB date, not legal located date) | src: BLM MLRS Not Closed | boundary approx (BLM quarter-section) | do not dig here (active claim)", "stroke": "#ff3300", "stroke-width": 2, "fill": "#ff3300", "fill-opacity": 0.05, "stroke-dasharray": "1,6"}}, {"type": "Feature", "geometry": {"type": "Polygon", "coordinates": [[[-123.10630251220945, 42.360392551634774], [-123.10141273747948, 42.360398999081475], [-123.1014589728807, 42.35674782583648], [-123.10150518028223, 42.35309776359158], [-123.1064044860129, 42.35308717714387], [-123.11142137776093, 42.353076087685416], [-123.11142408836739, 42.356730065925994], [-123.11142676997434, 42.36038584916666], [-123.10630251220945, 42.360392551634774]]]}, "properties": {"title": "DIXIE MINE", "description": "lode | serial ORMC174327 | 20.66 ac | Active | qtr-sec OR 33 0370S 0030W 018 A NW | recorded~2021 (DB date, not legal located date) | src: BLM MLRS Not Closed | boundary approx (BLM quarter-section) | do not dig here (active claim)", "stroke": "#ff3300", "stroke-width": 2, "fill": "#ff3300", "fill-opacity": 0.05, "stroke-dasharray": "1,6"}}, {"type": "Feature", "geometry": {"type": "Polygon", "coordinates": [[[-123.2891755649728, 42.68469310692927], [-123.28917320958568, 42.68829763116101], [-123.2842118848487, 42.68830731662104], [-123.27925056111162, 42.68831680708108], [-123.2792459994939, 42.68468964284833], [-123.27924372018514, 42.68287604673199], [-123.27924143887641, 42.68106247961561], [-123.28172558724738, 42.68106901238605], [-123.28420970861836, 42.68107554415649], [-123.28917795036011, 42.68108860969743], [-123.2891755649728, 42.68469310692927]]]}, "properties": {"title": "FRANDOR 1", "description": "lode | serial ORMC175110 | 20.66 ac | Active | qtr-sec OR 33 0330S 0050W 022 A SW | recorded~2021 (DB date, not legal located date) | src: BLM MLRS Not Closed | boundary approx (BLM quarter-section) | do not dig here (active claim)", "stroke": "#ff3300", "stroke-width": 2, "fill": "#ff3300", "fill-opacity": 0.05, "stroke-dasharray": "1,6"}}, {"type": "Feature", "geometry": {"type": "Polygon", "coordinates": [[[-123.2891755649728, 42.68469310692927], [-123.28917320958568, 42.68829763116101], [-123.2842118848487, 42.68830731662104], [-123.27925056111162, 42.68831680708108], [-123.2792459994939, 42.68468964284833], [-123.27924372018514, 42.68287604673199], [-123.27924143887641, 42.68106247961561], [-123.28172558724738, 42.68106901238605], [-123.28420970861836, 42.68107554415649], [-123.28917795036011, 42.68108860969743], [-123.2891755649728, 42.68469310692927]]]}, "properties": {"title": "FRANDOR 3", "description": "lode | serial ORMC175111 | 20.66 ac | Active | qtr-sec OR 33 0330S 0050W 022 A SW | recorded~2021 (DB date, not legal located date) | src: BLM MLRS Not Closed | boundary approx (BLM quarter-section) | do not dig here (active claim)", "stroke": "#ff3300", "stroke-width": 2, "fill": "#ff3300", "fill-opacity": 0.05, "stroke-dasharray": "1,6"}}, {"type": "Feature", "geometry": {"type": "Polygon", "coordinates": [[[-123.2891755649728, 42.68469310692927], [-123.28917320958568, 42.68829763116101], [-123.2842118848487, 42.68830731662104], [-123.27925056111162, 42.68831680708108], [-123.2792459994939, 42.68468964284833], [-123.27924372018514, 42.68287604673199], [-123.27924143887641, 42.68106247961561], [-123.28172558724738, 42.68106901238605], [-123.28420970861836, 42.68107554415649], [-123.28917795036011, 42.68108860969743], [-123.2891755649728, 42.68469310692927]]]}, "properties": {"title": "FRANDOR 4", "description": "lode | serial ORMC175112 | 20.66 ac | Active | qtr-sec OR 33 0330S 0050W 022 A SW | recorded~2021 (DB date, not legal located date) | src: BLM MLRS Not Closed | boundary approx (BLM quarter-section) | do not dig here (active claim)", "stroke": "#ff3300", "stroke-width": 2, "fill": "#ff3300", "fill-opacity": 0.05, "stroke-dasharray": "1,6"}}, {"type": "Feature", "geometry": {"type": "Polygon", "coordinates": [[[-123.2891755649728, 42.68469310692927], [-123.28917320958568, 42.68829763116101], [-123.2842118848487, 42.68830731662104], [-123.27925056111162, 42.68831680708108], [-123.2792459994939, 42.68468964284833], [-123.27924372018514, 42.68287604673199], [-123.27924143887641, 42.68106247961561], [-123.28172558724738, 42.68106901238605], [-123.28420970861836, 42.68107554415649], [-123.28917795036011, 42.68108860969743], [-123.2891755649728, 42.68469310692927]]]}, "properties": {"title": "FRANDOR 5", "description": "lode | serial ORMC175113 | 9.183 ac | Active | qtr-sec OR 33 0330S 0050W 022 A SW | recorded~2021 (DB date, not legal located date) | src: BLM MLRS Not Closed | boundary approx (BLM quarter-section) | do not dig here (active claim)", "stroke": "#ff3300", "stroke-width": 2, "fill": "#ff3300", "fill-opacity": 0.05, "stroke-dasharray": "1,6"}}, {"type": "Feature", "geometry": {"type": "Polygon", "coordinates": [[[-123.06762161792759, 42.272727810361765], [-123.07259287867097, 42.27272594690967], [-123.07252694225465, 42.27632662615444], [-123.07246102783847, 42.27992732939909], [-123.06757135110732, 42.27992956484391], [-123.06268167437611, 42.27993177728873], [-123.05779383664489, 42.279933570733284], [-123.05290599891356, 42.279935364177874], [-123.05288944331805, 42.27633831594067], [-123.05287286572268, 42.272741245703386], [-123.05776161145344, 42.27273547125863], [-123.06265033418406, 42.272729672813796], [-123.06762161792759, 42.272727810361765]]]}, "properties": {"title": "RUSTY SHALE MINE", "description": "lode | serial ORMC175364 | 20.66 ac | Active | qtr-sec OR 33 0380S 0030W 009 A SW|OR 33 0380S 0030W 009 A SE | recorded~2021 (DB date, not legal located date) | src: BLM MLRS Not Closed | boundary approx (BLM quarter-section) | do not dig here (active claim)", "stroke": "#ff3300", "stroke-width": 2, "fill": "#ff3300", "fill-opacity": 0.05, "stroke-dasharray": "1,6"}}, {"type": "Feature", "geometry": {"type": "Polygon", "coordinates": [[[-123.06762161792759, 42.272727810361765], [-123.07259287867097, 42.27272594690967], [-123.07252694225465, 42.27632662615444], [-123.07246102783847, 42.27992732939909], [-123.06757135110732, 42.27992956484391], [-123.06268167437611, 42.27993177728873], [-123.06266600377998, 42.276330725051295], [-123.06265033418406, 42.272729672813796], [-123.06762161792759, 42.272727810361765]]]}, "properties": {"title": "BLUE JAY MINE", "description": "lode | serial ORMC175377 | 20.66 ac | Active | qtr-sec OR 33 0380S 0030W 009 A SW | recorded~2021 (DB date, not legal located date) | src: BLM MLRS Not Closed | boundary approx (BLM quarter-section) | do not dig here (active claim)", "stroke": "#ff3300", "stroke-width": 2, "fill": "#ff3300", "fill-opacity": 0.05, "stroke-dasharray": "1,6"}}, {"type": "Feature", "geometry": {"type": "Polygon", "coordinates": [[[-123.02821648086753, 42.476552613429924], [-123.03313265360318, 42.4765421139786], [-123.03318382922538, 42.480215390215726], [-123.0332311648472, 42.483888992453224], [-123.02829359410728, 42.483893439906225], [-123.02335604736723, 42.483897864359214], [-123.01841572962657, 42.48390189281241], [-123.01347541188574, 42.48390589826565], [-123.01347173227268, 42.48024503202473], [-123.01346805165971, 42.476584143783775], [-123.01838420039576, 42.47657362033249], [-123.02330033213171, 42.47656313788122], [-123.02821648086753, 42.476552613429924]]]}, "properties": {"title": "GOLDEN CROSS (WEDGE)", "description": "lode | serial ORMC176116 | 20.66 ac | Active | qtr-sec OR 33 0350S 0030W 035 A SW|OR 33 0350S 0030W 035 A SE | recorded~2021 (DB date, not legal located date) | src: BLM MLRS Not Closed | boundary approx (BLM quarter-section) | do not dig here (active claim)", "stroke": "#ff3300", "stroke-width": 2, "fill": "#ff3300", "fill-opacity": 0.05, "stroke-dasharray": "1,6"}}, {"type": "Feature", "geometry": {"type": "Polygon", "coordinates": [[[-122.93428969920764, 42.15242012941621], [-122.9343099998069, 42.156072129659734], [-122.9294184990777, 42.156106230104186], [-122.9269727487131, 42.15612328032641], [-122.92452699834845, 42.15614033054863], [-122.92452693234782, 42.156136565548415], [-122.92449499804562, 42.154314630428814], [-122.92446299774275, 42.15248903030896], [-122.92443099743998, 42.15066343018915], [-122.9244193690424, 42.15], [-122.93427531970558, 42.15], [-122.93428969920764, 42.15242012941621]]]}, "properties": {"title": "THU 14", "description": "lode | serial ORMC176466 | 20.66 ac | Active | qtr-sec OR 33 0390S 0020W 027 A NW|OR 33 0390S 0020W 027 A SW | recorded~2021 (DB date, not legal located date) | src: BLM MLRS Not Closed | boundary approx (BLM quarter-section) | do not dig here (active claim)", "stroke": "#ff3300", "stroke-width": 2, "fill": "#ff3300", "fill-opacity": 0.05, "stroke-dasharray": "1,6"}}, {"type": "Feature", "geometry": {"type": "Polygon", "coordinates": [[[-123.24920010464417, 42.61173561292389], [-123.24920236233662, 42.60991538880604], [-123.24920462102908, 42.60809514268817], [-123.25118443330591, 42.6079880254986], [-123.25424428673375, 42.607822474205534], [-123.25928390743829, 42.60754978172285], [-123.25919696902025, 42.61106727095804], [-123.25917559516341, 42.61193228401589], [-123.25913659642437, 42.61350917612131], [-123.25911000760237, 42.61458473719322], [-123.25905994893857, 42.61661574232902], [-123.25905545496867, 42.616797536341124], [-123.25900989027485, 42.61864672446471], [-123.25890975094751, 42.62270871073616], [-123.25404514921482, 42.62266079518228], [-123.25118474478384, 42.62263260644454], [-123.24918052548189, 42.622612855628354], [-123.24918804487054, 42.618994481393905], [-123.24919556425937, 42.61537608315952], [-123.24920010464417, 42.61173561292389]]]}, "properties": {"title": "DAISY 1", "description": "lode | serial ORMC176589 | 20.35 ac | Active | qtr-sec OR 33 0340S 0050W 014 A NE|OR 33 0340S 0050W 014 A SE | recorded~2021 (DB date, not legal located date) | src: BLM MLRS Not Closed | boundary approx (BLM quarter-section) | do not dig here (active claim)", "stroke": "#ff3300", "stroke-width": 2, "fill": "#ff3300", "fill-opacity": 0.05, "stroke-dasharray": "1,6"}}, {"type": "Feature", "geometry": {"type": "Polygon", "coordinates": [[[-123.24920010464417, 42.61173561292389], [-123.24920236233662, 42.60991538880604], [-123.24920462102908, 42.60809514268817], [-123.25118443330591, 42.6079880254986], [-123.25424428673375, 42.607822474205534], [-123.25928390743829, 42.60754978172285], [-123.25919696902025, 42.61106727095804], [-123.25917559516341, 42.61193228401589], [-123.25913659642437, 42.61350917612131], [-123.25911000760237, 42.61458473719322], [-123.25905994893857, 42.61661574232902], [-123.25905545496867, 42.616797536341124], [-123.25900989027485, 42.61864672446471], [-123.25890975094751, 42.62270871073616], [-123.25404514921482, 42.62266079518228], [-123.25118474478384, 42.62263260644454], [-123.24918052548189, 42.622612855628354], [-123.24918804487054, 42.618994481393905], [-123.24919556425937, 42.61537608315952], [-123.24920010464417, 42.61173561292389]]]}, "properties": {"title": "DAISY 2", "description": "lode | serial ORMC176590 | 20.66 ac | Active | qtr-sec OR 33 0340S 0050W 014 A NE|OR 33 0340S 0050W 014 A SE | recorded~2021 (DB date, not legal located date) | src: BLM MLRS Not Closed | boundary approx (BLM quarter-section) | do not dig here (active claim)", "stroke": "#ff3300", "stroke-width": 2, "fill": "#ff3300", "fill-opacity": 0.05, "stroke-dasharray": "1,6"}}, {"type": "Feature", "geometry": {"type": "Polygon", "coordinates": [[[-123.25118459752882, 42.61521738196563], [-123.24919556425937, 42.61537608315952], [-123.24920010464417, 42.61173561292389], [-123.24920236233662, 42.60991538880604], [-123.24920462102908, 42.60809514268817], [-123.25118443330591, 42.6079880254986], [-123.25424428673375, 42.607822474205534], [-123.25928390743829, 42.60754978172285], [-123.25919696902025, 42.61106727095804], [-123.25917559516341, 42.61193228401589], [-123.25913659642437, 42.61350917612131], [-123.25911000760237, 42.61458473719322], [-123.2541528089309, 42.61498040967638], [-123.25252862871092, 42.61511014383465], [-123.25118459752882, 42.61521738196563]]]}, "properties": {"title": "DAISY 3", "description": "lode | serial ORMC176591 | 20.66 ac | Active | qtr-sec OR 33 0340S 0050W 014 A SE | recorded~2021 (DB date, not legal located date) | src: BLM MLRS Not Closed | boundary approx (BLM quarter-section) | do not dig here (active claim)", "stroke": "#ff3300", "stroke-width": 2, "fill": "#ff3300", "fill-opacity": 0.05, "stroke-dasharray": "1,6"}}, {"type": "Feature", "geometry": {"type": "Polygon", "coordinates": [[[-123.25118459752882, 42.61521738196563], [-123.24919556425937, 42.61537608315952], [-123.24920010464417, 42.61173561292389], [-123.24920236233662, 42.60991538880604], [-123.24920462102908, 42.60809514268817], [-123.25118443330591, 42.6079880254986], [-123.25424428673375, 42.607822474205534], [-123.25928390743829, 42.60754978172285], [-123.25919696902025, 42.61106727095804], [-123.25917559516341, 42.61193228401589], [-123.25913659642437, 42.61350917612131], [-123.25911000760237, 42.61458473719322], [-123.2541528089309, 42.61498040967638], [-123.25252862871092, 42.61511014383465], [-123.25118459752882, 42.61521738196563]]]}, "properties": {"title": "DAISY 4", "description": "lode | serial ORMC176592 | 20.66 ac | Active | qtr-sec OR 33 0340S 0050W 014 A SE | recorded~2021 (DB date, not legal located date) | src: BLM MLRS Not Closed | boundary approx (BLM quarter-section) | do not dig here (active claim)", "stroke": "#ff3300", "stroke-width": 2, "fill": "#ff3300", "fill-opacity": 0.05, "stroke-dasharray": "1,6"}}, {"type": "Feature", "geometry": {"type": "Polygon", "coordinates": [[[-123.2541528089309, 42.61498040967638], [-123.25911000760237, 42.61458473719322], [-123.25905994893857, 42.61661574232902], [-123.25905545496867, 42.616797536341124], [-123.25900989027485, 42.61864672446471], [-123.25890975094751, 42.62270871073616], [-123.25404514921482, 42.62266079518228], [-123.25118474478384, 42.62263260644454], [-123.24918052548189, 42.622612855628354], [-123.24918804487054, 42.618994481393905], [-123.24919556425937, 42.61537608315952], [-123.25118459752882, 42.61521738196563], [-123.25252862871092, 42.61511014383465], [-123.2541528089309, 42.61498040967638]]]}, "properties": {"title": "DAISY 5", "description": "lode | serial ORMC176593 | 10.33 ac | Active | qtr-sec OR 33 0340S 0050W 014 A NE | recorded~2021 (DB date, not legal located date) | src: BLM MLRS Not Closed | boundary approx (BLM quarter-section) | do not dig here (active claim)", "stroke": "#ff3300", "stroke-width": 2, "fill": "#ff3300", "fill-opacity": 0.05, "stroke-dasharray": "1,6"}}, {"type": "Feature", "geometry": {"type": "Polygon", "coordinates": [[[-123.25911000760237, 42.61458473719322], [-123.25913659642437, 42.61350917612131], [-123.25917559516341, 42.61193228401589], [-123.25919696902025, 42.61106727095804], [-123.25928390743829, 42.60754978172285], [-123.26431167614253, 42.60728677624194], [-123.26933944484665, 42.60702376976097], [-123.2692953944125, 42.610408242983496], [-123.26925136597855, 42.613792693206], [-123.26418068629056, 42.61418871469964], [-123.26234127804095, 42.614332464878714], [-123.25911000760237, 42.61458473719322]]]}, "properties": {"title": "DAISY 6", "description": "lode | serial ORMC176594 | 20.66 ac | Active | qtr-sec OR 33 0340S 0050W 014 A SW | recorded~2021 (DB date, not legal located date) | src: BLM MLRS Not Closed | boundary approx (BLM quarter-section) | do not dig here (active claim)", "stroke": "#ff3300", "stroke-width": 2, "fill": "#ff3300", "fill-opacity": 0.05, "stroke-dasharray": "1,6"}}, {"type": "Feature", "geometry": {"type": "Polygon", "coordinates": [[[-123.39154148944351, 42.61554643202595], [-123.39647067817565, 42.61555499957114], [-123.39650099278825, 42.61914529479823], [-123.39653130840097, 42.62273556702532], [-123.3916120846772, 42.62276776848197], [-123.38670655295441, 42.62279455593696], [-123.38665260433226, 42.61916890470966], [-123.38661230071129, 42.615537841480716], [-123.39154148944351, 42.61554643202595]]]}, "properties": {"title": "COPPER QUEEN", "description": "lode | serial ORMC176615 | 20.66 ac | Active | qtr-sec OR 33 0340S 0060W 015 A NE | recorded~2021 (DB date, not legal located date) | src: BLM MLRS Not Closed | boundary approx (BLM quarter-section) | do not dig here (active claim)", "stroke": "#ff3300", "stroke-width": 2, "fill": "#ff3300", "fill-opacity": 0.05, "stroke-dasharray": "1,6"}}, {"type": "Feature", "geometry": {"type": "Polygon", "coordinates": [[[-123.30878271826958, 42.55700579589544], [-123.30388332354009, 42.556998467346304], [-123.29898395681053, 42.55699094679712], [-123.29901228720747, 42.553387228561704], [-123.29904061760459, 42.54978350932624], [-123.3039187623236, 42.54974686487469], [-123.30879690604246, 42.54971021942311], [-123.308793103656, 42.55335582665887], [-123.30878271826958, 42.55700579589544]]]}, "properties": {"title": "OAK MINE", "description": "lode | serial ORMC176622 | 20.66 ac | Active | qtr-sec OR 33 0350S 0050W 004 A SW | recorded~2021 (DB date, not legal located date) | src: BLM MLRS Not Closed | boundary approx (BLM quarter-section) | do not dig here (active claim)", "stroke": "#ff3300", "stroke-width": 2, "fill": "#ff3300", "fill-opacity": 0.05, "stroke-dasharray": "1,6"}}, {"type": "Feature", "geometry": {"type": "Polygon", "coordinates": [[[-123.26888180308282, 42.54957103008935], [-123.2695087941769, 42.54957565803193], [-123.27375394881432, 42.54960941464325], [-123.27443113591595, 42.54961451258127], [-123.27862609354574, 42.549647853197214], [-123.27935350365432, 42.54965017313034], [-123.27932772795708, 42.55147046325047], [-123.27930195225986, 42.55329078237058], [-123.2792504298656, 42.55693141961082], [-123.27434259013211, 42.55691212106154], [-123.26943475039846, 42.556892628512294], [-123.26383166856644, 42.55690434202905], [-123.25884671582602, 42.55691454448876], [-123.25880815220268, 42.5532483792549], [-123.25880403413586, 42.552855210229815], [-123.25877958712731, 42.55282629323019], [-123.25880358812884, 42.55281395922721], [-123.25876961457948, 42.549582214021065], [-123.26381640332984, 42.54957662155606], [-123.26888180308282, 42.54957103008935]]]}, "properties": {"title": "ORO FINO", "description": "lode | serial ORMC176647 | 20.66 ac | Active | qtr-sec OR 33 0350S 0050W 002 A SW|OR 33 0350S 0050W 003 A SE | recorded~2021 (DB date, not legal located date) | src: BLM MLRS Not Closed | boundary approx (BLM quarter-section) | do not dig here (active claim)", "stroke": "#ff3300", "stroke-width": 2, "fill": "#ff3300", "fill-opacity": 0.05, "stroke-dasharray": "1,6"}}, {"type": "Feature", "geometry": {"type": "Polygon", "coordinates": [[[-123.61244175673289, 42.589987658988875], [-123.61244084888435, 42.59088340504564], [-123.6124379853473, 42.593620935219185], [-123.61040702704797, 42.59361695340666], [-123.60754267362573, 42.59361131967096], [-123.60612012541604, 42.593608548802266], [-123.60264736190402, 42.59360172712279], [-123.60265248429589, 42.59000433089442], [-123.6027201977116, 42.58649239466568], [-123.60501499404481, 42.58646655045206], [-123.60755151941304, 42.58643798421589], [-123.61191166704597, 42.586388879809974], [-123.6119592680529, 42.58638834380553], [-123.61244549812344, 42.58638286776026], [-123.61244175673289, 42.589987658988875]]]}, "properties": {"title": "CANARY", "description": "lode | serial ORMC176677 | 20.42 ac | Active | qtr-sec OR 33 0340S 0080W 026 A NE | recorded~2021 (DB date, not legal located date) | src: BLM MLRS Not Closed | boundary approx (BLM quarter-section) | do not dig here (active claim)", "stroke": "#ff3300", "stroke-width": 2, "fill": "#ff3300", "fill-opacity": 0.05, "stroke-dasharray": "1,6"}}, {"type": "Feature", "geometry": {"type": "Polygon", "coordinates": [[[-123.61244175673289, 42.589987658988875], [-123.61244084888435, 42.59088340504564], [-123.6124379853473, 42.593620935219185], [-123.61239900957203, 42.59498224930894], [-123.61233474894253, 42.5972260844569], [-123.61228834620998, 42.59884572456368], [-123.61227246724684, 42.59907704157978], [-123.61223148953789, 42.6008312116946], [-123.6074368538329, 42.60083242213789], [-123.6026422181278, 42.600833633581146], [-123.60264477851578, 42.59721768035202], [-123.60264736190402, 42.59360172712279], [-123.60265248429589, 42.59000433089442], [-123.6027201977116, 42.58649239466568], [-123.60501499404481, 42.58646655045206], [-123.60755151941304, 42.58643798421589], [-123.61191166704597, 42.586388879809974], [-123.6119592680529, 42.58638834380553], [-123.61244549812344, 42.58638286776026], [-123.61244175673289, 42.589987658988875]]]}, "properties": {"title": "DOVE", "description": "lode | serial ORMC176678 | 20.66 ac | Active | qtr-sec OR 33 0340S 0080W 026 A NE|OR 33 0340S 0080W 023 A SE | recorded~2021 (DB date, not legal located date) | src: BLM MLRS Not Closed | boundary approx (BLM quarter-section) | do not dig here (active claim)", "stroke": "#ff3300", "stroke-width": 2, "fill": "#ff3300", "fill-opacity": 0.05, "stroke-dasharray": "1,6"}}, {"type": "Feature", "geometry": {"type": "Polygon", "coordinates": [[[-123.6124495314684, 42.582507228514466], [-123.61244933550186, 42.58270538652709], [-123.61244549812344, 42.58638286776026], [-123.61244175673289, 42.589987658988875], [-123.61244084888435, 42.59088340504564], [-123.6124379853473, 42.593620935219185], [-123.61040702704797, 42.59361695340666], [-123.60754267362573, 42.59361131967096], [-123.60612012541604, 42.593608548802266], [-123.60264736190402, 42.59360172712279], [-123.60265248429589, 42.59000433089442], [-123.6027201977116, 42.58649239466568], [-123.60270150107884, 42.582768064431434], [-123.60269621890012, 42.58171605636529], [-123.60268865864428, 42.580209959270526], [-123.60268857564151, 42.58019349726953], [-123.60268377447908, 42.57923706820932], [-123.6075295311812, 42.57917423075782], [-123.60753031622464, 42.57943043277398], [-123.6078027782208, 42.579170687732365], [-123.61245306089447, 42.57911038529905], [-123.6124495314684, 42.582507228514466]]]}, "properties": {"title": "MARSH WREN", "description": "lode | serial ORMC176679 | 20.66 ac | Active | qtr-sec OR 33 0340S 0080W 026 A NE|OR 33 0340S 0080W 026 A SE | recorded~2021 (DB date, not legal located date) | src: BLM MLRS Not Closed | boundary approx (BLM quarter-section) | do not dig here (active claim)", "stroke": "#ff3300", "stroke-width": 2, "fill": "#ff3300", "fill-opacity": 0.05, "stroke-dasharray": "1,6"}}, {"type": "Feature", "geometry": {"type": "Polygon", "coordinates": [[[-123.61244175673289, 42.589987658988875], [-123.61244084888435, 42.59088340504564], [-123.6124379853473, 42.593620935219185], [-123.61040702704797, 42.59361695340666], [-123.60754267362573, 42.59361131967096], [-123.60612012541604, 42.593608548802266], [-123.60264736190402, 42.59360172712279], [-123.60265248429589, 42.59000433089442], [-123.6027201977116, 42.58649239466568], [-123.60501499404481, 42.58646655045206], [-123.60755151941304, 42.58643798421589], [-123.61191166704597, 42.586388879809974], [-123.6119592680529, 42.58638834380553], [-123.61244549812344, 42.58638286776026], [-123.61244175673289, 42.589987658988875]]]}, "properties": {"title": "ROBIN", "description": "lode | serial ORMC176680 | 20.42 ac | Active | qtr-sec OR 33 0340S 0080W 026 A NE | recorded~2021 (DB date, not legal located date) | src: BLM MLRS Not Closed | boundary approx (BLM quarter-section) | do not dig here (active claim)", "stroke": "#ff3300", "stroke-width": 2, "fill": "#ff3300", "fill-opacity": 0.05, "stroke-dasharray": "1,6"}}, {"type": "Feature", "geometry": {"type": "Polygon", "coordinates": [[[-123.6078027782208, 42.579170687732365], [-123.61245306089447, 42.57911038529905], [-123.61681611352635, 42.57905380689249], [-123.61737685260755, 42.57904653584021], [-123.61906366885188, 42.57902466168306], [-123.61983907696417, 42.579014606610784], [-123.62230080732066, 42.57898268438139], [-123.62229506747454, 42.57989745243977], [-123.62228932862841, 42.58081222049824], [-123.62228360078227, 42.58172701255668], [-123.62227784993615, 42.582641780615084], [-123.62225489355183, 42.58630087784879], [-123.61735022283531, 42.58632763030364], [-123.6140512373565, 42.58636478361078], [-123.61244549812344, 42.58638286776026], [-123.61244175673289, 42.589987658988875], [-123.61244084888435, 42.59088340504564], [-123.6124379853473, 42.593620935219185], [-123.61040702704797, 42.59361695340666], [-123.60754267362573, 42.59361131967096], [-123.60612012541604, 42.593608548802266], [-123.60264736190402, 42.59360172712279], [-123.60265248429589, 42.59000433089442], [-123.6027201977116, 42.58649239466568], [-123.60270150107884, 42.582768064431434], [-123.60269621890012, 42.58171605636529], [-123.60268865864428, 42.580209959270526], [-123.60268857564151, 42.58019349726953], [-123.60268377447908, 42.57923706820932], [-123.6075295311812, 42.57917423075782], [-123.6078027782208, 42.579170687732365]]]}, "properties": {"title": "SILVER SCHIST", "description": "lode | serial ORMC176681 | 20.66 ac | Active | qtr-sec OR 33 0340S 0080W 026 A NE|OR 33 0340S 0080W 026 A SW|OR 33 0340S 0080W 026 A SE | recorded~2021 (DB date, not legal located date) | src: BLM MLRS Not Closed | boundary approx (BLM quarter-section) | do not dig here (active claim)", "stroke": "#ff3300", "stroke-width": 2, "fill": "#ff3300", "fill-opacity": 0.05, "stroke-dasharray": "1,6"}}, {"type": "Feature", "geometry": {"type": "Polygon", "coordinates": [[[-123.64921934174933, 42.59360011881834], [-123.64798878556863, 42.593600270932136], [-123.64675820538793, 42.59360041904586], [-123.64429709202643, 42.59360072627336], [-123.64183595566497, 42.59360102550089], [-123.64182482504492, 42.589948075271074], [-123.64181369542506, 42.58629512504123], [-123.64673797114966, 42.58630264458668], [-123.65, 42.5863076265073], [-123.65, 42.59360002231827], [-123.64921934174933, 42.59360011881834]]]}, "properties": {"title": "BRASS LEDGE", "description": "lode | serial ORMC176691 | 20.66 ac | Active | qtr-sec OR 33 0340S 0080W 028 A NE | recorded~2021 (DB date, not legal located date) | src: BLM MLRS Not Closed | boundary approx (BLM quarter-section) | do not dig here (active claim)", "stroke": "#ff3300", "stroke-width": 2, "fill": "#ff3300", "fill-opacity": 0.05, "stroke-dasharray": "1,6"}}, {"type": "Feature", "geometry": {"type": "Polygon", "coordinates": [[[-123.64183760403995, 42.560336548397245], [-123.64184730775415, 42.564555955663344], [-123.63695838503286, 42.56453732511354], [-123.63206946331145, 42.564518694563695], [-123.62716267858904, 42.564510452016115], [-123.62619579644671, 42.56450882810527], [-123.62318778900377, 42.56450377638263], [-123.62225592186647, 42.56450221146856], [-123.6221615811611, 42.56040780621789], [-123.62214695903643, 42.559682275173245], [-123.62209024855294, 42.556868486000184], [-123.62222361357239, 42.55686754598781], [-123.62704947827586, 42.556833531540306], [-123.62771628337302, 42.55682880147847], [-123.63121531488294, 42.55680400515402], [-123.6320087079986, 42.55679835608043], [-123.63691929671407, 42.556763291624996], [-123.64182985642938, 42.55672803216961], [-123.64183760403995, 42.560336548397245]]]}, "properties": {"title": "NESBIT", "description": "lode | serial ORMC176692 | 20.66 ac | Active | qtr-sec OR 33 0350S 0080W 003 A NW|OR 33 0350S 0080W 003 A NE | recorded~2021 (DB date, not legal located date) | src: BLM MLRS Not Closed | boundary approx (BLM quarter-section) | do not dig here (active claim)", "stroke": "#ff3300", "stroke-width": 2, "fill": "#ff3300", "fill-opacity": 0.05, "stroke-dasharray": "1,6"}}, {"type": "Feature", "geometry": {"type": "Polygon", "coordinates": [[[-123.29886830335633, 42.66669867787594], [-123.29877165830908, 42.66650503987245], [-123.29903608234832, 42.666504505847904], [-123.29986265947356, 42.66651779677231], [-123.30410435811613, 42.66658582138422], [-123.30917260488381, 42.66666710892048], [-123.30912249549353, 42.670299328158364], [-123.30907246910284, 42.67392793639596], [-123.30405189034926, 42.6738883708581], [-123.29903131259557, 42.673848583320236], [-123.29903369697188, 42.67017653108408], [-123.29903543252217, 42.6675282089138], [-123.2990357304382, 42.66703414888201], [-123.29886830335633, 42.66669867787594]]]}, "properties": {"title": "MARY 1", "description": "lode | serial ORMC176768 | 16.11 ac | Active | qtr-sec OR 33 0330S 0050W 028 A SW | recorded~2021 (DB date, not legal located date) | src: BLM MLRS Not Closed | boundary approx (BLM quarter-section) | do not dig here (active claim)", "stroke": "#ff3300", "stroke-width": 2, "fill": "#ff3300", "fill-opacity": 0.05, "stroke-dasharray": "1,6"}}, {"type": "Feature", "geometry": {"type": "Polygon", "coordinates": [[[-123.29886830335633, 42.66669867787594], [-123.29877165830908, 42.66650503987245], [-123.29903608234832, 42.666504505847904], [-123.29986265947356, 42.66651779677231], [-123.30410435811613, 42.66658582138422], [-123.30917260488381, 42.66666710892048], [-123.30912249549353, 42.670299328158364], [-123.30907246910284, 42.67392793639596], [-123.30405189034926, 42.6738883708581], [-123.29903131259557, 42.673848583320236], [-123.29903369697188, 42.67017653108408], [-123.29903543252217, 42.6675282089138], [-123.2990357304382, 42.66703414888201], [-123.29886830335633, 42.66669867787594]]]}, "properties": {"title": "MARY 2", "description": "lode | serial ORMC176769 | 16.11 ac | Active | qtr-sec OR 33 0330S 0050W 028 A SW | recorded~2021 (DB date, not legal located date) | src: BLM MLRS Not Closed | boundary approx (BLM quarter-section) | do not dig here (active claim)", "stroke": "#ff3300", "stroke-width": 2, "fill": "#ff3300", "fill-opacity": 0.05, "stroke-dasharray": "1,6"}}, {"type": "Feature", "geometry": {"type": "Polygon", "coordinates": [[[-123.29886830335633, 42.66669867787594], [-123.29877165830908, 42.66650503987245], [-123.29903608234832, 42.666504505847904], [-123.29986265947356, 42.66651779677231], [-123.30410435811613, 42.66658582138422], [-123.30917260488381, 42.66666710892048], [-123.30912249549353, 42.670299328158364], [-123.30907246910284, 42.67392793639596], [-123.30405189034926, 42.6738883708581], [-123.29903131259557, 42.673848583320236], [-123.29903369697188, 42.67017653108408], [-123.29903543252217, 42.6675282089138], [-123.2990357304382, 42.66703414888201], [-123.29886830335633, 42.66669867787594]]]}, "properties": {"title": "MARY LOAD EXT", "description": "lode | serial ORMC176770 | 20.66 ac | Active | qtr-sec OR 33 0330S 0050W 028 A SW | recorded~2021 (DB date, not legal located date) | src: BLM MLRS Not Closed | boundary approx (BLM quarter-section) | do not dig here (active claim)", "stroke": "#ff3300", "stroke-width": 2, "fill": "#ff3300", "fill-opacity": 0.05, "stroke-dasharray": "1,6"}}, {"type": "Feature", "geometry": {"type": "Polygon", "coordinates": [[[-123.61244175673289, 42.589987658988875], [-123.61244084888435, 42.59088340504564], [-123.6124379853473, 42.593620935219185], [-123.61239900957203, 42.59498224930894], [-123.61233474894253, 42.5972260844569], [-123.61228834620998, 42.59884572456368], [-123.61227246724684, 42.59907704157978], [-123.61223148953789, 42.6008312116946], [-123.6074368538329, 42.60083242213789], [-123.6026422181278, 42.600833633581146], [-123.60264477851578, 42.59721768035202], [-123.60264736190402, 42.59360172712279], [-123.60265248429589, 42.59000433089442], [-123.6027201977116, 42.58649239466568], [-123.60501499404481, 42.58646655045206], [-123.60755151941304, 42.58643798421589], [-123.61191166704597, 42.586388879809974], [-123.6119592680529, 42.58638834380553], [-123.61244549812344, 42.58638286776026], [-123.61244175673289, 42.589987658988875]]]}, "properties": {"title": "BARBARA", "description": "lode | serial ORMC176849 | 20.66 ac | Active | qtr-sec OR 33 0340S 0080W 023 A SE|OR 33 0340S 0080W 026 A NE | recorded~2021 (DB date, not legal located date) | src: BLM MLRS Not Closed | boundary approx (BLM quarter-section) | do not dig here (active claim)", "stroke": "#ff3300", "stroke-width": 2, "fill": "#ff3300", "fill-opacity": 0.05, "stroke-dasharray": "1,6"}}, {"type": "Feature", "geometry": {"type": "Polygon", "coordinates": [[[-123.61244175673289, 42.589987658988875], [-123.61244084888435, 42.59088340504564], [-123.6124379853473, 42.593620935219185], [-123.61040702704797, 42.59361695340666], [-123.60754267362573, 42.59361131967096], [-123.60612012541604, 42.593608548802266], [-123.60264736190402, 42.59360172712279], [-123.60265248429589, 42.59000433089442], [-123.6027201977116, 42.58649239466568], [-123.60501499404481, 42.58646655045206], [-123.60755151941304, 42.58643798421589], [-123.61191166704597, 42.586388879809974], [-123.6119592680529, 42.58638834380553], [-123.61244549812344, 42.58638286776026], [-123.61244175673289, 42.589987658988875]]]}, "properties": {"title": "BLUE BIRD", "description": "lode | serial ORMC176850 | 20.66 ac | Active | qtr-sec OR 33 0340S 0080W 026 A NE | recorded~2021 (DB date, not legal located date) | src: BLM MLRS Not Closed | boundary approx (BLM quarter-section) | do not dig here (active claim)", "stroke": "#ff3300", "stroke-width": 2, "fill": "#ff3300", "fill-opacity": 0.05, "stroke-dasharray": "1,6"}}, {"type": "Feature", "geometry": {"type": "Polygon", "coordinates": [[[-123.30904619271145, 42.6775308766297], [-123.30904538972996, 42.677640461636834], [-123.30903009412673, 42.679987226788846], [-123.30902261232063, 42.68113381786314], [-123.30676849698293, 42.68111953007092], [-123.30402461757173, 42.68110208632386], [-123.30155052620096, 42.68108638655191], [-123.29902662482223, 42.681067352784346], [-123.29902898320883, 42.677457968552304], [-123.29903131259557, 42.673848583320236], [-123.30405189034926, 42.6738883708581], [-123.30907246910284, 42.67392793639596], [-123.30904619271145, 42.6775308766297]]]}, "properties": {"title": "HORSESHOE LOAD EXT 3", "description": "lode | serial ORMC176896 | 20.66 ac | Active | qtr-sec OR 33 0330S 0050W 028 A NW | recorded~2021 (DB date, not legal located date) | src: BLM MLRS Not Closed | boundary approx (BLM quarter-section) | do not dig here (active claim)", "stroke": "#ff3300", "stroke-width": 2, "fill": "#ff3300", "fill-opacity": 0.05, "stroke-dasharray": "1,6"}}, {"type": "Feature", "geometry": {"type": "Polygon", "coordinates": [[[-123.29410209985545, 42.67380929377389], [-123.29903131259557, 42.673848583320236], [-123.30405189034926, 42.6738883708581], [-123.30907246910284, 42.67392793639596], [-123.30904619271145, 42.6775308766297], [-123.30904538972996, 42.677640461636834], [-123.30903009412673, 42.679987226788846], [-123.30902261232063, 42.68113381786314], [-123.30676849698293, 42.68111953007092], [-123.30402461757173, 42.68110208632386], [-123.30155052620096, 42.68108638655191], [-123.29902662482223, 42.681067352784346], [-123.2941085230913, 42.68107276024001], [-123.29143600969522, 42.68108286948802], [-123.28917795036011, 42.68108860969743], [-123.28917754721816, 42.680254243643866], [-123.28917533373749, 42.67742919646254], [-123.28917374539357, 42.67540737633277], [-123.2891728551151, 42.673769782227524], [-123.29410209985545, 42.67380929377389]]]}, "properties": {"title": "HORSESHOE LOAD EXT 4", "description": "lode | serial ORMC176897 | 20.66 ac | Active | qtr-sec OR 33 0330S 0050W 028 A NW|OR 33 0330S 0050W 028 A NE | recorded~2021 (DB date, not legal located date) | src: BLM MLRS Not Closed | boundary approx (BLM quarter-section) | do not dig here (active claim)", "stroke": "#ff3300", "stroke-width": 2, "fill": "#ff3300", "fill-opacity": 0.05, "stroke-dasharray": "1,6"}}, {"type": "Feature", "geometry": {"type": "Polygon", "coordinates": [[[-123.29410209985545, 42.67380929377389], [-123.29903131259557, 42.673848583320236], [-123.30405189034926, 42.6738883708581], [-123.30907246910284, 42.67392793639596], [-123.30904619271145, 42.6775308766297], [-123.30904538972996, 42.677640461636834], [-123.30903009412673, 42.679987226788846], [-123.30902261232063, 42.68113381786314], [-123.30676849698293, 42.68111953007092], [-123.30402461757173, 42.68110208632386], [-123.30155052620096, 42.68108638655191], [-123.29902662482223, 42.681067352784346], [-123.2941085230913, 42.68107276024001], [-123.29143600969522, 42.68108286948802], [-123.28917795036011, 42.68108860969743], [-123.28917754721816, 42.680254243643866], [-123.28917533373749, 42.67742919646254], [-123.28917374539357, 42.67540737633277], [-123.2891728551151, 42.673769782227524], [-123.29410209985545, 42.67380929377389]]]}, "properties": {"title": "HORSESHOE LOAD EXT 5", "description": "lode | serial ORMC176898 | 20.66 ac | Active | qtr-sec OR 33 0330S 0050W 028 A NW|OR 33 0330S 0050W 028 A NE | recorded~2021 (DB date, not legal located date) | src: BLM MLRS Not Closed | boundary approx (BLM quarter-section) | do not dig here (active claim)", "stroke": "#ff3300", "stroke-width": 2, "fill": "#ff3300", "fill-opacity": 0.05, "stroke-dasharray": "1,6"}}, {"type": "Feature", "geometry": {"type": "Polygon", "coordinates": [[[-123.29410209985545, 42.67380929377389], [-123.29903131259557, 42.673848583320236], [-123.30405189034926, 42.6738883708581], [-123.30907246910284, 42.67392793639596], [-123.30904619271145, 42.6775308766297], [-123.30904538972996, 42.677640461636834], [-123.30903009412673, 42.679987226788846], [-123.30902261232063, 42.68113381786314], [-123.30676849698293, 42.68111953007092], [-123.30402461757173, 42.68110208632386], [-123.30155052620096, 42.68108638655191], [-123.29902662482223, 42.681067352784346], [-123.2941085230913, 42.68107276024001], [-123.29143600969522, 42.68108286948802], [-123.28917795036011, 42.68108860969743], [-123.28917754721816, 42.680254243643866], [-123.28917533373749, 42.67742919646254], [-123.28917374539357, 42.67540737633277], [-123.2891728551151, 42.673769782227524], [-123.29410209985545, 42.67380929377389]]]}, "properties": {"title": "HORSESHOE LOAD EXT 6", "description": "lode | serial ORMC176899 | 20.66 ac | Active | qtr-sec OR 33 0330S 0050W 028 A NW|OR 33 0330S 0050W 028 A NE | recorded~2021 (DB date, not legal located date) | src: BLM MLRS Not Closed | boundary approx (BLM quarter-section) | do not dig here (active claim)", "stroke": "#ff3300", "stroke-width": 2, "fill": "#ff3300", "fill-opacity": 0.05, "stroke-dasharray": "1,6"}}, {"type": "Feature", "geometry": {"type": "Polygon", "coordinates": [[[-123.29886830335633, 42.66669867787594], [-123.29877165830908, 42.66650503987245], [-123.29903608234832, 42.666504505847904], [-123.29986265947356, 42.66651779677231], [-123.30410435811613, 42.66658582138422], [-123.30917260488381, 42.66666710892048], [-123.30912249549353, 42.670299328158364], [-123.30907246910284, 42.67392793639596], [-123.30904619271145, 42.6775308766297], [-123.30904538972996, 42.677640461636834], [-123.30903009412673, 42.679987226788846], [-123.30902261232063, 42.68113381786314], [-123.30676849698293, 42.68111953007092], [-123.30402461757173, 42.68110208632386], [-123.30155052620096, 42.68108638655191], [-123.29902662482223, 42.681067352784346], [-123.29902898320883, 42.677457968552304], [-123.29903131259557, 42.673848583320236], [-123.29903369697188, 42.67017653108408], [-123.29903543252217, 42.6675282089138], [-123.2990357304382, 42.66703414888201], [-123.29886830335633, 42.66669867787594]]]}, "properties": {"title": "HORSESHOE LOAD EXT 7", "description": "lode | serial ORMC176900 | 20.66 ac | Active | qtr-sec OR 33 0330S 0050W 028 A NW|OR 33 0330S 0050W 028 A SW | recorded~2021 (DB date, not legal located date) | src: BLM MLRS Not Closed | boundary approx (BLM quarter-section) | do not dig here (active claim)", "stroke": "#ff3300", "stroke-width": 2, "fill": "#ff3300", "fill-opacity": 0.05, "stroke-dasharray": "1,6"}}, {"type": "Feature", "geometry": {"type": "Polygon", "coordinates": [[[-123.28917254678602, 42.67183379810312], [-123.28917229650499, 42.67018003599684], [-123.28917229650006, 42.67015097999496], [-123.2891720452067, 42.66842474588401], [-123.28917173488387, 42.6665249287619], [-123.2941038946162, 42.66651471730492], [-123.29625678593577, 42.666510258105475], [-123.29877165830908, 42.66650503987245], [-123.29903608234832, 42.666504505847904], [-123.29986265947356, 42.66651779677231], [-123.30410435811613, 42.66658582138422], [-123.30917260488381, 42.66666710892048], [-123.30912249549353, 42.670299328158364], [-123.30907246910284, 42.67392793639596], [-123.30904619271145, 42.6775308766297], [-123.30904538972996, 42.677640461636834], [-123.30903009412673, 42.679987226788846], [-123.30902261232063, 42.68113381786314], [-123.30676849698293, 42.68111953007092], [-123.30402461757173, 42.68110208632386], [-123.30155052620096, 42.68108638655191], [-123.29902662482223, 42.681067352784346], [-123.2941085230913, 42.68107276024001], [-123.29143600969522, 42.68108286948802], [-123.28917795036011, 42.68108860969743], [-123.28917754721816, 42.680254243643866], [-123.28917533373749, 42.67742919646254], [-123.28917374539357, 42.67540737633277], [-123.2891728551151, 42.673769782227524], [-123.28917254678602, 42.67183379810312]]]}, "properties": {"title": "HORSESHOE LOAD EXT 8", "description": "lode | serial ORMC176901 | 20.66 ac | Active | qtr-sec OR 33 0330S 0050W 028 A NW|OR 33 0330S 0050W 028 A NE|OR 33 0330S 0050W 028 A SW|OR 33 0330S 0050W 028 A SE | recorded~2021 (DB date, not legal located date) | src: BLM MLRS Not Closed | boundary approx (BLM quarter-section) | do not dig here (active claim)", "stroke": "#ff3300", "stroke-width": 2, "fill": "#ff3300", "fill-opacity": 0.05, "stroke-dasharray": "1,6"}}, {"type": "Feature", "geometry": {"type": "Polygon", "coordinates": [[[-123.33328418079682, 42.61553798540632], [-123.33818293753622, 42.615607461958405], [-123.3382010061563, 42.61925373019105], [-123.33821909777647, 42.62289997442364], [-123.33330807003743, 42.62284372287372], [-123.32839948729863, 42.62278747132349], [-123.32839597098823, 42.62095774820624], [-123.32839245467791, 42.61912800208893], [-123.32838893936756, 42.61729825597161], [-123.3283854230573, 42.61546850985427], [-123.33328418079682, 42.61553798540632]]]}, "properties": {"title": "JOHN HALL", "description": "lode | serial ORMC176918 | 20.66 ac | Active | qtr-sec OR 33 0340S 0050W 018 A NE | recorded~2021 (DB date, not legal located date) | src: BLM MLRS Not Closed | boundary approx (BLM quarter-section) | do not dig here (active claim)", "stroke": "#ff3300", "stroke-width": 2, "fill": "#ff3300", "fill-opacity": 0.05, "stroke-dasharray": "1,6"}}, {"type": "Feature", "geometry": {"type": "Polygon", "coordinates": [[[-123.33328418079682, 42.61553798540632], [-123.33818293753622, 42.615607461958405], [-123.34320686529445, 42.615678777499], [-123.34732659491603, 42.61573724112227], [-123.34729888852583, 42.61936274035771], [-123.34727115913576, 42.62298821659304], [-123.343222745528, 42.62294944996459], [-123.33821909777647, 42.62289997442364], [-123.33330807003743, 42.62284372287372], [-123.32839948729863, 42.62278747132349], [-123.32839597098823, 42.62095774820624], [-123.32839245467791, 42.61912800208893], [-123.32838893936756, 42.61729825597161], [-123.3283854230573, 42.61546850985427], [-123.33328418079682, 42.61553798540632]]]}, "properties": {"title": "RUSTY GOLD 3", "description": "lode | serial ORMC176920 | 20.66 ac | Active | qtr-sec OR 33 0340S 0050W 018 A NW|OR 33 0340S 0050W 018 A NE | recorded~2021 (DB date, not legal located date) | src: BLM MLRS Not Closed | boundary approx (BLM quarter-section) | do not dig here (active claim)", "stroke": "#ff3300", "stroke-width": 2, "fill": "#ff3300", "fill-opacity": 0.05, "stroke-dasharray": "1,6"}}, {"type": "Feature", "geometry": {"type": "Polygon", "coordinates": [[[-122.92421610892724, 42.17832771406747], [-122.92420661651842, 42.181950772311616], [-122.9241971251097, 42.185573831555736], [-122.91932526837921, 42.185583707997296], [-122.91445344164853, 42.185593557438814], [-122.91446176605717, 42.18197147219482], [-122.91447011846604, 42.17834938695069], [-122.91934311419674, 42.1783386465091], [-122.92421610892724, 42.17832771406747]]]}, "properties": {"title": "APEX QUARTZ", "description": "lode | serial ORMC177598 | 20.66 ac | Active | qtr-sec OR 33 0390S 0020W 015 A NE | recorded~2021 (DB date, not legal located date) | src: BLM MLRS Not Closed | boundary approx (BLM quarter-section) | do not dig here (active claim)", "stroke": "#ff3300", "stroke-width": 2, "fill": "#ff3300", "fill-opacity": 0.05, "stroke-dasharray": "1,6"}}, {"type": "Feature", "geometry": {"type": "Polygon", "coordinates": [[[-122.92421610892724, 42.17832771406747], [-122.92420661651842, 42.181950772311616], [-122.9241971251097, 42.185573831555736], [-122.91932526837921, 42.185583707997296], [-122.91445344164853, 42.185593557438814], [-122.91446176605717, 42.18197147219482], [-122.91447011846604, 42.17834938695069], [-122.91934311419674, 42.1783386465091], [-122.92421610892724, 42.17832771406747]]]}, "properties": {"title": "QUARTZ MATRIX", "description": "lode | serial ORMC177608 | 20.66 ac | Active | qtr-sec OR 33 0390S 0020W 015 A NE | recorded~2021 (DB date, not legal located date) | src: BLM MLRS Not Closed | boundary approx (BLM quarter-section) | do not dig here (active claim)", "stroke": "#ff3300", "stroke-width": 2, "fill": "#ff3300", "fill-opacity": 0.05, "stroke-dasharray": "1,6"}}, {"type": "Feature", "geometry": {"type": "Polygon", "coordinates": [[[-122.9145199322355, 42.2257317471264], [-122.91450435682647, 42.229346745370165], [-122.90947074306786, 42.229336896825885], [-122.9046143613359, 42.22932739826548], [-122.90463613074772, 42.22572355202178], [-122.90465787615975, 42.222119729778036], [-122.9095177278904, 42.22211826233747], [-122.91453548464469, 42.22211677188261], [-122.9145199322355, 42.2257317471264]]]}, "properties": {"title": "SLEEPY MINE 1", "description": "lode | serial ORMC178206 | 20.66 ac | Active | qtr-sec OR 33 0380S 0020W 035 A NW | recorded~2021 (DB date, not legal located date) | src: BLM MLRS Not Closed | boundary approx (BLM quarter-section) | do not dig here (active claim)", "stroke": "#ff3300", "stroke-width": 2, "fill": "#ff3300", "fill-opacity": 0.05, "stroke-dasharray": "1,6"}}, {"type": "Feature", "geometry": {"type": "Polygon", "coordinates": [[[-123.63187071029361, 42.68832432739719], [-123.62694831956975, 42.68832460585393], [-123.62202592984576, 42.688324883310614], [-123.61711599012484, 42.688333174766704], [-123.61220605140379, 42.68834146522273], [-123.61220667978397, 42.684704330993505], [-123.61220730816434, 42.68106719376413], [-123.61711877488762, 42.68107125930887], [-123.62203024061085, 42.68107532485357], [-123.62336255480649, 42.68107323772988], [-123.62694940333313, 42.68106769539684], [-123.62955083571497, 42.681063654155274], [-123.63109284194131, 42.6810612680121], [-123.63186856405521, 42.6810600659401], [-123.63263513016764, 42.681058526868874], [-123.63186874015639, 42.68165378197743], [-123.63186963667431, 42.68469219816867], [-123.63187071029361, 42.68832432739719]]]}, "properties": {"title": "IOWA", "description": "lode | serial ORMC18189 | 20.66 ac | Active | qtr-sec OR 33 0330S 0080W 022 A SE|OR 33 0330S 0080W 023 A SW | recorded~2021 (DB date, not legal located date) | src: BLM MLRS Not Closed | boundary approx (BLM quarter-section) | do not dig here (active claim)", "stroke": "#ff3300", "stroke-width": 2, "fill": "#ff3300", "fill-opacity": 0.05, "stroke-dasharray": "1,6"}}, {"type": "Feature", "geometry": {"type": "Polygon", "coordinates": [[[-123.63679418377772, 42.68105018748257], [-123.63263513016764, 42.681058526868874], [-123.63186874015639, 42.68165378197743], [-123.63186963667431, 42.68469219816867], [-123.63187071029361, 42.68832432739719], [-123.62694831956975, 42.68832460585393], [-123.62202592984576, 42.688324883310614], [-123.61711599012484, 42.688333174766704], [-123.61220605140379, 42.68834146522273], [-123.61220667978397, 42.684704330993505], [-123.61220730816434, 42.68106719376413], [-123.61220823184533, 42.67919414764601], [-123.61220911154938, 42.67745590453632], [-123.61221091393466, 42.673844613308475], [-123.6148653243255, 42.67384638506243], [-123.61712646965836, 42.673847717852865], [-123.622042025382, 42.673850821397295], [-123.6269585561011, 42.67382722793994], [-123.62777431922038, 42.67382342686402], [-123.63187508582001, 42.67380363448252], [-123.63187284224418, 42.67629579863967], [-123.63237960033162, 42.67637195659747], [-123.63310226599945, 42.67379769336837], [-123.63679652953948, 42.673779594024666], [-123.63679535615856, 42.67741499725363], [-123.63679418377772, 42.68105018748257]], [[-123.63311608517469, 42.68068496680076], [-123.63186906795934, 42.68049717190458], [-123.63186856405521, 42.6810600659401], [-123.63263513016764, 42.681058526868874], [-123.63311608517469, 42.68068496680076]]]}, "properties": {"title": "IDAHO", "description": "lode | serial ORMC18190 | 20.66 ac | Active | qtr-sec OR 33 0330S 0080W 022 A SE|OR 33 0330S 0080W 023 A SW|OR 33 0330S 0080W 026 A NW|OR 33 0330S 0080W 027 A NE | recorded~2021 (DB date, not legal located date) | src: BLM MLRS Not Closed | boundary approx (BLM quarter-section) | do not dig here (active claim)", "stroke": "#ff3300", "stroke-width": 2, "fill": "#ff3300", "fill-opacity": 0.05, "stroke-dasharray": "1,6"}}, {"type": "Feature", "geometry": {"type": "Polygon", "coordinates": [[[-123.62203024061085, 42.68107532485357], [-123.62202962278675, 42.68210812391874], [-123.6220293498645, 42.68256462494747], [-123.62202890699028, 42.68330303499404], [-123.62202808522825, 42.68470010508211], [-123.62202748339766, 42.68569467314483], [-123.62202723047072, 42.68612345917189], [-123.62202592984576, 42.688324883310614], [-123.61711599012484, 42.688333174766704], [-123.61220605140379, 42.68834146522273], [-123.61220667978397, 42.684704330993505], [-123.61220730816434, 42.68106719376413], [-123.61711877488762, 42.68107125930887], [-123.62203024061085, 42.68107532485357]]]}, "properties": {"title": "BERKELEY", "description": "lode | serial ORMC18191 | 20.66 ac | Active | qtr-sec OR 33 0330S 0080W 023 A SW | recorded~2021 (DB date, not legal located date) | src: BLM MLRS Not Closed | boundary approx (BLM quarter-section) | do not dig here (active claim)", "stroke": "#ff3300", "stroke-width": 2, "fill": "#ff3300", "fill-opacity": 0.05, "stroke-dasharray": "1,6"}}, {"type": "Feature", "geometry": {"type": "Polygon", "coordinates": [[[-123.63187071029361, 42.68832432739719], [-123.62694831956975, 42.68832460585393], [-123.62202592984576, 42.688324883310614], [-123.62202274546578, 42.691964289540074], [-123.62201956208604, 42.69560369276954], [-123.6171121773662, 42.69561659922576], [-123.6122047926463, 42.69562950568201], [-123.61220542202493, 42.6919854864524], [-123.61220605140379, 42.68834146522273], [-123.61220667978397, 42.684704330993505], [-123.61220730816434, 42.68106719376413], [-123.61711877488762, 42.68107125930887], [-123.62203024061085, 42.68107532485357], [-123.62336255480649, 42.68107323772988], [-123.62694940333313, 42.68106769539684], [-123.62955083571497, 42.681063654155274], [-123.63109284194131, 42.6810612680121], [-123.63186856405521, 42.6810600659401], [-123.63263513016764, 42.681058526868874], [-123.63186874015639, 42.68165378197743], [-123.63186963667431, 42.68469219816867], [-123.63187071029361, 42.68832432739719]]]}, "properties": {"title": "POSER", "description": "lode | serial ORMC18192 | 20.66 ac | Active | qtr-sec OR 33 0330S 0080W 022 A SE|OR 33 0330S 0080W 023 A NW|OR 33 0330S 0080W 023 A SW | recorded~2021 (DB date, not legal located date) | src: BLM MLRS Not Closed | boundary approx (BLM quarter-section) | do not dig here (active claim)", "stroke": "#ff3300", "stroke-width": 2, "fill": "#ff3300", "fill-opacity": 0.05, "stroke-dasharray": "1,6"}}, {"type": "Feature", "geometry": {"type": "Polygon", "coordinates": [[[-123.62203024061085, 42.68107532485357], [-123.62202962278675, 42.68210812391874], [-123.6220293498645, 42.68256462494747], [-123.62202890699028, 42.68330303499404], [-123.62202808522825, 42.68470010508211], [-123.62202748339766, 42.68569467314483], [-123.62202723047072, 42.68612345917189], [-123.62202592984576, 42.688324883310614], [-123.62202274546578, 42.691964289540074], [-123.62201956208604, 42.69560369276954], [-123.6171121773662, 42.69561659922576], [-123.6122047926463, 42.69562950568201], [-123.61220542202493, 42.6919854864524], [-123.61220605140379, 42.68834146522273], [-123.61220667978397, 42.684704330993505], [-123.61220730816434, 42.68106719376413], [-123.61711877488762, 42.68107125930887], [-123.62203024061085, 42.68107532485357]]]}, "properties": {"title": "CONFIDENCE", "description": "lode | serial ORMC18193 | 20.66 ac | Active | qtr-sec OR 33 0330S 0080W 023 A NW|OR 33 0330S 0080W 023 A SW | recorded~2021 (DB date, not legal located date) | src: BLM MLRS Not Closed | boundary approx (BLM quarter-section) | do not dig here (active claim)", "stroke": "#ff3300", "stroke-width": 2, "fill": "#ff3300", "fill-opacity": 0.05, "stroke-dasharray": "1,6"}}, {"type": "Feature", "geometry": {"type": "Polygon", "coordinates": [[[-123.63188154559688, 42.666614059029044], [-123.63679541231829, 42.666607929573125], [-123.6417092800395, 42.666601799117174], [-123.64171362564912, 42.670178678342], [-123.64171797125887, 42.67375555356674], [-123.64171888787939, 42.67739793279595], [-123.64171980350014, 42.68104030802505], [-123.63679418377772, 42.68105018748257], [-123.63679535615856, 42.67741499725363], [-123.63679652953948, 42.673779594024666], [-123.63310226599945, 42.67379769336837], [-123.63237960033162, 42.67637195659747], [-123.63187284224418, 42.67629579863967], [-123.63187508582001, 42.67380363448252], [-123.63187662852914, 42.67209416937472], [-123.63187831520835, 42.670208847255786], [-123.63188154559688, 42.666614059029044]]]}, "properties": {"title": "WASHINGTON", "description": "lode | serial ORMC18194 | 20.66 ac | Active | qtr-sec OR 33 0330S 0080W 027 A NW|OR 33 0330S 0080W 027 A SW | recorded~2021 (DB date, not legal located date) | src: BLM MLRS Not Closed | boundary approx (BLM quarter-section) | do not dig here (active claim)", "stroke": "#ff3300", "stroke-width": 2, "fill": "#ff3300", "fill-opacity": 0.05, "stroke-dasharray": "1,6"}}, {"type": "Feature", "geometry": {"type": "Polygon", "coordinates": [[[-123.63310226599945, 42.67379769336837], [-123.63679652953948, 42.673779594024666], [-123.64171797125887, 42.67375555356674], [-123.64171888787939, 42.67739793279595], [-123.64171980350014, 42.68104030802505], [-123.63679418377772, 42.68105018748257], [-123.63263513016764, 42.681058526868874], [-123.63186856405521, 42.6810600659401], [-123.63109284194131, 42.6810612680121], [-123.62955083571497, 42.681063654155274], [-123.62694940333313, 42.68106769539684], [-123.62336255480649, 42.68107323772988], [-123.62203024061085, 42.68107532485357], [-123.62203613399636, 42.677463074625436], [-123.622042025382, 42.673850821397295], [-123.6269585561011, 42.67382722793994], [-123.62777431922038, 42.67382342686402], [-123.63187508582001, 42.67380363448252], [-123.63310226599945, 42.67379769336837]]]}, "properties": {"title": "MONTANA", "description": "lode | serial ORMC18195 | 20.66 ac | Active | qtr-sec OR 33 0330S 0080W 027 A NW|OR 33 0330S 0080W 027 A NE | recorded~2021 (DB date, not legal located date) | src: BLM MLRS Not Closed | boundary approx (BLM quarter-section) | do not dig here (active claim)", "stroke": "#ff3300", "stroke-width": 2, "fill": "#ff3300", "fill-opacity": 0.05, "stroke-dasharray": "1,6"}}, {"type": "Feature", "geometry": {"type": "Polygon", "coordinates": [[[-123.62204793176781, 42.67023857116909], [-123.6220538381538, 42.66662631794085], [-123.62619732776228, 42.66662114855642], [-123.62696769187541, 42.666620187484945], [-123.63188154559688, 42.666614059029044], [-123.63187831520835, 42.670208847255786], [-123.63187662852914, 42.67209416937472], [-123.63187508582001, 42.67380363448252], [-123.63187284224418, 42.67629579863967], [-123.63237960033162, 42.67637195659747], [-123.63310226599945, 42.67379769336837], [-123.63679652953948, 42.673779594024666], [-123.63679535615856, 42.67741499725363], [-123.63679418377772, 42.68105018748257], [-123.63263513016764, 42.681058526868874], [-123.63311608517469, 42.68068496680076], [-123.63186906795934, 42.68049717190458], [-123.63186856405521, 42.6810600659401], [-123.63109284194131, 42.6810612680121], [-123.62955083571497, 42.681063654155274], [-123.62694940333313, 42.68106769539684], [-123.62336255480649, 42.68107323772988], [-123.62203024061085, 42.68107532485357], [-123.62203613399636, 42.677463074625436], [-123.622042025382, 42.673850821397295], [-123.62204793176781, 42.67023857116909]]]}, "properties": {"title": "COLORADO", "description": "lode | serial ORMC18196 | 20.66 ac | Active | qtr-sec OR 33 0330S 0080W 027 A NE|OR 33 0330S 0080W 027 A SE | recorded~2021 (DB date, not legal located date) | src: BLM MLRS Not Closed | boundary approx (BLM quarter-section) | do not dig here (active claim)", "stroke": "#ff3300", "stroke-width": 2, "fill": "#ff3300", "fill-opacity": 0.05, "stroke-dasharray": "1,6"}}, {"type": "Feature", "geometry": {"type": "Polygon", "coordinates": [[[-123.63679535615856, 42.67741499725363], [-123.63679418377772, 42.68105018748257], [-123.63263513016764, 42.681058526868874], [-123.63311608517469, 42.68068496680076], [-123.63186906795934, 42.68049717190458], [-123.63186856405521, 42.6810600659401], [-123.63109284194131, 42.6810612680121], [-123.62955083571497, 42.681063654155274], [-123.62694940333313, 42.68106769539684], [-123.62336255480649, 42.68107323772988], [-123.62203024061085, 42.68107532485357], [-123.62203613399636, 42.677463074625436], [-123.622042025382, 42.673850821397295], [-123.6269585561011, 42.67382722793994], [-123.62777431922038, 42.67382342686402], [-123.63187508582001, 42.67380363448252], [-123.63187284224418, 42.67629579863967], [-123.63237960033162, 42.67637195659747], [-123.63310226599945, 42.67379769336837], [-123.63679652953948, 42.673779594024666], [-123.63679535615856, 42.67741499725363]]]}, "properties": {"title": "NEVADA", "description": "lode | serial ORMC18197 | 20.66 ac | Active | qtr-sec OR 33 0330S 0080W 027 A NE | recorded~2021 (DB date, not legal located date) | src: BLM MLRS Not Closed | boundary approx (BLM quarter-section) | do not dig here (active claim)", "stroke": "#ff3300", "stroke-width": 2, "fill": "#ff3300", "fill-opacity": 0.05, "stroke-dasharray": "1,6"}}, {"type": "Feature", "geometry": {"type": "Polygon", "coordinates": [[[-123.63679535615856, 42.67741499725363], [-123.63679418377772, 42.68105018748257], [-123.63263513016764, 42.681058526868874], [-123.63311608517469, 42.68068496680076], [-123.63186906795934, 42.68049717190458], [-123.63186856405521, 42.6810600659401], [-123.63109284194131, 42.6810612680121], [-123.62955083571497, 42.681063654155274], [-123.62694940333313, 42.68106769539684], [-123.62336255480649, 42.68107323772988], [-123.62203024061085, 42.68107532485357], [-123.62202962278675, 42.68210812391874], [-123.6220293498645, 42.68256462494747], [-123.62202890699028, 42.68330303499404], [-123.62202808522825, 42.68470010508211], [-123.62202748339766, 42.68569467314483], [-123.62202723047072, 42.68612345917189], [-123.62202592984576, 42.688324883310614], [-123.61711599012484, 42.688333174766704], [-123.61220605140379, 42.68834146522273], [-123.61220667978397, 42.684704330993505], [-123.61220730816434, 42.68106719376413], [-123.61220823184533, 42.67919414764601], [-123.61220911154938, 42.67745590453632], [-123.61221091393466, 42.673844613308475], [-123.6148653243255, 42.67384638506243], [-123.61712646965836, 42.673847717852865], [-123.622042025382, 42.673850821397295], [-123.6269585561011, 42.67382722793994], [-123.62777431922038, 42.67382342686402], [-123.63187508582001, 42.67380363448252], [-123.63187284224418, 42.67629579863967], [-123.63237960033162, 42.67637195659747], [-123.63310226599945, 42.67379769336837], [-123.63679652953948, 42.673779594024666], [-123.63679535615856, 42.67741499725363]]]}, "properties": {"title": "HAZEL", "description": "lode | serial ORMC18198 | 20.66 ac | Active | qtr-sec OR 33 0330S 0080W 023 A SW|OR 33 0330S 0080W 026 A NW|OR 33 0330S 0080W 027 A NE | recorded~2021 (DB date, not legal located date) | src: BLM MLRS Not Closed | boundary approx (BLM quarter-section) | do not dig here (active claim)", "stroke": "#ff3300", "stroke-width": 2, "fill": "#ff3300", "fill-opacity": 0.05, "stroke-dasharray": "1,6"}}, {"type": "Feature", "geometry": {"type": "Polygon", "coordinates": [[[-123.63679535615856, 42.67741499725363], [-123.63679418377772, 42.68105018748257], [-123.63263513016764, 42.681058526868874], [-123.63311608517469, 42.68068496680076], [-123.63186906795934, 42.68049717190458], [-123.63186856405521, 42.6810600659401], [-123.63109284194131, 42.6810612680121], [-123.62955083571497, 42.681063654155274], [-123.62694940333313, 42.68106769539684], [-123.62336255480649, 42.68107323772988], [-123.62203024061085, 42.68107532485357], [-123.62203613399636, 42.677463074625436], [-123.622042025382, 42.673850821397295], [-123.6269585561011, 42.67382722793994], [-123.62777431922038, 42.67382342686402], [-123.63187508582001, 42.67380363448252], [-123.63187284224418, 42.67629579863967], [-123.63237960033162, 42.67637195659747], [-123.63310226599945, 42.67379769336837], [-123.63679652953948, 42.673779594024666], [-123.63679535615856, 42.67741499725363]]]}, "properties": {"title": "DAWN", "description": "lode | serial ORMC18199 | 20.66 ac | Active | qtr-sec OR 33 0330S 0080W 027 A NE | recorded~2021 (DB date, not legal located date) | src: BLM MLRS Not Closed | boundary approx (BLM quarter-section) | do not dig here (active claim)", "stroke": "#ff3300", "stroke-width": 2, "fill": "#ff3300", "fill-opacity": 0.05, "stroke-dasharray": "1,6"}}, {"type": "Feature", "geometry": {"type": "Polygon", "coordinates": [[[-123.62203024061085, 42.68107532485357], [-123.62202962278675, 42.68210812391874], [-123.6220293498645, 42.68256462494747], [-123.62202890699028, 42.68330303499404], [-123.62202808522825, 42.68470010508211], [-123.62202748339766, 42.68569467314483], [-123.62202723047072, 42.68612345917189], [-123.62202592984576, 42.688324883310614], [-123.61711599012484, 42.688333174766704], [-123.61220605140379, 42.68834146522273], [-123.61220667978397, 42.684704330993505], [-123.61220730816434, 42.68106719376413], [-123.61711877488762, 42.68107125930887], [-123.62203024061085, 42.68107532485357]]]}, "properties": {"title": "MARYLAND", "description": "lode | serial ORMC18200 | 20.66 ac | Active | qtr-sec OR 33 0330S 0080W 023 A SW | recorded~2021 (DB date, not legal located date) | src: BLM MLRS Not Closed | boundary approx (BLM quarter-section) | do not dig here (active claim)", "stroke": "#ff3300", "stroke-width": 2, "fill": "#ff3300", "fill-opacity": 0.05, "stroke-dasharray": "1,6"}}, {"type": "Feature", "geometry": {"type": "Polygon", "coordinates": [[[-123.62204793176781, 42.67023857116909], [-123.6220538381538, 42.66662631794085], [-123.62619732776228, 42.66662114855642], [-123.62696769187541, 42.666620187484945], [-123.63188154559688, 42.666614059029044], [-123.63187831520835, 42.670208847255786], [-123.63187662852914, 42.67209416937472], [-123.63187508582001, 42.67380363448252], [-123.63187284224418, 42.67629579863967], [-123.63237960033162, 42.67637195659747], [-123.63310226599945, 42.67379769336837], [-123.63679652953948, 42.673779594024666], [-123.63679535615856, 42.67741499725363], [-123.63679418377772, 42.68105018748257], [-123.63263513016764, 42.681058526868874], [-123.63311608517469, 42.68068496680076], [-123.63186906795934, 42.68049717190458], [-123.63186856405521, 42.6810600659401], [-123.63109284194131, 42.6810612680121], [-123.62955083571497, 42.681063654155274], [-123.62694940333313, 42.68106769539684], [-123.62336255480649, 42.68107323772988], [-123.62203024061085, 42.68107532485357], [-123.62203613399636, 42.677463074625436], [-123.622042025382, 42.673850821397295], [-123.62204793176781, 42.67023857116909]]]}, "properties": {"title": "HIGH ORE", "description": "lode | serial ORMC18201 | 20.66 ac | Active | qtr-sec OR 33 0330S 0080W 027 A NE|OR 33 0330S 0080W 027 A SE | recorded~2021 (DB date, not legal located date) | src: BLM MLRS Not Closed | boundary approx (BLM quarter-section) | do not dig here (active claim)", "stroke": "#ff3300", "stroke-width": 2, "fill": "#ff3300", "fill-opacity": 0.05, "stroke-dasharray": "1,6"}}, {"type": "Feature", "geometry": {"type": "Polygon", "coordinates": [[[-123.64171888787939, 42.67739793279595], [-123.64171980350014, 42.68104030802505], [-123.63679418377772, 42.68105018748257], [-123.63679535615856, 42.67741499725363], [-123.63679652953948, 42.673779594024666], [-123.64171797125887, 42.67375555356674], [-123.64171888787939, 42.67739793279595]]]}, "properties": {"title": "UTAH", "description": "lode | serial ORMC18202 | 20.66 ac | Active | qtr-sec OR 33 0330S 0080W 027 A NW | recorded~2021 (DB date, not legal located date) | src: BLM MLRS Not Closed | boundary approx (BLM quarter-section) | do not dig here (active claim)", "stroke": "#ff3300", "stroke-width": 2, "fill": "#ff3300", "fill-opacity": 0.05, "stroke-dasharray": "1,6"}}, {"type": "Feature", "geometry": {"type": "Polygon", "coordinates": [[[-123.63691929671407, 42.556763291624996], [-123.64182985642938, 42.55672803216961], [-123.64183760403995, 42.560336548397245], [-123.63693732232247, 42.56035014085045], [-123.63691929671407, 42.556763291624996]]]}, "properties": {"title": "SUGAR PINE", "description": "lode | serial ORMC20078 | 2195.436 ac | Active | qtr-sec OR 33 0350S 0080W 003 GovernmentLot3 | OR 33 0350S 0080W 003 GovernmentLot4 | OR 33 0350S 0080W 003 SENW | OR 33 0350S 0080W 003 SWNW | recorded~2021 (DB date, not legal located date) | src: BLM MLRS Not Closed | boundary approx (BLM quarter-section) | do not dig here (active claim)", "stroke": "#ff3300", "stroke-width": 2, "fill": "#ff3300", "fill-opacity": 0.05, "stroke-dasharray": "1,6"}}, {"type": "Feature", "geometry": {"type": "Polygon", "coordinates": [[[-123.6467563694764, 42.56456367021061], [-123.64184730775415, 42.564555955663344], [-123.63695838503286, 42.56453732511354], [-123.63206946331145, 42.564518694563695], [-123.63203676160477, 42.56036350930364], [-123.6320087079986, 42.55679835608043], [-123.63198031938515, 42.55318958985447], [-123.63195546684827, 42.55003002165661], [-123.63195193177191, 42.549580852628495], [-123.63687979749211, 42.54955876017246], [-123.63834593970634, 42.54955221303679], [-123.64180769121218, 42.54953669471641], [-123.64670872192949, 42.54952254726331], [-123.65, 42.54951302776801], [-123.65, 42.56456874901765], [-123.6467563694764, 42.56456367021061]]]}, "properties": {"title": "SUGAR PINE S EXT", "description": "lode | serial ORMC20079 | 20.66 ac | Active | qtr-sec OR 33 0350S 0080W 003 A NW|OR 33 0350S 0080W 003 A SW|OR 33 0350S 0080W 004 A NE|OR 33 0350S 0080W 004 A SE | recorded~2021 (DB date, not legal located date) | src: BLM MLRS Not Closed | boundary approx (BLM quarter-section) | do not dig here (active claim)", "stroke": "#ff3300", "stroke-width": 2, "fill": "#ff3300", "fill-opacity": 0.05, "stroke-dasharray": "1,6"}}, {"type": "Feature", "geometry": {"type": "Polygon", "coordinates": [[[-123.64183760403995, 42.560336548397245], [-123.64182985642938, 42.55672803216961], [-123.64673313814825, 42.55672082971661], [-123.65, 42.556715882405946], [-123.65, 42.57180405229657], [-123.64673089069562, 42.57179973967062], [-123.64180705697133, 42.57179322112492], [-123.64182717336266, 42.56817458989417], [-123.64184730775415, 42.564555955663344], [-123.64183760403995, 42.560336548397245]]]}, "properties": {"title": "BLACK JACK", "description": "lode | serial ORMC20080 | 20.66 ac | Active | qtr-sec OR 33 0340S 0080W 033 A SE|OR 33 0350S 0080W 004 A NE | recorded~2021 (DB date, not legal located date) | src: BLM MLRS Not Closed | boundary approx (BLM quarter-section) | do not dig here (active claim)", "stroke": "#ff3300", "stroke-width": 2, "fill": "#ff3300", "fill-opacity": 0.05, "stroke-dasharray": "1,6"}}, {"type": "Feature", "geometry": {"type": "Polygon", "coordinates": [[[-123.64184730775415, 42.564555955663344], [-123.64183760403995, 42.560336548397245], [-123.64182985642938, 42.55672803216961], [-123.64673313814825, 42.55672082971661], [-123.65, 42.556715882405946], [-123.65, 42.56456874901765], [-123.6467563694764, 42.56456367021061], [-123.64184730775415, 42.564555955663344]]]}, "properties": {"title": "BLACK JACK 3", "description": "lode | serial ORMC20081 | 20.66 ac | Active | qtr-sec OR 33 0350S 0080W 004 A NE | recorded~2021 (DB date, not legal located date) | src: BLM MLRS Not Closed | boundary approx (BLM quarter-section) | do not dig here (active claim)", "stroke": "#ff3300", "stroke-width": 2, "fill": "#ff3300", "fill-opacity": 0.05, "stroke-dasharray": "1,6"}}, {"type": "Feature", "geometry": {"type": "Polygon", "coordinates": [[[-123.63695838503286, 42.56453732511354], [-123.63206946331145, 42.564518694563695], [-123.63203676160477, 42.56036350930364], [-123.6320087079986, 42.55679835608043], [-123.63691929671407, 42.556763291624996], [-123.64182985642938, 42.55672803216961], [-123.64673313814825, 42.55672082971661], [-123.65, 42.556715882405946], [-123.65, 42.56456874901765], [-123.6467563694764, 42.56456367021061], [-123.64184730775415, 42.564555955663344], [-123.63695838503286, 42.56453732511354]]]}, "properties": {"title": "OREGONIAN", "description": "lode | serial ORMC20082 | 20.66 ac | Active | qtr-sec OR 33 0350S 0080W 003 A NW|OR 33 0350S 0080W 004 A NE | recorded~2021 (DB date, not legal located date) | src: BLM MLRS Not Closed | boundary approx (BLM quarter-section) | do not dig here (active claim)", "stroke": "#ff3300", "stroke-width": 2, "fill": "#ff3300", "fill-opacity": 0.05, "stroke-dasharray": "1,6"}}, {"type": "Feature", "geometry": {"type": "Polygon", "coordinates": [[[-123.64670872192949, 42.54952254726331], [-123.65, 42.54951302776801], [-123.65, 42.556715882405946], [-123.64673313814825, 42.55672082971661], [-123.64182985642938, 42.55672803216961], [-123.63691929671407, 42.556763291624996], [-123.6320087079986, 42.55679835608043], [-123.63198031938515, 42.55318958985447], [-123.63195546684827, 42.55003002165661], [-123.63195193177191, 42.549580852628495], [-123.63687979749211, 42.54955876017246], [-123.63834593970634, 42.54955221303679], [-123.64180769121218, 42.54953669471641], [-123.64670872192949, 42.54952254726331]]]}, "properties": {"title": "GOLDEN CYCLE", "description": "lode | serial ORMC20083 | 20.66 ac | Active | qtr-sec OR 33 0350S 0080W 003 A SW|OR 33 0350S 0080W 004 A SE | recorded~2021 (DB date, not legal located date) | src: BLM MLRS Not Closed | boundary approx (BLM quarter-section) | do not dig here (active claim)", "stroke": "#ff3300", "stroke-width": 2, "fill": "#ff3300", "fill-opacity": 0.05, "stroke-dasharray": "1,6"}}, {"type": "Feature", "geometry": {"type": "Polygon", "coordinates": [[[-123.59133197998597, 42.60982061919591], [-123.59228414122802, 42.61042209014594], [-123.59286070044305, 42.61119008214126], [-123.59293951347244, 42.611295088140594], [-123.59344259063562, 42.61182098312738], [-123.59373360573005, 42.61212522311971], [-123.59367178988677, 42.613103810187404], [-123.59364585218485, 42.6148844523025], [-123.59358641127218, 42.61545139534391], [-123.59287674316822, 42.6154542354097], [-123.59177744300719, 42.615458595511704], [-123.58796855544907, 42.615473630864926], [-123.58306034572976, 42.61549300332006], [-123.5830397631131, 42.61187316109263], [-123.58302388268869, 42.60938261893634], [-123.58428836486164, 42.609304369814446], [-123.58539801101331, 42.60923570170751], [-123.58711669726874, 42.6092499515495], [-123.58793784439582, 42.609286482475866], [-123.58952060364076, 42.60935684333401], [-123.59133197998597, 42.60982061919591]]]}, "properties": {"title": "HIDDEN TREASURE", "description": "lode | serial ORMC28579 | 20.66 ac | Active | qtr-sec OR 33 0340S 0080W 013 A SE | recorded~2021 (DB date, not legal located date) | src: BLM MLRS Not Closed | boundary approx (BLM quarter-section) | do not dig here (active claim)", "stroke": "#ff3300", "stroke-width": 2, "fill": "#ff3300", "fill-opacity": 0.05, "stroke-dasharray": "1,6"}}, {"type": "Feature", "geometry": {"type": "Polygon", "coordinates": [[[-123.59228414122802, 42.61042209014594], [-123.59286070044305, 42.61119008214126], [-123.59293951347244, 42.611295088140594], [-123.59344259063562, 42.61182098312738], [-123.59373360573005, 42.61212522311971], [-123.59367178988677, 42.613103810187404], [-123.59364585218485, 42.6148844523025], [-123.59358641127218, 42.61545139534391], [-123.59287674316822, 42.6154542354097], [-123.59177744300719, 42.615458595511704], [-123.58796855544907, 42.615473630864926], [-123.58306034572976, 42.61549300332006], [-123.57804573098261, 42.61544154778058], [-123.573303808276, 42.61539288721601], [-123.5733246926748, 42.611827969988134], [-123.57334555407387, 42.60826307676018], [-123.57808908377217, 42.60826167932153], [-123.58044165111835, 42.60826023510398], [-123.58219317437604, 42.608259141941915], [-123.58301580349705, 42.608258628865855], [-123.58302388268869, 42.60938261893634], [-123.58428836486164, 42.609304369814446], [-123.58539801101331, 42.60923570170751], [-123.58711669726874, 42.6092499515495], [-123.58793784439582, 42.609286482475866], [-123.58952060364076, 42.60935684333401], [-123.59133197998597, 42.60982061919591], [-123.59228414122802, 42.61042209014594]]]}, "properties": {"title": "LOST TREASURE", "description": "lode | serial ORMC28580 | 20.66 ac | Active | qtr-sec OR 33 0340S 0070W 018 A SW|OR 33 0340S 0080W 013 A SE | recorded~2021 (DB date, not legal located date) | src: BLM MLRS Not Closed | boundary approx (BLM quarter-section) | do not dig here (active claim)", "stroke": "#ff3300", "stroke-width": 2, "fill": "#ff3300", "fill-opacity": 0.05, "stroke-dasharray": "1,6"}}, {"type": "Feature", "geometry": {"type": "Polygon", "coordinates": [[[-123.59228414122802, 42.61042209014594], [-123.59286070044305, 42.61119008214126], [-123.59293951347244, 42.611295088140594], [-123.59344259063562, 42.61182098312738], [-123.59373360573005, 42.61212522311971], [-123.59367178988677, 42.613103810187404], [-123.59364585218485, 42.6148844523025], [-123.59358641127218, 42.61545139534391], [-123.5935567253158, 42.615734331364585], [-123.59368701736379, 42.615904344363294], [-123.5928783732417, 42.61588611343692], [-123.59289048078834, 42.6190994326392], [-123.59289387994217, 42.62000367669614], [-123.59290421840863, 42.622744792868644], [-123.58798951168886, 42.622766818324685], [-123.58307482896902, 42.62278882178077], [-123.58307366492832, 42.62254970476577], [-123.58308060235127, 42.61914124954928], [-123.583080602331, 42.619021714541695], [-123.58306034572976, 42.61549300332006], [-123.5830397631131, 42.61187316109263], [-123.58302388268869, 42.60938261893634], [-123.58428836486164, 42.609304369814446], [-123.58539801101331, 42.60923570170751], [-123.58711669726874, 42.6092499515495], [-123.58793784439582, 42.609286482475866], [-123.58952060364076, 42.60935684333401], [-123.59133197998597, 42.60982061919591], [-123.59228414122802, 42.61042209014594]]]}, "properties": {"title": "HIDDEN TREASURE EXT", "description": "lode | serial ORMC28581 | 20.66 ac | Active | qtr-sec OR 33 0340S 0080W 013 A NE|OR 33 0340S 0080W 013 A SE | recorded~2021 (DB date, not legal located date) | src: BLM MLRS Not Closed | boundary approx (BLM quarter-section) | do not dig here (active claim)", "stroke": "#ff3300", "stroke-width": 2, "fill": "#ff3300", "fill-opacity": 0.05, "stroke-dasharray": "1,6"}}, {"type": "Feature", "geometry": {"type": "Polygon", "coordinates": [[[-123.59228414122802, 42.61042209014594], [-123.59286070044305, 42.61119008214126], [-123.59293951347244, 42.611295088140594], [-123.59344259063562, 42.61182098312738], [-123.59373360573005, 42.61212522311971], [-123.59367178988677, 42.613103810187404], [-123.59364585218485, 42.6148844523025], [-123.59358641127218, 42.61545139534391], [-123.5935567253158, 42.615734331364585], [-123.59368701736379, 42.615904344363294], [-123.5928783732417, 42.61588611343692], [-123.59289048078834, 42.6190994326392], [-123.59289387994217, 42.62000367669614], [-123.59290421840863, 42.622744792868644], [-123.58798951168886, 42.622766818324685], [-123.58307482896902, 42.62278882178077], [-123.58307366492832, 42.62254970476577], [-123.57799569717648, 42.62252574623397], [-123.57325952547487, 42.62250185867058], [-123.57328958287636, 42.61894644144249], [-123.573303808276, 42.61539288721601], [-123.5733246926748, 42.611827969988134], [-123.57334555407387, 42.60826307676018], [-123.57808908377217, 42.60826167932153], [-123.58044165111835, 42.60826023510398], [-123.58219317437604, 42.608259141941915], [-123.58301580349705, 42.608258628865855], [-123.58302388268869, 42.60938261893634], [-123.58428836486164, 42.609304369814446], [-123.58539801101331, 42.60923570170751], [-123.58711669726874, 42.6092499515495], [-123.58793784439582, 42.609286482475866], [-123.58952060364076, 42.60935684333401], [-123.59133197998597, 42.60982061919591], [-123.59228414122802, 42.61042209014594]]]}, "properties": {"title": "LOST TREASURE EXT", "description": "lode | serial ORMC28582 | 20.66 ac | Active | qtr-sec OR 33 0340S 0070W 018 A NW|OR 33 0340S 0070W 018 A SW|OR 33 0340S 0080W 013 A NE|OR 33 0340S 0080W 013 A SE | recorded~2021 (DB date, not legal located date) | src: BLM MLRS Not Closed | boundary approx (BLM quarter-section) | do not dig here (active claim)", "stroke": "#ff3300", "stroke-width": 2, "fill": "#ff3300", "fill-opacity": 0.05, "stroke-dasharray": "1,6"}}, {"type": "Feature", "geometry": {"type": "Polygon", "coordinates": [[[-123.64609058629459, 42.30111290850369], [-123.64632767732932, 42.301112376482], [-123.65, 42.30110410619121], [-123.65, 42.308350232639995], [-123.64601429148082, 42.30833649397322], [-123.64107389775357, 42.30831924342345], [-123.63626342405158, 42.30833985086414], [-123.63145292434932, 42.30836026430487], [-123.63145791774951, 42.30473748607228], [-123.63146291114985, 42.301114736839594], [-123.63167391918118, 42.30111698282047], [-123.63631727486273, 42.30112007239667], [-123.63654122689559, 42.30112020737623], [-123.64117188757517, 42.301123296953556], [-123.64140850760992, 42.30112345893197], [-123.64609058629459, 42.30111290850369]]]}, "properties": {"title": "SQUAW CREEK 1", "description": "lode | serial ORMC52944 | 20.66 ac | Active | qtr-sec OR 33 0370S 0080W 033 A SE|OR 33 0370S 0080W 034 A SW | recorded~2021 (DB date, not legal located date) | src: BLM MLRS Not Closed | boundary approx (BLM quarter-section) | do not dig here (active claim)", "stroke": "#ff3300", "stroke-width": 2, "fill": "#ff3300", "fill-opacity": 0.05, "stroke-dasharray": "1,6"}}, {"type": "Feature", "geometry": {"type": "Polygon", "coordinates": [[[-123.64609058629459, 42.30111290850369], [-123.64632767732932, 42.301112376482], [-123.65, 42.30110410619121], [-123.65, 42.31563708562619], [-123.64597249968404, 42.315628441443785], [-123.641053548961, 42.31561788289262], [-123.63624835325665, 42.31561999033183], [-123.63144312955218, 42.31562206977099], [-123.63144803995064, 42.31199115353797], [-123.63145292434932, 42.30836026430487], [-123.63145791774951, 42.30473748607228], [-123.63146291114985, 42.301114736839594], [-123.63167391918118, 42.30111698282047], [-123.63631727486273, 42.30112007239667], [-123.63654122689559, 42.30112020737623], [-123.64117188757517, 42.301123296953556], [-123.64140850760992, 42.30112345893197], [-123.64609058629459, 42.30111290850369]]]}, "properties": {"title": "SQUAW CREEK 2", "description": "lode | serial ORMC52945 | 20.66 ac | Active | qtr-sec OR 33 0370S 0080W 033 A SE|OR 33 0370S 0080W 033 A NE|OR 33 0370S 0080W 034 A NW|OR 33 0370S 0080W 034 A SW | recorded~2021 (DB date, not legal located date) | src: BLM MLRS Not Closed | boundary approx (BLM quarter-section) | do not dig here (active claim)", "stroke": "#ff3300", "stroke-width": 2, "fill": "#ff3300", "fill-opacity": 0.05, "stroke-dasharray": "1,6"}}, {"type": "Feature", "geometry": {"type": "Polygon", "coordinates": [[[-123.63626342405158, 42.30833985086414], [-123.64107389775357, 42.30831924342345], [-123.64601429148082, 42.30833649397322], [-123.65, 42.308350232639995], [-123.65, 42.31563708562619], [-123.64597249968404, 42.315628441443785], [-123.641053548961, 42.31561788289262], [-123.63624835325665, 42.31561999033183], [-123.63144312955218, 42.31562206977099], [-123.63144803995064, 42.31199115353797], [-123.63145292434932, 42.30836026430487], [-123.63626342405158, 42.30833985086414]]]}, "properties": {"title": "SQUAW CREEK 3", "description": "lode | serial ORMC52946 | 20.66 ac | Active | qtr-sec OR 33 0370S 0080W 033 A NE|OR 33 0370S 0080W 034 A NW | recorded~2021 (DB date, not legal located date) | src: BLM MLRS Not Closed | boundary approx (BLM quarter-section) | do not dig here (active claim)", "stroke": "#ff3300", "stroke-width": 2, "fill": "#ff3300", "fill-opacity": 0.05, "stroke-dasharray": "1,6"}}, {"type": "Feature", "geometry": {"type": "Polygon", "coordinates": [[[-123.63626342405158, 42.30833985086414], [-123.64107389775357, 42.30831924342345], [-123.64601429148082, 42.30833649397322], [-123.65, 42.308350232639995], [-123.65, 42.31563708562619], [-123.64597249968404, 42.315628441443785], [-123.641053548961, 42.31561788289262], [-123.63624835325665, 42.31561999033183], [-123.63144312955218, 42.31562206977099], [-123.63144803995064, 42.31199115353797], [-123.63145292434932, 42.30836026430487], [-123.63626342405158, 42.30833985086414]]]}, "properties": {"title": "SQUAW CREEK 4", "description": "lode | serial ORMC52947 | 20.66 ac | Active | qtr-sec OR 33 0370S 0080W 033 A NE|OR 33 0370S 0080W 034 A NW | recorded~2021 (DB date, not legal located date) | src: BLM MLRS Not Closed | boundary approx (BLM quarter-section) | do not dig here (active claim)", "stroke": "#ff3300", "stroke-width": 2, "fill": "#ff3300", "fill-opacity": 0.05, "stroke-dasharray": "1,6"}}, {"type": "Feature", "geometry": {"type": "Polygon", "coordinates": [[[-123.63679418377772, 42.68105018748257], [-123.63263513016764, 42.681058526868874], [-123.63186874015639, 42.68165378197743], [-123.63186963667431, 42.68469219816867], [-123.63187071029361, 42.68832432739719], [-123.62694831956975, 42.68832460585393], [-123.62202592984576, 42.688324883310614], [-123.62202723047072, 42.68612345917189], [-123.62202748339766, 42.68569467314483], [-123.62202808522825, 42.68470010508211], [-123.62202890699028, 42.68330303499404], [-123.6220293498645, 42.68256462494747], [-123.62202962278675, 42.68210812391874], [-123.62203024061085, 42.68107532485357], [-123.62203613399636, 42.677463074625436], [-123.622042025382, 42.673850821397295], [-123.6269585561011, 42.67382722793994], [-123.62777431922038, 42.67382342686402], [-123.63187508582001, 42.67380363448252], [-123.63187284224418, 42.67629579863967], [-123.63237960033162, 42.67637195659747], [-123.63310226599945, 42.67379769336837], [-123.63679652953948, 42.673779594024666], [-123.63679535615856, 42.67741499725363], [-123.63679418377772, 42.68105018748257]], [[-123.63311608517469, 42.68068496680076], [-123.63186906795934, 42.68049717190458], [-123.63186856405521, 42.6810600659401], [-123.63263513016764, 42.681058526868874], [-123.63311608517469, 42.68068496680076]]]}, "properties": {"title": "KANSAS JAYHAWK", "description": "lode | serial ORMC63648 | 20.66 ac | Active | qtr-sec OR 33 0330S 0080W 022 A SE|OR 33 0330S 0080W 027 A NE | recorded~2021 (DB date, not legal located date) | src: BLM MLRS Not Closed | boundary approx (BLM quarter-section) | do not dig here (active claim)", "stroke": "#ff3300", "stroke-width": 2, "fill": "#ff3300", "fill-opacity": 0.05, "stroke-dasharray": "1,6"}}, {"type": "Feature", "geometry": {"type": "Polygon", "coordinates": [[[-123.63692923494486, 42.59360554195469], [-123.63938261830491, 42.59360328372778], [-123.64183595566497, 42.59360102550089], [-123.64184484997348, 42.595415125614664], [-123.64185374428195, 42.59722922472845], [-123.64186263859055, 42.599043324842235], [-123.6418715098991, 42.600857424955976], [-123.64188929851649, 42.60448562518352], [-123.64190708713394, 42.60811382541097], [-123.63701976241406, 42.60810323186229], [-123.632132436694, 42.60809266231365], [-123.63210491507573, 42.60446790808712], [-123.6320773944576, 42.600843153860616], [-123.63204994284101, 42.597226618634586], [-123.63202249122457, 42.593610059408476], [-123.63447587458475, 42.59360780318161], [-123.63692923494486, 42.59360554195469]]]}, "properties": {"title": "THREE JS", "description": "lode | serial ORMC7332 | 20.66 ac | Active | qtr-sec OR 33 0340S 0080W 022 A NW|OR 33 0340S 0080W 022 A SW | recorded~2021 (DB date, not legal located date) | src: BLM MLRS Not Closed | boundary approx (BLM quarter-section) | do not dig here (active claim)", "stroke": "#ff3300", "stroke-width": 2, "fill": "#ff3300", "fill-opacity": 0.05, "stroke-dasharray": "1,6"}}, {"type": "Feature", "geometry": {"type": "Polygon", "coordinates": [[[-123.63187508582001, 42.67380363448252], [-123.62777431922038, 42.67382342686402], [-123.6269585561011, 42.67382722793994], [-123.622042025382, 42.673850821397295], [-123.62204793176781, 42.67023857116909], [-123.6220538381538, 42.66662631794085], [-123.62619732776228, 42.66662114855642], [-123.62696769187541, 42.666620187484945], [-123.63188154559688, 42.666614059029044], [-123.63679541231829, 42.666607929573125], [-123.6417092800395, 42.666601799117174], [-123.64171362564912, 42.670178678342], [-123.64171797125887, 42.67375555356674], [-123.63679652953948, 42.673779594024666], [-123.63310226599945, 42.67379769336837], [-123.63187508582001, 42.67380363448252]]]}, "properties": {"title": "CG 1", "description": "lode | serial ORMC89626 | 20.66 ac | Active | qtr-sec OR 33 0330S 0080W 027 A SW|OR 33 0330S 0080W 027 A SE | recorded~2021 (DB date, not legal located date) | src: BLM MLRS Not Closed | boundary approx (BLM quarter-section) | do not dig here (active claim)", "stroke": "#ff3300", "stroke-width": 2, "fill": "#ff3300", "fill-opacity": 0.05, "stroke-dasharray": "1,6"}}, {"type": "Feature", "geometry": {"type": "Polygon", "coordinates": [[[-123.28917229650499, 42.67018003599684], [-123.28917254678602, 42.67183379810312], [-123.2891728551151, 42.673769782227524], [-123.28917374539357, 42.67540737633277], [-123.28917533373749, 42.67742919646254], [-123.28917754721816, 42.680254243643866], [-123.28917795036011, 42.68108860969743], [-123.28420970861836, 42.68107554415649], [-123.28172558724738, 42.68106901238605], [-123.27924143887641, 42.68106247961561], [-123.27675731750534, 42.681055918845104], [-123.27427319713428, 42.68104938507461], [-123.26930495439213, 42.681036319533696], [-123.26933642179594, 42.677502043303356], [-123.26934097071252, 42.67700709627111], [-123.26928274717147, 42.67387490807494], [-123.26931257555258, 42.6702067698361], [-123.2693424019339, 42.666538632597245], [-123.27427067266638, 42.6665299501408], [-123.27919896939872, 42.66652126668427], [-123.28418535214139, 42.66652308422313], [-123.28917173488387, 42.6665249287619], [-123.2891720452067, 42.66842474588401], [-123.28917229650006, 42.67015097999496], [-123.28917229650499, 42.67018003599684]]]}, "properties": {"title": "Oro Grande Two", "description": "lode | serial OR105805592 | 20.66 ac | Active | qtr-sec OR 33 0330S 0050W 027 A Government Lot 2|OR 33 0330S 0050W 027 A SESW|OR 33 0330S 0050W 027 A Government Lot 1|OR 33 0330S 0050W 027 A SW|OR 33 0330S 0050W 027 A SW|OR 33 0330S 0050W 027 A NESW|OR 33 0330S 0050W 027 A SW | recorded~2023 (DB date, not legal located date) | src: BLM MLRS Not Closed | boundary approx (BLM quarter-section) | do not dig here (active claim)", "stroke": "#ff3300", "stroke-width": 2, "fill": "#ff3300", "fill-opacity": 0.05, "stroke-dasharray": "1,6"}}, {"type": "Feature", "geometry": {"type": "Polygon", "coordinates": [[[-122.97380513336434, 42.24535538506196], [-122.97382654207061, 42.243549060939394], [-122.97612337041197, 42.24352901372964], [-122.97842017575334, 42.24350896751982], [-122.9830138084359, 42.24346873410027], [-122.98316086505409, 42.247094791328905], [-122.98323441836324, 42.2489078204432], [-122.98330796767249, 42.250720849557474], [-122.97852508995939, 42.25074858099351], [-122.97377855725037, 42.25076837142573], [-122.97377985210191, 42.24986458136528], [-122.97378372565808, 42.24716170818448], [-122.97380513336434, 42.24535538506196]]]}, "properties": {"title": "Buggy Whip", "description": "lode | serial OR105830809 | 20.66 ac | Active | qtr-sec OR 33 0380S 0020W 019 A SE|OR 33 0380S 0020W 019 A Remainder Aliquot Part NWSESE|OR 33 0380S 0020W 019 A NWSE|OR 33 0380S 0020W 019 A SWSE|OR 33 0380S 0020W 019 A Remainder Aliquot Part NESESE|OR 33 0380S 0020W 019 A Remainder Aliquot Part SWSESE|OR 33 0380S 0020W 019 A Remainder Aliquot Part SESESE|OR 33 0380S 0020W 019 A NESE | recorded~2023 (DB date, not legal located date) | src: BLM MLRS Not Closed | boundary approx (BLM quarter-section) | do not dig here (active claim)", "stroke": "#ff3300", "stroke-width": 2, "fill": "#ff3300", "fill-opacity": 0.05, "stroke-dasharray": "1,6"}}, {"type": "Feature", "geometry": {"type": "Polygon", "coordinates": [[[-123.21678450218536, 42.33924563416291], [-123.21931697855734, 42.33921514492987], [-123.2192794791761, 42.34298082318007], [-123.21926072948558, 42.34486367630522], [-123.21924198179504, 42.34674653043028], [-123.21667608741686, 42.34676974266603], [-123.21411019303864, 42.346792982901704], [-123.20897840528205, 42.34683946337315], [-123.2090827386755, 42.34308814511764], [-123.20918707306913, 42.33933682686209], [-123.21425202481335, 42.33927609639601], [-123.21551827699938, 42.339260879279465], [-123.21678450218536, 42.33924563416291]]]}, "properties": {"title": "Spalletta Prospect", "description": "lode | serial OR106320655 | 160.0 ac | Active | qtr-sec OR 33 0370S 0040W 019 A NE | recorded~2023 (DB date, not legal located date) | src: BLM MLRS Not Closed | boundary approx (BLM quarter-section) | do not dig here (active claim)", "stroke": "#ff3300", "stroke-width": 2, "fill": "#ff3300", "fill-opacity": 0.05, "stroke-dasharray": "1,6"}}, {"type": "Feature", "geometry": {"type": "Polygon", "coordinates": [[[-123.6417092800395, 42.666601799117174], [-123.64171362564912, 42.670178678342], [-123.63679597092886, 42.670193867798865], [-123.63679541231829, 42.666607929573125], [-123.6417092800395, 42.666601799117174]]]}, "properties": {"title": "RENO 2", "description": "lode | serial OR106330194 | 20.66 ac | Active | qtr-sec OR 33 0330S 0080W 027 A SWSW | OR 33 0330S 0080W 027 A SWSW | recorded~2023 (DB date, not legal located date) | src: BLM MLRS Not Closed | boundary approx (BLM quarter-section) | do not dig here (active claim)", "stroke": "#ff3300", "stroke-width": 2, "fill": "#ff3300", "fill-opacity": 0.05, "stroke-dasharray": "1,6"}}, {"type": "Feature", "geometry": {"type": "Polygon", "coordinates": [[[-123.63679541231829, 42.666607929573125], [-123.63679502216495, 42.665707555516434], [-123.63925156352555, 42.66570448528852], [-123.64170810388613, 42.665701414060614], [-123.6417092800395, 42.666601799117174], [-123.64417038740214, 42.66660678288937], [-123.64417244270739, 42.66839831900194], [-123.6441744990127, 42.6701898561145], [-123.64171362564912, 42.670178678342], [-123.63925479828902, 42.67018627257042], [-123.63925357198394, 42.66839556845781], [-123.6392523456789, 42.666604864345125], [-123.63679541231829, 42.666607929573125]]]}, "properties": {"title": "Keno", "description": "lode | serial OR106330195 | 20.66 ac | Under Review | qtr-sec OR 33 0330S 0080W 034 A N2N2NWNW | OR 33 0330S 0080W 027 A W2SWSW | OR 33 0330S 0080W 028 A E2SESE | recorded~2023 (DB date, not legal located date) | src: BLM MLRS Not Closed | boundary approx (BLM quarter-section) | do not dig here (active claim)", "stroke": "#ff3300", "stroke-width": 2, "fill": "#ff3300", "fill-opacity": 0.05, "stroke-dasharray": "1,6"}}, {"type": "Feature", "geometry": {"type": "Polygon", "coordinates": [[[-123.63679463101163, 42.66480718145977], [-123.63925078037217, 42.664804105231866], [-123.6392523456789, 42.666604864345125], [-123.63925357198394, 42.66839556845781], [-123.63925479828902, 42.67018627257042], [-123.63679597092886, 42.670193867798865], [-123.63679569162353, 42.668400898686045], [-123.63679541231829, 42.666607929573125], [-123.63679463101163, 42.66480718145977]]]}, "properties": {"title": "JACKPOT", "description": "lode | serial OR106330196 | 20.66 ac | Active | qtr-sec OR 33 0330S 0080W 027 A E2SWSW | OR 33 0330S 0080W 034 A NENWNW | recorded~2023 (DB date, not legal located date) | src: BLM MLRS Not Closed | boundary approx (BLM quarter-section) | do not dig here (active claim)", "stroke": "#ff3300", "stroke-width": 2, "fill": "#ff3300", "fill-opacity": 0.05, "stroke-dasharray": "1,6"}}, {"type": "Feature", "geometry": {"type": "Polygon", "coordinates": [[[-123.6417045774259, 42.66300025889083], [-123.6417092800395, 42.666601799117174], [-123.63679541231829, 42.666607929573125], [-123.63679385070508, 42.66300643434642], [-123.6417045774259, 42.66300025889083]]]}, "properties": {"title": "RENO 1", "description": "lode | serial OR106330193 | 20.66 ac | Active | qtr-sec OR 33 0330S 0080W 034 A NWNW | recorded~2023 (DB date, not legal located date) | src: BLM MLRS Not Closed | boundary approx (BLM quarter-section) | do not dig here (active claim)", "stroke": "#ff3300", "stroke-width": 2, "fill": "#ff3300", "fill-opacity": 0.05, "stroke-dasharray": "1,6"}}, {"type": "Feature", "geometry": {"type": "Polygon", "coordinates": [[[-123.65, 42.27186214873486], [-123.65, 42.27915467107368], [-123.64658734672926, 42.279140982050514], [-123.64172464101318, 42.27912147849297], [-123.64173120441151, 42.27547861725874], [-123.64173776681004, 42.27183575502449], [-123.64658533452321, 42.27185124058333], [-123.65, 42.27186214873486]]]}, "properties": {"title": "Eight Dollar 73", "description": "lode | serial OR106348056 | 20.66 ac | Filed | qtr-sec OR 33 0380S 0080W 008 NENW | OR 33 0380S 0080W 008 NWNW | OR 33 0380S 0080W 008 SENW | OR 33 0380S 0080W 008 SWNW | OR 33 0380S 0080W 009 A SE | recorded~2024 (DB date, not legal located date) | src: BLM MLRS Not Closed | boundary approx (BLM quarter-section) | do not dig here (active claim)", "stroke": "#ff3300", "stroke-width": 2, "fill": "#ff3300", "fill-opacity": 0.05, "stroke-dasharray": "1,6"}}, {"type": "Feature", "geometry": {"type": "Polygon", "coordinates": [[[-123.65, 42.27186214873486], [-123.65, 42.27915467107368], [-123.64658734672926, 42.279140982050514], [-123.64172464101318, 42.27912147849297], [-123.64173120441151, 42.27547861725874], [-123.64173776681004, 42.27183575502449], [-123.64658533452321, 42.27185124058333], [-123.65, 42.27186214873486]]]}, "properties": {"title": "Eight Dollar 76", "description": "lode | serial OR106348059 | 20.66 ac | Filed | qtr-sec OR 33 0380S 0080W 008 NENW | OR 33 0380S 0080W 008 NWNW | OR 33 0380S 0080W 008 SENW | OR 33 0380S 0080W 008 SWNW | OR 33 0380S 0080W 009 A SE | recorded~2024 (DB date, not legal located date) | src: BLM MLRS Not Closed | boundary approx (BLM quarter-section) | do not dig here (active claim)", "stroke": "#ff3300", "stroke-width": 2, "fill": "#ff3300", "fill-opacity": 0.05, "stroke-dasharray": "1,6"}}, {"type": "Feature", "geometry": {"type": "Polygon", "coordinates": [[[-123.64895264601283, 42.24244529148065], [-123.64652839365725, 42.24244317270132], [-123.64167986894596, 42.24243893914278], [-123.64167661034527, 42.23880067190931], [-123.64167335074467, 42.23516240267588], [-123.6465389454603, 42.23517774623372], [-123.65, 42.23518866059937], [-123.65, 42.2424462051249], [-123.64895264601283, 42.24244529148065]]]}, "properties": {"title": "Eight Dollar 78", "description": "lode | serial OR106348061 | 20.66 ac | Filed | qtr-sec OR 33 0380S 0080W 008 NENW | OR 33 0380S 0080W 008 NWNW | OR 33 0380S 0080W 008 SENW | OR 33 0380S 0080W 008 SWNW | OR 33 0380S 0080W 028 A NE | recorded~2024 (DB date, not legal located date) | src: BLM MLRS Not Closed | boundary approx (BLM quarter-section) | do not dig here (active claim)", "stroke": "#ff3300", "stroke-width": 2, "fill": "#ff3300", "fill-opacity": 0.05, "stroke-dasharray": "1,6"}}, {"type": "Feature", "geometry": {"type": "Polygon", "coordinates": [[[-123.65, 42.27186214873486], [-123.65, 42.27915467107368], [-123.64658734672926, 42.279140982050514], [-123.64172464101318, 42.27912147849297], [-123.64173120441151, 42.27547861725874], [-123.64173776681004, 42.27183575502449], [-123.64658533452321, 42.27185124058333], [-123.65, 42.27186214873486]]]}, "properties": {"title": "Eight Dollar 75", "description": "lode | serial OR106348058 | 20.66 ac | Filed | qtr-sec OR 33 0380S 0080W 008 NENW | OR 33 0380S 0080W 008 NWNW | OR 33 0380S 0080W 008 SENW | OR 33 0380S 0080W 008 SWNW | OR 33 0380S 0080W 009 A SE | recorded~2024 (DB date, not legal located date) | src: BLM MLRS Not Closed | boundary approx (BLM quarter-section) | do not dig here (active claim)", "stroke": "#ff3300", "stroke-width": 2, "fill": "#ff3300", "fill-opacity": 0.05, "stroke-dasharray": "1,6"}}, {"type": "Feature", "geometry": {"type": "Polygon", "coordinates": [[[-123.64895264601283, 42.24244529148065], [-123.64652839365725, 42.24244317270132], [-123.64167986894596, 42.24243893914278], [-123.64167661034527, 42.23880067190931], [-123.64167335074467, 42.23516240267588], [-123.6465389454603, 42.23517774623372], [-123.65, 42.23518866059937], [-123.65, 42.2424462051249], [-123.64895264601283, 42.24244529148065]]]}, "properties": {"title": "Eight Dollar 77", "description": "lode | serial OR106348060 | 20.66 ac | Filed | qtr-sec OR 33 0380S 0080W 008 NENW | OR 33 0380S 0080W 008 NWNW | OR 33 0380S 0080W 008 SENW | OR 33 0380S 0080W 008 SWNW | OR 33 0380S 0080W 028 A NE | recorded~2024 (DB date, not legal located date) | src: BLM MLRS Not Closed | boundary approx (BLM quarter-section) | do not dig here (active claim)", "stroke": "#ff3300", "stroke-width": 2, "fill": "#ff3300", "fill-opacity": 0.05, "stroke-dasharray": "1,6"}}, {"type": "Feature", "geometry": {"type": "Polygon", "coordinates": [[[-123.65, 42.27186214873486], [-123.65, 42.27915467107368], [-123.64658734672926, 42.279140982050514], [-123.64172464101318, 42.27912147849297], [-123.64173120441151, 42.27547861725874], [-123.64173776681004, 42.27183575502449], [-123.64658533452321, 42.27185124058333], [-123.65, 42.27186214873486]]]}, "properties": {"title": "Eight Dollar 74", "description": "lode | serial OR106348057 | 20.66 ac | Filed | qtr-sec OR 33 0380S 0080W 008 NENW | OR 33 0380S 0080W 008 NWNW | OR 33 0380S 0080W 008 SENW | OR 33 0380S 0080W 008 SWNW | OR 33 0380S 0080W 009 A SE | recorded~2024 (DB date, not legal located date) | src: BLM MLRS Not Closed | boundary approx (BLM quarter-section) | do not dig here (active claim)", "stroke": "#ff3300", "stroke-width": 2, "fill": "#ff3300", "fill-opacity": 0.05, "stroke-dasharray": "1,6"}}, {"type": "Feature", "geometry": {"type": "Polygon", "coordinates": [[[-122.96377512198015, 42.22174007039386], [-122.95880302324025, 42.221779628847266], [-122.95383090050028, 42.22181918730068], [-122.95381099290213, 42.21819196505974], [-122.95379167530452, 42.21456647981888], [-122.9587461980422, 42.21452888536733], [-122.96370069177979, 42.21449128991579], [-122.96373791537987, 42.21811568815485], [-122.96377512198015, 42.22174007039386]]]}, "properties": {"title": "Star Gate", "description": "lode | serial OR106378124 | 160.0 ac | Filed | qtr-sec OR 33 0380S 0020W 032 A SE | recorded~2024 (DB date, not legal located date) | src: BLM MLRS Not Closed | boundary approx (BLM quarter-section) | do not dig here (active claim)", "stroke": "#ff3300", "stroke-width": 2, "fill": "#ff3300", "fill-opacity": 0.05, "stroke-dasharray": "1,6"}}, {"type": "Feature", "geometry": {"type": "Polygon", "coordinates": [[[-123.1193856278516, 42.615242019128125], [-123.12181224721206, 42.61522591890322], [-123.12180638052051, 42.61705524602281], [-123.12180051282898, 42.618884573142395], [-123.11937362546935, 42.6189059353677], [-123.11937962716046, 42.61707397724788], [-123.1193856278516, 42.615242019128125]]]}, "properties": {"title": "Apex Minerals and Properties, LLC Claim No. 1", "description": "lode | serial OR106385886 | 40.0 ac | Active | qtr-sec OR 33 0340S 0040W 013 A W2SWNE | recorded~2024 (DB date, not legal located date) | src: BLM MLRS Not Closed | boundary approx (BLM quarter-section) | do not dig here (active claim)", "stroke": "#ff3300", "stroke-width": 2, "fill": "#ff3300", "fill-opacity": 0.05, "stroke-dasharray": "1,6"}}, {"type": "Feature", "geometry": {"type": "Polygon", "coordinates": [[[-123.12303168639319, 42.615217722790206], [-123.12302435570118, 42.617045798909885], [-123.12301702400921, 42.6188738740295], [-123.12180051282898, 42.618884573142395], [-123.12058706964919, 42.618895254255065], [-123.1205930033405, 42.617064612135366], [-123.12059893803185, 42.61523396901565], [-123.12181224721206, 42.61522591890322], [-123.12303168639319, 42.615217722790206]]]}, "properties": {"title": "Apex Minerals and Properties, LLC Claim No. 2", "description": "lode | serial OR106385887 | 80.0 ac | Active | qtr-sec OR 33 0340S 0040W 013 A W2W2SWNE | OR 33 0340S 0040W 013 A E2E2SENW | recorded~2024 (DB date, not legal located date) | src: BLM MLRS Not Closed | boundary approx (BLM quarter-section) | do not dig here (active claim)", "stroke": "#ff3300", "stroke-width": 2, "fill": "#ff3300", "fill-opacity": 0.05, "stroke-dasharray": "1,6"}}, {"type": "Feature", "geometry": {"type": "Polygon", "coordinates": [[[-123.12664313616355, 42.622490188930236], [-123.12618059209517, 42.62249524297322], [-123.12178877944604, 42.622543227381584], [-123.12180051282898, 42.618884573142395], [-123.12181224721206, 42.61522591890322], [-123.12669000393652, 42.615193136451175], [-123.12666655754994, 42.61884177869076], [-123.12664313616355, 42.622490188930236]]]}, "properties": {"title": "Apex Minerals and Properties, LLC Claim No. 3", "description": "lode | serial OR106385888 | 80.0 ac | Active | qtr-sec OR 33 0340S 0040W 013 A E2NW | recorded~2024 (DB date, not legal located date) | src: BLM MLRS Not Closed | boundary approx (BLM quarter-section) | do not dig here (active claim)", "stroke": "#ff3300", "stroke-width": 2, "fill": "#ff3300", "fill-opacity": 0.05, "stroke-dasharray": "1,6"}}, {"type": "Feature", "geometry": {"type": "Polygon", "coordinates": [[[-123.13156773666074, 42.61516035299914], [-123.12669000393652, 42.615193136451175], [-123.12181224721206, 42.61522591890322], [-123.12182400459416, 42.61156016366355], [-123.12183576197636, 42.60789440742384], [-123.12618019862352, 42.60787674402211], [-123.12672641670488, 42.607874522971535], [-123.13161704843324, 42.60785461551932], [-123.13159239204695, 42.61150749575927], [-123.13156773666074, 42.61516035299914]]]}, "properties": {"title": "Apex Minerals and Properties, LLC Claim No. 4", "description": "lode | serial OR106385889 | 20.66 ac | Filed | qtr-sec OR 33 0340S 0040W 013 A NE | OR 33 0340S 0040W 013 A SW | recorded~2024 (DB date, not legal located date) | src: BLM MLRS Not Closed | boundary approx (BLM quarter-section) | do not dig here (active claim)", "stroke": "#ff3300", "stroke-width": 2, "fill": "#ff3300", "fill-opacity": 0.05, "stroke-dasharray": "1,6"}}, {"type": "Feature", "geometry": {"type": "Polygon", "coordinates": [[[-123.13156773666074, 42.61516035299914], [-123.12669000393652, 42.615193136451175], [-123.12181224721206, 42.61522591890322], [-123.12182400459416, 42.61156016366355], [-123.12183576197636, 42.60789440742384], [-123.12618019862352, 42.60787674402211], [-123.12672641670488, 42.607874522971535], [-123.13161704843324, 42.60785461551932], [-123.13159239204695, 42.61150749575927], [-123.13156773666074, 42.61516035299914]]]}, "properties": {"title": "Apex Minerals and Properties, LLC Claim No. 5", "description": "lode | serial OR106385890 | 20.66 ac | Filed | qtr-sec OR 33 0340S 0040W 013 A NE | OR 33 0340S 0040W 013 A SW | recorded~2024 (DB date, not legal located date) | src: BLM MLRS Not Closed | boundary approx (BLM quarter-section) | do not dig here (active claim)", "stroke": "#ff3300", "stroke-width": 2, "fill": "#ff3300", "fill-opacity": 0.05, "stroke-dasharray": "1,6"}}, {"type": "Feature", "geometry": {"type": "Polygon", "coordinates": [[[-123.13156773666074, 42.61516035299914], [-123.12669000393652, 42.615193136451175], [-123.12181224721206, 42.61522591890322], [-123.12182400459416, 42.61156016366355], [-123.12183576197636, 42.60789440742384], [-123.12618019862352, 42.60787674402211], [-123.12672641670488, 42.607874522971535], [-123.13161704843324, 42.60785461551932], [-123.13159239204695, 42.61150749575927], [-123.13156773666074, 42.61516035299914]]]}, "properties": {"title": "Apex Minerals and Properties, LLC Claim No. 6", "description": "lode | serial OR106385891 | 20.66 ac | Filed | qtr-sec OR 33 0340S 0040W 013 A NE | OR 33 0340S 0040W 013 A SW | recorded~2024 (DB date, not legal located date) | src: BLM MLRS Not Closed | boundary approx (BLM quarter-section) | do not dig here (active claim)", "stroke": "#ff3300", "stroke-width": 2, "fill": "#ff3300", "fill-opacity": 0.05, "stroke-dasharray": "1,6"}}, {"type": "Feature", "geometry": {"type": "Polygon", "coordinates": [[[-123.13156773666074, 42.61516035299914], [-123.12669000393652, 42.615193136451175], [-123.12181224721206, 42.61522591890322], [-123.12182400459416, 42.61156016366355], [-123.12183576197636, 42.60789440742384], [-123.12618019862352, 42.60787674402211], [-123.12672641670488, 42.607874522971535], [-123.13161704843324, 42.60785461551932], [-123.13159239204695, 42.61150749575927], [-123.13156773666074, 42.61516035299914]]]}, "properties": {"title": "Apex Minerals and Properties, LLC Claim No. 7", "description": "lode | serial OR106385892 | 20.66 ac | Filed | qtr-sec OR 33 0340S 0040W 013 A NE | OR 33 0340S 0040W 013 A SW | recorded~2024 (DB date, not legal located date) | src: BLM MLRS Not Closed | boundary approx (BLM quarter-section) | do not dig here (active claim)", "stroke": "#ff3300", "stroke-width": 2, "fill": "#ff3300", "fill-opacity": 0.05, "stroke-dasharray": "1,6"}}, {"type": "Feature", "geometry": {"type": "Polygon", "coordinates": [[[-123.6320773944576, 42.600843153860616], [-123.63210491507573, 42.60446790808712], [-123.632132436694, 42.60809266231365], [-123.62724513397386, 42.60808209176493], [-123.62619663181937, 42.608079818861746], [-123.62235780925364, 42.608071499216216], [-123.6222615556257, 42.60444967799618], [-123.62216530299798, 42.600827857776025], [-123.62712136072788, 42.60083551731832], [-123.6320773944576, 42.600843153860616]]]}, "properties": {"title": "Kramer", "description": "lode | serial OR106391894 | 20.66115702 ac | Active | qtr-sec OR 33 0340S 0080W 022 A NE | recorded~2024 (DB date, not legal located date) | src: BLM MLRS Not Closed | boundary approx (BLM quarter-section) | do not dig here (active claim)", "stroke": "#ff3300", "stroke-width": 2, "fill": "#ff3300", "fill-opacity": 0.05, "stroke-dasharray": "1,6"}}, {"type": "Feature", "geometry": {"type": "Polygon", "coordinates": [[[-123.47448447281235, 42.323764957632264], [-123.47451005643586, 42.32750138987138], [-123.4745356430595, 42.33123781911048], [-123.46961157433616, 42.33125716056149], [-123.46458825359977, 42.331286726022235], [-123.46458566857957, 42.331167227014745], [-123.46293771933588, 42.3311645071651], [-123.4605423819818, 42.33116130138371], [-123.45995411089474, 42.33116006243732], [-123.45575048627386, 42.33115769582116], [-123.45515735318608, 42.33115645687522], [-123.45514007882923, 42.32902077673868], [-123.45511052621886, 42.325366913505], [-123.4599704089376, 42.325374960061716], [-123.46445850860125, 42.32538238165236], [-123.46442527434431, 42.32386246955713], [-123.46952615208876, 42.32381303008813], [-123.47448447281235, 42.323764957632264]]]}, "properties": {"title": "Kincheloe 1", "description": "lode | serial OR106391862 | 388.882 ac | Active | qtr-sec OR 33 0370S 0060W 030 A NW | OR 33 0370S 0070W 025 NE | recorded~2024 (DB date, not legal located date) | src: BLM MLRS Not Closed | boundary approx (BLM quarter-section) | do not dig here (active claim)", "stroke": "#ff3300", "stroke-width": 2, "fill": "#ff3300", "fill-opacity": 0.05, "stroke-dasharray": "1,6"}}, {"type": "Feature", "geometry": {"type": "Polygon", "coordinates": [[[-123.06297536164615, 42.25095118233871], [-123.05805441590353, 42.25091253278312], [-123.05313225816046, 42.25087332422752], [-123.05313925799607, 42.24986797916007], [-123.05315770656301, 42.247218581982374], [-123.05318317696573, 42.243563838737145], [-123.05811008370827, 42.24359587529191], [-123.05934180489388, 42.243603884180615], [-123.0605735260795, 42.24361189406937], [-123.0618052702651, 42.24361990395804], [-123.06303699045068, 42.24362791284674], [-123.0630292856001, 42.24454333290825], [-123.06302158174944, 42.24545872996973], [-123.0630138768989, 42.246374150031244], [-123.06300616504832, 42.24728954709272], [-123.06297536164615, 42.25095118233871]]]}, "properties": {"title": "UNLUCKY TWOS MS", "description": "mill site | serial ORMC154222 | 5.0 ac | Active | qtr-sec OR 33 0380S 0030W 021 A SE | recorded~2021 (DB date, not legal located date) | src: BLM MLRS Not Closed | boundary approx (BLM quarter-section) | do not dig here (active claim)", "stroke": "#ff3300", "stroke-width": 2, "fill": "#ff3300", "fill-opacity": 0.05, "stroke-dasharray": "1,6"}}, {"type": "Feature", "geometry": {"type": "Polygon", "coordinates": [[[-123.31854420187493, 42.59347460434714], [-123.32101911024458, 42.593485652119554], [-123.32349401961419, 42.59349669989191], [-123.32844102435087, 42.59350648543613], [-123.32840197396342, 42.597165272675255], [-123.3283903335806, 42.60082541691187], [-123.32349551084725, 42.6007896773613], [-123.31860250411601, 42.60076506781126], [-123.31857335249539, 42.59711982457924], [-123.31854420187493, 42.59347460434714]]]}, "properties": {"title": "Disco Gypsy II", "description": "placer | serial OR105228393 | 40.0 ac | Active | qtr-sec OR 33 0340S 0050W 020 A NWSW|OR 33 0340S 0050W 020 A SWSW|OR 33 0340S 0050W 020 A NESW|OR 33 0340S 0050W 020 A SESW | recorded~2021 (DB date, not legal located date) | src: BLM MLRS Not Closed | boundary approx (BLM quarter-section) | do not dig here (active claim)", "stroke": "#ff3300", "stroke-width": 2, "fill": "#ff3300", "fill-opacity": 0.05, "stroke-dasharray": "1,6"}}, {"type": "Feature", "geometry": {"type": "Polygon", "coordinates": [[[-123.31854420187493, 42.59347460434714], [-123.32101911024458, 42.593485652119554], [-123.32349401961419, 42.59349669989191], [-123.32844102435087, 42.59350648543613], [-123.32840197396342, 42.597165272675255], [-123.3283903335806, 42.60082541691187], [-123.32349551084725, 42.6007896773613], [-123.31860250411601, 42.60076506781126], [-123.31857335249539, 42.59711982457924], [-123.31854420187493, 42.59347460434714]]]}, "properties": {"title": "Disco Gypsy I", "description": "placer | serial OR105228392 | 40.0 ac | Active | qtr-sec OR 33 0340S 0050W 020 A NWSW|OR 33 0340S 0050W 020 A SWSW|OR 33 0340S 0050W 020 A NESW|OR 33 0340S 0050W 020 A SESW | recorded~2021 (DB date, not legal located date) | src: BLM MLRS Not Closed | boundary approx (BLM quarter-section) | do not dig here (active claim)", "stroke": "#ff3300", "stroke-width": 2, "fill": "#ff3300", "fill-opacity": 0.05, "stroke-dasharray": "1,6"}}, {"type": "Feature", "geometry": {"type": "Polygon", "coordinates": [[[-123.20559277495465, 42.15359645195331], [-123.20569203054775, 42.1571331021783], [-123.20079155082657, 42.15718162462521], [-123.20071078123395, 42.15363121339758], [-123.20559277495465, 42.15359645195331]]]}, "properties": {"title": "Bee Mine", "description": "placer | serial OR105229782 | 20.0 ac | Active | qtr-sec OR 33 0390S 0040W 029 A NENW | recorded~2021 (DB date, not legal located date) | src: BLM MLRS Not Closed | boundary approx (BLM quarter-section) | do not dig here (active claim)", "stroke": "#ff3300", "stroke-width": 2, "fill": "#ff3300", "fill-opacity": 0.05, "stroke-dasharray": "1,6"}}, {"type": "Feature", "geometry": {"type": "Polygon", "coordinates": [[[-123.01834735883182, 42.27444202995464], [-123.01587945846326, 42.27445004017948], [-123.01341155809469, 42.27445804940431], [-123.01341451479554, 42.27263996828315], [-123.01588442916437, 42.27263162105811], [-123.01835434353318, 42.272623273833084], [-123.02082439790182, 42.27261433260796], [-123.02081563220038, 42.274433670729756], [-123.01834735883182, 42.27444202995464]]]}, "properties": {"title": "Poorman Placer", "description": "placer | serial OR105231152 | 80.0 ac | Active | qtr-sec OR 33 0380S 0030W 011 A SESWSE | OR 33 0380S 0030W 011 A S2SESE | recorded~2021 (DB date, not legal located date) | src: BLM MLRS Not Closed | boundary approx (BLM quarter-section) | do not dig here (active claim)", "stroke": "#ff3300", "stroke-width": 2, "fill": "#ff3300", "fill-opacity": 0.05, "stroke-dasharray": "1,6"}}, {"type": "Feature", "geometry": {"type": "Polygon", "coordinates": [[[-123.55516335451989, 42.549847249728316], [-123.55843882100335, 42.549852985426604], [-123.55844484900426, 42.54985301342611], [-123.56343846874171, 42.54986428096627], [-123.5634385537719, 42.55004319797762], [-123.56350868437224, 42.55354032219363], [-123.563553270754, 42.55576369033091], [-123.56358518000387, 42.55721638942036], [-123.56364295163233, 42.56088901464855], [-123.56370170028288, 42.564690192884775], [-123.55894278056134, 42.56456847031618], [-123.55815273944152, 42.5645482603878], [-123.55391624581982, 42.564562812779634], [-123.55261304562855, 42.56456730590018], [-123.54910070211437, 42.564587376225546], [-123.54435101041453, 42.56458833466386], [-123.54402981469153, 42.560586436438825], [-123.54381606705253, 42.55698709322939], [-123.54365055254179, 42.55410505606115], [-123.54360818041123, 42.55336813801814], [-123.54359012035552, 42.553053831999804], [-123.5434977620618, 42.55139365990259], [-123.54348220201237, 42.551114240886236], [-123.54340626677092, 42.54974918280627], [-123.54843235951962, 42.54979672734585], [-123.55234938010305, 42.54983375998695], [-123.55345845226825, 42.54984424488536], [-123.55516335451989, 42.549847249728316]]]}, "properties": {"title": "Yeti Yak", "description": "placer | serial OR105243192 | 43.24 ac | Active | qtr-sec OR 33 0350S 0070W 005 A Government Lot 1|OR 33 0350S 0070W 005 A SWNE|OR 33 0350S 0070W 005 A Government Lot 2|OR 33 0350S 0070W 005 A SENE | recorded~2021 (DB date, not legal located date) | src: BLM MLRS Not Closed | boundary approx (BLM quarter-section) | do not dig here (active claim)", "stroke": "#ff3300", "stroke-width": 2, "fill": "#ff3300", "fill-opacity": 0.05, "stroke-dasharray": "1,6"}}, {"type": "Feature", "geometry": {"type": "Polygon", "coordinates": [[[-123.29266239062594, 42.50202244282296], [-123.29756209835902, 42.50205121837456], [-123.29755646398712, 42.50579763161768], [-123.29264350724533, 42.505728995064786], [-123.29266239062594, 42.50202244282296]]]}, "properties": {"title": "Golden Handshake 1", "description": "placer | serial OR105245828 | 20.0 ac | Active | qtr-sec OR 33 0350S 0050W 028 A NWNE | recorded~2021 (DB date, not legal located date) | src: BLM MLRS Not Closed | boundary approx (BLM quarter-section) | do not dig here (active claim)", "stroke": "#ff3300", "stroke-width": 2, "fill": "#ff3300", "fill-opacity": 0.05, "stroke-dasharray": "1,6"}}, {"type": "Feature", "geometry": {"type": "Polygon", "coordinates": [[[-123.62351839449968, 42.57898297626892], [-123.62473598267869, 42.57898326615647], [-123.6259535708577, 42.57898357404407], [-123.6261960328933, 42.57898363802162], [-123.62717118203676, 42.578983893931586], [-123.63204155775267, 42.57898508148178], [-123.63203680837049, 42.58264175671354], [-123.63203203598844, 42.58629843194527], [-123.62714347627022, 42.58629966639706], [-123.62225489355183, 42.58630087784879], [-123.62227784993615, 42.582641780615084], [-123.62228360078227, 42.58172701255668], [-123.62228932862841, 42.58081222049824], [-123.62229506747454, 42.57989745243977], [-123.62230080732066, 42.57898268438139], [-123.62351839449968, 42.57898297626892]]]}, "properties": {"title": "Hard Luck", "description": "placer | serial OR105257479 | 30.0 ac | Active | qtr-sec OR 33 0340S 0080W 027 A NESE|OR 33 0340S 0080W 027 A Remainder Aliquot Part NENWSESE|OR 33 0340S 0080W 027 A Remainder Aliquot Part NESWSESE|OR 33 0340S 0080W 027 A Remainder Aliquot Part SWSWSESE|OR 33 0340S 0080W 027 A Remainder Aliquot Part SESESESE|OR 33 0340S 0080W 027 A Remainder Aliquot Part SWNWSESE|OR 33 0340S 0080W 027 A Remainder Aliquot Part SWSESESE|OR 33 0340S 0080W 027 A Remainder Aliquot Part SESWSESE|OR 33 0340S 0080W 027 A Remainder Aliquot Part NWNESESE|OR 33 0340S 0080W 027 A Remainder Aliquot Part SENWSESE|OR 33 0340S 0080W 027 A Remainder Aliquot Part NWSESESE|OR 33 0340S 0080W 027 A Remainder Aliquot Part SENESESE|OR 33 0340S 0080W 027 A SWSE|OR 33 0340S 0080W 027 A Remainder Aliquot Part NENESESE|OR 33 0340S 0080W 027 A Remainder Aliquot Part NWNWSESE|OR 33 0340S 0080W 027 A Remainder Aliquot Part NWSWSESE|OR 33 0340S 0080W 027 A Remainder Aliquot Part NESESESE|OR 33 0340S 0080W 027 A Remainder Aliquot Part SWNESESE|OR 33 0340S 0080W 027 A NWSE | recorded~2021 (DB date, not legal located date) | src: BLM MLRS Not Closed | boundary approx (BLM quarter-section) | do not dig here (active claim)", "stroke": "#ff3300", "stroke-width": 2, "fill": "#ff3300", "fill-opacity": 0.05, "stroke-dasharray": "1,6"}}, {"type": "Feature", "geometry": {"type": "Polygon", "coordinates": [[[-123.63203203598844, 42.58629843194527], [-123.63202726360645, 42.5899542461769], [-123.63202487691552, 42.59178215329272], [-123.63202249122457, 42.593610059408476], [-123.62711577150421, 42.59361460086229], [-123.62619631536924, 42.59361544694733], [-123.62220902778373, 42.59361911731603], [-123.62223196116769, 42.58995999808246], [-123.62225489355183, 42.58630087784879], [-123.62714347627022, 42.58629966639706], [-123.63203203598844, 42.58629843194527]]]}, "properties": {"title": "Rocky", "description": "placer | serial OR105257480 | 40.0 ac | Active | qtr-sec OR 33 0340S 0080W 027 A NE | recorded~2021 (DB date, not legal located date) | src: BLM MLRS Not Closed | boundary approx (BLM quarter-section) | do not dig here (active claim)", "stroke": "#ff3300", "stroke-width": 2, "fill": "#ff3300", "fill-opacity": 0.05, "stroke-dasharray": "1,6"}}, {"type": "Feature", "geometry": {"type": "Polygon", "coordinates": [[[-123.64148892160826, 42.49873856252549], [-123.64639711333089, 42.498750939074384], [-123.65, 42.49875988242824], [-123.65, 42.506025641348224], [-123.64644405155974, 42.506016466531], [-123.64153866483744, 42.506003838981954], [-123.64151377622277, 42.50237121175375], [-123.64148892160826, 42.49873856252549]]]}, "properties": {"title": "Taylor 28 A", "description": "placer | serial OR105259216 | 20.0 ac | Active | qtr-sec OR 33 0350S 0080W 028 A NENE|OR 33 0350S 0080W 028 A NWNE|OR 33 0350S 0080W 028 A SENE|OR 33 0350S 0080W 028 A SWNE | recorded~2021 (DB date, not legal located date) | src: BLM MLRS Not Closed | boundary approx (BLM quarter-section) | do not dig here (active claim)", "stroke": "#ff3300", "stroke-width": 2, "fill": "#ff3300", "fill-opacity": 0.05, "stroke-dasharray": "1,6"}}, {"type": "Feature", "geometry": {"type": "Polygon", "coordinates": [[[-123.64143921137972, 42.491473339068875], [-123.64635023610259, 42.491484799617616], [-123.65, 42.491493337700824], [-123.65, 42.506025641348224], [-123.64644405155974, 42.506016466531], [-123.64153866483744, 42.506003838981954], [-123.64151377622277, 42.50237121175375], [-123.64148892160826, 42.49873856252549], [-123.64146408099393, 42.49510595129718], [-123.64143921137972, 42.491473339068875]]]}, "properties": {"title": "Taylor 28 B", "description": "placer | serial OR105259217 | 20.0 ac | Active | qtr-sec OR 33 0350S 0080W 028 A SE1/4 of the NE1/4 of the SW1/4 and the SW1/4 of the NW1/4 of the SE1/4 | recorded~2021 (DB date, not legal located date) | src: BLM MLRS Not Closed | boundary approx (BLM quarter-section) | do not dig here (active claim)", "stroke": "#ff3300", "stroke-width": 2, "fill": "#ff3300", "fill-opacity": 0.05, "stroke-dasharray": "1,6"}}, {"type": "Feature", "geometry": {"type": "Polygon", "coordinates": [[[-123.08227688713887, 42.15], [-123.09197027835222, 42.15], [-123.09197675286869, 42.15268382017492], [-123.09198553446303, 42.15631274941579], [-123.0871204977355, 42.15630801185562], [-123.08225548700784, 42.156303246295515], [-123.08226784441493, 42.15266345305185], [-123.08227688713887, 42.15]]]}, "properties": {"title": "Gold Run", "description": "placer | serial OR105260012 | 20.0 ac | Active | qtr-sec OR 33 0390S 0030W 029 A NENW|OR 33 0390S 0030W 029 A NWNW|OR 33 0390S 0030W 029 A SWNW|OR 33 0390S 0030W 029 A SENW | recorded~2021 (DB date, not legal located date) | src: BLM MLRS Not Closed | boundary approx (BLM quarter-section) | do not dig here (active claim)", "stroke": "#ff3300", "stroke-width": 2, "fill": "#ff3300", "fill-opacity": 0.05, "stroke-dasharray": "1,6"}}, {"type": "Feature", "geometry": {"type": "Polygon", "coordinates": [[[-123.08227688713887, 42.15], [-123.09197027835222, 42.15], [-123.09197675286869, 42.15268382017492], [-123.09198553446303, 42.15631274941579], [-123.0871204977355, 42.15630801185562], [-123.08225548700784, 42.156303246295515], [-123.08226784441493, 42.15266345305185], [-123.08227688713887, 42.15]]]}, "properties": {"title": "Hidden Treasure", "description": "placer | serial OR105260011 | 20.0 ac | Active | qtr-sec OR 33 0390S 0030W 029 A NENW|OR 33 0390S 0030W 029 A NWNW|OR 33 0390S 0030W 029 A SWNW|OR 33 0390S 0030W 029 A SENW | recorded~2021 (DB date, not legal located date) | src: BLM MLRS Not Closed | boundary approx (BLM quarter-section) | do not dig here (active claim)", "stroke": "#ff3300", "stroke-width": 2, "fill": "#ff3300", "fill-opacity": 0.05, "stroke-dasharray": "1,6"}}, {"type": "Feature", "geometry": {"type": "Polygon", "coordinates": [[[-123.34729967085536, 42.568065652059225], [-123.34729165047212, 42.57172831129578], [-123.34330681187615, 42.571701699661425], [-123.33838644814001, 42.571668475112844], [-123.33838200052232, 42.56801151987774], [-123.33837778590501, 42.56435560064265], [-123.34330865364147, 42.56438189918992], [-123.34730771523866, 42.5644029928227], [-123.34729967085536, 42.568065652059225]]]}, "properties": {"title": "Shock and Awe Placer", "description": "placer | serial OR105267367 | 20.0 ac | Active | qtr-sec OR 33 0340S 0050W 031 A SW | recorded~2021 (DB date, not legal located date) | src: BLM MLRS Not Closed | boundary approx (BLM quarter-section) | do not dig here (active claim)", "stroke": "#ff3300", "stroke-width": 2, "fill": "#ff3300", "fill-opacity": 0.05, "stroke-dasharray": "1,6"}}, {"type": "Feature", "geometry": {"type": "Polygon", "coordinates": [[[-123.55346053637636, 42.42542532394265], [-123.55345395198127, 42.42904945817527], [-123.55344736758632, 42.43267359240786], [-123.54856732386999, 42.43268657985653], [-123.54368730715359, 42.432699540305194], [-123.54368716954784, 42.42907696207323], [-123.54368705894224, 42.42545438484121], [-123.54857379865938, 42.42543995039193], [-123.55346053637636, 42.42542532394265]]]}, "properties": {"title": "Limpy's Legend", "description": "placer | serial OR105269012 | 20.0 ac | Active | qtr-sec OR 33 0360S 0070W 020 A SWNE|OR 33 0360S 0070W 020 A NENE|OR 33 0360S 0070W 020 A NWNE|OR 33 0360S 0070W 020 A SENE | recorded~2021 (DB date, not legal located date) | src: BLM MLRS Not Closed | boundary approx (BLM quarter-section) | do not dig here (active claim)", "stroke": "#ff3300", "stroke-width": 2, "fill": "#ff3300", "fill-opacity": 0.05, "stroke-dasharray": "1,6"}}, {"type": "Feature", "geometry": {"type": "Polygon", "coordinates": [[[-123.64109828087818, 42.47687770417323], [-123.64132328891124, 42.47687770015251], [-123.64135226952808, 42.48052661738169], [-123.64138125014513, 42.484175505610786], [-123.64141023076232, 42.487824422839864], [-123.64143921137972, 42.491473339068875], [-123.63652243665729, 42.491470155521235], [-123.63160563393473, 42.49146700097359], [-123.62668883221208, 42.49146384642592], [-123.62177202848922, 42.49146066287824], [-123.62176821887833, 42.48782783164764], [-123.62176443426756, 42.48419502641702], [-123.62176062465706, 42.4805621941863], [-123.62175681304663, 42.4769293609556], [-123.62619478669644, 42.47691708754663], [-123.6265114407428, 42.47691621151745], [-123.62664841876294, 42.476916209504815], [-123.6313737124547, 42.476903227069364], [-123.63154005147908, 42.47690319805408], [-123.6362359821665, 42.47689038262133], [-123.63643168519522, 42.47689035160331], [-123.64109828087818, 42.47687770417323]]]}, "properties": {"title": "Matchless", "description": "placer | serial OR105271701 | 20.0 ac | Active | qtr-sec OR 33 0350S 0080W 034 A North Half of the NESE \u00bc | recorded~2021 (DB date, not legal located date) | src: BLM MLRS Not Closed | boundary approx (BLM quarter-section) | do not dig here (active claim)", "stroke": "#ff3300", "stroke-width": 2, "fill": "#ff3300", "fill-opacity": 0.05, "stroke-dasharray": "1,6"}}, {"type": "Feature", "geometry": {"type": "Polygon", "coordinates": [[[-123.09197675286869, 42.15268382017492], [-123.09198553446303, 42.15631274941579], [-123.0871204977355, 42.15630801185562], [-123.08225548700784, 42.156303246295515], [-123.07739044928007, 42.15629847873538], [-123.07252543855216, 42.1562937131752], [-123.0725370775201, 42.156086659160344], [-123.07253701795737, 42.15264269893074], [-123.07253704492784, 42.15246175691869], [-123.07253700267195, 42.15], [-123.09197027835222, 42.15], [-123.09197675286869, 42.15268382017492]]]}, "properties": {"title": "Perfection", "description": "placer | serial OR105278269 | 20.0 ac | Active | qtr-sec OR 33 0390S 0030W 029 A NWSE|OR 33 0390S 0030W 029 A NWSW|OR 33 0390S 0030W 029 A SWNE|OR 33 0390S 0030W 029 A Government Lot 4|OR 33 0390S 0030W 029 A SENW|OR 33 0390S 0030W 029 A NESE|OR 33 0390S 0030W 029 A Government Lot 1|OR 33 0390S 0030W 029 A NENW|OR 33 0390S 0030W 029 A NWNW|OR 33 0390S 0030W 029 A Government Lot 3|OR 33 0390S 0030W 029 A NWNE|OR 33 0390S 0030W 029 A SWNW|OR 33 0390S 0030W 029 A NESW|OR 33 0390S 0030W 029 A SENE|OR 33 0390S 0030W 029 A Government Lot 2 | recorded~2021 (DB date, not legal located date) | src: BLM MLRS Not Closed | boundary approx (BLM quarter-section) | do not dig here (active claim)", "stroke": "#ff3300", "stroke-width": 2, "fill": "#ff3300", "fill-opacity": 0.05, "stroke-dasharray": "1,6"}}, {"type": "Feature", "geometry": {"type": "Polygon", "coordinates": [[[-123.23941495498782, 42.65188963842051], [-123.2344749092487, 42.65187461387619], [-123.2295348625095, 42.65185958733181], [-123.22953432289401, 42.64823114509759], [-123.22953376427864, 42.64460266586332], [-123.23207529665233, 42.64457105862636], [-123.2346168070259, 42.64453945138953], [-123.23715834039947, 42.64450784415263], [-123.23969984977296, 42.64447623791569], [-123.23962894107093, 42.64629580903974], [-123.23955803336895, 42.6481153571637], [-123.23948930166834, 42.649940936287884], [-123.23941495498782, 42.65188963842051]]]}, "properties": {"title": "Grave Creek 2", "description": "placer | serial OR105282511 | 20.0 ac | Active | qtr-sec OR 33 0340S 0050W 001 A NE | recorded~2022 (DB date, not legal located date) | src: BLM MLRS Not Closed | boundary approx (BLM quarter-section) | do not dig here (active claim)", "stroke": "#ff3300", "stroke-width": 2, "fill": "#ff3300", "fill-opacity": 0.05, "stroke-dasharray": "1,6"}}, {"type": "Feature", "geometry": {"type": "Polygon", "coordinates": [[[-123.30632033951234, 42.58432462288498], [-123.30632668920506, 42.582499501766726], [-123.30878796557192, 42.58250502154013], [-123.3087862438799, 42.58433065865797], [-123.30632033951234, 42.58432462288498]]]}, "properties": {"title": "Jack in the box", "description": "placer | serial OR105289070 | 40.0 ac | Active | qtr-sec OR 33 0340S 0050W 028 A SWNWSW | recorded~2022 (DB date, not legal located date) | src: BLM MLRS Not Closed | boundary approx (BLM quarter-section) | do not dig here (active claim)", "stroke": "#ff3300", "stroke-width": 2, "fill": "#ff3300", "fill-opacity": 0.05, "stroke-dasharray": "1,6"}}, {"type": "Feature", "geometry": {"type": "Polygon", "coordinates": [[[-123.170779494487, 42.6208577797516], [-123.1707774287955, 42.62268318687024], [-123.16584651304373, 42.62259457431953], [-123.16341891167346, 42.62255013954068], [-123.16095369329736, 42.622505016765246], [-123.16095296499441, 42.62071520664913], [-123.16095223669153, 42.61892539653299], [-123.16098514139273, 42.61712992941336], [-123.16101804609403, 42.61533446129379], [-123.16346512046373, 42.61535784206955], [-123.16588553882708, 42.61536784284686], [-123.16835929120296, 42.61540451662101], [-123.17080638757247, 42.61542782539679], [-123.17080808788046, 42.61724714051468], [-123.17077929117973, 42.619041879633784], [-123.170779494487, 42.6208577797516]]]}, "properties": {"title": "Z Gold Mine", "description": "placer | serial OR105290422 | 10.08 ac | Active | qtr-sec OR 33 0340S 0040W 015 A NW | recorded~2022 (DB date, not legal located date) | src: BLM MLRS Not Closed | boundary approx (BLM quarter-section) | do not dig here (active claim)", "stroke": "#ff3300", "stroke-width": 2, "fill": "#ff3300", "fill-opacity": 0.05, "stroke-dasharray": "1,6"}}, {"type": "Feature", "geometry": {"type": "Polygon", "coordinates": [[[-123.24929242689511, 42.66623516743236], [-123.25115784617971, 42.666273981262314], [-123.25433144166388, 42.666340015973], [-123.25932674241398, 42.66637399951315], [-123.25927391602549, 42.670020305752885], [-123.25922108963718, 42.67366660999257], [-123.25423442787643, 42.67356279444729], [-123.24924778511554, 42.67345873790199], [-123.24929197351452, 42.669882377667456], [-123.24929242689511, 42.66623516743236]]]}, "properties": {"title": "Wellspring", "description": "placer | serial OR105295474 | 20.0 ac | Active | qtr-sec OR 33 0330S 0050W 026 A SWSE|OR 33 0330S 0050W 026 A NWSE|OR 33 0330S 0050W 026 A SESE|OR 33 0330S 0050W 026 A NESE | recorded~2022 (DB date, not legal located date) | src: BLM MLRS Not Closed | boundary approx (BLM quarter-section) | do not dig here (active claim)", "stroke": "#ff3300", "stroke-width": 2, "fill": "#ff3300", "fill-opacity": 0.05, "stroke-dasharray": "1,6"}}, {"type": "Feature", "geometry": {"type": "Polygon", "coordinates": [[[-123.50407647576257, 42.495038045935495], [-123.50898210149472, 42.495088406487426], [-123.50899183410746, 42.49872764271939], [-123.50408155237368, 42.498671787167545], [-123.50407647576257, 42.495038045935495]]]}, "properties": {"title": "Yew Wood", "description": "placer | serial OR105296172 | 20.0 ac | Active | qtr-sec OR 33 0350S 0070W 027 A NESE | recorded~2022 (DB date, not legal located date) | src: BLM MLRS Not Closed | boundary approx (BLM quarter-section) | do not dig here (active claim)", "stroke": "#ff3300", "stroke-width": 2, "fill": "#ff3300", "fill-opacity": 0.05, "stroke-dasharray": "1,6"}}, {"type": "Feature", "geometry": {"type": "Polygon", "coordinates": [[[-123.46530409839472, 42.15], [-123.47493903787849, 42.15], [-123.47492698545383, 42.15127076739972], [-123.47489273504019, 42.15488201563803], [-123.47012247433403, 42.15486294606933], [-123.46535221562773, 42.15484384850061], [-123.46532941924762, 42.15254306235277], [-123.46531649203405, 42.1512504072697], [-123.46530409839472, 42.15]]]}, "properties": {"title": "Got Suckered In", "description": "placer | serial OR105296173 | 20.0 ac | Active | qtr-sec OR 33 0390S 0070W 025 A NENE|OR 33 0390S 0070W 025 A SWNE|OR 33 0390S 0070W 025 A NWNE|OR 33 0390S 0070W 025 A SENE | recorded~2022 (DB date, not legal located date) | src: BLM MLRS Not Closed | boundary approx (BLM quarter-section) | do not dig here (active claim)", "stroke": "#ff3300", "stroke-width": 2, "fill": "#ff3300", "fill-opacity": 0.05, "stroke-dasharray": "1,6"}}, {"type": "Feature", "geometry": {"type": "Polygon", "coordinates": [[[-123.4552669713905, 42.50596397812565], [-123.46015471611418, 42.50597175467649], [-123.46504248383768, 42.50597953022731], [-123.46502178644769, 42.50962677646305], [-123.46497026105297, 42.51327239170146], [-123.46498751466797, 42.51691425893328], [-123.46500476828315, 42.52055612616506], [-123.46013259956284, 42.52055447361346], [-123.45524818484063, 42.520552844063005], [-123.45036826312038, 42.52055957351268], [-123.44548831839998, 42.5205663029623], [-123.44544885277999, 42.516914679731684], [-123.44540938716014, 42.513263033501026], [-123.44543239055042, 42.50961606726486], [-123.44545541694089, 42.505969101028626], [-123.4503611826658, 42.50596653957717], [-123.4552669713905, 42.50596397812565]]]}, "properties": {"title": "Old Joe", "description": "placer | serial OR105296176 | 19.94 ac | Active | qtr-sec OR 33 0350S 0060W 019 A NENW|OR 33 0350S 0060W 019 A Unnumbered Lot null|OR 33 0350S 0060W 019 A Unnumbered Lot null|OR 33 0350S 0060W 019 A SENW | recorded~2022 (DB date, not legal located date) | src: BLM MLRS Not Closed | boundary approx (BLM quarter-section) | do not dig here (active claim)", "stroke": "#ff3300", "stroke-width": 2, "fill": "#ff3300", "fill-opacity": 0.05, "stroke-dasharray": "1,6"}}, {"type": "Feature", "geometry": {"type": "Polygon", "coordinates": [[[-123.62164916903077, 42.47692936196549], [-123.62175681304663, 42.4769293609556], [-123.62176062465706, 42.4805621941863], [-123.62176443426756, 42.48419502641702], [-123.61683121554552, 42.484210899871904], [-123.6118980248232, 42.48422655132673], [-123.61193366121906, 42.480597358092524], [-123.61196929661509, 42.47696816385828], [-123.61678478831935, 42.47694865241412], [-123.61686306833089, 42.476948652406925], [-123.62164916903077, 42.47692936196549]]]}, "properties": {"title": "Glad Mined Too", "description": "placer | serial OR105296166 | 20.0 ac | Active | qtr-sec OR 33 0350S 0080W 035 A NESW|OR 33 0350S 0080W 035 A SESW|OR 33 0350S 0080W 035 A SWSW|OR 33 0350S 0080W 035 A NWSW | recorded~2022 (DB date, not legal located date) | src: BLM MLRS Not Closed | boundary approx (BLM quarter-section) | do not dig here (active claim)", "stroke": "#ff3300", "stroke-width": 2, "fill": "#ff3300", "fill-opacity": 0.05, "stroke-dasharray": "1,6"}}, {"type": "Feature", "geometry": {"type": "Polygon", "coordinates": [[[-123.52367315930016, 42.49889136837908], [-123.51878762657071, 42.49883744482515], [-123.51390209384115, 42.49878352127121], [-123.5138877512267, 42.49513855803941], [-123.51387338461244, 42.49149357980754], [-123.5187628983389, 42.491526073359864], [-123.52365243606528, 42.49155857591221], [-123.52366279768263, 42.49522498314569], [-123.52367315930016, 42.49889136837908]]]}, "properties": {"title": "Just Because", "description": "placer | serial OR105296174 | 20.0 ac | Active | qtr-sec OR 33 0350S 0070W 027 A NWSW|OR 33 0350S 0070W 027 A SESW|OR 33 0350S 0070W 027 A SWSW|OR 33 0350S 0070W 027 A NESW|OR 33 0350S 0070W 029 A SESW|OR 33 0350S 0070W 027 A SWSW|OR 33 0350S 0070W 027 A NESW|OR 33 0350S 0070W 029 A NWSW|OR 33 0350S 0070W 027 A SESW|OR 33 0350S 0070W 027 A SWSW|OR 33 0350S 0070W 027 A NESW|OR 33 0350S 0070W 029 A NWSW|OR 33 0350S 0070W 027 A NESW|OR 33 0350S 0070W 029 A SWSW|OR 33 0350S 0070W 029 A NWSW|OR 33 0350S 0070W 029 A SESW | recorded~2022 (DB date, not legal located date) | src: BLM MLRS Not Closed | boundary approx (BLM quarter-section) | do not dig here (active claim)", "stroke": "#ff3300", "stroke-width": 2, "fill": "#ff3300", "fill-opacity": 0.05, "stroke-dasharray": "1,6"}}, {"type": "Feature", "geometry": {"type": "Polygon", "coordinates": [[[-123.08253865106757, 42.49482062064883], [-123.08503042844218, 42.49482956142075], [-123.08504116174443, 42.49662378953742], [-123.08505189604672, 42.49841806365413], [-123.08256747567208, 42.49840234788108], [-123.0825530633698, 42.496611483764966], [-123.08253865106757, 42.49482062064883]]]}, "properties": {"title": "Pays to Play", "description": "placer | serial OR105296171 | 20.0 ac | Active | qtr-sec OR 33 0350S 0030W 029 A E2NESW | recorded~2022 (DB date, not legal located date) | src: BLM MLRS Not Closed | boundary approx (BLM quarter-section) | do not dig here (active claim)", "stroke": "#ff3300", "stroke-width": 2, "fill": "#ff3300", "fill-opacity": 0.05, "stroke-dasharray": "1,6"}}, {"type": "Feature", "geometry": {"type": "Polygon", "coordinates": [[[-123.07813708676835, 42.53272853753778], [-123.07807890145597, 42.53092101442476], [-123.08315526222354, 42.53096341296105], [-123.08330453085202, 42.53457107718356], [-123.07819527108077, 42.53453608365083], [-123.07813708676835, 42.53272853753778]]]}, "properties": {"title": "Golden Slide 1", "description": "placer | serial OR105749965 | 20.0 ac | Active | qtr-sec OR 33 0350S 0030W 017 A NWNE | recorded~2022 (DB date, not legal located date) | src: BLM MLRS Not Closed | boundary approx (BLM quarter-section) | do not dig here (active claim)", "stroke": "#ff3300", "stroke-width": 2, "fill": "#ff3300", "fill-opacity": 0.05, "stroke-dasharray": "1,6"}}, {"type": "Feature", "geometry": {"type": "Polygon", "coordinates": [[[-123.65, 42.54951302776801], [-123.65, 42.556715882405946], [-123.64673313814825, 42.55672082971661], [-123.64182985642938, 42.55672803216961], [-123.64181877382072, 42.553132376943], [-123.64180769121218, 42.54953669471641], [-123.64670872192949, 42.54952254726331], [-123.65, 42.54951302776801]]]}, "properties": {"title": "Hand Picked", "description": "placer | serial OR105752096 | 20.0 ac | Active | qtr-sec OR 33 0350S 0080W 004 A SESE|OR 33 0350S 0080W 004 A NWSE|OR 33 0350S 0080W 004 A NESE|OR 33 0350S 0080W 004 A SWSE | recorded~2022 (DB date, not legal located date) | src: BLM MLRS Not Closed | boundary approx (BLM quarter-section) | do not dig here (active claim)", "stroke": "#ff3300", "stroke-width": 2, "fill": "#ff3300", "fill-opacity": 0.05, "stroke-dasharray": "1,6"}}, {"type": "Feature", "geometry": {"type": "Polygon", "coordinates": [[[-123.21041587337838, 42.151799929397825], [-123.21047474467518, 42.153561479509], [-123.2105924882688, 42.15708455673135], [-123.20569203054775, 42.1571331021783], [-123.20079155082657, 42.15718162462521], [-123.20071078123395, 42.15363121339758], [-123.20063003464149, 42.15008080216992], [-123.20549351836165, 42.15005959072832], [-123.20792527172169, 42.15004901850747], [-123.2103570020817, 42.15003837928661], [-123.21041587337838, 42.151799929397825]]]}, "properties": {"title": "It's Kime to Mine", "description": "placer | serial OR105752100 | 10.0 ac | Active | qtr-sec OR 33 0390S 0040W 029 A NENW|OR 33 0390S 0040W 029 A Remainder Aliquot Part SESWNW|OR 33 0390S 0040W 029 A NWNW|OR 33 0390S 0040W 029 A SENW|OR 33 0390S 0040W 029 A Remainder Aliquot Part NESWNW|OR 33 0390S 0040W 029 A Remainder Aliquot Part NWSWNW|OR 33 0390S 0040W 029 A Remainder Aliquot Part SWSWNW | recorded~2022 (DB date, not legal located date) | src: BLM MLRS Not Closed | boundary approx (BLM quarter-section) | do not dig here (active claim)", "stroke": "#ff3300", "stroke-width": 2, "fill": "#ff3300", "fill-opacity": 0.05, "stroke-dasharray": "1,6"}}, {"type": "Feature", "geometry": {"type": "Polygon", "coordinates": [[[-123.14091411513577, 42.45499895868565], [-123.14091052973659, 42.458596867921614], [-123.14090696833755, 42.46219477715754], [-123.13605440461329, 42.462199666602686], [-123.13120186388892, 42.46220458004781], [-123.13118530928568, 42.45861107181389], [-123.13116875368262, 42.45501756257989], [-123.13604143440928, 42.45500824913281], [-123.14091411513577, 42.45499895868565]]]}, "properties": {"title": "Boyds Rhoid", "description": "placer | serial OR105757809 | 20.0 ac | Filed | qtr-sec OR 33 0360S 0040W 011 A NENE|OR 33 0360S 0040W 011 A SENE|OR 33 0360S 0040W 011 A NWNE|OR 33 0360S 0040W 011 A SWNE | recorded~2022 (DB date, not legal located date) | src: BLM MLRS Not Closed | boundary approx (BLM quarter-section) | do not dig here (active claim)", "stroke": "#ff3300", "stroke-width": 2, "fill": "#ff3300", "fill-opacity": 0.05, "stroke-dasharray": "1,6"}}, {"type": "Feature", "geometry": {"type": "Polygon", "coordinates": [[[-123.6023655538001, 42.65218227385384], [-123.60263547883984, 42.652182297828816], [-123.60729301852628, 42.6521884653978], [-123.60756294256598, 42.65218846337276], [-123.61222048325236, 42.65219463094171], [-123.61249040729203, 42.65219465391669], [-123.61714794697826, 42.652200821485636], [-123.61741787201798, 42.652200844460616], [-123.61965520134729, 42.652202263253436], [-123.62078593251356, 42.65220229614869], [-123.62206482270165, 42.65220194703017], [-123.62206508078705, 42.65270414706186], [-123.62206505280666, 42.6528197750691], [-123.62206487193176, 42.65355534511555], [-123.62206328031527, 42.65581193925803], [-123.62206276044058, 42.65654917430457], [-123.62206073392892, 42.65942192548596], [-123.62205858131134, 42.66167179862802], [-123.62205728654125, 42.6630241237134], [-123.6220538381538, 42.66662631794085], [-123.61713417842971, 42.666623767396715], [-123.61696272140445, 42.66662367841258], [-123.61455994205073, 42.66662243263528], [-123.61221451970547, 42.66662121585256], [-123.60729485998112, 42.666618651308426], [-123.60237520025662, 42.66661608676426], [-123.60237278864228, 42.66300762853669], [-123.60237190941835, 42.66169228945376], [-123.60237156433053, 42.66117624042122], [-123.60237037702804, 42.659399168309086], [-123.60236796541403, 42.65579072308147], [-123.6023655538001, 42.65218227385384]]]}, "properties": {"title": "Ben 1", "description": "placer | serial OR105768773 | 17.02 ac | Active | qtr-sec OR 33 0330S 0080W 035 A Government Lot 7|OR 33 0330S 0080W 035 A NE|OR 33 0330S 0080W 035 A Government Lot 2|OR 33 0330S 0080W 035 A Government Lot 6|OR 33 0330S 0080W 035 A Government Lot 1|OR 33 0330S 0080W 035 A NE | recorded~2022 (DB date, not legal located date) | src: BLM MLRS Not Closed | boundary approx (BLM quarter-section) | do not dig here (active claim)", "stroke": "#ff3300", "stroke-width": 2, "fill": "#ff3300", "fill-opacity": 0.05, "stroke-dasharray": "1,6"}}, {"type": "Feature", "geometry": {"type": "Polygon", "coordinates": [[[-123.6023655538001, 42.65218227385384], [-123.60263547883984, 42.652182297828816], [-123.60729301852628, 42.6521884653978], [-123.60756294256598, 42.65218846337276], [-123.61222048325236, 42.65219463094171], [-123.61221898986565, 42.65580280016954], [-123.61221749947907, 42.65941097239741], [-123.60729393775362, 42.659405069853236], [-123.60237037702804, 42.659399168309086], [-123.60236796541403, 42.65579072308147], [-123.6023655538001, 42.65218227385384]]]}, "properties": {"title": "Ben 2", "description": "placer | serial OR105768774 | 40.0 ac | Active | qtr-sec OR 33 0330S 0080W 035 A NWSE|OR 33 0330S 0080W 035 A SESE|OR 33 0330S 0080W 035 A NESE|OR 33 0330S 0080W 035 A SWSE|OR 33 0330S 0080W 035 A SE | recorded~2022 (DB date, not legal located date) | src: BLM MLRS Not Closed | boundary approx (BLM quarter-section) | do not dig here (active claim)", "stroke": "#ff3300", "stroke-width": 2, "fill": "#ff3300", "fill-opacity": 0.05, "stroke-dasharray": "1,6"}}, {"type": "Feature", "geometry": {"type": "Polygon", "coordinates": [[[-123.6023655538001, 42.65218227385384], [-123.60263547883984, 42.652182297828816], [-123.60729301852628, 42.6521884653978], [-123.60756294256598, 42.65218846337276], [-123.61222048325236, 42.65219463094171], [-123.61249040729203, 42.65219465391669], [-123.61714794697826, 42.652200821485636], [-123.61741787201798, 42.652200844460616], [-123.61965520134729, 42.652202263253436], [-123.62078593251356, 42.65220229614869], [-123.62206482270165, 42.65220194703017], [-123.62206508078705, 42.65270414706186], [-123.62206505280666, 42.6528197750691], [-123.62206487193176, 42.65355534511555], [-123.62206328031527, 42.65581193925803], [-123.62206276044058, 42.65654917430457], [-123.62206073392892, 42.65942192548596], [-123.62205858131134, 42.66167179862802], [-123.62205728654125, 42.6630241237134], [-123.6220538381538, 42.66662631794085], [-123.61713417842971, 42.666623767396715], [-123.61696272140445, 42.66662367841258], [-123.61455994205073, 42.66662243263528], [-123.61221451970547, 42.66662121585256], [-123.60729485998112, 42.666618651308426], [-123.60237520025662, 42.66661608676426], [-123.60237278864228, 42.66300762853669], [-123.60237190941835, 42.66169228945376], [-123.60237156433053, 42.66117624042122], [-123.60237037702804, 42.659399168309086], [-123.60236796541403, 42.65579072308147], [-123.6023655538001, 42.65218227385384]]]}, "properties": {"title": "Carly", "description": "placer | serial OR105768775 | 10.46 ac | Active | qtr-sec OR 33 0330S 0080W 035 A NE|OR 33 0330S 0080W 035 A NE|OR 33 0330S 0080W 035 A Government Lot 7|OR 33 0330S 0080W 035 A Government Lot 6|OR 33 0330S 0080W 035 A Government Lot 1|OR 33 0330S 0080W 035 A Government Lot 2 | recorded~2022 (DB date, not legal located date) | src: BLM MLRS Not Closed | boundary approx (BLM quarter-section) | do not dig here (active claim)", "stroke": "#ff3300", "stroke-width": 2, "fill": "#ff3300", "fill-opacity": 0.05, "stroke-dasharray": "1,6"}}, {"type": "Feature", "geometry": {"type": "Polygon", "coordinates": [[[-123.6023655538001, 42.65218227385384], [-123.60263547883984, 42.652182297828816], [-123.60729301852628, 42.6521884653978], [-123.60756294256598, 42.65218846337276], [-123.61222048325236, 42.65219463094171], [-123.61221898986565, 42.65580280016954], [-123.61221749947907, 42.65941097239741], [-123.60729393775362, 42.659405069853236], [-123.60237037702804, 42.659399168309086], [-123.60236796541403, 42.65579072308147], [-123.6023655538001, 42.65218227385384]]]}, "properties": {"title": "Carly 2", "description": "placer | serial OR105768776 | 40.0 ac | Active | qtr-sec OR 33 0330S 0080W 035 A SWSE|OR 33 0330S 0080W 035 A NWSE|OR 33 0330S 0080W 035 A SESE|OR 33 0330S 0080W 035 A NESE|OR 33 0330S 0080W 035 A SE | recorded~2022 (DB date, not legal located date) | src: BLM MLRS Not Closed | boundary approx (BLM quarter-section) | do not dig here (active claim)", "stroke": "#ff3300", "stroke-width": 2, "fill": "#ff3300", "fill-opacity": 0.05, "stroke-dasharray": "1,6"}}, {"type": "Feature", "geometry": {"type": "Polygon", "coordinates": [[[-123.6023655538001, 42.65218227385384], [-123.60263547883984, 42.652182297828816], [-123.60729301852628, 42.6521884653978], [-123.60756294256598, 42.65218846337276], [-123.61222048325236, 42.65219463094171], [-123.61249040729203, 42.65219465391669], [-123.61714794697826, 42.652200821485636], [-123.61741787201798, 42.652200844460616], [-123.61965520134729, 42.652202263253436], [-123.62078593251356, 42.65220229614869], [-123.62206482270165, 42.65220194703017], [-123.62206508078705, 42.65270414706186], [-123.62206505280666, 42.6528197750691], [-123.62206487193176, 42.65355534511555], [-123.62206328031527, 42.65581193925803], [-123.62206276044058, 42.65654917430457], [-123.62206073392892, 42.65942192548596], [-123.62205858131134, 42.66167179862802], [-123.62205728654125, 42.6630241237134], [-123.6220538381538, 42.66662631794085], [-123.61713417842971, 42.666623767396715], [-123.61696272140445, 42.66662367841258], [-123.61455994205073, 42.66662243263528], [-123.61221451970547, 42.66662121585256], [-123.60729485998112, 42.666618651308426], [-123.60237520025662, 42.66661608676426], [-123.60237278864228, 42.66300762853669], [-123.60237190941835, 42.66169228945376], [-123.60237156433053, 42.66117624042122], [-123.60237037702804, 42.659399168309086], [-123.60236796541403, 42.65579072308147], [-123.6023655538001, 42.65218227385384]]]}, "properties": {"title": "Susy 2", "description": "placer | serial OR105768777 | 7.89 ac | Active | qtr-sec OR 33 0330S 0080W 035 A Government Lot 4|OR 33 0330S 0080W 035 A NW|OR 33 0330S 0080W 035 A Government Lot 5|OR 33 0330S 0080W 035 A NW|OR 33 0330S 0080W 035 A Government Lot 3|OR 33 0330S 0080W 035 A NW|OR 33 0330S 0080W 035 A NW | recorded~2022 (DB date, not legal located date) | src: BLM MLRS Not Closed | boundary approx (BLM quarter-section) | do not dig here (active claim)", "stroke": "#ff3300", "stroke-width": 2, "fill": "#ff3300", "fill-opacity": 0.05, "stroke-dasharray": "1,6"}}, {"type": "Feature", "geometry": {"type": "Polygon", "coordinates": [[[-123.61249040729203, 42.65219465391669], [-123.61714794697826, 42.652200821485636], [-123.61741787201798, 42.652200844460616], [-123.61965520134729, 42.652202263253436], [-123.62078593251356, 42.65220229614869], [-123.62206482270165, 42.65220194703017], [-123.62206508078705, 42.65270414706186], [-123.62206505280666, 42.6528197750691], [-123.62206487193176, 42.65355534511555], [-123.62206328031527, 42.65581193925803], [-123.62206276044058, 42.65654917430457], [-123.62206073392892, 42.65942192548596], [-123.62205858131134, 42.66167179862802], [-123.62205728654125, 42.6630241237134], [-123.6220538381538, 42.66662631794085], [-123.61713417842971, 42.666623767396715], [-123.61696272140445, 42.66662367841258], [-123.61455994205073, 42.66662243263528], [-123.61221451970547, 42.66662121585256], [-123.60729485998112, 42.666618651308426], [-123.60237520025662, 42.66661608676426], [-123.60237278864228, 42.66300762853669], [-123.60237190941835, 42.66169228945376], [-123.60237156433053, 42.66117624042122], [-123.60237037702804, 42.659399168309086], [-123.60236796541403, 42.65579072308147], [-123.6023655538001, 42.65218227385384], [-123.60263547883984, 42.652182297828816], [-123.60729301852628, 42.6521884653978], [-123.60756294256598, 42.65218846337276], [-123.61222048325236, 42.65219463094171], [-123.61249040729203, 42.65219465391669]]]}, "properties": {"title": "Susy 3", "description": "placer | serial OR105768778 | 39.31 ac | Active | qtr-sec OR 33 0330S 0080W 035 A SW|OR 33 0330S 0080W 035 A Government Lot 8|OR 33 0330S 0080W 035 A Government Lot 10|OR 33 0330S 0080W 035 A SESW|OR 33 0330S 0080W 035 A Government Lot 9|OR 33 0330S 0080W 035 A SW|OR 33 0330S 0080W 035 A SW | recorded~2022 (DB date, not legal located date) | src: BLM MLRS Not Closed | boundary approx (BLM quarter-section) | do not dig here (active claim)", "stroke": "#ff3300", "stroke-width": 2, "fill": "#ff3300", "fill-opacity": 0.05, "stroke-dasharray": "1,6"}}, {"type": "Feature", "geometry": {"type": "Polygon", "coordinates": [[[-123.2297642791323, 42.16327382240412], [-123.22980507430908, 42.16431701646928], [-123.22496165759097, 42.16432901190884], [-123.22013332687027, 42.164312207345056], [-123.22014129727458, 42.16066450810328], [-123.22014926867911, 42.15701680686153], [-123.2249115743924, 42.15704866543238], [-123.2297596051114, 42.157038183992654], [-123.229739598541, 42.159682386169145], [-123.2297467237084, 42.160699321235654], [-123.2297642791323, 42.16327382240412]]]}, "properties": {"title": "Clouse's Corner", "description": "placer | serial OR105780089 | 40.0 ac | Active | qtr-sec OR 33 0390S 0040W 019 A SW | recorded~2022 (DB date, not legal located date) | src: BLM MLRS Not Closed | boundary approx (BLM quarter-section) | do not dig here (active claim)", "stroke": "#ff3300", "stroke-width": 2, "fill": "#ff3300", "fill-opacity": 0.05, "stroke-dasharray": "1,6"}}, {"type": "Feature", "geometry": {"type": "Polygon", "coordinates": [[[-123.09197027835222, 42.15], [-123.10173234898362, 42.15], [-123.10173624632775, 42.15269329529262], [-123.10174150192195, 42.15632456053377], [-123.09686351819259, 42.15631865497483], [-123.09198553446303, 42.15631274941579], [-123.09197675286869, 42.15268382017492], [-123.09197027835222, 42.15]]]}, "properties": {"title": "Brightstar", "description": "placer | serial OR105782918 | 20.0 ac | Active | qtr-sec OR 33 0390S 0030W 030 A NWNE|OR 33 0390S 0030W 030 A SENE|OR 33 0390S 0030W 030 A NENE|OR 33 0390S 0030W 030 A SWNE | recorded~2022 (DB date, not legal located date) | src: BLM MLRS Not Closed | boundary approx (BLM quarter-section) | do not dig here (active claim)", "stroke": "#ff3300", "stroke-width": 2, "fill": "#ff3300", "fill-opacity": 0.05, "stroke-dasharray": "1,6"}}, {"type": "Feature", "geometry": {"type": "Polygon", "coordinates": [[[-123.31862448065509, 42.5861836058701], [-123.3210929980234, 42.586192685642985], [-123.3235615383917, 42.586201672415896], [-123.32852168913237, 42.58622412095987], [-123.32848084774248, 42.58987123719843], [-123.32844102435087, 42.59350648543613], [-123.32349401961419, 42.59349669989191], [-123.32101911024458, 42.593485652119554], [-123.31854420187493, 42.59347460434714], [-123.31856427156991, 42.59165185522791], [-123.3185843412649, 42.589829105108656], [-123.31862448065509, 42.5861836058701]]]}, "properties": {"title": "Easy Time", "description": "placer | serial OR105788556 | 40.0 ac | Active | qtr-sec OR 33 0340S 0050W 029 A NW|OR 33 0340S 0050W 029 A NWNENW|OR 33 0340S 0050W 029 A NWNW|OR 33 0340S 0050W 029 A SENW|OR 33 0340S 0050W 029 A SENW|OR 33 0340S 0050W 029 A NENENW|OR 33 0340S 0050W 029 A SENENW|OR 33 0340S 0050W 029 A SWNW|OR 33 0340S 0050W 029 A SWNENW | recorded~2022 (DB date, not legal located date) | src: BLM MLRS Not Closed | boundary approx (BLM quarter-section) | do not dig here (active claim)", "stroke": "#ff3300", "stroke-width": 2, "fill": "#ff3300", "fill-opacity": 0.05, "stroke-dasharray": "1,6"}}, {"type": "Feature", "geometry": {"type": "Polygon", "coordinates": [[[-123.24952502399007, 42.637118019532956], [-123.25118495723937, 42.63712966538037], [-123.2543338387123, 42.63715175609089], [-123.25914267743444, 42.637185446648765], [-123.26399961815976, 42.63719683120074], [-123.26905921892879, 42.63728842573918], [-123.26912830556057, 42.64095451096908], [-123.26919739519246, 42.64462058719896], [-123.26921810682246, 42.64831717043524], [-123.26923881745269, 42.652013753671504], [-123.26424154270381, 42.651986852131756], [-123.2592424429704, 42.65205319459818], [-123.25427501022806, 42.65203977805655], [-123.25118465276476, 42.6520235053412], [-123.2493037814828, 42.652013601514405], [-123.24933515212156, 42.64985651037237], [-123.24936192781702, 42.64803738125255], [-123.24939001851278, 42.646218881132675], [-123.2494181092086, 42.64440035701273], [-123.24947156659927, 42.64075918877286], [-123.24952502399007, 42.637118019532956]]]}, "properties": {"title": "Gold Cup", "description": "placer | serial OR105792603 | 20.0 ac | Active | qtr-sec OR 33 0340S 0050W 002 A SWNE|OR 33 0340S 0050W 002 A SENE|OR 33 0340S 0050W 002 A Government Lot 2|OR 33 0340S 0050W 002 A Government Lot 1|OR 33 0340S 0050W 002 A SWNE | recorded~2022 (DB date, not legal located date) | src: BLM MLRS Not Closed | boundary approx (BLM quarter-section) | do not dig here (active claim)", "stroke": "#ff3300", "stroke-width": 2, "fill": "#ff3300", "fill-opacity": 0.05, "stroke-dasharray": "1,6"}}, {"type": "Feature", "geometry": {"type": "Polygon", "coordinates": [[[-123.5292698334102, 42.571806714515056], [-123.53425407414746, 42.571820036055925], [-123.53418546174512, 42.575417185291194], [-123.52924486901226, 42.57539157774562], [-123.5292698334102, 42.571806714515056]]]}, "properties": {"title": "Strat Cat", "description": "placer | serial OR105795357 | 199.21 ac | Active | qtr-sec OR 33 0340S 0070W 033 NENE | OR 33 0340S 0070W 033 NENE | OR 33 0340S 0070W 033 NWNE | OR 33 0340S 0070W 033 SENE | OR 33 0340S 0070W 033 SWNE | recorded~2022 (DB date, not legal located date) | src: BLM MLRS Not Closed | boundary approx (BLM quarter-section) | do not dig here (active claim)", "stroke": "#ff3300", "stroke-width": 2, "fill": "#ff3300", "fill-opacity": 0.05, "stroke-dasharray": "1,6"}}, {"type": "Feature", "geometry": {"type": "Polygon", "coordinates": [[[-123.1609286526725, 42.695471304496195], [-123.16577867940113, 42.695491607048595], [-123.17062872812963, 42.69551190960095], [-123.17063122074843, 42.69914669883577], [-123.17063180403254, 42.7], [-123.16090196888747, 42.7], [-123.16090723328773, 42.699106536733375], [-123.1609286526725, 42.695471304496195]]]}, "properties": {"title": "Grave Creek 1", "description": "placer | serial OR105799865 | 20.0 ac | Active | qtr-sec OR 33 0330S 0040W 015 A SW|OR 33 0330S 0040W 015 A Remainder Aliquot Part NWNWSW|OR 33 0330S 0040W 015 A NESW|OR 33 0330S 0040W 015 A SESW|OR 33 0330S 0040W 015 A Remainder Aliquot Part NENWSW|OR 33 0330S 0040W 015 A Remainder Aliquot Part SWNWSW|OR 33 0330S 0040W 015 A Remainder Aliquot Part SENWSW|OR 33 0330S 0040W 015 A SWSW | recorded~2022 (DB date, not legal located date) | src: BLM MLRS Not Closed | boundary approx (BLM quarter-section) | do not dig here (active claim)", "stroke": "#ff3300", "stroke-width": 2, "fill": "#ff3300", "fill-opacity": 0.05, "stroke-dasharray": "1,6"}}, {"type": "Feature", "geometry": {"type": "Polygon", "coordinates": [[[-123.25922108963718, 42.67366660999257], [-123.26425191840441, 42.67377086953377], [-123.26928274717147, 42.67387490807494], [-123.26934097071252, 42.67700709627111], [-123.26933642179594, 42.677502043303356], [-123.26930495439213, 42.681036319533696], [-123.26421159560682, 42.680880199995045], [-123.25911826482142, 42.68072405245645], [-123.25916967622919, 42.6771953322245], [-123.25922108963718, 42.67366660999257]]]}, "properties": {"title": "Echo Hill", "description": "placer | serial OR105818886 | 40.0 ac | Active | qtr-sec OR 33 0330S 0050W 026 A SWNW|OR 33 0330S 0050W 026 A NENW|OR 33 0330S 0050W 026 A NWNW|OR 33 0330S 0050W 026 A SENW|OR 33 0330S 0050W 026 A NW | recorded~2023 (DB date, not legal located date) | src: BLM MLRS Not Closed | boundary approx (BLM quarter-section) | do not dig here (active claim)", "stroke": "#ff3300", "stroke-width": 2, "fill": "#ff3300", "fill-opacity": 0.05, "stroke-dasharray": "1,6"}}, {"type": "Feature", "geometry": {"type": "Polygon", "coordinates": [[[-123.2493020336892, 42.65912423297307], [-123.25430306643847, 42.659147797512134], [-123.25928558818678, 42.659182504053625], [-123.25930615180026, 42.662778252283395], [-123.25932674241398, 42.66637399951315], [-123.25433144166388, 42.666340015973], [-123.25115784617971, 42.666273981262314], [-123.24929242689511, 42.66623516743236], [-123.24930917358066, 42.66436864331047], [-123.2493283473018, 42.662709436201766], [-123.2493020336892, 42.65912423297307]]]}, "properties": {"title": "Faith", "description": "placer | serial OR105818887 | 20.0 ac | Active | qtr-sec OR 33 0330S 0050W 035 A NE|OR 33 0330S 0050W 035 A SWNE|OR 33 0330S 0050W 035 A NENE|OR 33 0330S 0050W 035 A SENE|OR 33 0330S 0050W 035 A NWNE | recorded~2023 (DB date, not legal located date) | src: BLM MLRS Not Closed | boundary approx (BLM quarter-section) | do not dig here (active claim)", "stroke": "#ff3300", "stroke-width": 2, "fill": "#ff3300", "fill-opacity": 0.05, "stroke-dasharray": "1,6"}}, {"type": "Feature", "geometry": {"type": "Polygon", "coordinates": [[[-123.06290306542519, 42.514498864742166], [-123.06289738411748, 42.512669793622656], [-123.06535642449134, 42.51270157439898], [-123.06781548986513, 42.51273326217525], [-123.07027453023893, 42.51276501995157], [-123.07273359561268, 42.51279673172782], [-123.07274346821852, 42.51639878496312], [-123.07275336382446, 42.52000083819839], [-123.06783672508654, 42.51999348164946], [-123.0629200863485, 42.51998612410055], [-123.06290874673292, 42.51632795886161], [-123.06290306542519, 42.514498864742166]]]}, "properties": {"title": "Lower Windfall", "description": "placer | serial OR105818895 | 20.0 ac | Active | qtr-sec OR 33 0350S 0030W 021 A SWNW|OR 33 0350S 0030W 021 A SENW|OR 33 0350S 0030W 021 A NENW|OR 33 0350S 0030W 021 A NWNW|OR 33 0350S 0030W 021 A NW | recorded~2023 (DB date, not legal located date) | src: BLM MLRS Not Closed | boundary approx (BLM quarter-section) | do not dig here (active claim)", "stroke": "#ff3300", "stroke-width": 2, "fill": "#ff3300", "fill-opacity": 0.05, "stroke-dasharray": "1,6"}}, {"type": "Feature", "geometry": {"type": "Polygon", "coordinates": [[[-123.06043366335594, 42.51629234808657], [-123.06290874673292, 42.51632795886161], [-123.06291441604064, 42.51815704098112], [-123.0629200863485, 42.51998612410055], [-123.06044368797075, 42.519946938325425], [-123.06043867566335, 42.518119655206], [-123.06043366335594, 42.51629234808657]]]}, "properties": {"title": "Upper Windfall", "description": "placer | serial OR105818894 | 40.0 ac | Active | qtr-sec OR 33 0350S 0030W 021 A W2NWNE | recorded~2023 (DB date, not legal located date) | src: BLM MLRS Not Closed | boundary approx (BLM quarter-section) | do not dig here (active claim)", "stroke": "#ff3300", "stroke-width": 2, "fill": "#ff3300", "fill-opacity": 0.05, "stroke-dasharray": "1,6"}}, {"type": "Feature", "geometry": {"type": "Polygon", "coordinates": [[[-123.55316783280264, 42.37429378369195], [-123.5580935945284, 42.37429955424137], [-123.56301935725408, 42.37430532479076], [-123.56302187934659, 42.37485863782597], [-123.56303607986746, 42.37797333502444], [-123.56304444017421, 42.3798073531413], [-123.56305280448098, 42.381641343258146], [-123.56058197111625, 42.38163378048396], [-123.55811113675144, 42.38162619670974], [-123.55564030238659, 42.381618635935524], [-123.55316947102173, 42.381611051161336], [-123.55316906871691, 42.37978174304399], [-123.5531686514116, 42.37794953292648], [-123.55316783280264, 42.37429378369195]]]}, "properties": {"title": "Bear Water Gold", "description": "placer | serial OR105823726 | 20.0 ac | Active | qtr-sec OR 33 0370S 0070W 005 A SESW|OR 33 0370S 0070W 005 A NWNWSW|OR 33 0370S 0070W 005 A SWNWSW|OR 33 0370S 0070W 005 A SWNESW|OR 33 0370S 0070W 005 A SWSW|OR 33 0370S 0070W 005 A SENWSW|OR 33 0370S 0070W 005 A NENESW|OR 33 0370S 0070W 005 A SENESW|OR 33 0370S 0070W 005 A NENWSW|OR 33 0370S 0070W 005 A NWNESW|OR 33 0370S 0070W 005 A SW | recorded~2023 (DB date, not legal located date) | src: BLM MLRS Not Closed | boundary approx (BLM quarter-section) | do not dig here (active claim)", "stroke": "#ff3300", "stroke-width": 2, "fill": "#ff3300", "fill-opacity": 0.05, "stroke-dasharray": "1,6"}}, {"type": "Feature", "geometry": {"type": "Polygon", "coordinates": [[[-123.00116764534225, 42.28709529035814], [-123.00353681569739, 42.28709425914263], [-123.00846137044323, 42.28713938169784], [-123.01338597218901, 42.28718450325306], [-123.01338066378803, 42.29082057349523], [-123.01337535638717, 42.294456642737444], [-123.01335721898225, 42.2980784169798], [-123.01335704298799, 42.298113434982085], [-123.01334804628301, 42.29990876910223], [-123.01334787628862, 42.29994271110449], [-123.01334350643188, 42.30081422416279], [-123.01333886558386, 42.30173912422471], [-123.01087892321276, 42.30172505744761], [-123.0084189928416, 42.301710994670465], [-123.00349909509912, 42.30168286511627], [-123.0011679847473, 42.30166954432743], [-122.99857926335658, 42.301654751562], [-122.9936594646139, 42.30162661700774], [-122.99366782301557, 42.29799445976534], [-122.9936762044175, 42.29436248852298], [-122.9936845628195, 42.29073049328049], [-122.99369292022169, 42.287098521038004], [-122.99615389459063, 42.28709747281418], [-122.99861484495959, 42.28709640159036], [-123.00116764534225, 42.28709529035814]]]}, "properties": {"title": "Freebooter", "description": "placer | serial OR105825927 | 20.0 ac | Active | qtr-sec OR 33 0380S 0030W 001 A NE|OR 33 0380S 0030W 001 A SWNE|OR 33 0380S 0030W 001 A SENE|OR 33 0380S 0030W 001 A Unnumbered Lot null|OR 33 0380S 0030W 001 A Unnumbered Lot null | recorded~2023 (DB date, not legal located date) | src: BLM MLRS Not Closed | boundary approx (BLM quarter-section) | do not dig here (active claim)", "stroke": "#ff3300", "stroke-width": 2, "fill": "#ff3300", "fill-opacity": 0.05, "stroke-dasharray": "1,6"}}, {"type": "Feature", "geometry": {"type": "Polygon", "coordinates": [[[-123.44567068745792, 42.61553280602375], [-123.44568046705608, 42.619054999247794], [-123.44569024665437, 42.62257719147176], [-123.44079591294667, 42.62267479393038], [-123.43590155623885, 42.62277239738905], [-123.43589205562473, 42.61915681615893], [-123.43588255601084, 42.615541212928775], [-123.44077660973444, 42.615537021476314], [-123.44567068745792, 42.61553280602375]]]}, "properties": {"title": "Stovepipe", "description": "placer | serial OR105830317 | 60.0 ac | Filed | qtr-sec OR 33 0340S 0060W 017 A NW|OR 33 0340S 0060W 017 A NWNW|OR 33 0340S 0060W 017 A SWNW|OR 33 0340S 0060W 017 A NENW|OR 33 0340S 0060W 017 A SENW | recorded~2023 (DB date, not legal located date) | src: BLM MLRS Not Closed | boundary approx (BLM quarter-section) | do not dig here (active claim)", "stroke": "#ff3300", "stroke-width": 2, "fill": "#ff3300", "fill-opacity": 0.05, "stroke-dasharray": "1,6"}}, {"type": "Feature", "geometry": {"type": "Polygon", "coordinates": [[[-123.5141848390924, 42.653891219128646], [-123.51421851379175, 42.652092806011325], [-123.51666160615406, 42.65210223478571], [-123.51910469851623, 42.65211166356016], [-123.51906538481617, 42.653910686677975], [-123.51662510845428, 42.65390095290332], [-123.5141848390924, 42.653891219128646]]]}, "properties": {"title": "FULL MOON", "description": "placer | serial ORMC10625 | 40.0 ac | Active | qtr-sec OR 33 0330S 0070W 034 A S2SESW | recorded~2021 (DB date, not legal located date) | src: BLM MLRS Not Closed | boundary approx (BLM quarter-section) | do not dig here (active claim)", "stroke": "#ff3300", "stroke-width": 2, "fill": "#ff3300", "fill-opacity": 0.05, "stroke-dasharray": "1,6"}}, {"type": "Feature", "geometry": {"type": "Polygon", "coordinates": [[[-123.45485859284022, 42.250740865691604], [-123.45487946943929, 42.25435392192419], [-123.45488990773885, 42.2561604530405], [-123.45490034703847, 42.25796697615682], [-123.45243421967378, 42.25796229638105], [-123.44996811430902, 42.25795761260532], [-123.44503588157947, 42.257948248053836], [-123.44503787998347, 42.25433392481892], [-123.44503987838766, 42.250719599583974], [-123.449949235114, 42.25073023313775], [-123.45485859284022, 42.250740865691604]]]}, "properties": {"title": "SAN QUENTIN 1", "description": "placer | serial ORMC122510 | 20.0 ac | Active | qtr-sec OR 33 0380S 0060W 019 A NE | recorded~2021 (DB date, not legal located date) | src: BLM MLRS Not Closed | boundary approx (BLM quarter-section) | do not dig here (active claim)", "stroke": "#ff3300", "stroke-width": 2, "fill": "#ff3300", "fill-opacity": 0.05, "stroke-dasharray": "1,6"}}, {"type": "Feature", "geometry": {"type": "Polygon", "coordinates": [[[-123.26840881692775, 42.44774066052583], [-123.26351785920552, 42.44777230297628], [-123.2586269254832, 42.44780394542668], [-123.25861016087252, 42.4441647091914], [-123.258593396262, 42.44052547295605], [-123.26102081962365, 42.44052856873378], [-123.26344307298395, 42.44052873151182], [-123.26830373970633, 42.4405252390661], [-123.26833002601163, 42.442329094181034], [-123.26835629031699, 42.444132950295945], [-123.26840881692775, 42.44774066052583]]]}, "properties": {"title": "GOOD LUCK 1", "description": "placer | serial ORMC125995 | 20.0 ac | Active | qtr-sec OR 33 0360S 0050W 014 A NW | recorded~2021 (DB date, not legal located date) | src: BLM MLRS Not Closed | boundary approx (BLM quarter-section) | do not dig here (active claim)", "stroke": "#ff3300", "stroke-width": 2, "fill": "#ff3300", "fill-opacity": 0.05, "stroke-dasharray": "1,6"}}, {"type": "Feature", "geometry": {"type": "Polygon", "coordinates": [[[-123.26840881692775, 42.44774066052583], [-123.26351785920552, 42.44777230297628], [-123.2586269254832, 42.44780394542668], [-123.25861016087252, 42.4441647091914], [-123.258593396262, 42.44052547295605], [-123.26102081962365, 42.44052856873378], [-123.26344307298395, 42.44052873151182], [-123.26830373970633, 42.4405252390661], [-123.26833002601163, 42.442329094181034], [-123.26835629031699, 42.444132950295945], [-123.26840881692775, 42.44774066052583]]]}, "properties": {"title": "GOOD LUCK 2", "description": "placer | serial ORMC125996 | 20.0 ac | Active | qtr-sec OR 33 0360S 0050W 014 A NW | recorded~2021 (DB date, not legal located date) | src: BLM MLRS Not Closed | boundary approx (BLM quarter-section) | do not dig here (active claim)", "stroke": "#ff3300", "stroke-width": 2, "fill": "#ff3300", "fill-opacity": 0.05, "stroke-dasharray": "1,6"}}, {"type": "Feature", "geometry": {"type": "Polygon", "coordinates": [[[-123.27823974218428, 42.440528474155606], [-123.27822570278543, 42.444138513391636], [-123.27821073238651, 42.447748180627634], [-123.27330750465643, 42.44774203407677], [-123.26840881692775, 42.44774066052583], [-123.26835629031699, 42.444132950295945], [-123.26833002601163, 42.442329094181034], [-123.26830373970633, 42.4405252390661], [-123.27078639007566, 42.4405259488386], [-123.27326904044494, 42.440526658611084], [-123.27823974218428, 42.440528474155606]]]}, "properties": {"title": "GOOD LUCK 3", "description": "placer | serial ORMC125997 | 20.0 ac | Active | qtr-sec OR 33 0360S 0050W 015 A NE | recorded~2021 (DB date, not legal located date) | src: BLM MLRS Not Closed | boundary approx (BLM quarter-section) | do not dig here (active claim)", "stroke": "#ff3300", "stroke-width": 2, "fill": "#ff3300", "fill-opacity": 0.05, "stroke-dasharray": "1,6"}}, {"type": "Feature", "geometry": {"type": "Polygon", "coordinates": [[[-123.27823974218428, 42.440528474155606], [-123.27822570278543, 42.444138513391636], [-123.27821073238651, 42.447748180627634], [-123.27330750465643, 42.44774203407677], [-123.26840881692775, 42.44774066052583], [-123.26835629031699, 42.444132950295945], [-123.26833002601163, 42.442329094181034], [-123.26830373970633, 42.4405252390661], [-123.27078639007566, 42.4405259488386], [-123.27326904044494, 42.440526658611084], [-123.27823974218428, 42.440528474155606]]]}, "properties": {"title": "GOOD LUCK 4", "description": "placer | serial ORMC125998 | 20.0 ac | Active | qtr-sec OR 33 0360S 0050W 015 A NE | recorded~2021 (DB date, not legal located date) | src: BLM MLRS Not Closed | boundary approx (BLM quarter-section) | do not dig here (active claim)", "stroke": "#ff3300", "stroke-width": 2, "fill": "#ff3300", "fill-opacity": 0.05, "stroke-dasharray": "1,6"}}, {"type": "Feature", "geometry": {"type": "Polygon", "coordinates": [[[-123.4256369483809, 42.24986056229419], [-123.42563575951684, 42.25068599834794], [-123.42075521379918, 42.25070628179349], [-123.41587466708145, 42.25072656523897], [-123.41588244348819, 42.24712108600364], [-123.41589021889504, 42.24351560476832], [-123.42076817261355, 42.243502274323625], [-123.42564612633193, 42.24348894587891], [-123.42564353362812, 42.24528821899621], [-123.42564094192434, 42.24708747011344], [-123.4256369483809, 42.24986056229419]]]}, "properties": {"title": "ZAZOO", "description": "placer | serial ORMC137083 | 20.0 ac | Active | qtr-sec OR 33 0380S 0060W 021 A SW | recorded~2021 (DB date, not legal located date) | src: BLM MLRS Not Closed | boundary approx (BLM quarter-section) | do not dig here (active claim)", "stroke": "#ff3300", "stroke-width": 2, "fill": "#ff3300", "fill-opacity": 0.05, "stroke-dasharray": "1,6"}}, {"type": "Feature", "geometry": {"type": "Polygon", "coordinates": [[[-123.41589021889504, 42.24351560476832], [-123.41588244348819, 42.24712108600364], [-123.41587466708145, 42.25072656523897], [-123.41100988936576, 42.25074636968303], [-123.40614510965001, 42.250766175127005], [-123.40614375049994, 42.249857062067974], [-123.4061397090538, 42.24715421789236], [-123.40613431145766, 42.243542263657616], [-123.41101226517642, 42.24352893421294], [-123.41589021889504, 42.24351560476832]]]}, "properties": {"title": "IGGY DIGGY DOO", "description": "placer | serial ORMC137147 | 20.0 ac | Active | qtr-sec OR 33 0380S 0060W 021 A SE | recorded~2021 (DB date, not legal located date) | src: BLM MLRS Not Closed | boundary approx (BLM quarter-section) | do not dig here (active claim)", "stroke": "#ff3300", "stroke-width": 2, "fill": "#ff3300", "fill-opacity": 0.05, "stroke-dasharray": "1,6"}}, {"type": "Feature", "geometry": {"type": "Polygon", "coordinates": [[[-123.43042022665219, 42.229011051502624], [-123.4352658443671, 42.22900761106176], [-123.43528563696611, 42.23262765229543], [-123.4353054305653, 42.236247691529094], [-123.43045790584983, 42.23624971197019], [-123.4256103811342, 42.23625173341128], [-123.42559249453565, 42.23263311417739], [-123.42557460893715, 42.22901449294347], [-123.43042022665219, 42.229011051502624]]]}, "properties": {"title": "LOST ARK", "description": "placer | serial ORMC138512 | 20.0 ac | Active | qtr-sec OR 33 0380S 0060W 029 A SE | recorded~2021 (DB date, not legal located date) | src: BLM MLRS Not Closed | boundary approx (BLM quarter-section) | do not dig here (active claim)", "stroke": "#ff3300", "stroke-width": 2, "fill": "#ff3300", "fill-opacity": 0.05, "stroke-dasharray": "1,6"}}, {"type": "Feature", "geometry": {"type": "Polygon", "coordinates": [[[-123.43042022665219, 42.229011051502624], [-123.4352658443671, 42.22900761106176], [-123.43528563696611, 42.23262765229543], [-123.4353054305653, 42.236247691529094], [-123.43045790584983, 42.23624971197019], [-123.4256103811342, 42.23625173341128], [-123.42559249453565, 42.23263311417739], [-123.42557460893715, 42.22901449294347], [-123.43042022665219, 42.229011051502624]]]}, "properties": {"title": "TEAR DROP", "description": "placer | serial ORMC138513 | 20.0 ac | Active | qtr-sec OR 33 0380S 0060W 029 A SE | recorded~2021 (DB date, not legal located date) | src: BLM MLRS Not Closed | boundary approx (BLM quarter-section) | do not dig here (active claim)", "stroke": "#ff3300", "stroke-width": 2, "fill": "#ff3300", "fill-opacity": 0.05, "stroke-dasharray": "1,6"}}, {"type": "Feature", "geometry": {"type": "Polygon", "coordinates": [[[-123.6075295311812, 42.57917423075782], [-123.60753031622464, 42.57943043277398], [-123.6078027782208, 42.579170687732365], [-123.61245306089447, 42.57911038529905], [-123.6124495314684, 42.582507228514466], [-123.61244933550186, 42.58270538652709], [-123.61244549812344, 42.58638286776026], [-123.61244175673289, 42.589987658988875], [-123.61244084888435, 42.59088340504564], [-123.6124379853473, 42.593620935219185], [-123.61040702704797, 42.59361695340666], [-123.60754267362573, 42.59361131967096], [-123.60612012541604, 42.593608548802266], [-123.60264736190402, 42.59360172712279], [-123.60265248429589, 42.59000433089442], [-123.6027201977116, 42.58649239466568], [-123.60270150107884, 42.582768064431434], [-123.60269621890012, 42.58171605636529], [-123.60268865864428, 42.580209959270526], [-123.60268857564151, 42.58019349726953], [-123.60268377447908, 42.57923706820932], [-123.6075295311812, 42.57917423075782]]]}, "properties": {"title": "BIRD ASSOCIATION", "description": "placer | serial ORMC145771 | 80.0 ac | Active | qtr-sec OR 33 0340S 0080W 026 A NE|OR 33 0340S 0080W 026 A SE | recorded~2021 (DB date, not legal located date) | src: BLM MLRS Not Closed | boundary approx (BLM quarter-section) | do not dig here (active claim)", "stroke": "#ff3300", "stroke-width": 2, "fill": "#ff3300", "fill-opacity": 0.05, "stroke-dasharray": "1,6"}}, {"type": "Feature", "geometry": {"type": "Polygon", "coordinates": [[[-123.27919871147334, 42.56058325185172], [-123.27914699408124, 42.56423511109258], [-123.27421546134555, 42.56422384154615], [-123.26928392760972, 42.564212570999715], [-123.26935933800395, 42.56055259875604], [-123.26943475039846, 42.556892628512294], [-123.27434259013211, 42.55691212106154], [-123.2792504298656, 42.55693141961082], [-123.27919871147334, 42.56058325185172]]]}, "properties": {"title": "GOLDEN AGE II", "description": "placer | serial ORMC147158 | 20.0 ac | Active | qtr-sec OR 33 0350S 0050W 003 A NE | recorded~2021 (DB date, not legal located date) | src: BLM MLRS Not Closed | boundary approx (BLM quarter-section) | do not dig here (active claim)", "stroke": "#ff3300", "stroke-width": 2, "fill": "#ff3300", "fill-opacity": 0.05, "stroke-dasharray": "1,6"}}, {"type": "Feature", "geometry": {"type": "Polygon", "coordinates": [[[-123.1021041016707, 42.29447158266525], [-123.09726369094379, 42.29445072110437], [-123.09242325721681, 42.29442983654352], [-123.09238619072504, 42.291484645352035], [-123.0923785766167, 42.2908353743097], [-123.0923426741255, 42.28789157911818], [-123.0919135200607, 42.28788769115694], [-123.09191133195291, 42.28723658011408], [-123.09674783067764, 42.287247010674704], [-123.09717912574213, 42.287247080635474], [-123.10159082440288, 42.28725574123468], [-123.10202209746731, 42.28725581119546], [-123.10206309906893, 42.29086370843037], [-123.1021041016707, 42.29447158266525]]]}, "properties": {"title": "NEW LINDAGLENN", "description": "placer | serial ORMC147954 | 40.0 ac | Active | qtr-sec OR 33 0380S 0030W 006 A SE | recorded~2021 (DB date, not legal located date) | src: BLM MLRS Not Closed | boundary approx (BLM quarter-section) | do not dig here (active claim)", "stroke": "#ff3300", "stroke-width": 2, "fill": "#ff3300", "fill-opacity": 0.05, "stroke-dasharray": "1,6"}}, {"type": "Feature", "geometry": {"type": "Polygon", "coordinates": [[[-123.15341288269718, 42.338991636927304], [-123.15095382532435, 42.33895620914921], [-123.15092556372056, 42.335337617913666], [-123.15089730411701, 42.33171905367803], [-123.15581416986478, 42.331804298235305], [-123.15827261623863, 42.331846920013966], [-123.1607310636125, 42.33188954179261], [-123.16074581891318, 42.3336915599098], [-123.16076057321392, 42.33549355102698], [-123.16079010981548, 42.33909755926138], [-123.15833102544275, 42.339062298483356], [-123.15587196806999, 42.33902700970528], [-123.15341288269718, 42.338991636927304]]]}, "properties": {"title": "GENESIS", "description": "placer | serial ORMC149042 | 20.0 ac | Active | qtr-sec OR 33 0370S 0040W 022 A SE | recorded~2021 (DB date, not legal located date) | src: BLM MLRS Not Closed | boundary approx (BLM quarter-section) | do not dig here (active claim)", "stroke": "#ff3300", "stroke-width": 2, "fill": "#ff3300", "fill-opacity": 0.05, "stroke-dasharray": "1,6"}}, {"type": "Feature", "geometry": {"type": "Polygon", "coordinates": [[[-123.09638077199529, 42.4041358484223], [-123.10120598071764, 42.40413954398136], [-123.10121794232627, 42.407785022220125], [-123.10122818093485, 42.41143058345899], [-123.09640247321504, 42.41144266490115], [-123.09157676549509, 42.411454774343255], [-123.091566914884, 42.407793436103134], [-123.09155706227303, 42.40413206986298], [-123.09638077199529, 42.4041358484223]]]}, "properties": {"title": "BRISTOL SILICA 1", "description": "placer | serial ORMC150816 | 20.0 ac | Active | qtr-sec OR 33 0360S 0030W 030 A SE | recorded~2021 (DB date, not legal located date) | src: BLM MLRS Not Closed | boundary approx (BLM quarter-section) | do not dig here (active claim)", "stroke": "#ff3300", "stroke-width": 2, "fill": "#ff3300", "fill-opacity": 0.05, "stroke-dasharray": "1,6"}}, {"type": "Feature", "geometry": {"type": "Polygon", "coordinates": [[[-123.09638077199529, 42.4041358484223], [-123.10120598071764, 42.40413954398136], [-123.10121794232627, 42.407785022220125], [-123.10122818093485, 42.41143058345899], [-123.09640247321504, 42.41144266490115], [-123.09157676549509, 42.411454774343255], [-123.091566914884, 42.407793436103134], [-123.09155706227303, 42.40413206986298], [-123.09638077199529, 42.4041358484223]]]}, "properties": {"title": "SILICA 1", "description": "placer | serial ORMC150817 | 20.0 ac | Active | qtr-sec OR 33 0360S 0030W 030 A SE | recorded~2021 (DB date, not legal located date) | src: BLM MLRS Not Closed | boundary approx (BLM quarter-section) | do not dig here (active claim)", "stroke": "#ff3300", "stroke-width": 2, "fill": "#ff3300", "fill-opacity": 0.05, "stroke-dasharray": "1,6"}}, {"type": "Feature", "geometry": {"type": "Polygon", "coordinates": [[[-123.22960727906845, 42.339090486982734], [-123.22954041466937, 42.34277497323018], [-123.22947352427049, 42.34645945947759], [-123.22418073050734, 42.34660794197047], [-123.21924198179504, 42.34674653043028], [-123.21926072948558, 42.34486367630522], [-123.2192794791761, 42.34298082318007], [-123.21931697855734, 42.33921514492987], [-123.22181211892382, 42.33918493370018], [-123.2243072602902, 42.339154666470534], [-123.22680290165668, 42.339124454240874], [-123.22716900071045, 42.33912003120718], [-123.22960727906845, 42.339090486982734]]]}, "properties": {"title": "F B J 1 ON145079", "description": "placer | serial ORMC153190 | 20.0 ac | Active | qtr-sec OR 33 0370S 0040W 019 A NW | recorded~2021 (DB date, not legal located date) | src: BLM MLRS Not Closed | boundary approx (BLM quarter-section) | do not dig here (active claim)", "stroke": "#ff3300", "stroke-width": 2, "fill": "#ff3300", "fill-opacity": 0.05, "stroke-dasharray": "1,6"}}, {"type": "Feature", "geometry": {"type": "Polygon", "coordinates": [[[-123.06297536164615, 42.25095118233871], [-123.05805441590353, 42.25091253278312], [-123.05313225816046, 42.25087332422752], [-123.05313925799607, 42.24986797916007], [-123.05315770656301, 42.247218581982374], [-123.05318317696573, 42.243563838737145], [-123.05811008370827, 42.24359587529191], [-123.05934180489388, 42.243603884180615], [-123.0605735260795, 42.24361189406937], [-123.0618052702651, 42.24361990395804], [-123.06303699045068, 42.24362791284674], [-123.0630292856001, 42.24454333290825], [-123.06302158174944, 42.24545872996973], [-123.0630138768989, 42.246374150031244], [-123.06300616504832, 42.24728954709272], [-123.06297536164615, 42.25095118233871]]]}, "properties": {"title": "TRACY SUE", "description": "placer | serial ORMC154221 | 10.0 ac | Active | qtr-sec OR 33 0380S 0030W 021 A SE | recorded~2021 (DB date, not legal located date) | src: BLM MLRS Not Closed | boundary approx (BLM quarter-section) | do not dig here (active claim)", "stroke": "#ff3300", "stroke-width": 2, "fill": "#ff3300", "fill-opacity": 0.05, "stroke-dasharray": "1,6"}}, {"type": "Feature", "geometry": {"type": "Polygon", "coordinates": [[[-123.6074368538329, 42.60083242213789], [-123.6026422181278, 42.600833633581146], [-123.60264477851578, 42.59721768035202], [-123.60264736190402, 42.59360172712279], [-123.60612012541604, 42.593608548802266], [-123.60754267362573, 42.59361131967096], [-123.61040702704797, 42.59361695340666], [-123.6124379853473, 42.593620935219185], [-123.61255286436422, 42.59362093520856], [-123.61470063367994, 42.593620515010045], [-123.61732351806556, 42.59362002676761], [-123.62220902778373, 42.59361911731603], [-123.6221871653908, 42.597223499546104], [-123.62216530299798, 42.600827857776025], [-123.61719839626801, 42.60082953423532], [-123.61223148953789, 42.6008312116946], [-123.6074368538329, 42.60083242213789]]]}, "properties": {"title": "BIRD ASSOCIATION 2", "description": "placer | serial ORMC154407 | 70.0 ac | Active | qtr-sec OR 33 0340S 0080W 023 A SW|OR 33 0340S 0080W 023 A SE | recorded~2021 (DB date, not legal located date) | src: BLM MLRS Not Closed | boundary approx (BLM quarter-section) | do not dig here (active claim)", "stroke": "#ff3300", "stroke-width": 2, "fill": "#ff3300", "fill-opacity": 0.05, "stroke-dasharray": "1,6"}}, {"type": "Feature", "geometry": {"type": "Polygon", "coordinates": [[[-123.64166747014112, 42.24969164360971], [-123.64654009285736, 42.249704366166505], [-123.65, 42.249713400082655], [-123.65, 42.25703948480799], [-123.6465628990716, 42.25703687663502], [-123.6416770123548, 42.25703317108017], [-123.64167225576867, 42.25348828185302], [-123.64167208774785, 42.25336242084494], [-123.64166737116683, 42.2498477546197], [-123.64166727615513, 42.249776754615155], [-123.64166747014112, 42.24969164360971]]]}, "properties": {"title": "STARLIGHT 7", "description": "placer | serial ORMC154895 | 160.0 ac | Active | qtr-sec OR 33 0380S 0080W 021 A NE | recorded~2021 (DB date, not legal located date) | src: BLM MLRS Not Closed | boundary approx (BLM quarter-section) | do not dig here (active claim)", "stroke": "#ff3300", "stroke-width": 2, "fill": "#ff3300", "fill-opacity": 0.05, "stroke-dasharray": "1,6"}}, {"type": "Feature", "geometry": {"type": "Polygon", "coordinates": [[[-123.65, 42.2424462051249], [-123.65, 42.249713400082655], [-123.64654009285736, 42.249704366166505], [-123.64166747014112, 42.24969164360971], [-123.64167361455046, 42.24610791637897], [-123.64167369754344, 42.24606536037624], [-123.64167986894596, 42.24243893914278], [-123.64652839365725, 42.24244317270132], [-123.64895264601283, 42.24244529148065], [-123.65, 42.2424462051249]]]}, "properties": {"title": "STARLIGHT 8", "description": "placer | serial ORMC154896 | 160.0 ac | Active | qtr-sec OR 33 0380S 0080W 021 A SE | recorded~2021 (DB date, not legal located date) | src: BLM MLRS Not Closed | boundary approx (BLM quarter-section) | do not dig here (active claim)", "stroke": "#ff3300", "stroke-width": 2, "fill": "#ff3300", "fill-opacity": 0.05, "stroke-dasharray": "1,6"}}, {"type": "Feature", "geometry": {"type": "Polygon", "coordinates": [[[-123.14125637386192, 42.2297955528279], [-123.13625865712177, 42.229828984283856], [-123.13126094138148, 42.229862416739735], [-123.13134699275612, 42.22597906447482], [-123.13143074013156, 42.22210131621035], [-123.13639952588078, 42.222148800762554], [-123.14136831162989, 42.222196285314794], [-123.14131234224583, 42.22599591957134], [-123.14125637386192, 42.2297955528279]]]}, "properties": {"title": "KEELER GOLD", "description": "placer | serial ORMC155383 | 20.0 ac | Active | qtr-sec OR 33 0380S 0040W 035 A NE | recorded~2021 (DB date, not legal located date) | src: BLM MLRS Not Closed | boundary approx (BLM quarter-section) | do not dig here (active claim)", "stroke": "#ff3300", "stroke-width": 2, "fill": "#ff3300", "fill-opacity": 0.05, "stroke-dasharray": "1,6"}}, {"type": "Feature", "geometry": {"type": "Polygon", "coordinates": [[[-123.46013259956284, 42.52055447361346], [-123.45524818484063, 42.520552844063005], [-123.45524259622776, 42.5169140038302], [-123.45523696061404, 42.513269528597036], [-123.46009944333295, 42.51327097214966], [-123.46497026105297, 42.51327239170146], [-123.46498751466797, 42.51691425893328], [-123.46500476828315, 42.52055612616506], [-123.46013259956284, 42.52055447361346]]]}, "properties": {"title": "JUMPOFF JOE", "description": "placer | serial ORMC156964 | 20.0 ac | Active | qtr-sec OR 33 0350S 0060W 019 A NW | recorded~2021 (DB date, not legal located date) | src: BLM MLRS Not Closed | boundary approx (BLM quarter-section) | do not dig here (active claim)", "stroke": "#ff3300", "stroke-width": 2, "fill": "#ff3300", "fill-opacity": 0.05, "stroke-dasharray": "1,6"}}, {"type": "Feature", "geometry": {"type": "Polygon", "coordinates": [[[-123.3228141301393, 42.50222283406477], [-123.32278579744282, 42.5040556651859], [-123.3227574637464, 42.50588849730701], [-123.32033051438975, 42.50591124753161], [-123.31911704021145, 42.50592262364386], [-123.31913932090617, 42.50408454152295], [-123.31916160060094, 42.50224646640205], [-123.32037911078041, 42.50223859828961], [-123.3228141301393, 42.50222283406477]]]}, "properties": {"title": "HERE I IS", "description": "placer | serial ORMC157158 | 80.0 ac | Active | qtr-sec OR 33 0350S 0050W 029 A W2E2NENW | OR 33 0350S 0050W 029 A W2NENW | recorded~2021 (DB date, not legal located date) | src: BLM MLRS Not Closed | boundary approx (BLM quarter-section) | do not dig here (active claim)", "stroke": "#ff3300", "stroke-width": 2, "fill": "#ff3300", "fill-opacity": 0.05, "stroke-dasharray": "1,6"}}, {"type": "Feature", "geometry": {"type": "Polygon", "coordinates": [[[-123.23448379994424, 42.650071930759005], [-123.23449050663552, 42.648245771640475], [-123.23696860300626, 42.64825309341193], [-123.23944670037693, 42.64826041618338], [-123.23943301068662, 42.650098505303276], [-123.2369584053155, 42.65008521853114], [-123.23448379994424, 42.650071930759005]]]}, "properties": {"title": "TROUT HOLE", "description": "placer | serial ORMC157446 | 20.0 ac | Active | qtr-sec OR 33 0340S 0050W 001 A S2NWNE | recorded~2021 (DB date, not legal located date) | src: BLM MLRS Not Closed | boundary approx (BLM quarter-section) | do not dig here (active claim)", "stroke": "#ff3300", "stroke-width": 2, "fill": "#ff3300", "fill-opacity": 0.05, "stroke-dasharray": "1,6"}}, {"type": "Feature", "geometry": {"type": "Polygon", "coordinates": [[[-123.23955803336895, 42.6481153571637], [-123.23962894107093, 42.64629580903974], [-123.24206894843131, 42.64627587881295], [-123.24450894379159, 42.64625594858617], [-123.24694948715222, 42.64623741435943], [-123.24939001851278, 42.646218881132675], [-123.24936192781702, 42.64803738125255], [-123.2469104304547, 42.64805543748033], [-123.2444589090924, 42.64807349370808], [-123.24200848273064, 42.648094424935906], [-123.23955803336895, 42.6481153571637]]]}, "properties": {"title": "GRANDPAS DREAM", "description": "placer | serial ORMC157474 | 40.0 ac | Active | qtr-sec OR 33 0340S 0050W 001 A N2SENW,N2SWNW | recorded~2021 (DB date, not legal located date) | src: BLM MLRS Not Closed | boundary approx (BLM quarter-section) | do not dig here (active claim)", "stroke": "#ff3300", "stroke-width": 2, "fill": "#ff3300", "fill-opacity": 0.05, "stroke-dasharray": "1,6"}}, {"type": "Feature", "geometry": {"type": "Polygon", "coordinates": [[[-123.26885384955379, 42.167027981110316], [-123.26882709814299, 42.170650267351355], [-123.26391497641072, 42.17063229279534], [-123.25900162067816, 42.17061427223941], [-123.25898555408521, 42.16700774900313], [-123.25896946549248, 42.16340122476687], [-123.26392501022868, 42.16340346031806], [-123.2688805779648, 42.16340571786922], [-123.26885384955379, 42.167027981110316]]]}, "properties": {"title": "CLEOPATRA", "description": "placer | serial ORMC158585 | 160.0 ac | Active | qtr-sec OR 33 0390S 0050W 023 A NW | recorded~2021 (DB date, not legal located date) | src: BLM MLRS Not Closed | boundary approx (BLM quarter-section) | do not dig here (active claim)", "stroke": "#ff3300", "stroke-width": 2, "fill": "#ff3300", "fill-opacity": 0.05, "stroke-dasharray": "1,6"}}, {"type": "Feature", "geometry": {"type": "Polygon", "coordinates": [[[-123.26888169537247, 42.159785596630606], [-123.2688805779648, 42.16340571786922], [-123.26392501022868, 42.16340346031806], [-123.25896946549248, 42.16340122476687], [-123.25895332989805, 42.15978385152983], [-123.25893721730382, 42.15616645429273], [-123.26391001504211, 42.15616596584229], [-123.26888283578027, 42.15616547639185], [-123.26888169537247, 42.159785596630606]]]}, "properties": {"title": "HUCK FINN", "description": "placer | serial ORMC158586 | 160.0 ac | Active | qtr-sec OR 33 0390S 0050W 023 A SW | recorded~2021 (DB date, not legal located date) | src: BLM MLRS Not Closed | boundary approx (BLM quarter-section) | do not dig here (active claim)", "stroke": "#ff3300", "stroke-width": 2, "fill": "#ff3300", "fill-opacity": 0.05, "stroke-dasharray": "1,6"}}, {"type": "Feature", "geometry": {"type": "Polygon", "coordinates": [[[-122.94904241517008, 42.19979399325991], [-122.95150416253698, 42.199777362035846], [-122.95396588090384, 42.19976072981177], [-122.95388952349113, 42.203415016063445], [-122.95385135778481, 42.20524215918921], [-122.95381316507857, 42.20706930231504], [-122.95380264267904, 42.21074169756188], [-122.95379714599174, 42.212654089690396], [-122.95379167530452, 42.21456647981888], [-122.95131345693534, 42.214583916044646], [-122.948835238566, 42.21460132427041], [-122.9463570181967, 42.214618761496176], [-122.94387879982732, 42.214636169721885], [-122.94391021351424, 42.21269811258928], [-122.94394054421208, 42.21082724846122], [-122.94400015161837, 42.207150659209525], [-122.94402984332274, 42.20531979508417], [-122.94405956402716, 42.20348895795884], [-122.94411894843613, 42.19982722970808], [-122.94904241517008, 42.19979399325991]]]}, "properties": {"title": "JOHNS BONANZA", "description": "placer | serial ORMC159012 | 20.0 ac | Active | qtr-sec OR 33 0390S 0020W 004 A NW|OR 33 0390S 0020W 004 A SW | recorded~2021 (DB date, not legal located date) | src: BLM MLRS Not Closed | boundary approx (BLM quarter-section) | do not dig here (active claim)", "stroke": "#ff3300", "stroke-width": 2, "fill": "#ff3300", "fill-opacity": 0.05, "stroke-dasharray": "1,6"}}, {"type": "Feature", "geometry": {"type": "Polygon", "coordinates": [[[-122.95394333570457, 42.22905391077443], [-122.94901095697067, 42.229095238224495], [-122.94851381689669, 42.22909938326987], [-122.94629745556617, 42.229113865471845], [-122.94407746123538, 42.22913002367423], [-122.94402796163168, 42.22549744643557], [-122.94397846102814, 42.22186486919688], [-122.94890255076388, 42.221841678748966], [-122.95383090050028, 42.22181918730068], [-122.95388713010236, 42.22543656053761], [-122.95394333570457, 42.22905391077443]]]}, "properties": {"title": "MILLER JACKPOT", "description": "placer | serial ORMC159976 | 20.0 ac | Active | qtr-sec OR 33 0380S 0020W 033 A NW | recorded~2021 (DB date, not legal located date) | src: BLM MLRS Not Closed | boundary approx (BLM quarter-section) | do not dig here (active claim)", "stroke": "#ff3300", "stroke-width": 2, "fill": "#ff3300", "fill-opacity": 0.05, "stroke-dasharray": "1,6"}}, {"type": "Feature", "geometry": {"type": "Polygon", "coordinates": [[[-123.21043546099526, 42.677394280746704], [-123.21044111861167, 42.68101652098], [-123.20553716888288, 42.68103533443496], [-123.2006332201539, 42.68105412388995], [-123.20060672253406, 42.67743025465828], [-123.20058024991442, 42.67380636142662], [-123.20550504264679, 42.67378930997], [-123.20796743101289, 42.67378066274165], [-123.21042980237894, 42.67377204151332], [-123.21043546099526, 42.677394280746704]]]}, "properties": {"title": "R & R", "description": "placer | serial ORMC160108 | 20.0 ac | Active | qtr-sec OR 33 0330S 0040W 029 A NW | recorded~2021 (DB date, not legal located date) | src: BLM MLRS Not Closed | boundary approx (BLM quarter-section) | do not dig here (active claim)", "stroke": "#ff3300", "stroke-width": 2, "fill": "#ff3300", "fill-opacity": 0.05, "stroke-dasharray": "1,6"}}, {"type": "Feature", "geometry": {"type": "Polygon", "coordinates": [[[-122.95383090050028, 42.22181918730068], [-122.95388713010236, 42.22543656053761], [-122.95394333570457, 42.22905391077443], [-122.94901095697067, 42.229095238224495], [-122.94851381689669, 42.22909938326987], [-122.94629745556617, 42.229113865471845], [-122.94407746123538, 42.22913002367423], [-122.94402796163168, 42.22549744643557], [-122.94397846102814, 42.22186486919688], [-122.94392965842798, 42.21825156995938], [-122.94387879982732, 42.214636169721885], [-122.9463570181967, 42.214618761496176], [-122.948835238566, 42.21460132427041], [-122.95131345693534, 42.214583916044646], [-122.95379167530452, 42.21456647981888], [-122.95381099290213, 42.21819196505974], [-122.95383090050028, 42.22181918730068]]]}, "properties": {"title": "BABES BONANZA", "description": "placer | serial ORMC160911 | 20.0 ac | Active | qtr-sec OR 33 0380S 0020W 033 A NW|OR 33 0380S 0020W 033 A SW | recorded~2021 (DB date, not legal located date) | src: BLM MLRS Not Closed | boundary approx (BLM quarter-section) | do not dig here (active claim)", "stroke": "#ff3300", "stroke-width": 2, "fill": "#ff3300", "fill-opacity": 0.05, "stroke-dasharray": "1,6"}}, {"type": "Feature", "geometry": {"type": "Polygon", "coordinates": [[[-123.55365402229425, 42.644350572869286], [-123.55350014491805, 42.648155981124674], [-123.5533355755813, 42.652201602396175], [-123.55211876140113, 42.65219727050857], [-123.55090194122099, 42.65219293962098], [-123.5484683278607, 42.65218427684578], [-123.54360109313998, 42.65216691429541], [-123.543862491509, 42.64822678502146], [-123.54398320120707, 42.64634481389099], [-123.54410391290521, 42.64446282176049], [-123.5488789675998, 42.64440670931486], [-123.55365402229425, 42.644350572869286]]]}, "properties": {"title": "OAKIE BAR", "description": "placer | serial ORMC161265 | 21.17 ac | Active | qtr-sec OR 33 0340S 0070W 005 A NE | recorded~2021 (DB date, not legal located date) | src: BLM MLRS Not Closed | boundary approx (BLM quarter-section) | do not dig here (active claim)", "stroke": "#ff3300", "stroke-width": 2, "fill": "#ff3300", "fill-opacity": 0.05, "stroke-dasharray": "1,6"}}, {"type": "Feature", "geometry": {"type": "Polygon", "coordinates": [[[-123.03956404060429, 42.60764577499168], [-123.04434060831291, 42.60759695054823], [-123.04434913092196, 42.61119513878276], [-123.04435767553124, 42.61479335001724], [-123.0443658361541, 42.61847129725688], [-123.0443740217771, 42.62214928549658], [-123.03946306403509, 42.622120088947554], [-123.03455210629295, 42.62209089239849], [-123.0346107086932, 42.61849114415767], [-123.03466931209363, 42.61489139591679], [-123.03472840349453, 42.611292997675946], [-123.03478747289562, 42.607694623435016], [-123.03956404060429, 42.60764577499168]]]}, "properties": {"title": "POLLYANNA III", "description": "placer | serial ORMC161282 | 120.0 ac | Active | qtr-sec OR 33 0340S 0030W 015 A NE|OR 33 0340S 0030W 015 A SE | recorded~2021 (DB date, not legal located date) | src: BLM MLRS Not Closed | boundary approx (BLM quarter-section) | do not dig here (active claim)", "stroke": "#ff3300", "stroke-width": 2, "fill": "#ff3300", "fill-opacity": 0.05, "stroke-dasharray": "1,6"}}, {"type": "Feature", "geometry": {"type": "Polygon", "coordinates": [[[-123.48501066445695, 42.65197231170761], [-123.48015840973851, 42.65196488815631], [-123.47527066501755, 42.65197443160939], [-123.47030347727659, 42.65193578206667], [-123.46533631253546, 42.651897128524], [-123.46534180437986, 42.65097612646479], [-123.46534209137187, 42.65092900246178], [-123.46534730622419, 42.650055007405626], [-123.46535829591302, 42.64821307928733], [-123.46537173028942, 42.644528976051426], [-123.46785703465456, 42.644514819820515], [-123.47034233901962, 42.6445006635897], [-123.47525758074298, 42.64448082613359], [-123.48014083146037, 42.64445446868006], [-123.4850240591776, 42.64442808922647], [-123.48503437480548, 42.64811659246018], [-123.48501066445695, 42.65197231170761]]]}, "properties": {"title": "5 MINERS", "description": "placer | serial ORMC162296 | 81.6 ac | Active | qtr-sec OR 33 0340S 0070W 001 A NW|OR 33 0340S 0070W 001 A NE | recorded~2021 (DB date, not legal located date) | src: BLM MLRS Not Closed | boundary approx (BLM quarter-section) | do not dig here (active claim)", "stroke": "#ff3300", "stroke-width": 2, "fill": "#ff3300", "fill-opacity": 0.05, "stroke-dasharray": "1,6"}}, {"type": "Feature", "geometry": {"type": "Polygon", "coordinates": [[[-123.62940952555233, 42.69196448485465], [-123.62940953086269, 42.693784439969164], [-123.62940953717312, 42.695604395083734], [-123.62694621181075, 42.69560416131231], [-123.62448289244843, 42.69560392854094], [-123.62448394913818, 42.6937841584263], [-123.62448500482802, 42.69196438931163], [-123.62694726519018, 42.69196449008315], [-123.62694779187999, 42.69014454796855], [-123.62940952024198, 42.690144475740084], [-123.631871248604, 42.69014440351168], [-123.63187178591444, 42.69196447962617], [-123.62940952555233, 42.69196448485465]]]}, "properties": {"title": "BLUE BEAR", "description": "placer | serial ORMC162439 | 120.0 ac | Active | qtr-sec OR 33 0330S 0080W 022 A N2SWNE | OR 33 0330S 0080W 022 A E2NWNE | OR 33 0330S 0080W 022 A W2NENE | recorded~2021 (DB date, not legal located date) | src: BLM MLRS Not Closed | boundary approx (BLM quarter-section) | do not dig here (active claim)", "stroke": "#ff3300", "stroke-width": 2, "fill": "#ff3300", "fill-opacity": 0.05, "stroke-dasharray": "1,6"}}, {"type": "Feature", "geometry": {"type": "Polygon", "coordinates": [[[-123.62201241970331, 42.69922844599837], [-123.62201089939612, 42.7], [-123.61219982460567, 42.7], [-123.61220067726323, 42.69924989891044], [-123.6122047926463, 42.69562950568201], [-123.6171121773662, 42.69561659922576], [-123.62201956208604, 42.69560369276954], [-123.62201599139459, 42.69741607288395], [-123.62201241970331, 42.69922844599837]]]}, "properties": {"title": "LUCKY STRIKE", "description": "placer | serial ORMC162440 | 60.0 ac | Active | qtr-sec OR 33 0330S 0080W 014 A NW|OR 33 0330S 0080W 014 A SW | recorded~2021 (DB date, not legal located date) | src: BLM MLRS Not Closed | boundary approx (BLM quarter-section) | do not dig here (active claim)", "stroke": "#ff3300", "stroke-width": 2, "fill": "#ff3300", "fill-opacity": 0.05, "stroke-dasharray": "1,6"}}, {"type": "Feature", "geometry": {"type": "Polygon", "coordinates": [[[-123.63187178591444, 42.69196447962617], [-123.63187286153544, 42.69560462985509], [-123.63186981815304, 42.69922745008332], [-123.63186916916509, 42.7], [-123.62201089939612, 42.7], [-123.62201241970331, 42.69922844599837], [-123.62201599139459, 42.69741607288395], [-123.62201956208604, 42.69560369276954], [-123.62202274546578, 42.691964289540074], [-123.62202592984576, 42.688324883310614], [-123.62694831956975, 42.68832460585393], [-123.63187071029361, 42.68832432739719], [-123.63187178591444, 42.69196447962617]]]}, "properties": {"title": "MOON HOUSE", "description": "placer | serial ORMC162441 | 60.0 ac | Active | qtr-sec OR 33 0330S 0080W 015 A SE|OR 33 0330S 0080W 022 A NE | recorded~2021 (DB date, not legal located date) | src: BLM MLRS Not Closed | boundary approx (BLM quarter-section) | do not dig here (active claim)", "stroke": "#ff3300", "stroke-width": 2, "fill": "#ff3300", "fill-opacity": 0.05, "stroke-dasharray": "1,6"}}, {"type": "Feature", "geometry": {"type": "Polygon", "coordinates": [[[-123.48501066445695, 42.65197231170761], [-123.48015840973851, 42.65196488815631], [-123.47527066501755, 42.65197443160939], [-123.47030347727659, 42.65193578206667], [-123.46533631253546, 42.651897128524], [-123.46534180437986, 42.65097612646479], [-123.46534209137187, 42.65092900246178], [-123.46534730622419, 42.650055007405626], [-123.46535829591302, 42.64821307928733], [-123.46537173028942, 42.644528976051426], [-123.46785703465456, 42.644514819820515], [-123.47034233901962, 42.6445006635897], [-123.47525758074298, 42.64448082613359], [-123.48014083146037, 42.64445446868006], [-123.4850240591776, 42.64442808922647], [-123.48503437480548, 42.64811659246018], [-123.48501066445695, 42.65197231170761]]]}, "properties": {"title": "GRAVE CREEK 5", "description": "placer | serial ORMC162522 | 80.0 ac | Active | qtr-sec OR 33 0340S 0070W 001 A NW|OR 33 0340S 0070W 001 A NE | recorded~2021 (DB date, not legal located date) | src: BLM MLRS Not Closed | boundary approx (BLM quarter-section) | do not dig here (active claim)", "stroke": "#ff3300", "stroke-width": 2, "fill": "#ff3300", "fill-opacity": 0.05, "stroke-dasharray": "1,6"}}, {"type": "Feature", "geometry": {"type": "Polygon", "coordinates": [[[-123.04330063708589, 42.21068240644593], [-123.04326730569667, 42.214435502698926], [-123.03839004096237, 42.21440954313943], [-123.03351277622788, 42.21438358157992], [-123.03355155462144, 42.21065190132776], [-123.0335895540271, 42.20699324808049], [-123.03846142775804, 42.207002737639534], [-123.04333327448882, 42.20701203219852], [-123.04330063708589, 42.21068240644593]]]}, "properties": {"title": "ANABELS PMC", "description": "placer | serial ORMC163311 | 161.49 ac | Active | qtr-sec OR 33 0390S 0030W 003 A NE | recorded~2021 (DB date, not legal located date) | src: BLM MLRS Not Closed | boundary approx (BLM quarter-section) | do not dig here (active claim)", "stroke": "#ff3300", "stroke-width": 2, "fill": "#ff3300", "fill-opacity": 0.05, "stroke-dasharray": "1,6"}}, {"type": "Feature", "geometry": {"type": "Polygon", "coordinates": [[[-123.0900550114436, 42.52016572761998], [-123.08761289706837, 42.52010898684061], [-123.08271618831678, 42.52000002228322], [-123.0826838477157, 42.51644770205344], [-123.0826514831148, 42.51289538082362], [-123.08759089686266, 42.51294413837324], [-123.09253034961041, 42.51299270292281], [-123.0973846363295, 42.51294720747406], [-123.10223892304839, 42.51290171202528], [-123.10223871465597, 42.516522415262294], [-123.10223862995984, 42.518332766380816], [-123.10223852826371, 42.52014309549932], [-123.09980318990253, 42.52016293572433], [-123.09736782754126, 42.52018276994936], [-123.09249714881877, 42.52022244439938], [-123.0900550114436, 42.52016572761998]]]}, "properties": {"title": "LEFT FORK SARDINE", "description": "placer | serial ORMC163324 | 160.0 ac | Active | qtr-sec OR 33 0350S 0030W 019 A NE|OR 33 0350S 0030W 020 A NW | recorded~2021 (DB date, not legal located date) | src: BLM MLRS Not Closed | boundary approx (BLM quarter-section) | do not dig here (active claim)", "stroke": "#ff3300", "stroke-width": 2, "fill": "#ff3300", "fill-opacity": 0.05, "stroke-dasharray": "1,6"}}, {"type": "Feature", "geometry": {"type": "Polygon", "coordinates": [[[-123.33887440959724, 42.68018520303832], [-123.33888267477894, 42.681246432105574], [-123.33544897427352, 42.681274447425324], [-123.33395304605135, 42.6812755885639], [-123.33285976788902, 42.68127641566519], [-123.33170952371825, 42.681277288771795], [-123.33075346257624, 42.681278014860354], [-123.33055103854619, 42.68127816787909], [-123.32916087733972, 42.681279223007856], [-123.32902341731935, 42.68127932702063], [-123.329023578303, 42.68118295701445], [-123.32902391426867, 42.68098124100151], [-123.32902429522994, 42.680753073986786], [-123.3290261420418, 42.67964512191561], [-123.32903216670114, 42.67763663878628], [-123.32903603648276, 42.67634912970337], [-123.32904319408337, 42.67399394755169], [-123.33393448880578, 42.67396732209718], [-123.33882578452803, 42.673940472642684], [-123.33885423015339, 42.677593466874136], [-123.33887440959724, 42.68018520303832]]]}, "properties": {"title": "LOG CABIN FEVER 1A", "description": "placer | serial ORMC164365 | 24.95 ac | Active | qtr-sec OR 33 0330S 0050W 030 A NE | recorded~2021 (DB date, not legal located date) | src: BLM MLRS Not Closed | boundary approx (BLM quarter-section) | do not dig here (active claim)", "stroke": "#ff3300", "stroke-width": 2, "fill": "#ff3300", "fill-opacity": 0.05, "stroke-dasharray": "1,6"}}, {"type": "Feature", "geometry": {"type": "Polygon", "coordinates": [[[-123.33887440959724, 42.68018520303832], [-123.33888267477894, 42.681246432105574], [-123.3413042111339, 42.68121815987951], [-123.34284141835924, 42.681200239736015], [-123.34376710949496, 42.681189415649634], [-123.34711477898544, 42.681149513337054], [-123.34712325229931, 42.6829869694539], [-123.3471236983166, 42.683088135460366], [-123.34712885450774, 42.6842069195315], [-123.34713169561323, 42.68482459057081], [-123.34714780824133, 42.68850105580465], [-123.34370285773086, 42.688508961124285], [-123.33876375699883, 42.6885196725825], [-123.33389285127691, 42.6885311880344], [-123.32902080855472, 42.68854251148641], [-123.32902211293695, 42.684910904253506], [-123.32902293754351, 42.682597836105195], [-123.32902337034129, 42.681408537028936], [-123.32902341731935, 42.68127932702063], [-123.329023578303, 42.68118295701445], [-123.32902391426867, 42.68098124100151], [-123.32902429522994, 42.680753073986786], [-123.3290261420418, 42.67964512191561], [-123.32903216670114, 42.67763663878628], [-123.32903603648276, 42.67634912970337], [-123.32904319408337, 42.67399394755169], [-123.33393448880578, 42.67396732209718], [-123.33882578452803, 42.673940472642684], [-123.33885423015339, 42.677593466874136], [-123.33887440959724, 42.68018520303832]]]}, "properties": {"title": "LOG CABIN FEVER 2", "description": "placer | serial ORMC164499 | 36.31 ac | Active | qtr-sec OR 33 0330S 0050W 019 A SW|OR 33 0330S 0050W 019 A SE|OR 33 0330S 0050W 030 A NE | recorded~2021 (DB date, not legal located date) | src: BLM MLRS Not Closed | boundary approx (BLM quarter-section) | do not dig here (active claim)", "stroke": "#ff3300", "stroke-width": 2, "fill": "#ff3300", "fill-opacity": 0.05, "stroke-dasharray": "1,6"}}, {"type": "Feature", "geometry": {"type": "Polygon", "coordinates": [[[-123.54354444173867, 42.655738489527046], [-123.54599704010417, 42.655760838301305], [-123.54844963746964, 42.655783187075535], [-123.54844030177422, 42.657582619190414], [-123.54843094307873, 42.65938190030525], [-123.54595936570814, 42.65934597853192], [-123.54348778733753, 42.659310057758574], [-123.54351611503807, 42.6575242736428], [-123.54354444173867, 42.655738489527046]]]}, "properties": {"title": "WOLF STAR", "description": "placer | serial ORMC164713 | 80.0 ac | Active | qtr-sec OR 33 0330S 0070W 032 A N2NESE | OR 33 0330S 0070W 032 A S2NESE | recorded~2021 (DB date, not legal located date) | src: BLM MLRS Not Closed | boundary approx (BLM quarter-section) | do not dig here (active claim)", "stroke": "#ff3300", "stroke-width": 2, "fill": "#ff3300", "fill-opacity": 0.05, "stroke-dasharray": "1,6"}}, {"type": "Feature", "geometry": {"type": "Polygon", "coordinates": [[[-123.12160132585635, 42.47656802386897], [-123.11672276412617, 42.4765641013161], [-123.11184437239586, 42.476560104763195], [-123.11184513678451, 42.47290587552365], [-123.1118459281733, 42.469251669284], [-123.11667893490318, 42.469293622843644], [-123.12151194063289, 42.469335578403324], [-123.12155676124604, 42.47296086863675], [-123.12160132585635, 42.47656802386897]]]}, "properties": {"title": "WARD CAJ", "description": "placer | serial ORMC164870 | 159.78 ac | Active | qtr-sec OR 33 0360S 0040W 001 A NE | recorded~2021 (DB date, not legal located date) | src: BLM MLRS Not Closed | boundary approx (BLM quarter-section) | do not dig here (active claim)", "stroke": "#ff3300", "stroke-width": 2, "fill": "#ff3300", "fill-opacity": 0.05, "stroke-dasharray": "1,6"}}, {"type": "Feature", "geometry": {"type": "Polygon", "coordinates": [[[-122.95394333570457, 42.22905391077443], [-122.94901095697067, 42.229095238224495], [-122.94851381689669, 42.22909938326987], [-122.94629745556617, 42.229113865471845], [-122.94407746123538, 42.22913002367423], [-122.94402796163168, 42.22549744643557], [-122.94397846102814, 42.22186486919688], [-122.94890255076388, 42.221841678748966], [-122.95383090050028, 42.22181918730068], [-122.95880302324025, 42.221779628847266], [-122.96377512198015, 42.22174007039386], [-122.96381242258184, 42.225371832633336], [-122.96384972218362, 42.22900357187269], [-122.95889652944416, 42.22902874132361], [-122.95394333570457, 42.22905391077443]]]}, "properties": {"title": "GOLDEN GRACE", "description": "placer | serial ORMC165331 | 20.0 ac | Active | qtr-sec OR 33 0380S 0020W 032 A NE|OR 33 0380S 0020W 033 A NW | recorded~2021 (DB date, not legal located date) | src: BLM MLRS Not Closed | boundary approx (BLM quarter-section) | do not dig here (active claim)", "stroke": "#ff3300", "stroke-width": 2, "fill": "#ff3300", "fill-opacity": 0.05, "stroke-dasharray": "1,6"}}, {"type": "Feature", "geometry": {"type": "Polygon", "coordinates": [[[-123.58274923237924, 42.666688160587746], [-123.58275405797758, 42.67019972980918], [-123.58275416999176, 42.67028281381441], [-123.58275899559021, 42.673794549035826], [-123.58275910760439, 42.67387743904103], [-123.58277224120435, 42.677389398261695], [-123.58277228020609, 42.67739970326233], [-123.58277231920783, 42.677409998262945], [-123.58278553681147, 42.680942494484796], [-123.57781381707625, 42.68092633294485], [-123.57287396034572, 42.68091030940186], [-123.5729055447456, 42.67735939017458], [-123.57293712714565, 42.67380846894723], [-123.57296882854351, 42.67024354271892], [-123.5730005289415, 42.66667861349062], [-123.57789940966406, 42.666683386036915], [-123.58274923237924, 42.666688160587746]]]}, "properties": {"title": "GORGEOUS WOMAN", "description": "placer | serial ORMC165535 | 159.63 ac | Active | qtr-sec OR 33 0330S 0070W 030 A NW|OR 33 0330S 0070W 030 A SW | recorded~2021 (DB date, not legal located date) | src: BLM MLRS Not Closed | boundary approx (BLM quarter-section) | do not dig here (active claim)", "stroke": "#ff3300", "stroke-width": 2, "fill": "#ff3300", "fill-opacity": 0.05, "stroke-dasharray": "1,6"}}, {"type": "Feature", "geometry": {"type": "Polygon", "coordinates": [[[-123.22026348153497, 42.571494956987195], [-123.2153417438033, 42.57150778644142], [-123.21042000607137, 42.571520638895635], [-123.20547819833904, 42.571549254352725], [-123.20053641360661, 42.571577869809744], [-123.20056637799469, 42.56792149756963], [-123.20059631938294, 42.564265147329415], [-123.20550590411621, 42.564270315877664], [-123.21041548784942, 42.5642755074259], [-123.21534903058279, 42.56426151397068], [-123.22028259631608, 42.564247567515395], [-123.22027302692544, 42.5678712737513], [-123.22026348153497, 42.571494956987195]]]}, "properties": {"title": "DIXIE GOLD", "description": "placer | serial ORMC165538 | 140.0 ac | Active | qtr-sec OR 33 0340S 0040W 031 A SE|OR 33 0340S 0040W 032 A SW | recorded~2021 (DB date, not legal located date) | src: BLM MLRS Not Closed | boundary approx (BLM quarter-section) | do not dig here (active claim)", "stroke": "#ff3300", "stroke-width": 2, "fill": "#ff3300", "fill-opacity": 0.05, "stroke-dasharray": "1,6"}}, {"type": "Feature", "geometry": {"type": "Polygon", "coordinates": [[[-123.15233951080994, 42.164514840498036], [-123.15234633339917, 42.16810979273587], [-123.15235315598851, 42.171704720973615], [-123.15236919857841, 42.17529387521014], [-123.15238526416852, 42.17888300644663], [-123.14754944044621, 42.178875020884185], [-123.14271361772389, 42.17886703532175], [-123.14270416413622, 42.17528663508515], [-123.14269473354877, 42.17170625884849], [-123.14268961095999, 42.16811312261054], [-123.14268446437134, 42.16452001037259], [-123.14751199909072, 42.16451742493532], [-123.15233951080994, 42.164514840498036]]]}, "properties": {"title": "SOUTH STAR", "description": "placer | serial ORMC165906 | 160.0 ac | Active | qtr-sec OR 33 0390S 0040W 014 A SW|OR 33 0390S 0040W 023 A NW | recorded~2021 (DB date, not legal located date) | src: BLM MLRS Not Closed | boundary approx (BLM quarter-section) | do not dig here (active claim)", "stroke": "#ff3300", "stroke-width": 2, "fill": "#ff3300", "fill-opacity": 0.05, "stroke-dasharray": "1,6"}}, {"type": "Feature", "geometry": {"type": "Polygon", "coordinates": [[[-123.26923224321376, 42.56784090823918], [-123.26918057881804, 42.57146927147852], [-123.26424938808591, 42.57148051793368], [-123.25931819735358, 42.57149178738877], [-123.25427582960316, 42.571494324853546], [-123.25118371314291, 42.57149588113858], [-123.24923346185261, 42.571496863318295], [-123.24914144722945, 42.5678829360928], [-123.24904943060649, 42.56426899186726], [-123.25118358192272, 42.564259256670056], [-123.2539388663309, 42.564246688415466], [-123.25410739935586, 42.564245713399885], [-123.2588282610551, 42.5642239309636], [-123.25916532510495, 42.56422197993241], [-123.26376026578833, 42.56421764550888], [-123.2642245018573, 42.564216608466054], [-123.26928392760972, 42.564212570999715], [-123.26923224321376, 42.56784090823918]]]}, "properties": {"title": "GIBSON MINING", "description": "placer | serial ORMC166315 | 80.0 ac | Active | qtr-sec OR 33 0340S 0050W 035 A SW|OR 33 0340S 0050W 035 A SE | recorded~2021 (DB date, not legal located date) | src: BLM MLRS Not Closed | boundary approx (BLM quarter-section) | do not dig here (active claim)", "stroke": "#ff3300", "stroke-width": 2, "fill": "#ff3300", "fill-opacity": 0.05, "stroke-dasharray": "1,6"}}, {"type": "Feature", "geometry": {"type": "Polygon", "coordinates": [[[-123.50464411846085, 42.64080463618042], [-123.50461005576872, 42.642647584300704], [-123.50460111486159, 42.643202536336815], [-123.50458355904316, 42.64428687540733], [-123.50458025307759, 42.64449265042075], [-123.49972876035902, 42.64448054386897], [-123.49487733764033, 42.6444684603172], [-123.49493098101864, 42.640760190076385], [-123.49498460139718, 42.637051919835564], [-123.49984978512148, 42.63708553938759], [-123.50119176032126, 42.637094819263986], [-123.50471501484573, 42.63711918293958], [-123.50464411846085, 42.64080463618042]]]}, "properties": {"title": "APPHIA POPPYSEED", "description": "placer | serial ORMC167022 | 40.0 ac | Active | qtr-sec OR 33 0340S 0070W 002 A SW | recorded~2021 (DB date, not legal located date) | src: BLM MLRS Not Closed | boundary approx (BLM quarter-section) | do not dig here (active claim)", "stroke": "#ff3300", "stroke-width": 2, "fill": "#ff3300", "fill-opacity": 0.05, "stroke-dasharray": "1,6"}}, {"type": "Feature", "geometry": {"type": "Polygon", "coordinates": [[[-123.51428319252823, 42.64459861152942], [-123.51427532168192, 42.64551029458808], [-123.51426745383559, 42.64642200164672], [-123.5142595839893, 42.64733370770528], [-123.51425171414301, 42.64824541476393], [-123.51421851379175, 42.652092806011325], [-123.50933072006688, 42.65207398546268], [-123.50444292734187, 42.65205515291398], [-123.50451319869423, 42.64818164266136], [-123.5045467263859, 42.646337135541074], [-123.50458025307759, 42.64449265042075], [-123.50579311525895, 42.64450592230936], [-123.50700599944037, 42.64451919319794], [-123.509431722803, 42.64454561897509], [-123.51185744616565, 42.64457216175226], [-123.51428319252823, 42.64459861152942]]]}, "properties": {"title": "JANICE ELLA 1", "description": "placer | serial ORMC167023 | 30.0 ac | Active | qtr-sec OR 33 0340S 0070W 003 A NE | recorded~2021 (DB date, not legal located date) | src: BLM MLRS Not Closed | boundary approx (BLM quarter-section) | do not dig here (active claim)", "stroke": "#ff3300", "stroke-width": 2, "fill": "#ff3300", "fill-opacity": 0.05, "stroke-dasharray": "1,6"}}, {"type": "Feature", "geometry": {"type": "Polygon", "coordinates": [[[-123.51429900121934, 42.64276548841153], [-123.51428319252823, 42.64459861152942], [-123.51185744616565, 42.64457216175226], [-123.509431722803, 42.64454561897509], [-123.50700599944037, 42.64451919319794], [-123.50579311525895, 42.64450592230936], [-123.50458025307759, 42.64449265042075], [-123.50458355904316, 42.64428687540733], [-123.50460111486159, 42.643202536336815], [-123.50461005576872, 42.642647584300704], [-123.50464411846085, 42.64080463618042], [-123.50471501484573, 42.63711918293958], [-123.509519570566, 42.63718284249911], [-123.51193496592903, 42.63722105927805], [-123.51434939329197, 42.63725926105706], [-123.51433064260152, 42.639099267175716], [-123.51431483391038, 42.640932366293626], [-123.51429900121934, 42.64276548841153]]]}, "properties": {"title": "JANICE ELLA 2", "description": "placer | serial ORMC167024 | 37.54 ac | Active | qtr-sec OR 33 0340S 0070W 003 A SE | recorded~2021 (DB date, not legal located date) | src: BLM MLRS Not Closed | boundary approx (BLM quarter-section) | do not dig here (active claim)", "stroke": "#ff3300", "stroke-width": 2, "fill": "#ff3300", "fill-opacity": 0.05, "stroke-dasharray": "1,6"}}, {"type": "Feature", "geometry": {"type": "Polygon", "coordinates": [[[-123.53092145490855, 42.48424305077599], [-123.5284781765486, 42.4842440370007], [-123.52359161982861, 42.48424606345018], [-123.52356121121055, 42.48058983021908], [-123.5235307715926, 42.476933587987986], [-123.52840837731836, 42.47697396454219], [-123.52903465141092, 42.47697545648468], [-123.53328548204269, 42.47700695309591], [-123.53392886813788, 42.477009471036965], [-123.53822983977813, 42.47704810564405], [-123.53882308386594, 42.47705037558964], [-123.54317425251352, 42.477089759192104], [-123.54316005911114, 42.480663403421794], [-123.54314588070886, 42.48423705065143], [-123.53825531898872, 42.48423951910133], [-123.53581003762861, 42.48424077632629], [-123.53336473426845, 42.484241987551236], [-123.53092145490855, 42.48424305077599]]]}, "properties": {"title": "FINDERZ KEEPERZ", "description": "placer | serial ORMC167025 | 100.0 ac | Active | qtr-sec OR 33 0350S 0070W 033 A SE|OR 33 0350S 0070W 033 A SW | recorded~2021 (DB date, not legal located date) | src: BLM MLRS Not Closed | boundary approx (BLM quarter-section) | do not dig here (active claim)", "stroke": "#ff3300", "stroke-width": 2, "fill": "#ff3300", "fill-opacity": 0.05, "stroke-dasharray": "1,6"}}, {"type": "Feature", "geometry": {"type": "Polygon", "coordinates": [[[-123.08753631542133, 42.49843366342713], [-123.09032760184219, 42.49845128617215], [-123.09250515517049, 42.498464977973164], [-123.09250492340472, 42.4998625470648], [-123.0925049224055, 42.4998670840651], [-123.09250485245686, 42.50017369908521], [-123.09250462867803, 42.50149330717172], [-123.09250458272149, 42.50175268218872], [-123.0925045267753, 42.50207369020977], [-123.09250429399948, 42.503411046297394], [-123.09250389838026, 42.50568242644632], [-123.08756488463882, 42.50567066889898], [-123.08262587089725, 42.505658911351595], [-123.08259667328456, 42.50203061811635], [-123.08258479903589, 42.500557778020884], [-123.08257206276888, 42.49897594891829], [-123.08256747567208, 42.49840234788108], [-123.08505189604672, 42.49841806365413], [-123.08753631542133, 42.49843366342713]]]}, "properties": {"title": "SARDINE CA", "description": "placer | serial ORMC167027 | 40.0 ac | Active | qtr-sec OR 33 0350S 0030W 029 A NW | recorded~2021 (DB date, not legal located date) | src: BLM MLRS Not Closed | boundary approx (BLM quarter-section) | do not dig here (active claim)", "stroke": "#ff3300", "stroke-width": 2, "fill": "#ff3300", "fill-opacity": 0.05, "stroke-dasharray": "1,6"}}, {"type": "Feature", "geometry": {"type": "Polygon", "coordinates": [[[-122.98949904400143, 42.60715835857301], [-122.98455960027644, 42.60726335003496], [-122.98454759966378, 42.60364504179859], [-122.98453559905134, 42.600026734562164], [-122.98946931978344, 42.59996913110397], [-122.99447090352548, 42.59991052763943], [-122.99454315613893, 42.60348111286705], [-122.99457568674644, 42.60705072609818], [-122.98949904400143, 42.60715835857301]]]}, "properties": {"title": "EAST EVANS ONE", "description": "placer | serial ORMC167074 | 40.69 ac | Active | qtr-sec OR 33 0340S 0020W 019 A NW | recorded~2021 (DB date, not legal located date) | src: BLM MLRS Not Closed | boundary approx (BLM quarter-section) | do not dig here (active claim)", "stroke": "#ff3300", "stroke-width": 2, "fill": "#ff3300", "fill-opacity": 0.05, "stroke-dasharray": "1,6"}}, {"type": "Feature", "geometry": {"type": "Polygon", "coordinates": [[[-122.95394333570457, 42.22905391077443], [-122.94901095697067, 42.229095238224495], [-122.94851381689669, 42.22909938326987], [-122.94629745556617, 42.229113865471845], [-122.94407746123538, 42.22913002367423], [-122.94402796163168, 42.22549744643557], [-122.94397846102814, 42.22186486919688], [-122.94890255076388, 42.221841678748966], [-122.95383090050028, 42.22181918730068], [-122.95388713010236, 42.22543656053761], [-122.95394333570457, 42.22905391077443]]]}, "properties": {"title": "GOLDEN SHEILA", "description": "placer | serial ORMC167383 | 20.0 ac | Active | qtr-sec OR 33 0380S 0020W 033 A NW | recorded~2021 (DB date, not legal located date) | src: BLM MLRS Not Closed | boundary approx (BLM quarter-section) | do not dig here (active claim)", "stroke": "#ff3300", "stroke-width": 2, "fill": "#ff3300", "fill-opacity": 0.05, "stroke-dasharray": "1,6"}}, {"type": "Feature", "geometry": {"type": "Polygon", "coordinates": [[[-123.62230080732066, 42.57898268438139], [-123.61983907696417, 42.579014606610784], [-123.61906366885188, 42.57902466168306], [-123.61737685260755, 42.57904653584021], [-123.61681611352635, 42.57905380689249], [-123.61245306089447, 42.57911038529905], [-123.61244487427022, 42.57542570806637], [-123.6124433181552, 42.57474674602349], [-123.61243663165493, 42.571793246837], [-123.6155622601112, 42.571773381547125], [-123.61735385237266, 42.57176186038097], [-123.62227105009016, 42.57173049792495], [-123.62228592870535, 42.57535657915317], [-123.62230080732066, 42.57898268438139]]]}, "properties": {"title": "YOUNGER YUKON", "description": "placer | serial ORMC168483 | 50.0 ac | Active | qtr-sec OR 33 0340S 0080W 035 A NW | recorded~2021 (DB date, not legal located date) | src: BLM MLRS Not Closed | boundary approx (BLM quarter-section) | do not dig here (active claim)", "stroke": "#ff3300", "stroke-width": 2, "fill": "#ff3300", "fill-opacity": 0.05, "stroke-dasharray": "1,6"}}, {"type": "Feature", "geometry": {"type": "Polygon", "coordinates": [[[-123.64174829426864, 42.53806744999548], [-123.64175108136877, 42.53865889803265], [-123.64176810898331, 42.542287997261], [-123.63770119538714, 42.54229432763654], [-123.6368560222632, 42.542295616714576], [-123.63400446384502, 42.54229993297787], [-123.63194393554288, 42.54230298816808], [-123.63194280936744, 42.54126398310233], [-123.6319399369281, 42.53866127693763], [-123.63193593831352, 42.535019539707136], [-123.63683499503401, 42.535024669255705], [-123.64173405375433, 42.535029797804356], [-123.64174829426864, 42.53806744999548]]]}, "properties": {"title": "MOLONEY EXTENSION", "description": "placer | serial ORMC168635 | 10.0 ac | Active | qtr-sec OR 33 0350S 0080W 010 A SW | recorded~2021 (DB date, not legal located date) | src: BLM MLRS Not Closed | boundary approx (BLM quarter-section) | do not dig here (active claim)", "stroke": "#ff3300", "stroke-width": 2, "fill": "#ff3300", "fill-opacity": 0.05, "stroke-dasharray": "1,6"}}, {"type": "Feature", "geometry": {"type": "Polygon", "coordinates": [[[-123.28895600823064, 42.58610442260108], [-123.28890343582235, 42.589654065835], [-123.28887713711825, 42.59142889895198], [-123.2888567964158, 42.593207805068594], [-123.28390095265206, 42.59305150751567], [-123.27895106588979, 42.592899283962424], [-123.27897304431364, 42.58946905973887], [-123.27899504573759, 42.58603881151535], [-123.28397552748419, 42.58607161705821], [-123.28895600823064, 42.58610442260108]]]}, "properties": {"title": "LAVZ", "description": "placer | serial ORMC168656 | 40.0 ac | Active | qtr-sec OR 33 0340S 0050W 027 A NW | recorded~2021 (DB date, not legal located date) | src: BLM MLRS Not Closed | boundary approx (BLM quarter-section) | do not dig here (active claim)", "stroke": "#ff3300", "stroke-width": 2, "fill": "#ff3300", "fill-opacity": 0.05, "stroke-dasharray": "1,6"}}, {"type": "Feature", "geometry": {"type": "Polygon", "coordinates": [[[-123.56308969773139, 42.389110862733595], [-123.56322989775178, 42.389109554720676], [-123.56323592635773, 42.39273816195269], [-123.56324192596378, 42.39636676818465], [-123.55836066324949, 42.39639050963344], [-123.55347937353507, 42.39641405508229], [-123.55347484593197, 42.39280161685108], [-123.55347336473345, 42.391612700775006], [-123.553470346329, 42.389189176619865], [-123.55421298443723, 42.38918310955144], [-123.55812879300818, 42.389151272190674], [-123.55835013604045, 42.38914943517027], [-123.56308969773139, 42.389110862733595]], [[-123.55353472672907, 42.39153222776419], [-123.55369087071578, 42.391314558735935], [-123.55400087562089, 42.390472111653544], [-123.55393809360542, 42.39043464065685], [-123.55353472672907, 42.39153222776419]]]}, "properties": {"title": "GOLDEN WATERS", "description": "placer | serial ORMC169004 | 160.0 ac | Active | qtr-sec OR 33 0360S 0070W 032 A SW | recorded~2021 (DB date, not legal located date) | src: BLM MLRS Not Closed | boundary approx (BLM quarter-section) | do not dig here (active claim)", "stroke": "#ff3300", "stroke-width": 2, "fill": "#ff3300", "fill-opacity": 0.05, "stroke-dasharray": "1,6"}}, {"type": "Feature", "geometry": {"type": "Polygon", "coordinates": [[[-123.30633940159069, 42.578849142530125], [-123.308791410956, 42.57885377130435], [-123.30878968826393, 42.58067941942225], [-123.30878796557192, 42.58250502154013], [-123.30878452118802, 42.58615629577584], [-123.30384345745118, 42.58614321123066], [-123.29890239471429, 42.5861301496855], [-123.29894290710443, 42.58248269444648], [-123.2989834184947, 42.57883526220737], [-123.30388741522539, 42.57884450475588], [-123.30633940159069, 42.578849142530125]]]}, "properties": {"title": "SQUEEZE PLAY", "description": "placer | serial ORMC169397 | 40.0 ac | Active | qtr-sec OR 33 0340S 0050W 028 A SW | recorded~2021 (DB date, not legal located date) | src: BLM MLRS Not Closed | boundary approx (BLM quarter-section) | do not dig here (active claim)", "stroke": "#ff3300", "stroke-width": 2, "fill": "#ff3300", "fill-opacity": 0.05, "stroke-dasharray": "1,6"}}, {"type": "Feature", "geometry": {"type": "Polygon", "coordinates": [[[-123.30633940159069, 42.578849142530125], [-123.308791410956, 42.57885377130435], [-123.30878968826393, 42.58067941942225], [-123.30878796557192, 42.58250502154013], [-123.30878452118802, 42.58615629577584], [-123.30384345745118, 42.58614321123066], [-123.29890239471429, 42.5861301496855], [-123.29894290710443, 42.58248269444648], [-123.2989834184947, 42.57883526220737], [-123.30388741522539, 42.57884450475588], [-123.30633940159069, 42.578849142530125]]]}, "properties": {"title": "JACK BRODY", "description": "placer | serial ORMC169456 | 20.0 ac | Active | qtr-sec OR 33 0340S 0050W 028 A SW | recorded~2021 (DB date, not legal located date) | src: BLM MLRS Not Closed | boundary approx (BLM quarter-section) | do not dig here (active claim)", "stroke": "#ff3300", "stroke-width": 2, "fill": "#ff3300", "fill-opacity": 0.05, "stroke-dasharray": "1,6"}}, {"type": "Feature", "geometry": {"type": "Polygon", "coordinates": [[[-122.89502453537993, 42.15287057399504], [-122.8949694939273, 42.15627493322924], [-122.89022749321563, 42.15628443365841], [-122.89015414320444, 42.15628363366504], [-122.88536339248523, 42.156292734098606], [-122.88533879248146, 42.156292334100776], [-122.88047600175219, 42.156306933541195], [-122.88046370175032, 42.15630673354232], [-122.87616257710532, 42.15632046993195], [-122.87558861101903, 42.15632113198386], [-122.87558704346228, 42.152911410754115], [-122.87558698642037, 42.15265430273682], [-122.87558576531131, 42.15], [-122.89504502905686, 42.15], [-122.89502453537993, 42.15287057399504]]]}, "properties": {"title": "GOLDEN BOTTOM", "description": "placer | serial ORMC169557 | 112.12 ac | Active | qtr-sec OR 33 0390S 0020W 025 A NW|OR 33 0390S 0020W 025 A NE | recorded~2021 (DB date, not legal located date) | src: BLM MLRS Not Closed | boundary approx (BLM quarter-section) | do not dig here (active claim)", "stroke": "#ff3300", "stroke-width": 2, "fill": "#ff3300", "fill-opacity": 0.05, "stroke-dasharray": "1,6"}}, {"type": "Feature", "geometry": {"type": "Polygon", "coordinates": [[[-123.29878943372698, 42.633591421754], [-123.29879332688319, 42.63450975281278], [-123.29879722103944, 42.635428106871494], [-123.29880111619572, 42.636346460930255], [-123.29880501035194, 42.63726481498901], [-123.29384296960056, 42.637187073442526], [-123.2888786308479, 42.637104308895935], [-123.28885480522918, 42.633474774664464], [-123.28881240560621, 42.62983544543397], [-123.29379311935428, 42.629876725976494], [-123.29877383310223, 42.629918029519004], [-123.29878943372698, 42.633591421754]]]}, "properties": {"title": "GOLD RUN 6", "description": "placer | serial ORMC169573 | 40.0 ac | Active | qtr-sec OR 33 0340S 0050W 009 A NE | recorded~2021 (DB date, not legal located date) | src: BLM MLRS Not Closed | boundary approx (BLM quarter-section) | do not dig here (active claim)", "stroke": "#ff3300", "stroke-width": 2, "fill": "#ff3300", "fill-opacity": 0.05, "stroke-dasharray": "1,6"}}, {"type": "Feature", "geometry": {"type": "Polygon", "coordinates": [[[-123.4353054305653, 42.236247691529094], [-123.43532521616426, 42.23986551876259], [-123.43534500276336, 42.243483342996036], [-123.4304955650477, 42.243486144437476], [-123.42807083768984, 42.24348754765819], [-123.42564612633193, 42.24348894587891], [-123.425628252733, 42.239870339645066], [-123.4256103811342, 42.23625173341128], [-123.43045790584983, 42.23624971197019], [-123.4353054305653, 42.236247691529094]]]}, "properties": {"title": "DEER CREEK", "description": "placer | serial ORMC169792 | 15.0 ac | Active | qtr-sec OR 33 0380S 0060W 029 A NE | recorded~2021 (DB date, not legal located date) | src: BLM MLRS Not Closed | boundary approx (BLM quarter-section) | do not dig here (active claim)", "stroke": "#ff3300", "stroke-width": 2, "fill": "#ff3300", "fill-opacity": 0.05, "stroke-dasharray": "1,6"}}, {"type": "Feature", "geometry": {"type": "Polygon", "coordinates": [[[-123.4353054305653, 42.236247691529094], [-123.43532521616426, 42.23986551876259], [-123.43534500276336, 42.243483342996036], [-123.4304955650477, 42.243486144437476], [-123.42807083768984, 42.24348754765819], [-123.42564612633193, 42.24348894587891], [-123.425628252733, 42.239870339645066], [-123.4256103811342, 42.23625173341128], [-123.43045790584983, 42.23624971197019], [-123.4353054305653, 42.236247691529094]]]}, "properties": {"title": "DEER CREEK 2", "description": "placer | serial ORMC169793 | 12.5 ac | Active | qtr-sec OR 33 0380S 0060W 029 A NE | recorded~2021 (DB date, not legal located date) | src: BLM MLRS Not Closed | boundary approx (BLM quarter-section) | do not dig here (active claim)", "stroke": "#ff3300", "stroke-width": 2, "fill": "#ff3300", "fill-opacity": 0.05, "stroke-dasharray": "1,6"}}, {"type": "Feature", "geometry": {"type": "Polygon", "coordinates": [[[-123.23452010459468, 42.60072416756634], [-123.22956716685461, 42.600713764022515], [-123.22955546323226, 42.597041011785855], [-123.22954376461004, 42.593368253549166], [-123.23455502835519, 42.59335719608636], [-123.23952417009237, 42.59333710162681], [-123.23947681370935, 42.59703105387022], [-123.23942945632655, 42.6007250051135], [-123.23452010459468, 42.60072416756634]]]}, "properties": {"title": "SEXTON PLACER MINE", "description": "placer | serial ORMC169961 | 60.0 ac | Active | qtr-sec OR 33 0340S 0050W 024 A SE | recorded~2021 (DB date, not legal located date) | src: BLM MLRS Not Closed | boundary approx (BLM quarter-section) | do not dig here (active claim)", "stroke": "#ff3300", "stroke-width": 2, "fill": "#ff3300", "fill-opacity": 0.05, "stroke-dasharray": "1,6"}}, {"type": "Feature", "geometry": {"type": "Polygon", "coordinates": [[[-123.26915976443556, 42.575148368718345], [-123.2691389500533, 42.57882746495808], [-123.26429758732819, 42.578801433402646], [-123.25945622060294, 42.57877540484725], [-123.25938720897818, 42.57513360761804], [-123.25931819735358, 42.57149178738877], [-123.26424938808591, 42.57148051793368], [-123.26918057881804, 42.57146927147852], [-123.26915976443556, 42.575148368718345]]]}, "properties": {"title": "J AND J GLORY HOLE", "description": "placer | serial ORMC170056 | 20.0 ac | Active | qtr-sec OR 33 0340S 0050W 035 A NW | recorded~2021 (DB date, not legal located date) | src: BLM MLRS Not Closed | boundary approx (BLM quarter-section) | do not dig here (active claim)", "stroke": "#ff3300", "stroke-width": 2, "fill": "#ff3300", "fill-opacity": 0.05, "stroke-dasharray": "1,6"}}, {"type": "Feature", "geometry": {"type": "Polygon", "coordinates": [[[-123.2938340451661, 42.5932666656133], [-123.2988172499179, 42.593329576157664], [-123.2988042355335, 42.59698390039452], [-123.29382801578438, 42.59693074485021], [-123.2938340451661, 42.5932666656133]]]}, "properties": {"title": "BURNING DUTCHMAN", "description": "placer | serial ORMC170114 | 40.0 ac | Active | qtr-sec OR 33 0340S 0050W 021 A SWSE | recorded~2021 (DB date, not legal located date) | src: BLM MLRS Not Closed | boundary approx (BLM quarter-section) | do not dig here (active claim)", "stroke": "#ff3300", "stroke-width": 2, "fill": "#ff3300", "fill-opacity": 0.05, "stroke-dasharray": "1,6"}}, {"type": "Feature", "geometry": {"type": "Polygon", "coordinates": [[[-123.43350803853647, 42.15243537823045], [-123.43350377212732, 42.15604781646671], [-123.42867853741231, 42.15603077590307], [-123.42385330369723, 42.15601373433936], [-123.42384594610499, 42.15240296310418], [-123.42384104964201, 42.15], [-123.43351091479647, 42.15], [-123.43350803853647, 42.15243537823045]]]}, "properties": {"title": "GRAYBACK GOLD 1", "description": "placer | serial ORMC170807 | 20.0 ac | Active | qtr-sec OR 33 0390S 0060W 029 A NE|OR 33 0390S 0060W 029 A SE | recorded~2021 (DB date, not legal located date) | src: BLM MLRS Not Closed | boundary approx (BLM quarter-section) | do not dig here (active claim)", "stroke": "#ff3300", "stroke-width": 2, "fill": "#ff3300", "fill-opacity": 0.05, "stroke-dasharray": "1,6"}}, {"type": "Feature", "geometry": {"type": "Polygon", "coordinates": [[[-123.43350377212732, 42.15604781646671], [-123.42867853741231, 42.15603077590307], [-123.42385330369723, 42.15601373433936], [-123.42384594610499, 42.15240296310418], [-123.42384104964201, 42.15], [-123.43351091479647, 42.15], [-123.43350803853647, 42.15243537823045], [-123.43350377212732, 42.15604781646671]]]}, "properties": {"title": "GRAYBACK GOLD 2", "description": "placer | serial ORMC170808 | 20.0 ac | Active | qtr-sec OR 33 0390S 0060W 029 A NE | recorded~2021 (DB date, not legal located date) | src: BLM MLRS Not Closed | boundary approx (BLM quarter-section) | do not dig here (active claim)", "stroke": "#ff3300", "stroke-width": 2, "fill": "#ff3300", "fill-opacity": 0.05, "stroke-dasharray": "1,6"}}, {"type": "Feature", "geometry": {"type": "Polygon", "coordinates": [[[-123.6078027782208, 42.579170687732365], [-123.6075295311812, 42.57917423075782], [-123.60268377447908, 42.57923706820932], [-123.602636762839, 42.5754921649763], [-123.60259210230294, 42.572359693781856], [-123.60259110621756, 42.571855226749975], [-123.60313390529798, 42.571859059700095], [-123.6036519153724, 42.571848563651585], [-123.60751386693637, 42.57182432129348], [-123.61243663165493, 42.571793246837], [-123.6124433181552, 42.57474674602349], [-123.61244487427022, 42.57542570806637], [-123.61245306089447, 42.57911038529905], [-123.6078027782208, 42.579170687732365]]]}, "properties": {"title": "SAMS GOLDEN ROSE", "description": "placer | serial ORMC170988 | 24.06 ac | Active | qtr-sec OR 33 0340S 0080W 035 A NE | recorded~2021 (DB date, not legal located date) | src: BLM MLRS Not Closed | boundary approx (BLM quarter-section) | do not dig here (active claim)", "stroke": "#ff3300", "stroke-width": 2, "fill": "#ff3300", "fill-opacity": 0.05, "stroke-dasharray": "1,6"}}, {"type": "Feature", "geometry": {"type": "Polygon", "coordinates": [[[-123.18057430308376, 42.686501746098], [-123.18057686038863, 42.688292458213525], [-123.17810408201852, 42.688289035442125], [-123.17563132764838, 42.68828554367075], [-123.17439492646325, 42.68828384078505], [-123.17315854927817, 42.68828210489934], [-123.17192217109309, 42.68828036701361], [-123.17068579390798, 42.688278629127915], [-123.17071433829746, 42.68466202389135], [-123.17074288268701, 42.681045395654685], [-123.1756547724283, 42.68108749120304], [-123.18056666116942, 42.68112956275133], [-123.18057176077895, 42.684711010982454], [-123.18057430308376, 42.686501746098]]]}, "properties": {"title": "BUSTED FLUSH", "description": "placer | serial ORMC171107 | 40.0 ac | Active | qtr-sec OR 33 0330S 0040W 021 A SE | recorded~2021 (DB date, not legal located date) | src: BLM MLRS Not Closed | boundary approx (BLM quarter-section) | do not dig here (active claim)", "stroke": "#ff3300", "stroke-width": 2, "fill": "#ff3300", "fill-opacity": 0.05, "stroke-dasharray": "1,6"}}, {"type": "Feature", "geometry": {"type": "Polygon", "coordinates": [[[-123.14270416413622, 42.17528663508515], [-123.14271361772389, 42.17886703532175], [-123.13787777100124, 42.17885865375931], [-123.13304194727861, 42.17885024919681], [-123.13303915269347, 42.17527902296011], [-123.1330363351085, 42.17170777272326], [-123.13786554582866, 42.17170700428591], [-123.14269473354877, 42.17170625884849], [-123.14270416413622, 42.17528663508515]]]}, "properties": {"title": "STAR OF WONDER", "description": "placer | serial ORMC171330 | 40.0 ac | Active | qtr-sec OR 33 0390S 0040W 014 A SE | recorded~2021 (DB date, not legal located date) | src: BLM MLRS Not Closed | boundary approx (BLM quarter-section) | do not dig here (active claim)", "stroke": "#ff3300", "stroke-width": 2, "fill": "#ff3300", "fill-opacity": 0.05, "stroke-dasharray": "1,6"}}, {"type": "Feature", "geometry": {"type": "Polygon", "coordinates": [[[-122.95394333570457, 42.22905391077443], [-122.94901095697067, 42.229095238224495], [-122.94851381689669, 42.22909938326987], [-122.94629745556617, 42.229113865471845], [-122.94407746123538, 42.22913002367423], [-122.94402796163168, 42.22549744643557], [-122.94397846102814, 42.22186486919688], [-122.94890255076388, 42.221841678748966], [-122.95383090050028, 42.22181918730068], [-122.95388713010236, 42.22543656053761], [-122.95394333570457, 42.22905391077443]]]}, "properties": {"title": "GOLDEN GRAEME", "description": "placer | serial ORMC171357 | 20.0 ac | Active | qtr-sec OR 33 0380S 0020W 033 A NW | recorded~2021 (DB date, not legal located date) | src: BLM MLRS Not Closed | boundary approx (BLM quarter-section) | do not dig here (active claim)", "stroke": "#ff3300", "stroke-width": 2, "fill": "#ff3300", "fill-opacity": 0.05, "stroke-dasharray": "1,6"}}, {"type": "Feature", "geometry": {"type": "Polygon", "coordinates": [[[-123.24931109342194, 42.604410480440244], [-123.24920462102908, 42.60809514268817], [-123.24673726766076, 42.608090916915586], [-123.24426991429235, 42.608086691143015], [-123.23933518455559, 42.60807823959782], [-123.23935876924821, 42.60623994847675], [-123.23938233194097, 42.604401634355696], [-123.23942945632655, 42.6007250051135], [-123.2444234880708, 42.60072542365286], [-123.24941754281494, 42.60072584219222], [-123.24931109342194, 42.604410480440244]]]}, "properties": {"title": "FAITH 3", "description": "placer | serial ORMC171379 | 20.0 ac | Active | qtr-sec OR 33 0340S 0050W 024 A NW | recorded~2021 (DB date, not legal located date) | src: BLM MLRS Not Closed | boundary approx (BLM quarter-section) | do not dig here (active claim)", "stroke": "#ff3300", "stroke-width": 2, "fill": "#ff3300", "fill-opacity": 0.05, "stroke-dasharray": "1,6"}}, {"type": "Feature", "geometry": {"type": "Polygon", "coordinates": [[[-122.95394333570457, 42.22905391077443], [-122.94901095697067, 42.229095238224495], [-122.94851381689669, 42.22909938326987], [-122.94629745556617, 42.229113865471845], [-122.94407746123538, 42.22913002367423], [-122.94402796163168, 42.22549744643557], [-122.94397846102814, 42.22186486919688], [-122.94890255076388, 42.221841678748966], [-122.95383090050028, 42.22181918730068], [-122.95388713010236, 42.22543656053761], [-122.95394333570457, 42.22905391077443]]]}, "properties": {"title": "MIKES BONANZA", "description": "placer | serial ORMC171401 | 20.0 ac | Active | qtr-sec OR 33 0380S 0020W 033 A NW | recorded~2021 (DB date, not legal located date) | src: BLM MLRS Not Closed | boundary approx (BLM quarter-section) | do not dig here (active claim)", "stroke": "#ff3300", "stroke-width": 2, "fill": "#ff3300", "fill-opacity": 0.05, "stroke-dasharray": "1,6"}}, {"type": "Feature", "geometry": {"type": "Polygon", "coordinates": [[[-123.1264235106438, 42.22976682217259], [-123.1288433670124, 42.229811816955895], [-123.13126094138148, 42.229862416739735], [-123.13136659568306, 42.23160124684529], [-123.13146995398525, 42.23334568595139], [-123.13167663758978, 42.23683453616358], [-123.12918986621814, 42.236831533389214], [-123.12670309484648, 42.23682852961482], [-123.12617282776722, 42.23682788466293], [-123.121729552103, 42.23682247706605], [-123.12165667550471, 42.23324966683599], [-123.12160249591437, 42.22970725060628], [-123.12617377060602, 42.22976373619501], [-123.1264235106438, 42.22976682217259]]]}, "properties": {"title": "FAMILY GOLD", "description": "placer | serial ORMC171555 | 40.0 ac | Active | qtr-sec OR 33 0380S 0040W 025 A SW | recorded~2021 (DB date, not legal located date) | src: BLM MLRS Not Closed | boundary approx (BLM quarter-section) | do not dig here (active claim)", "stroke": "#ff3300", "stroke-width": 2, "fill": "#ff3300", "fill-opacity": 0.05, "stroke-dasharray": "1,6"}}, {"type": "Feature", "geometry": {"type": "Polygon", "coordinates": [[[-123.59256882065168, 42.67741625935501], [-123.59258196926676, 42.68101607058101], [-123.58767733654179, 42.68100007403485], [-123.58278495381846, 42.68098413348749], [-123.58278553681147, 42.680942494484796], [-123.58277231920783, 42.677409998262945], [-123.58277228020609, 42.67739970326233], [-123.58277224120435, 42.677389398261695], [-123.58275910760439, 42.67387743904103], [-123.58275899559021, 42.673794549035826], [-123.58764136331123, 42.67380546858393], [-123.5925556740367, 42.67381644512902], [-123.59256882065168, 42.67741625935501]]]}, "properties": {"title": "FIRST DREAM", "description": "placer | serial ORMC171673 | 39.86 ac | Active | qtr-sec OR 33 0330S 0080W 025 A NE | recorded~2021 (DB date, not legal located date) | src: BLM MLRS Not Closed | boundary approx (BLM quarter-section) | do not dig here (active claim)", "stroke": "#ff3300", "stroke-width": 2, "fill": "#ff3300", "fill-opacity": 0.05, "stroke-dasharray": "1,6"}}, {"type": "Feature", "geometry": {"type": "Polygon", "coordinates": [[[-123.14644060217641, 42.21482870336674], [-123.14770046036492, 42.21483213125266], [-123.15140407491988, 42.21484861491772], [-123.15136441854112, 42.21866758517405], [-123.15132678813076, 42.22229145441725], [-123.14634754938042, 42.22224386986604], [-123.14136831162989, 42.222196285314794], [-123.14142168604269, 42.21857278707004], [-123.14147712943286, 42.214808790815795], [-123.14280351963095, 42.214810384695525], [-123.14644060217641, 42.21482870336674]]]}, "properties": {"title": "A LOT OF ROCKS", "description": "placer | serial ORMC171842 | 20.0 ac | Active | qtr-sec OR 33 0380S 0040W 035 A SW | recorded~2021 (DB date, not legal located date) | src: BLM MLRS Not Closed | boundary approx (BLM quarter-section) | do not dig here (active claim)", "stroke": "#ff3300", "stroke-width": 2, "fill": "#ff3300", "fill-opacity": 0.05, "stroke-dasharray": "1,6"}}, {"type": "Feature", "geometry": {"type": "Polygon", "coordinates": [[[-123.14125637386192, 42.2297955528279], [-123.13625865712177, 42.229828984283856], [-123.13126094138148, 42.229862416739735], [-123.13134699275612, 42.22597906447482], [-123.13143074013156, 42.22210131621035], [-123.13639952588078, 42.222148800762554], [-123.14136831162989, 42.222196285314794], [-123.14131234224583, 42.22599591957134], [-123.14125637386192, 42.2297955528279]]]}, "properties": {"title": "MOVING ROCKS", "description": "placer | serial ORMC171843 | 20.0 ac | Active | qtr-sec OR 33 0380S 0040W 035 A NE | recorded~2021 (DB date, not legal located date) | src: BLM MLRS Not Closed | boundary approx (BLM quarter-section) | do not dig here (active claim)", "stroke": "#ff3300", "stroke-width": 2, "fill": "#ff3300", "fill-opacity": 0.05, "stroke-dasharray": "1,6"}}, {"type": "Feature", "geometry": {"type": "Polygon", "coordinates": [[[-123.55365402229425, 42.644350572869286], [-123.55350014491805, 42.648155981124674], [-123.5533355755813, 42.652201602396175], [-123.55334039273606, 42.653108125453116], [-123.55334520789087, 42.65401465151009], [-123.55335483620047, 42.65582767562403], [-123.55335965435533, 42.65673420768104], [-123.55336447251014, 42.65764070973796], [-123.55337410381985, 42.659453743851905], [-123.5509025244493, 42.65941783007856], [-123.54843094307873, 42.65938190030525], [-123.54348778733753, 42.659310057758574], [-123.54354444173867, 42.655738489527046], [-123.54360109313998, 42.65216691429541], [-123.543862491509, 42.64822678502146], [-123.54398320120707, 42.64634481389099], [-123.54410391290521, 42.64446282176049], [-123.5488789675998, 42.64440670931486], [-123.55365402229425, 42.644350572869286]]]}, "properties": {"title": "TV PLACER", "description": "placer | serial ORMC171938 | 41.17 ac | Active | qtr-sec OR 33 0330S 0070W 032 A SE|OR 33 0340S 0070W 005 A NE | recorded~2021 (DB date, not legal located date) | src: BLM MLRS Not Closed | boundary approx (BLM quarter-section) | do not dig here (active claim)", "stroke": "#ff3300", "stroke-width": 2, "fill": "#ff3300", "fill-opacity": 0.05, "stroke-dasharray": "1,6"}}, {"type": "Feature", "geometry": {"type": "Polygon", "coordinates": [[[-123.55365402229425, 42.644350572869286], [-123.55350014491805, 42.648155981124674], [-123.5533355755813, 42.652201602396175], [-123.55211876140113, 42.65219727050857], [-123.55090194122099, 42.65219293962098], [-123.5484683278607, 42.65218427684578], [-123.54360109313998, 42.65216691429541], [-123.543862491509, 42.64822678502146], [-123.54398320120707, 42.64634481389099], [-123.54410391290521, 42.64446282176049], [-123.5488789675998, 42.64440670931486], [-123.55365402229425, 42.644350572869286]]]}, "properties": {"title": "TV PLACER SIX", "description": "placer | serial ORMC172076 | 20.0 ac | Active | qtr-sec OR 33 0340S 0070W 005 A NE | recorded~2021 (DB date, not legal located date) | src: BLM MLRS Not Closed | boundary approx (BLM quarter-section) | do not dig here (active claim)", "stroke": "#ff3300", "stroke-width": 2, "fill": "#ff3300", "fill-opacity": 0.05, "stroke-dasharray": "1,6"}}, {"type": "Feature", "geometry": {"type": "Polygon", "coordinates": [[[-123.63687979749211, 42.54955876017246], [-123.63834593970634, 42.54955221303679], [-123.64180769121218, 42.54953669471641], [-123.64181877382072, 42.553132376943], [-123.64182985642938, 42.55672803216961], [-123.63691929671407, 42.556763291624996], [-123.6320087079986, 42.55679835608043], [-123.63198031938515, 42.55318958985447], [-123.63195546684827, 42.55003002165661], [-123.63195193177191, 42.549580852628495], [-123.63687979749211, 42.54955876017246]]]}, "properties": {"title": "MJ NJ PLACER 1", "description": "placer | serial ORMC172080 | 20.0 ac | Active | qtr-sec OR 33 0350S 0080W 003 A SW | recorded~2021 (DB date, not legal located date) | src: BLM MLRS Not Closed | boundary approx (BLM quarter-section) | do not dig here (active claim)", "stroke": "#ff3300", "stroke-width": 2, "fill": "#ff3300", "fill-opacity": 0.05, "stroke-dasharray": "1,6"}}, {"type": "Feature", "geometry": {"type": "Polygon", "coordinates": [[[-123.63687979749211, 42.54955876017246], [-123.63834593970634, 42.54955221303679], [-123.64180769121218, 42.54953669471641], [-123.64181877382072, 42.553132376943], [-123.64182985642938, 42.55672803216961], [-123.63691929671407, 42.556763291624996], [-123.6320087079986, 42.55679835608043], [-123.63198031938515, 42.55318958985447], [-123.63195546684827, 42.55003002165661], [-123.63195193177191, 42.549580852628495], [-123.63687979749211, 42.54955876017246]]]}, "properties": {"title": "MAIN PAY", "description": "placer | serial ORMC172135 | 20.0 ac | Active | qtr-sec OR 33 0350S 0080W 003 A SW | recorded~2021 (DB date, not legal located date) | src: BLM MLRS Not Closed | boundary approx (BLM quarter-section) | do not dig here (active claim)", "stroke": "#ff3300", "stroke-width": 2, "fill": "#ff3300", "fill-opacity": 0.05, "stroke-dasharray": "1,6"}}, {"type": "Feature", "geometry": {"type": "Polygon", "coordinates": [[[-123.63205241095756, 42.57427339018263], [-123.63205031114309, 42.57537269025243], [-123.63204155775267, 42.57898508148178], [-123.62717118203676, 42.578983893931586], [-123.6261960328933, 42.57898363802162], [-123.6259535708577, 42.57898357404407], [-123.62473598267869, 42.57898326615647], [-123.62351839449968, 42.57898297626892], [-123.62230080732066, 42.57898268438139], [-123.61983907696417, 42.579014606610784], [-123.61906366885188, 42.57902466168306], [-123.61737685260755, 42.57904653584021], [-123.61681611352635, 42.57905380689249], [-123.61245306089447, 42.57911038529905], [-123.61244487427022, 42.57542570806637], [-123.6124433181552, 42.57474674602349], [-123.61243663165493, 42.571793246837], [-123.6155622601112, 42.571773381547125], [-123.61735385237266, 42.57176186038097], [-123.62227105009016, 42.57173049792495], [-123.62715586081111, 42.57174828547505], [-123.62796528193046, 42.571750427400424], [-123.6283871159928, 42.571752779361645], [-123.6320568535333, 42.5717602760232], [-123.63205685368597, 42.57266331008037], [-123.63205241095756, 42.57427339018263]]]}, "properties": {"title": "LAST STAND", "description": "placer | serial ORMC172451 | 60.0 ac | Active | qtr-sec OR 33 0340S 0080W 034 A NE|OR 33 0340S 0080W 035 A NW | recorded~2021 (DB date, not legal located date) | src: BLM MLRS Not Closed | boundary approx (BLM quarter-section) | do not dig here (active claim)", "stroke": "#ff3300", "stroke-width": 2, "fill": "#ff3300", "fill-opacity": 0.05, "stroke-dasharray": "1,6"}}, {"type": "Feature", "geometry": {"type": "Polygon", "coordinates": [[[-123.03439469300424, 42.64416448485571], [-123.04420137548554, 42.64421827895408], [-123.05400805896642, 42.64427207405243], [-123.0542313092703, 42.65177116552105], [-123.04426896177334, 42.65176040944018], [-123.03430661427585, 42.65174965335928], [-123.03439469300424, 42.64416448485571]]]}, "properties": {"title": "BOONES LICK", "description": "placer | serial ORMC172640 | 20.0 ac | Active | qtr-sec OR 33 0340S 0030W 003 A NW|OR 33 0340S 0030W 003 A NE | recorded~2021 (DB date, not legal located date) | src: BLM MLRS Not Closed | boundary approx (BLM quarter-section) | do not dig here (active claim)", "stroke": "#ff3300", "stroke-width": 2, "fill": "#ff3300", "fill-opacity": 0.05, "stroke-dasharray": "1,6"}}, {"type": "Feature", "geometry": {"type": "Polygon", "coordinates": [[[-123.09688391838372, 42.16358607145663], [-123.09201235265657, 42.163589166897786], [-123.09199893005972, 42.15995095865676], [-123.09198553446303, 42.15631274941579], [-123.09686351819259, 42.15631865497483], [-123.10174150192195, 42.15632456053377], [-123.10661979265129, 42.15633029809277], [-123.11179564942492, 42.156336363624774], [-123.11179615158566, 42.157319352690116], [-123.11179590266879, 42.15782812472397], [-123.11180537801815, 42.159956182864654], [-123.11180732417601, 42.16092017192854], [-123.11182210661242, 42.163575253103744], [-123.10662860783769, 42.16357924357417], [-123.10175551311072, 42.16358275401547], [-123.09688391838372, 42.16358607145663]]]}, "properties": {"title": "HOGAN'S FIND", "description": "placer | serial ORMC172726 | 20.0 ac | Active | qtr-sec OR 33 0390S 0030W 019 A SW|OR 33 0390S 0030W 019 A SE | recorded~2021 (DB date, not legal located date) | src: BLM MLRS Not Closed | boundary approx (BLM quarter-section) | do not dig here (active claim)", "stroke": "#ff3300", "stroke-width": 2, "fill": "#ff3300", "fill-opacity": 0.05, "stroke-dasharray": "1,6"}}, {"type": "Feature", "geometry": {"type": "Polygon", "coordinates": [[[-123.33292045186644, 42.251095015810996], [-123.33778583558752, 42.25109567336846], [-123.33780665719243, 42.25474696660516], [-123.33782750679754, 42.258398232841905], [-123.33296023407186, 42.258371380283045], [-123.328092961346, 42.25834452872417], [-123.3280728897451, 42.254717902488906], [-123.32806325644452, 42.25290301937108], [-123.32805506714516, 42.25109410925351], [-123.33292045186644, 42.251095015810996]]]}, "properties": {"title": "LOTSA GOLD", "description": "placer | serial ORMC172876 | 20.0 ac | Active | qtr-sec OR 33 0380S 0050W 019 A NE | recorded~2021 (DB date, not legal located date) | src: BLM MLRS Not Closed | boundary approx (BLM quarter-section) | do not dig here (active claim)", "stroke": "#ff3300", "stroke-width": 2, "fill": "#ff3300", "fill-opacity": 0.05, "stroke-dasharray": "1,6"}}, {"type": "Feature", "geometry": {"type": "Polygon", "coordinates": [[[-123.2297596051114, 42.157038183992654], [-123.229739598541, 42.159682386169145], [-123.2297467237084, 42.160699321235654], [-123.2297642791323, 42.16327382240412], [-123.22980507430908, 42.16431701646928], [-123.22496165759097, 42.16432901190884], [-123.22013332687027, 42.164312207345056], [-123.22014129727458, 42.16066450810328], [-123.22014926867911, 42.15701680686153], [-123.2249115743924, 42.15704866543238], [-123.2297596051114, 42.157038183992654]]]}, "properties": {"title": "GOLDEN NINE MILE", "description": "placer | serial ORMC173282 | 20.0 ac | Active | qtr-sec OR 33 0390S 0040W 019 A SW | recorded~2021 (DB date, not legal located date) | src: BLM MLRS Not Closed | boundary approx (BLM quarter-section) | do not dig here (active claim)", "stroke": "#ff3300", "stroke-width": 2, "fill": "#ff3300", "fill-opacity": 0.05, "stroke-dasharray": "1,6"}}, {"type": "Feature", "geometry": {"type": "Polygon", "coordinates": [[[-123.16607823750353, 42.26588204395692], [-123.1709735952308, 42.26586688651074], [-123.17091436383225, 42.269568730760284], [-123.1708551554339, 42.273270575009725], [-123.16597625870561, 42.27326498745316], [-123.16109738497717, 42.27325942389659], [-123.16114013137657, 42.26957832464984], [-123.16118287877613, 42.26589720140308], [-123.16607823750353, 42.26588204395692]]]}, "properties": {"title": "EVERGREEN 1", "description": "placer | serial ORMC173448 | 20.0 ac | Active | qtr-sec OR 33 0380S 0040W 015 A NW | recorded~2021 (DB date, not legal located date) | src: BLM MLRS Not Closed | boundary approx (BLM quarter-section) | do not dig here (active claim)", "stroke": "#ff3300", "stroke-width": 2, "fill": "#ff3300", "fill-opacity": 0.05, "stroke-dasharray": "1,6"}}, {"type": "Feature", "geometry": {"type": "Polygon", "coordinates": [[[-123.16607823750353, 42.26588204395692], [-123.1709735952308, 42.26586688651074], [-123.17091436383225, 42.269568730760284], [-123.1708551554339, 42.273270575009725], [-123.16597625870561, 42.27326498745316], [-123.16109738497717, 42.27325942389659], [-123.16114013137657, 42.26957832464984], [-123.16118287877613, 42.26589720140308], [-123.16607823750353, 42.26588204395692]]]}, "properties": {"title": "EVERGREEN 2", "description": "placer | serial ORMC173449 | 20.0 ac | Active | qtr-sec OR 33 0380S 0040W 015 A NW | recorded~2021 (DB date, not legal located date) | src: BLM MLRS Not Closed | boundary approx (BLM quarter-section) | do not dig here (active claim)", "stroke": "#ff3300", "stroke-width": 2, "fill": "#ff3300", "fill-opacity": 0.05, "stroke-dasharray": "1,6"}}, {"type": "Feature", "geometry": {"type": "Polygon", "coordinates": [[[-123.6169414492224, 42.50599178124646], [-123.62188461494607, 42.50597571379023], [-123.62192816956345, 42.509607507016874], [-123.62197172418101, 42.51323932824348], [-123.6170372794584, 42.51325431069901], [-123.61210286173568, 42.51326909915446], [-123.6120505591171, 42.50963847392854], [-123.61199828249865, 42.506007847702655], [-123.6169414492224, 42.50599178124646]]]}, "properties": {"title": "SARA SEANTAE ONE", "description": "placer | serial ORMC174018 | 20.0 ac | Active | qtr-sec OR 33 0350S 0080W 023 A SW | recorded~2021 (DB date, not legal located date) | src: BLM MLRS Not Closed | boundary approx (BLM quarter-section) | do not dig here (active claim)", "stroke": "#ff3300", "stroke-width": 2, "fill": "#ff3300", "fill-opacity": 0.05, "stroke-dasharray": "1,6"}}, {"type": "Feature", "geometry": {"type": "Polygon", "coordinates": [[[-123.6170372794584, 42.51325431069901], [-123.61210286173568, 42.51326909915446], [-123.6120505591171, 42.50963847392854], [-123.61199828249865, 42.506007847702655], [-123.6169414492224, 42.50599178124646], [-123.62188461494607, 42.50597571379023], [-123.62192816956345, 42.509607507016874], [-123.62197172418101, 42.51323932824348], [-123.6170372794584, 42.51325431069901]]]}, "properties": {"title": "SARA SEANTAE TWO", "description": "placer | serial ORMC174019 | 20.0 ac | Active | qtr-sec OR 33 0350S 0080W 023 A SW | recorded~2021 (DB date, not legal located date) | src: BLM MLRS Not Closed | boundary approx (BLM quarter-section) | do not dig here (active claim)", "stroke": "#ff3300", "stroke-width": 2, "fill": "#ff3300", "fill-opacity": 0.05, "stroke-dasharray": "1,6"}}, {"type": "Feature", "geometry": {"type": "Polygon", "coordinates": [[[-123.10174850751622, 42.15995365777467], [-123.10175551311072, 42.16358275401547], [-123.09688391838372, 42.16358607145663], [-123.09201235265657, 42.163589166897786], [-123.09199893005972, 42.15995095865676], [-123.09198553446303, 42.15631274941579], [-123.09686351819259, 42.15631865497483], [-123.10174150192195, 42.15632456053377], [-123.10174850751622, 42.15995365777467]]]}, "properties": {"title": "MESTAR GULCH", "description": "placer | serial ORMC174333 | 40.0 ac | Active | qtr-sec OR 33 0390S 0030W 019 A SE | recorded~2021 (DB date, not legal located date) | src: BLM MLRS Not Closed | boundary approx (BLM quarter-section) | do not dig here (active claim)", "stroke": "#ff3300", "stroke-width": 2, "fill": "#ff3300", "fill-opacity": 0.05, "stroke-dasharray": "1,6"}}, {"type": "Feature", "geometry": {"type": "Polygon", "coordinates": [[[-123.47492698545383, 42.15127076739972], [-123.47489273504019, 42.15488201563803], [-123.47012247433403, 42.15486294606933], [-123.46535221562773, 42.15484384850061], [-123.46532941924762, 42.15254306235277], [-123.46531649203405, 42.1512504072697], [-123.46530409839472, 42.15], [-123.47493903787849, 42.15], [-123.47492698545383, 42.15127076739972]]]}, "properties": {"title": "SUCKER CREEK", "description": "placer | serial ORMC174355 | 20.0 ac | Active | qtr-sec OR 33 0390S 0070W 025 A NE | recorded~2021 (DB date, not legal located date) | src: BLM MLRS Not Closed | boundary approx (BLM quarter-section) | do not dig here (active claim)", "stroke": "#ff3300", "stroke-width": 2, "fill": "#ff3300", "fill-opacity": 0.05, "stroke-dasharray": "1,6"}}, {"type": "Feature", "geometry": {"type": "Polygon", "coordinates": [[[-122.95394333570457, 42.22905391077443], [-122.94901095697067, 42.229095238224495], [-122.94851381689669, 42.22909938326987], [-122.94629745556617, 42.229113865471845], [-122.94407746123538, 42.22913002367423], [-122.94402796163168, 42.22549744643557], [-122.94397846102814, 42.22186486919688], [-122.94890255076388, 42.221841678748966], [-122.95383090050028, 42.22181918730068], [-122.95880302324025, 42.221779628847266], [-122.96377512198015, 42.22174007039386], [-122.96381242258184, 42.225371832633336], [-122.96384972218362, 42.22900357187269], [-122.95889652944416, 42.22902874132361], [-122.95394333570457, 42.22905391077443]]]}, "properties": {"title": "RED DOG 151", "description": "placer | serial ORMC174369 | 20.0 ac | Active | qtr-sec OR 33 0380S 0020W 033 A NW|OR 33 0380S 0020W 032 A NE | recorded~2021 (DB date, not legal located date) | src: BLM MLRS Not Closed | boundary approx (BLM quarter-section) | do not dig here (active claim)", "stroke": "#ff3300", "stroke-width": 2, "fill": "#ff3300", "fill-opacity": 0.05, "stroke-dasharray": "1,6"}}, {"type": "Feature", "geometry": {"type": "Polygon", "coordinates": [[[-123.64171797125887, 42.67375555356674], [-123.63679652953948, 42.673779594024666], [-123.63310226599945, 42.67379769336837], [-123.63187508582001, 42.67380363448252], [-123.62777431922038, 42.67382342686402], [-123.6269585561011, 42.67382722793994], [-123.622042025382, 42.673850821397295], [-123.62204793176781, 42.67023857116909], [-123.6220538381538, 42.66662631794085], [-123.62619732776228, 42.66662114855642], [-123.62696769187541, 42.666620187484945], [-123.63188154559688, 42.666614059029044], [-123.63679541231829, 42.666607929573125], [-123.6417092800395, 42.666601799117174], [-123.64171362564912, 42.670178678342], [-123.64171797125887, 42.67375555356674]]]}, "properties": {"title": "QUARTZ 2", "description": "placer | serial ORMC174394 | 40.0 ac | Active | qtr-sec OR 33 0330S 0080W 027 A SW|OR 33 0330S 0080W 027 A SE | recorded~2021 (DB date, not legal located date) | src: BLM MLRS Not Closed | boundary approx (BLM quarter-section) | do not dig here (active claim)", "stroke": "#ff3300", "stroke-width": 2, "fill": "#ff3300", "fill-opacity": 0.05, "stroke-dasharray": "1,6"}}, {"type": "Feature", "geometry": {"type": "Polygon", "coordinates": [[[-123.53859133761502, 42.65930820121197], [-123.53614310825368, 42.65930728143869], [-123.53369488889228, 42.65930634466541], [-123.53374417059591, 42.6575200825476], [-123.53379345029951, 42.65573379042976], [-123.53389200670686, 42.65216123119412], [-123.53874654942346, 42.65216409074479], [-123.54360109313998, 42.65216691429541], [-123.54354444173867, 42.655738489527046], [-123.54348778733753, 42.659310057758574], [-123.53859133761502, 42.65930820121197]]]}, "properties": {"title": "LADYBUG 3", "description": "placer | serial ORMC174432 | 40.0 ac | Active | qtr-sec OR 33 0330S 0070W 033 A SW | recorded~2021 (DB date, not legal located date) | src: BLM MLRS Not Closed | boundary approx (BLM quarter-section) | do not dig here (active claim)", "stroke": "#ff3300", "stroke-width": 2, "fill": "#ff3300", "fill-opacity": 0.05, "stroke-dasharray": "1,6"}}, {"type": "Feature", "geometry": {"type": "Polygon", "coordinates": [[[-123.64956489490272, 42.535021055081664], [-123.64663883347365, 42.535024316351716], [-123.64465986518341, 42.53502653753433], [-123.64173405375433, 42.535029797804356], [-123.64171036013836, 42.531395754576224], [-123.64168666552241, 42.52776168434812], [-123.64658997124276, 42.527763979896264], [-123.65, 42.527765421259765], [-123.65, 42.5350205728175], [-123.64956489490272, 42.535021055081664]]]}, "properties": {"title": "ROBERTO I", "description": "placer | serial ORMC174438 | 20.0 ac | Active | qtr-sec OR 33 0350S 0080W 016 A NE | recorded~2021 (DB date, not legal located date) | src: BLM MLRS Not Closed | boundary approx (BLM quarter-section) | do not dig here (active claim)", "stroke": "#ff3300", "stroke-width": 2, "fill": "#ff3300", "fill-opacity": 0.05, "stroke-dasharray": "1,6"}}, {"type": "Feature", "geometry": {"type": "Polygon", "coordinates": [[[-123.64956489490272, 42.535021055081664], [-123.64663883347365, 42.535024316351716], [-123.64465986518341, 42.53502653753433], [-123.64173405375433, 42.535029797804356], [-123.64171036013836, 42.531395754576224], [-123.64168666552241, 42.52776168434812], [-123.64658997124276, 42.527763979896264], [-123.65, 42.527765421259765], [-123.65, 42.5350205728175], [-123.64956489490272, 42.535021055081664]]]}, "properties": {"title": "ROBERTO II", "description": "placer | serial ORMC174439 | 20.0 ac | Active | qtr-sec OR 33 0350S 0080W 016 A NE | recorded~2021 (DB date, not legal located date) | src: BLM MLRS Not Closed | boundary approx (BLM quarter-section) | do not dig here (active claim)", "stroke": "#ff3300", "stroke-width": 2, "fill": "#ff3300", "fill-opacity": 0.05, "stroke-dasharray": "1,6"}}, {"type": "Feature", "geometry": {"type": "Polygon", "coordinates": [[[-123.64171036013836, 42.531395754576224], [-123.64173405375433, 42.535029797804356], [-123.63683499503401, 42.535024669255705], [-123.63193593831352, 42.535019539707136], [-123.63191413469626, 42.531376329478135], [-123.63189235707911, 42.52773311924913], [-123.63678949680087, 42.52774752579866], [-123.64168666552241, 42.52776168434812], [-123.64171036013836, 42.531395754576224]]]}, "properties": {"title": "ROBERTO III", "description": "placer | serial ORMC174440 | 20.0 ac | Active | qtr-sec OR 33 0350S 0080W 015 A NW | recorded~2021 (DB date, not legal located date) | src: BLM MLRS Not Closed | boundary approx (BLM quarter-section) | do not dig here (active claim)", "stroke": "#ff3300", "stroke-width": 2, "fill": "#ff3300", "fill-opacity": 0.05, "stroke-dasharray": "1,6"}}, {"type": "Feature", "geometry": {"type": "Polygon", "coordinates": [[[-123.63770119538714, 42.54229432763654], [-123.6368560222632, 42.542295616714576], [-123.63400446384502, 42.54229993297787], [-123.63194393554288, 42.54230298816808], [-123.63194280936744, 42.54126398310233], [-123.6319399369281, 42.53866127693763], [-123.63193593831352, 42.535019539707136], [-123.63683499503401, 42.535024669255705], [-123.64173405375433, 42.535029797804356], [-123.64174829426864, 42.53806744999548], [-123.64175108136877, 42.53865889803265], [-123.64176810898331, 42.542287997261], [-123.63770119538714, 42.54229432763654]]]}, "properties": {"title": "ROBERTO IV", "description": "placer | serial ORMC174441 | 20.0 ac | Active | qtr-sec OR 33 0350S 0080W 010 A SW | recorded~2021 (DB date, not legal located date) | src: BLM MLRS Not Closed | boundary approx (BLM quarter-section) | do not dig here (active claim)", "stroke": "#ff3300", "stroke-width": 2, "fill": "#ff3300", "fill-opacity": 0.05, "stroke-dasharray": "1,6"}}, {"type": "Feature", "geometry": {"type": "Polygon", "coordinates": [[[-123.5586770640232, 42.644282935399964], [-123.56370010675201, 42.64421527393063], [-123.56340567036187, 42.648060240201396], [-123.56307004602209, 42.65223629049684], [-123.55820281130175, 42.65221896494653], [-123.55576919694155, 42.65221028417134], [-123.5533355755813, 42.652201602396175], [-123.55350014491805, 42.648155981124674], [-123.55365402229425, 42.644350572869286], [-123.5586770640232, 42.644282935399964]]]}, "properties": {"title": "BONAVENTURE", "description": "placer | serial ORMC174490 | 20.0 ac | Active | qtr-sec OR 33 0340S 0070W 005 A NW | recorded~2021 (DB date, not legal located date) | src: BLM MLRS Not Closed | boundary approx (BLM quarter-section) | do not dig here (active claim)", "stroke": "#ff3300", "stroke-width": 2, "fill": "#ff3300", "fill-opacity": 0.05, "stroke-dasharray": "1,6"}}, {"type": "Feature", "geometry": {"type": "Polygon", "coordinates": [[[-123.51428319252823, 42.64459861152942], [-123.51427532168192, 42.64551029458808], [-123.51426745383559, 42.64642200164672], [-123.5142595839893, 42.64733370770528], [-123.51425171414301, 42.64824541476393], [-123.51421851379175, 42.652092806011325], [-123.5141848390924, 42.653891219128646], [-123.51415116539305, 42.65568962924591], [-123.51408381299451, 42.65928644648048], [-123.50920755827032, 42.65926174293051], [-123.50433130554595, 42.65923703838048], [-123.5043592032449, 42.65744157426386], [-123.50438711594386, 42.65564609614728], [-123.50444292734187, 42.65205515291398], [-123.50451319869423, 42.64818164266136], [-123.5045467263859, 42.646337135541074], [-123.50458025307759, 42.64449265042075], [-123.50579311525895, 42.64450592230936], [-123.50700599944037, 42.64451919319794], [-123.509431722803, 42.64454561897509], [-123.51185744616565, 42.64457216175226], [-123.51428319252823, 42.64459861152942]]]}, "properties": {"title": "BONANZA BEND TWO", "description": "placer | serial ORMC176024 | 40.0 ac | Active | qtr-sec OR 33 0330S 0070W 034 A SE|OR 33 0340S 0070W 003 A NE | recorded~2021 (DB date, not legal located date) | src: BLM MLRS Not Closed | boundary approx (BLM quarter-section) | do not dig here (active claim)", "stroke": "#ff3300", "stroke-width": 2, "fill": "#ff3300", "fill-opacity": 0.05, "stroke-dasharray": "1,6"}}, {"type": "Feature", "geometry": {"type": "Polygon", "coordinates": [[[-123.22960330038767, 42.586076558071504], [-123.22759671908793, 42.58607297325623], [-123.22514696772194, 42.58606850248177], [-123.22024450798948, 42.58605963193312], [-123.22024439137407, 42.58241371369682], [-123.22024427475887, 42.578767795460486], [-123.22513504548874, 42.578771986010096], [-123.22758533285442, 42.57877408078444], [-123.22962641915895, 42.57877582659641], [-123.2296148487732, 42.58242619283399], [-123.22960330038767, 42.586076558071504]]]}, "properties": {"title": "JOE'S GOLD BAR 2", "description": "placer | serial ORMC176228 | 18.315 ac | Active | qtr-sec OR 33 0340S 0040W 030 A SW | recorded~2021 (DB date, not legal located date) | src: BLM MLRS Not Closed | boundary approx (BLM quarter-section) | do not dig here (active claim)", "stroke": "#ff3300", "stroke-width": 2, "fill": "#ff3300", "fill-opacity": 0.05, "stroke-dasharray": "1,6"}}, {"type": "Feature", "geometry": {"type": "Polygon", "coordinates": [[[-123.61244175673289, 42.589987658988875], [-123.61244084888435, 42.59088340504564], [-123.6124379853473, 42.593620935219185], [-123.61040702704797, 42.59361695340666], [-123.60754267362573, 42.59361131967096], [-123.60612012541604, 42.593608548802266], [-123.60264736190402, 42.59360172712279], [-123.60265248429589, 42.59000433089442], [-123.6027201977116, 42.58649239466568], [-123.60501499404481, 42.58646655045206], [-123.60755151941304, 42.58643798421589], [-123.61191166704597, 42.586388879809974], [-123.6119592680529, 42.58638834380553], [-123.61244549812344, 42.58638286776026], [-123.61244175673289, 42.589987658988875]]]}, "properties": {"title": "FROG", "description": "placer | serial ORMC176257 | 20.0 ac | Active | qtr-sec OR 33 0340S 0080W 026 A NE | recorded~2021 (DB date, not legal located date) | src: BLM MLRS Not Closed | boundary approx (BLM quarter-section) | do not dig here (active claim)", "stroke": "#ff3300", "stroke-width": 2, "fill": "#ff3300", "fill-opacity": 0.05, "stroke-dasharray": "1,6"}}, {"type": "Feature", "geometry": {"type": "Polygon", "coordinates": [[[-123.17079423640361, 42.62626155210084], [-123.17078224600901, 42.62984861133458], [-123.1658760612682, 42.62980313978453], [-123.16096987652722, 42.62975769223449], [-123.16096179691218, 42.626131353999895], [-123.16095895569705, 42.62486238891778], [-123.16095773660477, 42.62431818588257], [-123.16095369329736, 42.622505016765246], [-123.16341891167346, 42.62255013954068], [-123.16584651304373, 42.62259457431953], [-123.1707774287955, 42.62268318687024], [-123.17078583209955, 42.62447236998556], [-123.17079423640361, 42.62626155210084]]]}, "properties": {"title": "HAPPY DAYZ", "description": "placer | serial ORMC176581 | 40.0 ac | Active | qtr-sec OR 33 0340S 0040W 010 A SW | recorded~2021 (DB date, not legal located date) | src: BLM MLRS Not Closed | boundary approx (BLM quarter-section) | do not dig here (active claim)", "stroke": "#ff3300", "stroke-width": 2, "fill": "#ff3300", "fill-opacity": 0.05, "stroke-dasharray": "1,6"}}, {"type": "Feature", "geometry": {"type": "Polygon", "coordinates": [[[-123.14644060217641, 42.21482870336674], [-123.14770046036492, 42.21483213125266], [-123.15140407491988, 42.21484861491772], [-123.15136441854112, 42.21866758517405], [-123.15132678813076, 42.22229145441725], [-123.14634754938042, 42.22224386986604], [-123.14136831162989, 42.222196285314794], [-123.14142168604269, 42.21857278707004], [-123.14147712943286, 42.214808790815795], [-123.14280351963095, 42.214810384695525], [-123.14644060217641, 42.21482870336674]]]}, "properties": {"title": "MORE ROCKS", "description": "placer | serial ORMC176601 | 20.0 ac | Active | qtr-sec OR 33 0380S 0040W 035 A SW | recorded~2021 (DB date, not legal located date) | src: BLM MLRS Not Closed | boundary approx (BLM quarter-section) | do not dig here (active claim)", "stroke": "#ff3300", "stroke-width": 2, "fill": "#ff3300", "fill-opacity": 0.05, "stroke-dasharray": "1,6"}}, {"type": "Feature", "geometry": {"type": "Polygon", "coordinates": [[[-123.64171797125887, 42.67375555356674], [-123.63679652953948, 42.673779594024666], [-123.63310226599945, 42.67379769336837], [-123.63187508582001, 42.67380363448252], [-123.62777431922038, 42.67382342686402], [-123.6269585561011, 42.67382722793994], [-123.622042025382, 42.673850821397295], [-123.62204793176781, 42.67023857116909], [-123.6220538381538, 42.66662631794085], [-123.62619732776228, 42.66662114855642], [-123.62696769187541, 42.666620187484945], [-123.63188154559688, 42.666614059029044], [-123.63679541231829, 42.666607929573125], [-123.6417092800395, 42.666601799117174], [-123.64171362564912, 42.670178678342], [-123.64171797125887, 42.67375555356674]]]}, "properties": {"title": "QUARTZ 3", "description": "placer | serial ORMC176618 | 13.99 ac | Active | qtr-sec OR 33 0330S 0080W 027 A SW|OR 33 0330S 0080W 027 A SE | recorded~2021 (DB date, not legal located date) | src: BLM MLRS Not Closed | boundary approx (BLM quarter-section) | do not dig here (active claim)", "stroke": "#ff3300", "stroke-width": 2, "fill": "#ff3300", "fill-opacity": 0.05, "stroke-dasharray": "1,6"}}, {"type": "Feature", "geometry": {"type": "Polygon", "coordinates": [[[-123.08226784441493, 42.15266345305185], [-123.08225548700784, 42.156303246295515], [-123.07739044928007, 42.15629847873538], [-123.07252543855216, 42.1562937131752], [-123.0725370775201, 42.156086659160344], [-123.06772754079913, 42.1560744195946], [-123.06291803307812, 42.15606220802887], [-123.06291597577996, 42.15423936890748], [-123.06291100248126, 42.152415444786335], [-123.06290483769659, 42.15], [-123.08227688713887, 42.15], [-123.08226784441493, 42.15266345305185]]]}, "properties": {"title": "SPIRIT OF THE WEST", "description": "placer | serial ORMC176669 | 40.0 ac | Active | qtr-sec OR 33 0390S 0030W 028 A NW|OR 33 0390S 0030W 029 A NE | recorded~2021 (DB date, not legal located date) | src: BLM MLRS Not Closed | boundary approx (BLM quarter-section) | do not dig here (active claim)", "stroke": "#ff3300", "stroke-width": 2, "fill": "#ff3300", "fill-opacity": 0.05, "stroke-dasharray": "1,6"}}, {"type": "Feature", "geometry": {"type": "Polygon", "coordinates": [[[-123.48442107843717, 42.54600480000524], [-123.48437861581586, 42.542355883775855], [-123.48928694754152, 42.54236062632386], [-123.49419528626697, 42.54236537087177], [-123.49418062287656, 42.545994744105045], [-123.49417693718196, 42.5478091602213], [-123.49417325148734, 42.54962357533754], [-123.49174635213026, 42.54963097356172], [-123.48931945377312, 42.54963837078591], [-123.4868914994159, 42.54964604101022], [-123.48446354505856, 42.54965371023453], [-123.48444231174783, 42.54782925511988], [-123.48442107843717, 42.54600480000524]]]}, "properties": {"title": "HAWGZ GOLD", "description": "placer | serial ORMC176762 | 60.0 ac | Active | qtr-sec OR 33 0350S 0070W 011 A NE | recorded~2021 (DB date, not legal located date) | src: BLM MLRS Not Closed | boundary approx (BLM quarter-section) | do not dig here (active claim)", "stroke": "#ff3300", "stroke-width": 2, "fill": "#ff3300", "fill-opacity": 0.05, "stroke-dasharray": "1,6"}}, {"type": "Feature", "geometry": {"type": "Polygon", "coordinates": [[[-123.64148892160826, 42.49873856252549], [-123.64151377622277, 42.50237121175375], [-123.64153866483744, 42.506003838981954], [-123.63662514011484, 42.505996794434076], [-123.63171163939198, 42.50598977588612], [-123.63168511277745, 42.502359288658056], [-123.63165862016314, 42.49872880642995], [-123.63657375688574, 42.498733794977724], [-123.64148892160826, 42.49873856252549]]]}, "properties": {"title": "BJ", "description": "placer | serial ORMC176765 | 20.0 ac | Active | qtr-sec OR 33 0350S 0080W 027 A NW | recorded~2021 (DB date, not legal located date) | src: BLM MLRS Not Closed | boundary approx (BLM quarter-section) | do not dig here (active claim)", "stroke": "#ff3300", "stroke-width": 2, "fill": "#ff3300", "fill-opacity": 0.05, "stroke-dasharray": "1,6"}}, {"type": "Feature", "geometry": {"type": "Polygon", "coordinates": [[[-123.04323937438913, 42.51993450790459], [-123.04329185501047, 42.52358946013979], [-123.04334433563197, 42.52724441237491], [-123.03841756890279, 42.52730322583135], [-123.03349080117357, 42.52736203928778], [-123.03347061455558, 42.52369900804897], [-123.0334504279378, 42.52003595281015], [-123.03834490066355, 42.51998521835741], [-123.04323937438913, 42.51993450790459]]]}, "properties": {"title": "SARDINE 1", "description": "placer | serial ORMC176790 | 20.0 ac | Active | qtr-sec OR 33 0350S 0030W 015 A SE | recorded~2021 (DB date, not legal located date) | src: BLM MLRS Not Closed | boundary approx (BLM quarter-section) | do not dig here (active claim)", "stroke": "#ff3300", "stroke-width": 2, "fill": "#ff3300", "fill-opacity": 0.05, "stroke-dasharray": "1,6"}}, {"type": "Feature", "geometry": {"type": "Polygon", "coordinates": [[[-123.04323937438913, 42.51993450790459], [-123.04329185501047, 42.52358946013979], [-123.04334433563197, 42.52724441237491], [-123.03841756890279, 42.52730322583135], [-123.03349080117357, 42.52736203928778], [-123.03347061455558, 42.52369900804897], [-123.0334504279378, 42.52003595281015], [-123.03834490066355, 42.51998521835741], [-123.04323937438913, 42.51993450790459]]]}, "properties": {"title": "SARDINE 2", "description": "placer | serial ORMC176791 | 20.0 ac | Active | qtr-sec OR 33 0350S 0030W 015 A SE | recorded~2021 (DB date, not legal located date) | src: BLM MLRS Not Closed | boundary approx (BLM quarter-section) | do not dig here (active claim)", "stroke": "#ff3300", "stroke-width": 2, "fill": "#ff3300", "fill-opacity": 0.05, "stroke-dasharray": "1,6"}}, {"type": "Feature", "geometry": {"type": "Polygon", "coordinates": [[[-123.04323937438913, 42.51993450790459], [-123.04329185501047, 42.52358946013979], [-123.04334433563197, 42.52724441237491], [-123.03841756890279, 42.52730322583135], [-123.03349080117357, 42.52736203928778], [-123.03347061455558, 42.52369900804897], [-123.0334504279378, 42.52003595281015], [-123.03834490066355, 42.51998521835741], [-123.04323937438913, 42.51993450790459]]]}, "properties": {"title": "SARDINE 3", "description": "placer | serial ORMC176792 | 20.0 ac | Active | qtr-sec OR 33 0350S 0030W 015 A SE | recorded~2021 (DB date, not legal located date) | src: BLM MLRS Not Closed | boundary approx (BLM quarter-section) | do not dig here (active claim)", "stroke": "#ff3300", "stroke-width": 2, "fill": "#ff3300", "fill-opacity": 0.05, "stroke-dasharray": "1,6"}}, {"type": "Feature", "geometry": {"type": "Polygon", "coordinates": [[[-123.33328418079682, 42.61553798540632], [-123.33818293753622, 42.615607461958405], [-123.3382010061563, 42.61925373019105], [-123.33821909777647, 42.62289997442364], [-123.33330807003743, 42.62284372287372], [-123.32839948729863, 42.62278747132349], [-123.32839597098823, 42.62095774820624], [-123.32839245467791, 42.61912800208893], [-123.32838893936756, 42.61729825597161], [-123.3283854230573, 42.61546850985427], [-123.33328418079682, 42.61553798540632]]]}, "properties": {"title": "RUSTY GOLD", "description": "placer | serial ORMC176919 | 40.0 ac | Active | qtr-sec OR 33 0340S 0050W 018 A NE | recorded~2021 (DB date, not legal located date) | src: BLM MLRS Not Closed | boundary approx (BLM quarter-section) | do not dig here (active claim)", "stroke": "#ff3300", "stroke-width": 2, "fill": "#ff3300", "fill-opacity": 0.05, "stroke-dasharray": "1,6"}}, {"type": "Feature", "geometry": {"type": "Polygon", "coordinates": [[[-123.16097662913604, 42.63334768446683], [-123.16097998544055, 42.63514269258297], [-123.16098335874506, 42.636937676699105], [-123.15605926900781, 42.636930809153334], [-123.15113517427041, 42.636923932607544], [-123.15110642465127, 42.63329343537451], [-123.15107766903233, 42.629662954141445], [-123.15355072640614, 42.629686678914716], [-123.15602378477988, 42.62971033468797], [-123.16096987652722, 42.62975769223449], [-123.16097662913604, 42.63334768446683]]]}, "properties": {"title": "PLEASANT CREEK 1", "description": "placer | serial ORMC176924 | 20.0 ac | Active | qtr-sec OR 33 0340S 0040W 010 A NE | recorded~2021 (DB date, not legal located date) | src: BLM MLRS Not Closed | boundary approx (BLM quarter-section) | do not dig here (active claim)", "stroke": "#ff3300", "stroke-width": 2, "fill": "#ff3300", "fill-opacity": 0.05, "stroke-dasharray": "1,6"}}, {"type": "Feature", "geometry": {"type": "Polygon", "coordinates": [[[-123.0527470352604, 42.31851546975026], [-123.05277133456546, 42.32033857386879], [-123.05281985817582, 42.323984520105846], [-123.04776318142035, 42.323995362567196], [-123.04270647566482, 42.32400620402854], [-123.04272523006014, 42.32033334078343], [-123.04274398345564, 42.31666050453825], [-123.04523868283061, 42.31666845231163], [-123.04773338320557, 42.316676552084985], [-123.0527227819553, 42.31669259963169], [-123.0527470352604, 42.31851546975026]]]}, "properties": {"title": "FOREST CREEK 1", "description": "placer | serial ORMC176963 | 20.0 ac | Active | qtr-sec OR 33 0370S 0030W 027 A SW | recorded~2021 (DB date, not legal located date) | src: BLM MLRS Not Closed | boundary approx (BLM quarter-section) | do not dig here (active claim)", "stroke": "#ff3300", "stroke-width": 2, "fill": "#ff3300", "fill-opacity": 0.05, "stroke-dasharray": "1,6"}}, {"type": "Feature", "geometry": {"type": "Polygon", "coordinates": [[[-123.04528741361958, 42.30929765381858], [-123.0477630029931, 42.30931435159434], [-123.05271417873992, 42.30934739914575], [-123.05271633004367, 42.31118366526725], [-123.05271847934752, 42.31302001338876], [-123.05272063065136, 42.31485625151019], [-123.0527227819553, 42.31669259963169], [-123.04773338320557, 42.316676552084985], [-123.04523868283061, 42.31666845231163], [-123.04274398345564, 42.31666050453825], [-123.04276094515318, 42.314815587414444], [-123.04277793285078, 42.312970807290576], [-123.04279486654845, 42.311125918166745], [-123.0428118542461, 42.30928111004284], [-123.04528741361958, 42.30929765381858]]]}, "properties": {"title": "FOREST CREEK 2", "description": "placer | serial ORMC176964 | 20.0 ac | Active | qtr-sec OR 33 0370S 0030W 034 A NW | recorded~2021 (DB date, not legal located date) | src: BLM MLRS Not Closed | boundary approx (BLM quarter-section) | do not dig here (active claim)", "stroke": "#ff3300", "stroke-width": 2, "fill": "#ff3300", "fill-opacity": 0.05, "stroke-dasharray": "1,6"}}, {"type": "Feature", "geometry": {"type": "Polygon", "coordinates": [[[-123.04528741361958, 42.30929765381858], [-123.0477630029931, 42.30931435159434], [-123.05271417873992, 42.30934739914575], [-123.05271633004367, 42.31118366526725], [-123.05271847934752, 42.31302001338876], [-123.05272063065136, 42.31485625151019], [-123.0527227819553, 42.31669259963169], [-123.04773338320557, 42.316676552084985], [-123.04523868283061, 42.31666845231163], [-123.04274398345564, 42.31666050453825], [-123.04276094515318, 42.314815587414444], [-123.04277793285078, 42.312970807290576], [-123.04279486654845, 42.311125918166745], [-123.0428118542461, 42.30928111004284], [-123.04528741361958, 42.30929765381858]]]}, "properties": {"title": "FOREST CREEK 3", "description": "placer | serial ORMC176965 | 20.0 ac | Active | qtr-sec OR 33 0370S 0030W 034 A NW | recorded~2021 (DB date, not legal located date) | src: BLM MLRS Not Closed | boundary approx (BLM quarter-section) | do not dig here (active claim)", "stroke": "#ff3300", "stroke-width": 2, "fill": "#ff3300", "fill-opacity": 0.05, "stroke-dasharray": "1,6"}}, {"type": "Feature", "geometry": {"type": "Polygon", "coordinates": [[[-123.05271417873992, 42.30934739914575], [-123.0477630029931, 42.30931435159434], [-123.04528741361958, 42.30929765381858], [-123.0428118542461, 42.30928111004284], [-123.04282840594462, 42.307441330919374], [-123.04284499764312, 42.30560160679584], [-123.0428615633417, 42.303761828672314], [-123.04287814304037, 42.30192207654875], [-123.04779295178312, 42.30196287110421], [-123.05270779752574, 42.30200367565962], [-123.05271098913275, 42.30567553490268], [-123.05271417873992, 42.30934739914575]]]}, "properties": {"title": "FOREST CREEK 4", "description": "placer | serial ORMC176966 | 20.0 ac | Active | qtr-sec OR 33 0370S 0030W 034 A SW | recorded~2021 (DB date, not legal located date) | src: BLM MLRS Not Closed | boundary approx (BLM quarter-section) | do not dig here (active claim)", "stroke": "#ff3300", "stroke-width": 2, "fill": "#ff3300", "fill-opacity": 0.05, "stroke-dasharray": "1,6"}}, {"type": "Feature", "geometry": {"type": "Polygon", "coordinates": [[[-122.95394333570457, 42.22905391077443], [-122.94901095697067, 42.229095238224495], [-122.94851381689669, 42.22909938326987], [-122.94629745556617, 42.229113865471845], [-122.94407746123538, 42.22913002367423], [-122.94402796163168, 42.22549744643557], [-122.94397846102814, 42.22186486919688], [-122.94890255076388, 42.221841678748966], [-122.95383090050028, 42.22181918730068], [-122.95388713010236, 42.22543656053761], [-122.95394333570457, 42.22905391077443]]]}, "properties": {"title": "WHISKEY AND LACE", "description": "placer | serial ORMC176968 | 20.0 ac | Active | qtr-sec OR 33 0380S 0020W 033 A NW | recorded~2021 (DB date, not legal located date) | src: BLM MLRS Not Closed | boundary approx (BLM quarter-section) | do not dig here (active claim)", "stroke": "#ff3300", "stroke-width": 2, "fill": "#ff3300", "fill-opacity": 0.05, "stroke-dasharray": "1,6"}}, {"type": "Feature", "geometry": {"type": "Polygon", "coordinates": [[[-123.52367315930016, 42.49889136837908], [-123.51878762657071, 42.49883744482515], [-123.51390209384115, 42.49878352127121], [-123.5138877512267, 42.49513855803941], [-123.51387338461244, 42.49149357980754], [-123.5187628983389, 42.491526073359864], [-123.52365243606528, 42.49155857591221], [-123.52366279768263, 42.49522498314569], [-123.52367315930016, 42.49889136837908]]]}, "properties": {"title": "PICKETT CREEK ONE", "description": "placer | serial ORMC177105 | 20.0 ac | Active | qtr-sec OR 33 0350S 0070W 027 A SW | recorded~2021 (DB date, not legal located date) | src: BLM MLRS Not Closed | boundary approx (BLM quarter-section) | do not dig here (active claim)", "stroke": "#ff3300", "stroke-width": 2, "fill": "#ff3300", "fill-opacity": 0.05, "stroke-dasharray": "1,6"}}, {"type": "Feature", "geometry": {"type": "Polygon", "coordinates": [[[-123.2105816898569, 42.611560737476196], [-123.21056604446993, 42.615199135713276], [-123.20560223472856, 42.61519485117107], [-123.20063842398704, 42.61519054462879], [-123.20069416337948, 42.61154893338773], [-123.20072711276796, 42.60790267114837], [-123.20567361950809, 42.60791481869285], [-123.21059733624404, 42.607922339239146], [-123.2105816898569, 42.611560737476196]]]}, "properties": {"title": "UPPER DITCH CREEK 3", "description": "placer | serial ORMC177124 | 20.0 ac | Active | qtr-sec OR 33 0340S 0040W 017 A SW | recorded~2021 (DB date, not legal located date) | src: BLM MLRS Not Closed | boundary approx (BLM quarter-section) | do not dig here (active claim)", "stroke": "#ff3300", "stroke-width": 2, "fill": "#ff3300", "fill-opacity": 0.05, "stroke-dasharray": "1,6"}}, {"type": "Feature", "geometry": {"type": "Polygon", "coordinates": [[[-123.2105816898569, 42.611560737476196], [-123.21056604446993, 42.615199135713276], [-123.20560223472856, 42.61519485117107], [-123.20063842398704, 42.61519054462879], [-123.20069416337948, 42.61154893338773], [-123.20072711276796, 42.60790267114837], [-123.20567361950809, 42.60791481869285], [-123.21059733624404, 42.607922339239146], [-123.2105816898569, 42.611560737476196]]]}, "properties": {"title": "UPPER DITCH CREEK 4", "description": "placer | serial ORMC177125 | 20.0 ac | Active | qtr-sec OR 33 0340S 0040W 017 A SW | recorded~2021 (DB date, not legal located date) | src: BLM MLRS Not Closed | boundary approx (BLM quarter-section) | do not dig here (active claim)", "stroke": "#ff3300", "stroke-width": 2, "fill": "#ff3300", "fill-opacity": 0.05, "stroke-dasharray": "1,6"}}, {"type": "Feature", "geometry": {"type": "Polygon", "coordinates": [[[-123.63679228809202, 42.65940472611964], [-123.63679352087865, 42.65814948804042], [-123.63717068096615, 42.658337679017336], [-123.63788799513651, 42.658719338974926], [-123.63853491627576, 42.65897894393131], [-123.6396036624872, 42.659298458852405], [-123.64054981564307, 42.65939711577089], [-123.64062458565454, 42.65940003076419], [-123.64121042774453, 42.65942288471129], [-123.64169995082351, 42.65946418466855], [-123.6417045774259, 42.66300025889083], [-123.6417092800395, 42.666601799117174], [-123.63679541231829, 42.666607929573125], [-123.63188154559688, 42.666614059029044], [-123.63188312298416, 42.66301239880193], [-123.6318847013716, 42.65941073557482], [-123.63679228809202, 42.65940472611964]]]}, "properties": {"title": "CRAZY GOLD STEEL", "description": "placer | serial ORMC177276 | 20.0 ac | Active | qtr-sec OR 33 0330S 0080W 034 A NW | recorded~2021 (DB date, not legal located date) | src: BLM MLRS Not Closed | boundary approx (BLM quarter-section) | do not dig here (active claim)", "stroke": "#ff3300", "stroke-width": 2, "fill": "#ff3300", "fill-opacity": 0.05, "stroke-dasharray": "1,6"}}, {"type": "Feature", "geometry": {"type": "Polygon", "coordinates": [[[-123.48442107843717, 42.54600480000524], [-123.48437861581586, 42.542355883775855], [-123.48928694754152, 42.54236062632386], [-123.49419528626697, 42.54236537087177], [-123.49418062287656, 42.545994744105045], [-123.49417693718196, 42.5478091602213], [-123.49417325148734, 42.54962357533754], [-123.49174635213026, 42.54963097356172], [-123.48931945377312, 42.54963837078591], [-123.4868914994159, 42.54964604101022], [-123.48446354505856, 42.54965371023453], [-123.48444231174783, 42.54782925511988], [-123.48442107843717, 42.54600480000524]]]}, "properties": {"title": "UPPER HAWGZ GOLD", "description": "placer | serial ORMC177308 | 20.0 ac | Active | qtr-sec OR 33 0350S 0070W 011 A NE | recorded~2021 (DB date, not legal located date) | src: BLM MLRS Not Closed | boundary approx (BLM quarter-section) | do not dig here (active claim)", "stroke": "#ff3300", "stroke-width": 2, "fill": "#ff3300", "fill-opacity": 0.05, "stroke-dasharray": "1,6"}}, {"type": "Feature", "geometry": {"type": "Polygon", "coordinates": [[[-123.20549351836165, 42.15005959072832], [-123.20792527172169, 42.15004901850747], [-123.2103570020817, 42.15003837928661], [-123.21041587337838, 42.151799929397825], [-123.21047474467518, 42.153561479509], [-123.2105924882688, 42.15708455673135], [-123.20569203054775, 42.1571331021783], [-123.20079155082657, 42.15718162462521], [-123.20071078123395, 42.15363121339758], [-123.20063003464149, 42.15008080216992], [-123.20549351836165, 42.15005959072832]]]}, "properties": {"title": "FRIENDS OF MINE", "description": "placer | serial ORMC177626 | 20.0 ac | Active | qtr-sec OR 33 0390S 0040W 029 A NW | recorded~2021 (DB date, not legal located date) | src: BLM MLRS Not Closed | boundary approx (BLM quarter-section) | do not dig here (active claim)", "stroke": "#ff3300", "stroke-width": 2, "fill": "#ff3300", "fill-opacity": 0.05, "stroke-dasharray": "1,6"}}, {"type": "Feature", "geometry": {"type": "Polygon", "coordinates": [[[-123.29385782786764, 42.591479353495835], [-123.29388161156929, 42.58969208637835], [-123.29637071094265, 42.58971095914998], [-123.29885981131602, 42.58972985092164], [-123.2988172499179, 42.593329576157664], [-123.2938340451661, 42.5932666656133], [-123.29385782786764, 42.591479353495835]]]}, "properties": {"title": "JACKS LANDING II", "description": "placer | serial ORMC177996 | 40.0 ac | Active | qtr-sec OR 33 0340S 0050W 028 A NWNE | recorded~2021 (DB date, not legal located date) | src: BLM MLRS Not Closed | boundary approx (BLM quarter-section) | do not dig here (active claim)", "stroke": "#ff3300", "stroke-width": 2, "fill": "#ff3300", "fill-opacity": 0.05, "stroke-dasharray": "1,6"}}, {"type": "Feature", "geometry": {"type": "Polygon", "coordinates": [[[-123.64151377622277, 42.50237121175375], [-123.64642057994523, 42.502383756302685], [-123.64644405155974, 42.506016466531], [-123.64153866483744, 42.506003838981954], [-123.64151377622277, 42.50237121175375]]]}, "properties": {"title": "S2 J2 K1", "description": "placer | serial ORMC177997 | 40.0 ac | Active | qtr-sec OR 33 0350S 0080W 028 A NENE | recorded~2021 (DB date, not legal located date) | src: BLM MLRS Not Closed | boundary approx (BLM quarter-section) | do not dig here (active claim)", "stroke": "#ff3300", "stroke-width": 2, "fill": "#ff3300", "fill-opacity": 0.05, "stroke-dasharray": "1,6"}}, {"type": "Feature", "geometry": {"type": "Polygon", "coordinates": [[[-123.03838124628314, 42.52364433859437], [-123.03841756890279, 42.52730322583135], [-123.03349080117357, 42.52736203928778], [-123.03347061455558, 42.52369900804897], [-123.03838124628314, 42.52364433859437]]]}, "properties": {"title": "SARDINE 4", "description": "placer | serial ORMC178011 | 20.0 ac | Active | qtr-sec OR 33 0350S 0030W 015 A NESE | recorded~2021 (DB date, not legal located date) | src: BLM MLRS Not Closed | boundary approx (BLM quarter-section) | do not dig here (active claim)", "stroke": "#ff3300", "stroke-width": 2, "fill": "#ff3300", "fill-opacity": 0.05, "stroke-dasharray": "1,6"}}, {"type": "Feature", "geometry": {"type": "Polygon", "coordinates": [[[-123.63187071029361, 42.68832432739719], [-123.62694831956975, 42.68832460585393], [-123.62202592984576, 42.688324883310614], [-123.62202723047072, 42.68612345917189], [-123.62202748339766, 42.68569467314483], [-123.62202808522825, 42.68470010508211], [-123.62202890699028, 42.68330303499404], [-123.6220293498645, 42.68256462494747], [-123.62202962278675, 42.68210812391874], [-123.62203024061085, 42.68107532485357], [-123.62336255480649, 42.68107323772988], [-123.62694940333313, 42.68106769539684], [-123.62955083571497, 42.681063654155274], [-123.63109284194131, 42.6810612680121], [-123.63186856405521, 42.6810600659401], [-123.63263513016764, 42.681058526868874], [-123.63186874015639, 42.68165378197743], [-123.63186963667431, 42.68469219816867], [-123.63187071029361, 42.68832432739719]]]}, "properties": {"title": "GOLD BALL", "description": "placer | serial ORMC178035 | 20.0 ac | Active | qtr-sec OR 33 0330S 0080W 022 A SE | recorded~2021 (DB date, not legal located date) | src: BLM MLRS Not Closed | boundary approx (BLM quarter-section) | do not dig here (active claim)", "stroke": "#ff3300", "stroke-width": 2, "fill": "#ff3300", "fill-opacity": 0.05, "stroke-dasharray": "1,6"}}, {"type": "Feature", "geometry": {"type": "Polygon", "coordinates": [[[-123.63187071029361, 42.68832432739719], [-123.62694831956975, 42.68832460585393], [-123.62202592984576, 42.688324883310614], [-123.62202723047072, 42.68612345917189], [-123.62202748339766, 42.68569467314483], [-123.62202808522825, 42.68470010508211], [-123.62202890699028, 42.68330303499404], [-123.6220293498645, 42.68256462494747], [-123.62202962278675, 42.68210812391874], [-123.62203024061085, 42.68107532485357], [-123.62336255480649, 42.68107323772988], [-123.62694940333313, 42.68106769539684], [-123.62955083571497, 42.681063654155274], [-123.63109284194131, 42.6810612680121], [-123.63186856405521, 42.6810600659401], [-123.63263513016764, 42.681058526868874], [-123.63186874015639, 42.68165378197743], [-123.63186963667431, 42.68469219816867], [-123.63187071029361, 42.68832432739719]]]}, "properties": {"title": "GOLD BELT", "description": "placer | serial ORMC178036 | 20.0 ac | Active | qtr-sec OR 33 0330S 0080W 022 A SE | recorded~2021 (DB date, not legal located date) | src: BLM MLRS Not Closed | boundary approx (BLM quarter-section) | do not dig here (active claim)", "stroke": "#ff3300", "stroke-width": 2, "fill": "#ff3300", "fill-opacity": 0.05, "stroke-dasharray": "1,6"}}, {"type": "Feature", "geometry": {"type": "Polygon", "coordinates": [[[-123.64148892160826, 42.49873856252549], [-123.64151377622277, 42.50237121175375], [-123.64153866483744, 42.506003838981954], [-123.63662514011484, 42.505996794434076], [-123.63171163939198, 42.50598977588612], [-123.63168511277745, 42.502359288658056], [-123.63165862016314, 42.49872880642995], [-123.63657375688574, 42.498733794977724], [-123.64148892160826, 42.49873856252549]]]}, "properties": {"title": "GLAD MINED", "description": "placer | serial ORMC178100 | 20.0 ac | Active | qtr-sec OR 33 0350S 0080W 027 A NW | recorded~2021 (DB date, not legal located date) | src: BLM MLRS Not Closed | boundary approx (BLM quarter-section) | do not dig here (active claim)", "stroke": "#ff3300", "stroke-width": 2, "fill": "#ff3300", "fill-opacity": 0.05, "stroke-dasharray": "1,6"}}, {"type": "Feature", "geometry": {"type": "Polygon", "coordinates": [[[-123.2891987549659, 42.56061276193244], [-123.28916253757455, 42.564255538171146], [-123.28415477882797, 42.564245325631866], [-123.27914699408124, 42.56423511109258], [-123.27919871147334, 42.56058325185172], [-123.2792504298656, 42.55693141961082], [-123.2842426876115, 42.556950800152244], [-123.28923497435729, 42.556969986693694], [-123.2891987549659, 42.56061276193244]]]}, "properties": {"title": "JUMP OFF JOE 1", "description": "placer | serial ORMC178190 | 20.0 ac | Active | qtr-sec OR 33 0350S 0050W 003 A NW | recorded~2021 (DB date, not legal located date) | src: BLM MLRS Not Closed | boundary approx (BLM quarter-section) | do not dig here (active claim)", "stroke": "#ff3300", "stroke-width": 2, "fill": "#ff3300", "fill-opacity": 0.05, "stroke-dasharray": "1,6"}}, {"type": "Feature", "geometry": {"type": "Polygon", "coordinates": [[[-123.64146408099393, 42.49510595129718], [-123.64148892160826, 42.49873856252549], [-123.63657375688574, 42.498733794977724], [-123.63165862016314, 42.49872880642995], [-123.63163211254881, 42.49509789020182], [-123.63160563393473, 42.49146700097359], [-123.63652243665729, 42.491470155521235], [-123.64143921137972, 42.491473339068875], [-123.64146408099393, 42.49510595129718]]]}, "properties": {"title": "RMT1", "description": "placer | serial ORMC178191 | 20.0 ac | Active | qtr-sec OR 33 0350S 0080W 027 A SW | recorded~2021 (DB date, not legal located date) | src: BLM MLRS Not Closed | boundary approx (BLM quarter-section) | do not dig here (active claim)", "stroke": "#ff3300", "stroke-width": 2, "fill": "#ff3300", "fill-opacity": 0.05, "stroke-dasharray": "1,6"}}, {"type": "Feature", "geometry": {"type": "Polygon", "coordinates": [[[-123.08300599359518, 42.52735574773848], [-123.08786263233098, 42.52740592229554], [-123.08799292495692, 42.531016148519925], [-123.08315526222354, 42.53096341296105], [-123.08300599359518, 42.52735574773848]]]}, "properties": {"title": "GOLDEN SLIDE", "description": "placer | serial ORMC178195 | 40.0 ac | Active | qtr-sec OR 33 0350S 0030W 017 A SENW | recorded~2021 (DB date, not legal located date) | src: BLM MLRS Not Closed | boundary approx (BLM quarter-section) | do not dig here (active claim)", "stroke": "#ff3300", "stroke-width": 2, "fill": "#ff3300", "fill-opacity": 0.05, "stroke-dasharray": "1,6"}}, {"type": "Feature", "geometry": {"type": "Polygon", "coordinates": [[[-123.25430552794226, 42.64443220756314], [-123.25919294667581, 42.644464035113536], [-123.2592178832977, 42.64810909234621], [-123.25429051055751, 42.64807335379934], [-123.25430552794226, 42.64443220756314]]]}, "properties": {"title": "GRAVY GOLD", "description": "placer | serial ORMC178442 | 20.0 ac | Active | qtr-sec OR 33 0340S 0050W 002 A SWNE | recorded~2021 (DB date, not legal located date) | src: BLM MLRS Not Closed | boundary approx (BLM quarter-section) | do not dig here (active claim)", "stroke": "#ff3300", "stroke-width": 2, "fill": "#ff3300", "fill-opacity": 0.05, "stroke-dasharray": "1,6"}}, {"type": "Feature", "geometry": {"type": "Polygon", "coordinates": [[[-123.51425171414301, 42.64824541476393], [-123.51421851379175, 42.652092806011325], [-123.5141848390924, 42.653891219128646], [-123.51174238473004, 42.653881096354105], [-123.50929993336769, 42.65387097357962], [-123.50933072006688, 42.65207398546268], [-123.50938252641869, 42.648213633212684], [-123.5118171207809, 42.64822951198832], [-123.51425171414301, 42.64824541476393]]]}, "properties": {"title": "HALF MOON", "description": "placer | serial ORMC24633 | 82.15 ac | Active | qtr-sec OR 33 0340S 0070W 003 L 2 | OR 33 0330S 0070W 034 A S2SWSE | recorded~2021 (DB date, not legal located date) | src: BLM MLRS Not Closed | boundary approx (BLM quarter-section) | do not dig here (active claim)", "stroke": "#ff3300", "stroke-width": 2, "fill": "#ff3300", "fill-opacity": 0.05, "stroke-dasharray": "1,6"}}, {"type": "Feature", "geometry": {"type": "Polygon", "coordinates": [[[-123.64180254180535, 42.58264219781134], [-123.64181369542506, 42.58629512504123], [-123.64182482504492, 42.589948075271074], [-123.64183595566497, 42.59360102550089], [-123.63938261830491, 42.59360328372778], [-123.63692923494486, 42.59360554195469], [-123.63447587458475, 42.59360780318161], [-123.63202249122457, 42.593610059408476], [-123.63202487691552, 42.59178215329272], [-123.63202726360645, 42.5899542461769], [-123.63203203598844, 42.58629843194527], [-123.63203680837049, 42.58264175671354], [-123.63204155775267, 42.57898508148178], [-123.63691647346926, 42.57898717603164], [-123.6417913891858, 42.57898924858141], [-123.64180254180535, 42.58264219781134]]]}, "properties": {"title": "FOOLS PARIDISE", "description": "placer | serial ORMC43176 | 20.66 ac | Active | qtr-sec OR 33 0340S 0080W 027 A NW|OR 33 0340S 0080W 027 A SW | recorded~2021 (DB date, not legal located date) | src: BLM MLRS Not Closed | boundary approx (BLM quarter-section) | do not dig here (active claim)", "stroke": "#ff3300", "stroke-width": 2, "fill": "#ff3300", "fill-opacity": 0.05, "stroke-dasharray": "1,6"}}, {"type": "Feature", "geometry": {"type": "Polygon", "coordinates": [[[-123.23946051140456, 42.15612957605419], [-123.23460333767959, 42.15611032149277], [-123.22978429295628, 42.1560673999263], [-123.22968495252341, 42.15351107076639], [-123.22967633736269, 42.152536115702816], [-123.22961645868429, 42.15], [-123.23938731228823, 42.15], [-123.23941760081053, 42.1525362778208], [-123.23946051140456, 42.15612957605419]]]}, "properties": {"title": "STONE OF SORROW", "description": "placer | serial ORMC57282 | 20.0 ac | Active | qtr-sec OR 33 0390S 0050W 025 A NE | recorded~2021 (DB date, not legal located date) | src: BLM MLRS Not Closed | boundary approx (BLM quarter-section) | do not dig here (active claim)", "stroke": "#ff3300", "stroke-width": 2, "fill": "#ff3300", "fill-opacity": 0.05, "stroke-dasharray": "1,6"}}, {"type": "Feature", "geometry": {"type": "Polygon", "coordinates": [[[-123.00677258404174, 42.44897459857576], [-123.00563437107569, 42.45020149676094], [-123.00491844713827, 42.451220305893756], [-123.00397096722116, 42.4525686460695], [-123.00362276240129, 42.45396089119329], [-123.00377167857346, 42.45485810423891], [-123.00857168429823, 42.454883386801086], [-123.01351827904492, 42.45490925034979], [-123.01348938864697, 42.45854000159198], [-123.01347492994803, 42.46035537771306], [-123.01346337918895, 42.46180770080994], [-123.01346049824916, 42.46217075383416], [-123.01275891314368, 42.46216976489834], [-123.00865249352638, 42.46216377627404], [-123.008537210509, 42.46216361128464], [-123.0071315972977, 42.462161523413215], [-123.00361389576874, 42.46215621873505], [-123.00117170839953, 42.46214087995771], [-122.99871162402755, 42.46212542918204], [-122.99871479041882, 42.45847840094099], [-122.99871795581024, 42.45483126069989], [-123.00275213641953, 42.4548527033319], [-123.00267368417816, 42.45347796524834], [-123.00290964506469, 42.45258577416784], [-123.00385631997788, 42.45121460199063], [-123.00492157888024, 42.44967165179118], [-123.00571195688275, 42.4489760326729], [-123.00673673190579, 42.44819227152737], [-123.0074815049646, 42.44787484543826], [-123.00770297995058, 42.44759162139924], [-123.0085481820782, 42.447596218322225], [-123.00856043308, 42.447596273321096], [-123.00790706512775, 42.44846958343854], [-123.00677258404174, 42.44897459857576]]]}, "properties": {"title": "GC&E", "description": "placer | serial ORMC6378 | 8.86 ac | Active | qtr-sec OR 33 0360S 0030W 012 A NW | recorded~2021 (DB date, not legal located date) | src: BLM MLRS Not Closed | boundary approx (BLM quarter-section) | do not dig here (active claim)", "stroke": "#ff3300", "stroke-width": 2, "fill": "#ff3300", "fill-opacity": 0.05, "stroke-dasharray": "1,6"}}, {"type": "Feature", "geometry": {"type": "Polygon", "coordinates": [[[-123.23946051140456, 42.15612957605419], [-123.23460333767959, 42.15611032149277], [-123.22978429295628, 42.1560673999263], [-123.22968495252341, 42.15351107076639], [-123.22967633736269, 42.152536115702816], [-123.22961645868429, 42.15], [-123.23938731228823, 42.15], [-123.23941760081053, 42.1525362778208], [-123.23946051140456, 42.15612957605419]]]}, "properties": {"title": "GROVER MOCK", "description": "placer | serial ORMC67325 | 10.0 ac | Active | qtr-sec OR 33 0390S 0050W 025 A NE | recorded~2021 (DB date, not legal located date) | src: BLM MLRS Not Closed | boundary approx (BLM quarter-section) | do not dig here (active claim)", "stroke": "#ff3300", "stroke-width": 2, "fill": "#ff3300", "fill-opacity": 0.05, "stroke-dasharray": "1,6"}}, {"type": "Feature", "geometry": {"type": "Polygon", "coordinates": [[[-123.23946051140456, 42.15612957605419], [-123.23460333767959, 42.15611032149277], [-123.22978429295628, 42.1560673999263], [-123.22968495252341, 42.15351107076639], [-123.22967633736269, 42.152536115702816], [-123.22961645868429, 42.15], [-123.23938731228823, 42.15], [-123.23941760081053, 42.1525362778208], [-123.23946051140456, 42.15612957605419]]]}, "properties": {"title": "MOCKING BIRD", "description": "placer | serial ORMC67326 | 20.0 ac | Active | qtr-sec OR 33 0390S 0050W 025 A NE | recorded~2021 (DB date, not legal located date) | src: BLM MLRS Not Closed | boundary approx (BLM quarter-section) | do not dig here (active claim)", "stroke": "#ff3300", "stroke-width": 2, "fill": "#ff3300", "fill-opacity": 0.05, "stroke-dasharray": "1,6"}}, {"type": "Feature", "geometry": {"type": "Polygon", "coordinates": [[[-123.63203203598844, 42.58629843194527], [-123.62714347627022, 42.58629966639706], [-123.62225489355183, 42.58630087784879], [-123.61735022283531, 42.58632763030364], [-123.6140512373565, 42.58636478361078], [-123.61244549812344, 42.58638286776026], [-123.61244933550186, 42.58270538652709], [-123.6124495314684, 42.582507228514466], [-123.61245306089447, 42.57911038529905], [-123.61681611352635, 42.57905380689249], [-123.61737685260755, 42.57904653584021], [-123.61906366885188, 42.57902466168306], [-123.61983907696417, 42.579014606610784], [-123.62230080732066, 42.57898268438139], [-123.62351839449968, 42.57898297626892], [-123.62473598267869, 42.57898326615647], [-123.6259535708577, 42.57898357404407], [-123.6261960328933, 42.57898363802162], [-123.62717118203676, 42.578983893931586], [-123.63204155775267, 42.57898508148178], [-123.63203680837049, 42.58264175671354], [-123.63203203598844, 42.58629843194527]]]}, "properties": {"title": "VALENTINE", "description": "placer | serial ORMC69062 | 20.0 ac | Active | qtr-sec OR 33 0340S 0080W 026 A SW|OR 33 0340S 0080W 027 A SE | recorded~2021 (DB date, not legal located date) | src: BLM MLRS Not Closed | boundary approx (BLM quarter-section) | do not dig here (active claim)", "stroke": "#ff3300", "stroke-width": 2, "fill": "#ff3300", "fill-opacity": 0.05, "stroke-dasharray": "1,6"}}, {"type": "Feature", "geometry": {"type": "Polygon", "coordinates": [[[-123.51670397950775, 42.64826156053794], [-123.51793011269011, 42.648269634424935], [-123.51915624587252, 42.648277707311955], [-123.51910469851623, 42.65211166356016], [-123.51421851379175, 42.652092806011325], [-123.51425171414301, 42.64824541476393], [-123.51547784732537, 42.64825348765094], [-123.51670397950775, 42.64826156053794]]]}, "properties": {"title": "QUARTER MOON", "description": "placer | serial ORMC78252 | 20.0 ac | Active | qtr-sec OR 33 0340S 0070W 003 L 3 | recorded~2021 (DB date, not legal located date) | src: BLM MLRS Not Closed | boundary approx (BLM quarter-section) | do not dig here (active claim)", "stroke": "#ff3300", "stroke-width": 2, "fill": "#ff3300", "fill-opacity": 0.05, "stroke-dasharray": "1,6"}}, {"type": "Feature", "geometry": {"type": "Polygon", "coordinates": [[[-123.63204155775267, 42.57898508148178], [-123.63203680837049, 42.58264175671354], [-123.63203203598844, 42.58629843194527], [-123.62714347627022, 42.58629966639706], [-123.62225489355183, 42.58630087784879], [-123.62227784993615, 42.582641780615084], [-123.62228360078227, 42.58172701255668], [-123.62228932862841, 42.58081222049824], [-123.62229506747454, 42.57989745243977], [-123.62230080732066, 42.57898268438139], [-123.62351839449968, 42.57898297626892], [-123.62473598267869, 42.57898326615647], [-123.6259535708577, 42.57898357404407], [-123.6261960328933, 42.57898363802162], [-123.62717118203676, 42.578983893931586], [-123.63204155775267, 42.57898508148178]]]}, "properties": {"title": "HARD LUCK 2", "description": "placer | serial ORMC89479 | 10.0 ac | Active | qtr-sec OR 33 0340S 0080W 027 A SE | recorded~2021 (DB date, not legal located date) | src: BLM MLRS Not Closed | boundary approx (BLM quarter-section) | do not dig here (active claim)", "stroke": "#ff3300", "stroke-width": 2, "fill": "#ff3300", "fill-opacity": 0.05, "stroke-dasharray": "1,6"}}, {"type": "Feature", "geometry": {"type": "Polygon", "coordinates": [[[-123.63202487691552, 42.59178215329272], [-123.63202726360645, 42.5899542461769], [-123.63203203598844, 42.58629843194527], [-123.6369228537068, 42.58629677849323], [-123.64181369542506, 42.58629512504123], [-123.64182482504492, 42.589948075271074], [-123.64183595566497, 42.59360102550089], [-123.63938261830491, 42.59360328372778], [-123.63692923494486, 42.59360554195469], [-123.63447587458475, 42.59360780318161], [-123.63202249122457, 42.593610059408476], [-123.63202487691552, 42.59178215329272]]]}, "properties": {"title": "LUCKY STRIKE 3", "description": "placer | serial ORMC92352 | 20.0 ac | Active | qtr-sec OR 33 0340S 0080W 027 A NW | recorded~2021 (DB date, not legal located date) | src: BLM MLRS Not Closed | boundary approx (BLM quarter-section) | do not dig here (active claim)", "stroke": "#ff3300", "stroke-width": 2, "fill": "#ff3300", "fill-opacity": 0.05, "stroke-dasharray": "1,6"}}, {"type": "Feature", "geometry": {"type": "Polygon", "coordinates": [[[-123.65, 42.59360002231827], [-123.65, 42.600857078037535], [-123.6467884046214, 42.60085721550135], [-123.64432994526025, 42.600857401728696], [-123.6418715098991, 42.600857424955976], [-123.63942299253877, 42.60085393318219], [-123.6369744521784, 42.60085027840833], [-123.6320773944576, 42.600843153860616], [-123.63204994284101, 42.597226618634586], [-123.63202249122457, 42.593610059408476], [-123.63447587458475, 42.59360780318161], [-123.63692923494486, 42.59360554195469], [-123.63938261830491, 42.59360328372778], [-123.64183595566497, 42.59360102550089], [-123.64429709202643, 42.59360072627336], [-123.64675820538793, 42.59360041904586], [-123.64798878556863, 42.593600270932136], [-123.64921934174933, 42.59360011881834], [-123.65, 42.59360002231827]]]}, "properties": {"title": "LUCKY STRIKE 4", "description": "placer | serial ORMC92353 | 20.0 ac | Active | qtr-sec OR 33 0340S 0080W 021 A SE|OR 33 0340S 0080W 022 A SW | recorded~2021 (DB date, not legal located date) | src: BLM MLRS Not Closed | boundary approx (BLM quarter-section) | do not dig here (active claim)", "stroke": "#ff3300", "stroke-width": 2, "fill": "#ff3300", "fill-opacity": 0.05, "stroke-dasharray": "1,6"}}, {"type": "Feature", "geometry": {"type": "Polygon", "coordinates": [[[-123.23946051140456, 42.15612957605419], [-123.23460333767959, 42.15611032149277], [-123.22978429295628, 42.1560673999263], [-123.22968495252341, 42.15351107076639], [-123.22967633736269, 42.152536115702816], [-123.22961645868429, 42.15], [-123.23938731228823, 42.15], [-123.23941760081053, 42.1525362778208], [-123.23946051140456, 42.15612957605419]]]}, "properties": {"title": "STONE OF SORROW II", "description": "placer | serial ORMC98565 | 20.0 ac | Active | qtr-sec OR 33 0390S 0050W 025 A NE | recorded~2021 (DB date, not legal located date) | src: BLM MLRS Not Closed | boundary approx (BLM quarter-section) | do not dig here (active claim)", "stroke": "#ff3300", "stroke-width": 2, "fill": "#ff3300", "fill-opacity": 0.05, "stroke-dasharray": "1,6"}}, {"type": "Feature", "geometry": {"type": "Polygon", "coordinates": [[[-123.27919871147334, 42.56058325185172], [-123.27914699408124, 42.56423511109258], [-123.27421546134555, 42.56422384154615], [-123.26928392760972, 42.564212570999715], [-123.26935933800395, 42.56055259875604], [-123.26943475039846, 42.556892628512294], [-123.27434259013211, 42.55691212106154], [-123.2792504298656, 42.55693141961082], [-123.27919871147334, 42.56058325185172]]]}, "properties": {"title": "GOLDEN AGE", "description": "placer | serial ORMC99388 | 20.0 ac | Active | qtr-sec OR 33 0350S 0050W 003 A NE | recorded~2021 (DB date, not legal located date) | src: BLM MLRS Not Closed | boundary approx (BLM quarter-section) | do not dig here (active claim)", "stroke": "#ff3300", "stroke-width": 2, "fill": "#ff3300", "fill-opacity": 0.05, "stroke-dasharray": "1,6"}}, {"type": "Feature", "geometry": {"type": "Polygon", "coordinates": [[[-123.64148892160826, 42.49873856252549], [-123.64639711333089, 42.498750939074384], [-123.65, 42.49875988242824], [-123.65, 42.506025641348224], [-123.64644405155974, 42.506016466531], [-123.64153866483744, 42.506003838981954], [-123.64151377622277, 42.50237121175375], [-123.64148892160826, 42.49873856252549]]]}, "properties": {"title": "Murphy Placer", "description": "placer | serial OR106304273 | 20.0 ac | Filed | qtr-sec OR 33 0350S 0080W 028 A NWNE|OR 33 0350S 0080W 028 A SENE|OR 33 0350S 0080W 028 A NENE|OR 33 0350S 0080W 028 A SWNE|OR 33 0350S 0080W 028 A NE | recorded~2023 (DB date, not legal located date) | src: BLM MLRS Not Closed | boundary approx (BLM quarter-section) | do not dig here (active claim)", "stroke": "#ff3300", "stroke-width": 2, "fill": "#ff3300", "fill-opacity": 0.05, "stroke-dasharray": "1,6"}}, {"type": "Feature", "geometry": {"type": "Polygon", "coordinates": [[[-123.23996827957006, 42.63714349241748], [-123.23983407617146, 42.64080987666665], [-123.23969984977296, 42.64447623791569], [-123.23715834039947, 42.64450784415263], [-123.2346168070259, 42.64453945138953], [-123.23207529665233, 42.64457105862636], [-123.22953376427864, 42.64460266586332], [-123.22953347297106, 42.64278844874615], [-123.22953318166348, 42.64097420962897], [-123.22953264504847, 42.63734575339462], [-123.23475047380934, 42.63724461090607], [-123.23996827957006, 42.63714349241748]]]}, "properties": {"title": "Grave Creek Harvest", "description": "placer | serial OR106301457 | 20.0 ac | Active | qtr-sec OR 33 0340S 0050W 001 A SE|OR 33 0340S 0050W 001 A SENESE|OR 33 0340S 0050W 001 A SWNESE|OR 33 0340S 0050W 001 A SWSE|OR 33 0340S 0050W 001 A NENESE|OR 33 0340S 0050W 001 A NWSE|OR 33 0340S 0050W 001 A SESE|OR 33 0340S 0050W 001 A NWNESE | recorded~2023 (DB date, not legal located date) | src: BLM MLRS Not Closed | boundary approx (BLM quarter-section) | do not dig here (active claim)", "stroke": "#ff3300", "stroke-width": 2, "fill": "#ff3300", "fill-opacity": 0.05, "stroke-dasharray": "1,6"}}, {"type": "Feature", "geometry": {"type": "Polygon", "coordinates": [[[-123.01378429342897, 42.53458670657275], [-123.01873846517562, 42.534603540118724], [-123.02369263592213, 42.53462039666467], [-123.0237024385383, 42.53827942290416], [-123.02371224115464, 42.54193847314355], [-123.02122574977932, 42.5419260793713], [-123.01873928040399, 42.54191360759896], [-123.0137663206531, 42.54188874205434], [-123.01377530704097, 42.53823772381361], [-123.01378429342897, 42.53458670657275]]]}, "properties": {"title": "Swedish Fish", "description": "placer | serial OR105283661 | 20.0 ac | Active | qtr-sec OR 33 0350S 0030W 011 A SWSE|OR 33 0350S 0030W 011 A NWSE|OR 33 0350S 0030W 011 A SESE|OR 33 0350S 0030W 011 A NESE | recorded~2023 (DB date, not legal located date) | src: BLM MLRS Not Closed | boundary approx (BLM quarter-section) | do not dig here (active claim)", "stroke": "#ff3300", "stroke-width": 2, "fill": "#ff3300", "fill-opacity": 0.05, "stroke-dasharray": "1,6"}}, {"type": "Feature", "geometry": {"type": "Polygon", "coordinates": [[[-123.21032089343248, 42.59152677620224], [-123.21032103374127, 42.59335540532074], [-123.20784606637152, 42.593352064548725], [-123.20537110000171, 42.59334872377669], [-123.2053746106944, 42.591525938658165], [-123.20537808438715, 42.589703130539654], [-123.2078494307554, 42.58970063931165], [-123.21032075312368, 42.5896981480837], [-123.21032089343248, 42.59152677620224]]]}, "properties": {"title": "Ditch Creek 1", "description": "placer | serial OR105297081 | 20.0 ac | Active | qtr-sec OR 33 0340S 0040W 029 A East Half of  the NWNW | recorded~2023 (DB date, not legal located date) | src: BLM MLRS Not Closed | boundary approx (BLM quarter-section) | do not dig here (active claim)", "stroke": "#ff3300", "stroke-width": 2, "fill": "#ff3300", "fill-opacity": 0.05, "stroke-dasharray": "1,6"}}, {"type": "Feature", "geometry": {"type": "Polygon", "coordinates": [[[-123.21032047350621, 42.58604086684659], [-123.21032061381493, 42.58786950796517], [-123.21032075312368, 42.5896981480837], [-123.2078494307554, 42.58970063931165], [-123.20537808438715, 42.589703130539654], [-123.20538159807992, 42.587880276421124], [-123.20538334492633, 42.586968849361845], [-123.20538509177273, 42.58605732830259], [-123.20661893695612, 42.58605326118858], [-123.20785278213951, 42.58604913107462], [-123.21032047350621, 42.58604086684659]]]}, "properties": {"title": "Ditch Creek 2", "description": "placer | serial OR105297080 | 20.0 ac | Active | qtr-sec OR 33 0340S 0040W 029 A East Half of  the SWNW | recorded~2023 (DB date, not legal located date) | src: BLM MLRS Not Closed | boundary approx (BLM quarter-section) | do not dig here (active claim)", "stroke": "#ff3300", "stroke-width": 2, "fill": "#ff3300", "fill-opacity": 0.05, "stroke-dasharray": "1,6"}}, {"type": "Feature", "geometry": {"type": "Polygon", "coordinates": [[[-123.35759200729447, 42.2436512480804], [-123.35759239988903, 42.24725939431604], [-123.35759279248376, 42.250867538551596], [-123.3526848427624, 42.25090041400024], [-123.34777689104088, 42.25093328844892], [-123.34778365386464, 42.24985772437801], [-123.34779892246674, 42.24742948221797], [-123.34780022744988, 42.2473262052111], [-123.34782223786574, 42.243761045976136], [-123.34782279385871, 42.2437175739733], [-123.35270740157665, 42.24368441152685], [-123.35759200729447, 42.2436512480804]]]}, "properties": {"title": "Powell's Gold", "description": "placer | serial OR105753688 | 20.0 ac | Active | qtr-sec OR 33 0380S 0060W 024 A NWSE|OR 33 0380S 0060W 024 A NESE|OR 33 0380S 0060W 024 A SWSE|OR 33 0380S 0060W 024 A SESE | recorded~2023 (DB date, not legal located date) | src: BLM MLRS Not Closed | boundary approx (BLM quarter-section) | do not dig here (active claim)", "stroke": "#ff3300", "stroke-width": 2, "fill": "#ff3300", "fill-opacity": 0.05, "stroke-dasharray": "1,6"}}, {"type": "Feature", "geometry": {"type": "Polygon", "coordinates": [[[-123.20063003464149, 42.15008080216992], [-123.20071078123395, 42.15363121339758], [-123.20079155082657, 42.15718162462521], [-123.19589107010523, 42.157230147072106], [-123.19099058938377, 42.15727866951902], [-123.19094681679213, 42.15370052828603], [-123.1909030672007, 42.150122387053045], [-123.19576655092118, 42.15010159461149], [-123.20063003464149, 42.15008080216992]]]}, "properties": {"title": "Kiss Mine", "description": "placer | serial OR105762158 | 20.0 ac | Filed | qtr-sec OR 33 0390S 0040W 029 A NENE|OR 33 0390S 0040W 029 A SWNE|OR 33 0390S 0040W 029 A NWNE|OR 33 0390S 0040W 029 A SENE | recorded~2023 (DB date, not legal located date) | src: BLM MLRS Not Closed | boundary approx (BLM quarter-section) | do not dig here (active claim)", "stroke": "#ff3300", "stroke-width": 2, "fill": "#ff3300", "fill-opacity": 0.05, "stroke-dasharray": "1,6"}}, {"type": "Feature", "geometry": {"type": "Polygon", "coordinates": [[[-123.22983161957983, 42.21473454679247], [-123.22985076216017, 42.218249680022254], [-123.22985098916732, 42.2182929860251], [-123.22987035975491, 42.22185103025775], [-123.22987544634564, 42.2254400974936], [-123.22988054193652, 42.22902916572947], [-123.2247183831768, 42.22907835320158], [-123.2246656711691, 42.22907884520642], [-123.2197926414518, 42.22912527265205], [-123.21486685172661, 42.22917221210253], [-123.20994108600135, 42.22921917455301], [-123.2100974314301, 42.225602755300436], [-123.21025379985895, 42.22198635904777], [-123.21037824728326, 42.218370173798014], [-123.21050271770773, 42.21475398754823], [-123.21535525842782, 42.21474229910703], [-123.22020803214782, 42.21473058666577], [-123.22501971086386, 42.21473256522913], [-123.22983161957983, 42.21473454679247]]]}, "properties": {"title": "Legacy of Lowell", "description": "placer | serial OR105762159 | 20.0 ac | Active | qtr-sec OR 33 0380S 0040W 031 A Government Lot 1|OR 33 0380S 0040W 031 A Government Lot 2|OR 33 0380S 0040W 031 A SENW|OR 33 0380S 0040W 031 A NENW | recorded~2023 (DB date, not legal located date) | src: BLM MLRS Not Closed | boundary approx (BLM quarter-section) | do not dig here (active claim)", "stroke": "#ff3300", "stroke-width": 2, "fill": "#ff3300", "fill-opacity": 0.05, "stroke-dasharray": "1,6"}}, {"type": "Feature", "geometry": {"type": "Polygon", "coordinates": [[[-123.17561961626069, 42.69189670090529], [-123.17562255810762, 42.690993969846666], [-123.17562548195451, 42.69009119178799], [-123.17562840480144, 42.689188437729385], [-123.17563132764838, 42.68828554367075], [-123.17810408201852, 42.688289035442125], [-123.18057686038863, 42.688292458213525], [-123.18058198300254, 42.69189791144606], [-123.17810079963158, 42.69189731567571], [-123.17561961626069, 42.69189670090529]]]}, "properties": {"title": "Goldopolis", "description": "placer | serial OR105801780 | 80.0 ac | Active | qtr-sec OR 33 0330S 0040W 021 RemainderAliquotPartNENENE | OR 33 0330S 0040W 021 RemainderAliquotPartNENESENE | OR 33 0330S 0040W 021 RemainderAliquotPartNENWNE | OR 33 0330S 0040W 021 RemainderAliquotPartNENWSENE | OR 33 0330S 0040W 021 RemainderAliquotPartNESESENE | OR 33 0330S 0040W 021 RemainderAliquotPartNESWSENE | OR 33 0330S 0040W 021 RemainderAliquotPartNWNENE | OR 33 0330S 0040W 021 RemainderAliquotPartNWNESENE | OR 33 0330S 0040W 021 RemainderAliquotPartNWNWNE | OR 33 0330S 0040W 021 RemainderAliquotPartNWNWSENE | OR 33 0330S 0040W 021 RemainderAliquotPartNWSESENE | OR 33 0330S 0040W 021 RemainderAliquotPartNWSWSENE | OR 33 0330S 0040W 021 RemainderAliquotPartSENENE | OR 33 0330S 0040W 021 RemainderAliquotPartSENESENE | OR 33 0330S 0040W 021 RemainderAliquotPartSENWNE | OR 33 0330S 0040W 021 RemainderAliquotPartSENWSENE | OR 33 0330S 0040W 021 RemainderAliquotPartSESESENE | OR 33 0330S 0040W 021 RemainderAliquotPartSESWSENE | OR 33 0330S 0040W 021 RemainderAliquotPartSWNENE | OR 33 0330S 0040W 021 RemainderAliquotPartSWNESENE | OR 33 0330S 0040W 021 RemainderAliquotPartSWNWNE | OR 33 0330S 0040W 021 RemainderAliquotPartSWNWSENE | OR 33 0330S 0040W 021 RemainderAliquotPartSWSESENE | OR 33 0330S 0040W 021 RemainderAliquotPartSWSWSENE | OR 33 0330S 0040W 021 SENE | OR 33 0330S 0040W 021 SWNE | recorded~2023 (DB date, not legal located date) | src: BLM MLRS Not Closed | boundary approx (BLM quarter-section) | do not dig here (active claim)", "stroke": "#ff3300", "stroke-width": 2, "fill": "#ff3300", "fill-opacity": 0.05, "stroke-dasharray": "1,6"}}, {"type": "Feature", "geometry": {"type": "Polygon", "coordinates": [[[-123.23952417009237, 42.59333710162681], [-123.23947681370935, 42.59703105387022], [-123.23942945632655, 42.6007250051135], [-123.23452010459468, 42.60072416756634], [-123.22956716685461, 42.600713764022515], [-123.22955546323226, 42.597041011785855], [-123.22954376461004, 42.593368253549166], [-123.23455502835519, 42.59335719608636], [-123.23952417009237, 42.59333710162681]]]}, "properties": {"title": "Henry", "description": "placer | serial OR105823000 | 20.0 ac | Filed | qtr-sec OR 33 0340S 0050W 024 A SESE|OR 33 0340S 0050W 024 A SWSE|OR 33 0340S 0050W 024 A NESE|OR 33 0340S 0050W 024 A NWSE|OR 33 0340S 0050W 024 A SE | recorded~2023 (DB date, not legal located date) | src: BLM MLRS Not Closed | boundary approx (BLM quarter-section) | do not dig here (active claim)", "stroke": "#ff3300", "stroke-width": 2, "fill": "#ff3300", "fill-opacity": 0.05, "stroke-dasharray": "1,6"}}, {"type": "Feature", "geometry": {"type": "Polygon", "coordinates": [[[-123.26603795404398, 42.49831400902888], [-123.26848805640805, 42.4983109658036], [-123.26849269471472, 42.500134767921494], [-123.26849733702147, 42.50195861303938], [-123.26603745565595, 42.5019613792656], [-123.2635776012904, 42.501964088491796], [-123.26358270898515, 42.500140519372984], [-123.26359091783863, 42.49926006431508], [-123.26359825670765, 42.49847300126337], [-123.26358784967994, 42.4983169682542], [-123.26603795404398, 42.49831400902888]]]}, "properties": {"title": "Columbia", "description": "placer | serial OR105260915 | 20.0 ac | Active | qtr-sec OR 33 0350S 0050W 026 A SWNW|OR 33 0350S 0050W 026 A SWNW | recorded~2023 (DB date, not legal located date) | src: BLM MLRS Not Closed | boundary approx (BLM quarter-section) | do not dig here (active claim)", "stroke": "#ff3300", "stroke-width": 2, "fill": "#ff3300", "fill-opacity": 0.05, "stroke-dasharray": "1,6"}}, {"type": "Feature", "geometry": {"type": "Polygon", "coordinates": [[[-123.45524818484063, 42.520552844063005], [-123.45036826312038, 42.52055957351268], [-123.44548831839998, 42.5205663029623], [-123.44544885277999, 42.516914679731684], [-123.44540938716014, 42.513263033501026], [-123.45032318588714, 42.513266293049014], [-123.45523696061404, 42.513269528597036], [-123.45524259622776, 42.5169140038302], [-123.45524818484063, 42.520552844063005]]]}, "properties": {"title": "Jump Off Joe 1", "description": "placer | serial OR106318304 | 20.0 ac | Active | qtr-sec OR 33 0350S 0060W 019 A NE | recorded~2023 (DB date, not legal located date) | src: BLM MLRS Not Closed | boundary approx (BLM quarter-section) | do not dig here (active claim)", "stroke": "#ff3300", "stroke-width": 2, "fill": "#ff3300", "fill-opacity": 0.05, "stroke-dasharray": "1,6"}}, {"type": "Feature", "geometry": {"type": "Polygon", "coordinates": [[[-123.22953376427864, 42.64460266586332], [-123.22953347297106, 42.64278844874615], [-123.22953318166348, 42.64097420962897], [-123.22953264504847, 42.63734575339462], [-123.23475047380934, 42.63724461090607], [-123.23996827957006, 42.63714349241748], [-123.23983407617146, 42.64080987666665], [-123.23969984977296, 42.64447623791569], [-123.23715834039947, 42.64450784415263], [-123.2346168070259, 42.64453945138953], [-123.23207529665233, 42.64457105862636], [-123.22953376427864, 42.64460266586332]]]}, "properties": {"title": "County Line", "description": "placer | serial OR106318305 | 160.0 ac | Active | qtr-sec OR 33 0340N 0050W 001 A NESE | OR 33 0340S 0050W 001 A SE | recorded~2023 (DB date, not legal located date) | src: BLM MLRS Not Closed | boundary approx (BLM quarter-section) | do not dig here (active claim)", "stroke": "#ff3300", "stroke-width": 2, "fill": "#ff3300", "fill-opacity": 0.05, "stroke-dasharray": "1,6"}}, {"type": "Feature", "geometry": {"type": "Polygon", "coordinates": [[[-123.35714550634728, 42.61558112720537], [-123.3522360626317, 42.61565917266383], [-123.34732659491603, 42.61573724112227], [-123.34731807229771, 42.6120918578889], [-123.34730954967952, 42.60844649765548], [-123.35224348839058, 42.60831981419176], [-123.35717742610144, 42.60819310772805], [-123.35716147772428, 42.61188712896671], [-123.35714550634728, 42.61558112720537]]]}, "properties": {"title": "New Dandy", "description": "placer | serial OR106319339 | 160.0 ac | Active | qtr-sec OR 33 0340S 0060W 013 A SE | recorded~2023 (DB date, not legal located date) | src: BLM MLRS Not Closed | boundary approx (BLM quarter-section) | do not dig here (active claim)", "stroke": "#ff3300", "stroke-width": 2, "fill": "#ff3300", "fill-opacity": 0.05, "stroke-dasharray": "1,6"}}, {"type": "Feature", "geometry": {"type": "Polygon", "coordinates": [[[-123.21678450218536, 42.33924563416291], [-123.21931697855734, 42.33921514492987], [-123.2192794791761, 42.34298082318007], [-123.21926072948558, 42.34486367630522], [-123.21924198179504, 42.34674653043028], [-123.21667608741686, 42.34676974266603], [-123.21411019303864, 42.346792982901704], [-123.20897840528205, 42.34683946337315], [-123.2090827386755, 42.34308814511764], [-123.20918707306913, 42.33933682686209], [-123.21425202481335, 42.33927609639601], [-123.21551827699938, 42.339260879279465], [-123.21678450218536, 42.33924563416291]]]}, "properties": {"title": "Spalletta Placer", "description": "placer | serial OR106320654 | 120.0 ac | Active | qtr-sec OR 33 0370S 0040W 018 A SE | OR 33 0370S 0040W 019 A NE | recorded~2023 (DB date, not legal located date) | src: BLM MLRS Not Closed | boundary approx (BLM quarter-section) | do not dig here (active claim)", "stroke": "#ff3300", "stroke-width": 2, "fill": "#ff3300", "fill-opacity": 0.05, "stroke-dasharray": "1,6"}}, {"type": "Feature", "geometry": {"type": "Polygon", "coordinates": [[[-123.26234127804095, 42.614332464878714], [-123.25911000760237, 42.61458473719322], [-123.25913659642437, 42.61350917612131], [-123.25917559516341, 42.61193228401589], [-123.25919696902025, 42.61106727095804], [-123.25928390743829, 42.60754978172285], [-123.26431167614253, 42.60728677624194], [-123.26933944484665, 42.60702376976097], [-123.2692953944125, 42.610408242983496], [-123.26925136597855, 42.613792693206], [-123.26418068629056, 42.61418871469964], [-123.26234127804095, 42.614332464878714]]]}, "properties": {"title": "Dutch Glory", "description": "placer | serial OR106322362 | 770.82 ac | Filed | qtr-sec OR 33 0340S 0050W 014 A SW | OR 33 0340S 0050W 014 A SW | OR 33 0340S 0050W 014 A SW | recorded~2023 (DB date, not legal located date) | src: BLM MLRS Not Closed | boundary approx (BLM quarter-section) | do not dig here (active claim)", "stroke": "#ff3300", "stroke-width": 2, "fill": "#ff3300", "fill-opacity": 0.05, "stroke-dasharray": "1,6"}}, {"type": "Feature", "geometry": {"type": "Polygon", "coordinates": [[[-123.2494181092086, 42.64440035701273], [-123.24939001851278, 42.646218881132675], [-123.24694947615222, 42.64623743735942], [-123.24698854484974, 42.64441936523851], [-123.2494181092086, 42.64440035701273]]]}, "properties": {"title": "Overlooked", "description": "placer | serial OR106323746 | 1430.8 ac | Active | qtr-sec OR 33 0340S 0050W 001 Lot5 | OR 33 0340S 0050W 001 Lot6 | OR 33 0340S 0050W 001 NENW | OR 33 0340S 0050W 001 NESENW | OR 33 0340S 0050W 001 NESWNW | OR 33 0340S 0050W 001 NWNW | OR 33 0340S 0050W 001 NWNW | OR 33 0340S 0050W 001 NWSENW | OR 33 0340S 0050W 001 NWSWNW | OR 33 0340S 0050W 001 SESENW | OR 33 0340S 0050W 001 SESWNW | OR 33 0340S 0050W 001 SWSENW | OR 33 0340S 0050W 001 SWSWNW | recorded~2023 (DB date, not legal located date) | src: BLM MLRS Not Closed | boundary approx (BLM quarter-section) | do not dig here (active claim)", "stroke": "#ff3300", "stroke-width": 2, "fill": "#ff3300", "fill-opacity": 0.05, "stroke-dasharray": "1,6"}}, {"type": "Feature", "geometry": {"type": "Polygon", "coordinates": [[[-123.2975594395878, 42.50937198884883], [-123.29759090974088, 42.51025595790313], [-123.29759034589097, 42.51114989996107], [-123.29758978204104, 42.51204384201898], [-123.29756241518855, 42.51294637307994], [-123.29635856200741, 42.51293318718978], [-123.29512790582366, 42.51292858630262], [-123.29389725064, 42.51292399641548], [-123.29264123645389, 42.51292784853121], [-123.28772005771911, 42.51290913098243], [-123.28772530311116, 42.509284744747234], [-123.28772791180725, 42.50747256562956], [-123.2877305475034, 42.50566038551192], [-123.29264350724533, 42.505728995064786], [-123.29755646398712, 42.50579763161768], [-123.2975594395878, 42.50937198884883]]]}, "properties": {"title": "Golden Joe", "description": "placer | serial OR106324326 | 200.0 ac | Active | qtr-sec OR 33 0350S 0050W 021 A SE | recorded~2023 (DB date, not legal located date) | src: BLM MLRS Not Closed | boundary approx (BLM quarter-section) | do not dig here (active claim)", "stroke": "#ff3300", "stroke-width": 2, "fill": "#ff3300", "fill-opacity": 0.05, "stroke-dasharray": "1,6"}}, {"type": "Feature", "geometry": {"type": "Polygon", "coordinates": [[[-123.63205241095756, 42.57427339018263], [-123.63205031114309, 42.57537269025243], [-123.63204155775267, 42.57898508148178], [-123.62717118203676, 42.578983893931586], [-123.6261960328933, 42.57898363802162], [-123.6259535708577, 42.57898357404407], [-123.62473598267869, 42.57898326615647], [-123.62351839449968, 42.57898297626892], [-123.62230080732066, 42.57898268438139], [-123.62228592870535, 42.57535657915317], [-123.62227105009016, 42.57173049792495], [-123.62715586081111, 42.57174828547505], [-123.62796528193046, 42.571750427400424], [-123.6283871159928, 42.571752779361645], [-123.6320568535333, 42.5717602760232], [-123.63205685368597, 42.57266331008037], [-123.63205241095756, 42.57427339018263]]]}, "properties": {"title": "Rich Gulch", "description": "placer | serial OR106329144 | 400.0 ac | Active | qtr-sec OR 33 0340S 0080W 034 NENW | OR 33 0340S 0080W 034 NWNW | OR 33 0340S 0080W 034 SENW | OR 33 0340S 0080W 034 SWNW | OR 33 0340S 0080W 034 A NE | recorded~2023 (DB date, not legal located date) | src: BLM MLRS Not Closed | boundary approx (BLM quarter-section) | do not dig here (active claim)", "stroke": "#ff3300", "stroke-width": 2, "fill": "#ff3300", "fill-opacity": 0.05, "stroke-dasharray": "1,6"}}, {"type": "Feature", "geometry": {"type": "Polygon", "coordinates": [[[-123.6259535708577, 42.57898357404407], [-123.6261960328933, 42.57898363802162], [-123.62717118203676, 42.578983893931586], [-123.63204155775267, 42.57898508148178], [-123.63691647346926, 42.57898717603164], [-123.6417913891858, 42.57898924858141], [-123.64180254180535, 42.58264219781134], [-123.64181369542506, 42.58629512504123], [-123.64182482504492, 42.589948075271074], [-123.64183595566497, 42.59360102550089], [-123.63938261830491, 42.59360328372778], [-123.63692923494486, 42.59360554195469], [-123.63447587458475, 42.59360780318161], [-123.63202249122457, 42.593610059408476], [-123.62711577150421, 42.59361460086229], [-123.62619631536924, 42.59361544694733], [-123.62220902778373, 42.59361911731603], [-123.62223196116769, 42.58995999808246], [-123.62225489355183, 42.58630087784879], [-123.62227784993615, 42.582641780615084], [-123.62228360078227, 42.58172701255668], [-123.62228932862841, 42.58081222049824], [-123.62229506747454, 42.57989745243977], [-123.62230080732066, 42.57898268438139], [-123.62351839449968, 42.57898297626892], [-123.62473598267869, 42.57898326615647], [-123.6259535708577, 42.57898357404407]]]}, "properties": {"title": "Camp Wait-A-While", "description": "placer | serial OR106329146 | 1200.0 ac | Active | qtr-sec OR 33 0340S 0080W 027 NENE | OR 33 0340S 0080W 027 NESE | OR 33 0340S 0080W 027 NESW | OR 33 0340S 0080W 027 NWNE | OR 33 0340S 0080W 027 NWNW | OR 33 0340S 0080W 027 NWSE | OR 33 0340S 0080W 027 NWSW | OR 33 0340S 0080W 027 RemainderAliquotPartNENENW | OR 33 0340S 0080W 027 RemainderAliquotPartNENESESE | OR 33 0340S 0080W 027 RemainderAliquotPartNENWSESE | OR 33 0340S 0080W 027 RemainderAliquotPartNESESESE | OR 33 0340S 0080W 027 RemainderAliquotPartNESWSESE | OR 33 0340S 0080W 027 RemainderAliquotPartNWNENW | OR 33 0340S 0080W 027 RemainderAliquotPartNWNESESE | OR 33 0340S 0080W 027 RemainderAliquotPartNWNWSESE | OR 33 0340S 0080W 027 RemainderAliquotPartNWSESESE | OR 33 0340S 0080W 027 RemainderAliquotPartNWSWSESE | OR 33 0340S 0080W 027 RemainderAliquotPartSENENW | OR 33 0340S 0080W 027 RemainderAliquotPartSENESESE | OR 33 0340S 0080W 027 RemainderAliquotPartSENWSESE | OR 33 0340S 0080W 027 RemainderAliquotPartSESESESE | OR 33 0340S 0080W 027 RemainderAliquotPartSESWSESE | OR 33 0340S 0080W 027 RemainderAliquotPartSWNENW | OR 33 0340S 0080W 027 RemainderAliquotPartSWNESESE | OR 33 0340S 0080W 027 RemainderAliquotPartSWNWSESE | OR 33 0340S 0080W 027 RemainderAliquotPartSWSESESE | OR 33 0340S 0080W 027 RemainderAliquotPartSWSWSESE | OR 33 0340S 0080W 027 SENE | OR 33 0340S 0080W 027 SENW | OR 33 0340S 0080W 027 SESW | OR 33 0340S 0080W 027 SWNE | OR 33 0340S 0080W 027 SWNW | OR 33 0340S 0080W 027 SWSE | OR 33 0340S 0080W 027 SWSW | OR 33 0340S 0080W 027 A W | recorded~2023 (DB date, not legal located date) | src: BLM MLRS Not Closed | boundary approx (BLM quarter-section) | do not dig here (active claim)", "stroke": "#ff3300", "stroke-width": 2, "fill": "#ff3300", "fill-opacity": 0.05, "stroke-dasharray": "1,6"}}, {"type": "Feature", "geometry": {"type": "Polygon", "coordinates": [[[-123.12818465638574, 42.1717141761631], [-123.1330363351085, 42.17170777272326], [-123.13303915269347, 42.17527902296011], [-123.13304194727861, 42.17885024919681], [-123.12818649655301, 42.178843194636215], [-123.12333104582736, 42.178836117075576], [-123.12333199924502, 42.17527834883924], [-123.12333297666287, 42.17172057960286], [-123.126172680086, 42.171716831345485], [-123.12818465638574, 42.1717141761631]]]}, "properties": {"title": "Lost Star", "description": "placer | serial OR106330199 | 160.0 ac | Filed | qtr-sec OR 33 0390S 0040W 013 A SW | recorded~2023 (DB date, not legal located date) | src: BLM MLRS Not Closed | boundary approx (BLM quarter-section) | do not dig here (active claim)", "stroke": "#ff3300", "stroke-width": 2, "fill": "#ff3300", "fill-opacity": 0.05, "stroke-dasharray": "1,6"}}, {"type": "Feature", "geometry": {"type": "Polygon", "coordinates": [[[-123.45524818484063, 42.520552844063005], [-123.45036826312038, 42.52055957351268], [-123.44548831839998, 42.5205663029623], [-123.44544885277999, 42.516914679731684], [-123.44540938716014, 42.513263033501026], [-123.45032318588714, 42.513266293049014], [-123.45523696061404, 42.513269528597036], [-123.45524259622776, 42.5169140038302], [-123.45524818484063, 42.520552844063005]]]}, "properties": {"title": "Jump off Joe 3", "description": "placer | serial OR106332156 | 20.0 ac | Active | qtr-sec OR 33 0350S 0060W 019 A NE | recorded~2023 (DB date, not legal located date) | src: BLM MLRS Not Closed | boundary approx (BLM quarter-section) | do not dig here (active claim)", "stroke": "#ff3300", "stroke-width": 2, "fill": "#ff3300", "fill-opacity": 0.05, "stroke-dasharray": "1,6"}}, {"type": "Feature", "geometry": {"type": "Polygon", "coordinates": [[[-123.11619476733689, 42.382364943178686], [-123.1137441869662, 42.38233843040079], [-123.11251888278082, 42.38232511851188], [-123.11129360659548, 42.3823118346229], [-123.11128425699017, 42.378677828384546], [-123.11127958268766, 42.376860811265324], [-123.11127493638509, 42.37504379414611], [-123.11621301713006, 42.375085152697885], [-123.12115112687486, 42.3751265382496], [-123.1211235274764, 42.378772184492036], [-123.12109590207818, 42.382417857734424], [-123.11619476733689, 42.382364943178686]]]}, "properties": {"title": "Lonesome Lyons", "description": "placer | serial OR106332665 | 327.44 ac | Active | qtr-sec OR 33 0370S 0030W 006 A SW | OR 33 0370S 0040W 001 A SE | recorded~2023 (DB date, not legal located date) | src: BLM MLRS Not Closed | boundary approx (BLM quarter-section) | do not dig here (active claim)", "stroke": "#ff3300", "stroke-width": 2, "fill": "#ff3300", "fill-opacity": 0.05, "stroke-dasharray": "1,6"}}, {"type": "Feature", "geometry": {"type": "Polygon", "coordinates": [[[-123.61210286173568, 42.51326909915446], [-123.60716841701274, 42.5132836656099], [-123.60223400028973, 42.51329801006526], [-123.60217300267016, 42.5096689958402], [-123.60211197805074, 42.50604000861502], [-123.60705514477476, 42.50602394315883], [-123.61199828249865, 42.506007847702655], [-123.6120505591171, 42.50963847392854], [-123.61210286173568, 42.51326909915446]]]}, "properties": {"title": "Burned Timber", "description": "placer | serial OR106333938 | 160.0 ac | Active | qtr-sec OR 33 0350S 0080W 023 A SE | recorded~2023 (DB date, not legal located date) | src: BLM MLRS Not Closed | boundary approx (BLM quarter-section) | do not dig here (active claim)", "stroke": "#ff3300", "stroke-width": 2, "fill": "#ff3300", "fill-opacity": 0.05, "stroke-dasharray": "1,6"}}, {"type": "Feature", "geometry": {"type": "Polygon", "coordinates": [[[-123.3278176227366, 42.230610257934764], [-123.32783835610425, 42.23282523507793], [-123.32783844010571, 42.23283428907849], [-123.3278430531926, 42.23335778411232], [-123.32787776270881, 42.23646261331238], [-123.32298826798832, 42.236488401758585], [-123.31809880126765, 42.236513996204756], [-123.318033698663, 42.2328990889739], [-123.31796859805837, 42.22928326674301], [-123.32288628778173, 42.22924906029384], [-123.32780400550502, 42.2292148828447], [-123.3278176227366, 42.230610257934764]]]}, "properties": {"title": "Lucky Lucy", "description": "placer | serial OR106339162 | 320.0 ac | Active | qtr-sec OR 33 0380S 0050W 029 NESE | OR 33 0380S 0050W 029 NWSE | OR 33 0380S 0050W 029 SESE | OR 33 0380S 0050W 029 SWSE | OR 33 0380S 0050W 029 A SW | recorded~2023 (DB date, not legal located date) | src: BLM MLRS Not Closed | boundary approx (BLM quarter-section) | do not dig here (active claim)", "stroke": "#ff3300", "stroke-width": 2, "fill": "#ff3300", "fill-opacity": 0.05, "stroke-dasharray": "1,6"}}, {"type": "Feature", "geometry": {"type": "Polygon", "coordinates": [[[-123.04344887787016, 42.53452348984309], [-123.03852492814252, 42.534588776299806], [-123.03360100141475, 42.534654062756516], [-123.03354588979408, 42.53100805052218], [-123.03349080117357, 42.52736203928778], [-123.03841756890279, 42.52730322583135], [-123.04334433563197, 42.52724441237491], [-123.04339660625094, 42.53088395160901], [-123.04344887787016, 42.53452348984309]]]}, "properties": {"title": "Sardine 5", "description": "placer | serial OR106340239 | 320.0 ac | Active | qtr-sec OR 33 0350S 0030W 015 NESE | OR 33 0350S 0030W 015 NWSE | OR 33 0350S 0030W 015 SESE | OR 33 0350S 0030W 015 SWSE | OR 33 0350S 0030W 015 A NE | recorded~2023 (DB date, not legal located date) | src: BLM MLRS Not Closed | boundary approx (BLM quarter-section) | do not dig here (active claim)", "stroke": "#ff3300", "stroke-width": 2, "fill": "#ff3300", "fill-opacity": 0.05, "stroke-dasharray": "1,6"}}, {"type": "Feature", "geometry": {"type": "Polygon", "coordinates": [[[-123.04344887787016, 42.53452348984309], [-123.03852492814252, 42.534588776299806], [-123.03360100141475, 42.534654062756516], [-123.03354588979408, 42.53100805052218], [-123.03349080117357, 42.52736203928778], [-123.03841756890279, 42.52730322583135], [-123.04334433563197, 42.52724441237491], [-123.04339660625094, 42.53088395160901], [-123.04344887787016, 42.53452348984309]]]}, "properties": {"title": "Sardine 6", "description": "placer | serial OR106340238 | 160.0 ac | Active | qtr-sec OR 33 0350S 0030W 015 A NE | recorded~2023 (DB date, not legal located date) | src: BLM MLRS Not Closed | boundary approx (BLM quarter-section) | do not dig here (active claim)", "stroke": "#ff3300", "stroke-width": 2, "fill": "#ff3300", "fill-opacity": 0.05, "stroke-dasharray": "1,6"}}, {"type": "Feature", "geometry": {"type": "Polygon", "coordinates": [[[-123.11182396976719, 42.16452024216641], [-123.11846518475869, 42.164521781565355], [-123.12332254448377, 42.164522969125684], [-123.12332776107323, 42.168121762364294], [-123.12333297666287, 42.17172057960286], [-123.11847279993735, 42.171719090042906], [-123.11184289694803, 42.171720994643366], [-123.11184259079961, 42.170814004583136], [-123.11183158535734, 42.16812095140511], [-123.11183125020582, 42.167194989343585], [-123.11182441384248, 42.16498012619696], [-123.11182396976719, 42.16452024216641]]]}, "properties": {"title": "Star 1", "description": "placer | serial OR106340670 | 1586.81 ac | Active | qtr-sec OR 33 0390S 0040W 024 Lot1 | OR 33 0390S 0040W 024 Lot2 | OR 33 0390S 0040W 024 A NE | recorded~2023 (DB date, not legal located date) | src: BLM MLRS Not Closed | boundary approx (BLM quarter-section) | do not dig here (active claim)", "stroke": "#ff3300", "stroke-width": 2, "fill": "#ff3300", "fill-opacity": 0.05, "stroke-dasharray": "1,6"}}, {"type": "Feature", "geometry": {"type": "Polygon", "coordinates": [[[-123.11182396976719, 42.16452024216641], [-123.11846518475869, 42.164521781565355], [-123.12332254448377, 42.164522969125684], [-123.12332776107323, 42.168121762364294], [-123.12333297666287, 42.17172057960286], [-123.11847279993735, 42.171719090042906], [-123.11184289694803, 42.171720994643366], [-123.11184259079961, 42.170814004583136], [-123.11183158535734, 42.16812095140511], [-123.11183125020582, 42.167194989343585], [-123.11182441384248, 42.16498012619696], [-123.11182396976719, 42.16452024216641]]]}, "properties": {"title": "Star 2", "description": "placer | serial OR106340671 | 1586.81 ac | Active | qtr-sec OR 33 0390S 0040W 024 Lot1 | OR 33 0390S 0040W 024 Lot2 | OR 33 0390S 0040W 024 A NE | recorded~2023 (DB date, not legal located date) | src: BLM MLRS Not Closed | boundary approx (BLM quarter-section) | do not dig here (active claim)", "stroke": "#ff3300", "stroke-width": 2, "fill": "#ff3300", "fill-opacity": 0.05, "stroke-dasharray": "1,6"}}, {"type": "Feature", "geometry": {"type": "Polygon", "coordinates": [[[-123.00855264992225, 42.47658649723445], [-123.00363722318473, 42.47658866168506], [-123.00363145358594, 42.47301335944976], [-123.00362559197795, 42.469381776210774], [-123.00854693372094, 42.469406779761535], [-123.01346830346377, 42.46943158931221], [-123.01346819107106, 42.47306417355172], [-123.01346805165971, 42.476584143783775], [-123.00855264992225, 42.47658649723445]]]}, "properties": {"title": "Sunshine Susie 2", "description": "placer | serial OR106343236 | 158.25 ac | Active | qtr-sec OR 33 0360S 0030W 001 A NW | recorded~2023 (DB date, not legal located date) | src: BLM MLRS Not Closed | boundary approx (BLM quarter-section) | do not dig here (active claim)", "stroke": "#ff3300", "stroke-width": 2, "fill": "#ff3300", "fill-opacity": 0.05, "stroke-dasharray": "1,6"}}, {"type": "Feature", "geometry": {"type": "Polygon", "coordinates": [[[-123.58275405797758, 42.67019972980918], [-123.58275416999176, 42.67028281381441], [-123.58275899559021, 42.673794549035826], [-123.58275910760439, 42.67387743904103], [-123.57785241287569, 42.67384298749377], [-123.57293712714565, 42.67380846894723], [-123.57296882854351, 42.67024354271892], [-123.5730005289415, 42.66667861349062], [-123.57789940966406, 42.666683386036915], [-123.58274923237924, 42.666688160587746], [-123.58275405797758, 42.67019972980918]]]}, "properties": {"title": "BARG", "description": "placer | serial OR106347982 | 319.73 ac | Active | qtr-sec OR 33 0330S 0070W 030 A NW | OR 33 0330S 0070W 030 A SW | recorded~2024 (DB date, not legal located date) | src: BLM MLRS Not Closed | boundary approx (BLM quarter-section) | do not dig here (active claim)", "stroke": "#ff3300", "stroke-width": 2, "fill": "#ff3300", "fill-opacity": 0.05, "stroke-dasharray": "1,6"}}, {"type": "Feature", "geometry": {"type": "Polygon", "coordinates": [[[-122.99901109166873, 42.16314223728302], [-122.99401236891212, 42.163096787732194], [-122.99398678230308, 42.159393081486556], [-122.99395889069383, 42.15568898824106], [-122.99899689349225, 42.155954431803224], [-123.00403493929049, 42.15621990936542], [-123.00402210485775, 42.1597036475997], [-123.00400927342507, 42.16318741383391], [-122.99901109166873, 42.16314223728302]]]}, "properties": {"title": "Grouse Creek", "description": "placer | serial OR106359311 | 20.0 ac | Active | qtr-sec OR 33 0390S 0030W 024 A SE | recorded~2024 (DB date, not legal located date) | src: BLM MLRS Not Closed | boundary approx (BLM quarter-section) | do not dig here (active claim)", "stroke": "#ff3300", "stroke-width": 2, "fill": "#ff3300", "fill-opacity": 0.05, "stroke-dasharray": "1,6"}}, {"type": "Feature", "geometry": {"type": "Polygon", "coordinates": [[[-123.52365243606528, 42.49155857591221], [-123.52366279768263, 42.49522498314569], [-123.52367315930016, 42.49889136837908], [-123.51878762657071, 42.49883744482515], [-123.51390209384115, 42.49878352127121], [-123.5138877512267, 42.49513855803941], [-123.51387338461244, 42.49149357980754], [-123.5187628983389, 42.491526073359864], [-123.52365243606528, 42.49155857591221]]]}, "properties": {"title": "Lady Luck", "description": "placer | serial OR106359529 | 20.0 ac | Active | qtr-sec OR 33 0350S 0070W 027 A SW | recorded~2024 (DB date, not legal located date) | src: BLM MLRS Not Closed | boundary approx (BLM quarter-section) | do not dig here (active claim)", "stroke": "#ff3300", "stroke-width": 2, "fill": "#ff3300", "fill-opacity": 0.05, "stroke-dasharray": "1,6"}}, {"type": "Feature", "geometry": {"type": "Polygon", "coordinates": [[[-123.51387338461244, 42.49149357980754], [-123.5138877512267, 42.49513855803941], [-123.51390209384115, 42.49878352127121], [-123.50899183410746, 42.49872764271939], [-123.50408155237368, 42.498671787167545], [-123.50407647576257, 42.495038045935495], [-123.50407139915156, 42.491404327703364], [-123.50897239188208, 42.49144896025542], [-123.51387338461244, 42.49149357980754]]]}, "properties": {"title": "Deuces Wild", "description": "placer | serial OR106359530 | 20.0 ac | Active | qtr-sec OR 33 0350S 0070W 027 A SE | recorded~2024 (DB date, not legal located date) | src: BLM MLRS Not Closed | boundary approx (BLM quarter-section) | do not dig here (active claim)", "stroke": "#ff3300", "stroke-width": 2, "fill": "#ff3300", "fill-opacity": 0.05, "stroke-dasharray": "1,6"}}, {"type": "Feature", "geometry": {"type": "Polygon", "coordinates": [[[-123.52365243606528, 42.49155857591221], [-123.52366279768263, 42.49522498314569], [-123.52367315930016, 42.49889136837908], [-123.51878762657071, 42.49883744482515], [-123.51390209384115, 42.49878352127121], [-123.5138877512267, 42.49513855803941], [-123.51387338461244, 42.49149357980754], [-123.5187628983389, 42.491526073359864], [-123.52365243606528, 42.49155857591221]]]}, "properties": {"title": "Gold Digger", "description": "placer | serial OR106359531 | 20.0 ac | Active | qtr-sec OR 33 0350S 0070W 027 A SW | recorded~2024 (DB date, not legal located date) | src: BLM MLRS Not Closed | boundary approx (BLM quarter-section) | do not dig here (active claim)", "stroke": "#ff3300", "stroke-width": 2, "fill": "#ff3300", "fill-opacity": 0.05, "stroke-dasharray": "1,6"}}, {"type": "Feature", "geometry": {"type": "Polygon", "coordinates": [[[-123.59252598119332, 42.46168413767218], [-123.59251871558234, 42.45804548344082], [-123.59251147397156, 42.45440682920942], [-123.59737595868533, 42.45439849376193], [-123.60224044439903, 42.45439018131448], [-123.6022413760096, 42.45803309554654], [-123.60224230762037, 42.46167603377871], [-123.59738413290691, 42.46168008622548], [-123.59252598119332, 42.46168413767218]]]}, "properties": {"title": "Upper Taylor", "description": "placer | serial OR106360826 | 40.0 ac | Active | qtr-sec OR 33 0360S 0080W 011 A NE | OR 33 0360S 0080W 012 A NW | recorded~2024 (DB date, not legal located date) | src: BLM MLRS Not Closed | boundary approx (BLM quarter-section) | do not dig here (active claim)", "stroke": "#ff3300", "stroke-width": 2, "fill": "#ff3300", "fill-opacity": 0.05, "stroke-dasharray": "1,6"}}, {"type": "Feature", "geometry": {"type": "Polygon", "coordinates": [[[-123.63160563393473, 42.49146700097359], [-123.62668883221208, 42.49146384642592], [-123.62177202848922, 42.49146066287824], [-123.62176821887833, 42.48782783164764], [-123.62176443426756, 42.48419502641702], [-123.62666862498723, 42.484190458965486], [-123.63157284270669, 42.484185697513944], [-123.63158923832063, 42.48782633574381], [-123.63160563393473, 42.49146700097359]]]}, "properties": {"title": "Taylor 34A", "description": "placer | serial OR106360894 | 20.0 ac | Active | qtr-sec OR 33 0350S 0080W 034 A NE | recorded~2024 (DB date, not legal located date) | src: BLM MLRS Not Closed | boundary approx (BLM quarter-section) | do not dig here (active claim)", "stroke": "#ff3300", "stroke-width": 2, "fill": "#ff3300", "fill-opacity": 0.05, "stroke-dasharray": "1,6"}}, {"type": "Feature", "geometry": {"type": "Polygon", "coordinates": [[[-123.63160563393473, 42.49146700097359], [-123.62668883221208, 42.49146384642592], [-123.62177202848922, 42.49146066287824], [-123.62176821887833, 42.48782783164764], [-123.62176443426756, 42.48419502641702], [-123.62666862498723, 42.484190458965486], [-123.63157284270669, 42.484185697513944], [-123.63158923832063, 42.48782633574381], [-123.63160563393473, 42.49146700097359]]]}, "properties": {"title": "Taylor 34B", "description": "placer | serial OR106360895 | 20.0 ac | Active | qtr-sec OR 33 0350S 0080W 034 A NE | recorded~2024 (DB date, not legal located date) | src: BLM MLRS Not Closed | boundary approx (BLM quarter-section) | do not dig here (active claim)", "stroke": "#ff3300", "stroke-width": 2, "fill": "#ff3300", "fill-opacity": 0.05, "stroke-dasharray": "1,6"}}, {"type": "Feature", "geometry": {"type": "Polygon", "coordinates": [[[-123.64148892160826, 42.49873856252549], [-123.64151377622277, 42.50237121175375], [-123.64153866483744, 42.506003838981954], [-123.63662514011484, 42.505996794434076], [-123.63171163939198, 42.50598977588612], [-123.63168511277745, 42.502359288658056], [-123.63165862016314, 42.49872880642995], [-123.63657375688574, 42.498733794977724], [-123.64148892160826, 42.49873856252549]]]}, "properties": {"title": "Lower Taylor 1", "description": "placer | serial OR106361099 | 20.0 ac | Filed | qtr-sec OR 33 0350S 0080W 027 A NW | recorded~2024 (DB date, not legal located date) | src: BLM MLRS Not Closed | boundary approx (BLM quarter-section) | do not dig here (active claim)", "stroke": "#ff3300", "stroke-width": 2, "fill": "#ff3300", "fill-opacity": 0.05, "stroke-dasharray": "1,6"}}, {"type": "Feature", "geometry": {"type": "Polygon", "coordinates": [[[-123.63165862016314, 42.49872880642995], [-123.63168511277745, 42.502359288658056], [-123.63171163939198, 42.50598977588612], [-123.62679811366911, 42.50598273133815], [-123.62188461494607, 42.50597571379023], [-123.62185645033159, 42.50234694956226], [-123.6218283197173, 42.498718189334305], [-123.6267434554403, 42.49872359488217], [-123.63165862016314, 42.49872880642995]]]}, "properties": {"title": "Lower Taylor 2", "description": "placer | serial OR106361100 | 20.0 ac | Active | qtr-sec OR 33 0350S 0080W 022 A SE | OR 33 0350S 0080W 027 A NE | recorded~2024 (DB date, not legal located date) | src: BLM MLRS Not Closed | boundary approx (BLM quarter-section) | do not dig here (active claim)", "stroke": "#ff3300", "stroke-width": 2, "fill": "#ff3300", "fill-opacity": 0.05, "stroke-dasharray": "1,6"}}, {"type": "Feature", "geometry": {"type": "Polygon", "coordinates": [[[-123.04549138660707, 42.27267729137015], [-123.04795185497902, 42.2726986811479], [-123.04796706498125, 42.27269881314655], [-123.04798235198358, 42.27269894514513], [-123.05287286572268, 42.272741245703386], [-123.05288944331805, 42.27633831594067], [-123.05290599891356, 42.279935364177874], [-123.04800398117582, 42.27991187162204], [-123.04310198743798, 42.279888356066195], [-123.04306645683647, 42.27627205382929], [-123.0430575816861, 42.27536797177008], [-123.04304870453578, 42.27446389071085], [-123.04303094923515, 42.272655727592365], [-123.04309190524437, 42.27265649658687], [-123.04549138660707, 42.27267729137015]]]}, "properties": {"title": "Old Sturges 1", "description": "placer | serial OR106361101 | 20.0 ac | Active | qtr-sec OR 33 0380S 0030W 010 A SW | recorded~2024 (DB date, not legal located date) | src: BLM MLRS Not Closed | boundary approx (BLM quarter-section) | do not dig here (active claim)", "stroke": "#ff3300", "stroke-width": 2, "fill": "#ff3300", "fill-opacity": 0.05, "stroke-dasharray": "1,6"}}, {"type": "Feature", "geometry": {"type": "Polygon", "coordinates": [[[-123.04310198743798, 42.279888356066195], [-123.03812481268997, 42.27987250051768], [-123.03314766094186, 42.27985662196915], [-123.03316225934343, 42.27621321772576], [-123.03317687974518, 42.27256981448232], [-123.03810427549024, 42.2726123980373], [-123.03819573150413, 42.27261356302902], [-123.0405675998627, 42.27263424681485], [-123.04303094923515, 42.272655727592365], [-123.04304870453578, 42.27446389071085], [-123.0430575816861, 42.27536797177008], [-123.04306645683647, 42.27627205382929], [-123.04310198743798, 42.279888356066195]]]}, "properties": {"title": "Old Sturges 2", "description": "placer | serial OR106361102 | 20.0 ac | Active | qtr-sec OR 33 0380S 0030W 010 A SE | recorded~2024 (DB date, not legal located date) | src: BLM MLRS Not Closed | boundary approx (BLM quarter-section) | do not dig here (active claim)", "stroke": "#ff3300", "stroke-width": 2, "fill": "#ff3300", "fill-opacity": 0.05, "stroke-dasharray": "1,6"}}, {"type": "Feature", "geometry": {"type": "Polygon", "coordinates": [[[-123.04310198743798, 42.279888356066195], [-123.03812481268997, 42.27987250051768], [-123.03314766094186, 42.27985662196915], [-123.03316225934343, 42.27621321772576], [-123.03317687974518, 42.27256981448232], [-123.03810427549024, 42.2726123980373], [-123.03819573150413, 42.27261356302902], [-123.0405675998627, 42.27263424681485], [-123.04303094923515, 42.272655727592365], [-123.04304870453578, 42.27446389071085], [-123.0430575816861, 42.27536797177008], [-123.04306645683647, 42.27627205382929], [-123.04310198743798, 42.279888356066195]]]}, "properties": {"title": "Old Sturges 3", "description": "placer | serial OR106361103 | 20.0 ac | Active | qtr-sec OR 33 0380S 0030W 010 A SE | recorded~2024 (DB date, not legal located date) | src: BLM MLRS Not Closed | boundary approx (BLM quarter-section) | do not dig here (active claim)", "stroke": "#ff3300", "stroke-width": 2, "fill": "#ff3300", "fill-opacity": 0.05, "stroke-dasharray": "1,6"}}, {"type": "Feature", "geometry": {"type": "Polygon", "coordinates": [[[-123.03442468872763, 42.265258698883], [-123.03823400830389, 42.26529345953916], [-123.04307476703602, 42.26533767410222], [-123.04308333564012, 42.26899709634457], [-123.04309190524437, 42.27265649658687], [-123.04303094923515, 42.272655727592365], [-123.0405675998627, 42.27263424681485], [-123.03819573150413, 42.27261356302902], [-123.03810427549024, 42.2726123980373], [-123.03317687974518, 42.27256981448232], [-123.03319618144639, 42.270738997358904], [-123.03321548314764, 42.26890817923544], [-123.03324570366509, 42.26595099703613], [-123.03325287455039, 42.26524796498876], [-123.03442468872763, 42.265258698883]]]}, "properties": {"title": "Old Sturges 4", "description": "placer | serial OR106361104 | 19.5 ac | Active | qtr-sec OR 33 0380S 0030W 015 A NE | OR 33 0380S 0030W 015 A NE | recorded~2024 (DB date, not legal located date) | src: BLM MLRS Not Closed | boundary approx (BLM quarter-section) | do not dig here (active claim)", "stroke": "#ff3300", "stroke-width": 2, "fill": "#ff3300", "fill-opacity": 0.05, "stroke-dasharray": "1,6"}}, {"type": "Feature", "geometry": {"type": "Polygon", "coordinates": [[[-123.03442468872763, 42.265258698883], [-123.03823400830389, 42.26529345953916], [-123.04307476703602, 42.26533767410222], [-123.04308333564012, 42.26899709634457], [-123.04309190524437, 42.27265649658687], [-123.04303094923515, 42.272655727592365], [-123.0405675998627, 42.27263424681485], [-123.03819573150413, 42.27261356302902], [-123.03810427549024, 42.2726123980373], [-123.03317687974518, 42.27256981448232], [-123.03319618144639, 42.270738997358904], [-123.03321548314764, 42.26890817923544], [-123.03324570366509, 42.26595099703613], [-123.03325287455039, 42.26524796498876], [-123.03442468872763, 42.265258698883]]]}, "properties": {"title": "Old Sturges 5", "description": "placer | serial OR106361105 | 19.58 ac | Active | qtr-sec OR 33 0380S 0030W 015 A NE | OR 33 0380S 0030W 015 A NE | recorded~2024 (DB date, not legal located date) | src: BLM MLRS Not Closed | boundary approx (BLM quarter-section) | do not dig here (active claim)", "stroke": "#ff3300", "stroke-width": 2, "fill": "#ff3300", "fill-opacity": 0.05, "stroke-dasharray": "1,6"}}, {"type": "Feature", "geometry": {"type": "Polygon", "coordinates": [[[-123.00855264992225, 42.47658649723445], [-123.00363722318473, 42.47658866168506], [-123.00363145358594, 42.47301335944976], [-123.00362559197795, 42.469381776210774], [-123.00854693372094, 42.469406779761535], [-123.01346830346377, 42.46943158931221], [-123.01346819107106, 42.47306417355172], [-123.01346805165971, 42.476584143783775], [-123.00855264992225, 42.47658649723445]]]}, "properties": {"title": "Sam's Verge", "description": "placer | serial OR106363901 | 158.25 ac | Active | qtr-sec OR 33 0360S 0030W 001 A NW | recorded~2024 (DB date, not legal located date) | src: BLM MLRS Not Closed | boundary approx (BLM quarter-section) | do not dig here (active claim)", "stroke": "#ff3300", "stroke-width": 2, "fill": "#ff3300", "fill-opacity": 0.05, "stroke-dasharray": "1,6"}}, {"type": "Feature", "geometry": {"type": "Polygon", "coordinates": [[[-123.52430382031433, 42.59331667934277], [-123.52434309993359, 42.59694224856984], [-123.52438237855307, 42.60056781779686], [-123.51938902180851, 42.6005213922552], [-123.51439566506377, 42.6004749897136], [-123.51430344044597, 42.59690539249493], [-123.51421121582833, 42.59333579627616], [-123.51925751857141, 42.593326226809495], [-123.52430382031433, 42.59331667934277]]]}, "properties": {"title": "Warp Zone", "description": "placer | serial OR106363911 | 20.0 ac | Active | qtr-sec OR 33 0340S 0070W 022 A SW | recorded~2024 (DB date, not legal located date) | src: BLM MLRS Not Closed | boundary approx (BLM quarter-section) | do not dig here (active claim)", "stroke": "#ff3300", "stroke-width": 2, "fill": "#ff3300", "fill-opacity": 0.05, "stroke-dasharray": "1,6"}}, {"type": "Feature", "geometry": {"type": "Polygon", "coordinates": [[[-123.01346013881978, 42.44762272087427], [-123.01836595555784, 42.44763425142599], [-123.02327180029572, 42.44764575497761], [-123.02817761703346, 42.44765684052919], [-123.03308343277108, 42.44766792708081], [-123.03307681937791, 42.45130915132142], [-123.03307220880282, 42.453857994489844], [-123.03307091992271, 42.45457712853737], [-123.033070232985, 42.45495034756206], [-123.0330690571221, 42.45577245261636], [-123.03306905012298, 42.455777600616635], [-123.03306629344071, 42.45768238474245], [-123.03306497959261, 42.45859307180256], [-123.03305972620043, 42.462235797043085], [-123.02817663646793, 42.46223540349035], [-123.02573506210169, 42.462235193713994], [-123.02329351773534, 42.46223498293765], [-123.0183770079923, 42.46220289538588], [-123.01402863333507, 42.46217449378232], [-123.01346049824916, 42.46217075383416], [-123.01346337918895, 42.46180770080994], [-123.01347492994803, 42.46035537771306], [-123.01348938864697, 42.45854000159198], [-123.01351827904492, 42.45490925034979], [-123.0134891954323, 42.45126597211208], [-123.01346013881978, 42.44762272087427]]]}, "properties": {"title": "Pound Cake", "description": "placer | serial OR106364969 | 1800.308 ac | Active | qtr-sec OR 33 0360S 0030W 011 RemainderAliquotPartNENW | OR 33 0360S 0030W 011 RemainderAliquotPartNENW | recorded~2024 (DB date, not legal located date) | src: BLM MLRS Not Closed | boundary approx (BLM quarter-section) | do not dig here (active claim)", "stroke": "#ff3300", "stroke-width": 2, "fill": "#ff3300", "fill-opacity": 0.05, "stroke-dasharray": "1,6"}}, {"type": "Feature", "geometry": {"type": "Polygon", "coordinates": [[[-123.59744121780754, 42.520561658968596], [-123.59749143642536, 42.52418661819437], [-123.59258099170422, 42.52419337764723], [-123.5925264390856, 42.52056730842175], [-123.59744121780754, 42.520561658968596]]]}, "properties": {"title": "English Flat", "description": "placer | serial OR106366391 | 20.0 ac | Active | qtr-sec OR 33 0350S 0080W 013 SESW | recorded~2024 (DB date, not legal located date) | src: BLM MLRS Not Closed | boundary approx (BLM quarter-section) | do not dig here (active claim)", "stroke": "#ff3300", "stroke-width": 2, "fill": "#ff3300", "fill-opacity": 0.05, "stroke-dasharray": "1,6"}}, {"type": "Feature", "geometry": {"type": "Polygon", "coordinates": [[[-123.22019619028106, 42.68815361753771], [-123.21897779309953, 42.688155344650646], [-123.21775939591801, 42.68815706276349], [-123.21654099873649, 42.6881587818764], [-123.2153225785549, 42.68816046398929], [-123.21044896682861, 42.688167286440795], [-123.21044505422013, 42.68459191521039], [-123.21044111861167, 42.68101652098], [-123.21534818833798, 42.680980734523615], [-123.22025525806418, 42.680944948067285], [-123.22022573567249, 42.6845492833025], [-123.22019619028106, 42.68815361753771]]]}, "properties": {"title": "Little Nugget", "description": "placer | serial OR106377475 | 60.0 ac | Filed | qtr-sec OR 33 0330S 0040W 019 A NE | OR 33 0330S 0040W 019 A SE | recorded~2024 (DB date, not legal located date) | src: BLM MLRS Not Closed | boundary approx (BLM quarter-section) | do not dig here (active claim)", "stroke": "#ff3300", "stroke-width": 2, "fill": "#ff3300", "fill-opacity": 0.05, "stroke-dasharray": "1,6"}}, {"type": "Feature", "geometry": {"type": "Polygon", "coordinates": [[[-123.28390095265206, 42.59305150751567], [-123.28391959036007, 42.5913065934013], [-123.28639986473941, 42.59136778317648], [-123.28887713711825, 42.59142889895198], [-123.2888567964158, 42.593207805068594], [-123.28637887403397, 42.59312965629213], [-123.28390095265206, 42.59305150751567]]]}, "properties": {"title": "Corner Pocket", "description": "placer | serial OR106386444 | 20.0 ac | Active | qtr-sec OR 33 0340S 0050W 027 A N2NWNW | recorded~2024 (DB date, not legal located date) | src: BLM MLRS Not Closed | boundary approx (BLM quarter-section) | do not dig here (active claim)", "stroke": "#ff3300", "stroke-width": 2, "fill": "#ff3300", "fill-opacity": 0.05, "stroke-dasharray": "1,6"}}, {"type": "Feature", "geometry": {"type": "Polygon", "coordinates": [[[-123.61193416526054, 42.468926217349576], [-123.60706912154686, 42.46893380779736], [-123.6022041018331, 42.46894142224516], [-123.60222321622666, 42.46530872801192], [-123.60224230762037, 42.46167603377871], [-123.60709445233208, 42.46166755833218], [-123.61194659704373, 42.461659082885646], [-123.61194038165203, 42.465292662117626], [-123.61193416526054, 42.468926217349576]]]}, "properties": {"title": "Taylor Falls 1", "description": "placer | serial OR106389315 | 20.0 ac | Active | qtr-sec OR 33 0360S 0080W 002 A SE | recorded~2024 (DB date, not legal located date) | src: BLM MLRS Not Closed | boundary approx (BLM quarter-section) | do not dig here (active claim)", "stroke": "#ff3300", "stroke-width": 2, "fill": "#ff3300", "fill-opacity": 0.05, "stroke-dasharray": "1,6"}}, {"type": "Feature", "geometry": {"type": "Polygon", "coordinates": [[[-123.61193416526054, 42.468926217349576], [-123.60706912154686, 42.46893380779736], [-123.6022041018331, 42.46894142224516], [-123.60222321622666, 42.46530872801192], [-123.60224230762037, 42.46167603377871], [-123.60709445233208, 42.46166755833218], [-123.61194659704373, 42.461659082885646], [-123.61194038165203, 42.465292662117626], [-123.61193416526054, 42.468926217349576]]]}, "properties": {"title": "Taylor Falls 2", "description": "placer | serial OR106389316 | 20.0 ac | Active | qtr-sec OR 33 0360S 0080W 002 A SE | recorded~2024 (DB date, not legal located date) | src: BLM MLRS Not Closed | boundary approx (BLM quarter-section) | do not dig here (active claim)", "stroke": "#ff3300", "stroke-width": 2, "fill": "#ff3300", "fill-opacity": 0.05, "stroke-dasharray": "1,6"}}, {"type": "Feature", "geometry": {"type": "Polygon", "coordinates": [[[-123.64135226952808, 42.48052661738169], [-123.64138125014513, 42.484175505610786], [-123.63647706042599, 42.484180713062386], [-123.63157284270669, 42.484185697513944], [-123.6315564460928, 42.48054444828402], [-123.63154005147908, 42.47690319805408], [-123.6362359821665, 42.47689038262133], [-123.63643168519522, 42.47689035160331], [-123.64109828087818, 42.47687770417323], [-123.64132328891124, 42.47687770015251], [-123.64135226952808, 42.48052661738169]]]}, "properties": {"title": "Minnow 4", "description": "placer | serial OR106389398 | 20.0 ac | Active | qtr-sec OR 33 0350S 0080W 034 A SW | recorded~2024 (DB date, not legal located date) | src: BLM MLRS Not Closed | boundary approx (BLM quarter-section) | do not dig here (active claim)", "stroke": "#ff3300", "stroke-width": 2, "fill": "#ff3300", "fill-opacity": 0.05, "stroke-dasharray": "1,6"}}, {"type": "Feature", "geometry": {"type": "Polygon", "coordinates": [[[-123.62422348023897, 42.4878275194217], [-123.62667874159959, 42.48782720819574], [-123.62668378690577, 42.489645527310834], [-123.62668883221208, 42.49146384642592], [-123.62423042985067, 42.49146225465208], [-123.62422695554477, 42.48964488753688], [-123.62422348023897, 42.4878275194217]]]}, "properties": {"title": "Hideout Hill", "description": "placer | serial OR106391323 | 40.0 ac | Active | qtr-sec OR 33 0350S 0080W 034 A W2NENE | recorded~2024 (DB date, not legal located date) | src: BLM MLRS Not Closed | boundary approx (BLM quarter-section) | do not dig here (active claim)", "stroke": "#ff3300", "stroke-width": 2, "fill": "#ff3300", "fill-opacity": 0.05, "stroke-dasharray": "1,6"}}, {"type": "Feature", "geometry": {"type": "Polygon", "coordinates": [[[-123.0440204910379, 42.312976930177854], [-123.04526304922499, 42.31298305406511], [-123.04525086552775, 42.31482575318837], [-123.04523868283061, 42.31666845231163], [-123.04523771613354, 42.31850161943324], [-123.04523674843655, 42.32033471155476], [-123.04398098924833, 42.32033402566913], [-123.04398616094569, 42.31849927154705], [-123.04399133364309, 42.31666447842496], [-123.0440059123405, 42.31482067030143], [-123.0440204910379, 42.312976930177854]]]}, "properties": {"title": "Gem's Mine", "description": "placer | serial OR106391924 | 80.0 ac | Active | qtr-sec OR 33 0370S 0030W 027 A W2E2SESW | OR 33 0370S 0030W 034 A W2E2NENW | recorded~2024 (DB date, not legal located date) | src: BLM MLRS Not Closed | boundary approx (BLM quarter-section) | do not dig here (active claim)", "stroke": "#ff3300", "stroke-width": 2, "fill": "#ff3300", "fill-opacity": 0.05, "stroke-dasharray": "1,6"}}, {"type": "Feature", "geometry": {"type": "Polygon", "coordinates": [[[-123.21028808557843, 42.58057172149491], [-123.2102773052692, 42.578748680377686], [-123.21526079001411, 42.57875822591911], [-123.22024427475887, 42.578767795460486], [-123.22513504548874, 42.578771986010096], [-123.22758533285442, 42.57877408078444], [-123.22962641915895, 42.57877582659641], [-123.2296148487732, 42.58242619283399], [-123.22960330038767, 42.586076558071504], [-123.2295946160027, 42.58972690530866], [-123.22954376461004, 42.593368253549166], [-123.22516121795616, 42.59336501995304], [-123.22024474222071, 42.59335128340546], [-123.21900428503581, 42.59335180151991], [-123.21776382685091, 42.5933523196343], [-123.21652336866605, 42.593352837748746], [-123.21528288748108, 42.59335335586313], [-123.21280197211122, 42.59335438009192], [-123.21032103374127, 42.59335540532074], [-123.21032089343248, 42.59152677620224], [-123.21032075312368, 42.5896981480837], [-123.21032061381493, 42.58786950796517], [-123.21032047350621, 42.58604086684659], [-123.21029888888766, 42.582394762612175], [-123.21028808557843, 42.58057172149491]]]}, "properties": {"title": "Joe's Gold Bar", "description": "placer | serial OR106391923 | 6116.25 ac | Filed | qtr-sec OR 33 0340S 0040W 030 Lot1 | OR 33 0340S 0040W 030 Lot2 | OR 33 0340S 0040W 030 Lot3 | OR 33 0340S 0040W 030 NENE | OR 33 0340S 0040W 030 NENW | OR 33 0340S 0040W 030 NESE | OR 33 0340S 0040W 030 NESW | OR 33 0340S 0040W 030 NWNE | OR 33 0340S 0040W 030 NWSE | OR 33 0340S 0040W 030 RemainderLot0 | OR 33 0340S 0040W 030 RemainderLot0 | OR 33 0340S 0040W 030 RemainderLot0 | OR 33 0340S 0040W 030 SENE | OR 33 0340S 0040W 030 SENW | OR 33 0340S 0040W 030 SESE | OR 33 0340S 0040W 030 SESW | OR 33 0340S 0040W 030 SWNE | OR 33 0340S 0040W 030 SWSE | OR 33 0340S 0040W 030 UnnumberedLotnull | OR 33 0340S 0040W 030 A Lot1 | OR 33 0340S 0040W 030 A Lot2 | recorded~2024 (DB date, not legal located date) | src: BLM MLRS Not Closed | boundary approx (BLM quarter-section) | do not dig here (active claim)", "stroke": "#ff3300", "stroke-width": 2, "fill": "#ff3300", "fill-opacity": 0.05, "stroke-dasharray": "1,6"}}, {"type": "Feature", "geometry": {"type": "Polygon", "coordinates": [[[-123.2951330392218, 42.509340570069874], [-123.29390382103729, 42.50932985018214], [-123.29264237084958, 42.50932849229806], [-123.29264295254742, 42.50752875718143], [-123.29264350724533, 42.505728995064786], [-123.29755646398712, 42.50579763161768], [-123.2975594395878, 42.50937198884883], [-123.29636225740637, 42.50935128995754], [-123.2951330392218, 42.509340570069874]]]}, "properties": {"title": "Lucky Karma", "description": "placer | serial OR106392132 | 40.0 ac | Active | qtr-sec OR 33 0350S 0050W 021 A SWSE | recorded~2024 (DB date, not legal located date) | src: BLM MLRS Not Closed | boundary approx (BLM quarter-section) | do not dig here (active claim)", "stroke": "#ff3300", "stroke-width": 2, "fill": "#ff3300", "fill-opacity": 0.05, "stroke-dasharray": "1,6"}}, {"type": "Feature", "geometry": {"type": "Polygon", "coordinates": [[[-123.60484015419833, 42.52235979040113], [-123.6023789518378, 42.52236780862844], [-123.60235602252936, 42.520555981515386], [-123.60481887089036, 42.52054935228806], [-123.60728171825134, 42.52054272306074], [-123.60730135655886, 42.522351771173845], [-123.60484015419833, 42.52235979040113]]]}, "properties": {"title": "Archetype", "description": "placer | serial OR106392988 | 20.0 ac | Under Review | qtr-sec OR 33 0350S 0080W 014 S2SESE | recorded~2024 (DB date, not legal located date) | src: BLM MLRS Not Closed | boundary approx (BLM quarter-section) | do not dig here (active claim)", "stroke": "#ff3300", "stroke-width": 2, "fill": "#ff3300", "fill-opacity": 0.05, "stroke-dasharray": "1,6"}}, {"type": "Feature", "geometry": {"type": "Polygon", "coordinates": [[[-123.63406403529602, 42.49146857874739], [-123.63652243665729, 42.491470155521235], [-123.63653525996435, 42.49328608663539], [-123.63654808227146, 42.49510201774955], [-123.63409009691016, 42.49509995397568], [-123.63407706660306, 42.49328426586155], [-123.63406403529602, 42.49146857874739]]]}, "properties": {"title": "Minnow 7", "description": "placer | serial OR106392989 | 20.0 ac | Under Review | qtr-sec OR 33 0350S 0080W 027 W2SESW | recorded~2024 (DB date, not legal located date) | src: BLM MLRS Not Closed | boundary approx (BLM quarter-section) | do not dig here (active claim)", "stroke": "#ff3300", "stroke-width": 2, "fill": "#ff3300", "fill-opacity": 0.05, "stroke-dasharray": "1,6"}}, {"type": "Feature", "geometry": {"type": "Polygon", "coordinates": [[[-123.3039187623236, 42.54974686487469], [-123.30635783468303, 42.549728541648896], [-123.3063524539884, 42.55154613776681], [-123.30634707329382, 42.55336373288466], [-123.30390104193158, 42.55337163911045], [-123.30390990262755, 42.55155925199255], [-123.3039187623236, 42.54974686487469]]]}, "properties": {"title": "K Cone", "description": "placer | serial OR106695250 | 40.0 ac | Active | qtr-sec OR 33 0350S 0050W 004 E2SWSW | recorded~2024 (DB date, not legal located date) | src: BLM MLRS Not Closed | boundary approx (BLM quarter-section) | do not dig here (active claim)", "stroke": "#ff3300", "stroke-width": 2, "fill": "#ff3300", "fill-opacity": 0.05, "stroke-dasharray": "1,6"}}, {"type": "Feature", "geometry": {"type": "Polygon", "coordinates": [[[-123.35689421839743, 42.177974008847706], [-123.35691025299033, 42.181575019082146], [-123.35692628958328, 42.185176027316565], [-123.35198410385694, 42.18520790376705], [-123.3472199101567, 42.18523873920134], [-123.34721618613798, 42.18512831619441], [-123.34724242256742, 42.18162554296251], [-123.34724442353709, 42.18143905895005], [-123.3472703449791, 42.17801221872312], [-123.35203248968101, 42.17799332428997], [-123.35689421839743, 42.177974008847706]]]}, "properties": {"title": "Wild Bill PMC", "description": "placer | serial OR106696226 | 20.0 ac | Active | qtr-sec OR 33 0390S 0060W 013 NE | recorded~2024 (DB date, not legal located date) | src: BLM MLRS Not Closed | boundary approx (BLM quarter-section) | do not dig here (active claim)", "stroke": "#ff3300", "stroke-width": 2, "fill": "#ff3300", "fill-opacity": 0.05, "stroke-dasharray": "1,6"}}, {"type": "Feature", "geometry": {"type": "Polygon", "coordinates": [[[-123.13168811688811, 42.23863834528194], [-123.13167663758978, 42.23683453616358], [-123.13406357194803, 42.23684720194769], [-123.1364505053063, 42.236859797731725], [-123.13649616360743, 42.23864947484604], [-123.13654184490863, 42.24043903396027], [-123.13412073254763, 42.24044059418026], [-123.13409215224783, 42.23864391006396], [-123.13168811688811, 42.23863834528194]]]}, "properties": {"title": "Bairapple", "description": "placer | serial OR106697106 | 30.0 ac | Active | qtr-sec OR 33 0380S 0040W 026 A S2SENE | OR 33 0380S 0040W 026 A NWSENE | recorded~2024 (DB date, not legal located date) | src: BLM MLRS Not Closed | boundary approx (BLM quarter-section) | do not dig here (active claim)", "stroke": "#ff3300", "stroke-width": 2, "fill": "#ff3300", "fill-opacity": 0.05, "stroke-dasharray": "1,6"}}, {"type": "Feature", "geometry": {"type": "Polygon", "coordinates": [[[-123.22026398661431, 42.666517433135326], [-123.21534101488066, 42.66652276559094], [-123.21041802014692, 42.66652809804656], [-123.21040244252801, 42.66289633481339], [-123.21038686590929, 42.65926457258017], [-123.21530017463846, 42.65924103312443], [-123.22021346136756, 42.65921749366863], [-123.22023872399087, 42.66286746290204], [-123.22026398661431, 42.666517433135326]]]}, "properties": {"title": "Baker Creek", "description": "placer | serial OR106697353 | 20.0 ac | Active | qtr-sec OR 33 0330S 0040W 031 NE | recorded~2024 (DB date, not legal located date) | src: BLM MLRS Not Closed | boundary approx (BLM quarter-section) | do not dig here (active claim)", "stroke": "#ff3300", "stroke-width": 2, "fill": "#ff3300", "fill-opacity": 0.05, "stroke-dasharray": "1,6"}}, {"type": "Feature", "geometry": {"type": "Polygon", "coordinates": [[[-123.29856061177281, 42.25110500593699], [-123.30342757950001, 42.251135939496365], [-123.30347568411247, 42.254808675732505], [-123.29859166038125, 42.254769075174224], [-123.29856061177281, 42.25110500593699]]]}, "properties": {"title": "J and J Treasure Box", "description": "lode | serial OR106701085 | 20.66 ac | Active | qtr-sec OR 33 0380S 0050W 021 NENW | OR 33 0380S 0050W 021 SENW | recorded~2024 (DB date, not legal located date) | src: BLM MLRS Not Closed | boundary approx (BLM quarter-section) | do not dig here (active claim)", "stroke": "#ff3300", "stroke-width": 2, "fill": "#ff3300", "fill-opacity": 0.05, "stroke-dasharray": "1,6"}}, {"type": "Feature", "geometry": {"type": "Polygon", "coordinates": [[[-123.46892516286198, 42.15305814806032], [-123.46892278971426, 42.15215813700191], [-123.46892041656656, 42.15125812494348], [-123.470121724744, 42.151260697834694], [-123.47132303992147, 42.15126321472598], [-123.47132104006872, 42.15216433978487], [-123.471319040216, 42.15306546384375], [-123.47251598039303, 42.15306910673548], [-123.47250760468712, 42.15487248085369], [-123.47012247433403, 42.15486294606933], [-123.47012210003898, 42.15306182195202], [-123.46892516286198, 42.15305814806032]]]}, "properties": {"title": "Lucky Sucker", "description": "placer | serial OR106695666 | 20.0 ac | Active | qtr-sec OR 33 0390S 0070W 025 NENWNE,E2SENWNE,W2SWNENE | recorded~2024 (DB date, not legal located date) | src: BLM MLRS Not Closed | boundary approx (BLM quarter-section) | do not dig here (active claim)", "stroke": "#ff3300", "stroke-width": 2, "fill": "#ff3300", "fill-opacity": 0.05, "stroke-dasharray": "1,6"}}, {"type": "Feature", "geometry": {"type": "Polygon", "coordinates": [[[-123.6320568535333, 42.5717602760232], [-123.63327569871277, 42.57176209191076], [-123.63539459202546, 42.57177050971562], [-123.63692008125042, 42.57177538657509], [-123.63691826585992, 42.5753820498034], [-123.63205031114309, 42.57537269025243], [-123.63205241095756, 42.57427339018263], [-123.63205685368597, 42.57266331008037], [-123.6320568535333, 42.5717602760232]]]}, "properties": {"title": "Blanchard Gulch", "description": "placer | serial OR106709763 | 20.0 ac | Filed | qtr-sec OR 33 0340S 0080W 034 SENW | OR 33 0340S 0080W 034 SENW | recorded~2024 (DB date, not legal located date) | src: BLM MLRS Not Closed | boundary approx (BLM quarter-section) | do not dig here (active claim)", "stroke": "#ff3300", "stroke-width": 2, "fill": "#ff3300", "fill-opacity": 0.05, "stroke-dasharray": "1,6"}}, {"type": "Feature", "geometry": {"type": "Polygon", "coordinates": [[[-123.46996276787513, 42.579032966449205], [-123.47244959723187, 42.57896907721564], [-123.47244237353763, 42.58078482433223], [-123.47243515084341, 42.582600571448886], [-123.46994598048775, 42.58267273768325], [-123.46995437418144, 42.58085285156619], [-123.46996276787513, 42.579032966449205]]]}, "properties": {"title": "Quartz", "description": "placer | serial OR106713839 | 20.0 ac | Active | qtr-sec OR 33 0340S 0070W 025 A E2SWSE | recorded~2025 (DB date, not legal located date) | src: BLM MLRS Not Closed | boundary approx (BLM quarter-section) | do not dig here (active claim)", "stroke": "#ff3300", "stroke-width": 2, "fill": "#ff3300", "fill-opacity": 0.05, "stroke-dasharray": "1,6"}}, {"type": "Feature", "geometry": {"type": "Polygon", "coordinates": [[[-123.12573972166844, 42.15733146942905], [-123.12617267173313, 42.15733203238988], [-123.12816730803112, 42.15733462420957], [-123.13302250275642, 42.157340910770536], [-123.13302597234419, 42.1609326260088], [-123.13302941893213, 42.16452436524701], [-123.13303288852026, 42.16811605748517], [-123.1330363351085, 42.17170777272326], [-123.12818465638574, 42.1717141761631], [-123.126172680086, 42.171716831345485], [-123.12333297666287, 42.17172057960286], [-123.11847279993735, 42.171719090042906], [-123.11184289694803, 42.171720994643366], [-123.11184259079961, 42.170814004583136], [-123.11183158535734, 42.16812095140511], [-123.11183125020582, 42.167194989343585], [-123.11182441384248, 42.16498012619696], [-123.11182396976719, 42.16452024216641], [-123.11182210661242, 42.163575253103744], [-123.11180732417601, 42.16092017192854], [-123.11180537801815, 42.159956182864654], [-123.11179590266879, 42.15782812472397], [-123.11179615158566, 42.157319352690116], [-123.1184507245798, 42.15732521908832], [-123.12331211330573, 42.15732831564854], [-123.12573972166844, 42.15733146942905]]]}, "properties": {"title": "High Prospects", "description": "placer | serial OR106712466 | 698.76 ac | Active | qtr-sec OR 33 0390S 0040W 024 E N2SENE | recorded~2025 (DB date, not legal located date) | src: BLM MLRS Not Closed | boundary approx (BLM quarter-section) | do not dig here (active claim)", "stroke": "#ff3300", "stroke-width": 2, "fill": "#ff3300", "fill-opacity": 0.05, "stroke-dasharray": "1,6"}}, {"type": "Feature", "geometry": {"type": "Polygon", "coordinates": [[[-123.32573561090982, 42.26388204830075], [-123.32332326055506, 42.263899239521415], [-123.32329768224885, 42.26206602340391], [-123.3257136506036, 42.26204538018267], [-123.32812961895837, 42.26202473796147], [-123.3281479612646, 42.26386485708009], [-123.32573561090982, 42.26388204830075]]]}, "properties": {"title": "Slade Hill", "description": "placer | serial OR106714283 | 20.0 ac | Active | qtr-sec OR 33 0380S 0050W 017 S2NWSW | recorded~2025 (DB date, not legal located date) | src: BLM MLRS Not Closed | boundary approx (BLM quarter-section) | do not dig here (active claim)", "stroke": "#ff3300", "stroke-width": 2, "fill": "#ff3300", "fill-opacity": 0.05, "stroke-dasharray": "1,6"}}, {"type": "Feature", "geometry": {"type": "Polygon", "coordinates": [[[-123.04056605566223, 42.6366713707967], [-123.04178268884795, 42.636689781685625], [-123.0429993450337, 42.6367081925746], [-123.0442160022194, 42.63672660346354], [-123.04541210039989, 42.63673239935353], [-123.04660819758038, 42.63673819424353], [-123.04780431876085, 42.63674399013359], [-123.04900039294137, 42.63674979302356], [-123.05378480766319, 42.63677298258362], [-123.05395505432445, 42.64052802881297], [-123.05412527698589, 42.644283075042296], [-123.05417566261788, 42.647969855278205], [-123.0542313092703, 42.65177116552105], [-123.04925085152209, 42.65176625298063], [-123.04427037077369, 42.65176131744011], [-123.03928849302484, 42.65175547389969], [-123.03430661427585, 42.65174965335928], [-123.0343288926012, 42.647747532095856], [-123.0343507809358, 42.64379890583588], [-123.03441676533448, 42.640189122593945], [-123.03448277173337, 42.63657931535201], [-123.03934937547642, 42.63665295990777], [-123.04056605566223, 42.6366713707967]]]}, "properties": {"title": "Evans 1", "description": "placer | serial OR106715142 | 18.18 ac | Active | qtr-sec OR 33 0340S 0030W 003 Lot3 | OR 33 0340S 0030W 003 Lot4 | recorded~2025 (DB date, not legal located date) | src: BLM MLRS Not Closed | boundary approx (BLM quarter-section) | do not dig here (active claim)", "stroke": "#ff3300", "stroke-width": 2, "fill": "#ff3300", "fill-opacity": 0.05, "stroke-dasharray": "1,6"}}, {"type": "Feature", "geometry": {"type": "Polygon", "coordinates": [[[-123.1682002123833, 42.69913671106013], [-123.17063122074843, 42.69914669883577], [-123.17063180403254, 42.7], [-123.16819938271134, 42.7], [-123.1682002123833, 42.69913671106013]]]}, "properties": {"title": "Grave Digger", "description": "placer | serial OR106713841 | 20.0 ac | Active | qtr-sec OR 33 0330S 0040W 015 A W2NWSW | recorded~2025 (DB date, not legal located date) | src: BLM MLRS Not Closed | boundary approx (BLM quarter-section) | do not dig here (active claim)", "stroke": "#ff3300", "stroke-width": 2, "fill": "#ff3300", "fill-opacity": 0.05, "stroke-dasharray": "1,6"}}, {"type": "Feature", "geometry": {"type": "Polygon", "coordinates": [[[-123.19065306273026, 42.622482755022844], [-123.19065798613418, 42.62486535717678], [-123.19066058334735, 42.62612222425799], [-123.19066810496463, 42.629761693493094], [-123.19067562558205, 42.63340113972816], [-123.19068314619963, 42.63704058496315], [-123.18569309645181, 42.63702517242302], [-123.18070302270392, 42.637009735882856], [-123.17573525398228, 42.63713066934939], [-123.17076748526051, 42.637251601816], [-123.17077486563466, 42.63355010657536], [-123.17078224600901, 42.62984861133458], [-123.17079423640361, 42.62626155210084], [-123.17078583209955, 42.62447236998556], [-123.1707774287955, 42.62268318687024], [-123.17329453417018, 42.622674679637356], [-123.17577206253507, 42.62264380540676], [-123.18072895726482, 42.622580893945155], [-123.18569102199764, 42.62253181348401], [-123.19065306273026, 42.622482755022844]]]}, "properties": {"title": "Fog Rider", "description": "lode | serial OR106715356 | 20.66 ac | Filed | qtr-sec OR 33 0340S 0040W 009 E NESW | recorded~2025 (DB date, not legal located date) | src: BLM MLRS Not Closed | boundary approx (BLM quarter-section) | do not dig here (active claim)", "stroke": "#ff3300", "stroke-width": 2, "fill": "#ff3300", "fill-opacity": 0.05, "stroke-dasharray": "1,6"}}, {"type": "Feature", "geometry": {"type": "Polygon", "coordinates": [[[-123.12333297666287, 42.17172057960286], [-123.126172680086, 42.171716831345485], [-123.12818465638574, 42.1717141761631], [-123.12818556496933, 42.17527879039966], [-123.12333199924502, 42.17527834883924], [-123.12333297666287, 42.17172057960286]]]}, "properties": {"title": "Star Gulch 1", "description": "placer | serial OR106715353 | 40.0 ac | Filed | qtr-sec OR 33 0390S 0040W 013 SESW | recorded~2025 (DB date, not legal located date) | src: BLM MLRS Not Closed | boundary approx (BLM quarter-section) | do not dig here (active claim)", "stroke": "#ff3300", "stroke-width": 2, "fill": "#ff3300", "fill-opacity": 0.05, "stroke-dasharray": "1,6"}}, {"type": "Feature", "geometry": {"type": "Polygon", "coordinates": [[[-123.16703269247458, 42.204034374784335], [-123.16701141117794, 42.20224557166795], [-123.16941996953788, 42.2022519334499], [-123.17182852789786, 42.202258295231886], [-123.17424400625707, 42.202254500012565], [-123.1766594846163, 42.20225070479324], [-123.1766624069103, 42.204039705911214], [-123.17425153855125, 42.204040637130014], [-123.17184067019218, 42.20404156834874], [-123.16943668083343, 42.20403797156658], [-123.16703269247458, 42.204034374784335]]]}, "properties": {"title": "Maid of the Mist Extension", "description": "lode | serial OR106717426 | 20.66 ac | Active | qtr-sec OR 33 0390S 0040W 004 A N2SESE | OR 33 0390S 0040W 003 A N2SWSW | recorded~2025 (DB date, not legal located date) | src: BLM MLRS Not Closed | boundary approx (BLM quarter-section) | do not dig here (active claim)", "stroke": "#ff3300", "stroke-width": 2, "fill": "#ff3300", "fill-opacity": 0.05, "stroke-dasharray": "1,6"}}, {"type": "Feature", "geometry": {"type": "Polygon", "coordinates": [[[-123.29902446473962, 42.53872093561276], [-123.30149166310709, 42.53872521038597], [-123.30148935241436, 42.540552834504304], [-123.30148704172169, 42.54238045762262], [-123.29903046835575, 42.54237615484848], [-123.2990274660477, 42.54054854473065], [-123.29902446473962, 42.53872093561276]]]}, "properties": {"title": "Jiffy Pop", "description": "placer | serial OR106718786 | 40.0 ac | Filed | qtr-sec OR 33 0350S 0050W 009 A E2NESW | recorded~2025 (DB date, not legal located date) | src: BLM MLRS Not Closed | boundary approx (BLM quarter-section) | do not dig here (active claim)", "stroke": "#ff3300", "stroke-width": 2, "fill": "#ff3300", "fill-opacity": 0.05, "stroke-dasharray": "1,6"}}, {"type": "Feature", "geometry": {"type": "Polygon", "coordinates": [[[-123.54430545763383, 42.571846895129944], [-123.5467034999912, 42.571870143910076], [-123.54670464329689, 42.57367822402497], [-123.54670578660257, 42.57548630413991], [-123.54430013624437, 42.57546482236058], [-123.5443027969391, 42.5736558592453], [-123.54430545763383, 42.571846895129944]]]}, "properties": {"title": "Stratosphere", "description": "placer | serial OR106718787 | 40.0 ac | Active | qtr-sec OR 33 0340S 0070W 032 A E2SENE | recorded~2025 (DB date, not legal located date) | src: BLM MLRS Not Closed | boundary approx (BLM quarter-section) | do not dig here (active claim)", "stroke": "#ff3300", "stroke-width": 2, "fill": "#ff3300", "fill-opacity": 0.05, "stroke-dasharray": "1,6"}}, {"type": "Feature", "geometry": {"type": "Polygon", "coordinates": [[[-123.22988054193652, 42.22902916572947], [-123.22984399453931, 42.232727044976244], [-123.22980741914219, 42.23642492122296], [-123.22984587475459, 42.24011185146213], [-123.22988433336718, 42.24379877770125], [-123.22464399158979, 42.243811309178334], [-123.22463826058893, 42.24381132317889], [-123.22461004958473, 42.24381139218146], [-123.21973548386146, 42.24382305762522], [-123.21483258213551, 42.24384492007222], [-123.21358358495053, 42.24385048518613], [-123.2111478965877, 42.243848343407315], [-123.20992963340608, 42.24384652751789], [-123.20505399568084, 42.24384939196117], [-123.20017833495544, 42.243852279404415], [-123.19530269822994, 42.24385514384767], [-123.19042703750432, 42.2438580072909], [-123.19044524390121, 42.24017672204644], [-123.19046342729825, 42.23649543680198], [-123.19048403270355, 42.23286094956033], [-123.19049435040625, 42.231043730439474], [-123.19050466010899, 42.22922648631862], [-123.19535233483525, 42.22925293588013], [-123.20019998556133, 42.22927938544166], [-123.20507052428145, 42.22924927999734], [-123.20994108600135, 42.22921917455301], [-123.21486685172661, 42.22917221210253], [-123.2197926414518, 42.22912527265205], [-123.2246656711691, 42.22907884520642], [-123.2247183831768, 42.22907835320158], [-123.22988054193652, 42.22902916572947]]]}, "properties": {"title": "King Solomons Mine", "description": "lode | serial OR106722066 | 1297.45 ac | Active | qtr-sec OR 33 0380S 0040W 029 E NW | OR 33 0380S 0040W 030 E SE | recorded~2025 (DB date, not legal located date) | src: BLM MLRS Not Closed | boundary approx (BLM quarter-section) | do not dig here (active claim)", "stroke": "#ff3300", "stroke-width": 2, "fill": "#ff3300", "fill-opacity": 0.05, "stroke-dasharray": "1,6"}}, {"type": "Feature", "geometry": {"type": "Polygon", "coordinates": [[[-123.62666357968111, 42.48237194485037], [-123.62666862498723, 42.484190458965486], [-123.62421652962743, 42.484192742191254], [-123.62176443426756, 42.48419502641702], [-123.62176252996228, 42.48237861030168], [-123.6242130543217, 42.48237527807603], [-123.62666357968111, 42.48237194485037]]]}, "properties": {"title": "T.J Rose", "description": "placer | serial OR106713323 | 20.0 ac | Active | qtr-sec OR 33 0350S 0080W 034 N2NESE | recorded~2025 (DB date, not legal located date) | src: BLM MLRS Not Closed | boundary approx (BLM quarter-section) | do not dig here (active claim)", "stroke": "#ff3300", "stroke-width": 2, "fill": "#ff3300", "fill-opacity": 0.05, "stroke-dasharray": "1,6"}}, {"type": "Feature", "geometry": {"type": "Polygon", "coordinates": [[[-123.1710675410252, 42.25846589801402], [-123.17102055662794, 42.26216639226239], [-123.1709735952308, 42.26586688651074], [-123.17091436383225, 42.269568730760284], [-123.1708551554339, 42.273270575009725], [-123.16597625870561, 42.27326498745316], [-123.16109738497717, 42.27325942389659], [-123.15620870824748, 42.27325523334105], [-123.15132005651756, 42.27325101978542], [-123.15144287393164, 42.269586288532324], [-123.15153397934195, 42.26592628328237], [-123.1515031987337, 42.26226355404332], [-123.1514724411257, 42.258600825804216], [-123.1563703838507, 42.2585673903568], [-123.16126834957555, 42.258533931909334], [-123.16616794530044, 42.25849991546165], [-123.1710675410252, 42.25846589801402]]]}, "properties": {"title": "Evergreen 1", "description": "placer | serial OR106392770 | 640.0 ac | Active | qtr-sec OR 33 0380S 0040W 015 D W2NWNW | recorded~2025 (DB date, not legal located date) | src: BLM MLRS Not Closed | boundary approx (BLM quarter-section) | do not dig here (active claim)", "stroke": "#ff3300", "stroke-width": 2, "fill": "#ff3300", "fill-opacity": 0.05, "stroke-dasharray": "1,6"}}, {"type": "Feature", "geometry": {"type": "Polygon", "coordinates": [[[-123.59985852197084, 42.418066432215305], [-123.59985054727296, 42.41988093433192], [-123.59984257357506, 42.42169543644852], [-123.5974020542165, 42.421696332672525], [-123.59496154685795, 42.4216971128965], [-123.59496999755629, 42.419884770779966], [-123.59497844925463, 42.41807242866342], [-123.59741849161277, 42.41806943643936], [-123.59985852197084, 42.418066432215305]]]}, "properties": {"title": "Too Deep", "description": "placer | serial OR106713326 | 40.0 ac | Active | qtr-sec OR 33 0360S 0080W 024 E2SWSW | OR 33 0360S 0080W 024 W2SESW | recorded~2025 (DB date, not legal located date) | src: BLM MLRS Not Closed | boundary approx (BLM quarter-section) | do not dig here (active claim)", "stroke": "#ff3300", "stroke-width": 2, "fill": "#ff3300", "fill-opacity": 0.05, "stroke-dasharray": "1,6"}}, {"type": "Feature", "geometry": {"type": "Polygon", "coordinates": [[[-123.1685259168672, 42.26587446473384], [-123.1709735952308, 42.26586688651074], [-123.17094397953151, 42.267717808635496], [-123.17091436383225, 42.269568730760284], [-123.16847080646839, 42.26957117598269], [-123.16849836116779, 42.26772282085824], [-123.1685259168672, 42.26587446473384]]]}, "properties": {"title": "Evergreen 2", "description": "placer | serial OR106392771 | 20.0 ac | Active | qtr-sec OR 33 0380S 0040W 015 W2SWNW | recorded~2025 (DB date, not legal located date) | src: BLM MLRS Not Closed | boundary approx (BLM quarter-section) | do not dig here (active claim)", "stroke": "#ff3300", "stroke-width": 2, "fill": "#ff3300", "fill-opacity": 0.05, "stroke-dasharray": "1,6"}}, {"type": "Feature", "geometry": {"type": "Polygon", "coordinates": [[[-123.25905948428816, 42.35017543901983], [-123.26150733565152, 42.350171879796086], [-123.26148236795221, 42.35200596391823], [-123.26145739925286, 42.35384004804036], [-123.25898275588727, 42.35385414926729], [-123.25902112058772, 42.35201479414357], [-123.25905948428816, 42.35017543901983]]]}, "properties": {"title": "Oscar Load", "description": "lode | serial OR106727522 | 20.66 ac | Active | qtr-sec OR 33 0370S 0050W 014 A E2NESW | recorded~2025 (DB date, not legal located date) | src: BLM MLRS Not Closed | boundary approx (BLM quarter-section) | do not dig here (active claim)", "stroke": "#ff3300", "stroke-width": 2, "fill": "#ff3300", "fill-opacity": 0.05, "stroke-dasharray": "1,6"}}, {"type": "Feature", "geometry": {"type": "Polygon", "coordinates": [[[-123.16352108055628, 42.609941508712645], [-123.1635024188587, 42.61174698283161], [-123.16104959448879, 42.61172712205657], [-123.15857143811502, 42.611707052283855], [-123.15859105381315, 42.60990417516493], [-123.15861066951136, 42.608101297046026], [-123.16108114288366, 42.608119783819355], [-123.16353974125389, 42.608136035593674], [-123.16352108055628, 42.609941508712645]]]}, "properties": {"title": "Sempkins Placer", "description": "placer | serial OR106728163 | 40.0 ac | Active | qtr-sec OR 33 0340S 0040W 015 A E2SESW,W2SWSE | recorded~2025 (DB date, not legal located date) | src: BLM MLRS Not Closed | boundary approx (BLM quarter-section) | do not dig here (active claim)", "stroke": "#ff3300", "stroke-width": 2, "fill": "#ff3300", "fill-opacity": 0.05, "stroke-dasharray": "1,6"}}, {"type": "Feature", "geometry": {"type": "Polygon", "coordinates": [[[-123.02673954613354, 42.57476919101956], [-123.02921419850706, 42.574781402792645], [-123.02927788982619, 42.57661851790721], [-123.02934158114532, 42.578455633021754], [-123.0268652997698, 42.57843296224819], [-123.02680242345166, 42.57660107613388], [-123.02673954613354, 42.57476919101956]]]}, "properties": {"title": "Barbara Jean", "description": "placer | serial OR106728700 | 40.0 ac | Active | qtr-sec OR 33 0340S 0030W 035 A W2NENW | recorded~2025 (DB date, not legal located date) | src: BLM MLRS Not Closed | boundary approx (BLM quarter-section) | do not dig here (active claim)", "stroke": "#ff3300", "stroke-width": 2, "fill": "#ff3300", "fill-opacity": 0.05, "stroke-dasharray": "1,6"}}, {"type": "Feature", "geometry": {"type": "Polygon", "coordinates": [[[-123.18995843013889, 42.37509416896227], [-123.19477831086004, 42.37511055752298], [-123.19959819158102, 42.37512694608368], [-123.20441073929732, 42.37512188864367], [-123.20922328501345, 42.375116805203575], [-123.20926690162888, 42.37878017643947], [-123.20931051724452, 42.38244357667528], [-123.20935354986018, 42.386106837911115], [-123.2093973594868, 42.38983440215102], [-123.20931815108099, 42.393475965396554], [-123.2092389196753, 42.39711750664199], [-123.20435278196588, 42.397229266096176], [-123.19946666725629, 42.39734104855036], [-123.19958557264857, 42.393583278293534], [-123.19970445804101, 42.38982551003664], [-123.19477019130274, 42.389808094486625], [-123.1898359495643, 42.389790720936546], [-123.18985827595367, 42.38609997969274], [-123.18988016034957, 42.38244769145142], [-123.18991929574413, 42.378770930206855], [-123.18995843013889, 42.37509416896227]]]}, "properties": {"title": "Owl Hollow", "description": "lode | serial OR106730716 | 20.66115702 ac | Active | qtr-sec OR 33 0360S 0040W 032 SW | OR 33 0370S 0040W 005 E NW | recorded~2025 (DB date, not legal located date) | src: BLM MLRS Not Closed | boundary approx (BLM quarter-section) | do not dig here (active claim)", "stroke": "#ff3300", "stroke-width": 2, "fill": "#ff3300", "fill-opacity": 0.05, "stroke-dasharray": "1,6"}}, {"type": "Feature", "geometry": {"type": "Polygon", "coordinates": [[[-123.24929242689511, 42.66623516743236], [-123.25115784617971, 42.666273981262314], [-123.25433144166388, 42.666340015973], [-123.25932674241398, 42.66637399951315], [-123.25927391602549, 42.670020305752885], [-123.25922108963718, 42.67366660999257], [-123.25423442787643, 42.67356279444729], [-123.24924778511554, 42.67345873790199], [-123.24929197351452, 42.669882377667456], [-123.24929242689511, 42.66623516743236]]]}, "properties": {"title": "Provenance", "description": "placer | serial OR105295475 | 20.0 ac | Active | qtr-sec OR 33 0330S 0050W 026 A NWSE|OR 33 0330S 0050W 026 A SESE|OR 33 0330S 0050W 026 A NESE|OR 33 0330S 0050W 026 A SWSE | recorded~2022 (DB date, not legal located date) | src: BLM MLRS Not Closed | boundary approx (BLM quarter-section) | do not dig here (active claim)", "stroke": "#ff3300", "stroke-width": 2, "fill": "#ff3300", "fill-opacity": 0.05, "stroke-dasharray": "1,6"}}, {"type": "Feature", "geometry": {"type": "Polygon", "coordinates": [[[-123.01315174520884, 42.36007503611263], [-123.01798929497089, 42.36029558668598], [-123.02282804473317, 42.360517332259256], [-123.02285412632638, 42.364070306492174], [-123.02288020691975, 42.36762327972505], [-123.01798284616079, 42.3674746731621], [-123.01308476240152, 42.36732584359914], [-123.0131170158046, 42.363698813355896], [-123.01315174520884, 42.36007503611263]]]}, "properties": {"title": "Bollweg Placer Claim", "description": "placer | serial OR106748862 | 120.0 ac | Active | qtr-sec OR 33 0370S 0030W 011 A SESE | OR 33 0370S 0030W 011 A SWSE | OR 33 0370S 0030W 011 A NESE | OR 33 0370S 0030W 011 A NWSE | recorded~2025 (DB date, not legal located date) | src: BLM MLRS Not Closed | boundary approx (BLM quarter-section) | do not dig here (active claim)", "stroke": "#ff3300", "stroke-width": 2, "fill": "#ff3300", "fill-opacity": 0.05, "stroke-dasharray": "1,6"}}, {"type": "Feature", "geometry": {"type": "Polygon", "coordinates": [[[-123.39993648162644, 42.15272496229223], [-123.39513190792994, 42.15280733373308], [-123.39510969412726, 42.15], [-123.3999329617389, 42.15], [-123.39993648162644, 42.15272496229223]]]}, "properties": {"title": "Persephone", "description": "placer | serial OR106748782 | 40.0 ac | Active | qtr-sec OR 33 0390S 0060W 027 A SENW | recorded~2025 (DB date, not legal located date) | src: BLM MLRS Not Closed | boundary approx (BLM quarter-section) | do not dig here (active claim)", "stroke": "#ff3300", "stroke-width": 2, "fill": "#ff3300", "fill-opacity": 0.05, "stroke-dasharray": "1,6"}}, {"type": "Feature", "geometry": {"type": "Polygon", "coordinates": [[[-123.40474105032274, 42.15264238985138], [-123.39993648162644, 42.15272496229223], [-123.3999329617389, 42.15], [-123.40475568119612, 42.15], [-123.40474105032274, 42.15264238985138]]]}, "properties": {"title": "Zeus", "description": "placer | serial OR106748781 | 40.0 ac | Active | qtr-sec OR 33 0390S 0060W 027 SWNW | recorded~2025 (DB date, not legal located date) | src: BLM MLRS Not Closed | boundary approx (BLM quarter-section) | do not dig here (active claim)", "stroke": "#ff3300", "stroke-width": 2, "fill": "#ff3300", "fill-opacity": 0.05, "stroke-dasharray": "1,6"}}, {"type": "Feature", "geometry": {"type": "Polygon", "coordinates": [[[-123.63206946331145, 42.564518694563695], [-123.63695838503286, 42.56453732511354], [-123.64184730775415, 42.564555955663344], [-123.64182717336266, 42.56817458989417], [-123.64180705697133, 42.57179322112492], [-123.64179921157844, 42.5753912223532], [-123.6417913891858, 42.57898924858141], [-123.63691647346926, 42.57898717603164], [-123.63204155775267, 42.57898508148178], [-123.62717118203676, 42.578983893931586], [-123.6261960328933, 42.57898363802162], [-123.6259535708577, 42.57898357404407], [-123.62473598267869, 42.57898326615647], [-123.62351839449968, 42.57898297626892], [-123.62230080732066, 42.57898268438139], [-123.61983907696417, 42.579014606610784], [-123.61906366885188, 42.57902466168306], [-123.61737685260755, 42.57904653584021], [-123.61681611352635, 42.57905380689249], [-123.61245306089447, 42.57911038529905], [-123.6078027782208, 42.579170687732365], [-123.6075295311812, 42.57917423075782], [-123.60268377447908, 42.57923706820932], [-123.602636762839, 42.5754921649763], [-123.60259210230294, 42.572359693781856], [-123.60259110621756, 42.571855226749975], [-123.60259092118996, 42.57169233473966], [-123.60258693859824, 42.56819429151821], [-123.60258913729103, 42.56637418940264], [-123.60258975520475, 42.56586266637013], [-123.6025843409829, 42.56455410628762], [-123.60283024601894, 42.56455344826492], [-123.60332207709112, 42.56455216721945], [-123.6038138081632, 42.56455086817395], [-123.60627277052376, 42.56454436394659], [-123.607502236704, 42.5645411258329], [-123.60873170288423, 42.564537887719176], [-123.60996119706451, 42.56453464960553], [-123.61242013242499, 42.564528173378136], [-123.61487909378539, 42.564521668150746], [-123.61584468892691, 42.564519128061434], [-123.61733802714583, 42.56451519092337], [-123.62225592186647, 42.56450221146856], [-123.62318778900377, 42.56450377638263], [-123.62619579644671, 42.56450882810527], [-123.62716267858904, 42.564510452016115], [-123.63206946331145, 42.564518694563695]]]}, "properties": {"title": "Golden Dream", "description": "lode | serial OR106748762 | 20.66115702 ac | Active | qtr-sec OR 33 0340S 0080W 034 E SE | OR 33 0340S 0080W 035 E GovernmentLot11 | recorded~2025 (DB date, not legal located date) | src: BLM MLRS Not Closed | boundary approx (BLM quarter-section) | do not dig here (active claim)", "stroke": "#ff3300", "stroke-width": 2, "fill": "#ff3300", "fill-opacity": 0.05, "stroke-dasharray": "1,6"}}, {"type": "Feature", "geometry": {"type": "Polygon", "coordinates": [[[-123.03953999924032, 42.26372000031595], [-123.04092999969716, 42.26523000028998], [-123.03673000037622, 42.26709999979592], [-123.03542999994764, 42.26567999981966], [-123.03953999924032, 42.26372000031595]]]}, "properties": {"title": "Zippo Red", "description": "placer | serial OR106749872 | 18.45 ac | Active | qtr-sec OR 33 0380S 0030W 015 A SWNE | OR 33 0380S 0030W 015 L 2 | OR 33 0380S 0030W 015 A NWSE | OR 33 0380S 0030W 015 L 4 | recorded~2025 (DB date, not legal located date) | src: BLM MLRS Not Closed | boundary approx (BLM quarter-section) | do not dig here (active claim)", "stroke": "#ff3300", "stroke-width": 2, "fill": "#ff3300", "fill-opacity": 0.05, "stroke-dasharray": "1,6"}}, {"type": "Feature", "geometry": {"type": "Polygon", "coordinates": [[[-123.27600343661364, 42.34298498700304], [-123.27840205097519, 42.34301633078611], [-123.27839459027719, 42.34484324090614], [-123.27838712857918, 42.34667015202608], [-123.27599545821778, 42.34663372324211], [-123.27599944791568, 42.34480934812257], [-123.27600343661364, 42.34298498700304]]]}, "properties": {"title": "Mother Load 1", "description": "placer | serial OR106750544 | 20.0 ac | Active | qtr-sec OR 33 0370S 0050W 022 A W2NWNE | recorded~2025 (DB date, not legal located date) | src: BLM MLRS Not Closed | boundary approx (BLM quarter-section) | do not dig here (active claim)", "stroke": "#ff3300", "stroke-width": 2, "fill": "#ff3300", "fill-opacity": 0.05, "stroke-dasharray": "1,6"}}, {"type": "Feature", "geometry": {"type": "Polygon", "coordinates": [[[-123.17262433839956, 42.38619554127417], [-123.17014302103166, 42.38620893150183], [-123.1701675457328, 42.384389718380284], [-123.1726393210991, 42.38437541915345], [-123.17511109646539, 42.38436111892657], [-123.17510565576742, 42.3861821520465], [-123.17262433839956, 42.38619554127417]]]}, "properties": {"title": "Birdseye", "description": "placer | serial OR106750541 | 20.0 ac | Active | qtr-sec OR 33 0370S 0040W 004 A N2SENE | recorded~2025 (DB date, not legal located date) | src: BLM MLRS Not Closed | boundary approx (BLM quarter-section) | do not dig here (active claim)", "stroke": "#ff3300", "stroke-width": 2, "fill": "#ff3300", "fill-opacity": 0.05, "stroke-dasharray": "1,6"}}, {"type": "Feature", "geometry": {"type": "Polygon", "coordinates": [[[-123.26876877171541, 42.331989299944716], [-123.27360786543656, 42.332001627503956], [-123.27844698515757, 42.332013927063265], [-123.2833419708994, 42.33210239062236], [-123.2882369836411, 42.332190855181445], [-123.28819761423844, 42.33582959342265], [-123.2881635778369, 42.3394687476634], [-123.28812081943329, 42.34310290190456], [-123.28807806002986, 42.34673705614567], [-123.28323258130457, 42.346703617585916], [-123.27838712857918, 42.34667015202608], [-123.27599545821778, 42.34663372324211], [-123.2736038168563, 42.346597295458096], [-123.2712121474949, 42.346560867674086], [-123.26882047713339, 42.34652443989001], [-123.26880756452867, 42.34289067565378], [-123.26879462492411, 42.33925688341745], [-123.26878168431968, 42.33562309218112], [-123.26876877171541, 42.331989299944716]]]}, "properties": {"title": "Mother Load 2", "description": "placer | serial OR106750545 | 40.0 ac | Active | qtr-sec OR 33 0370S 0050W 022 E SWNW,NESW | recorded~2025 (DB date, not legal located date) | src: BLM MLRS Not Closed | boundary approx (BLM quarter-section) | do not dig here (active claim)", "stroke": "#ff3300", "stroke-width": 2, "fill": "#ff3300", "fill-opacity": 0.05, "stroke-dasharray": "1,6"}}, {"type": "Feature", "geometry": {"type": "Polygon", "coordinates": [[[-123.25926491457075, 42.655571227822875], [-123.25925366827056, 42.653812255710534], [-123.26175510964357, 42.653814609479426], [-123.26425655101662, 42.6538169632483], [-123.26427118932173, 42.65560210136197], [-123.26176805194625, 42.65558666459243], [-123.25926491457075, 42.655571227822875]]]}, "properties": {"title": "Eastman", "description": "placer | serial OR106752926 | 20.0 ac | Active | qtr-sec OR 33 0330S 0050W 035 A N2SESW | recorded~2025 (DB date, not legal located date) | src: BLM MLRS Not Closed | boundary approx (BLM quarter-section) | do not dig here (active claim)", "stroke": "#ff3300", "stroke-width": 2, "fill": "#ff3300", "fill-opacity": 0.05, "stroke-dasharray": "1,6"}}, {"type": "Feature", "geometry": {"type": "Polygon", "coordinates": [[[-123.63649973404158, 42.487825490291804], [-123.63895498240194, 42.48782495606586], [-123.63896790371021, 42.48964835218048], [-123.63898082401852, 42.491471747295066], [-123.63652243665729, 42.491470155521235], [-123.63651108534941, 42.48964782240653], [-123.63649973404158, 42.487825490291804]]]}, "properties": {"title": "Minnow", "description": "placer | serial OR106754791 | 40.0 ac | Active | qtr-sec OR 33 0350S 0080W 034 A E2NWNW | recorded~2025 (DB date, not legal located date) | src: BLM MLRS Not Closed | boundary approx (BLM quarter-section) | do not dig here (active claim)", "stroke": "#ff3300", "stroke-width": 2, "fill": "#ff3300", "fill-opacity": 0.05, "stroke-dasharray": "1,6"}}, {"type": "Feature", "geometry": {"type": "Polygon", "coordinates": [[[-123.04531148901559, 42.30562014457256], [-123.04777797938802, 42.30563868234928], [-123.04777049169054, 42.30747651647181], [-123.0477630029931, 42.30931435159434], [-123.04528741361958, 42.30929765381858], [-123.04529945131759, 42.307458923695584], [-123.04531148901559, 42.30562014457256]]]}, "properties": {"title": "Forest Creek B", "description": "placer | serial OR106754937 | 40.0 ac | Active | qtr-sec OR 33 0370S 0030W 034 A W2NESW | recorded~2025 (DB date, not legal located date) | src: BLM MLRS Not Closed | boundary approx (BLM quarter-section) | do not dig here (active claim)", "stroke": "#ff3300", "stroke-width": 2, "fill": "#ff3300", "fill-opacity": 0.05, "stroke-dasharray": "1,6"}}, {"type": "Feature", "geometry": {"type": "Polygon", "coordinates": [[[-123.04528741361958, 42.30929765381858], [-123.0477630029931, 42.30931435159434], [-123.04775559729612, 42.31115479171699], [-123.04774819259923, 42.312995521839696], [-123.04526304922499, 42.31298305406511], [-123.04527523092226, 42.3111403549419], [-123.04528741361958, 42.30929765381858]]]}, "properties": {"title": "Forest Creek A", "description": "placer | serial OR106754936 | 40.0 ac | Active | qtr-sec OR 33 0370S 0030W 034 A W2SENW | recorded~2025 (DB date, not legal located date) | src: BLM MLRS Not Closed | boundary approx (BLM quarter-section) | do not dig here (active claim)", "stroke": "#ff3300", "stroke-width": 2, "fill": "#ff3300", "fill-opacity": 0.05, "stroke-dasharray": "1,6"}}, {"type": "Feature", "geometry": {"type": "Polygon", "coordinates": [[[-123.40903205390076, 42.65602258799806], [-123.41151516226752, 42.65601527476782], [-123.41147503459001, 42.65794865989499], [-123.4114349059125, 42.65988204502221], [-123.40895217254555, 42.65988752525232], [-123.40899211322315, 42.6579550501252], [-123.40903205390076, 42.65602258799806]]]}, "properties": {"title": "Flume Gulch 2", "description": "placer | serial OR106757390 | 40.0 ac | Active | qtr-sec OR 33 0330S 0060W 033 A W2NESE | recorded~2025 (DB date, not legal located date) | src: BLM MLRS Not Closed | boundary approx (BLM quarter-section) | do not dig here (active claim)", "stroke": "#ff3300", "stroke-width": 2, "fill": "#ff3300", "fill-opacity": 0.05, "stroke-dasharray": "1,6"}}, {"type": "Feature", "geometry": {"type": "Polygon", "coordinates": [[[-123.05480022114358, 42.36425175658942], [-123.05724461350538, 42.36422614436468], [-123.05725512280983, 42.366051518484326], [-123.05728549811764, 42.36787853460232], [-123.05486198575998, 42.36791035382555], [-123.05483110345173, 42.366081054707486], [-123.05480022114358, 42.36425175658942]]]}, "properties": {"title": "Morning Whimsy", "description": "placer | serial OR106751919 | 20.0 ac | Active | qtr-sec OR 33 0370S 0030W 009 A W2NESE | recorded~2025 (DB date, not legal located date) | src: BLM MLRS Not Closed | boundary approx (BLM quarter-section) | do not dig here (active claim)", "stroke": "#ff3300", "stroke-width": 2, "fill": "#ff3300", "fill-opacity": 0.05, "stroke-dasharray": "1,6"}}, {"type": "Feature", "geometry": {"type": "Polygon", "coordinates": [[[-123.26899820229917, 42.633626691508766], [-123.26905921892879, 42.63728842573918], [-123.26399961815976, 42.63719683120074], [-123.26395009453842, 42.633573496971664], [-123.2639007339194, 42.62996296874332], [-123.2689371856697, 42.62996495727825], [-123.26899820229917, 42.633626691508766]]]}, "properties": {"title": "Brother's Gold", "description": "placer | serial OR106754574 | 84.89 ac | Active | qtr-sec OR 33 0340S 0050W 011 L 4,5 | OR 33 0340S 0050W 011 L 5 | OR 33 0340S 0050W 011 L 4 | recorded~2025 (DB date, not legal located date) | src: BLM MLRS Not Closed | boundary approx (BLM quarter-section) | do not dig here (active claim)", "stroke": "#ff3300", "stroke-width": 2, "fill": "#ff3300", "fill-opacity": 0.05, "stroke-dasharray": "1,6"}}, {"type": "Feature", "geometry": {"type": "Polygon", "coordinates": [[[-123.32812045480526, 42.261104685902126], [-123.33055073616767, 42.26111789268181], [-123.33298101753005, 42.2611311004615], [-123.33541128889236, 42.26114422424121], [-123.33784156025467, 42.261157348020895], [-123.33784624440707, 42.26207705308055], [-123.34270643313046, 42.26209662763951], [-123.34271428173946, 42.26578103187937], [-123.33786501001676, 42.265755873319186], [-123.33785093555947, 42.26299675814023], [-123.33542290519756, 42.26298382136036], [-123.33299487383556, 42.26297088558047], [-123.33056683147352, 42.26295784080062], [-123.32813879011147, 42.26294479702078], [-123.32812961895837, 42.26202473796147], [-123.32812045480526, 42.261104685902126]]]}, "properties": {"title": "Jaystone", "description": "placer | serial OR106754586 | 80.0 ac | Active | qtr-sec OR 33 0380S 0050W 018 A NESW | OR 33 0380S 0050W 018 A N2N2SWSE | OR 33 0380S 0050W 018 A N2N2SESE | OR 33 0380S 0050W 018 A S2S2NWSE | OR 33 0380S 0050W 018 A S2S2NESE | recorded~2025 (DB date, not legal located date) | src: BLM MLRS Not Closed | boundary approx (BLM quarter-section) | do not dig here (active claim)", "stroke": "#ff3300", "stroke-width": 2, "fill": "#ff3300", "fill-opacity": 0.05, "stroke-dasharray": "1,6"}}, {"type": "Feature", "geometry": {"type": "Polygon", "coordinates": [[[-122.92177501085759, 42.18014459141036], [-122.91933865949228, 42.18014993963117], [-122.91934311419674, 42.1783386465091], [-122.92177961156204, 42.17833318028828], [-122.92421610892724, 42.17832771406747], [-122.92421136322278, 42.18013924318956], [-122.92177501085759, 42.18014459141036]]]}, "properties": {"title": "Quartz Matrix", "description": "lode | serial OR106751063 | 40.0 ac | Active | qtr-sec OR 33 0390S 0020W 015 A S2SWNE | recorded~2025 (DB date, not legal located date) | src: BLM MLRS Not Closed | boundary approx (BLM quarter-section) | do not dig here (active claim)", "stroke": "#ff3300", "stroke-width": 2, "fill": "#ff3300", "fill-opacity": 0.05, "stroke-dasharray": "1,6"}}, {"type": "Feature", "geometry": {"type": "Polygon", "coordinates": [[[-123.62423042985067, 42.49146225465208], [-123.62668883221208, 42.49146384642592], [-123.62670248851903, 42.49327880454], [-123.62671614382612, 42.49509376265408], [-123.62425815846466, 42.495091586880186], [-123.62424429515762, 42.4932769207661], [-123.62423042985067, 42.49146225465208]]]}, "properties": {"title": "RETAYLORS DREAM", "description": "placer | serial OR106754572 | 20.0 ac | Active | qtr-sec OR 33 0350S 0080W 027 A W2SESE | recorded~2025 (DB date, not legal located date) | src: BLM MLRS Not Closed | boundary approx (BLM quarter-section) | do not dig here (active claim)", "stroke": "#ff3300", "stroke-width": 2, "fill": "#ff3300", "fill-opacity": 0.05, "stroke-dasharray": "1,6"}}, {"type": "Feature", "geometry": {"type": "Polygon", "coordinates": [[[-123.6097445796123, 42.52053609183337], [-123.60728171825134, 42.52054272306074], [-123.60725339994167, 42.518727978948036], [-123.60971734530274, 42.5187211747206], [-123.6121812886638, 42.518714370493164], [-123.6122074409732, 42.52052946060606], [-123.6097445796123, 42.52053609183337]]]}, "properties": {"title": "Chief Taylor", "description": "placer | serial OR106754576 | 20.0 ac | Active | qtr-sec OR 33 0350S 0080W 023 A N2NWNE | recorded~2025 (DB date, not legal located date) | src: BLM MLRS Not Closed | boundary approx (BLM quarter-section) | do not dig here (active claim)", "stroke": "#ff3300", "stroke-width": 2, "fill": "#ff3300", "fill-opacity": 0.05, "stroke-dasharray": "1,6"}}, {"type": "Feature", "geometry": {"type": "Polygon", "coordinates": [[[-123.52430382031433, 42.59331667934277], [-123.5292994120632, 42.59338759988581], [-123.53429500381196, 42.593458519428914], [-123.53432918443013, 42.5970814576561], [-123.53436336404843, 42.60070437288328], [-123.52937287130082, 42.600636083340056], [-123.52438237855307, 42.60056781779686], [-123.52434309993359, 42.59694224856984], [-123.52430382031433, 42.59331667934277]]]}, "properties": {"title": "The Wedge", "description": "placer | serial OR106754585 | 20.0 ac | Filed | qtr-sec OR 33 0340S 0070W 021 A NWSE | OR 33 0340S 0070W 021 A NESE | OR 33 0340S 0070W 021 A SWSE | OR 33 0340S 0070W 021 A SESE | recorded~2025 (DB date, not legal located date) | src: BLM MLRS Not Closed | boundary approx (BLM quarter-section) | do not dig here (active claim)", "stroke": "#ff3300", "stroke-width": 2, "fill": "#ff3300", "fill-opacity": 0.05, "stroke-dasharray": "1,6"}}, {"type": "Feature", "geometry": {"type": "Polygon", "coordinates": [[[-123.3064500162308, 42.535080944694094], [-123.30892592359895, 42.53508253946629], [-123.30890863390398, 42.53691019058604], [-123.30889134420897, 42.53873784070569], [-123.30642510284181, 42.53873366293241], [-123.30643756053622, 42.536907304813276], [-123.3064500162308, 42.535080944694094]]]}, "properties": {"title": "Gopher", "description": "lode | serial OR106754591 | 20.66 ac | Active | qtr-sec OR 33 0350S 0050W 009 W2SWSW | recorded~2025 (DB date, not legal located date) | src: BLM MLRS Not Closed | boundary approx (BLM quarter-section) | do not dig here (active claim)", "stroke": "#ff3300", "stroke-width": 2, "fill": "#ff3300", "fill-opacity": 0.05, "stroke-dasharray": "1,6"}}, {"type": "Feature", "geometry": {"type": "Polygon", "coordinates": [[[-123.17068579390798, 42.688278629127915], [-123.17192217109309, 42.68828036701361], [-123.17315854927817, 42.68828210489934], [-123.17439492646325, 42.68828384078505], [-123.17563132764838, 42.68828554367075], [-123.17810408201852, 42.688289035442125], [-123.18057686038863, 42.688292458213525], [-123.18058198300254, 42.69189791144606], [-123.18058454430953, 42.69370062556237], [-123.18058710661657, 42.695503340678606], [-123.17809751724488, 42.695505482909226], [-123.17560792887319, 42.695507625139776], [-123.17311834050145, 42.6955097673704], [-123.17062872812963, 42.69551190960095], [-123.17064299982415, 42.6937035834827], [-123.17065727251875, 42.69189525736449], [-123.17066440236601, 42.690991106305326], [-123.17067153321335, 42.69008695524621], [-123.1706786630607, 42.68918280418707], [-123.17068579390798, 42.688278629127915]]]}, "properties": {"title": "Fine Line", "description": "placer | serial OR106754583 | 20.0 ac | Filed | qtr-sec OR 33 0330S 0040W 021 A SWNE | OR 33 0330S 0040W 021 B NENWNE | OR 33 0330S 0040W 021 B NWNWNE | OR 33 0330S 0040W 021 B SWNWNE | OR 33 0330S 0040W 021 B SENWNE | OR 33 0330S 0040W 021 B NENENE | OR 33 0330S 0040W 021 B NWNENE | OR 33 0330S 0040W 021 B SWNENE | OR 33 0330S 0040W 021 B SENENE | OR 33 0330S 0040W 021 B NESESENE | OR 33 0330S 0040W 021 B NWSESENE | OR 33 0330S 0040W 021 B SWSESENE | OR 33 0330S 0040W 021 B SESESENE | OR 33 0330S 0040W 021 B NENESENE | OR 33 0330S 0040W 021 B NWNESENE | OR 33 0330S 0040W 021 B SWNESENE | OR 33 0330S 0040W 021 B SENESENE | OR 33 0330S 0040W 021 B NESWSENE | OR 33 0330S 0040W 021 B NWSWSENE | OR 33 0330S 0040W 021 B SWSWSENE | OR 33 0330S 0040W 021 B SESWSENE | OR 33 0330S 0040W 021 B NENWSENE | OR 33 0330S 0040W 021 B NWNWSENE | OR 33 0330S 0040W 021 B SWNWSENE | OR 33 0330S 0040W 021 B SENWSENE | recorded~2025 (DB date, not legal located date) | src: BLM MLRS Not Closed | boundary approx (BLM quarter-section) | do not dig here (active claim)", "stroke": "#ff3300", "stroke-width": 2, "fill": "#ff3300", "fill-opacity": 0.05, "stroke-dasharray": "1,6"}}, {"type": "Feature", "geometry": {"type": "Polygon", "coordinates": [[[-123.31111581460745, 42.26306689857797], [-123.3136367099787, 42.263051003347485], [-123.313656111132, 42.263962964405415], [-123.31367551228531, 42.264874926463285], [-123.311169214916, 42.264889515692325], [-123.30866291654661, 42.264904104921364], [-123.30862891739133, 42.263993448864895], [-123.3085949192361, 42.263082793808415], [-123.31111581460745, 42.26306689857797]]]}, "properties": {"title": "Laura's Luck 2", "description": "placer | serial OR106754592 | 41.41 ac | Active | qtr-sec OR 33 0380S 0050W 017 A N2S2NESE,S2N2NESE | recorded~2025 (DB date, not legal located date) | src: BLM MLRS Not Closed | boundary approx (BLM quarter-section) | do not dig here (active claim)", "stroke": "#ff3300", "stroke-width": 2, "fill": "#ff3300", "fill-opacity": 0.05, "stroke-dasharray": "1,6"}}, {"type": "Feature", "geometry": {"type": "Polygon", "coordinates": [[[-123.53425407414746, 42.571820036055925], [-123.53927976889075, 42.57183346659298], [-123.54430545763383, 42.571846895129944], [-123.54430013624437, 42.57546482236058], [-123.54429674985545, 42.579083502591054], [-123.53920679909929, 42.57904891705879], [-123.53411684934295, 42.57901433152647], [-123.53418546174512, 42.575417185291194], [-123.53425407414746, 42.571820036055925]]]}, "properties": {"title": "Little Lower", "description": "placer | serial OR106754584 | 20.0 ac | Filed | qtr-sec OR 33 0340S 0070W 033 A NWNW | OR 33 0340S 0070W 033 A NENW | OR 33 0340S 0070W 033 A SWNW | OR 33 0340S 0070W 033 A SENW | recorded~2025 (DB date, not legal located date) | src: BLM MLRS Not Closed | boundary approx (BLM quarter-section) | do not dig here (active claim)", "stroke": "#ff3300", "stroke-width": 2, "fill": "#ff3300", "fill-opacity": 0.05, "stroke-dasharray": "1,6"}}, {"type": "Feature", "geometry": {"type": "Polygon", "coordinates": [[[-123.46746634582517, 42.58092082680021], [-123.46995437418144, 42.58085285156619], [-123.46994598048775, 42.58267273768325], [-123.46993757579409, 42.58449253080022], [-123.46744721343885, 42.584568725035005], [-123.46745677613197, 42.582744798917616], [-123.46746634582517, 42.58092082680021]]]}, "properties": {"title": "Vellestone", "description": "placer | serial OR106754589 | 20.0 ac | Active | qtr-sec OR 33 0340S 0070W 025 A SWNESE | OR 33 0340S 0070W 025 A NWSESE | recorded~2025 (DB date, not legal located date) | src: BLM MLRS Not Closed | boundary approx (BLM quarter-section) | do not dig here (active claim)", "stroke": "#ff3300", "stroke-width": 2, "fill": "#ff3300", "fill-opacity": 0.05, "stroke-dasharray": "1,6"}}, {"type": "Feature", "geometry": {"type": "Polygon", "coordinates": [[[-123.61210286173568, 42.51326909915446], [-123.61215513735438, 42.51689928038027], [-123.6122074409732, 42.52052946060606], [-123.60728171825134, 42.52054272306074], [-123.60235602252936, 42.520555981515386], [-123.60229502590944, 42.516926995290376], [-123.60223400028973, 42.51329801006526], [-123.60716841701274, 42.5132836656099], [-123.61210286173568, 42.51326909915446]]]}, "properties": {"title": "Taylor Creek B", "description": "placer | serial OR106759619 | 160.0 ac | Active | qtr-sec OR 33 0350S 0080W 023 A NE | recorded~2025 (DB date, not legal located date) | src: BLM MLRS Not Closed | boundary approx (BLM quarter-section) | do not dig here (active claim)", "stroke": "#ff3300", "stroke-width": 2, "fill": "#ff3300", "fill-opacity": 0.05, "stroke-dasharray": "1,6"}}, {"type": "Feature", "geometry": {"type": "Polygon", "coordinates": [[[-123.62188461494607, 42.50597571379023], [-123.62679811366911, 42.50598273133815], [-123.63171163939198, 42.50598977588612], [-123.63174600000733, 42.509617097113235], [-123.6317803326228, 42.51324444634028], [-123.62687602790197, 42.51324198379193], [-123.62197172418101, 42.51323932824348], [-123.62192816956345, 42.509607507016874], [-123.62188461494607, 42.50597571379023]]]}, "properties": {"title": "Taylor Creek A", "description": "placer | serial OR106759618 | 20.0 ac | Filed | qtr-sec OR 33 0350S 0080W 022 NWSE | OR 33 0350S 0080W 022 NESE | OR 33 0350S 0080W 022 SWSE | OR 33 0350S 0080W 022 SESE | recorded~2025 (DB date, not legal located date) | src: BLM MLRS Not Closed | boundary approx (BLM quarter-section) | do not dig here (active claim)", "stroke": "#ff3300", "stroke-width": 2, "fill": "#ff3300", "fill-opacity": 0.05, "stroke-dasharray": "1,6"}}, {"type": "Feature", "geometry": {"type": "Polygon", "coordinates": [[[-123.63623509943295, 42.47252051534361], [-123.63866597978924, 42.472517081119804], [-123.63866655515575, 42.47470056225857], [-123.63866713152238, 42.476884043397256], [-123.6362359821665, 42.47689038262133], [-123.6362355407997, 42.47470544848248], [-123.63623509943295, 42.47252051534361]]]}, "properties": {"title": "Minnow 1", "description": "placer | serial OR106760018 | 20.0 ac | Active | qtr-sec OR 33 0360S 0080W 003 A E2NWNW | recorded~2025 (DB date, not legal located date) | src: BLM MLRS Not Closed | boundary approx (BLM quarter-section) | do not dig here (active claim)", "stroke": "#ff3300", "stroke-width": 2, "fill": "#ff3300", "fill-opacity": 0.05, "stroke-dasharray": "1,6"}}, {"type": "Feature", "geometry": {"type": "Polygon", "coordinates": [[[-123.48433413505332, 42.41863393984687], [-123.4892251327768, 42.418644712399114], [-123.49412904750208, 42.41865554095019], [-123.49903751822896, 42.41867284150125], [-123.5011895375476, 42.41868041830438], [-123.50394597195579, 42.418690123052286], [-123.50390621555576, 42.42231722728886], [-123.50386643115591, 42.425944303525455], [-123.5038590397637, 42.429587184759995], [-123.50385161737161, 42.43323006599455], [-123.49897794465207, 42.43322578344141], [-123.4965040572868, 42.433223604668264], [-123.49410428293491, 42.43323645388923], [-123.48923012121652, 42.4332408453367], [-123.48435593249796, 42.433245238784124], [-123.48437693588829, 42.42957930254659], [-123.48439754927941, 42.42591767130934], [-123.48436585666629, 42.422275820078106], [-123.48433413505332, 42.41863393984687]]]}, "properties": {"title": "Teyana Claim", "description": "placer | serial OR106760016 | 20.0 ac | Active | qtr-sec OR 33 0360S 0070W 023 D S2SWSW | recorded~2025 (DB date, not legal located date) | src: BLM MLRS Not Closed | boundary approx (BLM quarter-section) | do not dig here (active claim)", "stroke": "#ff3300", "stroke-width": 2, "fill": "#ff3300", "fill-opacity": 0.05, "stroke-dasharray": "1,6"}}, {"type": "Feature", "geometry": {"type": "Polygon", "coordinates": [[[-123.62230080732066, 42.57898268438139], [-123.61983907696417, 42.579014606610784], [-123.61906366885188, 42.57902466168306], [-123.61920921073413, 42.57820190961749], [-123.6180760475393, 42.57803485371154], [-123.61737147831145, 42.577299854730114], [-123.61736540098782, 42.57539124860976], [-123.62228592870535, 42.57535657915317], [-123.62230080732066, 42.57898268438139]]]}, "properties": {"title": "Black Bear", "description": "lode | serial OR106767069 | 20.66 ac | Active | qtr-sec OR 33 0340S 0080W 035 A NWNW | OR 33 0340S 0080W 026 A SESW | recorded~2025 (DB date, not legal located date) | src: BLM MLRS Not Closed | boundary approx (BLM quarter-section) | do not dig here (active claim)", "stroke": "#ff3300", "stroke-width": 2, "fill": "#ff3300", "fill-opacity": 0.05, "stroke-dasharray": "1,6"}}, {"type": "Feature", "geometry": {"type": "Polygon", "coordinates": [[[-122.99397366709518, 42.15200964199336], [-122.99398105479594, 42.15016996886947], [-122.99649982819507, 42.15030274665067], [-122.99901860059421, 42.150435523431796], [-122.99901136489355, 42.15227519755562], [-122.99649251549438, 42.15214241977452], [-122.99397366709518, 42.15200964199336]]]}, "properties": {"title": "Grouse Creek 3", "description": "placer | serial OR106769746 | 40.0 ac | Active | qtr-sec OR 33 0390S 0030W 025 A N2SENE | recorded~2025 (DB date, not legal located date) | src: BLM MLRS Not Closed | boundary approx (BLM quarter-section) | do not dig here (active claim)", "stroke": "#ff3300", "stroke-width": 2, "fill": "#ff3300", "fill-opacity": 0.05, "stroke-dasharray": "1,6"}}, {"type": "Feature", "geometry": {"type": "Polygon", "coordinates": [[[-122.99397366709518, 42.15200964199336], [-122.99649251549438, 42.15214241977452], [-122.99648520379374, 42.153982064898315], [-122.99647789209304, 42.155821710022174], [-122.99395889069383, 42.15568898824106], [-122.99396627839452, 42.153849315117206], [-122.99397366709518, 42.15200964199336]]]}, "properties": {"title": "Grouse Creek 2", "description": "placer | serial OR106769747 | 40.0 ac | Active | qtr-sec OR 33 0390S 0030W 025 A E2NENE | recorded~2025 (DB date, not legal located date) | src: BLM MLRS Not Closed | boundary approx (BLM quarter-section) | do not dig here (active claim)", "stroke": "#ff3300", "stroke-width": 2, "fill": "#ff3300", "fill-opacity": 0.05, "stroke-dasharray": "1,6"}}, {"type": "Feature", "geometry": {"type": "Polygon", "coordinates": [[[-123.61732351806556, 42.59362002676761], [-123.61976627342466, 42.593619571541865], [-123.61974516672672, 42.595421884657824], [-123.61972406102879, 42.59722419777376], [-123.61726095666675, 42.59722489700149], [-123.61729223736614, 42.59542246188456], [-123.61732351806556, 42.59362002676761]]]}, "properties": {"title": "Grouse", "description": "lode | serial OR106763082 | 20.66 ac | Active | qtr-sec OR 33 0340S 0080W 023 A E2SWSW | recorded~2025 (DB date, not legal located date) | src: BLM MLRS Not Closed | boundary approx (BLM quarter-section) | do not dig here (active claim)", "stroke": "#ff3300", "stroke-width": 2, "fill": "#ff3300", "fill-opacity": 0.05, "stroke-dasharray": "1,6"}}, {"type": "Feature", "geometry": {"type": "Polygon", "coordinates": [[[-123.27600343661364, 42.34298498700304], [-123.27840205097519, 42.34301633078611], [-123.27839459027719, 42.34484324090614], [-123.27838712857918, 42.34667015202608], [-123.27599545821778, 42.34663372324211], [-123.27599944791568, 42.34480934812257], [-123.27600343661364, 42.34298498700304]]]}, "properties": {"title": "Remas Pride", "description": "placer | serial OR106769724 | 20.0 ac | Active | qtr-sec OR 33 0370S 0050W 022 W2NWNE | recorded~2025 (DB date, not legal located date) | src: BLM MLRS Not Closed | boundary approx (BLM quarter-section) | do not dig here (active claim)", "stroke": "#ff3300", "stroke-width": 2, "fill": "#ff3300", "fill-opacity": 0.05, "stroke-dasharray": "1,6"}}, {"type": "Feature", "geometry": {"type": "Polygon", "coordinates": [[[-123.27848947077929, 42.335726430301925], [-123.28334487550913, 42.33577811586219], [-123.28331982110862, 42.33941576510204], [-123.2832917427072, 42.343049833341915], [-123.27846266698096, 42.3429967647793], [-123.27847606438027, 42.33936278254072], [-123.27848947077929, 42.335726430301925]]]}, "properties": {"title": "Carson Claims", "description": "placer | serial OR106769723 | 40.0 ac | Active | qtr-sec OR 33 0370S 0050W 022 A SENW | OR 33 0370S 0050W 022 A NESW | recorded~2025 (DB date, not legal located date) | src: BLM MLRS Not Closed | boundary approx (BLM quarter-section) | do not dig here (active claim)", "stroke": "#ff3300", "stroke-width": 2, "fill": "#ff3300", "fill-opacity": 0.05, "stroke-dasharray": "1,6"}}, {"type": "Feature", "geometry": {"type": "Polygon", "coordinates": [[[-123.61210286173568, 42.51326909915446], [-123.61457007009703, 42.51326170492671], [-123.61459511840624, 42.51507699703971], [-123.61462016571546, 42.516892289152715], [-123.61215513735438, 42.51689928038027], [-123.61212899904501, 42.515084190267345], [-123.61210286173568, 42.51326909915446]]]}, "properties": {"title": "Epitome", "description": "placer | serial OR106769913 | 40.0 ac | Active | qtr-sec OR 33 0350S 0080W 023 A E2SENW | recorded~2025 (DB date, not legal located date) | src: BLM MLRS Not Closed | boundary approx (BLM quarter-section) | do not dig here (active claim)", "stroke": "#ff3300", "stroke-width": 2, "fill": "#ff3300", "fill-opacity": 0.05, "stroke-dasharray": "1,6"}}, {"type": "Feature", "geometry": {"type": "Polygon", "coordinates": [[[-123.59251670324997, 42.39625436849445], [-123.59252364385769, 42.39989065272635], [-123.58763282413932, 42.399893908174924], [-123.58762583853171, 42.39625809394295], [-123.59251670324997, 42.39625436849445]]]}, "properties": {"title": "Slate 6", "description": "placer | serial OR106770519 | 20.0 ac | Active | qtr-sec OR 33 0360S 0080W 036 A SWNE | recorded~2025 (DB date, not legal located date) | src: BLM MLRS Not Closed | boundary approx (BLM quarter-section) | do not dig here (active claim)", "stroke": "#ff3300", "stroke-width": 2, "fill": "#ff3300", "fill-opacity": 0.05, "stroke-dasharray": "1,6"}}, {"type": "Feature", "geometry": {"type": "Polygon", "coordinates": [[[-123.10662418524447, 42.1599550063335], [-123.10662860783769, 42.16357924357417], [-123.11182210661242, 42.163575253103744], [-123.11182396976719, 42.16452024216641], [-123.11182441384248, 42.16498012619696], [-123.11183125020582, 42.167194989343585], [-123.11183158535734, 42.16812095140511], [-123.11184259079961, 42.170814004583136], [-123.10663456302429, 42.17082760605557], [-123.10176952329994, 42.17084031049689], [-123.10176251770527, 42.16721151825622], [-123.10175551311072, 42.16358275401547], [-123.10174850751622, 42.15995365777467], [-123.10662418524447, 42.1599550063335]]]}, "properties": {"title": "Stardust 2", "description": "placer | serial OR106770175 | 205.45 ac | Active | qtr-sec OR 33 0390S 0030W 019 A NESW | OR 33 0390S 0030W 019 NW | recorded~2025 (DB date, not legal located date) | src: BLM MLRS Not Closed | boundary approx (BLM quarter-section) | do not dig here (active claim)", "stroke": "#ff3300", "stroke-width": 2, "fill": "#ff3300", "fill-opacity": 0.05, "stroke-dasharray": "1,6"}}, {"type": "Feature", "geometry": {"type": "Polygon", "coordinates": [[[-123.61941303158419, 42.50598374701833], [-123.62188461494607, 42.50597571379023], [-123.6219063922547, 42.507791609903556], [-123.62192816956345, 42.509607507016874], [-123.61945876620189, 42.509615303244814], [-123.61943589889307, 42.50779952613159], [-123.61941303158419, 42.50598374701833]]]}, "properties": {"title": "Paragon", "description": "placer | serial OR106769916 | 20.0 ac | Active | qtr-sec OR 33 0350S 0080W 023 A W2SWSW | recorded~2025 (DB date, not legal located date) | src: BLM MLRS Not Closed | boundary approx (BLM quarter-section) | do not dig here (active claim)", "stroke": "#ff3300", "stroke-width": 2, "fill": "#ff3300", "fill-opacity": 0.05, "stroke-dasharray": "1,6"}}, {"type": "Feature", "geometry": {"type": "Polygon", "coordinates": [[[-123.11180537801815, 42.159956182864654], [-123.11180732417601, 42.16092017192854], [-123.11182210661242, 42.163575253103744], [-123.11182667890905, 42.16538512122367], [-123.10922838752174, 42.165388282459084], [-123.10663009713436, 42.16539144469455], [-123.10662860783769, 42.16357924357417], [-123.10662418524447, 42.1599550063335], [-123.11180537801815, 42.159956182864654]]]}, "properties": {"title": "Stardust 1", "description": "placer | serial OR106770174 | 85.26 ac | Active | qtr-sec OR 33 0390S 0030W 019 A S2SWNW | OR 33 0390S 0030W 019 A NWSW | recorded~2025 (DB date, not legal located date) | src: BLM MLRS Not Closed | boundary approx (BLM quarter-section) | do not dig here (active claim)", "stroke": "#ff3300", "stroke-width": 2, "fill": "#ff3300", "fill-opacity": 0.05, "stroke-dasharray": "1,6"}}, {"type": "Feature", "geometry": {"type": "Polygon", "coordinates": [[[-123.11182210661242, 42.163575253103744], [-123.11182396976719, 42.16452024216641], [-123.11182441384248, 42.16498012619696], [-123.11183125020582, 42.167194989343585], [-123.11183158535734, 42.16812095140511], [-123.11184259079961, 42.170814004583136], [-123.10663456302429, 42.17082760605557], [-123.10176952329994, 42.17084031049689], [-123.10176251770527, 42.16721151825622], [-123.10175551311072, 42.16358275401547], [-123.10662860783769, 42.16357924357417], [-123.11182210661242, 42.163575253103744]]]}, "properties": {"title": "StarDust", "description": "placer | serial OR106770850 | 20.0 ac | Active | qtr-sec OR 33 0390S 0030W 019 L 2 | OR 33 0390S 0030W 019 A SENW | OR 33 0390S 0030W 019 L 1 | OR 33 0390S 0030W 019 A NENW | recorded~2026 (DB date, not legal located date) | src: BLM MLRS Not Closed | boundary approx (BLM quarter-section) | do not dig here (active claim)", "stroke": "#ff3300", "stroke-width": 2, "fill": "#ff3300", "fill-opacity": 0.05, "stroke-dasharray": "1,6"}}, {"type": "Feature", "geometry": {"type": "Polygon", "coordinates": [[[-123.20302047766161, 42.67017301596619], [-123.20548717902858, 42.67016544873755], [-123.20549611733766, 42.67197738285377], [-123.20550504264679, 42.67378930997], [-123.20304264628061, 42.673797835198314], [-123.20303156197109, 42.671985428082266], [-123.20302047766161, 42.67017301596619]]]}, "properties": {"title": "PUREX", "description": "placer | serial OR106771329 | 20.0 ac | Active | qtr-sec OR 33 0330S 0040W 029 A W2NESW | recorded~2026 (DB date, not legal located date) | src: BLM MLRS Not Closed | boundary approx (BLM quarter-section) | do not dig here (active claim)", "stroke": "#ff3300", "stroke-width": 2, "fill": "#ff3300", "fill-opacity": 0.05, "stroke-dasharray": "1,6"}}, {"type": "Feature", "geometry": {"type": "Polygon", "coordinates": [[[-123.20055377629464, 42.67018058319476], [-123.20302047766161, 42.67017301596619], [-123.20303156197109, 42.671985428082266], [-123.20304264628061, 42.673797835198314], [-123.20058024991442, 42.67380636142662], [-123.20056701360453, 42.6719934723107], [-123.20055377629464, 42.67018058319476]]]}, "properties": {"title": "Placer Hill", "description": "placer | serial OR106771327 | 20.0 ac | Active | qtr-sec OR 33 0330S 0040W 029 A E2NESW | recorded~2026 (DB date, not legal located date) | src: BLM MLRS Not Closed | boundary approx (BLM quarter-section) | do not dig here (active claim)", "stroke": "#ff3300", "stroke-width": 2, "fill": "#ff3300", "fill-opacity": 0.05, "stroke-dasharray": "1,6"}}, {"type": "Feature", "geometry": {"type": "Polygon", "coordinates": [[[-123.20548717902858, 42.67016544873755], [-123.20795557939572, 42.670157753508725], [-123.20796150570432, 42.67196922162522], [-123.20796743101289, 42.67378066274165], [-123.20550504264679, 42.67378930997], [-123.20549611733766, 42.67197738285377], [-123.20548717902858, 42.67016544873755]]]}, "properties": {"title": "Good Ol' Boys", "description": "placer | serial OR106771328 | 20.0 ac | Active | qtr-sec OR 33 0330S 0040W 029 A E2NWSW | recorded~2026 (DB date, not legal located date) | src: BLM MLRS Not Closed | boundary approx (BLM quarter-section) | do not dig here (active claim)", "stroke": "#ff3300", "stroke-width": 2, "fill": "#ff3300", "fill-opacity": 0.05, "stroke-dasharray": "1,6"}}, {"type": "Feature", "geometry": {"type": "Polygon", "coordinates": [[[-123.23448379994424, 42.650071930759005], [-123.23449050663552, 42.648245771640475], [-123.23696860300626, 42.64825309341193], [-123.23944670037693, 42.64826041618338], [-123.23943301068662, 42.650098505303276], [-123.2369584053155, 42.65008521853114], [-123.23448379994424, 42.650071930759005]]]}, "properties": {"title": "Jeanie", "description": "placer | serial OR106771851 | 20.0 ac | Active | qtr-sec OR 33 0340S 0050W 001 A S2NWNE | recorded~2026 (DB date, not legal located date) | src: BLM MLRS Not Closed | boundary approx (BLM quarter-section) | do not dig here (active claim)", "stroke": "#ff3300", "stroke-width": 2, "fill": "#ff3300", "fill-opacity": 0.05, "stroke-dasharray": "1,6"}}, {"type": "Feature", "geometry": {"type": "Polygon", "coordinates": [[[-123.36746108565016, 42.303576390088956], [-123.36989420400721, 42.303557011865855], [-123.36988692130038, 42.30533509798219], [-123.36987963759363, 42.30711318409857], [-123.36745061023626, 42.307127034321006], [-123.36745584794318, 42.30535171220497], [-123.36746108565016, 42.303576390088956]]]}, "properties": {"title": "Old Man's Quartz", "description": "placer | serial OR106771813 | 20.0 ac | Active | qtr-sec OR 33 0370S 0060W 035 A E2SESE | recorded~2026 (DB date, not legal located date) | src: BLM MLRS Not Closed | boundary approx (BLM quarter-section) | do not dig here (active claim)", "stroke": "#ff3300", "stroke-width": 2, "fill": "#ff3300", "fill-opacity": 0.05, "stroke-dasharray": "1,6"}}, {"type": "Feature", "geometry": {"type": "Polygon", "coordinates": [[[-123.28881718111332, 42.261942929533404], [-123.28882534441139, 42.263743069650616], [-123.28881397870933, 42.26555966677066], [-123.28759586352932, 42.26556458588182], [-123.2863677753492, 42.26557789399447], [-123.28513968716906, 42.26559120210708], [-123.28390162398884, 42.26561317722116], [-123.2839044083903, 42.26198127298293], [-123.28636080875185, 42.26196211575813], [-123.28881718111332, 42.261942929533404]]]}, "properties": {"title": "Eclipse", "description": "lode | serial OR106779086 | 20.66115702 ac | Active | qtr-sec OR 33 0380S 0050W 015 A NWSW | recorded~2026 (DB date, not legal located date) | src: BLM MLRS Not Closed | boundary approx (BLM quarter-section) | do not dig here (active claim)", "stroke": "#ff3300", "stroke-width": 2, "fill": "#ff3300", "fill-opacity": 0.05, "stroke-dasharray": "1,6"}}, {"type": "Feature", "geometry": {"type": "Polygon", "coordinates": [[[-122.99384003871423, 42.37455793983441], [-122.9986350424438, 42.374618039400836], [-123.00116967582942, 42.37464966317161], [-123.00343004617332, 42.37467813796724], [-123.00821667988278, 42.374625868526905], [-123.01300331359208, 42.37457359808662], [-123.0154844569739, 42.374631802864045], [-123.01796575835556, 42.374689121641325], [-123.0229282311189, 42.374804645196065], [-123.02531321447073, 42.37477011697607], [-123.02770083082275, 42.374734200755775], [-123.03247340252648, 42.37466375731552], [-123.03259815716014, 42.378367172549105], [-123.03272293779395, 42.38207058878258], [-123.03284830342804, 42.385774088016056], [-123.03297678207815, 42.38957014325529], [-123.0280978733429, 42.38954714369936], [-123.02321857560769, 42.38952553414353], [-123.02077894024, 42.3895145203656], [-123.01833930587226, 42.389503507587676], [-123.01589967150453, 42.38949249180977], [-123.01346003513673, 42.389481481031815], [-123.00855819140153, 42.38948220947953], [-123.00365634866618, 42.38948293892718], [-123.00117002229126, 42.38947206215355], [-122.99931362701192, 42.38946755332274], [-122.99875074692716, 42.38946617237405], [-122.99384816318933, 42.389454046820916], [-122.9938438858267, 42.38727563667698], [-122.9938402925216, 42.38544213755585], [-122.99383494591561, 42.38179863931486], [-122.99383749231481, 42.378178290074636], [-122.99383975376352, 42.3748553648542], [-122.99384003871423, 42.37455793983441]]]}, "properties": {"title": "WONDERLAND", "description": "lode | serial OR106781550 | 1537.03 ac | Active | qtr-sec OR 33 0370S 0030W 001 E SW | OR 33 0370S 0030W 002 E SE | recorded~2026 (DB date, not legal located date) | src: BLM MLRS Not Closed | boundary approx (BLM quarter-section) | do not dig here (active claim)", "stroke": "#ff3300", "stroke-width": 2, "fill": "#ff3300", "fill-opacity": 0.05, "stroke-dasharray": "1,6"}}, {"type": "Feature", "geometry": {"type": "Polygon", "coordinates": [[[-123.62422000493315, 42.486010131306465], [-123.62176632657292, 42.486011428532315], [-123.62176443426756, 42.48419502641702], [-123.62421652962743, 42.484192742191254], [-123.62666862498723, 42.484190458965486], [-123.62667368329342, 42.48600883308059], [-123.62422000493315, 42.486010131306465]]]}, "properties": {"title": "Minnow Three", "description": "placer | serial OR106781549 | 20.0 ac | Active | qtr-sec OR 33 0350S 0080W 034 A S2SENE | recorded~2026 (DB date, not legal located date) | src: BLM MLRS Not Closed | boundary approx (BLM quarter-section) | do not dig here (active claim)", "stroke": "#ff3300", "stroke-width": 2, "fill": "#ff3300", "fill-opacity": 0.05, "stroke-dasharray": "1,6"}}, {"type": "Feature", "geometry": {"type": "Polygon", "coordinates": [[[-123.62422348023897, 42.4878275194217], [-123.62176821887833, 42.48782783164764], [-123.62176632657292, 42.486011428532315], [-123.62422000493315, 42.486010131306465], [-123.62667368329342, 42.48600883308059], [-123.62667874159959, 42.48782720819574], [-123.62422348023897, 42.4878275194217]]]}, "properties": {"title": "Golden Dream", "description": "placer | serial OR106781548 | 20.0 ac | Active | qtr-sec OR 33 0350S 0080W 034 A N2SENE | recorded~2026 (DB date, not legal located date) | src: BLM MLRS Not Closed | boundary approx (BLM quarter-section) | do not dig here (active claim)", "stroke": "#ff3300", "stroke-width": 2, "fill": "#ff3300", "fill-opacity": 0.05, "stroke-dasharray": "1,6"}}, {"type": "Feature", "geometry": {"type": "Polygon", "coordinates": [[[-123.45511052621886, 42.325366913505], [-123.4599704089376, 42.325374960061716], [-123.46445850860125, 42.32538238165236], [-123.46442527434431, 42.32386246955713], [-123.46952615208876, 42.32381303008813], [-123.47448447281235, 42.323764957632264], [-123.47451005643586, 42.32750138987138], [-123.4745356430595, 42.33123781911048], [-123.46961157433616, 42.33125716056149], [-123.46458825359977, 42.331286726022235], [-123.46458566857957, 42.331167227014745], [-123.46293771933588, 42.3311645071651], [-123.4605423819818, 42.33116130138371], [-123.45995411089474, 42.33116006243732], [-123.45575048627386, 42.33115769582116], [-123.45515735318608, 42.33115645687522], [-123.45514007882923, 42.32902077673868], [-123.45511052621886, 42.325366913505]]]}, "properties": {"title": "MMQ 2", "description": "lode | serial OR106777728 | 20.66 ac | Active | qtr-sec OR 33 0370S 0060W 030 B SENW | OR 33 0370S 0060W 030 L 4 | OR 33 0370S 0060W 030 L 3 | OR 33 0370S 0070W 025 A NWNE | OR 33 0370S 0070W 025 A SWNE | OR 33 0370S 0070W 025 L 1 | OR 33 0370S 0070W 025 L 2 | OR 33 0370S 0060W 030 V 5 | OR 33 0370S 0060W 030 L 5 | OR 33 0370S 0060W 030 | OR 33 0370S 0060W 030 | OR 33 0370S 0060W 030 A SENW | recorded~2026 (DB date, not legal located date) | src: BLM MLRS Not Closed | boundary approx (BLM quarter-section) | do not dig here (active claim)", "stroke": "#ff3300", "stroke-width": 2, "fill": "#ff3300", "fill-opacity": 0.05, "stroke-dasharray": "1,6"}}, {"type": "Feature", "geometry": {"type": "Polygon", "coordinates": [[[-123.63203203598844, 42.58629843194527], [-123.63202726360645, 42.5899542461769], [-123.63202487691552, 42.59178215329272], [-123.63202249122457, 42.593610059408476], [-123.62711577150421, 42.59361460086229], [-123.62619631536924, 42.59361544694733], [-123.62220902778373, 42.59361911731603], [-123.61732351806556, 42.59362002676761], [-123.61470063367994, 42.593620515010045], [-123.61255286436422, 42.59362093520856], [-123.6124379853473, 42.593620935219185], [-123.61244084888435, 42.59088340504564], [-123.61244175673289, 42.589987658988875], [-123.61244549812344, 42.58638286776026], [-123.6140512373565, 42.58636478361078], [-123.61735022283531, 42.58632763030364], [-123.62225489355183, 42.58630087784879], [-123.62714347627022, 42.58629966639706], [-123.63203203598844, 42.58629843194527]]]}, "properties": {"title": "MP32", "description": "lode | serial OR106770940 | 20.66 ac | Active | qtr-sec OR 33 0340S 0080W 026 A NENW | OR 33 0340S 0080W 026 A NWNW | OR 33 0340S 0080W 026 A SENW | OR 33 0340S 0080W 026 A SWNW | OR 33 0340S 0080W 027 A NENE | OR 33 0340S 0080W 027 A NWNE | OR 33 0340S 0080W 027 A SENE | OR 33 0340S 0080W 027 A SWNE | OR 33 0340S 0080W 026 | OR 33 0340S 0080W 026 | OR 33 0340S 0080W 026 | recorded~2026 (DB date, not legal located date) | src: BLM MLRS Not Closed | boundary approx (BLM quarter-section) | do not dig here (active claim)", "stroke": "#ff3300", "stroke-width": 2, "fill": "#ff3300", "fill-opacity": 0.05, "stroke-dasharray": "1,6"}}, {"type": "Feature", "geometry": {"type": "Polygon", "coordinates": [[[-123.62351839449968, 42.57898297626892], [-123.62473598267869, 42.57898326615647], [-123.6259535708577, 42.57898357404407], [-123.6261960328933, 42.57898363802162], [-123.62717118203676, 42.578983893931586], [-123.63204155775267, 42.57898508148178], [-123.63203680837049, 42.58264175671354], [-123.63203203598844, 42.58629843194527], [-123.62714347627022, 42.58629966639706], [-123.62225489355183, 42.58630087784879], [-123.61735022283531, 42.58632763030364], [-123.6140512373565, 42.58636478361078], [-123.61244549812344, 42.58638286776026], [-123.61244933550186, 42.58270538652709], [-123.6124495314684, 42.582507228514466], [-123.61245306089447, 42.57911038529905], [-123.61681611352635, 42.57905380689249], [-123.61737685260755, 42.57904653584021], [-123.61906366885188, 42.57902466168306], [-123.61983907696417, 42.579014606610784], [-123.62230080732066, 42.57898268438139], [-123.62351839449968, 42.57898297626892]]]}, "properties": {"title": "MP38", "description": "lode | serial OR106770946 | 20.66 ac | Active | qtr-sec OR 33 0340S 0080W 026 A NESW | OR 33 0340S 0080W 027 A NESE | OR 33 0340S 0080W 027 A NWSE | OR 33 0340S 0080W 027 A SWSE | OR 33 0340S 0080W 026 A NESW | OR 33 0340S 0080W 026 A NWSW | OR 33 0340S 0080W 026 A SESW | OR 33 0340S 0080W 026 A SWSW | OR 33 0340S 0080W 026 | OR 33 0340S 0080W 026 | OR 33 0340S 0080W 026 | OR 33 0340S 0080W 026 | OR 33 0340S 0080W 026 | OR 33 0340S 0080W 026 | OR 33 0340S 0080W 026 | OR 33 0340S 0080W 026 | OR 33 0340S 0080W 026 | OR 33 0340S 0080W 026 | OR 33 0340S 0080W 026 | OR 33 0340S 0080W 026 | OR 33 0340S 0080W 026 | OR 33 0340S 0080W 027 B NENESESE | OR 33 0340S 0080W 027 B NWNESESE | OR 33 0340S 0080W 027 B SWNESESE | OR 33 0340S 0080W 027 B SENESESE | OR 33 0340S 0080W 027 B NENWSESE | OR 33 0340S 0080W 027 B NWNWSESE | OR 33 0340S 0080W 027 B SWNWSESE | OR 33 0340S 0080W 027 B SENWSESE | OR 33 0340S 0080W 027 B NESWSESE | OR 33 0340S 0080W 027 B NWSWSESE | OR 33 0340S 0080W 027 B SWSWSESE | OR 33 0340S 0080W 027 B SESWSESE | OR 33 0340S 0080W 027 B NESESESE | OR 33 0340S 0080W 027 B NWSESESE | OR 33 0340S 0080W 027 B SESESESE | OR 33 0340S 0080W 027 B SWSESESE | recorded~2026 (DB date, not legal located date) | src: BLM MLRS Not Closed | boundary approx (BLM quarter-section) | do not dig here (active claim)", "stroke": "#ff3300", "stroke-width": 2, "fill": "#ff3300", "fill-opacity": 0.05, "stroke-dasharray": "1,6"}}, {"type": "Feature", "geometry": {"type": "Polygon", "coordinates": [[[-123.62351839449968, 42.57898297626892], [-123.62473598267869, 42.57898326615647], [-123.6259535708577, 42.57898357404407], [-123.6261960328933, 42.57898363802162], [-123.62717118203676, 42.578983893931586], [-123.63204155775267, 42.57898508148178], [-123.63203680837049, 42.58264175671354], [-123.63203203598844, 42.58629843194527], [-123.62714347627022, 42.58629966639706], [-123.62225489355183, 42.58630087784879], [-123.61735022283531, 42.58632763030364], [-123.6140512373565, 42.58636478361078], [-123.61244549812344, 42.58638286776026], [-123.61244933550186, 42.58270538652709], [-123.6124495314684, 42.582507228514466], [-123.61245306089447, 42.57911038529905], [-123.61681611352635, 42.57905380689249], [-123.61737685260755, 42.57904653584021], [-123.61906366885188, 42.57902466168306], [-123.61983907696417, 42.579014606610784], [-123.62230080732066, 42.57898268438139], [-123.62351839449968, 42.57898297626892]]]}, "properties": {"title": "MP40", "description": "lode | serial OR106770948 | 20.66 ac | Active | qtr-sec OR 33 0340S 0080W 026 A NESW | OR 33 0340S 0080W 027 A NESE | OR 33 0340S 0080W 027 A NWSE | OR 33 0340S 0080W 027 A SWSE | OR 33 0340S 0080W 026 A NESW | OR 33 0340S 0080W 026 A NWSW | OR 33 0340S 0080W 026 A SESW | OR 33 0340S 0080W 026 A SWSW | OR 33 0340S 0080W 026 | OR 33 0340S 0080W 026 | OR 33 0340S 0080W 026 | OR 33 0340S 0080W 026 | OR 33 0340S 0080W 026 | OR 33 0340S 0080W 026 | OR 33 0340S 0080W 026 | OR 33 0340S 0080W 026 | OR 33 0340S 0080W 026 | OR 33 0340S 0080W 026 | OR 33 0340S 0080W 026 | OR 33 0340S 0080W 026 | OR 33 0340S 0080W 026 | OR 33 0340S 0080W 027 B NENESESE | OR 33 0340S 0080W 027 B NWNESESE | OR 33 0340S 0080W 027 B SWNESESE | OR 33 0340S 0080W 027 B SENESESE | OR 33 0340S 0080W 027 B NENWSESE | OR 33 0340S 0080W 027 B NWNWSESE | OR 33 0340S 0080W 027 B SWNWSESE | OR 33 0340S 0080W 027 B SENWSESE | OR 33 0340S 0080W 027 B NESWSESE | OR 33 0340S 0080W 027 B NWSWSESE | OR 33 0340S 0080W 027 B SWSWSESE | OR 33 0340S 0080W 027 B SESWSESE | OR 33 0340S 0080W 027 B NESESESE | OR 33 0340S 0080W 027 B NWSESESE | OR 33 0340S 0080W 027 B SESESESE | OR 33 0340S 0080W 027 B SWSESESE | recorded~2026 (DB date, not legal located date) | src: BLM MLRS Not Closed | boundary approx (BLM quarter-section) | do not dig here (active claim)", "stroke": "#ff3300", "stroke-width": 2, "fill": "#ff3300", "fill-opacity": 0.05, "stroke-dasharray": "1,6"}}, {"type": "Feature", "geometry": {"type": "Polygon", "coordinates": [[[-123.62230080732066, 42.57898268438139], [-123.62351839449968, 42.57898297626892], [-123.62473598267869, 42.57898326615647], [-123.6259535708577, 42.57898357404407], [-123.6261960328933, 42.57898363802162], [-123.62717118203676, 42.578983893931586], [-123.63204155775267, 42.57898508148178], [-123.63203680837049, 42.58264175671354], [-123.63203203598844, 42.58629843194527], [-123.62714347627022, 42.58629966639706], [-123.62225489355183, 42.58630087784879], [-123.62227784993615, 42.582641780615084], [-123.62228360078227, 42.58172701255668], [-123.62228932862841, 42.58081222049824], [-123.62229506747454, 42.57989745243977], [-123.62230080732066, 42.57898268438139]]]}, "properties": {"title": "MP39", "description": "lode | serial OR106770947 | 20.66 ac | Active | qtr-sec OR 33 0340S 0080W 027 A NESE | OR 33 0340S 0080W 027 A NWSE | OR 33 0340S 0080W 027 A SWSE | OR 33 0340S 0080W 027 B NENESESE | OR 33 0340S 0080W 027 B NWNESESE | OR 33 0340S 0080W 027 B SWNESESE | OR 33 0340S 0080W 027 B SENESESE | OR 33 0340S 0080W 027 B NENWSESE | OR 33 0340S 0080W 027 B NWNWSESE | OR 33 0340S 0080W 027 B SWNWSESE | OR 33 0340S 0080W 027 B SENWSESE | OR 33 0340S 0080W 027 B NESWSESE | OR 33 0340S 0080W 027 B NWSWSESE | OR 33 0340S 0080W 027 B SWSWSESE | OR 33 0340S 0080W 027 B SESWSESE | OR 33 0340S 0080W 027 B NESESESE | OR 33 0340S 0080W 027 B NWSESESE | OR 33 0340S 0080W 027 B SESESESE | OR 33 0340S 0080W 027 B SWSESESE | recorded~2026 (DB date, not legal located date) | src: BLM MLRS Not Closed | boundary approx (BLM quarter-section) | do not dig here (active claim)", "stroke": "#ff3300", "stroke-width": 2, "fill": "#ff3300", "fill-opacity": 0.05, "stroke-dasharray": "1,6"}}, {"type": "Feature", "geometry": {"type": "Polygon", "coordinates": [[[-123.62227105009016, 42.57173049792495], [-123.62715586081111, 42.57174828547505], [-123.62796528193046, 42.571750427400424], [-123.6283871159928, 42.571752779361645], [-123.6320568535333, 42.5717602760232], [-123.63205685368597, 42.57266331008037], [-123.63205241095756, 42.57427339018263], [-123.63205031114309, 42.57537269025243], [-123.63204155775267, 42.57898508148178], [-123.62717118203676, 42.578983893931586], [-123.6261960328933, 42.57898363802162], [-123.6259535708577, 42.57898357404407], [-123.62473598267869, 42.57898326615647], [-123.62351839449968, 42.57898297626892], [-123.62230080732066, 42.57898268438139], [-123.62228592870535, 42.57535657915317], [-123.62227105009016, 42.57173049792495]]]}, "properties": {"title": "MP45", "description": "lode | serial OR106770953 | 20.66 ac | Active | qtr-sec OR 33 0340S 0080W 034 A NWNE | OR 33 0340S 0080W 034 A NENE | OR 33 0340S 0080W 034 A SWNE | OR 33 0340S 0080W 034 A SENE | OR 33 0340S 0080W 034 A SWNE | recorded~2026 (DB date, not legal located date) | src: BLM MLRS Not Closed | boundary approx (BLM quarter-section) | do not dig here (active claim)", "stroke": "#ff3300", "stroke-width": 2, "fill": "#ff3300", "fill-opacity": 0.05, "stroke-dasharray": "1,6"}}, {"type": "Feature", "geometry": {"type": "Polygon", "coordinates": [[[-123.62229506747454, 42.57989745243977], [-123.62228932862841, 42.58081222049824], [-123.62228360078227, 42.58172701255668], [-123.62227784993615, 42.582641780615084], [-123.62225489355183, 42.58630087784879], [-123.61735022283531, 42.58632763030364], [-123.6140512373565, 42.58636478361078], [-123.61244549812344, 42.58638286776026], [-123.61244933550186, 42.58270538652709], [-123.6124495314684, 42.582507228514466], [-123.61245306089447, 42.57911038529905], [-123.61681611352635, 42.57905380689249], [-123.61737685260755, 42.57904653584021], [-123.61906366885188, 42.57902466168306], [-123.61983907696417, 42.579014606610784], [-123.62230080732066, 42.57898268438139], [-123.62229506747454, 42.57989745243977]]]}, "properties": {"title": "MP62", "description": "lode | serial OR106770970 | 10.33 ac | Active | qtr-sec OR 33 0340S 0080W 026 A NESW | OR 33 0340S 0080W 026 A NESW | OR 33 0340S 0080W 026 A NWSW | OR 33 0340S 0080W 026 A SESW | OR 33 0340S 0080W 026 A SWSW | OR 33 0340S 0080W 026 | OR 33 0340S 0080W 026 | OR 33 0340S 0080W 026 | OR 33 0340S 0080W 026 | OR 33 0340S 0080W 026 | OR 33 0340S 0080W 026 | OR 33 0340S 0080W 026 | OR 33 0340S 0080W 026 | OR 33 0340S 0080W 026 | OR 33 0340S 0080W 026 | OR 33 0340S 0080W 026 | OR 33 0340S 0080W 026 | OR 33 0340S 0080W 026 | recorded~2026 (DB date, not legal located date) | src: BLM MLRS Not Closed | boundary approx (BLM quarter-section) | do not dig here (active claim)", "stroke": "#ff3300", "stroke-width": 2, "fill": "#ff3300", "fill-opacity": 0.05, "stroke-dasharray": "1,6"}}, {"type": "Feature", "geometry": {"type": "Polygon", "coordinates": [[[-123.64181369542506, 42.58629512504123], [-123.64673797114966, 42.58630264458668], [-123.65, 42.5863076265073], [-123.65, 42.59360002231827], [-123.64921934174933, 42.59360011881834], [-123.64798878556863, 42.593600270932136], [-123.64675820538793, 42.59360041904586], [-123.64429709202643, 42.59360072627336], [-123.64183595566497, 42.59360102550089], [-123.63938261830491, 42.59360328372778], [-123.63692923494486, 42.59360554195469], [-123.63447587458475, 42.59360780318161], [-123.63202249122457, 42.593610059408476], [-123.63202487691552, 42.59178215329272], [-123.63202726360645, 42.5899542461769], [-123.63203203598844, 42.58629843194527], [-123.6369228537068, 42.58629677849323], [-123.64181369542506, 42.58629512504123]]]}, "properties": {"title": "MP05", "description": "lode | serial OR106770913 | 20.66 ac | Active | qtr-sec OR 33 0340S 0080W 028 A NENE | OR 33 0340S 0080W 028 A SWNE | OR 33 0340S 0080W 028 A SENE | OR 33 0340S 0080W 027 A NWNW | OR 33 0340S 0080W 027 A SENW | OR 33 0340S 0080W 027 A SWNW | OR 33 0340S 0080W 028 B NENENWNE | OR 33 0340S 0080W 028 B NWNENWNE | OR 33 0340S 0080W 028 B SWNENWNE | OR 33 0340S 0080W 028 B SENENWNE | OR 33 0340S 0080W 028 B NENWNWNE | OR 33 0340S 0080W 028 B NWNWNWNE | OR 33 0340S 0080W 028 B SWNWNWNE | OR 33 0340S 0080W 028 B SENWNWNE | OR 33 0340S 0080W 028 B NESWNWNE | OR 33 0340S 0080W 028 B NWSWNWNE | OR 33 0340S 0080W 028 B SWSWNWNE | OR 33 0340S 0080W 028 B SESWNWNE | OR 33 0340S 0080W 028 B NESENWNE | OR 33 0340S 0080W 028 B NWSENWNE | OR 33 0340S 0080W 028 B SWSENWNE | OR 33 0340S 0080W 028 B SESENWNE | OR 33 0340S 0080W 027 B NENENW | OR 33 0340S 0080W 027 B NWNENW | OR 33 0340S 0080W 027 B SWNENW | OR 33 0340S 0080W 027 B SENENW | recorded~2026 (DB date, not legal located date) | src: BLM MLRS Not Closed | boundary approx (BLM quarter-section) | do not dig here (active claim)", "stroke": "#ff3300", "stroke-width": 2, "fill": "#ff3300", "fill-opacity": 0.05, "stroke-dasharray": "1,6"}}, {"type": "Feature", "geometry": {"type": "Polygon", "coordinates": [[[-123.64181369542506, 42.58629512504123], [-123.64182482504492, 42.589948075271074], [-123.64183595566497, 42.59360102550089], [-123.63938261830491, 42.59360328372778], [-123.63692923494486, 42.59360554195469], [-123.63447587458475, 42.59360780318161], [-123.63202249122457, 42.593610059408476], [-123.62711577150421, 42.59361460086229], [-123.62619631536924, 42.59361544694733], [-123.62220902778373, 42.59361911731603], [-123.62223196116769, 42.58995999808246], [-123.62225489355183, 42.58630087784879], [-123.62714347627022, 42.58629966639706], [-123.63203203598844, 42.58629843194527], [-123.6369228537068, 42.58629677849323], [-123.64181369542506, 42.58629512504123]]]}, "properties": {"title": "MP06", "description": "lode | serial OR106770914 | 20.66 ac | Active | qtr-sec OR 33 0340S 0080W 027 A NENE | OR 33 0340S 0080W 027 A NWNE | OR 33 0340S 0080W 027 A SENE | OR 33 0340S 0080W 027 A SWNE | OR 33 0340S 0080W 027 A NWNW | OR 33 0340S 0080W 027 A SENW | OR 33 0340S 0080W 027 A SWNW | OR 33 0340S 0080W 027 B NENENW | OR 33 0340S 0080W 027 B NWNENW | OR 33 0340S 0080W 027 B SWNENW | OR 33 0340S 0080W 027 B SENENW | recorded~2026 (DB date, not legal located date) | src: BLM MLRS Not Closed | boundary approx (BLM quarter-section) | do not dig here (active claim)", "stroke": "#ff3300", "stroke-width": 2, "fill": "#ff3300", "fill-opacity": 0.05, "stroke-dasharray": "1,6"}}, {"type": "Feature", "geometry": {"type": "Polygon", "coordinates": [[[-123.61244487427022, 42.57542570806637], [-123.6124433181552, 42.57474674602349], [-123.61243663165493, 42.571793246837], [-123.6155622601112, 42.571773381547125], [-123.61735385237266, 42.57176186038097], [-123.62227105009016, 42.57173049792495], [-123.62715586081111, 42.57174828547505], [-123.62796528193046, 42.571750427400424], [-123.6283871159928, 42.571752779361645], [-123.6320568535333, 42.5717602760232], [-123.63205685368597, 42.57266331008037], [-123.63205241095756, 42.57427339018263], [-123.63205031114309, 42.57537269025243], [-123.63204155775267, 42.57898508148178], [-123.62717118203676, 42.578983893931586], [-123.6261960328933, 42.57898363802162], [-123.6259535708577, 42.57898357404407], [-123.62473598267869, 42.57898326615647], [-123.62351839449968, 42.57898297626892], [-123.62230080732066, 42.57898268438139], [-123.61983907696417, 42.579014606610784], [-123.61906366885188, 42.57902466168306], [-123.61737685260755, 42.57904653584021], [-123.61681611352635, 42.57905380689249], [-123.61245306089447, 42.57911038529905], [-123.61244487427022, 42.57542570806637]]]}, "properties": {"title": "MP48", "description": "lode | serial OR106770956 | 20.66 ac | Active | qtr-sec OR 33 0340S 0080W 035 A NENW | OR 33 0340S 0080W 035 A NWNW | OR 33 0340S 0080W 035 A SWNW | OR 33 0340S 0080W 035 L 9 | OR 33 0340S 0080W 034 A NWNE | OR 33 0340S 0080W 034 A NENE | OR 33 0340S 0080W 034 A SWNE | OR 33 0340S 0080W 034 A SENE | OR 33 0340S 0080W 034 A SWNE | OR 33 0340S 0080W 035 | OR 33 0340S 0080W 035 | OR 33 0340S 0080W 035 | OR 33 0340S 0080W 035 | OR 33 0340S 0080W 035 | recorded~2026 (DB date, not legal located date) | src: BLM MLRS Not Closed | boundary approx (BLM quarter-section) | do not dig here (active claim)", "stroke": "#ff3300", "stroke-width": 2, "fill": "#ff3300", "fill-opacity": 0.05, "stroke-dasharray": "1,6"}}, {"type": "Feature", "geometry": {"type": "Polygon", "coordinates": [[[-123.62229506747454, 42.57989745243977], [-123.62228932862841, 42.58081222049824], [-123.62228360078227, 42.58172701255668], [-123.62227784993615, 42.582641780615084], [-123.62225489355183, 42.58630087784879], [-123.61735022283531, 42.58632763030364], [-123.6140512373565, 42.58636478361078], [-123.61244549812344, 42.58638286776026], [-123.61244933550186, 42.58270538652709], [-123.6124495314684, 42.582507228514466], [-123.61245306089447, 42.57911038529905], [-123.61681611352635, 42.57905380689249], [-123.61737685260755, 42.57904653584021], [-123.61906366885188, 42.57902466168306], [-123.61983907696417, 42.579014606610784], [-123.62230080732066, 42.57898268438139], [-123.62229506747454, 42.57989745243977]]]}, "properties": {"title": "MP56", "description": "lode | serial OR106770964 | 10.33 ac | Active | qtr-sec OR 33 0340S 0080W 026 A NESW | OR 33 0340S 0080W 026 A NESW | OR 33 0340S 0080W 026 A NWSW | OR 33 0340S 0080W 026 A SESW | OR 33 0340S 0080W 026 A SWSW | OR 33 0340S 0080W 026 | OR 33 0340S 0080W 026 | OR 33 0340S 0080W 026 | OR 33 0340S 0080W 026 | OR 33 0340S 0080W 026 | OR 33 0340S 0080W 026 | OR 33 0340S 0080W 026 | OR 33 0340S 0080W 026 | OR 33 0340S 0080W 026 | OR 33 0340S 0080W 026 | OR 33 0340S 0080W 026 | OR 33 0340S 0080W 026 | OR 33 0340S 0080W 026 | recorded~2026 (DB date, not legal located date) | src: BLM MLRS Not Closed | boundary approx (BLM quarter-section) | do not dig here (active claim)", "stroke": "#ff3300", "stroke-width": 2, "fill": "#ff3300", "fill-opacity": 0.05, "stroke-dasharray": "1,6"}}, {"type": "Feature", "geometry": {"type": "Polygon", "coordinates": [[[-123.62227105009016, 42.57173049792495], [-123.62715586081111, 42.57174828547505], [-123.62796528193046, 42.571750427400424], [-123.6283871159928, 42.571752779361645], [-123.6320568535333, 42.5717602760232], [-123.63327569871277, 42.57176209191076], [-123.63539459202546, 42.57177050971562], [-123.63692008125042, 42.57177538657509], [-123.64180705697133, 42.57179322112492], [-123.64179921157844, 42.5753912223532], [-123.6417913891858, 42.57898924858141], [-123.64180254180535, 42.58264219781134], [-123.64181369542506, 42.58629512504123], [-123.6369228537068, 42.58629677849323], [-123.63203203598844, 42.58629843194527], [-123.62714347627022, 42.58629966639706], [-123.62225489355183, 42.58630087784879], [-123.62227784993615, 42.582641780615084], [-123.62228360078227, 42.58172701255668], [-123.62228932862841, 42.58081222049824], [-123.62229506747454, 42.57989745243977], [-123.62230080732066, 42.57898268438139], [-123.62228592870535, 42.57535657915317], [-123.62227105009016, 42.57173049792495]]]}, "properties": {"title": "MP20", "description": "lode | serial OR106770928 | 20.66 ac | Active | qtr-sec OR 33 0340S 0080W 034 A NWNE | OR 33 0340S 0080W 034 A NENE | OR 33 0340S 0080W 034 A SWNE | OR 33 0340S 0080W 034 A SENE | OR 33 0340S 0080W 034 A SWNE | OR 33 0340S 0080W 034 A NWNW | OR 33 0340S 0080W 034 A NENW | OR 33 0340S 0080W 034 A SWNW | OR 33 0340S 0080W 034 A SENW | OR 33 0340S 0080W 034 A SENW | OR 33 0340S 0080W 027 A NESW | OR 33 0340S 0080W 027 A NWSW | OR 33 0340S 0080W 027 A SWSW | OR 33 0340S 0080W 027 A SESW | OR 33 0340S 0080W 027 A NESE | OR 33 0340S 0080W 027 A NWSE | OR 33 0340S 0080W 027 A SWSE | OR 33 0340S 0080W 027 B NENESESE | OR 33 0340S 0080W 027 B NWNESESE | OR 33 0340S 0080W 027 B SWNESESE | OR 33 0340S 0080W 027 B SENESESE | OR 33 0340S 0080W 027 B NENWSESE | OR 33 0340S 0080W 027 B NWNWSESE | OR 33 0340S 0080W 027 B SWNWSESE | OR 33 0340S 0080W 027 B SENWSESE | OR 33 0340S 0080W 027 B NESWSESE | OR 33 0340S 0080W 027 B NWSWSESE | OR 33 0340S 0080W 027 B SWSWSESE | OR 33 0340S 0080W 027 B SESWSESE | OR 33 0340S 0080W 027 B NESESESE | OR 33 0340S 0080W 027 B NWSESESE | OR 33 0340S 0080W 027 B SESESESE | OR 33 0340S 0080W 027 B SWSESESE | recorded~2026 (DB date, not legal located date) | src: BLM MLRS Not Closed | boundary approx (BLM quarter-section) | do not dig here (active claim)", "stroke": "#ff3300", "stroke-width": 2, "fill": "#ff3300", "fill-opacity": 0.05, "stroke-dasharray": "1,6"}}, {"type": "Feature", "geometry": {"type": "Polygon", "coordinates": [[[-123.62230080732066, 42.57898268438139], [-123.62351839449968, 42.57898297626892], [-123.62473598267869, 42.57898326615647], [-123.6259535708577, 42.57898357404407], [-123.6261960328933, 42.57898363802162], [-123.62717118203676, 42.578983893931586], [-123.63204155775267, 42.57898508148178], [-123.63203680837049, 42.58264175671354], [-123.63203203598844, 42.58629843194527], [-123.63202726360645, 42.5899542461769], [-123.63202487691552, 42.59178215329272], [-123.63202249122457, 42.593610059408476], [-123.62711577150421, 42.59361460086229], [-123.62619631536924, 42.59361544694733], [-123.62220902778373, 42.59361911731603], [-123.62223196116769, 42.58995999808246], [-123.62225489355183, 42.58630087784879], [-123.62227784993615, 42.582641780615084], [-123.62228360078227, 42.58172701255668], [-123.62228932862841, 42.58081222049824], [-123.62229506747454, 42.57989745243977], [-123.62230080732066, 42.57898268438139]]]}, "properties": {"title": "MP35", "description": "lode | serial OR106770943 | 20.66 ac | Active | qtr-sec OR 33 0340S 0080W 027 A NENE | OR 33 0340S 0080W 027 A NWNE | OR 33 0340S 0080W 027 A SENE | OR 33 0340S 0080W 027 A SWNE | OR 33 0340S 0080W 027 A NESE | OR 33 0340S 0080W 027 A NWSE | OR 33 0340S 0080W 027 A SWSE | OR 33 0340S 0080W 027 B NENESESE | OR 33 0340S 0080W 027 B NWNESESE | OR 33 0340S 0080W 027 B SWNESESE | OR 33 0340S 0080W 027 B SENESESE | OR 33 0340S 0080W 027 B NENWSESE | OR 33 0340S 0080W 027 B NWNWSESE | OR 33 0340S 0080W 027 B SWNWSESE | OR 33 0340S 0080W 027 B SENWSESE | OR 33 0340S 0080W 027 B NESWSESE | OR 33 0340S 0080W 027 B NWSWSESE | OR 33 0340S 0080W 027 B SWSWSESE | OR 33 0340S 0080W 027 B SESWSESE | OR 33 0340S 0080W 027 B NESESESE | OR 33 0340S 0080W 027 B NWSESESE | OR 33 0340S 0080W 027 B SESESESE | OR 33 0340S 0080W 027 B SWSESESE | recorded~2026 (DB date, not legal located date) | src: BLM MLRS Not Closed | boundary approx (BLM quarter-section) | do not dig here (active claim)", "stroke": "#ff3300", "stroke-width": 2, "fill": "#ff3300", "fill-opacity": 0.05, "stroke-dasharray": "1,6"}}, {"type": "Feature", "geometry": {"type": "Polygon", "coordinates": [[[-123.6467884046214, 42.60085721550135], [-123.64432994526025, 42.600857401728696], [-123.6418715098991, 42.600857424955976], [-123.63942299253877, 42.60085393318219], [-123.6369744521784, 42.60085027840833], [-123.6320773944576, 42.600843153860616], [-123.63204994284101, 42.597226618634586], [-123.63202249122457, 42.593610059408476], [-123.63447587458475, 42.59360780318161], [-123.63692923494486, 42.59360554195469], [-123.63938261830491, 42.59360328372778], [-123.64183595566497, 42.59360102550089], [-123.64429709202643, 42.59360072627336], [-123.64675820538793, 42.59360041904586], [-123.64798878556863, 42.593600270932136], [-123.64921934174933, 42.59360011881834], [-123.65, 42.59360002231827], [-123.65, 42.600857078037535], [-123.6467884046214, 42.60085721550135]]]}, "properties": {"title": "MP01", "description": "lode | serial OR106770909 | 20.66 ac | Active | qtr-sec OR 33 0340S 0080W 021 A NESE | OR 33 0340S 0080W 021 A NWSE | OR 33 0340S 0080W 021 A NESE | OR 33 0340S 0080W 021 A SWSE | OR 33 0340S 0080W 022 A NWSW | OR 33 0340S 0080W 022 A NESW | OR 33 0340S 0080W 022 A NWSW | OR 33 0340S 0080W 022 A SWSW | OR 33 0340S 0080W 022 A SWSW | OR 33 0340S 0080W 022 A SESW | OR 33 0340S 0080W 021 B NESESE | OR 33 0340S 0080W 021 B NWSESE | OR 33 0340S 0080W 021 B SWSESE | OR 33 0340S 0080W 021 B SESESE | recorded~2026 (DB date, not legal located date) | src: BLM MLRS Not Closed | boundary approx (BLM quarter-section) | do not dig here (active claim)", "stroke": "#ff3300", "stroke-width": 2, "fill": "#ff3300", "fill-opacity": 0.05, "stroke-dasharray": "1,6"}}, {"type": "Feature", "geometry": {"type": "Polygon", "coordinates": [[[-123.64183595566497, 42.59360102550089], [-123.64184484997348, 42.595415125614664], [-123.64185374428195, 42.59722922472845], [-123.64186263859055, 42.599043324842235], [-123.6418715098991, 42.600857424955976], [-123.63942299253877, 42.60085393318219], [-123.6369744521784, 42.60085027840833], [-123.6320773944576, 42.600843153860616], [-123.62712136072788, 42.60083551731832], [-123.62216530299798, 42.600827857776025], [-123.6221871653908, 42.597223499546104], [-123.62220902778373, 42.59361911731603], [-123.62619631536924, 42.59361544694733], [-123.62711577150421, 42.59361460086229], [-123.63202249122457, 42.593610059408476], [-123.63447587458475, 42.59360780318161], [-123.63692923494486, 42.59360554195469], [-123.63938261830491, 42.59360328372778], [-123.64183595566497, 42.59360102550089]]]}, "properties": {"title": "MP02", "description": "lode | serial OR106770910 | 20.66 ac | Active | qtr-sec OR 33 0340S 0080W 022 A NWSW | OR 33 0340S 0080W 022 A NESW | OR 33 0340S 0080W 022 A NWSW | OR 33 0340S 0080W 022 A SWSW | OR 33 0340S 0080W 022 A SWSW | OR 33 0340S 0080W 022 A SESW | OR 33 0340S 0080W 022 A NWSE | OR 33 0340S 0080W 022 A NESE | OR 33 0340S 0080W 022 A SWSE | OR 33 0340S 0080W 022 A SESE | recorded~2026 (DB date, not legal located date) | src: BLM MLRS Not Closed | boundary approx (BLM quarter-section) | do not dig here (active claim)", "stroke": "#ff3300", "stroke-width": 2, "fill": "#ff3300", "fill-opacity": 0.05, "stroke-dasharray": "1,6"}}, {"type": "Feature", "geometry": {"type": "Polygon", "coordinates": [[[-123.62230080732066, 42.57898268438139], [-123.62351839449968, 42.57898297626892], [-123.62473598267869, 42.57898326615647], [-123.6259535708577, 42.57898357404407], [-123.6261960328933, 42.57898363802162], [-123.62717118203676, 42.578983893931586], [-123.63204155775267, 42.57898508148178], [-123.63691647346926, 42.57898717603164], [-123.6417913891858, 42.57898924858141], [-123.64180254180535, 42.58264219781134], [-123.64181369542506, 42.58629512504123], [-123.64182482504492, 42.589948075271074], [-123.64183595566497, 42.59360102550089], [-123.63938261830491, 42.59360328372778], [-123.63692923494486, 42.59360554195469], [-123.63447587458475, 42.59360780318161], [-123.63202249122457, 42.593610059408476], [-123.62711577150421, 42.59361460086229], [-123.62619631536924, 42.59361544694733], [-123.62220902778373, 42.59361911731603], [-123.62223196116769, 42.58995999808246], [-123.62225489355183, 42.58630087784879], [-123.62227784993615, 42.582641780615084], [-123.62228360078227, 42.58172701255668], [-123.62228932862841, 42.58081222049824], [-123.62229506747454, 42.57989745243977], [-123.62230080732066, 42.57898268438139]]]}, "properties": {"title": "MP12", "description": "lode | serial OR106770920 | 20.66 ac | Active | qtr-sec OR 33 0340S 0080W 027 A NENE | OR 33 0340S 0080W 027 A NWNE | OR 33 0340S 0080W 027 A SENE | OR 33 0340S 0080W 027 A SWNE | OR 33 0340S 0080W 027 A NWNW | OR 33 0340S 0080W 027 A SENW | OR 33 0340S 0080W 027 A SWNW | OR 33 0340S 0080W 027 A NESW | OR 33 0340S 0080W 027 A NWSW | OR 33 0340S 0080W 027 A SWSW | OR 33 0340S 0080W 027 A SESW | OR 33 0340S 0080W 027 A NESE | OR 33 0340S 0080W 027 A NWSE | OR 33 0340S 0080W 027 A SWSE | OR 33 0340S 0080W 027 B NENESESE | OR 33 0340S 0080W 027 B NWNESESE | OR 33 0340S 0080W 027 B SWNESESE | OR 33 0340S 0080W 027 B SENESESE | OR 33 0340S 0080W 027 B NENWSESE | OR 33 0340S 0080W 027 B NWNWSESE | OR 33 0340S 0080W 027 B SWNWSESE | OR 33 0340S 0080W 027 B SENWSESE | OR 33 0340S 0080W 027 B NESWSESE | OR 33 0340S 0080W 027 B NWSWSESE | OR 33 0340S 0080W 027 B SWSWSESE | OR 33 0340S 0080W 027 B SESWSESE | OR 33 0340S 0080W 027 B NESESESE | OR 33 0340S 0080W 027 B NWSESESE | OR 33 0340S 0080W 027 B SESESESE | OR 33 0340S 0080W 027 B NENENW | OR 33 0340S 0080W 027 B NWNENW | OR 33 0340S 0080W 027 B SWNENW | OR 33 0340S 0080W 027 B SENENW | OR 33 0340S 0080W 027 B SWSESESE | recorded~2026 (DB date, not legal located date) | src: BLM MLRS Not Closed | boundary approx (BLM quarter-section) | do not dig here (active claim)", "stroke": "#ff3300", "stroke-width": 2, "fill": "#ff3300", "fill-opacity": 0.05, "stroke-dasharray": "1,6"}}, {"type": "Feature", "geometry": {"type": "Polygon", "coordinates": [[[-123.62230080732066, 42.57898268438139], [-123.62351839449968, 42.57898297626892], [-123.62473598267869, 42.57898326615647], [-123.6259535708577, 42.57898357404407], [-123.6261960328933, 42.57898363802162], [-123.62717118203676, 42.578983893931586], [-123.63204155775267, 42.57898508148178], [-123.63691647346926, 42.57898717603164], [-123.6417913891858, 42.57898924858141], [-123.64180254180535, 42.58264219781134], [-123.64181369542506, 42.58629512504123], [-123.6369228537068, 42.58629677849323], [-123.63203203598844, 42.58629843194527], [-123.62714347627022, 42.58629966639706], [-123.62225489355183, 42.58630087784879], [-123.62227784993615, 42.582641780615084], [-123.62228360078227, 42.58172701255668], [-123.62228932862841, 42.58081222049824], [-123.62229506747454, 42.57989745243977], [-123.62230080732066, 42.57898268438139]]]}, "properties": {"title": "MP14", "description": "lode | serial OR106770922 | 20.66 ac | Active | qtr-sec OR 33 0340S 0080W 027 A NESW | OR 33 0340S 0080W 027 A NWSW | OR 33 0340S 0080W 027 A SWSW | OR 33 0340S 0080W 027 A SESW | OR 33 0340S 0080W 027 A NESE | OR 33 0340S 0080W 027 A NWSE | OR 33 0340S 0080W 027 A SWSE | OR 33 0340S 0080W 027 B NENESESE | OR 33 0340S 0080W 027 B NWNESESE | OR 33 0340S 0080W 027 B SWNESESE | OR 33 0340S 0080W 027 B SENESESE | OR 33 0340S 0080W 027 B NENWSESE | OR 33 0340S 0080W 027 B NWNWSESE | OR 33 0340S 0080W 027 B SWNWSESE | OR 33 0340S 0080W 027 B SENWSESE | OR 33 0340S 0080W 027 B NESWSESE | OR 33 0340S 0080W 027 B NWSWSESE | OR 33 0340S 0080W 027 B SWSWSESE | OR 33 0340S 0080W 027 B SESWSESE | OR 33 0340S 0080W 027 B NESESESE | OR 33 0340S 0080W 027 B NWSESESE | OR 33 0340S 0080W 027 B SESESESE | OR 33 0340S 0080W 027 B SWSESESE | recorded~2026 (DB date, not legal located date) | src: BLM MLRS Not Closed | boundary approx (BLM quarter-section) | do not dig here (active claim)", "stroke": "#ff3300", "stroke-width": 2, "fill": "#ff3300", "fill-opacity": 0.05, "stroke-dasharray": "1,6"}}, {"type": "Feature", "geometry": {"type": "Polygon", "coordinates": [[[-123.64181369542506, 42.58629512504123], [-123.6369228537068, 42.58629677849323], [-123.63203203598844, 42.58629843194527], [-123.63203680837049, 42.58264175671354], [-123.63204155775267, 42.57898508148178], [-123.63691647346926, 42.57898717603164], [-123.6417913891858, 42.57898924858141], [-123.64671768991194, 42.579004451127304], [-123.65, 42.57901456561662], [-123.65, 42.5863076265073], [-123.64673797114966, 42.58630264458668], [-123.64181369542506, 42.58629512504123]]]}, "properties": {"title": "MP17", "description": "lode | serial OR106770925 | 20.66 ac | Active | qtr-sec OR 33 0340S 0080W 028 A NWSE | OR 33 0340S 0080W 028 A NESE | OR 33 0340S 0080W 028 A SWSE | OR 33 0340S 0080W 028 A SESE | OR 33 0340S 0080W 027 A NESW | OR 33 0340S 0080W 027 A NWSW | OR 33 0340S 0080W 027 A SWSW | OR 33 0340S 0080W 027 A SESW | recorded~2026 (DB date, not legal located date) | src: BLM MLRS Not Closed | boundary approx (BLM quarter-section) | do not dig here (active claim)", "stroke": "#ff3300", "stroke-width": 2, "fill": "#ff3300", "fill-opacity": 0.05, "stroke-dasharray": "1,6"}}, {"type": "Feature", "geometry": {"type": "Polygon", "coordinates": [[[-123.62216530299798, 42.600827857776025], [-123.61719839626801, 42.60082953423532], [-123.61223148953789, 42.6008312116946], [-123.61227246724684, 42.59907704157978], [-123.61228834620998, 42.59884572456368], [-123.61233474894253, 42.5972260844569], [-123.61239900957203, 42.59498224930894], [-123.6124379853473, 42.593620935219185], [-123.61244084888435, 42.59088340504564], [-123.61244175673289, 42.589987658988875], [-123.61244549812344, 42.58638286776026], [-123.6140512373565, 42.58636478361078], [-123.61735022283531, 42.58632763030364], [-123.62225489355183, 42.58630087784879], [-123.62714347627022, 42.58629966639706], [-123.63203203598844, 42.58629843194527], [-123.63202726360645, 42.5899542461769], [-123.63202487691552, 42.59178215329272], [-123.63202249122457, 42.593610059408476], [-123.63204994284101, 42.597226618634586], [-123.6320773944576, 42.600843153860616], [-123.62712136072788, 42.60083551731832], [-123.62216530299798, 42.600827857776025]]]}, "properties": {"title": "MP28", "description": "lode | serial OR106770936 | 20.66 ac | Active | qtr-sec OR 33 0340S 0080W 022 A NWSE | OR 33 0340S 0080W 022 A NESE | OR 33 0340S 0080W 022 A SWSE | OR 33 0340S 0080W 022 A SESE | OR 33 0340S 0080W 023 A NWSW | OR 33 0340S 0080W 023 A SWSW | OR 33 0340S 0080W 026 A NENW | OR 33 0340S 0080W 026 A NWNW | OR 33 0340S 0080W 026 A SENW | OR 33 0340S 0080W 026 A SWNW | OR 33 0340S 0080W 027 A NENE | OR 33 0340S 0080W 027 A NWNE | OR 33 0340S 0080W 027 A SENE | OR 33 0340S 0080W 027 A SWNE | OR 33 0340S 0080W 023 A NESW | OR 33 0340S 0080W 023 L 11 | OR 33 0340S 0080W 023 A SESW | OR 33 0340S 0080W 023 L 12 | OR 33 0340S 0080W 023 | OR 33 0340S 0080W 023 | OR 33 0340S 0080W 026 | OR 33 0340S 0080W 023 | OR 33 0340S 0080W 026 | OR 33 0340S 0080W 026 | recorded~2026 (DB date, not legal located date) | src: BLM MLRS Not Closed | boundary approx (BLM quarter-section) | do not dig here (active claim)", "stroke": "#ff3300", "stroke-width": 2, "fill": "#ff3300", "fill-opacity": 0.05, "stroke-dasharray": "1,6"}}, {"type": "Feature", "geometry": {"type": "Polygon", "coordinates": [[[-123.63203203598844, 42.58629843194527], [-123.63202726360645, 42.5899542461769], [-123.63202487691552, 42.59178215329272], [-123.63202249122457, 42.593610059408476], [-123.62711577150421, 42.59361460086229], [-123.62619631536924, 42.59361544694733], [-123.62220902778373, 42.59361911731603], [-123.62223196116769, 42.58995999808246], [-123.62225489355183, 42.58630087784879], [-123.62714347627022, 42.58629966639706], [-123.63203203598844, 42.58629843194527]]]}, "properties": {"title": "MP31", "description": "lode | serial OR106770939 | 20.66 ac | Active | qtr-sec OR 33 0340S 0080W 027 A NENE | OR 33 0340S 0080W 027 A NWNE | OR 33 0340S 0080W 027 A SENE | OR 33 0340S 0080W 027 A SWNE | recorded~2026 (DB date, not legal located date) | src: BLM MLRS Not Closed | boundary approx (BLM quarter-section) | do not dig here (active claim)", "stroke": "#ff3300", "stroke-width": 2, "fill": "#ff3300", "fill-opacity": 0.05, "stroke-dasharray": "1,6"}}, {"type": "Feature", "geometry": {"type": "Polygon", "coordinates": [[[-123.62229506747454, 42.57989745243977], [-123.62228932862841, 42.58081222049824], [-123.62228360078227, 42.58172701255668], [-123.62227784993615, 42.582641780615084], [-123.62225489355183, 42.58630087784879], [-123.61735022283531, 42.58632763030364], [-123.6140512373565, 42.58636478361078], [-123.61244549812344, 42.58638286776026], [-123.61244933550186, 42.58270538652709], [-123.6124495314684, 42.582507228514466], [-123.61245306089447, 42.57911038529905], [-123.61681611352635, 42.57905380689249], [-123.61737685260755, 42.57904653584021], [-123.61906366885188, 42.57902466168306], [-123.61983907696417, 42.579014606610784], [-123.62230080732066, 42.57898268438139], [-123.62229506747454, 42.57989745243977]]]}, "properties": {"title": "MP61", "description": "lode | serial OR106770969 | 10.33 ac | Active | qtr-sec OR 33 0340S 0080W 026 A NESW | OR 33 0340S 0080W 026 A NESW | OR 33 0340S 0080W 026 A NWSW | OR 33 0340S 0080W 026 A SESW | OR 33 0340S 0080W 026 A SWSW | OR 33 0340S 0080W 026 | OR 33 0340S 0080W 026 | OR 33 0340S 0080W 026 | OR 33 0340S 0080W 026 | OR 33 0340S 0080W 026 | OR 33 0340S 0080W 026 | OR 33 0340S 0080W 026 | OR 33 0340S 0080W 026 | OR 33 0340S 0080W 026 | OR 33 0340S 0080W 026 | OR 33 0340S 0080W 026 | OR 33 0340S 0080W 026 | OR 33 0340S 0080W 026 | recorded~2026 (DB date, not legal located date) | src: BLM MLRS Not Closed | boundary approx (BLM quarter-section) | do not dig here (active claim)", "stroke": "#ff3300", "stroke-width": 2, "fill": "#ff3300", "fill-opacity": 0.05, "stroke-dasharray": "1,6"}}, {"type": "Feature", "geometry": {"type": "Polygon", "coordinates": [[[-123.62228592870535, 42.57535657915317], [-123.62230080732066, 42.57898268438139], [-123.62229506747454, 42.57989745243977], [-123.62228932862841, 42.58081222049824], [-123.62228360078227, 42.58172701255668], [-123.62227784993615, 42.582641780615084], [-123.62225489355183, 42.58630087784879], [-123.61735022283531, 42.58632763030364], [-123.6140512373565, 42.58636478361078], [-123.61244549812344, 42.58638286776026], [-123.61244933550186, 42.58270538652709], [-123.6124495314684, 42.582507228514466], [-123.61245306089447, 42.57911038529905], [-123.61244487427022, 42.57542570806637], [-123.6124433181552, 42.57474674602349], [-123.61243663165493, 42.571793246837], [-123.6155622601112, 42.571773381547125], [-123.61735385237266, 42.57176186038097], [-123.62227105009016, 42.57173049792495], [-123.62228592870535, 42.57535657915317]]]}, "properties": {"title": "MP63", "description": "lode | serial OR106770971 | 8.95 ac | Active | qtr-sec OR 33 0340S 0080W 026 A NESW | OR 33 0340S 0080W 035 A NENW | OR 33 0340S 0080W 035 A NWNW | OR 33 0340S 0080W 035 A SWNW | OR 33 0340S 0080W 035 L 9 | OR 33 0340S 0080W 026 A NESW | OR 33 0340S 0080W 026 A NWSW | OR 33 0340S 0080W 026 A SESW | OR 33 0340S 0080W 026 A SWSW | OR 33 0340S 0080W 035 | OR 33 0340S 0080W 026 | OR 33 0340S 0080W 035 | OR 33 0340S 0080W 035 | OR 33 0340S 0080W 035 | OR 33 0340S 0080W 026 | OR 33 0340S 0080W 026 | OR 33 0340S 0080W 026 | OR 33 0340S 0080W 026 | OR 33 0340S 0080W 026 | OR 33 0340S 0080W 026 | OR 33 0340S 0080W 026 | OR 33 0340S 0080W 026 | OR 33 0340S 0080W 026 | OR 33 0340S 0080W 026 | OR 33 0340S 0080W 026 | OR 33 0340S 0080W 026 | OR 33 0340S 0080W 035 | recorded~2026 (DB date, not legal located date) | src: BLM MLRS Not Closed | boundary approx (BLM quarter-section) | do not dig here (active claim)", "stroke": "#ff3300", "stroke-width": 2, "fill": "#ff3300", "fill-opacity": 0.05, "stroke-dasharray": "1,6"}}, {"type": "Feature", "geometry": {"type": "Polygon", "coordinates": [[[-123.64181369542506, 42.58629512504123], [-123.64673797114966, 42.58630264458668], [-123.65, 42.5863076265073], [-123.65, 42.59360002231827], [-123.64921934174933, 42.59360011881834], [-123.64798878556863, 42.593600270932136], [-123.64675820538793, 42.59360041904586], [-123.64429709202643, 42.59360072627336], [-123.64183595566497, 42.59360102550089], [-123.63938261830491, 42.59360328372778], [-123.63692923494486, 42.59360554195469], [-123.63447587458475, 42.59360780318161], [-123.63202249122457, 42.593610059408476], [-123.63202487691552, 42.59178215329272], [-123.63202726360645, 42.5899542461769], [-123.63203203598844, 42.58629843194527], [-123.6369228537068, 42.58629677849323], [-123.64181369542506, 42.58629512504123]]]}, "properties": {"title": "MP09", "description": "lode | serial OR106770917 | 20.66 ac | Active | qtr-sec OR 33 0340S 0080W 028 A NENE | OR 33 0340S 0080W 028 A SWNE | OR 33 0340S 0080W 028 A SENE | OR 33 0340S 0080W 027 A NWNW | OR 33 0340S 0080W 027 A SENW | OR 33 0340S 0080W 027 A SWNW | OR 33 0340S 0080W 028 B NENENWNE | OR 33 0340S 0080W 028 B NWNENWNE | OR 33 0340S 0080W 028 B SWNENWNE | OR 33 0340S 0080W 028 B SENENWNE | OR 33 0340S 0080W 028 B NENWNWNE | OR 33 0340S 0080W 028 B NWNWNWNE | OR 33 0340S 0080W 028 B SWNWNWNE | OR 33 0340S 0080W 028 B SENWNWNE | OR 33 0340S 0080W 028 B NESWNWNE | OR 33 0340S 0080W 028 B NWSWNWNE | OR 33 0340S 0080W 028 B SWSWNWNE | OR 33 0340S 0080W 028 B SESWNWNE | OR 33 0340S 0080W 028 B NESENWNE | OR 33 0340S 0080W 028 B NWSENWNE | OR 33 0340S 0080W 028 B SWSENWNE | OR 33 0340S 0080W 028 B SESENWNE | OR 33 0340S 0080W 027 B NENENW | OR 33 0340S 0080W 027 B NWNENW | OR 33 0340S 0080W 027 B SWNENW | OR 33 0340S 0080W 027 B SENENW | recorded~2026 (DB date, not legal located date) | src: BLM MLRS Not Closed | boundary approx (BLM quarter-section) | do not dig here (active claim)", "stroke": "#ff3300", "stroke-width": 2, "fill": "#ff3300", "fill-opacity": 0.05, "stroke-dasharray": "1,6"}}, {"type": "Feature", "geometry": {"type": "Polygon", "coordinates": [[[-123.6320568535333, 42.5717602760232], [-123.63327569871277, 42.57176209191076], [-123.63539459202546, 42.57177050971562], [-123.63692008125042, 42.57177538657509], [-123.64180705697133, 42.57179322112492], [-123.64179921157844, 42.5753912223532], [-123.6417913891858, 42.57898924858141], [-123.64180254180535, 42.58264219781134], [-123.64181369542506, 42.58629512504123], [-123.6369228537068, 42.58629677849323], [-123.63203203598844, 42.58629843194527], [-123.63203680837049, 42.58264175671354], [-123.63204155775267, 42.57898508148178], [-123.63205031114309, 42.57537269025243], [-123.63205241095756, 42.57427339018263], [-123.63205685368597, 42.57266331008037], [-123.6320568535333, 42.5717602760232]]]}, "properties": {"title": "MP19", "description": "lode | serial OR106770927 | 20.66 ac | Active | qtr-sec OR 33 0340S 0080W 034 A NWNW | OR 33 0340S 0080W 034 A NENW | OR 33 0340S 0080W 034 A SWNW | OR 33 0340S 0080W 034 A SENW | OR 33 0340S 0080W 034 A SENW | OR 33 0340S 0080W 027 A NESW | OR 33 0340S 0080W 027 A NWSW | OR 33 0340S 0080W 027 A SWSW | OR 33 0340S 0080W 027 A SESW | recorded~2026 (DB date, not legal located date) | src: BLM MLRS Not Closed | boundary approx (BLM quarter-section) | do not dig here (active claim)", "stroke": "#ff3300", "stroke-width": 2, "fill": "#ff3300", "fill-opacity": 0.05, "stroke-dasharray": "1,6"}}, {"type": "Feature", "geometry": {"type": "Polygon", "coordinates": [[[-123.62227105009016, 42.57173049792495], [-123.62715586081111, 42.57174828547505], [-123.62796528193046, 42.571750427400424], [-123.6283871159928, 42.571752779361645], [-123.6320568535333, 42.5717602760232], [-123.63327569871277, 42.57176209191076], [-123.63539459202546, 42.57177050971562], [-123.63692008125042, 42.57177538657509], [-123.64180705697133, 42.57179322112492], [-123.64179921157844, 42.5753912223532], [-123.6417913891858, 42.57898924858141], [-123.63691647346926, 42.57898717603164], [-123.63204155775267, 42.57898508148178], [-123.62717118203676, 42.578983893931586], [-123.6261960328933, 42.57898363802162], [-123.6259535708577, 42.57898357404407], [-123.62473598267869, 42.57898326615647], [-123.62351839449968, 42.57898297626892], [-123.62230080732066, 42.57898268438139], [-123.62228592870535, 42.57535657915317], [-123.62227105009016, 42.57173049792495]]]}, "properties": {"title": "MP24", "description": "lode | serial OR106770932 | 20.66 ac | Active | qtr-sec OR 33 0340S 0080W 034 A NWNE | OR 33 0340S 0080W 034 A NENE | OR 33 0340S 0080W 034 A SWNE | OR 33 0340S 0080W 034 A SENE | OR 33 0340S 0080W 034 A SWNE | OR 33 0340S 0080W 034 A NWNW | OR 33 0340S 0080W 034 A NENW | OR 33 0340S 0080W 034 A SWNW | OR 33 0340S 0080W 034 A SENW | OR 33 0340S 0080W 034 A SENW | recorded~2026 (DB date, not legal located date) | src: BLM MLRS Not Closed | boundary approx (BLM quarter-section) | do not dig here (active claim)", "stroke": "#ff3300", "stroke-width": 2, "fill": "#ff3300", "fill-opacity": 0.05, "stroke-dasharray": "1,6"}}, {"type": "Feature", "geometry": {"type": "Polygon", "coordinates": [[[-123.62351839449968, 42.57898297626892], [-123.62473598267869, 42.57898326615647], [-123.6259535708577, 42.57898357404407], [-123.6261960328933, 42.57898363802162], [-123.62717118203676, 42.578983893931586], [-123.63204155775267, 42.57898508148178], [-123.63203680837049, 42.58264175671354], [-123.63203203598844, 42.58629843194527], [-123.62714347627022, 42.58629966639706], [-123.62225489355183, 42.58630087784879], [-123.61735022283531, 42.58632763030364], [-123.6140512373565, 42.58636478361078], [-123.61244549812344, 42.58638286776026], [-123.61244933550186, 42.58270538652709], [-123.6124495314684, 42.582507228514466], [-123.61245306089447, 42.57911038529905], [-123.61681611352635, 42.57905380689249], [-123.61737685260755, 42.57904653584021], [-123.61906366885188, 42.57902466168306], [-123.61983907696417, 42.579014606610784], [-123.62230080732066, 42.57898268438139], [-123.62351839449968, 42.57898297626892]]]}, "properties": {"title": "MP42", "description": "lode | serial OR106770950 | 20.66 ac | Active | qtr-sec OR 33 0340S 0080W 026 A NESW | OR 33 0340S 0080W 027 A NESE | OR 33 0340S 0080W 027 A NWSE | OR 33 0340S 0080W 027 A SWSE | OR 33 0340S 0080W 026 A NESW | OR 33 0340S 0080W 026 A NWSW | OR 33 0340S 0080W 026 A SESW | OR 33 0340S 0080W 026 A SWSW | OR 33 0340S 0080W 026 | OR 33 0340S 0080W 026 | OR 33 0340S 0080W 026 | OR 33 0340S 0080W 026 | OR 33 0340S 0080W 026 | OR 33 0340S 0080W 026 | OR 33 0340S 0080W 026 | OR 33 0340S 0080W 026 | OR 33 0340S 0080W 026 | OR 33 0340S 0080W 026 | OR 33 0340S 0080W 026 | OR 33 0340S 0080W 026 | OR 33 0340S 0080W 026 | OR 33 0340S 0080W 027 B NENESESE | OR 33 0340S 0080W 027 B NWNESESE | OR 33 0340S 0080W 027 B SWNESESE | OR 33 0340S 0080W 027 B SENESESE | OR 33 0340S 0080W 027 B NENWSESE | OR 33 0340S 0080W 027 B NWNWSESE | OR 33 0340S 0080W 027 B SWNWSESE | OR 33 0340S 0080W 027 B SENWSESE | OR 33 0340S 0080W 027 B NESWSESE | OR 33 0340S 0080W 027 B NWSWSESE | OR 33 0340S 0080W 027 B SWSWSESE | OR 33 0340S 0080W 027 B SESWSESE | OR 33 0340S 0080W 027 B NESESESE | OR 33 0340S 0080W 027 B NWSESESE | OR 33 0340S 0080W 027 B SESESESE | OR 33 0340S 0080W 027 B SWSESESE | recorded~2026 (DB date, not legal located date) | src: BLM MLRS Not Closed | boundary approx (BLM quarter-section) | do not dig here (active claim)", "stroke": "#ff3300", "stroke-width": 2, "fill": "#ff3300", "fill-opacity": 0.05, "stroke-dasharray": "1,6"}}, {"type": "Feature", "geometry": {"type": "Polygon", "coordinates": [[[-123.62351839449968, 42.57898297626892], [-123.62473598267869, 42.57898326615647], [-123.6259535708577, 42.57898357404407], [-123.6261960328933, 42.57898363802162], [-123.62717118203676, 42.578983893931586], [-123.63204155775267, 42.57898508148178], [-123.63203680837049, 42.58264175671354], [-123.63203203598844, 42.58629843194527], [-123.62714347627022, 42.58629966639706], [-123.62225489355183, 42.58630087784879], [-123.61735022283531, 42.58632763030364], [-123.6140512373565, 42.58636478361078], [-123.61244549812344, 42.58638286776026], [-123.61244933550186, 42.58270538652709], [-123.6124495314684, 42.582507228514466], [-123.61245306089447, 42.57911038529905], [-123.61681611352635, 42.57905380689249], [-123.61737685260755, 42.57904653584021], [-123.61906366885188, 42.57902466168306], [-123.61983907696417, 42.579014606610784], [-123.62230080732066, 42.57898268438139], [-123.62351839449968, 42.57898297626892]]]}, "properties": {"title": "MP44", "description": "lode | serial OR106770952 | 20.66 ac | Active | qtr-sec OR 33 0340S 0080W 026 A NESW | OR 33 0340S 0080W 027 A NESE | OR 33 0340S 0080W 027 A NWSE | OR 33 0340S 0080W 027 A SWSE | OR 33 0340S 0080W 026 A NESW | OR 33 0340S 0080W 026 A NWSW | OR 33 0340S 0080W 026 A SESW | OR 33 0340S 0080W 026 A SWSW | OR 33 0340S 0080W 026 | OR 33 0340S 0080W 026 | OR 33 0340S 0080W 026 | OR 33 0340S 0080W 026 | OR 33 0340S 0080W 026 | OR 33 0340S 0080W 026 | OR 33 0340S 0080W 026 | OR 33 0340S 0080W 026 | OR 33 0340S 0080W 026 | OR 33 0340S 0080W 026 | OR 33 0340S 0080W 026 | OR 33 0340S 0080W 026 | OR 33 0340S 0080W 026 | OR 33 0340S 0080W 027 B NENESESE | OR 33 0340S 0080W 027 B NWNESESE | OR 33 0340S 0080W 027 B SWNESESE | OR 33 0340S 0080W 027 B SENESESE | OR 33 0340S 0080W 027 B NENWSESE | OR 33 0340S 0080W 027 B NWNWSESE | OR 33 0340S 0080W 027 B SWNWSESE | OR 33 0340S 0080W 027 B SENWSESE | OR 33 0340S 0080W 027 B NESWSESE | OR 33 0340S 0080W 027 B NWSWSESE | OR 33 0340S 0080W 027 B SWSWSESE | OR 33 0340S 0080W 027 B SESWSESE | OR 33 0340S 0080W 027 B NESESESE | OR 33 0340S 0080W 027 B NWSESESE | OR 33 0340S 0080W 027 B SESESESE | OR 33 0340S 0080W 027 B SWSESESE | recorded~2026 (DB date, not legal located date) | src: BLM MLRS Not Closed | boundary approx (BLM quarter-section) | do not dig here (active claim)", "stroke": "#ff3300", "stroke-width": 2, "fill": "#ff3300", "fill-opacity": 0.05, "stroke-dasharray": "1,6"}}, {"type": "Feature", "geometry": {"type": "Polygon", "coordinates": [[[-123.62230080732066, 42.57898268438139], [-123.62351839449968, 42.57898297626892], [-123.62473598267869, 42.57898326615647], [-123.6259535708577, 42.57898357404407], [-123.6261960328933, 42.57898363802162], [-123.62717118203676, 42.578983893931586], [-123.63204155775267, 42.57898508148178], [-123.63691647346926, 42.57898717603164], [-123.6417913891858, 42.57898924858141], [-123.64180254180535, 42.58264219781134], [-123.64181369542506, 42.58629512504123], [-123.6369228537068, 42.58629677849323], [-123.63203203598844, 42.58629843194527], [-123.62714347627022, 42.58629966639706], [-123.62225489355183, 42.58630087784879], [-123.62227784993615, 42.582641780615084], [-123.62228360078227, 42.58172701255668], [-123.62228932862841, 42.58081222049824], [-123.62229506747454, 42.57989745243977], [-123.62230080732066, 42.57898268438139]]]}, "properties": {"title": "MP16", "description": "lode | serial OR106770924 | 20.66 ac | Active | qtr-sec OR 33 0340S 0080W 027 A NESW | OR 33 0340S 0080W 027 A NWSW | OR 33 0340S 0080W 027 A SWSW | OR 33 0340S 0080W 027 A SESW | OR 33 0340S 0080W 027 A NESE | OR 33 0340S 0080W 027 A NWSE | OR 33 0340S 0080W 027 A SWSE | OR 33 0340S 0080W 027 B NENESESE | OR 33 0340S 0080W 027 B NWNESESE | OR 33 0340S 0080W 027 B SWNESESE | OR 33 0340S 0080W 027 B SENESESE | OR 33 0340S 0080W 027 B NENWSESE | OR 33 0340S 0080W 027 B NWNWSESE | OR 33 0340S 0080W 027 B SWNWSESE | OR 33 0340S 0080W 027 B SENWSESE | OR 33 0340S 0080W 027 B NESWSESE | OR 33 0340S 0080W 027 B NWSWSESE | OR 33 0340S 0080W 027 B SWSWSESE | OR 33 0340S 0080W 027 B SESWSESE | OR 33 0340S 0080W 027 B NESESESE | OR 33 0340S 0080W 027 B NWSESESE | OR 33 0340S 0080W 027 B SESESESE | OR 33 0340S 0080W 027 B SWSESESE | recorded~2026 (DB date, not legal located date) | src: BLM MLRS Not Closed | boundary approx (BLM quarter-section) | do not dig here (active claim)", "stroke": "#ff3300", "stroke-width": 2, "fill": "#ff3300", "fill-opacity": 0.05, "stroke-dasharray": "1,6"}}, {"type": "Feature", "geometry": {"type": "Polygon", "coordinates": [[[-123.6320568535333, 42.5717602760232], [-123.63327569871277, 42.57176209191076], [-123.63539459202546, 42.57177050971562], [-123.63692008125042, 42.57177538657509], [-123.64180705697133, 42.57179322112492], [-123.64179921157844, 42.5753912223532], [-123.6417913891858, 42.57898924858141], [-123.63691647346926, 42.57898717603164], [-123.63204155775267, 42.57898508148178], [-123.63205031114309, 42.57537269025243], [-123.63205241095756, 42.57427339018263], [-123.63205685368597, 42.57266331008037], [-123.6320568535333, 42.5717602760232]]]}, "properties": {"title": "MP23", "description": "lode | serial OR106770931 | 20.66 ac | Active | qtr-sec OR 33 0340S 0080W 034 A NWNW | OR 33 0340S 0080W 034 A NENW | OR 33 0340S 0080W 034 A SWNW | OR 33 0340S 0080W 034 A SENW | OR 33 0340S 0080W 034 A SENW | recorded~2026 (DB date, not legal located date) | src: BLM MLRS Not Closed | boundary approx (BLM quarter-section) | do not dig here (active claim)", "stroke": "#ff3300", "stroke-width": 2, "fill": "#ff3300", "fill-opacity": 0.05, "stroke-dasharray": "1,6"}}, {"type": "Feature", "geometry": {"type": "Polygon", "coordinates": [[[-123.63203203598844, 42.58629843194527], [-123.63202726360645, 42.5899542461769], [-123.63202487691552, 42.59178215329272], [-123.63202249122457, 42.593610059408476], [-123.63204994284101, 42.597226618634586], [-123.6320773944576, 42.600843153860616], [-123.62712136072788, 42.60083551731832], [-123.62216530299798, 42.600827857776025], [-123.6221871653908, 42.597223499546104], [-123.62220902778373, 42.59361911731603], [-123.62223196116769, 42.58995999808246], [-123.62225489355183, 42.58630087784879], [-123.62714347627022, 42.58629966639706], [-123.63203203598844, 42.58629843194527]]]}, "properties": {"title": "MP27", "description": "lode | serial OR106770935 | 20.66 ac | Active | qtr-sec OR 33 0340S 0080W 022 A NWSE | OR 33 0340S 0080W 022 A NESE | OR 33 0340S 0080W 022 A SWSE | OR 33 0340S 0080W 022 A SESE | OR 33 0340S 0080W 027 A NENE | OR 33 0340S 0080W 027 A NWNE | OR 33 0340S 0080W 027 A SENE | OR 33 0340S 0080W 027 A SWNE | recorded~2026 (DB date, not legal located date) | src: BLM MLRS Not Closed | boundary approx (BLM quarter-section) | do not dig here (active claim)", "stroke": "#ff3300", "stroke-width": 2, "fill": "#ff3300", "fill-opacity": 0.05, "stroke-dasharray": "1,6"}}, {"type": "Feature", "geometry": {"type": "Polygon", "coordinates": [[[-123.62227105009016, 42.57173049792495], [-123.62715586081111, 42.57174828547505], [-123.62796528193046, 42.571750427400424], [-123.6283871159928, 42.571752779361645], [-123.6320568535333, 42.5717602760232], [-123.63205685368597, 42.57266331008037], [-123.63205241095756, 42.57427339018263], [-123.63205031114309, 42.57537269025243], [-123.63204155775267, 42.57898508148178], [-123.62717118203676, 42.578983893931586], [-123.6261960328933, 42.57898363802162], [-123.6259535708577, 42.57898357404407], [-123.62473598267869, 42.57898326615647], [-123.62351839449968, 42.57898297626892], [-123.62230080732066, 42.57898268438139], [-123.62228592870535, 42.57535657915317], [-123.62227105009016, 42.57173049792495]]]}, "properties": {"title": "MP47", "description": "lode | serial OR106770955 | 20.66 ac | Active | qtr-sec OR 33 0340S 0080W 034 A NWNE | OR 33 0340S 0080W 034 A NENE | OR 33 0340S 0080W 034 A SWNE | OR 33 0340S 0080W 034 A SENE | OR 33 0340S 0080W 034 A SWNE | recorded~2026 (DB date, not legal located date) | src: BLM MLRS Not Closed | boundary approx (BLM quarter-section) | do not dig here (active claim)", "stroke": "#ff3300", "stroke-width": 2, "fill": "#ff3300", "fill-opacity": 0.05, "stroke-dasharray": "1,6"}}, {"type": "Feature", "geometry": {"type": "Polygon", "coordinates": [[[-123.62229506747454, 42.57989745243977], [-123.62228932862841, 42.58081222049824], [-123.62228360078227, 42.58172701255668], [-123.62227784993615, 42.582641780615084], [-123.62225489355183, 42.58630087784879], [-123.62223196116769, 42.58995999808246], [-123.62220902778373, 42.59361911731603], [-123.61732351806556, 42.59362002676761], [-123.61470063367994, 42.593620515010045], [-123.61255286436422, 42.59362093520856], [-123.6124379853473, 42.593620935219185], [-123.61244084888435, 42.59088340504564], [-123.61244175673289, 42.589987658988875], [-123.61244549812344, 42.58638286776026], [-123.61244933550186, 42.58270538652709], [-123.6124495314684, 42.582507228514466], [-123.61245306089447, 42.57911038529905], [-123.61681611352635, 42.57905380689249], [-123.61737685260755, 42.57904653584021], [-123.61906366885188, 42.57902466168306], [-123.61983907696417, 42.579014606610784], [-123.62230080732066, 42.57898268438139], [-123.62229506747454, 42.57989745243977]]]}, "properties": {"title": "MP54", "description": "lode | serial OR106770962 | 20.66 ac | Filed | qtr-sec OR 33 0340S 0080W 026 A NESW | OR 33 0340S 0080W 026 A NENW | OR 33 0340S 0080W 026 A NWNW | OR 33 0340S 0080W 026 A SENW | OR 33 0340S 0080W 026 A SWNW | OR 33 0340S 0080W 026 A NESW | OR 33 0340S 0080W 026 A NWSW | OR 33 0340S 0080W 026 A SESW | OR 33 0340S 0080W 026 A SWSW | OR 33 0340S 0080W 026 | OR 33 0340S 0080W 026 | OR 33 0340S 0080W 026 | OR 33 0340S 0080W 026 | OR 33 0340S 0080W 026 | OR 33 0340S 0080W 026 | OR 33 0340S 0080W 026 | OR 33 0340S 0080W 026 | OR 33 0340S 0080W 026 | OR 33 0340S 0080W 026 | OR 33 0340S 0080W 026 | OR 33 0340S 0080W 026 | OR 33 0340S 0080W 026 | OR 33 0340S 0080W 026 | OR 33 0340S 0080W 026 | OR 33 0340S 0080W 026 | recorded~2026 (DB date, not legal located date) | src: BLM MLRS Not Closed | boundary approx (BLM quarter-section) | do not dig here (active claim)", "stroke": "#ff3300", "stroke-width": 2, "fill": "#ff3300", "fill-opacity": 0.05, "stroke-dasharray": "1,6"}}, {"type": "Feature", "geometry": {"type": "Polygon", "coordinates": [[[-123.64181369542506, 42.58629512504123], [-123.64182482504492, 42.589948075271074], [-123.64183595566497, 42.59360102550089], [-123.63938261830491, 42.59360328372778], [-123.63692923494486, 42.59360554195469], [-123.63447587458475, 42.59360780318161], [-123.63202249122457, 42.593610059408476], [-123.62711577150421, 42.59361460086229], [-123.62619631536924, 42.59361544694733], [-123.62220902778373, 42.59361911731603], [-123.62223196116769, 42.58995999808246], [-123.62225489355183, 42.58630087784879], [-123.62714347627022, 42.58629966639706], [-123.63203203598844, 42.58629843194527], [-123.6369228537068, 42.58629677849323], [-123.64181369542506, 42.58629512504123]]]}, "properties": {"title": "MP08", "description": "lode | serial OR106770916 | 20.66 ac | Active | qtr-sec OR 33 0340S 0080W 027 A NENE | OR 33 0340S 0080W 027 A NWNE | OR 33 0340S 0080W 027 A SENE | OR 33 0340S 0080W 027 A SWNE | OR 33 0340S 0080W 027 A NWNW | OR 33 0340S 0080W 027 A SENW | OR 33 0340S 0080W 027 A SWNW | OR 33 0340S 0080W 027 B NENENW | OR 33 0340S 0080W 027 B NWNENW | OR 33 0340S 0080W 027 B SWNENW | OR 33 0340S 0080W 027 B SENENW | recorded~2026 (DB date, not legal located date) | src: BLM MLRS Not Closed | boundary approx (BLM quarter-section) | do not dig here (active claim)", "stroke": "#ff3300", "stroke-width": 2, "fill": "#ff3300", "fill-opacity": 0.05, "stroke-dasharray": "1,6"}}, {"type": "Feature", "geometry": {"type": "Polygon", "coordinates": [[[-123.64181369542506, 42.58629512504123], [-123.64182482504492, 42.589948075271074], [-123.64183595566497, 42.59360102550089], [-123.63938261830491, 42.59360328372778], [-123.63692923494486, 42.59360554195469], [-123.63447587458475, 42.59360780318161], [-123.63202249122457, 42.593610059408476], [-123.62711577150421, 42.59361460086229], [-123.62619631536924, 42.59361544694733], [-123.62220902778373, 42.59361911731603], [-123.62223196116769, 42.58995999808246], [-123.62225489355183, 42.58630087784879], [-123.62714347627022, 42.58629966639706], [-123.63203203598844, 42.58629843194527], [-123.6369228537068, 42.58629677849323], [-123.64181369542506, 42.58629512504123]]]}, "properties": {"title": "MP10", "description": "lode | serial OR106770918 | 20.66 ac | Active | qtr-sec OR 33 0340S 0080W 027 A NENE | OR 33 0340S 0080W 027 A NWNE | OR 33 0340S 0080W 027 A SENE | OR 33 0340S 0080W 027 A SWNE | OR 33 0340S 0080W 027 A NWNW | OR 33 0340S 0080W 027 A SENW | OR 33 0340S 0080W 027 A SWNW | OR 33 0340S 0080W 027 B NENENW | OR 33 0340S 0080W 027 B NWNENW | OR 33 0340S 0080W 027 B SWNENW | OR 33 0340S 0080W 027 B SENENW | recorded~2026 (DB date, not legal located date) | src: BLM MLRS Not Closed | boundary approx (BLM quarter-section) | do not dig here (active claim)", "stroke": "#ff3300", "stroke-width": 2, "fill": "#ff3300", "fill-opacity": 0.05, "stroke-dasharray": "1,6"}}, {"type": "Feature", "geometry": {"type": "Polygon", "coordinates": [[[-123.62227105009016, 42.57173049792495], [-123.62715586081111, 42.57174828547505], [-123.62796528193046, 42.571750427400424], [-123.6283871159928, 42.571752779361645], [-123.6320568535333, 42.5717602760232], [-123.63327569871277, 42.57176209191076], [-123.63539459202546, 42.57177050971562], [-123.63692008125042, 42.57177538657509], [-123.64180705697133, 42.57179322112492], [-123.64179921157844, 42.5753912223532], [-123.6417913891858, 42.57898924858141], [-123.63691647346926, 42.57898717603164], [-123.63204155775267, 42.57898508148178], [-123.62717118203676, 42.578983893931586], [-123.6261960328933, 42.57898363802162], [-123.6259535708577, 42.57898357404407], [-123.62473598267869, 42.57898326615647], [-123.62351839449968, 42.57898297626892], [-123.62230080732066, 42.57898268438139], [-123.62228592870535, 42.57535657915317], [-123.62227105009016, 42.57173049792495]]]}, "properties": {"title": "MP22", "description": "lode | serial OR106770930 | 20.66 ac | Active | qtr-sec OR 33 0340S 0080W 034 A NWNE | OR 33 0340S 0080W 034 A NENE | OR 33 0340S 0080W 034 A SWNE | OR 33 0340S 0080W 034 A SENE | OR 33 0340S 0080W 034 A SWNE | OR 33 0340S 0080W 034 A NWNW | OR 33 0340S 0080W 034 A NENW | OR 33 0340S 0080W 034 A SWNW | OR 33 0340S 0080W 034 A SENW | OR 33 0340S 0080W 034 A SENW | recorded~2026 (DB date, not legal located date) | src: BLM MLRS Not Closed | boundary approx (BLM quarter-section) | do not dig here (active claim)", "stroke": "#ff3300", "stroke-width": 2, "fill": "#ff3300", "fill-opacity": 0.05, "stroke-dasharray": "1,6"}}, {"type": "Feature", "geometry": {"type": "Polygon", "coordinates": [[[-123.63203203598844, 42.58629843194527], [-123.63202726360645, 42.5899542461769], [-123.63202487691552, 42.59178215329272], [-123.63202249122457, 42.593610059408476], [-123.62711577150421, 42.59361460086229], [-123.62619631536924, 42.59361544694733], [-123.62220902778373, 42.59361911731603], [-123.61732351806556, 42.59362002676761], [-123.61470063367994, 42.593620515010045], [-123.61255286436422, 42.59362093520856], [-123.6124379853473, 42.593620935219185], [-123.61244084888435, 42.59088340504564], [-123.61244175673289, 42.589987658988875], [-123.61244549812344, 42.58638286776026], [-123.6140512373565, 42.58636478361078], [-123.61735022283531, 42.58632763030364], [-123.62225489355183, 42.58630087784879], [-123.62714347627022, 42.58629966639706], [-123.63203203598844, 42.58629843194527]]]}, "properties": {"title": "MP30", "description": "lode | serial OR106770938 | 20.66 ac | Active | qtr-sec OR 33 0340S 0080W 026 A NENW | OR 33 0340S 0080W 026 A NWNW | OR 33 0340S 0080W 026 A SENW | OR 33 0340S 0080W 026 A SWNW | OR 33 0340S 0080W 027 A NENE | OR 33 0340S 0080W 027 A NWNE | OR 33 0340S 0080W 027 A SENE | OR 33 0340S 0080W 027 A SWNE | OR 33 0340S 0080W 026 | OR 33 0340S 0080W 026 | OR 33 0340S 0080W 026 | recorded~2026 (DB date, not legal located date) | src: BLM MLRS Not Closed | boundary approx (BLM quarter-section) | do not dig here (active claim)", "stroke": "#ff3300", "stroke-width": 2, "fill": "#ff3300", "fill-opacity": 0.05, "stroke-dasharray": "1,6"}}, {"type": "Feature", "geometry": {"type": "Polygon", "coordinates": [[[-123.63203203598844, 42.58629843194527], [-123.63202726360645, 42.5899542461769], [-123.63202487691552, 42.59178215329272], [-123.63202249122457, 42.593610059408476], [-123.62711577150421, 42.59361460086229], [-123.62619631536924, 42.59361544694733], [-123.62220902778373, 42.59361911731603], [-123.62223196116769, 42.58995999808246], [-123.62225489355183, 42.58630087784879], [-123.62714347627022, 42.58629966639706], [-123.63203203598844, 42.58629843194527]]]}, "properties": {"title": "MP33", "description": "lode | serial OR106770941 | 20.66 ac | Active | qtr-sec OR 33 0340S 0080W 027 A NENE | OR 33 0340S 0080W 027 A NWNE | OR 33 0340S 0080W 027 A SENE | OR 33 0340S 0080W 027 A SWNE | recorded~2026 (DB date, not legal located date) | src: BLM MLRS Not Closed | boundary approx (BLM quarter-section) | do not dig here (active claim)", "stroke": "#ff3300", "stroke-width": 2, "fill": "#ff3300", "fill-opacity": 0.05, "stroke-dasharray": "1,6"}}, {"type": "Feature", "geometry": {"type": "Polygon", "coordinates": [[[-123.62225489355183, 42.58630087784879], [-123.62223196116769, 42.58995999808246], [-123.62220902778373, 42.59361911731603], [-123.6221871653908, 42.597223499546104], [-123.62216530299798, 42.600827857776025], [-123.61719839626801, 42.60082953423532], [-123.61223148953789, 42.6008312116946], [-123.61227246724684, 42.59907704157978], [-123.61228834620998, 42.59884572456368], [-123.61233474894253, 42.5972260844569], [-123.61239900957203, 42.59498224930894], [-123.6124379853473, 42.593620935219185], [-123.61244084888435, 42.59088340504564], [-123.61244175673289, 42.589987658988875], [-123.61244549812344, 42.58638286776026], [-123.6140512373565, 42.58636478361078], [-123.61735022283531, 42.58632763030364], [-123.62225489355183, 42.58630087784879]]]}, "properties": {"title": "MP50", "description": "lode | serial OR106770958 | 20.66 ac | Active | qtr-sec OR 33 0340S 0080W 023 A NWSW | OR 33 0340S 0080W 023 A SWSW | OR 33 0340S 0080W 026 A NENW | OR 33 0340S 0080W 026 A NWNW | OR 33 0340S 0080W 026 A SENW | OR 33 0340S 0080W 026 A SWNW | OR 33 0340S 0080W 023 A NESW | OR 33 0340S 0080W 023 L 11 | OR 33 0340S 0080W 023 A SESW | OR 33 0340S 0080W 023 L 12 | OR 33 0340S 0080W 023 | OR 33 0340S 0080W 023 | OR 33 0340S 0080W 026 | OR 33 0340S 0080W 023 | OR 33 0340S 0080W 026 | OR 33 0340S 0080W 026 | recorded~2026 (DB date, not legal located date) | src: BLM MLRS Not Closed | boundary approx (BLM quarter-section) | do not dig here (active claim)", "stroke": "#ff3300", "stroke-width": 2, "fill": "#ff3300", "fill-opacity": 0.05, "stroke-dasharray": "1,6"}}, {"type": "Feature", "geometry": {"type": "Polygon", "coordinates": [[[-123.62225489355183, 42.58630087784879], [-123.62223196116769, 42.58995999808246], [-123.62220902778373, 42.59361911731603], [-123.61732351806556, 42.59362002676761], [-123.61470063367994, 42.593620515010045], [-123.61255286436422, 42.59362093520856], [-123.6124379853473, 42.593620935219185], [-123.61244084888435, 42.59088340504564], [-123.61244175673289, 42.589987658988875], [-123.61244549812344, 42.58638286776026], [-123.6140512373565, 42.58636478361078], [-123.61735022283531, 42.58632763030364], [-123.62225489355183, 42.58630087784879]]]}, "properties": {"title": "MP51", "description": "lode | serial OR106770959 | 20.66 ac | Active | qtr-sec OR 33 0340S 0080W 026 A NENW | OR 33 0340S 0080W 026 A NWNW | OR 33 0340S 0080W 026 A SENW | OR 33 0340S 0080W 026 A SWNW | OR 33 0340S 0080W 026 | OR 33 0340S 0080W 026 | OR 33 0340S 0080W 026 | recorded~2026 (DB date, not legal located date) | src: BLM MLRS Not Closed | boundary approx (BLM quarter-section) | do not dig here (active claim)", "stroke": "#ff3300", "stroke-width": 2, "fill": "#ff3300", "fill-opacity": 0.05, "stroke-dasharray": "1,6"}}, {"type": "Feature", "geometry": {"type": "Polygon", "coordinates": [[[-123.62227105009016, 42.57173049792495], [-123.62228592870535, 42.57535657915317], [-123.62230080732066, 42.57898268438139], [-123.61983907696417, 42.579014606610784], [-123.61906366885188, 42.57902466168306], [-123.61737685260755, 42.57904653584021], [-123.61681611352635, 42.57905380689249], [-123.61245306089447, 42.57911038529905], [-123.61244487427022, 42.57542570806637], [-123.6124433181552, 42.57474674602349], [-123.61243663165493, 42.571793246837], [-123.6155622601112, 42.571773381547125], [-123.61735385237266, 42.57176186038097], [-123.62227105009016, 42.57173049792495]]]}, "properties": {"title": "MP65", "description": "lode | serial OR106770973 | 20.66 ac | Active | qtr-sec OR 33 0340S 0080W 035 A NENW | OR 33 0340S 0080W 035 A NWNW | OR 33 0340S 0080W 035 A SWNW | OR 33 0340S 0080W 035 L 9 | OR 33 0340S 0080W 035 | OR 33 0340S 0080W 035 | OR 33 0340S 0080W 035 | OR 33 0340S 0080W 035 | OR 33 0340S 0080W 035 | recorded~2026 (DB date, not legal located date) | src: BLM MLRS Not Closed | boundary approx (BLM quarter-section) | do not dig here (active claim)", "stroke": "#ff3300", "stroke-width": 2, "fill": "#ff3300", "fill-opacity": 0.05, "stroke-dasharray": "1,6"}}, {"type": "Feature", "geometry": {"type": "Polygon", "coordinates": [[[-123.6320568535333, 42.5717602760232], [-123.63327569871277, 42.57176209191076], [-123.63539459202546, 42.57177050971562], [-123.63692008125042, 42.57177538657509], [-123.64180705697133, 42.57179322112492], [-123.64179921157844, 42.5753912223532], [-123.6417913891858, 42.57898924858141], [-123.63691647346926, 42.57898717603164], [-123.63204155775267, 42.57898508148178], [-123.63205031114309, 42.57537269025243], [-123.63205241095756, 42.57427339018263], [-123.63205685368597, 42.57266331008037], [-123.6320568535333, 42.5717602760232]]]}, "properties": {"title": "MP21", "description": "lode | serial OR106770929 | 20.66 ac | Active | qtr-sec OR 33 0340S 0080W 034 A NWNW | OR 33 0340S 0080W 034 A NENW | OR 33 0340S 0080W 034 A SWNW | OR 33 0340S 0080W 034 A SENW | OR 33 0340S 0080W 034 A SENW | recorded~2026 (DB date, not legal located date) | src: BLM MLRS Not Closed | boundary approx (BLM quarter-section) | do not dig here (active claim)", "stroke": "#ff3300", "stroke-width": 2, "fill": "#ff3300", "fill-opacity": 0.05, "stroke-dasharray": "1,6"}}, {"type": "Feature", "geometry": {"type": "Polygon", "coordinates": [[[-123.63203203598844, 42.58629843194527], [-123.63202726360645, 42.5899542461769], [-123.63202487691552, 42.59178215329272], [-123.63202249122457, 42.593610059408476], [-123.62711577150421, 42.59361460086229], [-123.62619631536924, 42.59361544694733], [-123.62220902778373, 42.59361911731603], [-123.62223196116769, 42.58995999808246], [-123.62225489355183, 42.58630087784879], [-123.62714347627022, 42.58629966639706], [-123.63203203598844, 42.58629843194527]]]}, "properties": {"title": "MP29", "description": "lode | serial OR106770937 | 20.66 ac | Active | qtr-sec OR 33 0340S 0080W 027 A NENE | OR 33 0340S 0080W 027 A NWNE | OR 33 0340S 0080W 027 A SENE | OR 33 0340S 0080W 027 A SWNE | recorded~2026 (DB date, not legal located date) | src: BLM MLRS Not Closed | boundary approx (BLM quarter-section) | do not dig here (active claim)", "stroke": "#ff3300", "stroke-width": 2, "fill": "#ff3300", "fill-opacity": 0.05, "stroke-dasharray": "1,6"}}, {"type": "Feature", "geometry": {"type": "Polygon", "coordinates": [[[-123.62229506747454, 42.57989745243977], [-123.62228932862841, 42.58081222049824], [-123.62228360078227, 42.58172701255668], [-123.62227784993615, 42.582641780615084], [-123.62225489355183, 42.58630087784879], [-123.61735022283531, 42.58632763030364], [-123.6140512373565, 42.58636478361078], [-123.61244549812344, 42.58638286776026], [-123.61244933550186, 42.58270538652709], [-123.6124495314684, 42.582507228514466], [-123.61245306089447, 42.57911038529905], [-123.61681611352635, 42.57905380689249], [-123.61737685260755, 42.57904653584021], [-123.61906366885188, 42.57902466168306], [-123.61983907696417, 42.579014606610784], [-123.62230080732066, 42.57898268438139], [-123.62229506747454, 42.57989745243977]]]}, "properties": {"title": "MP60", "description": "lode | serial OR106770968 | 10.33 ac | Active | qtr-sec OR 33 0340S 0080W 026 A NESW | OR 33 0340S 0080W 026 A NESW | OR 33 0340S 0080W 026 A NWSW | OR 33 0340S 0080W 026 A SESW | OR 33 0340S 0080W 026 A SWSW | OR 33 0340S 0080W 026 | OR 33 0340S 0080W 026 | OR 33 0340S 0080W 026 | OR 33 0340S 0080W 026 | OR 33 0340S 0080W 026 | OR 33 0340S 0080W 026 | OR 33 0340S 0080W 026 | OR 33 0340S 0080W 026 | OR 33 0340S 0080W 026 | OR 33 0340S 0080W 026 | OR 33 0340S 0080W 026 | OR 33 0340S 0080W 026 | OR 33 0340S 0080W 026 | recorded~2026 (DB date, not legal located date) | src: BLM MLRS Not Closed | boundary approx (BLM quarter-section) | do not dig here (active claim)", "stroke": "#ff3300", "stroke-width": 2, "fill": "#ff3300", "fill-opacity": 0.05, "stroke-dasharray": "1,6"}}, {"type": "Feature", "geometry": {"type": "Polygon", "coordinates": [[[-123.64181369542506, 42.58629512504123], [-123.64673797114966, 42.58630264458668], [-123.65, 42.5863076265073], [-123.65, 42.600857078037535], [-123.6467884046214, 42.60085721550135], [-123.64432994526025, 42.600857401728696], [-123.6418715098991, 42.600857424955976], [-123.63942299253877, 42.60085393318219], [-123.6369744521784, 42.60085027840833], [-123.6320773944576, 42.600843153860616], [-123.63204994284101, 42.597226618634586], [-123.63202249122457, 42.593610059408476], [-123.63202487691552, 42.59178215329272], [-123.63202726360645, 42.5899542461769], [-123.63203203598844, 42.58629843194527], [-123.6369228537068, 42.58629677849323], [-123.64181369542506, 42.58629512504123]]]}, "properties": {"title": "MP03", "description": "lode | serial OR106770911 | 20.66 ac | Active | qtr-sec OR 33 0340S 0080W 021 A NESE | OR 33 0340S 0080W 021 A NWSE | OR 33 0340S 0080W 021 A NESE | OR 33 0340S 0080W 021 A SWSE | OR 33 0340S 0080W 022 A NWSW | OR 33 0340S 0080W 022 A NESW | OR 33 0340S 0080W 022 A NWSW | OR 33 0340S 0080W 022 A SWSW | OR 33 0340S 0080W 022 A SWSW | OR 33 0340S 0080W 022 A SESW | OR 33 0340S 0080W 028 A NENE | OR 33 0340S 0080W 028 A SWNE | OR 33 0340S 0080W 028 A SENE | OR 33 0340S 0080W 027 A NWNW | OR 33 0340S 0080W 027 A SENW | OR 33 0340S 0080W 027 A SWNW | OR 33 0340S 0080W 028 B NENENWNE | OR 33 0340S 0080W 028 B NWNENWNE | OR 33 0340S 0080W 028 B SWNENWNE | OR 33 0340S 0080W 028 B SENENWNE | OR 33 0340S 0080W 028 B NENWNWNE | OR 33 0340S 0080W 028 B NWNWNWNE | OR 33 0340S 0080W 028 B SWNWNWNE | OR 33 0340S 0080W 028 B SENWNWNE | OR 33 0340S 0080W 028 B NESWNWNE | OR 33 0340S 0080W 028 B NWSWNWNE | OR 33 0340S 0080W 028 B SWSWNWNE | OR 33 0340S 0080W 028 B SESWNWNE | OR 33 0340S 0080W 028 B NESENWNE | OR 33 0340S 0080W 028 B NWSENWNE | OR 33 0340S 0080W 028 B SWSENWNE | OR 33 0340S 0080W 028 B SESENWNE | OR 33 0340S 0080W 021 B NESESE | OR 33 0340S 0080W 021 B NWSESE | OR 33 0340S 0080W 021 B SWSESE | OR 33 0340S 0080W 021 B SESESE | OR 33 0340S 0080W 027 B NENENW | OR 33 0340S 0080W 027 B NWNENW | OR 33 0340S 0080W 027 B SWNENW | OR 33 0340S 0080W 027 B SENENW | recorded~2026 (DB date, not legal located date) | src: BLM MLRS Not Closed | boundary approx (BLM quarter-section) | do not dig here (active claim)", "stroke": "#ff3300", "stroke-width": 2, "fill": "#ff3300", "fill-opacity": 0.05, "stroke-dasharray": "1,6"}}, {"type": "Feature", "geometry": {"type": "Polygon", "coordinates": [[[-123.63204155775267, 42.57898508148178], [-123.63691647346926, 42.57898717603164], [-123.6417913891858, 42.57898924858141], [-123.64671768991194, 42.579004451127304], [-123.65, 42.57901456561662], [-123.65, 42.59360002231827], [-123.64921934174933, 42.59360011881834], [-123.64798878556863, 42.593600270932136], [-123.64675820538793, 42.59360041904586], [-123.64429709202643, 42.59360072627336], [-123.64183595566497, 42.59360102550089], [-123.63938261830491, 42.59360328372778], [-123.63692923494486, 42.59360554195469], [-123.63447587458475, 42.59360780318161], [-123.63202249122457, 42.593610059408476], [-123.63202487691552, 42.59178215329272], [-123.63202726360645, 42.5899542461769], [-123.63203203598844, 42.58629843194527], [-123.63203680837049, 42.58264175671354], [-123.63204155775267, 42.57898508148178]]]}, "properties": {"title": "MP11", "description": "lode | serial OR106770919 | 20.66 ac | Active | qtr-sec OR 33 0340S 0080W 028 A NENE | OR 33 0340S 0080W 028 A SWNE | OR 33 0340S 0080W 028 A SENE | OR 33 0340S 0080W 027 A NWNW | OR 33 0340S 0080W 027 A SENW | OR 33 0340S 0080W 027 A SWNW | OR 33 0340S 0080W 028 A NWSE | OR 33 0340S 0080W 028 A NESE | OR 33 0340S 0080W 028 A SWSE | OR 33 0340S 0080W 028 A SESE | OR 33 0340S 0080W 027 A NESW | OR 33 0340S 0080W 027 A NWSW | OR 33 0340S 0080W 027 A SWSW | OR 33 0340S 0080W 027 A SESW | OR 33 0340S 0080W 028 B NENENWNE | OR 33 0340S 0080W 028 B NWNENWNE | OR 33 0340S 0080W 028 B SWNENWNE | OR 33 0340S 0080W 028 B SENENWNE | OR 33 0340S 0080W 028 B NENWNWNE | OR 33 0340S 0080W 028 B NWNWNWNE | OR 33 0340S 0080W 028 B SWNWNWNE | OR 33 0340S 0080W 028 B SENWNWNE | OR 33 0340S 0080W 028 B NESWNWNE | OR 33 0340S 0080W 028 B NWSWNWNE | OR 33 0340S 0080W 028 B SWSWNWNE | OR 33 0340S 0080W 028 B SESWNWNE | OR 33 0340S 0080W 028 B NESENWNE | OR 33 0340S 0080W 028 B NWSENWNE | OR 33 0340S 0080W 028 B SWSENWNE | OR 33 0340S 0080W 028 B SESENWNE | OR 33 0340S 0080W 027 B NENENW | OR 33 0340S 0080W 027 B NWNENW | OR 33 0340S 0080W 027 B SWNENW | OR 33 0340S 0080W 027 B SENENW | recorded~2026 (DB date, not legal located date) | src: BLM MLRS Not Closed | boundary approx (BLM quarter-section) | do not dig here (active claim)", "stroke": "#ff3300", "stroke-width": 2, "fill": "#ff3300", "fill-opacity": 0.05, "stroke-dasharray": "1,6"}}, {"type": "Feature", "geometry": {"type": "Polygon", "coordinates": [[[-123.64181369542506, 42.58629512504123], [-123.6369228537068, 42.58629677849323], [-123.63203203598844, 42.58629843194527], [-123.63203680837049, 42.58264175671354], [-123.63204155775267, 42.57898508148178], [-123.63691647346926, 42.57898717603164], [-123.6417913891858, 42.57898924858141], [-123.64671768991194, 42.579004451127304], [-123.65, 42.57901456561662], [-123.65, 42.5863076265073], [-123.64673797114966, 42.58630264458668], [-123.64181369542506, 42.58629512504123]]]}, "properties": {"title": "MP13", "description": "lode | serial OR106770921 | 20.66 ac | Active | qtr-sec OR 33 0340S 0080W 028 A NWSE | OR 33 0340S 0080W 028 A NESE | OR 33 0340S 0080W 028 A SWSE | OR 33 0340S 0080W 028 A SESE | OR 33 0340S 0080W 027 A NESW | OR 33 0340S 0080W 027 A NWSW | OR 33 0340S 0080W 027 A SWSW | OR 33 0340S 0080W 027 A SESW | recorded~2026 (DB date, not legal located date) | src: BLM MLRS Not Closed | boundary approx (BLM quarter-section) | do not dig here (active claim)", "stroke": "#ff3300", "stroke-width": 2, "fill": "#ff3300", "fill-opacity": 0.05, "stroke-dasharray": "1,6"}}, {"type": "Feature", "geometry": {"type": "Polygon", "coordinates": [[[-123.64181369542506, 42.58629512504123], [-123.6369228537068, 42.58629677849323], [-123.63203203598844, 42.58629843194527], [-123.63203680837049, 42.58264175671354], [-123.63204155775267, 42.57898508148178], [-123.63691647346926, 42.57898717603164], [-123.6417913891858, 42.57898924858141], [-123.64671768991194, 42.579004451127304], [-123.65, 42.57901456561662], [-123.65, 42.5863076265073], [-123.64673797114966, 42.58630264458668], [-123.64181369542506, 42.58629512504123]]]}, "properties": {"title": "MP15", "description": "lode | serial OR106770923 | 20.66 ac | Active | qtr-sec OR 33 0340S 0080W 028 A NWSE | OR 33 0340S 0080W 028 A NESE | OR 33 0340S 0080W 028 A SWSE | OR 33 0340S 0080W 028 A SESE | OR 33 0340S 0080W 027 A NESW | OR 33 0340S 0080W 027 A NWSW | OR 33 0340S 0080W 027 A SWSW | OR 33 0340S 0080W 027 A SESW | recorded~2026 (DB date, not legal located date) | src: BLM MLRS Not Closed | boundary approx (BLM quarter-section) | do not dig here (active claim)", "stroke": "#ff3300", "stroke-width": 2, "fill": "#ff3300", "fill-opacity": 0.05, "stroke-dasharray": "1,6"}}, {"type": "Feature", "geometry": {"type": "Polygon", "coordinates": [[[-123.62229506747454, 42.57989745243977], [-123.62228932862841, 42.58081222049824], [-123.62228360078227, 42.58172701255668], [-123.62227784993615, 42.582641780615084], [-123.62225489355183, 42.58630087784879], [-123.61735022283531, 42.58632763030364], [-123.6140512373565, 42.58636478361078], [-123.61244549812344, 42.58638286776026], [-123.61244933550186, 42.58270538652709], [-123.6124495314684, 42.582507228514466], [-123.61245306089447, 42.57911038529905], [-123.61681611352635, 42.57905380689249], [-123.61737685260755, 42.57904653584021], [-123.61906366885188, 42.57902466168306], [-123.61983907696417, 42.579014606610784], [-123.62230080732066, 42.57898268438139], [-123.62229506747454, 42.57989745243977]]]}, "properties": {"title": "MP58", "description": "lode | serial OR106770966 | 10.33 ac | Active | qtr-sec OR 33 0340S 0080W 026 A NESW | OR 33 0340S 0080W 026 A NESW | OR 33 0340S 0080W 026 A NWSW | OR 33 0340S 0080W 026 A SESW | OR 33 0340S 0080W 026 A SWSW | OR 33 0340S 0080W 026 | OR 33 0340S 0080W 026 | OR 33 0340S 0080W 026 | OR 33 0340S 0080W 026 | OR 33 0340S 0080W 026 | OR 33 0340S 0080W 026 | OR 33 0340S 0080W 026 | OR 33 0340S 0080W 026 | OR 33 0340S 0080W 026 | OR 33 0340S 0080W 026 | OR 33 0340S 0080W 026 | OR 33 0340S 0080W 026 | OR 33 0340S 0080W 026 | recorded~2026 (DB date, not legal located date) | src: BLM MLRS Not Closed | boundary approx (BLM quarter-section) | do not dig here (active claim)", "stroke": "#ff3300", "stroke-width": 2, "fill": "#ff3300", "fill-opacity": 0.05, "stroke-dasharray": "1,6"}}, {"type": "Feature", "geometry": {"type": "Polygon", "coordinates": [[[-123.62228592870535, 42.57535657915317], [-123.62230080732066, 42.57898268438139], [-123.62229506747454, 42.57989745243977], [-123.62228932862841, 42.58081222049824], [-123.62228360078227, 42.58172701255668], [-123.62227784993615, 42.582641780615084], [-123.62225489355183, 42.58630087784879], [-123.61735022283531, 42.58632763030364], [-123.6140512373565, 42.58636478361078], [-123.61244549812344, 42.58638286776026], [-123.61244933550186, 42.58270538652709], [-123.6124495314684, 42.582507228514466], [-123.61245306089447, 42.57911038529905], [-123.61244487427022, 42.57542570806637], [-123.6124433181552, 42.57474674602349], [-123.61243663165493, 42.571793246837], [-123.6155622601112, 42.571773381547125], [-123.61735385237266, 42.57176186038097], [-123.62227105009016, 42.57173049792495], [-123.62228592870535, 42.57535657915317]]]}, "properties": {"title": "MP64", "description": "lode | serial OR106770972 | 11.71 ac | Active | qtr-sec OR 33 0340S 0080W 026 A NESW | OR 33 0340S 0080W 035 A NENW | OR 33 0340S 0080W 035 A NWNW | OR 33 0340S 0080W 035 A SWNW | OR 33 0340S 0080W 035 L 9 | OR 33 0340S 0080W 026 A NESW | OR 33 0340S 0080W 026 A NWSW | OR 33 0340S 0080W 026 A SESW | OR 33 0340S 0080W 026 A SWSW | OR 33 0340S 0080W 035 | OR 33 0340S 0080W 026 | OR 33 0340S 0080W 035 | OR 33 0340S 0080W 035 | OR 33 0340S 0080W 035 | OR 33 0340S 0080W 026 | OR 33 0340S 0080W 026 | OR 33 0340S 0080W 026 | OR 33 0340S 0080W 026 | OR 33 0340S 0080W 026 | OR 33 0340S 0080W 026 | OR 33 0340S 0080W 026 | OR 33 0340S 0080W 026 | OR 33 0340S 0080W 026 | OR 33 0340S 0080W 026 | OR 33 0340S 0080W 026 | OR 33 0340S 0080W 026 | OR 33 0340S 0080W 035 | recorded~2026 (DB date, not legal located date) | src: BLM MLRS Not Closed | boundary approx (BLM quarter-section) | do not dig here (active claim)", "stroke": "#ff3300", "stroke-width": 2, "fill": "#ff3300", "fill-opacity": 0.05, "stroke-dasharray": "1,6"}}, {"type": "Feature", "geometry": {"type": "Polygon", "coordinates": [[[-123.64181369542506, 42.58629512504123], [-123.64673797114966, 42.58630264458668], [-123.65, 42.5863076265073], [-123.65, 42.59360002231827], [-123.64921934174933, 42.59360011881834], [-123.64798878556863, 42.593600270932136], [-123.64675820538793, 42.59360041904586], [-123.64429709202643, 42.59360072627336], [-123.64183595566497, 42.59360102550089], [-123.63938261830491, 42.59360328372778], [-123.63692923494486, 42.59360554195469], [-123.63447587458475, 42.59360780318161], [-123.63202249122457, 42.593610059408476], [-123.63202487691552, 42.59178215329272], [-123.63202726360645, 42.5899542461769], [-123.63203203598844, 42.58629843194527], [-123.6369228537068, 42.58629677849323], [-123.64181369542506, 42.58629512504123]]]}, "properties": {"title": "MP07", "description": "lode | serial OR106770915 | 20.66 ac | Active | qtr-sec OR 33 0340S 0080W 028 A NENE | OR 33 0340S 0080W 028 A SWNE | OR 33 0340S 0080W 028 A SENE | OR 33 0340S 0080W 027 A NWNW | OR 33 0340S 0080W 027 A SENW | OR 33 0340S 0080W 027 A SWNW | OR 33 0340S 0080W 028 B NENENWNE | OR 33 0340S 0080W 028 B NWNENWNE | OR 33 0340S 0080W 028 B SWNENWNE | OR 33 0340S 0080W 028 B SENENWNE | OR 33 0340S 0080W 028 B NENWNWNE | OR 33 0340S 0080W 028 B NWNWNWNE | OR 33 0340S 0080W 028 B SWNWNWNE | OR 33 0340S 0080W 028 B SENWNWNE | OR 33 0340S 0080W 028 B NESWNWNE | OR 33 0340S 0080W 028 B NWSWNWNE | OR 33 0340S 0080W 028 B SWSWNWNE | OR 33 0340S 0080W 028 B SESWNWNE | OR 33 0340S 0080W 028 B NESENWNE | OR 33 0340S 0080W 028 B NWSENWNE | OR 33 0340S 0080W 028 B SWSENWNE | OR 33 0340S 0080W 028 B SESENWNE | OR 33 0340S 0080W 027 B NENENW | OR 33 0340S 0080W 027 B NWNENW | OR 33 0340S 0080W 027 B SWNENW | OR 33 0340S 0080W 027 B SENENW | recorded~2026 (DB date, not legal located date) | src: BLM MLRS Not Closed | boundary approx (BLM quarter-section) | do not dig here (active claim)", "stroke": "#ff3300", "stroke-width": 2, "fill": "#ff3300", "fill-opacity": 0.05, "stroke-dasharray": "1,6"}}, {"type": "Feature", "geometry": {"type": "Polygon", "coordinates": [[[-123.63202249122457, 42.593610059408476], [-123.63204994284101, 42.597226618634586], [-123.6320773944576, 42.600843153860616], [-123.62712136072788, 42.60083551731832], [-123.62216530299798, 42.600827857776025], [-123.6221871653908, 42.597223499546104], [-123.62220902778373, 42.59361911731603], [-123.62619631536924, 42.59361544694733], [-123.62711577150421, 42.59361460086229], [-123.63202249122457, 42.593610059408476]]]}, "properties": {"title": "MP25", "description": "lode | serial OR106770933 | 20.66 ac | Active | qtr-sec OR 33 0340S 0080W 022 A NWSE | OR 33 0340S 0080W 022 A NESE | OR 33 0340S 0080W 022 A SWSE | OR 33 0340S 0080W 022 A SESE | recorded~2026 (DB date, not legal located date) | src: BLM MLRS Not Closed | boundary approx (BLM quarter-section) | do not dig here (active claim)", "stroke": "#ff3300", "stroke-width": 2, "fill": "#ff3300", "fill-opacity": 0.05, "stroke-dasharray": "1,6"}}, {"type": "Feature", "geometry": {"type": "Polygon", "coordinates": [[[-123.63203203598844, 42.58629843194527], [-123.63202726360645, 42.5899542461769], [-123.63202487691552, 42.59178215329272], [-123.63202249122457, 42.593610059408476], [-123.62711577150421, 42.59361460086229], [-123.62619631536924, 42.59361544694733], [-123.62220902778373, 42.59361911731603], [-123.61732351806556, 42.59362002676761], [-123.61470063367994, 42.593620515010045], [-123.61255286436422, 42.59362093520856], [-123.6124379853473, 42.593620935219185], [-123.61244084888435, 42.59088340504564], [-123.61244175673289, 42.589987658988875], [-123.61244549812344, 42.58638286776026], [-123.6140512373565, 42.58636478361078], [-123.61735022283531, 42.58632763030364], [-123.62225489355183, 42.58630087784879], [-123.62714347627022, 42.58629966639706], [-123.63203203598844, 42.58629843194527]]]}, "properties": {"title": "MP34", "description": "lode | serial OR106770942 | 20.66 ac | Active | qtr-sec OR 33 0340S 0080W 026 A NENW | OR 33 0340S 0080W 026 A NWNW | OR 33 0340S 0080W 026 A SENW | OR 33 0340S 0080W 026 A SWNW | OR 33 0340S 0080W 027 A NENE | OR 33 0340S 0080W 027 A NWNE | OR 33 0340S 0080W 027 A SENE | OR 33 0340S 0080W 027 A SWNE | OR 33 0340S 0080W 026 | OR 33 0340S 0080W 026 | OR 33 0340S 0080W 026 | recorded~2026 (DB date, not legal located date) | src: BLM MLRS Not Closed | boundary approx (BLM quarter-section) | do not dig here (active claim)", "stroke": "#ff3300", "stroke-width": 2, "fill": "#ff3300", "fill-opacity": 0.05, "stroke-dasharray": "1,6"}}, {"type": "Feature", "geometry": {"type": "Polygon", "coordinates": [[[-123.62230080732066, 42.57898268438139], [-123.62351839449968, 42.57898297626892], [-123.62473598267869, 42.57898326615647], [-123.6259535708577, 42.57898357404407], [-123.6261960328933, 42.57898363802162], [-123.62717118203676, 42.578983893931586], [-123.63204155775267, 42.57898508148178], [-123.63203680837049, 42.58264175671354], [-123.63203203598844, 42.58629843194527], [-123.62714347627022, 42.58629966639706], [-123.62225489355183, 42.58630087784879], [-123.62227784993615, 42.582641780615084], [-123.62228360078227, 42.58172701255668], [-123.62228932862841, 42.58081222049824], [-123.62229506747454, 42.57989745243977], [-123.62230080732066, 42.57898268438139]]]}, "properties": {"title": "MP37", "description": "lode | serial OR106770945 | 20.66 ac | Active | qtr-sec OR 33 0340S 0080W 027 A NESE | OR 33 0340S 0080W 027 A NWSE | OR 33 0340S 0080W 027 A SWSE | OR 33 0340S 0080W 027 B NENESESE | OR 33 0340S 0080W 027 B NWNESESE | OR 33 0340S 0080W 027 B SWNESESE | OR 33 0340S 0080W 027 B SENESESE | OR 33 0340S 0080W 027 B NENWSESE | OR 33 0340S 0080W 027 B NWNWSESE | OR 33 0340S 0080W 027 B SWNWSESE | OR 33 0340S 0080W 027 B SENWSESE | OR 33 0340S 0080W 027 B NESWSESE | OR 33 0340S 0080W 027 B NWSWSESE | OR 33 0340S 0080W 027 B SWSWSESE | OR 33 0340S 0080W 027 B SESWSESE | OR 33 0340S 0080W 027 B NESESESE | OR 33 0340S 0080W 027 B NWSESESE | OR 33 0340S 0080W 027 B SESESESE | OR 33 0340S 0080W 027 B SWSESESE | recorded~2026 (DB date, not legal located date) | src: BLM MLRS Not Closed | boundary approx (BLM quarter-section) | do not dig here (active claim)", "stroke": "#ff3300", "stroke-width": 2, "fill": "#ff3300", "fill-opacity": 0.05, "stroke-dasharray": "1,6"}}, {"type": "Feature", "geometry": {"type": "Polygon", "coordinates": [[[-123.62230080732066, 42.57898268438139], [-123.62351839449968, 42.57898297626892], [-123.62473598267869, 42.57898326615647], [-123.6259535708577, 42.57898357404407], [-123.6261960328933, 42.57898363802162], [-123.62717118203676, 42.578983893931586], [-123.63204155775267, 42.57898508148178], [-123.63203680837049, 42.58264175671354], [-123.63203203598844, 42.58629843194527], [-123.62714347627022, 42.58629966639706], [-123.62225489355183, 42.58630087784879], [-123.62227784993615, 42.582641780615084], [-123.62228360078227, 42.58172701255668], [-123.62228932862841, 42.58081222049824], [-123.62229506747454, 42.57989745243977], [-123.62230080732066, 42.57898268438139]]]}, "properties": {"title": "MP41", "description": "lode | serial OR106770949 | 20.66 ac | Active | qtr-sec OR 33 0340S 0080W 027 A NESE | OR 33 0340S 0080W 027 A NWSE | OR 33 0340S 0080W 027 A SWSE | OR 33 0340S 0080W 027 B NENESESE | OR 33 0340S 0080W 027 B NWNESESE | OR 33 0340S 0080W 027 B SWNESESE | OR 33 0340S 0080W 027 B SENESESE | OR 33 0340S 0080W 027 B NENWSESE | OR 33 0340S 0080W 027 B NWNWSESE | OR 33 0340S 0080W 027 B SWNWSESE | OR 33 0340S 0080W 027 B SENWSESE | OR 33 0340S 0080W 027 B NESWSESE | OR 33 0340S 0080W 027 B NWSWSESE | OR 33 0340S 0080W 027 B SWSWSESE | OR 33 0340S 0080W 027 B SESWSESE | OR 33 0340S 0080W 027 B NESESESE | OR 33 0340S 0080W 027 B NWSESESE | OR 33 0340S 0080W 027 B SESESESE | OR 33 0340S 0080W 027 B SWSESESE | recorded~2026 (DB date, not legal located date) | src: BLM MLRS Not Closed | boundary approx (BLM quarter-section) | do not dig here (active claim)", "stroke": "#ff3300", "stroke-width": 2, "fill": "#ff3300", "fill-opacity": 0.05, "stroke-dasharray": "1,6"}}, {"type": "Feature", "geometry": {"type": "Polygon", "coordinates": [[[-123.62225489355183, 42.58630087784879], [-123.62223196116769, 42.58995999808246], [-123.62220902778373, 42.59361911731603], [-123.61732351806556, 42.59362002676761], [-123.61470063367994, 42.593620515010045], [-123.61255286436422, 42.59362093520856], [-123.6124379853473, 42.593620935219185], [-123.61244084888435, 42.59088340504564], [-123.61244175673289, 42.589987658988875], [-123.61244549812344, 42.58638286776026], [-123.6140512373565, 42.58636478361078], [-123.61735022283531, 42.58632763030364], [-123.62225489355183, 42.58630087784879]]]}, "properties": {"title": "MP53", "description": "lode | serial OR106770961 | 20.66 ac | Active | qtr-sec OR 33 0340S 0080W 026 A NENW | OR 33 0340S 0080W 026 A NWNW | OR 33 0340S 0080W 026 A SENW | OR 33 0340S 0080W 026 A SWNW | OR 33 0340S 0080W 026 | OR 33 0340S 0080W 026 | OR 33 0340S 0080W 026 | recorded~2026 (DB date, not legal located date) | src: BLM MLRS Not Closed | boundary approx (BLM quarter-section) | do not dig here (active claim)", "stroke": "#ff3300", "stroke-width": 2, "fill": "#ff3300", "fill-opacity": 0.05, "stroke-dasharray": "1,6"}}, {"type": "Feature", "geometry": {"type": "Polygon", "coordinates": [[[-123.62229506747454, 42.57989745243977], [-123.62228932862841, 42.58081222049824], [-123.62228360078227, 42.58172701255668], [-123.62227784993615, 42.582641780615084], [-123.62225489355183, 42.58630087784879], [-123.61735022283531, 42.58632763030364], [-123.6140512373565, 42.58636478361078], [-123.61244549812344, 42.58638286776026], [-123.61244933550186, 42.58270538652709], [-123.6124495314684, 42.582507228514466], [-123.61245306089447, 42.57911038529905], [-123.61681611352635, 42.57905380689249], [-123.61737685260755, 42.57904653584021], [-123.61906366885188, 42.57902466168306], [-123.61983907696417, 42.579014606610784], [-123.62230080732066, 42.57898268438139], [-123.62229506747454, 42.57989745243977]]]}, "properties": {"title": "MP55", "description": "lode | serial OR106770963 | 10.33 ac | Active | qtr-sec OR 33 0340S 0080W 026 A NESW | OR 33 0340S 0080W 026 A NESW | OR 33 0340S 0080W 026 A NWSW | OR 33 0340S 0080W 026 A SESW | OR 33 0340S 0080W 026 A SWSW | OR 33 0340S 0080W 026 | OR 33 0340S 0080W 026 | OR 33 0340S 0080W 026 | OR 33 0340S 0080W 026 | OR 33 0340S 0080W 026 | OR 33 0340S 0080W 026 | OR 33 0340S 0080W 026 | OR 33 0340S 0080W 026 | OR 33 0340S 0080W 026 | OR 33 0340S 0080W 026 | OR 33 0340S 0080W 026 | OR 33 0340S 0080W 026 | OR 33 0340S 0080W 026 | recorded~2026 (DB date, not legal located date) | src: BLM MLRS Not Closed | boundary approx (BLM quarter-section) | do not dig here (active claim)", "stroke": "#ff3300", "stroke-width": 2, "fill": "#ff3300", "fill-opacity": 0.05, "stroke-dasharray": "1,6"}}, {"type": "Feature", "geometry": {"type": "Polygon", "coordinates": [[[-123.64681860385544, 42.60811359195673], [-123.64190708713394, 42.60811382541097], [-123.64188929851649, 42.60448562518352], [-123.6418715098991, 42.600857424955976], [-123.64186263859055, 42.599043324842235], [-123.64185374428195, 42.59722922472845], [-123.64184484997348, 42.595415125614664], [-123.64183595566497, 42.59360102550089], [-123.64429709202643, 42.59360072627336], [-123.64675820538793, 42.59360041904586], [-123.64798878556863, 42.593600270932136], [-123.64921934174933, 42.59360011881834], [-123.65, 42.59360002231827], [-123.65, 42.608113441386294], [-123.64681860385544, 42.60811359195673]]]}, "properties": {"title": "MP59", "description": "lode | serial OR106770967 | 10.33 ac | Active | qtr-sec OR 33 0340S 0080W 026 A NESW | OR 33 0340S 0080W 021 A SENE | OR 33 0340S 0080W 021 A NENE | OR 33 0340S 0080W 021 A NWNE | OR 33 0340S 0080W 021 A SWNE | OR 33 0340S 0080W 021 A NENW | OR 33 0340S 0080W 021 A NWNW | OR 33 0340S 0080W 021 A SENW | OR 33 0340S 0080W 021 A SWNW | OR 33 0340S 0080W 021 A NESE | OR 33 0340S 0080W 021 A NWSE | OR 33 0340S 0080W 021 A NESE | OR 33 0340S 0080W 021 A SWSE | OR 33 0340S 0080W 021 A NESW | OR 33 0340S 0080W 021 A NWSW | OR 33 0340S 0080W 021 A SESW | OR 33 0340S 0080W 021 A SWSW | OR 33 0340S 0080W 026 A NESW | OR 33 0340S 0080W 026 A NWSW | OR 33 0340S 0080W 026 A SESW | OR 33 0340S 0080W 026 A SWSW | OR 33 0340S 0080W 026 | OR 33 0340S 0080W 026 | OR 33 0340S 0080W 026 | OR 33 0340S 0080W 026 | OR 33 0340S 0080W 026 | OR 33 0340S 0080W 026 | OR 33 0340S 0080W 026 | OR 33 0340S 0080W 026 | OR 33 0340S 0080W 026 | OR 33 0340S 0080W 026 | OR 33 0340S 0080W 026 | OR 33 0340S 0080W 026 | OR 33 0340S 0080W 026 | OR 33 0340S 0080W 021 B NESESE | OR 33 0340S 0080W 021 B NWSESE | OR 33 0340S 0080W 021 B SWSESE | OR 33 0340S 0080W 021 B SESESE | recorded~2026 (DB date, not legal located date) | src: BLM MLRS Not Closed | boundary approx (BLM quarter-section) | do not dig here (active claim)", "stroke": "#ff3300", "stroke-width": 2, "fill": "#ff3300", "fill-opacity": 0.05, "stroke-dasharray": "1,6"}}, {"type": "Feature", "geometry": {"type": "Polygon", "coordinates": [[[-123.64181369542506, 42.58629512504123], [-123.64182482504492, 42.589948075271074], [-123.64183595566497, 42.59360102550089], [-123.64184484997348, 42.595415125614664], [-123.64185374428195, 42.59722922472845], [-123.64186263859055, 42.599043324842235], [-123.6418715098991, 42.600857424955976], [-123.63942299253877, 42.60085393318219], [-123.6369744521784, 42.60085027840833], [-123.6320773944576, 42.600843153860616], [-123.62712136072788, 42.60083551731832], [-123.62216530299798, 42.600827857776025], [-123.6221871653908, 42.597223499546104], [-123.62220902778373, 42.59361911731603], [-123.62223196116769, 42.58995999808246], [-123.62225489355183, 42.58630087784879], [-123.62714347627022, 42.58629966639706], [-123.63203203598844, 42.58629843194527], [-123.6369228537068, 42.58629677849323], [-123.64181369542506, 42.58629512504123]]]}, "properties": {"title": "MP04", "description": "lode | serial OR106770912 | 20.66 ac | Active | qtr-sec OR 33 0340S 0080W 022 A NWSW | OR 33 0340S 0080W 022 A NESW | OR 33 0340S 0080W 022 A NWSW | OR 33 0340S 0080W 022 A SWSW | OR 33 0340S 0080W 022 A SWSW | OR 33 0340S 0080W 022 A SESW | OR 33 0340S 0080W 022 A NWSE | OR 33 0340S 0080W 022 A NESE | OR 33 0340S 0080W 022 A SWSE | OR 33 0340S 0080W 022 A SESE | OR 33 0340S 0080W 027 A NENE | OR 33 0340S 0080W 027 A NWNE | OR 33 0340S 0080W 027 A SENE | OR 33 0340S 0080W 027 A SWNE | OR 33 0340S 0080W 027 A NWNW | OR 33 0340S 0080W 027 A SENW | OR 33 0340S 0080W 027 A SWNW | OR 33 0340S 0080W 027 B NENENW | OR 33 0340S 0080W 027 B NWNENW | OR 33 0340S 0080W 027 B SWNENW | OR 33 0340S 0080W 027 B SENENW | recorded~2026 (DB date, not legal located date) | src: BLM MLRS Not Closed | boundary approx (BLM quarter-section) | do not dig here (active claim)", "stroke": "#ff3300", "stroke-width": 2, "fill": "#ff3300", "fill-opacity": 0.05, "stroke-dasharray": "1,6"}}, {"type": "Feature", "geometry": {"type": "Polygon", "coordinates": [[[-123.62230080732066, 42.57898268438139], [-123.62351839449968, 42.57898297626892], [-123.62473598267869, 42.57898326615647], [-123.6259535708577, 42.57898357404407], [-123.6261960328933, 42.57898363802162], [-123.62717118203676, 42.578983893931586], [-123.63204155775267, 42.57898508148178], [-123.63691647346926, 42.57898717603164], [-123.6417913891858, 42.57898924858141], [-123.64180254180535, 42.58264219781134], [-123.64181369542506, 42.58629512504123], [-123.6369228537068, 42.58629677849323], [-123.63203203598844, 42.58629843194527], [-123.62714347627022, 42.58629966639706], [-123.62225489355183, 42.58630087784879], [-123.62227784993615, 42.582641780615084], [-123.62228360078227, 42.58172701255668], [-123.62228932862841, 42.58081222049824], [-123.62229506747454, 42.57989745243977], [-123.62230080732066, 42.57898268438139]]]}, "properties": {"title": "MP18", "description": "lode | serial OR106770926 | 20.66 ac | Active | qtr-sec OR 33 0340S 0080W 027 A NESW | OR 33 0340S 0080W 027 A NWSW | OR 33 0340S 0080W 027 A SWSW | OR 33 0340S 0080W 027 A SESW | OR 33 0340S 0080W 027 A NESE | OR 33 0340S 0080W 027 A NWSE | OR 33 0340S 0080W 027 A SWSE | OR 33 0340S 0080W 027 B NENESESE | OR 33 0340S 0080W 027 B NWNESESE | OR 33 0340S 0080W 027 B SWNESESE | OR 33 0340S 0080W 027 B SENESESE | OR 33 0340S 0080W 027 B NENWSESE | OR 33 0340S 0080W 027 B NWNWSESE | OR 33 0340S 0080W 027 B SWNWSESE | OR 33 0340S 0080W 027 B SENWSESE | OR 33 0340S 0080W 027 B NESWSESE | OR 33 0340S 0080W 027 B NWSWSESE | OR 33 0340S 0080W 027 B SWSWSESE | OR 33 0340S 0080W 027 B SESWSESE | OR 33 0340S 0080W 027 B NESESESE | OR 33 0340S 0080W 027 B NWSESESE | OR 33 0340S 0080W 027 B SESESESE | OR 33 0340S 0080W 027 B SWSESESE | recorded~2026 (DB date, not legal located date) | src: BLM MLRS Not Closed | boundary approx (BLM quarter-section) | do not dig here (active claim)", "stroke": "#ff3300", "stroke-width": 2, "fill": "#ff3300", "fill-opacity": 0.05, "stroke-dasharray": "1,6"}}, {"type": "Feature", "geometry": {"type": "Polygon", "coordinates": [[[-123.62216530299798, 42.600827857776025], [-123.61719839626801, 42.60082953423532], [-123.61223148953789, 42.6008312116946], [-123.61227246724684, 42.59907704157978], [-123.61228834620998, 42.59884572456368], [-123.61233474894253, 42.5972260844569], [-123.61239900957203, 42.59498224930894], [-123.6124379853473, 42.593620935219185], [-123.61255286436422, 42.59362093520856], [-123.61470063367994, 42.593620515010045], [-123.61732351806556, 42.59362002676761], [-123.62220902778373, 42.59361911731603], [-123.62619631536924, 42.59361544694733], [-123.62711577150421, 42.59361460086229], [-123.63202249122457, 42.593610059408476], [-123.63204994284101, 42.597226618634586], [-123.6320773944576, 42.600843153860616], [-123.62712136072788, 42.60083551731832], [-123.62216530299798, 42.600827857776025]]]}, "properties": {"title": "MP26", "description": "lode | serial OR106770934 | 20.66 ac | Active | qtr-sec OR 33 0340S 0080W 022 A NWSE | OR 33 0340S 0080W 022 A NESE | OR 33 0340S 0080W 022 A SWSE | OR 33 0340S 0080W 022 A SESE | OR 33 0340S 0080W 023 A NWSW | OR 33 0340S 0080W 023 A SWSW | OR 33 0340S 0080W 023 A NESW | OR 33 0340S 0080W 023 L 11 | OR 33 0340S 0080W 023 A SESW | OR 33 0340S 0080W 023 L 12 | OR 33 0340S 0080W 023 | OR 33 0340S 0080W 023 | OR 33 0340S 0080W 023 | recorded~2026 (DB date, not legal located date) | src: BLM MLRS Not Closed | boundary approx (BLM quarter-section) | do not dig here (active claim)", "stroke": "#ff3300", "stroke-width": 2, "fill": "#ff3300", "fill-opacity": 0.05, "stroke-dasharray": "1,6"}}, {"type": "Feature", "geometry": {"type": "Polygon", "coordinates": [[[-123.62351839449968, 42.57898297626892], [-123.62473598267869, 42.57898326615647], [-123.6259535708577, 42.57898357404407], [-123.6261960328933, 42.57898363802162], [-123.62717118203676, 42.578983893931586], [-123.63204155775267, 42.57898508148178], [-123.63203680837049, 42.58264175671354], [-123.63203203598844, 42.58629843194527], [-123.63202726360645, 42.5899542461769], [-123.63202487691552, 42.59178215329272], [-123.63202249122457, 42.593610059408476], [-123.62711577150421, 42.59361460086229], [-123.62619631536924, 42.59361544694733], [-123.62220902778373, 42.59361911731603], [-123.61732351806556, 42.59362002676761], [-123.61470063367994, 42.593620515010045], [-123.61255286436422, 42.59362093520856], [-123.6124379853473, 42.593620935219185], [-123.61244084888435, 42.59088340504564], [-123.61244175673289, 42.589987658988875], [-123.61244549812344, 42.58638286776026], [-123.61244933550186, 42.58270538652709], [-123.6124495314684, 42.582507228514466], [-123.61245306089447, 42.57911038529905], [-123.61681611352635, 42.57905380689249], [-123.61737685260755, 42.57904653584021], [-123.61906366885188, 42.57902466168306], [-123.61983907696417, 42.579014606610784], [-123.62230080732066, 42.57898268438139], [-123.62351839449968, 42.57898297626892]]]}, "properties": {"title": "MP36", "description": "lode | serial OR106770944 | 20.66 ac | Active | qtr-sec OR 33 0340S 0080W 026 A NESW | OR 33 0340S 0080W 026 A NENW | OR 33 0340S 0080W 026 A NWNW | OR 33 0340S 0080W 026 A SENW | OR 33 0340S 0080W 026 A SWNW | OR 33 0340S 0080W 027 A NENE | OR 33 0340S 0080W 027 A NWNE | OR 33 0340S 0080W 027 A SENE | OR 33 0340S 0080W 027 A SWNE | OR 33 0340S 0080W 027 A NESE | OR 33 0340S 0080W 027 A NWSE | OR 33 0340S 0080W 027 A SWSE | OR 33 0340S 0080W 026 A NESW | OR 33 0340S 0080W 026 A NWSW | OR 33 0340S 0080W 026 A SESW | OR 33 0340S 0080W 026 A SWSW | OR 33 0340S 0080W 026 | OR 33 0340S 0080W 026 | OR 33 0340S 0080W 026 | OR 33 0340S 0080W 026 | OR 33 0340S 0080W 026 | OR 33 0340S 0080W 026 | OR 33 0340S 0080W 026 | OR 33 0340S 0080W 026 | OR 33 0340S 0080W 026 | OR 33 0340S 0080W 026 | OR 33 0340S 0080W 026 | OR 33 0340S 0080W 026 | OR 33 0340S 0080W 026 | OR 33 0340S 0080W 026 | OR 33 0340S 0080W 026 | OR 33 0340S 0080W 026 | OR 33 0340S 0080W 027 B NENESESE | OR 33 0340S 0080W 027 B NWNESESE | OR 33 0340S 0080W 027 B SWNESESE | OR 33 0340S 0080W 027 B SENESESE | OR 33 0340S 0080W 027 B NENWSESE | OR 33 0340S 0080W 027 B NWNWSESE | OR 33 0340S 0080W 027 B SWNWSESE | OR 33 0340S 0080W 027 B SENWSESE | OR 33 0340S 0080W 027 B NESWSESE | OR 33 0340S 0080W 027 B NWSWSESE | OR 33 0340S 0080W 027 B SWSWSESE | OR 33 0340S 0080W 027 B SESWSESE | OR 33 0340S 0080W 027 B NESESESE | OR 33 0340S 0080W 027 B NWSESESE | OR 33 0340S 0080W 027 B SESESESE | OR 33 0340S 0080W 027 B SWSESESE | recorded~2026 (DB date, not legal located date) | src: BLM MLRS Not Closed | boundary approx (BLM quarter-section) | do not dig here (active claim)", "stroke": "#ff3300", "stroke-width": 2, "fill": "#ff3300", "fill-opacity": 0.05, "stroke-dasharray": "1,6"}}, {"type": "Feature", "geometry": {"type": "Polygon", "coordinates": [[[-123.62227105009016, 42.57173049792495], [-123.62715586081111, 42.57174828547505], [-123.62796528193046, 42.571750427400424], [-123.6283871159928, 42.571752779361645], [-123.6320568535333, 42.5717602760232], [-123.63205685368597, 42.57266331008037], [-123.63205241095756, 42.57427339018263], [-123.63205031114309, 42.57537269025243], [-123.63204155775267, 42.57898508148178], [-123.63203680837049, 42.58264175671354], [-123.63203203598844, 42.58629843194527], [-123.62714347627022, 42.58629966639706], [-123.62225489355183, 42.58630087784879], [-123.62227784993615, 42.582641780615084], [-123.62228360078227, 42.58172701255668], [-123.62228932862841, 42.58081222049824], [-123.62229506747454, 42.57989745243977], [-123.62230080732066, 42.57898268438139], [-123.62228592870535, 42.57535657915317], [-123.62227105009016, 42.57173049792495]]]}, "properties": {"title": "MP43", "description": "lode | serial OR106770951 | 20.66 ac | Active | qtr-sec OR 33 0340S 0080W 034 A NWNE | OR 33 0340S 0080W 034 A NENE | OR 33 0340S 0080W 034 A SWNE | OR 33 0340S 0080W 034 A SENE | OR 33 0340S 0080W 034 A SWNE | OR 33 0340S 0080W 027 A NESE | OR 33 0340S 0080W 027 A NWSE | OR 33 0340S 0080W 027 A SWSE | OR 33 0340S 0080W 027 B NENESESE | OR 33 0340S 0080W 027 B NWNESESE | OR 33 0340S 0080W 027 B SWNESESE | OR 33 0340S 0080W 027 B SENESESE | OR 33 0340S 0080W 027 B NENWSESE | OR 33 0340S 0080W 027 B NWNWSESE | OR 33 0340S 0080W 027 B SWNWSESE | OR 33 0340S 0080W 027 B SENWSESE | OR 33 0340S 0080W 027 B NESWSESE | OR 33 0340S 0080W 027 B NWSWSESE | OR 33 0340S 0080W 027 B SWSWSESE | OR 33 0340S 0080W 027 B SESWSESE | OR 33 0340S 0080W 027 B NESESESE | OR 33 0340S 0080W 027 B NWSESESE | OR 33 0340S 0080W 027 B SESESESE | OR 33 0340S 0080W 027 B SWSESESE | recorded~2026 (DB date, not legal located date) | src: BLM MLRS Not Closed | boundary approx (BLM quarter-section) | do not dig here (active claim)", "stroke": "#ff3300", "stroke-width": 2, "fill": "#ff3300", "fill-opacity": 0.05, "stroke-dasharray": "1,6"}}, {"type": "Feature", "geometry": {"type": "Polygon", "coordinates": [[[-123.62715586081111, 42.57174828547505], [-123.62796528193046, 42.571750427400424], [-123.6283871159928, 42.571752779361645], [-123.6320568535333, 42.5717602760232], [-123.63205685368597, 42.57266331008037], [-123.63205241095756, 42.57427339018263], [-123.63205031114309, 42.57537269025243], [-123.63204155775267, 42.57898508148178], [-123.63203680837049, 42.58264175671354], [-123.63203203598844, 42.58629843194527], [-123.62714347627022, 42.58629966639706], [-123.62225489355183, 42.58630087784879], [-123.61735022283531, 42.58632763030364], [-123.6140512373565, 42.58636478361078], [-123.61244549812344, 42.58638286776026], [-123.61244933550186, 42.58270538652709], [-123.6124495314684, 42.582507228514466], [-123.61245306089447, 42.57911038529905], [-123.61244487427022, 42.57542570806637], [-123.6124433181552, 42.57474674602349], [-123.61243663165493, 42.571793246837], [-123.6155622601112, 42.571773381547125], [-123.61735385237266, 42.57176186038097], [-123.62227105009016, 42.57173049792495], [-123.62715586081111, 42.57174828547505]]]}, "properties": {"title": "MP46", "description": "lode | serial OR106770954 | 20.66 ac | Active | qtr-sec OR 33 0340S 0080W 026 A NESW | OR 33 0340S 0080W 035 A NENW | OR 33 0340S 0080W 035 A NWNW | OR 33 0340S 0080W 035 A SWNW | OR 33 0340S 0080W 035 L 9 | OR 33 0340S 0080W 034 A NWNE | OR 33 0340S 0080W 034 A NENE | OR 33 0340S 0080W 034 A SWNE | OR 33 0340S 0080W 034 A SENE | OR 33 0340S 0080W 034 A SWNE | OR 33 0340S 0080W 027 A NESE | OR 33 0340S 0080W 027 A NWSE | OR 33 0340S 0080W 027 A SWSE | OR 33 0340S 0080W 026 A NESW | OR 33 0340S 0080W 026 A NWSW | OR 33 0340S 0080W 026 A SESW | OR 33 0340S 0080W 026 A SWSW | OR 33 0340S 0080W 035 | OR 33 0340S 0080W 026 | OR 33 0340S 0080W 035 | OR 33 0340S 0080W 035 | OR 33 0340S 0080W 035 | OR 33 0340S 0080W 026 | OR 33 0340S 0080W 026 | OR 33 0340S 0080W 026 | OR 33 0340S 0080W 026 | OR 33 0340S 0080W 026 | OR 33 0340S 0080W 026 | OR 33 0340S 0080W 026 | OR 33 0340S 0080W 026 | OR 33 0340S 0080W 026 | OR 33 0340S 0080W 026 | OR 33 0340S 0080W 026 | OR 33 0340S 0080W 026 | OR 33 0340S 0080W 035 | OR 33 0340S 0080W 027 B NENESESE | OR 33 0340S 0080W 027 B NWNESESE | OR 33 0340S 0080W 027 B SWNESESE | OR 33 0340S 0080W 027 B SENESESE | OR 33 0340S 0080W 027 B NENWSESE | OR 33 0340S 0080W 027 B NWNWSESE | OR 33 0340S 0080W 027 B SWNWSESE | OR 33 0340S 0080W 027 B SENWSESE | OR 33 0340S 0080W 027 B NESWSESE | OR 33 0340S 0080W 027 B NWSWSESE | OR 33 0340S 0080W 027 B SWSWSESE | OR 33 0340S 0080W 027 B SESWSESE | OR 33 0340S 0080W 027 B NESESESE | OR 33 0340S 0080W 027 B NWSESESE | OR 33 0340S 0080W 027 B SESESESE | OR 33 0340S 0080W 027 B SWSESESE | recorded~2026 (DB date, not legal located date) | src: BLM MLRS Not Closed | boundary approx (BLM quarter-section) | do not dig here (active claim)", "stroke": "#ff3300", "stroke-width": 2, "fill": "#ff3300", "fill-opacity": 0.05, "stroke-dasharray": "1,6"}}, {"type": "Feature", "geometry": {"type": "Polygon", "coordinates": [[[-123.62220902778373, 42.59361911731603], [-123.6221871653908, 42.597223499546104], [-123.62216530299798, 42.600827857776025], [-123.61719839626801, 42.60082953423532], [-123.61223148953789, 42.6008312116946], [-123.61227246724684, 42.59907704157978], [-123.61228834620998, 42.59884572456368], [-123.61233474894253, 42.5972260844569], [-123.61239900957203, 42.59498224930894], [-123.6124379853473, 42.593620935219185], [-123.61255286436422, 42.59362093520856], [-123.61470063367994, 42.593620515010045], [-123.61732351806556, 42.59362002676761], [-123.62220902778373, 42.59361911731603]]]}, "properties": {"title": "MP49", "description": "lode | serial OR106770957 | 20.66 ac | Active | qtr-sec OR 33 0340S 0080W 023 A NWSW | OR 33 0340S 0080W 023 A SWSW | OR 33 0340S 0080W 023 A NESW | OR 33 0340S 0080W 023 L 11 | OR 33 0340S 0080W 023 A SESW | OR 33 0340S 0080W 023 L 12 | OR 33 0340S 0080W 023 | OR 33 0340S 0080W 023 | OR 33 0340S 0080W 023 | recorded~2026 (DB date, not legal located date) | src: BLM MLRS Not Closed | boundary approx (BLM quarter-section) | do not dig here (active claim)", "stroke": "#ff3300", "stroke-width": 2, "fill": "#ff3300", "fill-opacity": 0.05, "stroke-dasharray": "1,6"}}, {"type": "Feature", "geometry": {"type": "Polygon", "coordinates": [[[-123.62229506747454, 42.57989745243977], [-123.62228932862841, 42.58081222049824], [-123.62228360078227, 42.58172701255668], [-123.62227784993615, 42.582641780615084], [-123.62225489355183, 42.58630087784879], [-123.61735022283531, 42.58632763030364], [-123.6140512373565, 42.58636478361078], [-123.61244549812344, 42.58638286776026], [-123.61244933550186, 42.58270538652709], [-123.6124495314684, 42.582507228514466], [-123.61245306089447, 42.57911038529905], [-123.61681611352635, 42.57905380689249], [-123.61737685260755, 42.57904653584021], [-123.61906366885188, 42.57902466168306], [-123.61983907696417, 42.579014606610784], [-123.62230080732066, 42.57898268438139], [-123.62229506747454, 42.57989745243977]]]}, "properties": {"title": "MP57", "description": "lode | serial OR106770965 | 10.33 ac | Active | qtr-sec OR 33 0340S 0080W 026 SW | recorded~2026 (DB date, not legal located date) | src: BLM MLRS Not Closed | boundary approx (BLM quarter-section) | do not dig here (active claim)", "stroke": "#ff3300", "stroke-width": 2, "fill": "#ff3300", "fill-opacity": 0.05, "stroke-dasharray": "1,6"}}, {"type": "Feature", "geometry": {"type": "Polygon", "coordinates": [[[-123.62225489355183, 42.58630087784879], [-123.62223196116769, 42.58995999808246], [-123.62220902778373, 42.59361911731603], [-123.61732351806556, 42.59362002676761], [-123.61470063367994, 42.593620515010045], [-123.61255286436422, 42.59362093520856], [-123.6124379853473, 42.593620935219185], [-123.61244084888435, 42.59088340504564], [-123.61244175673289, 42.589987658988875], [-123.61244549812344, 42.58638286776026], [-123.6140512373565, 42.58636478361078], [-123.61735022283531, 42.58632763030364], [-123.62225489355183, 42.58630087784879]]]}, "properties": {"title": "MP52", "description": "lode | serial OR106770960 | 20.66 ac | Active | qtr-sec OR 33 0340S 0080W 026 A NENW | OR 33 0340S 0080W 026 A NWNW | OR 33 0340S 0080W 026 A SENW | OR 33 0340S 0080W 026 A SWNW | OR 33 0340S 0080W 026 | OR 33 0340S 0080W 026 | OR 33 0340S 0080W 026 | recorded~2026 (DB date, not legal located date) | src: BLM MLRS Not Closed | boundary approx (BLM quarter-section) | do not dig here (active claim)", "stroke": "#ff3300", "stroke-width": 2, "fill": "#ff3300", "fill-opacity": 0.05, "stroke-dasharray": "1,6"}}, {"type": "Feature", "geometry": {"type": "Polygon", "coordinates": [[[-123.18144454139082, 42.21481056818924], [-123.18128416796642, 42.218460654444925], [-123.18112374854223, 42.2221107167006], [-123.17582154176188, 42.22216908818574], [-123.17317043837167, 42.22219834242836], [-123.17051931198141, 42.2222274826709], [-123.17119279749241, 42.21864033037273], [-123.17120730648188, 42.21856291536627], [-123.17190630597453, 42.21483976505675], [-123.17667554068275, 42.21482516662299], [-123.18144454139082, 42.21481056818924]]]}, "properties": {"title": "AZGARD", "description": "lode | serial OR106782003 | 20.66 ac | Active | qtr-sec OR 33 0380S 0040W 033 A SESE | OR 33 0380S 0040W 033 A SWSE | OR 33 0380S 0040W 033 A NESE | OR 33 0380S 0040W 033 L 5 | OR 33 0380S 0040W 033 A NWSE | OR 33 0380S 0040W 033 L 6 | recorded~2026 (DB date, not legal located date) | src: BLM MLRS Not Closed | boundary approx (BLM quarter-section) | do not dig here (active claim)", "stroke": "#ff3300", "stroke-width": 2, "fill": "#ff3300", "fill-opacity": 0.05, "stroke-dasharray": "1,6"}}, {"type": "Feature", "geometry": {"type": "Polygon", "coordinates": [[[-123.30918357266692, 42.65949300645862], [-123.30917470935412, 42.657658606341634], [-123.31165175572256, 42.65765907111253], [-123.31412880109102, 42.657659535883454], [-123.31414440040523, 42.65949649099999], [-123.3116639860361, 42.65949474822935], [-123.30918357266692, 42.65949300645862]]]}, "properties": {"title": "Tom West", "description": "placer | serial OR106782844 | 20.0 ac | Active | qtr-sec OR 33 0330S 0050W 032 A N2NESE | recorded~2026 (DB date, not legal located date) | src: BLM MLRS Not Closed | boundary approx (BLM quarter-section) | do not dig here (active claim)", "stroke": "#ff3300", "stroke-width": 2, "fill": "#ff3300", "fill-opacity": 0.05, "stroke-dasharray": "1,6"}}, {"type": "Feature", "geometry": {"type": "Polygon", "coordinates": [[[-123.215313766055, 42.2003264951599], [-123.22012036875596, 42.200240603718186], [-123.22493051045693, 42.20015291927602], [-123.22963033814177, 42.20006714384402], [-123.22971094476755, 42.20380745208332], [-123.2297915273936, 42.20754780632253], [-123.22981157498666, 42.21114117555749], [-123.22983161957983, 42.21473454679247], [-123.22501971086386, 42.21473256522913], [-123.22020803214782, 42.21473058666577], [-123.21535525842782, 42.21474229910703], [-123.21050271770773, 42.21475398754823], [-123.21050364911525, 42.21114553131012], [-123.21050457952823, 42.20756925207407], [-123.21050658094111, 42.20399083083779], [-123.21050672579429, 42.20309622577876], [-123.21050687164754, 42.20220162071974], [-123.21050701650073, 42.20130701566063], [-123.21050716235398, 42.20041241060159], [-123.21170882452927, 42.200390931491164], [-123.21291046370452, 42.20036945338074], [-123.21411212687977, 42.20034797427032], [-123.215313766055, 42.2003264951599]]]}, "properties": {"title": "Star", "description": "lode | serial OR106783527 | 20.66 ac | Active | qtr-sec OR 33 0390S 0040W 006 E NE | OR 33 0390S 0040W 006 SWNE | OR 33 0390S 0040W 006 GovernmentLot1 | OR 33 0390S 0040W 006 GovernmentLot2 | recorded~2026 (DB date, not legal located date) | src: BLM MLRS Not Closed | boundary approx (BLM quarter-section) | do not dig here (active claim)", "stroke": "#ff3300", "stroke-width": 2, "fill": "#ff3300", "fill-opacity": 0.05, "stroke-dasharray": "1,6"}}, {"type": "Feature", "geometry": {"type": "Polygon", "coordinates": [[[-123.59007127089085, 42.39625623071867], [-123.59251670324997, 42.39625436849445], [-123.5925201735538, 42.398072510610405], [-123.59252364385769, 42.39989065272635], [-123.5900782344985, 42.399892279950656], [-123.5900747521947, 42.39807425583469], [-123.59007127089085, 42.39625623071867]]]}, "properties": {"title": "Slate 8", "description": "placer | serial OR106783740 | 20.0 ac | Active | qtr-sec OR 33 0360S 0080W 036 A W2SWNE | recorded~2026 (DB date, not legal located date) | src: BLM MLRS Not Closed | boundary approx (BLM quarter-section) | do not dig here (active claim)", "stroke": "#ff3300", "stroke-width": 2, "fill": "#ff3300", "fill-opacity": 0.05, "stroke-dasharray": "1,6"}}, {"type": "Feature", "geometry": {"type": "Polygon", "coordinates": [[[-123.58761887692525, 42.39262856671135], [-123.59006434428484, 42.39262941648731], [-123.59006780758784, 42.39444282360299], [-123.59007127089085, 42.39625623071867], [-123.58762583853171, 42.39625809394295], [-123.58762235822847, 42.39444332982714], [-123.58761887692525, 42.39262856671135]]]}, "properties": {"title": "Slate 7", "description": "placer | serial OR106783741 | 20.0 ac | Active | qtr-sec OR 33 0360S 0080W 036 A E2NWSE | recorded~2026 (DB date, not legal located date) | src: BLM MLRS Not Closed | boundary approx (BLM quarter-section) | do not dig here (active claim)", "stroke": "#ff3300", "stroke-width": 2, "fill": "#ff3300", "fill-opacity": 0.05, "stroke-dasharray": "1,6"}}, {"type": "Feature", "geometry": {"type": "Polygon", "coordinates": [[[-123.28637048585587, 42.256519149400575], [-123.28391383549305, 42.25653043162477], [-123.28392047819428, 42.254711716504936], [-123.2863771845572, 42.25470064128077], [-123.28883389092002, 42.25468956605656], [-123.28882716521875, 42.25650786617638], [-123.28637048585587, 42.256519149400575]]]}, "properties": {"title": "Horsehead 2", "description": "placer | serial OR106783560 | 20.0 ac | Active | qtr-sec OR 33 0380S 0050W 022 A S2NWNW | recorded~2026 (DB date, not legal located date) | src: BLM MLRS Not Closed | boundary approx (BLM quarter-section) | do not dig here (active claim)", "stroke": "#ff3300", "stroke-width": 2, "fill": "#ff3300", "fill-opacity": 0.05, "stroke-dasharray": "1,6"}}, {"type": "Feature", "geometry": {"type": "Polygon", "coordinates": [[[-123.28636616264947, 42.26739974411396], [-123.2839092802913, 42.26743957734012], [-123.28390162398884, 42.26561317722116], [-123.2863677753492, 42.26557789399447], [-123.28881397870933, 42.26555966677066], [-123.28882304500763, 42.26735991188772], [-123.28636616264947, 42.26739974411396]]]}, "properties": {"title": "Brother's Gold", "description": "placer | serial OR106783559 | 40.0 ac | Active | qtr-sec OR 33 0380S 0050W 015 A S2SWNW | recorded~2026 (DB date, not legal located date) | src: BLM MLRS Not Closed | boundary approx (BLM quarter-section) | do not dig here (active claim)", "stroke": "#ff3300", "stroke-width": 2, "fill": "#ff3300", "fill-opacity": 0.05, "stroke-dasharray": "1,6"}}, {"type": "Feature", "geometry": {"type": "Polygon", "coordinates": [[[-123.28636378815469, 42.25833765652037], [-123.28636080875185, 42.26196211575813], [-123.2839044083903, 42.26198127298293], [-123.28390719279186, 42.258349146744614], [-123.28636378815469, 42.25833765652037]]]}, "properties": {"title": "Horsehead", "description": "placer | serial OR106783561 | 20.0 ac | Active | qtr-sec OR 33 0380S 0050W 015 A E2SWSW | recorded~2026 (DB date, not legal located date) | src: BLM MLRS Not Closed | boundary approx (BLM quarter-section) | do not dig here (active claim)", "stroke": "#ff3300", "stroke-width": 2, "fill": "#ff3300", "fill-opacity": 0.05, "stroke-dasharray": "1,6"}}, {"type": "Feature", "geometry": {"type": "Polygon", "coordinates": [[[-123.1909825428065, 42.21478139332168], [-123.1908630783819, 42.218392666571006], [-123.19074361295742, 42.22200393982026], [-123.19062414853317, 42.22561521306946], [-123.19050466010899, 42.22922648631862], [-123.1880809977493, 42.22923394953924], [-123.18565733538951, 42.2292414117598], [-123.18080998666868, 42.229248979200484], [-123.1794955174805, 42.229295539322905], [-123.1781810252923, 42.22934210044533], [-123.17686655710415, 42.22938866056779], [-123.17555208791592, 42.22943522069021], [-123.17292310353947, 42.22952834193505], [-123.17029414316302, 42.22962146217996], [-123.17035044086755, 42.2277729730527], [-123.17040673857213, 42.22592446092542], [-123.17046302527673, 42.22407597179817], [-123.17051931198141, 42.2222274826709], [-123.17119279749241, 42.21864033037273], [-123.17120730648188, 42.21856291536627], [-123.17190630597453, 42.21483976505675], [-123.17667554068275, 42.21482516662299], [-123.18144454139082, 42.21481056818924], [-123.18621356509873, 42.214795968755475], [-123.1909825428065, 42.21478139332168]]]}, "properties": {"title": "The Royal Eagle", "description": "lode | serial OR106783558 | 20.66 ac | Active | qtr-sec OR 33 0380S 0040W 033 E SENW | recorded~2026 (DB date, not legal located date) | src: BLM MLRS Not Closed | boundary approx (BLM quarter-section) | do not dig here (active claim)", "stroke": "#ff3300", "stroke-width": 2, "fill": "#ff3300", "fill-opacity": 0.05, "stroke-dasharray": "1,6"}}, {"type": "Feature", "geometry": {"type": "Polygon", "coordinates": [[[-123.20546934341051, 42.666541462505016], [-123.20794368177877, 42.666534780275796], [-123.2079496300872, 42.66834626639226], [-123.20795557939572, 42.670157753508725], [-123.20548717902858, 42.67016544873755], [-123.20547826171952, 42.668353455621315], [-123.20546934341051, 42.666541462505016]]]}, "properties": {"title": "Matata", "description": "placer | serial OR106784009 | 20.0 ac | Active | qtr-sec OR 33 0330S 0040W 029 A E2SWSW | recorded~2026 (DB date, not legal located date) | src: BLM MLRS Not Closed | boundary approx (BLM quarter-section) | do not dig here (active claim)", "stroke": "#ff3300", "stroke-width": 2, "fill": "#ff3300", "fill-opacity": 0.05, "stroke-dasharray": "1,6"}}, {"type": "Feature", "geometry": {"type": "Polygon", "coordinates": [[[-123.6075295311812, 42.57917423075782], [-123.60753031622464, 42.57943043277398], [-123.6078027782208, 42.579170687732365], [-123.61245306089447, 42.57911038529905], [-123.6124495314684, 42.582507228514466], [-123.61244933550186, 42.58270538652709], [-123.61244549812344, 42.58638286776026], [-123.6119592680529, 42.58638834380553], [-123.61191166704597, 42.586388879809974], [-123.60755151941304, 42.58643798421589], [-123.60501499404481, 42.58646655045206], [-123.6027201977116, 42.58649239466568], [-123.60270150107884, 42.582768064431434], [-123.60269621890012, 42.58171605636529], [-123.60268865864428, 42.580209959270526], [-123.60268857564151, 42.58019349726953], [-123.60268377447908, 42.57923706820932], [-123.6075295311812, 42.57917423075782]]]}, "properties": {"title": "LAST CHANCE", "description": "placer | serial ORMC81850 | 24.23 ac | Active | qtr-sec OR 33 0340S 0080W 026 A SE | recorded~2021 (DB date, not legal located date) | src: BLM MLRS Not Closed | boundary approx (BLM quarter-section) | do not dig here (active claim)", "stroke": "#ff3300", "stroke-width": 2, "fill": "#ff3300", "fill-opacity": 0.05, "stroke-dasharray": "1,6"}}, {"type": "Feature", "geometry": {"type": "Polygon", "coordinates": [[[-123.31165175572256, 42.65765907111253], [-123.30917470935412, 42.657658606341634], [-123.30916584604141, 42.65582420622458], [-123.31163952440912, 42.65582343399573], [-123.31411320277681, 42.65582257976688], [-123.31412880109102, 42.657659535883454], [-123.31165175572256, 42.65765907111253]]]}, "properties": {"title": "Irish Luck", "description": "placer | serial OR106786792 | 20.0 ac | Active | qtr-sec OR 33 0330S 0050W 032 A S2NESE | recorded~2026 (DB date, not legal located date) | src: BLM MLRS Not Closed | boundary approx (BLM quarter-section) | do not dig here (active claim)", "stroke": "#ff3300", "stroke-width": 2, "fill": "#ff3300", "fill-opacity": 0.05, "stroke-dasharray": "1,6"}}, {"type": "Feature", "geometry": {"type": "Polygon", "coordinates": [[[-123.25128070823666, 42.61340584683974], [-123.24919783395171, 42.61355584804169], [-123.24920010464417, 42.61173561292389], [-123.25169931998828, 42.61156857968244], [-123.25419853633228, 42.611401546440945], [-123.25336358252157, 42.6132558446378], [-123.25128070823666, 42.61340584683974]]]}, "properties": {"title": "Nutting Gulch", "description": "placer | serial OR106788782 | 40.0 ac | Active | qtr-sec OR 33 0340S 0050W 014 A S2NESE | recorded~2026 (DB date, not legal located date) | src: BLM MLRS Not Closed | boundary approx (BLM quarter-section) | do not dig here (active claim)", "stroke": "#ff3300", "stroke-width": 2, "fill": "#ff3300", "fill-opacity": 0.05, "stroke-dasharray": "1,6"}}, {"type": "Feature", "geometry": {"type": "Polygon", "coordinates": [[[-123.17001610201014, 42.40422112769447], [-123.17002230731609, 42.40605280581392], [-123.17002851262207, 42.40788446193336], [-123.17004089923418, 42.41154777317228], [-123.16513450550094, 42.411541114620725], [-123.16166642198253, 42.411536271937706], [-123.16022806476752, 42.41153422306916], [-123.1602305555244, 42.41007283797311], [-123.16023428016074, 42.40788634882942], [-123.16023738885748, 42.40606239970956], [-123.16024049655421, 42.40423845058966], [-123.16268440391823, 42.404234119365825], [-123.16512828728222, 42.40422978914207], [-123.16757219464617, 42.40422545891823], [-123.17001610201014, 42.40422112769447]]]}, "properties": {"title": "Lucky Boy", "description": "lode | serial OR106788769 | 20.66 ac | Active | qtr-sec OR 33 0360S 0040W 027 A NWSW | OR 33 0360S 0040W 027 L 12 | OR 33 0360S 0040W 027 B NESESW | OR 33 0360S 0040W 027 B NWSESW | OR 33 0360S 0040W 027 B SWSESW | OR 33 0360S 0040W 027 B SESESW | OR 33 0360S 0040W 027 B NESWSW | OR 33 0360S 0040W 027 B NWSWSW | OR 33 0360S 0040W 027 B SWSWSW | OR 33 0360S 0040W 027 B SESWSW | OR 33 0360S 0040W 027 | recorded~2026 (DB date, not legal located date) | src: BLM MLRS Not Closed | boundary approx (BLM quarter-section) | do not dig here (active claim)", "stroke": "#ff3300", "stroke-width": 2, "fill": "#ff3300", "fill-opacity": 0.05, "stroke-dasharray": "1,6"}}, {"type": "Feature", "geometry": {"type": "Polygon", "coordinates": [[[-123.54381606705253, 42.55698709322939], [-123.54870274678231, 42.557044221782235], [-123.54874823978915, 42.55704486177814], [-123.55368069152563, 42.55710240832679], [-123.55379552015363, 42.56072253054648], [-123.55391624581982, 42.564562812779634], [-123.55261304562855, 42.56456730590018], [-123.54910070211437, 42.564587376225546], [-123.54435101041453, 42.56458833466386], [-123.54402981469153, 42.560586436438825], [-123.54381606705253, 42.55698709322939]]]}, "properties": {"title": "Little yak", "description": "placer | serial OR106789800 | 20.0 ac | Filed | qtr-sec OR 33 0350S 0070W 005 A SWNE | OR 33 0350S 0070W 005 A SENE | OR 33 0350S 0070W 005 L 1 | OR 33 0350S 0070W 005 L 2 | recorded~2026 (DB date, not legal located date) | src: BLM MLRS Not Closed | boundary approx (BLM quarter-section) | do not dig here (active claim)", "stroke": "#ff3300", "stroke-width": 2, "fill": "#ff3300", "fill-opacity": 0.05, "stroke-dasharray": "1,6"}}, {"type": "Feature", "geometry": {"type": "Polygon", "coordinates": [[[-122.93427423800865, 42.200140309620636], [-122.93423457556301, 42.203560261853525], [-122.93423149259708, 42.20377128686795], [-122.93419147015854, 42.20723401610372], [-122.93418858218752, 42.20741329211598], [-122.93413308674687, 42.21087666035313], [-122.93413047677312, 42.21103910336426], [-122.93407292635304, 42.214628525610024], [-122.92919643463088, 42.214693091056226], [-122.92917743362804, 42.21469334105795], [-122.9243197769085, 42.21475765550249], [-122.92429177490435, 42.21475801750503], [-122.91944320118606, 42.21482222194867], [-122.91940592418057, 42.21482272295209], [-122.91456662746351, 42.21488678639489], [-122.91452034845658, 42.21488689939909], [-122.91450058782327, 42.211041956142914], [-122.91448193922537, 42.20741120490098], [-122.91446323662767, 42.20378073165905], [-122.91444450303014, 42.20015023041709], [-122.91932669076367, 42.20014782697483], [-122.92420890749706, 42.200145426532515], [-122.92909142923038, 42.200142940090224], [-122.93427423800865, 42.200140309620636]]]}, "properties": {"title": "Gold Prospector 1", "description": "lode | serial OR105262966 | 20.66 ac | Active | qtr-sec OR 33 0390S 0020W 003 A Government Lot 5|OR 33 0390S 0020W 003 A SENW|OR 33 0390S 0020W 003 A Government Lot 3|OR 33 0390S 0020W 003 A Government Lot 4 | recorded~2021 (DB date, not legal located date) | src: BLM MLRS Not Closed | boundary approx (BLM quarter-section) | do not dig here (active claim)", "stroke": "#ff3300", "stroke-width": 2, "fill": "#ff3300", "fill-opacity": 0.05, "stroke-dasharray": "1,6"}}, {"type": "Feature", "geometry": {"type": "Polygon", "coordinates": [[[-122.93427423800865, 42.200140309620636], [-122.93423457556301, 42.203560261853525], [-122.93423149259708, 42.20377128686795], [-122.93419147015854, 42.20723401610372], [-122.93418858218752, 42.20741329211598], [-122.93413308674687, 42.21087666035313], [-122.93413047677312, 42.21103910336426], [-122.93407292635304, 42.214628525610024], [-122.92919643463088, 42.214693091056226], [-122.92917743362804, 42.21469334105795], [-122.9243197769085, 42.21475765550249], [-122.92429177490435, 42.21475801750503], [-122.91944320118606, 42.21482222194867], [-122.91940592418057, 42.21482272295209], [-122.91456662746351, 42.21488678639489], [-122.91452034845658, 42.21488689939909], [-122.91450058782327, 42.211041956142914], [-122.91448193922537, 42.20741120490098], [-122.91446323662767, 42.20378073165905], [-122.91444450303014, 42.20015023041709], [-122.91932669076367, 42.20014782697483], [-122.92420890749706, 42.200145426532515], [-122.92909142923038, 42.200142940090224], [-122.93427423800865, 42.200140309620636]]]}, "properties": {"title": "Gold Prospector 2", "description": "lode | serial OR105262967 | 20.66 ac | Active | qtr-sec OR 33 0390S 0020W 003 A Government Lot 5|OR 33 0390S 0020W 003 A SENW|OR 33 0390S 0020W 003 A Government Lot 3|OR 33 0390S 0020W 003 A Government Lot 4 | recorded~2021 (DB date, not legal located date) | src: BLM MLRS Not Closed | boundary approx (BLM quarter-section) | do not dig here (active claim)", "stroke": "#ff3300", "stroke-width": 2, "fill": "#ff3300", "fill-opacity": 0.05, "stroke-dasharray": "1,6"}}, {"type": "Feature", "geometry": {"type": "Polygon", "coordinates": [[[-122.93427423800865, 42.200140309620636], [-122.93423457556301, 42.203560261853525], [-122.93423149259708, 42.20377128686795], [-122.93419147015854, 42.20723401610372], [-122.93418858218752, 42.20741329211598], [-122.93413308674687, 42.21087666035313], [-122.93413047677312, 42.21103910336426], [-122.93407292635304, 42.214628525610024], [-122.92919643463088, 42.214693091056226], [-122.92917743362804, 42.21469334105795], [-122.9243197769085, 42.21475765550249], [-122.92429177490435, 42.21475801750503], [-122.91944320118606, 42.21482222194867], [-122.91940592418057, 42.21482272295209], [-122.91456662746351, 42.21488678639489], [-122.91452034845658, 42.21488689939909], [-122.91450058782327, 42.211041956142914], [-122.91448193922537, 42.20741120490098], [-122.91446323662767, 42.20378073165905], [-122.91444450303014, 42.20015023041709], [-122.91932669076367, 42.20014782697483], [-122.92420890749706, 42.200145426532515], [-122.92909142923038, 42.200142940090224], [-122.93427423800865, 42.200140309620636]]]}, "properties": {"title": "Gold Prospector 3", "description": "lode | serial OR105262968 | 20.66 ac | Active | qtr-sec OR 33 0390S 0020W 003 A Government Lot 5|OR 33 0390S 0020W 003 A SENW|OR 33 0390S 0020W 003 A Government Lot 3|OR 33 0390S 0020W 003 A Government Lot 4 | recorded~2021 (DB date, not legal located date) | src: BLM MLRS Not Closed | boundary approx (BLM quarter-section) | do not dig here (active claim)", "stroke": "#ff3300", "stroke-width": 2, "fill": "#ff3300", "fill-opacity": 0.05, "stroke-dasharray": "1,6"}}, {"type": "Feature", "geometry": {"type": "Polygon", "coordinates": [[[-122.92908730625003, 42.18194017286924], [-122.92906900884013, 42.18556370511412], [-122.9241971251097, 42.185573831555736], [-122.92420661651842, 42.181950772311616], [-122.92908730625003, 42.18194017286924]]]}, "properties": {"title": "Gold Quartz Apex", "description": "lode | serial OR105226483 | 20.66 ac | Active | qtr-sec OR 33 0390S 0020W 015 A NENW | recorded~2021 (DB date, not legal located date) | src: BLM MLRS Not Closed | boundary approx (BLM quarter-section) | do not dig here (active claim)", "stroke": "#ff3300", "stroke-width": 2, "fill": "#ff3300", "fill-opacity": 0.05, "stroke-dasharray": "1,6"}}, {"type": "Feature", "geometry": {"type": "Polygon", "coordinates": [[[-122.9342568390248, 42.181928706400676], [-122.93422820656488, 42.185255937626486], [-122.93422834561349, 42.185552932646424], [-122.92906900884013, 42.18556370511412], [-122.9241971251097, 42.185573831555736], [-122.92420661651842, 42.181950772311616], [-122.92421610892724, 42.17832771406747], [-122.92910560466012, 42.17831650162433], [-122.93428602743634, 42.178304423154785], [-122.9342570329795, 42.18165159838204], [-122.9342568390248, 42.181928706400676]]]}, "properties": {"title": "GOLDEN QUARTZ", "description": "lode | serial ORMC177607 | 20.66 ac | Active | qtr-sec OR 33 0390S 0020W 015 A NW | recorded~2021 (DB date, not legal located date) | src: BLM MLRS Not Closed | boundary approx (BLM quarter-section) | do not dig here (active claim)", "stroke": "#ff3300", "stroke-width": 2, "fill": "#ff3300", "fill-opacity": 0.05, "stroke-dasharray": "1,6"}}, {"type": "Feature", "geometry": {"type": "Polygon", "coordinates": [[[-123.62671614382612, 42.49509376265408], [-123.63163211254881, 42.49509789020182], [-123.63165862016314, 42.49872880642995], [-123.6267434554403, 42.49872359488217], [-123.62671614382612, 42.49509376265408]]]}, "properties": {"title": "RMT 3", "description": "placer | serial OR106792516 | 20.0 ac | Under Review | qtr-sec OR 33 0350S 0080W 027 NWSE | recorded~2026 (DB date, not legal located date) | src: BLM MLRS Not Closed | boundary approx (BLM quarter-section) | do not dig here (active claim)", "stroke": "#ff3300", "stroke-width": 2, "fill": "#ff3300", "fill-opacity": 0.05, "stroke-dasharray": "1,6"}}, {"type": "Feature", "geometry": {"type": "Polygon", "coordinates": [[[-123.1092077210381, 42.156333330858764], [-123.11179564942492, 42.156336363624774], [-123.1118005137215, 42.158146272744716], [-123.11180537801815, 42.159956182864654], [-123.10921478163131, 42.15995559409907], [-123.10921125133468, 42.15814446297892], [-123.1092077210381, 42.156333330858764]]]}, "properties": {"title": "Gold Star Quartz", "description": "lode | serial OR106790888 | 20.66 ac | Active | qtr-sec OR 33 0390S 0030W 019 W2SWSW | recorded~2026 (DB date, not legal located date) | src: BLM MLRS Not Closed | boundary approx (BLM quarter-section) | do not dig here (active claim)", "stroke": "#ff3300", "stroke-width": 2, "fill": "#ff3300", "fill-opacity": 0.05, "stroke-dasharray": "1,6"}}, {"type": "Feature", "geometry": {"type": "Polygon", "coordinates": [[[-123.59254243127924, 42.384413747734555], [-123.59250291303907, 42.38900619003202], [-123.58761190131894, 42.3889988484797], [-123.58762991856202, 42.38444276818643], [-123.59254243127924, 42.384413747734555]]]}, "properties": {"title": "Slate 3", "description": "placer | serial OR106794805 | 20.0 ac | Active | qtr-sec OR 33 0370S 0080W 001 L 2 | recorded~2026 (DB date, not legal located date) | src: BLM MLRS Not Closed | boundary approx (BLM quarter-section) | do not dig here (active claim)", "stroke": "#ff3300", "stroke-width": 2, "fill": "#ff3300", "fill-opacity": 0.05, "stroke-dasharray": "1,6"}}, {"type": "Feature", "geometry": {"type": "Polygon", "coordinates": [[[-123.28882041051746, 42.25832616529611], [-123.28882812981544, 42.260126652413426], [-123.28881718111332, 42.261942929533404], [-123.28882534441139, 42.263743069650616], [-123.28881397870933, 42.26555966677066], [-123.2888234978585, 42.26645559482846], [-123.28882304500763, 42.26735991188772], [-123.28882259215675, 42.268264227947014], [-123.28881194430579, 42.26917704300775], [-123.28880993590238, 42.27279439124486], [-123.28636132755054, 42.27286529147238], [-123.28389108319843, 42.272953817703055], [-123.27897223049433, 42.2731132711612], [-123.27404668076026, 42.27309803060857], [-123.26912110302611, 42.27308279105592], [-123.26914780242623, 42.269423109813495], [-123.26918583582906, 42.2657685945704], [-123.26923056523339, 42.2621161903268], [-123.26927948763826, 42.25846214808265], [-123.2741367313523, 42.258417138637846], [-123.27899394706621, 42.258372102193036], [-123.28145057042907, 42.258360638968824], [-123.28390719279186, 42.258349146744614], [-123.28636378815469, 42.25833765652037], [-123.28882041051746, 42.25832616529611]]]}, "properties": {"title": "Oregon Beauty", "description": "lode | serial OR106800333 | 20.66115702 ac | Active | qtr-sec OR 33 0380S 0050W 015 W2SWSW | OR 33 0380S 0050W 015 E SWSW | recorded~2026 (DB date, not legal located date) | src: BLM MLRS Not Closed | boundary approx (BLM quarter-section) | do not dig here (active claim)", "stroke": "#ff3300", "stroke-width": 2, "fill": "#ff3300", "fill-opacity": 0.05, "stroke-dasharray": "1,6"}}, {"type": "Feature", "geometry": {"type": "Polygon", "coordinates": [[[-123.63398586883721, 42.476896774828695], [-123.63643168519522, 42.47689035160331], [-123.6364430225029, 42.4787129907181], [-123.63645435881058, 42.4805356298329], [-123.63400540245172, 42.48054003905846], [-123.63399563514442, 42.47871840694356], [-123.63398586883721, 42.476896774828695]]]}, "properties": {"title": "Minnow 2", "description": "placer | serial OR106801633 | 20.0 ac | Active | qtr-sec OR 33 0350S 0080W 034 A W2SESW | recorded~2026 (DB date, not legal located date) | src: BLM MLRS Not Closed | boundary approx (BLM quarter-section) | do not dig here (active claim)", "stroke": "#ff3300", "stroke-width": 2, "fill": "#ff3300", "fill-opacity": 0.05, "stroke-dasharray": "1,6"}}, {"type": "Feature", "geometry": {"type": "Polygon", "coordinates": [[[-123.61367278127462, 42.60392904675736], [-123.61213628508682, 42.604154193913615], [-123.61223148953789, 42.6008312116946], [-123.61719839626801, 42.60082953423532], [-123.62216530299798, 42.600827857776025], [-123.6222615556257, 42.60444967799618], [-123.62235780925364, 42.608071499216216], [-123.61719110949666, 42.60808770469504], [-123.61485956615535, 42.60809683191121], [-123.61470950702592, 42.60746348588505], [-123.61383085038918, 42.6044679797768], [-123.61367278127462, 42.60392904675736]]]}, "properties": {"title": "Humming Bird", "description": "lode | serial OR106801728 | 20.66 ac | Filed | qtr-sec OR 33 0340S 0080W 023 NW | recorded~2026 (DB date, not legal located date) | src: BLM MLRS Not Closed | boundary approx (BLM quarter-section) | do not dig here (active claim)", "stroke": "#ff3300", "stroke-width": 2, "fill": "#ff3300", "fill-opacity": 0.05, "stroke-dasharray": "1,6"}}, {"type": "Feature", "geometry": {"type": "Polygon", "coordinates": [[[-123.62225489355183, 42.58630087784879], [-123.62223196116769, 42.58995999808246], [-123.62220902778373, 42.59361911731603], [-123.61732351806556, 42.59362002676761], [-123.61470063367994, 42.593620515010045], [-123.61255286436422, 42.59362093520856], [-123.6124379853473, 42.593620935219185], [-123.61244084888435, 42.59088340504564], [-123.61244175673289, 42.589987658988875], [-123.61244549812344, 42.58638286776026], [-123.6140512373565, 42.58636478361078], [-123.61735022283531, 42.58632763030364], [-123.62225489355183, 42.58630087784879]]]}, "properties": {"title": "Joker", "description": "lode | serial OR106801726 | 20.66 ac | Filed | qtr-sec OR 33 0340S 0080W 026 NW | recorded~2026 (DB date, not legal located date) | src: BLM MLRS Not Closed | boundary approx (BLM quarter-section) | do not dig here (active claim)", "stroke": "#ff3300", "stroke-width": 2, "fill": "#ff3300", "fill-opacity": 0.05, "stroke-dasharray": "1,6"}}, {"type": "Feature", "geometry": {"type": "Polygon", "coordinates": [[[-123.58763980974713, 42.403529535406825], [-123.5876438153545, 42.407164464638925], [-123.58275512163611, 42.40716660208733], [-123.58274906402849, 42.40353210485537], [-123.58763980974713, 42.403529535406825]]]}, "properties": {"title": "Buckeye Creek", "description": "placer | serial OR106802356 | 20.0 ac | Filed | qtr-sec OR 33 0360S 0080W 025 SESE | recorded~2026 (DB date, not legal located date) | src: BLM MLRS Not Closed | boundary approx (BLM quarter-section) | do not dig here (active claim)", "stroke": "#ff3300", "stroke-width": 2, "fill": "#ff3300", "fill-opacity": 0.05, "stroke-dasharray": "1,6"}}, {"type": "Feature", "geometry": {"type": "Polygon", "coordinates": [[[-123.56299510687329, 42.68081348431172], [-123.56793465860842, 42.68085500785639], [-123.57287396034572, 42.68091030940186], [-123.57278113198757, 42.68475813165357], [-123.57268829862954, 42.68860595290525], [-123.56763138288437, 42.688606319374315], [-123.56257446613901, 42.68860668584336], [-123.56278479350604, 42.684710086577546], [-123.56299510687329, 42.68081348431172]]]}, "properties": {"title": "GM1", "description": "lode | serial OR106801790 | 20.66 ac | Filed | qtr-sec OR 33 0330S 0070W 019 SE | recorded~2026 (DB date, not legal located date) | src: BLM MLRS Not Closed | boundary approx (BLM quarter-section) | do not dig here (active claim)", "stroke": "#ff3300", "stroke-width": 2, "fill": "#ff3300", "fill-opacity": 0.05, "stroke-dasharray": "1,6"}}, {"type": "Feature", "geometry": {"type": "Polygon", "coordinates": [[[-123.60268377447908, 42.57923706820932], [-123.6075295311812, 42.57917423075782], [-123.60753031622464, 42.57943043277398], [-123.6078027782208, 42.579170687732365], [-123.61245306089447, 42.57911038529905], [-123.6124495314684, 42.582507228514466], [-123.61244933550186, 42.58270538652709], [-123.61244549812344, 42.58638286776026], [-123.6119592680529, 42.58638834380553], [-123.61191166704597, 42.586388879809974], [-123.60755151941304, 42.58643798421589], [-123.60501499404481, 42.58646655045206], [-123.6027201977116, 42.58649239466568], [-123.60270150107884, 42.582768064431434], [-123.60269621890012, 42.58171605636529], [-123.60268865864428, 42.580209959270526], [-123.60268857564151, 42.58019349726953], [-123.60268377447908, 42.57923706820932]]]}, "properties": {"title": "Lost Buck", "description": "lode | serial OR106801727 | 20.66 ac | Filed | qtr-sec OR 33 0340S 0080W 026 SE | recorded~2026 (DB date, not legal located date) | src: BLM MLRS Not Closed | boundary approx (BLM quarter-section) | do not dig here (active claim)", "stroke": "#ff3300", "stroke-width": 2, "fill": "#ff3300", "fill-opacity": 0.05, "stroke-dasharray": "1,6"}}, {"type": "Feature", "geometry": {"type": "Polygon", "coordinates": [[[-123.55815396315904, 42.680810362760425], [-123.56299510687329, 42.68081348431172], [-123.56793465860842, 42.68085500785639], [-123.57287396034572, 42.68091030940186], [-123.57278113198757, 42.68475813165357], [-123.57268829862954, 42.68860595290525], [-123.56763138288437, 42.688606319374315], [-123.56257446613901, 42.68860668584336], [-123.55779717240725, 42.688445642276285], [-123.55301989067533, 42.688284599709114], [-123.55316635905994, 42.6845459214591], [-123.5533128184447, 42.68080724020907], [-123.55815396315904, 42.680810362760425]]]}, "properties": {"title": "GM 3", "description": "lode | serial OR106801792 | 20.66 ac | Filed | qtr-sec OR 33 0330S 0070W 019 SE | OR 33 0330S 0070W 030 SW | OR 33 0330S 0070W 020 SW | recorded~2026 (DB date, not legal located date) | src: BLM MLRS Not Closed | boundary approx (BLM quarter-section) | do not dig here (active claim)", "stroke": "#ff3300", "stroke-width": 2, "fill": "#ff3300", "fill-opacity": 0.05, "stroke-dasharray": "1,6"}}, {"type": "Feature", "geometry": {"type": "Polygon", "coordinates": [[[-123.56299510687329, 42.68081348431172], [-123.56793465860842, 42.68085500785639], [-123.57287396034572, 42.68091030940186], [-123.57278113198757, 42.68475813165357], [-123.57268829862954, 42.68860595290525], [-123.56763138288437, 42.688606319374315], [-123.56257446613901, 42.68860668584336], [-123.56278479350604, 42.684710086577546], [-123.56299510687329, 42.68081348431172]]]}, "properties": {"title": "GM 2", "description": "lode | serial OR106801791 | 20.66 ac | Filed | qtr-sec OR 33 0330S 0070W 019 SE | recorded~2026 (DB date, not legal located date) | src: BLM MLRS Not Closed | boundary approx (BLM quarter-section) | do not dig here (active claim)", "stroke": "#ff3300", "stroke-width": 2, "fill": "#ff3300", "fill-opacity": 0.05, "stroke-dasharray": "1,6"}}, {"type": "Feature", "geometry": {"type": "Polygon", "coordinates": [[[-123.30868563582688, 42.63729672707794], [-123.31367110956965, 42.63730572161772], [-123.3161791389444, 42.63731661738662], [-123.3186871443191, 42.63732753715556], [-123.31873687663469, 42.639145246267816], [-123.3187865869503, 42.64096297838005], [-123.31883631926593, 42.64278068749221], [-123.31888605258168, 42.644598419604435], [-123.31638947920919, 42.644590270834726], [-123.31389290583658, 42.644582006064965], [-123.3088854370898, 42.64456882752705], [-123.30882653676777, 42.642721927413774], [-123.30878553645825, 42.64093277730254], [-123.30873558614256, 42.63911475219023], [-123.30868563582688, 42.63729672707794]]]}, "properties": {"title": "Yellowhorn 1", "description": "lode | serial OR106799906 | 20.66 ac | Filed | qtr-sec OR 33 0340S 0050W 005 SE | recorded~2026 (DB date, not legal located date) | src: BLM MLRS Not Closed | boundary approx (BLM quarter-section) | do not dig here (active claim)", "stroke": "#ff3300", "stroke-width": 2, "fill": "#ff3300", "fill-opacity": 0.05, "stroke-dasharray": "1,6"}}, {"type": "Feature", "geometry": {"type": "Polygon", "coordinates": [[[-123.3281112896522, 42.2601846328428], [-123.328092961346, 42.25834452872417], [-123.33052659770892, 42.258357954503616], [-123.33296023407186, 42.258371380283045], [-123.33297409037728, 42.26021119340203], [-123.33054269001474, 42.26019791362243], [-123.3281112896522, 42.2601846328428]]]}, "properties": {"title": "Slade Hill 2", "description": "placer | serial OR106802680 | 20.0 ac | Active | qtr-sec OR 33 0380S 0050W 018 A S2SESE | recorded~2026 (DB date, not legal located date) | src: BLM MLRS Not Closed | boundary approx (BLM quarter-section) | do not dig here (active claim)", "stroke": "#ff3300", "stroke-width": 2, "fill": "#ff3300", "fill-opacity": 0.05, "stroke-dasharray": "1,6"}}, {"type": "Feature", "geometry": {"type": "Polygon", "coordinates": [[[-123.56309863068385, 42.67373853885475], [-123.56304687027847, 42.67727601308329], [-123.56299510687329, 42.68081348431172], [-123.56278479350604, 42.684710086577546], [-123.56257446613901, 42.68860668584336], [-123.55779717240725, 42.688445642276285], [-123.55301989067533, 42.688284599709114], [-123.55316635905994, 42.6845459214591], [-123.5533128184447, 42.68080724020907], [-123.55333787584063, 42.67723802198089], [-123.55336293223667, 42.67366880075277], [-123.55823078096032, 42.67370366930378], [-123.56309863068385, 42.67373853885475]]]}, "properties": {"title": "GM 4", "description": "lode | serial OR106801793 | 320.0 ac | Filed | qtr-sec OR 33 0330S 0070W 020 SW | OR 33 0330S 0070W 029 NW | recorded~2026 (DB date, not legal located date) | src: BLM MLRS Not Closed | boundary approx (BLM quarter-section) | do not dig here (active claim)", "stroke": "#ff3300", "stroke-width": 2, "fill": "#ff3300", "fill-opacity": 0.05, "stroke-dasharray": "1,6"}}, {"type": "Feature", "geometry": {"type": "Polygon", "coordinates": [[[-123.55336293223667, 42.67366880075277], [-123.55823078096032, 42.67370366930378], [-123.56309863068385, 42.67373853885475], [-123.56304687027847, 42.67727601308329], [-123.56299510687329, 42.68081348431172], [-123.55815396315904, 42.680810362760425], [-123.5533128184447, 42.68080724020907], [-123.55333787584063, 42.67723802198089], [-123.55336293223667, 42.67366880075277]]]}, "properties": {"title": "GM 5", "description": "lode | serial OR106801794 | 160.0 ac | Filed | qtr-sec OR 33 0330S 0070W 029 NW | recorded~2026 (DB date, not legal located date) | src: BLM MLRS Not Closed | boundary approx (BLM quarter-section) | do not dig here (active claim)", "stroke": "#ff3300", "stroke-width": 2, "fill": "#ff3300", "fill-opacity": 0.05, "stroke-dasharray": "1,6"}}, {"type": "Feature", "geometry": {"type": "Polygon", "coordinates": [[[-123.54628215342083, 42.557015977003765], [-123.54874823978915, 42.55704486177814], [-123.54883769010699, 42.55884982688473], [-123.54892714142481, 42.56065479199135], [-123.54647847805818, 42.56062061421506], [-123.54638031573953, 42.558818296109415], [-123.54628215342083, 42.557015977003765]]]}, "properties": {"title": "LITTLE YAK", "description": "placer | serial OR106801724 | 20.0 ac | Active | qtr-sec OR 33 0350S 0070W 005 W2SENE | recorded~2026 (DB date, not legal located date) | src: BLM MLRS Not Closed | boundary approx (BLM quarter-section) | do not dig here (active claim)", "stroke": "#ff3300", "stroke-width": 2, "fill": "#ff3300", "fill-opacity": 0.05, "stroke-dasharray": "1,6"}}, {"type": "Feature", "geometry": {"type": "Polygon", "coordinates": [[[-123.22014254054422, 42.2111146574333], [-123.22016716814403, 42.21474426767037], [-123.21533494342594, 42.21474912710932], [-123.21532309483108, 42.21113813887227], [-123.22014254054422, 42.2111146574333]]]}, "properties": {"title": "Star Mine", "description": "lode | serial OR106761315 | 20.66 ac | Active | qtr-sec OR 33 0390S 0040W 006 NWNE | recorded~2026 (DB date, not legal located date) | src: BLM MLRS Not Closed | boundary approx (BLM quarter-section) | do not dig here (active claim)", "stroke": "#ff3300", "stroke-width": 2, "fill": "#ff3300", "fill-opacity": 0.05, "stroke-dasharray": "1,6"}}, {"type": "Feature", "geometry": {"type": "Polygon", "coordinates": [[[-123.24673726766076, 42.608090916915586], [-123.24920462102908, 42.60809514268817], [-123.24920236233662, 42.60991538880604], [-123.24920010464417, 42.61173561292389], [-123.24673158727651, 42.61173668415177], [-123.24673442696863, 42.6099138060337], [-123.24673726766076, 42.608090916915586]]]}, "properties": {"title": "Yellow Root 5", "description": "lode | serial OR106803662 | 20.0 ac | Active | qtr-sec OR 33 0340S 0050W 013 W2SWSW | recorded~2026 (DB date, not legal located date) | src: BLM MLRS Not Closed | boundary approx (BLM quarter-section) | do not dig here (active claim)", "stroke": "#ff3300", "stroke-width": 2, "fill": "#ff3300", "fill-opacity": 0.05, "stroke-dasharray": "1,6"}}, {"type": "Feature", "geometry": {"type": "Polygon", "coordinates": [[[-122.98453559905134, 42.600026734562164], [-122.98454759966378, 42.60364504179859], [-122.98455960027644, 42.60726335003496], [-122.98455705927606, 42.6072633990352], [-122.97962004554988, 42.607359618496346], [-122.97468049082313, 42.607455915957686], [-122.97468044582271, 42.6074533749575], [-122.97461551619699, 42.60380460872392], [-122.97454773656882, 42.60014266448965], [-122.97954168131021, 42.600084810025905], [-122.98453559905134, 42.600026734562164]]]}, "properties": {"title": "Sleeping Beauty 1", "description": "lode | serial OR106803663 | 20.66 ac | Active | qtr-sec OR 33 0340S 0020W 019 NE | recorded~2026 (DB date, not legal located date) | src: BLM MLRS Not Closed | boundary approx (BLM quarter-section) | do not dig here (active claim)", "stroke": "#ff3300", "stroke-width": 2, "fill": "#ff3300", "fill-opacity": 0.05, "stroke-dasharray": "1,6"}}, {"type": "Feature", "geometry": {"type": "Polygon", "coordinates": [[[-122.98453559905134, 42.600026734562164], [-122.98454759966378, 42.60364504179859], [-122.98455960027644, 42.60726335003496], [-122.98455705927606, 42.6072633990352], [-122.97962004554988, 42.607359618496346], [-122.97468049082313, 42.607455915957686], [-122.97468044582271, 42.6074533749575], [-122.97461551619699, 42.60380460872392], [-122.97454773656882, 42.60014266448965], [-122.97954168131021, 42.600084810025905], [-122.98453559905134, 42.600026734562164]]]}, "properties": {"title": "Sleeping Beauty 2", "description": "lode | serial OR106803664 | 20.66 ac | Active | qtr-sec OR 33 0340S 0020W 019 NE | recorded~2026 (DB date, not legal located date) | src: BLM MLRS Not Closed | boundary approx (BLM quarter-section) | do not dig here (active claim)", "stroke": "#ff3300", "stroke-width": 2, "fill": "#ff3300", "fill-opacity": 0.05, "stroke-dasharray": "1,6"}}, {"type": "Feature", "geometry": {"type": "Polygon", "coordinates": [[[-123.24426991429235, 42.608086691143015], [-123.24673726766076, 42.608090916915586], [-123.24673442696863, 42.6099138060337], [-123.24673158727651, 42.61173668415177], [-123.24426306990887, 42.61173775537962], [-123.24426649160064, 42.60991222326133], [-123.24426991429235, 42.608086691143015]]]}, "properties": {"title": "Little Yellow Root 3", "description": "lode | serial OR106803661 | 20.0 ac | Active | qtr-sec OR 33 0340S 0050W 013 E2SWSW | recorded~2026 (DB date, not legal located date) | src: BLM MLRS Not Closed | boundary approx (BLM quarter-section) | do not dig here (active claim)", "stroke": "#ff3300", "stroke-width": 2, "fill": "#ff3300", "fill-opacity": 0.05, "stroke-dasharray": "1,6"}}, {"type": "Feature", "geometry": {"type": "Polygon", "coordinates": [[[-123.30868563582688, 42.63729672707794], [-123.31367110956965, 42.63730572161772], [-123.3161791389444, 42.63731661738662], [-123.3186871443191, 42.63732753715556], [-123.31873687663469, 42.639145246267816], [-123.3187865869503, 42.64096297838005], [-123.31883631926593, 42.64278068749221], [-123.31888605258168, 42.644598419604435], [-123.31638947920919, 42.644590270834726], [-123.31389290583658, 42.644582006064965], [-123.3088854370898, 42.64456882752705], [-123.30882653676777, 42.642721927413774], [-123.30878553645825, 42.64093277730254], [-123.30873558614256, 42.63911475219023], [-123.30868563582688, 42.63729672707794]]]}, "properties": {"title": "Yellowhorn 2", "description": "lode | serial OR106799907 | 20.66 ac | Filed | qtr-sec OR 33 0340S 0050W 005 SE | recorded~2026 (DB date, not legal located date) | src: BLM MLRS Not Closed | boundary approx (BLM quarter-section) | do not dig here (active claim)", "stroke": "#ff3300", "stroke-width": 2, "fill": "#ff3300", "fill-opacity": 0.05, "stroke-dasharray": "1,6"}}, {"type": "Feature", "geometry": {"type": "Polygon", "coordinates": [[[-123.17511109646539, 42.38436111892657], [-123.17510565576742, 42.3861821520465], [-123.17262433839956, 42.38619554127417], [-123.17014302103166, 42.38620893150183], [-123.1701675457328, 42.384389718380284], [-123.1726393210991, 42.38437541915345], [-123.17511109646539, 42.38436111892657]]]}, "properties": {"title": "Runners", "description": "placer | serial OR106771124 | 20.0 ac | Active | qtr-sec OR 33 0370S 0040W 004 N2SENE | recorded~2026 (DB date, not legal located date) | src: BLM MLRS Not Closed | boundary approx (BLM quarter-section) | do not dig here (active claim)", "stroke": "#ff3300", "stroke-width": 2, "fill": "#ff3300", "fill-opacity": 0.05, "stroke-dasharray": "1,6"}}, {"type": "Feature", "geometry": {"type": "Polygon", "coordinates": [[[-123.39667867135795, 42.35413661470624], [-123.39666983266032, 42.355964285825536], [-123.39420883230386, 42.356010626053475], [-123.39174783194733, 42.3560569652814], [-123.3917337052486, 42.35788254640111], [-123.38927005289148, 42.35792773562921], [-123.38928682559083, 42.356103253509346], [-123.38930359929022, 42.35427877038947], [-123.39176195864613, 42.35423138516172], [-123.39422031500209, 42.354183999934016], [-123.39667867135795, 42.35413661470624]]]}, "properties": {"title": "Dad and Daughter Inc.", "description": "placer | serial OR106769516 | 40.0 ac | Active | qtr-sec OR 33 0370S 0060W 015 S2SWNE | OR 33 0370S 0060W 015 W2SENE | recorded~2026 (DB date, not legal located date) | src: BLM MLRS Not Closed | boundary approx (BLM quarter-section) | do not dig here (active claim)", "stroke": "#ff3300", "stroke-width": 2, "fill": "#ff3300", "fill-opacity": 0.05, "stroke-dasharray": "1,6"}}, {"type": "Feature", "geometry": {"type": "Polygon", "coordinates": [[[-122.95728999956359, 42.17019000052921], [-122.96192000061652, 42.1723800002572], [-122.96059999962769, 42.17365999946239], [-122.9560599995932, 42.171499999728304], [-122.95728999956359, 42.17019000052921]]]}, "properties": {"title": "Arm Pit", "description": "lode | serial OR106805512 | 20.66115702 ac | Filed | qtr-sec OR 33 0390S 0020W 020 A NENE | OR 33 0390S 0020W 017 A SWSE | OR 33 0390S 0020W 017 A SESE | recorded~2026 (DB date, not legal located date) | src: BLM MLRS Not Closed | boundary approx (BLM quarter-section) | do not dig here (active claim)", "stroke": "#ff3300", "stroke-width": 2, "fill": "#ff3300", "fill-opacity": 0.05, "stroke-dasharray": "1,6"}}, {"type": "Feature", "geometry": {"type": "Polygon", "coordinates": [[[-123.59986259575655, 42.41079378075036], [-123.59986157706005, 42.412611972866635], [-123.5998605583636, 42.41443016498286], [-123.5974191890052, 42.41443229620696], [-123.59741953870143, 42.4126136200907], [-123.5974198873977, 42.410794944974484], [-123.59986259575655, 42.41079378075036]]]}, "properties": {"title": "Slate 14", "description": "placer | serial OR106804101 | 20.0 ac | Filed | qtr-sec OR 33 0360S 0080W 025 E2SWNW | recorded~2026 (DB date, not legal located date) | src: BLM MLRS Not Closed | boundary approx (BLM quarter-section) | do not dig here (active claim)", "stroke": "#ff3300", "stroke-width": 2, "fill": "#ff3300", "fill-opacity": 0.05, "stroke-dasharray": "1,6"}}, {"type": "Feature", "geometry": {"type": "Polygon", "coordinates": [[[-123.59986464314977, 42.4071584795179], [-123.59986361945309, 42.408976130634166], [-123.59986259575655, 42.41079378075036], [-123.5974198873977, 42.410794944974484], [-123.59742024809428, 42.408977352858294], [-123.59742060779077, 42.40715976074208], [-123.59986464314977, 42.4071584795179]]]}, "properties": {"title": "Slate 13", "description": "placer | serial OR106804100 | 20.0 ac | Filed | qtr-sec OR 33 0360S 0080W 025 E2NWSW | recorded~2026 (DB date, not legal located date) | src: BLM MLRS Not Closed | boundary approx (BLM quarter-section) | do not dig here (active claim)", "stroke": "#ff3300", "stroke-width": 2, "fill": "#ff3300", "fill-opacity": 0.05, "stroke-dasharray": "1,6"}}, {"type": "Feature", "geometry": {"type": "Polygon", "coordinates": [[[-123.597421306184, 42.403524365509675], [-123.59742095648734, 42.405342062625856], [-123.59742060779077, 42.40715976074208], [-123.59497656143174, 42.40716093596632], [-123.5949762461283, 42.40534329685013], [-123.5949759318248, 42.40352565773394], [-123.597421306184, 42.403524365509675]]]}, "properties": {"title": "Slate 11", "description": "placer | serial OR106804098 | 20.0 ac | Filed | qtr-sec OR 33 0360S 0080W 025 W2SESW | recorded~2026 (DB date, not legal located date) | src: BLM MLRS Not Closed | boundary approx (BLM quarter-section) | do not dig here (active claim)", "stroke": "#ff3300", "stroke-width": 2, "fill": "#ff3300", "fill-opacity": 0.05, "stroke-dasharray": "1,6"}}, {"type": "Feature", "geometry": {"type": "Polygon", "coordinates": [[[-123.59986667954311, 42.403523073285406], [-123.59986566184638, 42.40534077640162], [-123.59986464314977, 42.4071584795179], [-123.59742060779077, 42.40715976074208], [-123.59742095648734, 42.405342062625856], [-123.597421306184, 42.403524365509675], [-123.59986667954311, 42.403523073285406]]]}, "properties": {"title": "Slate 12", "description": "placer | serial OR106804099 | 20.0 ac | Filed | qtr-sec OR 33 0360S 0080W 025 E2SWSW | recorded~2026 (DB date, not legal located date) | src: BLM MLRS Not Closed | boundary approx (BLM quarter-section) | do not dig here (active claim)", "stroke": "#ff3300", "stroke-width": 2, "fill": "#ff3300", "fill-opacity": 0.05, "stroke-dasharray": "1,6"}}, {"type": "Feature", "geometry": {"type": "Polygon", "coordinates": [[[-123.5949759318248, 42.40352565773394], [-123.5949762461283, 42.40534329685013], [-123.59497656143174, 42.40716093596632], [-123.59253251407276, 42.40716211219046], [-123.59253153576917, 42.40534453107439], [-123.59253055746561, 42.40352695095825], [-123.5949759318248, 42.40352565773394]]]}, "properties": {"title": "Slate 10", "description": "placer | serial OR106804097 | 20.0 ac | Filed | qtr-sec OR 33 0360S 0080W 025 E2SESW | recorded~2026 (DB date, not legal located date) | src: BLM MLRS Not Closed | boundary approx (BLM quarter-section) | do not dig here (active claim)", "stroke": "#ff3300", "stroke-width": 2, "fill": "#ff3300", "fill-opacity": 0.05, "stroke-dasharray": "1,6"}}, {"type": "Feature", "geometry": {"type": "Polygon", "coordinates": [[[-123.5998605583636, 42.41443016498286], [-123.59985954066724, 42.41624829909911], [-123.59985852197084, 42.418066432215305], [-123.59741849161277, 42.41806943643936], [-123.59741884030895, 42.416250866323146], [-123.5974191890052, 42.41443229620696], [-123.5998605583636, 42.41443016498286]]]}, "properties": {"title": "Slate 15", "description": "placer | serial OR106804102 | 20.0 ac | Filed | qtr-sec OR 33 0360S 0080W 025 E2NWNW | recorded~2026 (DB date, not legal located date) | src: BLM MLRS Not Closed | boundary approx (BLM quarter-section) | do not dig here (active claim)", "stroke": "#ff3300", "stroke-width": 2, "fill": "#ff3300", "fill-opacity": 0.05, "stroke-dasharray": "1,6"}}, {"type": "Feature", "geometry": {"type": "Polygon", "coordinates": [[[-123.30382234106033, 42.589767848466344], [-123.29885981131602, 42.58972985092164], [-123.29888110401512, 42.58793000080358], [-123.29890239471429, 42.5861301496855], [-123.30137292608279, 42.586136680458075], [-123.30384345745118, 42.58614321123066], [-123.30383289875574, 42.587955529348505], [-123.30382234106033, 42.589767848466344]]]}, "properties": {"title": "Jack 2", "description": "placer | serial OR106808054 | 20.0 ac | Active | qtr-sec OR 33 0340S 0050W 028 A SWSENW | OR 33 0340S 0050W 028 A E2NWSENW | OR 33 0340S 0050W 028 A W2NESENW | OR 33 0340S 0050W 028 SENW | recorded~2026 (DB date, not legal located date) | src: BLM MLRS Not Closed | boundary approx (BLM quarter-section) | do not dig here (active claim)", "stroke": "#ff3300", "stroke-width": 2, "fill": "#ff3300", "fill-opacity": 0.05, "stroke-dasharray": "1,6"}}, {"type": "Feature", "geometry": {"type": "Polygon", "coordinates": [[[-123.49419528626697, 42.54236537087177], [-123.49418062287656, 42.545994744105045], [-123.49417693718196, 42.5478091602213], [-123.49417325148734, 42.54962357533754], [-123.49174635213026, 42.54963097356172], [-123.48931945377312, 42.54963837078591], [-123.48931132646518, 42.54781907067046], [-123.48930319915726, 42.54599977055492], [-123.48928694754152, 42.54236062632386], [-123.49419528626697, 42.54236537087177]]]}, "properties": {"title": "The 541", "description": "placer | serial OR106815095 | 60.0 ac | Filed | qtr-sec OR 33 0350S 0070W 011 A W2NE | OR 33 0350S 0070W 011 A W2SENW | recorded~2026 (DB date, not legal located date) | src: BLM MLRS Not Closed | boundary approx (BLM quarter-section) | do not dig here (active claim)", "stroke": "#ff3300", "stroke-width": 2, "fill": "#ff3300", "fill-opacity": 0.05, "stroke-dasharray": "1,6"}}, {"type": "Feature", "geometry": {"type": "Polygon", "coordinates": [[[-123.03978000024001, 42.2635000002795], [-123.04097999967827, 42.265069999274836], [-123.03697999940871, 42.26706999977116], [-123.03577999998355, 42.265579999781195], [-123.03978000024001, 42.2635000002795]]]}, "properties": {"title": "Zippo Red", "description": "placer | serial OR106830887 | 19.42 ac | Filed | qtr-sec OR 33 0380S 0030W 015 A SWNE | OR 33 0380S 0030W 015 A NWSE | OR 33 0380S 0030W 015 L 2 | OR 33 0380S 0030W 015 L 4 | recorded~2026 (DB date, not legal located date) | src: BLM MLRS Not Closed | boundary approx (BLM quarter-section) | do not dig here (active claim)", "stroke": "#ff3300", "stroke-width": 2, "fill": "#ff3300", "fill-opacity": 0.05, "stroke-dasharray": "1,6"}}, {"type": "Feature", "geometry": {"type": "Polygon", "coordinates": [[[-123.58274906402849, 42.40353210485537], [-123.58275512163611, 42.40716660208733], [-123.58276118124385, 42.410801098319205], [-123.58276243733438, 42.411341819353666], [-123.58276246233619, 42.41135254335441], [-123.58276973885361, 42.41444426155138], [-123.58277829546354, 42.418087425783575], [-123.5789498199024, 42.418098372135454], [-123.57789511374777, 42.418101387232426], [-123.57301193203185, 42.41811532168122], [-123.56812877831582, 42.41812928313007], [-123.56324559559962, 42.41814324257888], [-123.5632476789936, 42.414513414346345], [-123.56324976138768, 42.41088358511373], [-123.56325187278196, 42.40725378288112], [-123.56325395417636, 42.40362395464846], [-123.56325649617675, 42.40362394264819], [-123.5681277468896, 42.403600992200204], [-123.57300151060272, 42.403578029751955], [-123.57787530031567, 42.403555067303664], [-123.58274906402849, 42.40353210485537]]]}, "properties": {"title": "Hilltop", "description": "lode | serial OR106833780 | 20.66 ac | Filed | qtr-sec OR 33 0360S 0070W 030 E NE | OR 33 0360S 0070W 030 E NW | recorded~2026 (DB date, not legal located date) | src: BLM MLRS Not Closed | boundary approx (BLM quarter-section) | do not dig here (active claim)", "stroke": "#ff3300", "stroke-width": 2, "fill": "#ff3300", "fill-opacity": 0.05, "stroke-dasharray": "1,6"}}, {"type": "Feature", "geometry": {"type": "Polygon", "coordinates": [[[-123.13161704843324, 42.60785461551932], [-123.13159239204695, 42.61150749575927], [-123.13156773666074, 42.61516035299914], [-123.12669000393652, 42.615193136451175], [-123.12181224721206, 42.61522591890322], [-123.12182400459416, 42.61156016366355], [-123.12183576197636, 42.60789440742384], [-123.12618019862352, 42.60787674402211], [-123.12672641670488, 42.607874522971535], [-123.13161704843324, 42.60785461551932]]]}, "properties": {"title": "Apex Minerals and Properties, LLC Claim No. 9", "description": "lode | serial OR106833316 | 20.66 ac | Filed | qtr-sec OR 33 0340S 0040W 013 SW | recorded~2026 (DB date, not legal located date) | src: BLM MLRS Not Closed | boundary approx (BLM quarter-section) | do not dig here (active claim)", "stroke": "#ff3300", "stroke-width": 2, "fill": "#ff3300", "fill-opacity": 0.05, "stroke-dasharray": "1,6"}}, {"type": "Feature", "geometry": {"type": "Polygon", "coordinates": [[[-123.12181224721206, 42.61522591890322], [-123.12180051282898, 42.618884573142395], [-123.12178877944604, 42.622543227381584], [-123.12057519626664, 42.62255648749442], [-123.1193616130872, 42.62256974760719], [-123.11814802990783, 42.622583006720035], [-123.11693444572845, 42.62259626683286], [-123.11208966400874, 42.62262957328204], [-123.11209291739029, 42.61896981404346], [-123.11210574577002, 42.61529032080268], [-123.11695900849115, 42.61525812035294], [-123.12181224721206, 42.61522591890322]]]}, "properties": {"title": "Apex Minerals and Properties, LLC Claim No. 11", "description": "lode | serial OR106833318 | 20.66 ac | Filed | qtr-sec OR 33 0340S 0040W 013 NE | recorded~2026 (DB date, not legal located date) | src: BLM MLRS Not Closed | boundary approx (BLM quarter-section) | do not dig here (active claim)", "stroke": "#ff3300", "stroke-width": 2, "fill": "#ff3300", "fill-opacity": 0.05, "stroke-dasharray": "1,6"}}, {"type": "Feature", "geometry": {"type": "Polygon", "coordinates": [[[-123.12183576197636, 42.60789440742384], [-123.12182400459416, 42.61156016366355], [-123.12181224721206, 42.61522591890322], [-123.11695900849115, 42.61525812035294], [-123.11210574577002, 42.61529032080268], [-123.11211855114998, 42.61161082856186], [-123.11213133253007, 42.607931358321], [-123.11698354725328, 42.60791289487241], [-123.12183576197636, 42.60789440742384]]]}, "properties": {"title": "Apex Minerals and Properties, LLC Claim No. 15", "description": "lode | serial OR106833322 | 20.66 ac | Filed | qtr-sec OR 33 0340S 0040W 013 SE | recorded~2026 (DB date, not legal located date) | src: BLM MLRS Not Closed | boundary approx (BLM quarter-section) | do not dig here (active claim)", "stroke": "#ff3300", "stroke-width": 2, "fill": "#ff3300", "fill-opacity": 0.05, "stroke-dasharray": "1,6"}}, {"type": "Feature", "geometry": {"type": "Polygon", "coordinates": [[[-123.12181224721206, 42.61522591890322], [-123.11695900849115, 42.61525812035294], [-123.11210574577002, 42.61529032080268], [-123.11211855114998, 42.61161082856186], [-123.11213133253007, 42.607931358321], [-123.11698354725328, 42.60791289487241], [-123.12183576197636, 42.60789440742384], [-123.12182400459416, 42.61156016366355], [-123.12181224721206, 42.61522591890322]]]}, "properties": {"title": "Apex Minerals and Properties, LLC Claim No. 8", "description": "lode | serial OR106833315 | 160.0 ac | Filed | qtr-sec OR 33 0340S 0040W 013 SE | recorded~2026 (DB date, not legal located date) | src: BLM MLRS Not Closed | boundary approx (BLM quarter-section) | do not dig here (active claim)", "stroke": "#ff3300", "stroke-width": 2, "fill": "#ff3300", "fill-opacity": 0.05, "stroke-dasharray": "1,6"}}, {"type": "Feature", "geometry": {"type": "Polygon", "coordinates": [[[-123.13156773666074, 42.61516035299914], [-123.13153260327077, 42.618798751239055], [-123.13149746888095, 42.622437172478925], [-123.12664313616355, 42.622490188930236], [-123.12618059209517, 42.62249524297322], [-123.12178877944604, 42.622543227381584], [-123.12180051282898, 42.618884573142395], [-123.12181224721206, 42.61522591890322], [-123.12669000393652, 42.615193136451175], [-123.13156773666074, 42.61516035299914]]]}, "properties": {"title": "Apex Minerals and Properties, LLC Claim No. 10", "description": "lode | serial OR106833317 | 20.66 ac | Filed | qtr-sec OR 33 0340S 0040W 013 NW | recorded~2026 (DB date, not legal located date) | src: BLM MLRS Not Closed | boundary approx (BLM quarter-section) | do not dig here (active claim)", "stroke": "#ff3300", "stroke-width": 2, "fill": "#ff3300", "fill-opacity": 0.05, "stroke-dasharray": "1,6"}}, {"type": "Feature", "geometry": {"type": "Polygon", "coordinates": [[[-123.13156773666074, 42.61516035299914], [-123.13153260327077, 42.618798751239055], [-123.13149746888095, 42.622437172478925], [-123.12664313616355, 42.622490188930236], [-123.12618059209517, 42.62249524297322], [-123.12178877944604, 42.622543227381584], [-123.12180051282898, 42.618884573142395], [-123.12181224721206, 42.61522591890322], [-123.12669000393652, 42.615193136451175], [-123.13156773666074, 42.61516035299914]]]}, "properties": {"title": "Apex Minerals and Properties, LLC Claim No. 12", "description": "lode | serial OR106833319 | 20.66 ac | Filed | qtr-sec OR 33 0340S 0040W 013 NW | recorded~2026 (DB date, not legal located date) | src: BLM MLRS Not Closed | boundary approx (BLM quarter-section) | do not dig here (active claim)", "stroke": "#ff3300", "stroke-width": 2, "fill": "#ff3300", "fill-opacity": 0.05, "stroke-dasharray": "1,6"}}, {"type": "Feature", "geometry": {"type": "Polygon", "coordinates": [[[-123.13161704843324, 42.60785461551932], [-123.13159239204695, 42.61150749575927], [-123.13156773666074, 42.61516035299914], [-123.12669000393652, 42.615193136451175], [-123.12181224721206, 42.61522591890322], [-123.12182400459416, 42.61156016366355], [-123.12183576197636, 42.60789440742384], [-123.12618019862352, 42.60787674402211], [-123.12672641670488, 42.607874522971535], [-123.13161704843324, 42.60785461551932]]]}, "properties": {"title": "Apex Minerals and Properties, LLC Claim No. 14", "description": "lode | serial OR106833321 | 20.66 ac | Filed | qtr-sec OR 33 0340S 0040W 013 SW | recorded~2026 (DB date, not legal located date) | src: BLM MLRS Not Closed | boundary approx (BLM quarter-section) | do not dig here (active claim)", "stroke": "#ff3300", "stroke-width": 2, "fill": "#ff3300", "fill-opacity": 0.05, "stroke-dasharray": "1,6"}}, {"type": "Feature", "geometry": {"type": "Polygon", "coordinates": [[[-123.12181224721206, 42.61522591890322], [-123.12180051282898, 42.618884573142395], [-123.12178877944604, 42.622543227381584], [-123.12057519626664, 42.62255648749442], [-123.1193616130872, 42.62256974760719], [-123.11814802990783, 42.622583006720035], [-123.11693444572845, 42.62259626683286], [-123.11208966400874, 42.62262957328204], [-123.11209291739029, 42.61896981404346], [-123.11210574577002, 42.61529032080268], [-123.11695900849115, 42.61525812035294], [-123.12181224721206, 42.61522591890322]]]}, "properties": {"title": "Apex Minerals and Properties, LLC Claim No. 16", "description": "lode | serial OR106833323 | 20.66 ac | Filed | qtr-sec OR 33 0340S 0040W 013 NE | recorded~2026 (DB date, not legal located date) | src: BLM MLRS Not Closed | boundary approx (BLM quarter-section) | do not dig here (active claim)", "stroke": "#ff3300", "stroke-width": 2, "fill": "#ff3300", "fill-opacity": 0.05, "stroke-dasharray": "1,6"}}, {"type": "Feature", "geometry": {"type": "Polygon", "coordinates": [[[-123.13161704843324, 42.60785461551932], [-123.13159239204695, 42.61150749575927], [-123.13156773666074, 42.61516035299914], [-123.12669000393652, 42.615193136451175], [-123.12181224721206, 42.61522591890322], [-123.12182400459416, 42.61156016366355], [-123.12183576197636, 42.60789440742384], [-123.12618019862352, 42.60787674402211], [-123.12672641670488, 42.607874522971535], [-123.13161704843324, 42.60785461551932]]]}, "properties": {"title": "Apex Minerals and Properties, LLC Claim No. 13", "description": "lode | serial OR106833320 | 20.66 ac | Filed | qtr-sec OR 33 0340S 0040W 013 SW | recorded~2026 (DB date, not legal located date) | src: BLM MLRS Not Closed | boundary approx (BLM quarter-section) | do not dig here (active claim)", "stroke": "#ff3300", "stroke-width": 2, "fill": "#ff3300", "fill-opacity": 0.05, "stroke-dasharray": "1,6"}}, {"type": "Feature", "geometry": {"type": "Polygon", "coordinates": [[[-123.24426649160064, 42.60991222326133], [-123.24426991429235, 42.608086691143015], [-123.24673726766076, 42.608090916915586], [-123.24920462102908, 42.60809514268817], [-123.24920236233662, 42.60991538880604], [-123.24673442696863, 42.6099138060337], [-123.24426649160064, 42.60991222326133]]]}, "properties": {"title": "Adam Number 3", "description": "placer | serial OR106841527 | 20.0 ac | Active | qtr-sec OR 33 0340S 0050W 013 A S2SWSW | recorded~2026 (DB date, not legal located date) | src: BLM MLRS Not Closed | boundary approx (BLM quarter-section) | do not dig here (active claim)", "stroke": "#ff3300", "stroke-width": 2, "fill": "#ff3300", "fill-opacity": 0.05, "stroke-dasharray": "1,6"}}, {"type": "Feature", "geometry": {"type": "Polygon", "coordinates": [[[-123.12181224721206, 42.61522591890322], [-123.12180051282898, 42.618884573142395], [-123.12178877944604, 42.622543227381584], [-123.12057519626664, 42.62255648749442], [-123.1193616130872, 42.62256974760719], [-123.11814802990783, 42.622583006720035], [-123.11693444572845, 42.62259626683286], [-123.11208966400874, 42.62262957328204], [-123.11209291739029, 42.61896981404346], [-123.11210574577002, 42.61529032080268], [-123.11695900849115, 42.61525812035294], [-123.12181224721206, 42.61522591890322]]]}, "properties": {"title": "Apex Minerals and Properties, LLC Claim No. 21", "description": "lode | serial OR106833328 | 20.66 ac | Filed | qtr-sec OR 33 0340S 0040W 013 NE | recorded~2026 (DB date, not legal located date) | src: BLM MLRS Not Closed | boundary approx (BLM quarter-section) | do not dig here (active claim)", "stroke": "#ff3300", "stroke-width": 2, "fill": "#ff3300", "fill-opacity": 0.05, "stroke-dasharray": "1,6"}}, {"type": "Feature", "geometry": {"type": "Polygon", "coordinates": [[[-123.13161704843324, 42.60785461551932], [-123.13159239204695, 42.61150749575927], [-123.13156773666074, 42.61516035299914], [-123.12669000393652, 42.615193136451175], [-123.12181224721206, 42.61522591890322], [-123.12182400459416, 42.61156016366355], [-123.12183576197636, 42.60789440742384], [-123.12618019862352, 42.60787674402211], [-123.12672641670488, 42.607874522971535], [-123.13161704843324, 42.60785461551932]]]}, "properties": {"title": "Apex Minerals and Properties, LLC Claim No. 24", "description": "lode | serial OR106833331 | 20.66 ac | Filed | qtr-sec OR 33 0340S 0040W 013 SW | recorded~2026 (DB date, not legal located date) | src: BLM MLRS Not Closed | boundary approx (BLM quarter-section) | do not dig here (active claim)", "stroke": "#ff3300", "stroke-width": 2, "fill": "#ff3300", "fill-opacity": 0.05, "stroke-dasharray": "1,6"}}, {"type": "Feature", "geometry": {"type": "Polygon", "coordinates": [[[-123.13156773666074, 42.61516035299914], [-123.13153260327077, 42.618798751239055], [-123.13149746888095, 42.622437172478925], [-123.12664313616355, 42.622490188930236], [-123.12618059209517, 42.62249524297322], [-123.12178877944604, 42.622543227381584], [-123.12180051282898, 42.618884573142395], [-123.12181224721206, 42.61522591890322], [-123.12669000393652, 42.615193136451175], [-123.13156773666074, 42.61516035299914]]]}, "properties": {"title": "Apex Minerals and Properties, LLC Claim No. 17", "description": "lode | serial OR106833324 | 20.66 ac | Filed | qtr-sec OR 33 0340S 0040W 013 NW | recorded~2026 (DB date, not legal located date) | src: BLM MLRS Not Closed | boundary approx (BLM quarter-section) | do not dig here (active claim)", "stroke": "#ff3300", "stroke-width": 2, "fill": "#ff3300", "fill-opacity": 0.05, "stroke-dasharray": "1,6"}}, {"type": "Feature", "geometry": {"type": "Polygon", "coordinates": [[[-123.13161704843324, 42.60785461551932], [-123.13159239204695, 42.61150749575927], [-123.13156773666074, 42.61516035299914], [-123.12669000393652, 42.615193136451175], [-123.12181224721206, 42.61522591890322], [-123.12182400459416, 42.61156016366355], [-123.12183576197636, 42.60789440742384], [-123.12618019862352, 42.60787674402211], [-123.12672641670488, 42.607874522971535], [-123.13161704843324, 42.60785461551932]]]}, "properties": {"title": "Apex Minerals and Properties, LLC Claim No. 19", "description": "lode | serial OR106833326 | 20.66 ac | Filed | qtr-sec OR 33 0340S 0040W 013 SW | recorded~2026 (DB date, not legal located date) | src: BLM MLRS Not Closed | boundary approx (BLM quarter-section) | do not dig here (active claim)", "stroke": "#ff3300", "stroke-width": 2, "fill": "#ff3300", "fill-opacity": 0.05, "stroke-dasharray": "1,6"}}, {"type": "Feature", "geometry": {"type": "Polygon", "coordinates": [[[-123.12183576197636, 42.60789440742384], [-123.12182400459416, 42.61156016366355], [-123.12181224721206, 42.61522591890322], [-123.11695900849115, 42.61525812035294], [-123.11210574577002, 42.61529032080268], [-123.11211855114998, 42.61161082856186], [-123.11213133253007, 42.607931358321], [-123.11698354725328, 42.60791289487241], [-123.12183576197636, 42.60789440742384]]]}, "properties": {"title": "Apex Minerals and Properties, LLC Claim No. 18", "description": "lode | serial OR106833325 | 20.66 ac | Filed | qtr-sec OR 33 0340S 0040W 013 SE | recorded~2026 (DB date, not legal located date) | src: BLM MLRS Not Closed | boundary approx (BLM quarter-section) | do not dig here (active claim)", "stroke": "#ff3300", "stroke-width": 2, "fill": "#ff3300", "fill-opacity": 0.05, "stroke-dasharray": "1,6"}}, {"type": "Feature", "geometry": {"type": "Polygon", "coordinates": [[[-123.13156773666074, 42.61516035299914], [-123.13153260327077, 42.618798751239055], [-123.13149746888095, 42.622437172478925], [-123.12664313616355, 42.622490188930236], [-123.12618059209517, 42.62249524297322], [-123.12178877944604, 42.622543227381584], [-123.12180051282898, 42.618884573142395], [-123.12181224721206, 42.61522591890322], [-123.12669000393652, 42.615193136451175], [-123.13156773666074, 42.61516035299914]]]}, "properties": {"title": "Apex Minerals and Properties, LLC Claim No.22", "description": "lode | serial OR106833329 | 20.66 ac | Filed | qtr-sec OR 33 0340S 0040W 013 NW | recorded~2026 (DB date, not legal located date) | src: BLM MLRS Not Closed | boundary approx (BLM quarter-section) | do not dig here (active claim)", "stroke": "#ff3300", "stroke-width": 2, "fill": "#ff3300", "fill-opacity": 0.05, "stroke-dasharray": "1,6"}}, {"type": "Feature", "geometry": {"type": "Polygon", "coordinates": [[[-123.13156773666074, 42.61516035299914], [-123.13153260327077, 42.618798751239055], [-123.13149746888095, 42.622437172478925], [-123.12664313616355, 42.622490188930236], [-123.12618059209517, 42.62249524297322], [-123.12178877944604, 42.622543227381584], [-123.12180051282898, 42.618884573142395], [-123.12181224721206, 42.61522591890322], [-123.12669000393652, 42.615193136451175], [-123.13156773666074, 42.61516035299914]]]}, "properties": {"title": "Apex Minerals and Properties, LLC Claim No. 26", "description": "lode | serial OR106833333 | 20.66 ac | Filed | qtr-sec OR 33 0340S 0040W 013 NW | recorded~2026 (DB date, not legal located date) | src: BLM MLRS Not Closed | boundary approx (BLM quarter-section) | do not dig here (active claim)", "stroke": "#ff3300", "stroke-width": 2, "fill": "#ff3300", "fill-opacity": 0.05, "stroke-dasharray": "1,6"}}, {"type": "Feature", "geometry": {"type": "Polygon", "coordinates": [[[-123.12181224721206, 42.61522591890322], [-123.12180051282898, 42.618884573142395], [-123.12178877944604, 42.622543227381584], [-123.12057519626664, 42.62255648749442], [-123.1193616130872, 42.62256974760719], [-123.11814802990783, 42.622583006720035], [-123.11693444572845, 42.62259626683286], [-123.11208966400874, 42.62262957328204], [-123.11209291739029, 42.61896981404346], [-123.11210574577002, 42.61529032080268], [-123.11695900849115, 42.61525812035294], [-123.12181224721206, 42.61522591890322]]]}, "properties": {"title": "Apex Minerals and Properties, LLC Claim No. 20", "description": "lode | serial OR106833327 | 20.66 ac | Filed | qtr-sec OR 33 0340S 0040W 013 NE | recorded~2026 (DB date, not legal located date) | src: BLM MLRS Not Closed | boundary approx (BLM quarter-section) | do not dig here (active claim)", "stroke": "#ff3300", "stroke-width": 2, "fill": "#ff3300", "fill-opacity": 0.05, "stroke-dasharray": "1,6"}}, {"type": "Feature", "geometry": {"type": "Polygon", "coordinates": [[[-123.13156773666074, 42.61516035299914], [-123.13153260327077, 42.618798751239055], [-123.13149746888095, 42.622437172478925], [-123.12664313616355, 42.622490188930236], [-123.12618059209517, 42.62249524297322], [-123.12178877944604, 42.622543227381584], [-123.12180051282898, 42.618884573142395], [-123.12181224721206, 42.61522591890322], [-123.12669000393652, 42.615193136451175], [-123.13156773666074, 42.61516035299914]]]}, "properties": {"title": "Apex Minerals and Properties, LLC Claim No.23", "description": "lode | serial OR106833330 | 20.66 ac | Filed | qtr-sec OR 33 0340S 0040W 013 NW | recorded~2026 (DB date, not legal located date) | src: BLM MLRS Not Closed | boundary approx (BLM quarter-section) | do not dig here (active claim)", "stroke": "#ff3300", "stroke-width": 2, "fill": "#ff3300", "fill-opacity": 0.05, "stroke-dasharray": "1,6"}}, {"type": "Feature", "geometry": {"type": "Polygon", "coordinates": [[[-123.13156773666074, 42.61516035299914], [-123.13153260327077, 42.618798751239055], [-123.13149746888095, 42.622437172478925], [-123.12664313616355, 42.622490188930236], [-123.12618059209517, 42.62249524297322], [-123.12178877944604, 42.622543227381584], [-123.12180051282898, 42.618884573142395], [-123.12181224721206, 42.61522591890322], [-123.12669000393652, 42.615193136451175], [-123.13156773666074, 42.61516035299914]]]}, "properties": {"title": "Apex Minerals and Properties, LLC Claim No. 25", "description": "lode | serial OR106833332 | 20.66 ac | Filed | qtr-sec OR 33 0340S 0040W 013 NW | recorded~2026 (DB date, not legal located date) | src: BLM MLRS Not Closed | boundary approx (BLM quarter-section) | do not dig here (active claim)", "stroke": "#ff3300", "stroke-width": 2, "fill": "#ff3300", "fill-opacity": 0.05, "stroke-dasharray": "1,6"}}, {"type": "Feature", "geometry": {"type": "Polygon", "coordinates": [[[-123.12181224721206, 42.61522591890322], [-123.12180051282898, 42.618884573142395], [-123.12178877944604, 42.622543227381584], [-123.12057519626664, 42.62255648749442], [-123.1193616130872, 42.62256974760719], [-123.11814802990783, 42.622583006720035], [-123.11693444572845, 42.62259626683286], [-123.11208966400874, 42.62262957328204], [-123.11209291739029, 42.61896981404346], [-123.11210574577002, 42.61529032080268], [-123.11695900849115, 42.61525812035294], [-123.12181224721206, 42.61522591890322]]]}, "properties": {"title": "Apex Minerals and Properties, LLC Claim No. 27", "description": "lode | serial OR106833334 | 20.66 ac | Filed | qtr-sec OR 33 0340S 0040W 013 NE | recorded~2026 (DB date, not legal located date) | src: BLM MLRS Not Closed | boundary approx (BLM quarter-section) | do not dig here (active claim)", "stroke": "#ff3300", "stroke-width": 2, "fill": "#ff3300", "fill-opacity": 0.05, "stroke-dasharray": "1,6"}}, {"type": "Feature", "geometry": {"type": "Polygon", "coordinates": [[[-123.13156773666074, 42.61516035299914], [-123.13153260327077, 42.618798751239055], [-123.13149746888095, 42.622437172478925], [-123.12664313616355, 42.622490188930236], [-123.12618059209517, 42.62249524297322], [-123.12178877944604, 42.622543227381584], [-123.12180051282898, 42.618884573142395], [-123.12181224721206, 42.61522591890322], [-123.12669000393652, 42.615193136451175], [-123.13156773666074, 42.61516035299914]]]}, "properties": {"title": "Apex Minerals and Properties, LLC Claim No. 28", "description": "lode | serial OR106833335 | 20.66 ac | Filed | qtr-sec OR 33 0340S 0040W 013 NW | recorded~2026 (DB date, not legal located date) | src: BLM MLRS Not Closed | boundary approx (BLM quarter-section) | do not dig here (active claim)", "stroke": "#ff3300", "stroke-width": 2, "fill": "#ff3300", "fill-opacity": 0.05, "stroke-dasharray": "1,6"}}, {"type": "Feature", "geometry": {"type": "Polygon", "coordinates": [[[-123.0454771892135, 42.29455664682367], [-123.04792780158405, 42.29457836360219], [-123.04789421588264, 42.29641770272726], [-123.04786047518265, 42.29826538985283], [-123.04540667680983, 42.29823264307396], [-123.04544188051207, 42.29639739994901], [-123.0454771892135, 42.29455664682367]]]}, "properties": {"title": "Jelly Bean's Junction 1", "description": "placer | serial OR106843720 | 20.0 ac | Filed | qtr-sec OR 33 0380S 0030W 003 B NWSENW | OR 33 0380S 0030W 003 B SWSENW | recorded~2026 (DB date, not legal located date) | src: BLM MLRS Not Closed | boundary approx (BLM quarter-section) | do not dig here (active claim)", "stroke": "#ff3300", "stroke-width": 2, "fill": "#ff3300", "fill-opacity": 0.05, "stroke-dasharray": "1,6"}}, {"type": "Feature", "geometry": {"type": "Polygon", "coordinates": [[[-123.04538082981247, 42.29827231907891], [-123.04784400718408, 42.2982891478559], [-123.04781848848359, 42.30012601198007], [-123.0477929697831, 42.301962876104184], [-123.04533555641174, 42.30194247632651], [-123.04535819311205, 42.30010739820274], [-123.04538082981247, 42.29827231907891]]]}, "properties": {"title": "Jelly Bean's Junction 2", "description": "placer | serial OR106843721 | 20.0 ac | Filed | qtr-sec OR 33 0380S 0030W 003 O | recorded~2026 (DB date, not legal located date) | src: BLM MLRS Not Closed | boundary approx (BLM quarter-section) | do not dig here (active claim)", "stroke": "#ff3300", "stroke-width": 2, "fill": "#ff3300", "fill-opacity": 0.05, "stroke-dasharray": "1,6"}}, {"type": "Feature", "geometry": {"type": "Polygon", "coordinates": [[[-123.31866208237135, 42.273034991543], [-123.31383012065503, 42.273036665983014], [-123.3089287379282, 42.2730380934293], [-123.30881282631498, 42.269426441203635], [-123.30869691570189, 42.26581476097788], [-123.30856092008088, 42.262172137751875], [-123.30842489545999, 42.25852948552584], [-123.31353970421225, 42.25849049905794], [-123.31840014192709, 42.25845446361335], [-123.32324655263662, 42.258399482168755], [-123.328092961346, 42.25834452872417], [-123.32812961895837, 42.26202473796147], [-123.32816630357085, 42.26570497519865], [-123.32820296018356, 42.26938518443586], [-123.32823961679647, 42.27306542167296], [-123.32345085008396, 42.27305020710795], [-123.31866208237135, 42.273034991543]]]}, "properties": {"title": "Roadside 1", "description": "lode | serial OR106843158 | 20.66 ac | Filed | qtr-sec OR 33 0380S 0050W 017 E SESE | recorded~2026 (DB date, not legal located date) | src: BLM MLRS Not Closed | boundary approx (BLM quarter-section) | do not dig here (active claim)", "stroke": "#ff3300", "stroke-width": 2, "fill": "#ff3300", "fill-opacity": 0.05, "stroke-dasharray": "1,6"}}, {"type": "Feature", "geometry": {"type": "Polygon", "coordinates": [[[-123.31866208237135, 42.273034991543], [-123.31383012065503, 42.273036665983014], [-123.3089287379282, 42.2730380934293], [-123.30881282631498, 42.269426441203635], [-123.30869691570189, 42.26581476097788], [-123.30856092008088, 42.262172137751875], [-123.30842489545999, 42.25852948552584], [-123.31353970421225, 42.25849049905794], [-123.31840014192709, 42.25845446361335], [-123.32324655263662, 42.258399482168755], [-123.328092961346, 42.25834452872417], [-123.32812961895837, 42.26202473796147], [-123.32816630357085, 42.26570497519865], [-123.32820296018356, 42.26938518443586], [-123.32823961679647, 42.27306542167296], [-123.32345085008396, 42.27305020710795], [-123.31866208237135, 42.273034991543]]]}, "properties": {"title": "Roadside 2", "description": "lode | serial OR106843159 | 20.66 ac | Filed | qtr-sec OR 33 0380S 0050W 017 E SWSE | recorded~2026 (DB date, not legal located date) | src: BLM MLRS Not Closed | boundary approx (BLM quarter-section) | do not dig here (active claim)", "stroke": "#ff3300", "stroke-width": 2, "fill": "#ff3300", "fill-opacity": 0.05, "stroke-dasharray": "1,6"}}, {"type": "Feature", "geometry": {"type": "Polygon", "coordinates": [[[-123.29849876355989, 42.24379768546381], [-123.30336398128199, 42.24379942602157], [-123.30822917000394, 42.24380116557932], [-123.30826190861548, 42.24748415481753], [-123.30826204761907, 42.247505903818926], [-123.30828297701063, 42.24986342597142], [-123.30829454722706, 42.25116668105574], [-123.30835973584347, 42.25484808229082], [-123.30842489545999, 42.25852948552584], [-123.30352378872459, 42.258478661968475], [-123.29862265298901, 42.25842783941101], [-123.29617778562118, 42.25839759463145], [-123.29372154625331, 42.258377015853604], [-123.2912709778854, 42.25835159107488], [-123.28882041051746, 42.25832616529611], [-123.28882716521875, 42.25650786617638], [-123.28883389092002, 42.25468956605656], [-123.28884670432096, 42.251042607816366], [-123.28881639972283, 42.24743958258291], [-123.28878610812497, 42.243836565349426], [-123.29364243584246, 42.243817111906615], [-123.29849876355989, 42.24379768546381]]]}, "properties": {"title": "Rising Star 2", "description": "lode | serial OR106843161 | 20.66 ac | Filed | qtr-sec OR 33 0380S 0050W 021 E NENW | OR 33 0380S 0050W 021 E NENE | recorded~2026 (DB date, not legal located date) | src: BLM MLRS Not Closed | boundary approx (BLM quarter-section) | do not dig here (active claim)", "stroke": "#ff3300", "stroke-width": 2, "fill": "#ff3300", "fill-opacity": 0.05, "stroke-dasharray": "1,6"}}, {"type": "Feature", "geometry": {"type": "Polygon", "coordinates": [[[-123.15138603395495, 42.23333666914241], [-123.15138534495487, 42.2333366731425], [-123.15124824434267, 42.22973751491694], [-123.15585519502568, 42.229713036497046], [-123.16046086470888, 42.22969177807745], [-123.16537750343602, 42.22965662062871], [-123.17029414316302, 42.22962146217996], [-123.17069233079273, 42.23309029037293], [-123.17109051742254, 42.23655911756589], [-123.17100399901074, 42.24021346481507], [-123.17091747959918, 42.24386781206422], [-123.16603036387303, 42.243881968509136], [-123.16114327114683, 42.24389610195411], [-123.15625615442046, 42.24391007139897], [-123.1513690386939, 42.243924018843884], [-123.1514638001335, 42.24043183860448], [-123.1515225665677, 42.236939029368216], [-123.15138603395495, 42.23333666914241]]]}, "properties": {"title": "After Thought Mine", "description": "lode | serial OR106844872 | 20.66 ac | Filed | qtr-sec OR 33 0380S 0040W 027 E SE | recorded~2026 (DB date, not legal located date) | src: BLM MLRS Not Closed | boundary approx (BLM quarter-section) | do not dig here (active claim)", "stroke": "#ff3300", "stroke-width": 2, "fill": "#ff3300", "fill-opacity": 0.05, "stroke-dasharray": "1,6"}}, {"type": "Feature", "geometry": {"type": "Polygon", "coordinates": [[[-123.29849876355989, 42.24379768546381], [-123.30336398128199, 42.24379942602157], [-123.30822917000394, 42.24380116557932], [-123.30826190861548, 42.24748415481753], [-123.30826204761907, 42.247505903818926], [-123.30828297701063, 42.24986342597142], [-123.30829454722706, 42.25116668105574], [-123.30835973584347, 42.25484808229082], [-123.30842489545999, 42.25852948552584], [-123.30352378872459, 42.258478661968475], [-123.29862265298901, 42.25842783941101], [-123.29617778562118, 42.25839759463145], [-123.29372154625331, 42.258377015853604], [-123.2912709778854, 42.25835159107488], [-123.28882041051746, 42.25832616529611], [-123.28882716521875, 42.25650786617638], [-123.28883389092002, 42.25468956605656], [-123.28884670432096, 42.251042607816366], [-123.28881639972283, 42.24743958258291], [-123.28878610812497, 42.243836565349426], [-123.29364243584246, 42.243817111906615], [-123.29849876355989, 42.24379768546381]]]}, "properties": {"title": "Rising Star", "description": "lode | serial OR106843160 | 20.66 ac | Filed | qtr-sec OR 33 0380S 0050W 021 E NENE | recorded~2026 (DB date, not legal located date) | src: BLM MLRS Not Closed | boundary approx (BLM quarter-section) | do not dig here (active claim)", "stroke": "#ff3300", "stroke-width": 2, "fill": "#ff3300", "fill-opacity": 0.05, "stroke-dasharray": "1,6"}}, {"type": "Feature", "geometry": {"type": "Polygon", "coordinates": [[[-123.63895498240194, 42.48782495606586], [-123.63896790371021, 42.48964835218048], [-123.63898082401852, 42.491471747295066], [-123.63652243665729, 42.491470155521235], [-123.63651108534941, 42.48964782240653], [-123.63649973404158, 42.487825490291804], [-123.63895498240194, 42.48782495606586]]]}, "properties": {"title": "MINNOW", "description": "placer | serial OR106847678 | 20.0 ac | Filed | qtr-sec OR 33 0350S 0080W 034 E2NWNW | recorded~2026 (DB date, not legal located date) | src: BLM MLRS Not Closed | boundary approx (BLM quarter-section) | do not dig here (active claim)", "stroke": "#ff3300", "stroke-width": 2, "fill": "#ff3300", "fill-opacity": 0.05, "stroke-dasharray": "1,6"}}, {"type": "Feature", "geometry": {"type": "Polygon", "coordinates": [[[-123.64132328891124, 42.47687770015251], [-123.64135226952808, 42.48052661738169], [-123.64138125014513, 42.484175505610786], [-123.63647706042599, 42.484180713062386], [-123.63157284270669, 42.484185697513944], [-123.6315564460928, 42.48054444828402], [-123.63154005147908, 42.47690319805408], [-123.6362359821665, 42.47689038262133], [-123.63643168519522, 42.47689035160331], [-123.64109828087818, 42.47687770417323], [-123.64132328891124, 42.47687770015251]]]}, "properties": {"title": "Minnow 4", "description": "placer | serial OR106849404 | 20.0 ac | Filed | qtr-sec OR 33 0350S 0080W 034 SW | recorded~2026 (DB date, not legal located date) | src: BLM MLRS Not Closed | boundary approx (BLM quarter-section) | do not dig here (active claim)", "stroke": "#ff3300", "stroke-width": 2, "fill": "#ff3300", "fill-opacity": 0.05, "stroke-dasharray": "1,6"}}, {"type": "Feature", "geometry": {"type": "Polygon", "coordinates": [[[-123.65, 42.39626205314977], [-123.65, 42.4035383278578], [-123.64612003133706, 42.40354056604507], [-123.64123589562095, 42.40354338349318], [-123.64122416001165, 42.399903798262216], [-123.64121242440251, 42.39626421303115], [-123.64608752711749, 42.39626302458412], [-123.65, 42.39626205314977]]]}, "properties": {"title": "Taylor Falls", "description": "placer | serial OR106851972 | 20.0 ac | Filed | qtr-sec OR 33 0360S 0080W 33 NE | recorded~2026 (DB date, not legal located date) | src: BLM MLRS Not Closed | boundary approx (BLM quarter-section) | do not dig here (active claim)", "stroke": "#ff3300", "stroke-width": 2, "fill": "#ff3300", "fill-opacity": 0.05, "stroke-dasharray": "1,6"}}, {"type": "Feature", "geometry": {"type": "Point", "coordinates": [-123.14270265496883, 42.26893269611713]}, "properties": {"title": "Placer - Humbug Creek Placers", "description": "6 source record(s) merged within 75m | src: MILO, USMIN", "marker-color": "#000000", "marker-symbol": "circle"}}, {"type": "Feature", "geometry": {"type": "Point", "coordinates": [-123.43991626570954, 42.64911023160343]}, "properties": {"title": "Placer - Glendale", "description": "4 source record(s) merged within 75m | src: MILO, USMIN", "marker-color": "#000000", "marker-symbol": "circle"}}, {"type": "Feature", "geometry": {"type": "Point", "coordinates": [-123.60964973394967, 42.57239200749648]}, "properties": {"title": "Placer - Old Channel", "description": "3 source record(s) merged within 75m | src: MILO, USMIN", "marker-color": "#000000", "marker-symbol": "circle"}}, {"type": "Feature", "geometry": {"type": "Point", "coordinates": [-123.62409199389644, 42.560058927932886]}, "properties": {"title": "Placer - California Oregon", "description": "3 source record(s) merged within 75m | src: MILO, USMIN", "marker-color": "#000000", "marker-symbol": "circle"}}, {"type": "Feature", "geometry": {"type": "Point", "coordinates": [-123.63444301687453, 42.5490169472213]}, "properties": {"title": "Placer - Old Channel placers", "description": "3 source record(s) merged within 75m | src: MILO, USMIN", "marker-color": "#000000", "marker-symbol": "circle"}}, {"type": "Feature", "geometry": {"type": "Point", "coordinates": [-123.59071950019529, 42.58641050304835]}, "properties": {"title": "Placer - Dean and Dean placer", "description": "3 source record(s) merged within 75m | src: MILO, USMIN", "marker-color": "#000000", "marker-symbol": "circle"}}, {"type": "Feature", "geometry": {"type": "Point", "coordinates": [-123.6353830980454, 42.545609416804346]}, "properties": {"title": "Placer - Old Channel placers", "description": "3 source record(s) merged within 75m | src: MILO, USMIN", "marker-color": "#000000", "marker-symbol": "circle"}}, {"type": "Feature", "geometry": {"type": "Point", "coordinates": [-123.63057105391177, 42.55688594167915]}, "properties": {"title": "Placer - Carnegie Place", "description": "3 source record(s) merged within 75m | src: MILO, USMIN", "marker-color": "#000000", "marker-symbol": "circle"}}, {"type": "Feature", "geometry": {"type": "Point", "coordinates": [-123.60384145339582, 42.580354170203414]}, "properties": {"title": "Placer - Last Chance placer", "description": "3 source record(s) merged within 75m | src: MILO, USMIN", "marker-color": "#000000", "marker-symbol": "circle"}}, {"type": "Feature", "geometry": {"type": "Point", "coordinates": [-123.44954708575249, 42.6421977258773]}, "properties": {"title": "Placer - Glendale", "description": "3 source record(s) merged within 75m | src: USMIN", "marker-color": "#000000", "marker-symbol": "circle"}}, {"type": "Feature", "geometry": {"type": "Point", "coordinates": [-123.4673682152125, 42.67178725939896]}, "properties": {"title": "Placer - Glendale", "description": "3 source record(s) merged within 75m | src: MILO, MRDS, USMIN", "marker-color": "#000000", "marker-symbol": "circle"}}, {"type": "Feature", "geometry": {"type": "Point", "coordinates": [-123.12922286593157, 42.37607277882063]}, "properties": {"title": "Placer - Dixie Placer", "description": "3 source record(s) merged within 75m | src: MILO, USMIN", "marker-color": "#000000", "marker-symbol": "circle"}}, {"type": "Feature", "geometry": {"type": "Point", "coordinates": [-123.25860136661822, 42.646573108259794]}, "properties": {"title": "Placer - Golden", "description": "3 source record(s) merged within 75m | src: MILO, USMIN", "marker-color": "#000000", "marker-symbol": "circle"}}, {"type": "Feature", "geometry": {"type": "Point", "coordinates": [-123.38398523149453, 42.685889609260904]}, "properties": {"title": "Placer - Wolf Creek placers", "description": "3 source record(s) merged within 75m | src: MILO, MRDS, USMIN", "marker-color": "#000000", "marker-symbol": "circle"}}, {"type": "Feature", "geometry": {"type": "Point", "coordinates": [-123.47403330802398, 42.6498172580971]}, "properties": {"title": "Placer - Klum placer Mine", "description": "3 source record(s) merged within 75m | src: MILO, USMIN", "marker-color": "#000000", "marker-symbol": "circle"}}, {"type": "Feature", "geometry": {"type": "Point", "coordinates": [-123.44477700073242, 42.62622087342483]}, "properties": {"title": "Placer - Iverson and Pohlmam placer", "description": "3 source record(s) merged within 75m | src: MILO, MRDS", "marker-color": "#000000", "marker-symbol": "circle"}}, {"type": "Feature", "geometry": {"type": "Point", "coordinates": [-123.62535149742878, 42.55150554276741]}, "properties": {"title": "Placer - Liepold placer", "description": "3 source record(s) merged within 75m | src: MILO, MRDS", "marker-color": "#000000", "marker-symbol": "circle"}}, {"type": "Feature", "geometry": {"type": "Point", "coordinates": [-123.56449170886005, 42.5503992395871]}, "properties": {"title": "Placer - Texas Oregon Power and placer", "description": "3 source record(s) merged within 75m | src: MILO, MRDS", "marker-color": "#000000", "marker-symbol": "circle"}}, {"type": "Feature", "geometry": {"type": "Point", "coordinates": [-123.48977641131997, 42.50982699124025]}, "properties": {"title": "Placer - Lindh and Webber", "description": "3 source record(s) merged within 75m | src: MILO, MRDS", "marker-color": "#000000", "marker-symbol": "circle"}}, {"type": "Feature", "geometry": {"type": "Point", "coordinates": [-123.60588634116765, 42.57547617721543]}, "properties": {"title": "Placer - Old Channel", "description": "2 source record(s) merged within 75m | src: MILO, USMIN", "marker-color": "#000000", "marker-symbol": "circle"}}, {"type": "Feature", "geometry": {"type": "Point", "coordinates": [-123.54401387913035, 42.653297184711406]}, "properties": {"title": "Placer - McNair Flat placer", "description": "2 source record(s) merged within 75m | src: MILO, USMIN", "marker-color": "#000000", "marker-symbol": "circle"}}, {"type": "Feature", "geometry": {"type": "Point", "coordinates": [-123.51183547422656, 42.64434744991355]}, "properties": {"title": "Placer - gold placer", "description": "2 source record(s) merged within 75m | src: MILO, USMIN", "marker-color": "#000000", "marker-symbol": "circle"}}, {"type": "Feature", "geometry": {"type": "Point", "coordinates": [-123.64228949986483, 42.53163394274814]}, "properties": {"title": "Placer - Yankee Chief placer", "description": "2 source record(s) merged within 75m | src: MILO, USMIN", "marker-color": "#000000", "marker-symbol": "circle"}}, {"type": "Feature", "geometry": {"type": "Point", "coordinates": [-123.52235751335814, 42.65756124363723]}, "properties": {"title": "Placer - Vindicator placer", "description": "2 source record(s) merged within 75m | src: MILO, USMIN", "marker-color": "#000000", "marker-symbol": "circle"}}, {"type": "Feature", "geometry": {"type": "Point", "coordinates": [-123.50870020252606, 42.64399127121945]}, "properties": {"title": "Placer - Three L's placer (Yokum)", "description": "2 source record(s) merged within 75m | src: MILO, USMIN", "marker-color": "#000000", "marker-symbol": "circle"}}, {"type": "Feature", "geometry": {"type": "Point", "coordinates": [-123.639826909629, 42.59529451192397]}, "properties": {"title": "Placer - gold placer prospect", "description": "2 source record(s) merged within 75m | src: MILO, USMIN", "marker-color": "#000000", "marker-symbol": "circle"}}, {"type": "Feature", "geometry": {"type": "Point", "coordinates": [-123.4867311812191, 42.64005518307076]}, "properties": {"title": "Placer - Glendale", "description": "2 source record(s) merged within 75m | src: MILO, USMIN", "marker-color": "#000000", "marker-symbol": "circle"}}, {"type": "Feature", "geometry": {"type": "Point", "coordinates": [-123.51157849092786, 42.64649068586054]}, "properties": {"title": "Placer - Archer placer mine", "description": "2 source record(s) merged within 75m | src: MILO, USMIN", "marker-color": "#000000", "marker-symbol": "circle"}}, {"type": "Feature", "geometry": {"type": "Point", "coordinates": [-123.47435055412357, 42.66138516236904]}, "properties": {"title": "Placer - Glendale", "description": "2 source record(s) merged within 75m | src: MILO, USMIN", "marker-color": "#000000", "marker-symbol": "circle"}}, {"type": "Feature", "geometry": {"type": "Point", "coordinates": [-123.46068083174549, 42.67490105367387]}, "properties": {"title": "Placer - Glendale", "description": "2 source record(s) merged within 75m | src: MILO, USMIN", "marker-color": "#000000", "marker-symbol": "circle"}}, {"type": "Feature", "geometry": {"type": "Point", "coordinates": [-123.4740625, 42.6601315]}, "properties": {"title": "Placer - Glendale", "description": "2 source record(s) merged within 75m | src: MRDS, USMIN", "marker-color": "#000000", "marker-symbol": "circle"}}, {"type": "Feature", "geometry": {"type": "Point", "coordinates": [-123.4343005, 42.6309595]}, "properties": {"title": "Placer - Glendale", "description": "2 source record(s) merged within 75m | src: MRDS, USMIN", "marker-color": "#000000", "marker-symbol": "circle"}}, {"type": "Feature", "geometry": {"type": "Point", "coordinates": [-122.94358075511695, 42.21594380871647]}, "properties": {"title": "Placer - Sterling Creek placers", "description": "2 source record(s) merged within 75m | src: MILO, USMIN", "marker-color": "#000000", "marker-symbol": "circle"}}, {"type": "Feature", "geometry": {"type": "Point", "coordinates": [-123.21869190811694, 42.35467151372549]}, "properties": {"title": "Placer - prospect", "description": "2 source record(s) merged within 75m | src: MILO, USMIN", "marker-color": "#000000", "marker-symbol": "circle"}}, {"type": "Feature", "geometry": {"type": "Point", "coordinates": [-123.21780904273518, 42.347224811734364]}, "properties": {"title": "Placer - prospect", "description": "2 source record(s) merged within 75m | src: MILO, USMIN", "marker-color": "#000000", "marker-symbol": "circle"}}, {"type": "Feature", "geometry": {"type": "Point", "coordinates": [-123.21925995533188, 42.34677057383742]}, "properties": {"title": "Placer - prospect", "description": "2 source record(s) merged within 75m | src: MILO, USMIN", "marker-color": "#000000", "marker-symbol": "circle"}}, {"type": "Feature", "geometry": {"type": "Point", "coordinates": [-123.21974917286033, 42.35448774451781]}, "properties": {"title": "Placer - prospect", "description": "2 source record(s) merged within 75m | src: MILO, USMIN", "marker-color": "#000000", "marker-symbol": "circle"}}, {"type": "Feature", "geometry": {"type": "Point", "coordinates": [-123.2390957611694, 42.60693642523335]}, "properties": {"title": "Placer - Wimer", "description": "2 source record(s) merged within 75m | src: MILO, USMIN", "marker-color": "#000000", "marker-symbol": "circle"}}, {"type": "Feature", "geometry": {"type": "Point", "coordinates": [-123.19994348412757, 42.65907556404794]}, "properties": {"title": "Placer - King Mountain", "description": "2 source record(s) merged within 75m | src: MILO, USMIN", "marker-color": "#000000", "marker-symbol": "circle"}}, {"type": "Feature", "geometry": {"type": "Point", "coordinates": [-123.159769409819, 42.616229129285514]}, "properties": {"title": "Placer - Pleasant Creek placers", "description": "2 source record(s) merged within 75m | src: MILO, MRDS", "marker-color": "#000000", "marker-symbol": "circle"}}, {"type": "Feature", "geometry": {"type": "Point", "coordinates": [-123.17198078528745, 42.594545523059914]}, "properties": {"title": "Placer - Telkamp placer", "description": "2 source record(s) merged within 75m | src: MILO, MRDS", "marker-color": "#000000", "marker-symbol": "circle"}}, {"type": "Feature", "geometry": {"type": "Point", "coordinates": [-123.1972728960308, 42.575939335254105]}, "properties": {"title": "Placer - Williams", "description": "2 source record(s) merged within 75m | src: MILO, MRDS", "marker-color": "#000000", "marker-symbol": "circle"}}, {"type": "Feature", "geometry": {"type": "Point", "coordinates": [-122.98225969086972, 42.4131577236193]}, "properties": {"title": "Placer - Mansfield", "description": "2 source record(s) merged within 75m | src: MILO, MRDS", "marker-color": "#000000", "marker-symbol": "circle"}}, {"type": "Feature", "geometry": {"type": "Point", "coordinates": [-122.98144362501924, 42.38594681192455]}, "properties": {"title": "Placer - Winchester-Housten", "description": "2 source record(s) merged within 75m | src: MILO, MRDS", "marker-color": "#000000", "marker-symbol": "circle"}}, {"type": "Feature", "geometry": {"type": "Point", "coordinates": [-123.17365823460571, 42.24262902942518]}, "properties": {"title": "Placer - Mee placer", "description": "2 source record(s) merged within 75m | src: MILO, MRDS", "marker-color": "#000000", "marker-symbol": "circle"}}, {"type": "Feature", "geometry": {"type": "Point", "coordinates": [-123.06504913777857, 42.221235621914275]}, "properties": {"title": "Placer - Hamilton-Taylor Ranch placer", "description": "2 source record(s) merged within 75m | src: MILO, MRDS", "marker-color": "#000000", "marker-symbol": "circle"}}, {"type": "Feature", "geometry": {"type": "Point", "coordinates": [-123.41588404409661, 42.63651486976692]}, "properties": {"title": "Placer - Leland (SBK) placer", "description": "2 source record(s) merged within 75m | src: MILO, MRDS", "marker-color": "#000000", "marker-symbol": "circle"}}, {"type": "Feature", "geometry": {"type": "Point", "coordinates": [-123.59338971094925, 42.58122578864109]}, "properties": {"title": "Placer - Rocky Gulch placer", "description": "2 source record(s) merged within 75m | src: MILO, MRDS", "marker-color": "#000000", "marker-symbol": "circle"}}, {"type": "Feature", "geometry": {"type": "Point", "coordinates": [-123.40727540592404, 42.53093857342391]}, "properties": {"title": "Placer - Spradlinge", "description": "2 source record(s) merged within 75m | src: MILO, MRDS", "marker-color": "#000000", "marker-symbol": "circle"}}, {"type": "Feature", "geometry": {"type": "Point", "coordinates": [-123.27837838530866, 42.560121130225355]}, "properties": {"title": "Placer - Little Marvel", "description": "2 source record(s) merged within 75m | src: MILO, MRDS", "marker-color": "#000000", "marker-symbol": "circle"}}, {"type": "Feature", "geometry": {"type": "Point", "coordinates": [-123.24006277756311, 42.60675616176337]}, "properties": {"title": "Placer - placer mine", "description": "2 source record(s) merged within 75m | src: MILO, MRDS", "marker-color": "#000000", "marker-symbol": "circle"}}, {"type": "Feature", "geometry": {"type": "Point", "coordinates": [-123.26308973766044, 42.4390167595518]}, "properties": {"title": "Placer - Dry Diggins", "description": "2 source record(s) merged within 75m | src: MILO, MRDS", "marker-color": "#000000", "marker-symbol": "circle"}}, {"type": "Feature", "geometry": {"type": "Point", "coordinates": [-123.19755877096969, 42.300634263763726]}, "properties": {"title": "Placer - The B-H Co.", "description": "2 source record(s) merged within 75m | src: MILO, MRDS", "marker-color": "#000000", "marker-symbol": "circle"}}, {"type": "Feature", "geometry": {"type": "Point", "coordinates": [-123.00225356957606, 42.27814094361973]}, "properties": {"title": "Placer - Bishop and Sturtevant Dredge", "description": "2 source record(s) merged within 75m | src: MILO, MRDS", "marker-color": "#000000", "marker-symbol": "circle"}}, {"type": "Feature", "geometry": {"type": "Point", "coordinates": [-123.435481, 42.630739]}, "properties": {"title": "Placer - Glendale", "description": "1 source record(s) merged within 75m | src: USMIN", "marker-color": "#000000", "marker-symbol": "circle"}}, {"type": "Feature", "geometry": {"type": "Point", "coordinates": [-123.487654, 42.640087]}, "properties": {"title": "Placer - Glendale", "description": "1 source record(s) merged within 75m | src: USMIN", "marker-color": "#000000", "marker-symbol": "circle"}}, {"type": "Feature", "geometry": {"type": "Point", "coordinates": [-123.351159, 42.685669]}, "properties": {"title": "Placer - Glendale", "description": "1 source record(s) merged within 75m | src: USMIN", "marker-color": "#000000", "marker-symbol": "circle"}}, {"type": "Feature", "geometry": {"type": "Point", "coordinates": [-123.20396893113514, 42.66775298682251]}, "properties": {"title": "Placer - King Mountain", "description": "1 source record(s) merged within 75m | src: USMIN", "marker-color": "#000000", "marker-symbol": "circle"}}, {"type": "Feature", "geometry": {"type": "Point", "coordinates": [-123.2038638431721, 42.66845290517861]}, "properties": {"title": "Placer - Neathamer", "description": "1 source record(s) merged within 75m | src: MILO", "marker-color": "#000000", "marker-symbol": "circle"}}, {"type": "Feature", "geometry": {"type": "Point", "coordinates": [-123.16423604962398, 42.609013408929926]}, "properties": {"title": "Placer - Porcupine placer", "description": "1 source record(s) merged within 75m | src: MILO", "marker-color": "#000000", "marker-symbol": "circle"}}, {"type": "Feature", "geometry": {"type": "Point", "coordinates": [-123.042010592131, 42.622626085624184]}, "properties": {"title": "Placer - West Evans Creek copper", "description": "1 source record(s) merged within 75m | src: MILO", "marker-color": "#000000", "marker-symbol": "circle"}}, {"type": "Feature", "geometry": {"type": "Point", "coordinates": [-123.09562130191992, 42.53984986899829]}, "properties": {"title": "Placer - Lenhert placer", "description": "1 source record(s) merged within 75m | src: MILO", "marker-color": "#000000", "marker-symbol": "circle"}}, {"type": "Feature", "geometry": {"type": "Point", "coordinates": [-122.99950970013924, 42.51151574515682]}, "properties": {"title": "Placer - Iron Mountain placer", "description": "1 source record(s) merged within 75m | src: MILO", "marker-color": "#000000", "marker-symbol": "circle"}}, {"type": "Feature", "geometry": {"type": "Point", "coordinates": [-123.1631008324328, 42.4215414350873]}, "properties": {"title": "Placer - Bullfrog placer", "description": "1 source record(s) merged within 75m | src: MILO", "marker-color": "#000000", "marker-symbol": "circle"}}, {"type": "Feature", "geometry": {"type": "Point", "coordinates": [-123.11744279890958, 42.47873694812791]}, "properties": {"title": "Placer - Ward Creek placers", "description": "1 source record(s) merged within 75m | src: MILO", "marker-color": "#000000", "marker-symbol": "circle"}}, {"type": "Feature", "geometry": {"type": "Point", "coordinates": [-123.07478262066405, 42.46318259038578]}, "properties": {"title": "Placer - Sardine Creek placers", "description": "1 source record(s) merged within 75m | src: MILO", "marker-color": "#000000", "marker-symbol": "circle"}}, {"type": "Feature", "geometry": {"type": "Point", "coordinates": [-123.0714759658046, 42.47012502259696]}, "properties": {"title": "Placer - Vroman placer", "description": "1 source record(s) merged within 75m | src: MILO", "marker-color": "#000000", "marker-symbol": "circle"}}, {"type": "Feature", "geometry": {"type": "Point", "coordinates": [-123.00360131536301, 42.45370881746662]}, "properties": {"title": "Placer - GC and E placer claim", "description": "1 source record(s) merged within 75m | src: MILO", "marker-color": "#000000", "marker-symbol": "circle"}}, {"type": "Feature", "geometry": {"type": "Point", "coordinates": [-123.0786705864176, 42.43829539365823]}, "properties": {"title": "Placer - Gold Hill placer", "description": "1 source record(s) merged within 75m | src: MILO", "marker-color": "#000000", "marker-symbol": "circle"}}, {"type": "Feature", "geometry": {"type": "Point", "coordinates": [-123.02255640083781, 42.39873871507929]}, "properties": {"title": "Placer - Kane Creek placers", "description": "1 source record(s) merged within 75m | src: MILO", "marker-color": "#000000", "marker-symbol": "circle"}}, {"type": "Feature", "geometry": {"type": "Point", "coordinates": [-123.08339577974488, 42.387628886164734]}, "properties": {"title": "Placer - Schmidt prospect", "description": "1 source record(s) merged within 75m | src: MILO", "marker-color": "#000000", "marker-symbol": "circle"}}, {"type": "Feature", "geometry": {"type": "Point", "coordinates": [-123.05700403670227, 42.38484829011069]}, "properties": {"title": "Placer - Galls Creek placers", "description": "1 source record(s) merged within 75m | src: MILO", "marker-color": "#000000", "marker-symbol": "circle"}}, {"type": "Feature", "geometry": {"type": "Point", "coordinates": [-122.98256235135311, 42.42901625787681]}, "properties": {"title": "Placer - Old Fort Lane", "description": "1 source record(s) merged within 75m | src: MILO", "marker-color": "#000000", "marker-symbol": "circle"}}, {"type": "Feature", "geometry": {"type": "Point", "coordinates": [-122.99200615766574, 42.3754090952787]}, "properties": {"title": "Placer - Bailey gold Pocket", "description": "1 source record(s) merged within 75m | src: MILO", "marker-color": "#000000", "marker-symbol": "circle"}}, {"type": "Feature", "geometry": {"type": "Point", "coordinates": [-123.17617996967728, 42.36623824231916]}, "properties": {"title": "Placer - Hancock claims", "description": "1 source record(s) merged within 75m | src: MILO", "marker-color": "#000000", "marker-symbol": "circle"}}, {"type": "Feature", "geometry": {"type": "Point", "coordinates": [-123.15422884104642, 42.33873951013093]}, "properties": {"title": "Placer - Lance placer", "description": "1 source record(s) merged within 75m | src: MILO", "marker-color": "#000000", "marker-symbol": "circle"}}, {"type": "Feature", "geometry": {"type": "Point", "coordinates": [-123.16201137872108, 42.317072331523256]}, "properties": {"title": "Placer - Glen Ditch placer", "description": "1 source record(s) merged within 75m | src: MILO", "marker-color": "#000000", "marker-symbol": "circle"}}, {"type": "Feature", "geometry": {"type": "Point", "coordinates": [-123.12234955843701, 42.370979983584974]}, "properties": {"title": "Placer - Swacker Flat", "description": "1 source record(s) merged within 75m | src: MILO", "marker-color": "#000000", "marker-symbol": "circle"}}, {"type": "Feature", "geometry": {"type": "Point", "coordinates": [-123.10395035017162, 42.314574512980094]}, "properties": {"title": "Placer - Gold Dust placer", "description": "1 source record(s) merged within 75m | src: MILO", "marker-color": "#000000", "marker-symbol": "circle"}}, {"type": "Feature", "geometry": {"type": "Point", "coordinates": [-123.0781135455851, 42.31540619595594]}, "properties": {"title": "Placer - Foots Creek placers", "description": "1 source record(s) merged within 75m | src: MILO", "marker-color": "#000000", "marker-symbol": "circle"}}, {"type": "Feature", "geometry": {"type": "Point", "coordinates": [-123.0817306553682, 42.29735168281065]}, "properties": {"title": "Placer - Black's placer", "description": "1 source record(s) merged within 75m | src: MILO", "marker-color": "#000000", "marker-symbol": "circle"}}, {"type": "Feature", "geometry": {"type": "Point", "coordinates": [-123.06839374024243, 42.29457444522618]}, "properties": {"title": "Placer - Davies placer", "description": "1 source record(s) merged within 75m | src: MILO", "marker-color": "#000000", "marker-symbol": "circle"}}, {"type": "Feature", "geometry": {"type": "Point", "coordinates": [-123.0314145270934, 42.26592340408028]}, "properties": {"title": "Placer - Forest Creek placers", "description": "1 source record(s) merged within 75m | src: MILO", "marker-color": "#000000", "marker-symbol": "circle"}}, {"type": "Feature", "geometry": {"type": "Point", "coordinates": [-122.9768977350501, 42.31647557574315]}, "properties": {"title": "Placer - Jacksonville placer 5", "description": "1 source record(s) merged within 75m | src: MILO", "marker-color": "#000000", "marker-symbol": "circle"}}, {"type": "Feature", "geometry": {"type": "Point", "coordinates": [-123.20895578739146, 42.24873853115057]}, "properties": {"title": "Placer - Layton Mine", "description": "1 source record(s) merged within 75m | src: MILO", "marker-color": "#000000", "marker-symbol": "circle"}}, {"type": "Feature", "geometry": {"type": "Point", "coordinates": [-123.18283953449792, 42.23568127245382]}, "properties": {"title": "Placer - Thompson Creek placers", "description": "1 source record(s) merged within 75m | src: MILO", "marker-color": "#000000", "marker-symbol": "circle"}}, {"type": "Feature", "geometry": {"type": "Point", "coordinates": [-122.98783028820218, 42.23652096936877]}, "properties": {"title": "Placer - Williams Dredge", "description": "1 source record(s) merged within 75m | src: MILO", "marker-color": "#000000", "marker-symbol": "circle"}}, {"type": "Feature", "geometry": {"type": "Point", "coordinates": [-122.97450142041767, 42.15596752257518]}, "properties": {"title": "Placer - Little Applegate placers", "description": "1 source record(s) merged within 75m | src: MILO", "marker-color": "#000000", "marker-symbol": "circle"}}, {"type": "Feature", "geometry": {"type": "Point", "coordinates": [-122.95144391331013, 42.16624423834234]}, "properties": {"title": "Placer - Max claim", "description": "1 source record(s) merged within 75m | src: MILO", "marker-color": "#000000", "marker-symbol": "circle"}}, {"type": "Feature", "geometry": {"type": "Point", "coordinates": [-123.52768747110358, 42.66043505438867]}, "properties": {"title": "Placer - Goff placer", "description": "1 source record(s) merged within 75m | src: MILO", "marker-color": "#000000", "marker-symbol": "circle"}}, {"type": "Feature", "geometry": {"type": "Point", "coordinates": [-123.2572448116765, 42.679645695418934]}, "properties": {"title": "Placer - Meathead", "description": "1 source record(s) merged within 75m | src: MILO", "marker-color": "#000000", "marker-symbol": "circle"}}, {"type": "Feature", "geometry": {"type": "Point", "coordinates": [-123.50313641035248, 42.64206565100132]}, "properties": {"title": "Placer - Lower Grave Creek placers", "description": "1 source record(s) merged within 75m | src: MILO", "marker-color": "#000000", "marker-symbol": "circle"}}, {"type": "Feature", "geometry": {"type": "Point", "coordinates": [-123.59702908980137, 42.626230716919274]}, "properties": {"title": "Placer - Scandinavian-American placer", "description": "1 source record(s) merged within 75m | src: MILO", "marker-color": "#000000", "marker-symbol": "circle"}}, {"type": "Feature", "geometry": {"type": "Point", "coordinates": [-123.45672856929605, 42.64995080427965]}, "properties": {"title": "Placer - Lewis placer", "description": "1 source record(s) merged within 75m | src: MILO", "marker-color": "#000000", "marker-symbol": "circle"}}, {"type": "Feature", "geometry": {"type": "Point", "coordinates": [-123.40785863090466, 42.6356790038915]}, "properties": {"title": "Placer - Grave Creek placer", "description": "1 source record(s) merged within 75m | src: MILO", "marker-color": "#000000", "marker-symbol": "circle"}}, {"type": "Feature", "geometry": {"type": "Point", "coordinates": [-123.31618848311302, 42.64429065516738]}, "properties": {"title": "Placer - Columbia", "description": "1 source record(s) merged within 75m | src: MILO", "marker-color": "#000000", "marker-symbol": "circle"}}, {"type": "Feature", "geometry": {"type": "Point", "coordinates": [-123.64828769987695, 42.59113306017542]}, "properties": {"title": "Placer - gold placer", "description": "1 source record(s) merged within 75m | src: MILO", "marker-color": "#000000", "marker-symbol": "circle"}}, {"type": "Feature", "geometry": {"type": "Point", "coordinates": [-123.63508388652681, 42.540673934077624]}, "properties": {"title": "Placer - Fowler Group", "description": "1 source record(s) merged within 75m | src: MILO", "marker-color": "#000000", "marker-symbol": "circle"}}, {"type": "Feature", "geometry": {"type": "Point", "coordinates": [-123.58036473353452, 42.60484140160423]}, "properties": {"title": "Placer - Rand placer", "description": "1 source record(s) merged within 75m | src: MILO", "marker-color": "#000000", "marker-symbol": "circle"}}, {"type": "Feature", "geometry": {"type": "Point", "coordinates": [-123.60674917272479, 42.58678610741552]}, "properties": {"title": "Placer - gold prospect", "description": "1 source record(s) merged within 75m | src: MILO", "marker-color": "#000000", "marker-symbol": "circle"}}, {"type": "Feature", "geometry": {"type": "Point", "coordinates": [-123.59869864077336, 42.57178635006294]}, "properties": {"title": "Placer - Sordy placer", "description": "1 source record(s) merged within 75m | src: MILO", "marker-color": "#000000", "marker-symbol": "circle"}}, {"type": "Feature", "geometry": {"type": "Point", "coordinates": [-123.60452867998367, 42.56400830547376]}, "properties": {"title": "Placer - J D placer", "description": "1 source record(s) merged within 75m | src: MILO", "marker-color": "#000000", "marker-symbol": "circle"}}, {"type": "Feature", "geometry": {"type": "Point", "coordinates": [-123.54258164058321, 42.5559518243352]}, "properties": {"title": "Placer - Stratton Creek placer", "description": "1 source record(s) merged within 75m | src: MILO", "marker-color": "#000000", "marker-symbol": "circle"}}, {"type": "Feature", "geometry": {"type": "Point", "coordinates": [-123.50647054096916, 42.53956487096125]}, "properties": {"title": "Placer - Hellgate placer", "description": "1 source record(s) merged within 75m | src: MILO", "marker-color": "#000000", "marker-symbol": "circle"}}, {"type": "Feature", "geometry": {"type": "Point", "coordinates": [-123.44007785577107, 42.61984256217154]}, "properties": {"title": "Placer - Stovepipe Mine", "description": "1 source record(s) merged within 75m | src: MILO", "marker-color": "#000000", "marker-symbol": "circle"}}, {"type": "Feature", "geometry": {"type": "Point", "coordinates": [-123.2539612297449, 42.595680824379144]}, "properties": {"title": "Placer - Chapin", "description": "1 source record(s) merged within 75m | src: MILO", "marker-color": "#000000", "marker-symbol": "circle"}}, {"type": "Feature", "geometry": {"type": "Point", "coordinates": [-123.31979654144837, 42.57262260121179]}, "properties": {"title": "Placer - Swastika Mining Co.", "description": "1 source record(s) merged within 75m | src: MILO", "marker-color": "#000000", "marker-symbol": "circle"}}, {"type": "Feature", "geometry": {"type": "Point", "coordinates": [-123.48909952101926, 42.4974034370634]}, "properties": {"title": "Placer - Big Four placer", "description": "1 source record(s) merged within 75m | src: MILO", "marker-color": "#000000", "marker-symbol": "circle"}}, {"type": "Feature", "geometry": {"type": "Point", "coordinates": [-123.50088516213057, 42.477726620413314]}, "properties": {"title": "Placer - Flanagan", "description": "1 source record(s) merged within 75m | src: MILO", "marker-color": "#000000", "marker-symbol": "circle"}}, {"type": "Feature", "geometry": {"type": "Point", "coordinates": [-123.27005422400964, 42.48457568872335]}, "properties": {"title": "Placer - Granite Hill placer", "description": "1 source record(s) merged within 75m | src: MILO", "marker-color": "#000000", "marker-symbol": "circle"}}, {"type": "Feature", "geometry": {"type": "Point", "coordinates": [-123.27146264890136, 42.48818145408683]}, "properties": {"title": "Placer - Red Jacket Mine", "description": "1 source record(s) merged within 75m | src: MILO", "marker-color": "#000000", "marker-symbol": "circle"}}, {"type": "Feature", "geometry": {"type": "Point", "coordinates": [-123.28034771085429, 42.33679148553141]}, "properties": {"title": "Placer - Oscar Creek placer", "description": "1 source record(s) merged within 75m | src: MILO", "marker-color": "#000000", "marker-symbol": "circle"}}, {"type": "Feature", "geometry": {"type": "Point", "coordinates": [-123.24395422176497, 42.31901545189427]}, "properties": {"title": "Placer - Murphy placer", "description": "1 source record(s) merged within 75m | src: MILO", "marker-color": "#000000", "marker-symbol": "circle"}}, {"type": "Feature", "geometry": {"type": "Point", "coordinates": [-123.29118133328069, 42.245680519318235]}, "properties": {"title": "Placer - Horsehead placer", "description": "1 source record(s) merged within 75m | src: MILO", "marker-color": "#000000", "marker-symbol": "circle"}}, {"type": "Feature", "geometry": {"type": "Point", "coordinates": [-123.63480719312363, 42.578450817173284]}, "properties": {"title": "Placer - gold prospect", "description": "1 source record(s) merged within 75m | src: MILO", "marker-color": "#000000", "marker-symbol": "circle"}}, {"type": "Feature", "geometry": {"type": "Point", "coordinates": [-123.14037532658756, 42.38204869466151]}, "properties": {"title": "Placer - Bishop and Sturtevant Dredge", "description": "1 source record(s) merged within 75m | src: MILO", "marker-color": "#000000", "marker-symbol": "circle"}}, {"type": "Feature", "geometry": {"type": "Point", "coordinates": [-123.14037608391172, 42.37984889450692]}, "properties": {"title": "Placer - Rogue River gold Mining Co.", "description": "1 source record(s) merged within 75m | src: MILO", "marker-color": "#000000", "marker-symbol": "circle"}}, {"type": "Feature", "geometry": {"type": "Point", "coordinates": [-123.11947602230232, 42.45374891986264]}, "properties": {"title": "Placer - Duncan and Williams Washing Plant", "description": "1 source record(s) merged within 75m | src: MILO", "marker-color": "#000000", "marker-symbol": "circle"}}, {"type": "Feature", "geometry": {"type": "Point", "coordinates": [-123.19727682023473, 42.31014824028638]}, "properties": {"title": "Placer - Orth Placer", "description": "1 source record(s) merged within 75m | src: MILO", "marker-color": "#000000", "marker-symbol": "circle"}}, {"type": "Feature", "geometry": {"type": "Point", "coordinates": [-123.15557496016652, 42.2526499148984]}, "properties": {"title": "Placer - Kubli Ranch", "description": "1 source record(s) merged within 75m | src: MILO", "marker-color": "#000000", "marker-symbol": "circle"}}, {"type": "Feature", "geometry": {"type": "Point", "coordinates": [-123.02950003009404, 42.33207177225504]}, "properties": {"title": "Placer - Norling", "description": "1 source record(s) merged within 75m | src: MILO", "marker-color": "#000000", "marker-symbol": "circle"}}, {"type": "Feature", "geometry": {"type": "Point", "coordinates": [-123.04676925499996, 42.283451804149394]}, "properties": {"title": "Placer - Christine-Dobbins Placer", "description": "1 source record(s) merged within 75m | src: MILO", "marker-color": "#000000", "marker-symbol": "circle"}}, {"type": "Feature", "geometry": {"type": "Point", "coordinates": [-123.01756750675241, 42.274251619179054]}, "properties": {"title": "Placer - Pearce Mine", "description": "1 source record(s) merged within 75m | src: MILO", "marker-color": "#000000", "marker-symbol": "circle"}}, {"type": "Feature", "geometry": {"type": "Point", "coordinates": [-123.03256948194033, 42.281551829523906]}, "properties": {"title": "Placer - Forest Creek Placers", "description": "1 source record(s) merged within 75m | src: MILO", "marker-color": "#000000", "marker-symbol": "circle"}}, {"type": "Feature", "geometry": {"type": "Point", "coordinates": [-122.98896749826073, 42.30205221881678]}, "properties": {"title": "Placer - Sprague Placer", "description": "1 source record(s) merged within 75m | src: MILO", "marker-color": "#000000", "marker-symbol": "circle"}}, {"type": "Feature", "geometry": {"type": "Point", "coordinates": [-122.88866339053112, 42.16155564290601]}, "properties": {"title": "Placer - Merrick Mine", "description": "1 source record(s) merged within 75m | src: MILO", "marker-color": "#000000", "marker-symbol": "circle"}}, {"type": "Feature", "geometry": {"type": "Point", "coordinates": [-123.34678191014997, 42.15294647837446]}, "properties": {"title": "Placer - Iron Mine", "description": "1 source record(s) merged within 75m | src: MILO", "marker-color": "#000000", "marker-symbol": "circle"}}, {"type": "Feature", "geometry": {"type": "Point", "coordinates": [-123.01028659705626, 42.44762883030613]}, "properties": {"title": "Adit - Gold Hill", "description": "13 source record(s) merged within 75m | src: MILO, USMIN", "marker-color": "#000000", "marker-symbol": "circle"}}, {"type": "Feature", "geometry": {"type": "Point", "coordinates": [-123.22914470812073, 42.67259992214329]}, "properties": {"title": "Shaft - King Mountain", "description": "13 source record(s) merged within 75m | src: MILO, USMIN", "marker-color": "#000000", "marker-symbol": "circle"}}, {"type": "Feature", "geometry": {"type": "Point", "coordinates": [-123.1015747435639, 42.35536123340348]}, "properties": {"title": "Adit - Mt. Isabelle", "description": "10 source record(s) merged within 75m | src: MILO, USMIN", "marker-color": "#000000", "marker-symbol": "circle"}}, {"type": "Feature", "geometry": {"type": "Point", "coordinates": [-123.2039442165859, 42.69625252729637]}, "properties": {"title": "Shaft - King Mountain", "description": "9 source record(s) merged within 75m | src: MILO, USMIN", "marker-color": "#000000", "marker-symbol": "circle"}}, {"type": "Feature", "geometry": {"type": "Point", "coordinates": [-123.63897488799947, 42.66472986994321]}, "properties": {"title": "Adit - Bunker Creek", "description": "9 source record(s) merged within 75m | src: MILO, USMIN", "marker-color": "#000000", "marker-symbol": "circle"}}, {"type": "Feature", "geometry": {"type": "Point", "coordinates": [-123.1530740274356, 42.27380242169812]}, "properties": {"title": "Shaft - Applegate", "description": "9 source record(s) merged within 75m | src: MILO, USMIN", "marker-color": "#000000", "marker-symbol": "circle"}}, {"type": "Feature", "geometry": {"type": "Point", "coordinates": [-123.39536145903867, 42.61978640065623]}, "properties": {"title": "Adit - Merlin", "description": "9 source record(s) merged within 75m | src: MILO, USMIN", "marker-color": "#000000", "marker-symbol": "circle"}}, {"type": "Feature", "geometry": {"type": "Point", "coordinates": [-123.21420838691225, 42.3519525261328]}, "properties": {"title": "Adit - Applegate", "description": "8 source record(s) merged within 75m | src: MILO, USMIN", "marker-color": "#000000", "marker-symbol": "circle"}}, {"type": "Feature", "geometry": {"type": "Point", "coordinates": [-123.09826837869807, 42.29107443342125]}, "properties": {"title": "Adit - Mt. Isabelle", "description": "8 source record(s) merged within 75m | src: MILO, USMIN", "marker-color": "#000000", "marker-symbol": "circle"}}, {"type": "Feature", "geometry": {"type": "Point", "coordinates": [-123.30490798940185, 42.6789410915306]}, "properties": {"title": "Shaft - Golden", "description": "7 source record(s) merged within 75m | src: MILO, USMIN", "marker-color": "#000000", "marker-symbol": "circle"}}, {"type": "Feature", "geometry": {"type": "Point", "coordinates": [-123.27841960932476, 42.69949964008904]}, "properties": {"title": "Adit - Golden", "description": "7 source record(s) merged within 75m | src: MILO, USMIN", "marker-color": "#000000", "marker-symbol": "circle"}}, {"type": "Feature", "geometry": {"type": "Point", "coordinates": [-123.20515937369247, 42.696195370372095]}, "properties": {"title": "Adit - King Mountain", "description": "6 source record(s) merged within 75m | src: MILO, USMIN", "marker-color": "#000000", "marker-symbol": "circle"}}, {"type": "Feature", "geometry": {"type": "Point", "coordinates": [-123.61217830005548, 42.676691897212805]}, "properties": {"title": "Adit - Mount Reuben", "description": "6 source record(s) merged within 75m | src: MILO, USMIN", "marker-color": "#000000", "marker-symbol": "circle"}}, {"type": "Feature", "geometry": {"type": "Point", "coordinates": [-123.64047363156186, 42.55995879010664]}, "properties": {"title": "Adit - Mount Peavine", "description": "6 source record(s) merged within 75m | src: MILO, USMIN", "marker-color": "#000000", "marker-symbol": "circle"}}, {"type": "Feature", "geometry": {"type": "Point", "coordinates": [-123.09018694260766, 42.501149084800765]}, "properties": {"title": "Shaft - Mc Conville Peak", "description": "6 source record(s) merged within 75m | src: MILO, USMIN", "marker-color": "#000000", "marker-symbol": "circle"}}, {"type": "Feature", "geometry": {"type": "Point", "coordinates": [-123.08465965416404, 42.381331589551195]}, "properties": {"title": "Shaft - Gold Hill", "description": "6 source record(s) merged within 75m | src: MILO, USMIN", "marker-color": "#000000", "marker-symbol": "circle"}}, {"type": "Feature", "geometry": {"type": "Point", "coordinates": [-123.27382537553474, 42.693914094478714]}, "properties": {"title": "Adit - Golden", "description": "6 source record(s) merged within 75m | src: MILO, USMIN", "marker-color": "#000000", "marker-symbol": "circle"}}, {"type": "Feature", "geometry": {"type": "Point", "coordinates": [-123.3126582542439, 42.64500004602174]}, "properties": {"title": "Adit - Golden", "description": "6 source record(s) merged within 75m | src: MILO, USMIN", "marker-color": "#000000", "marker-symbol": "circle"}}, {"type": "Feature", "geometry": {"type": "Point", "coordinates": [-123.3029739845942, 42.67558516682337]}, "properties": {"title": "Adit - Golden", "description": "6 source record(s) merged within 75m | src: MILO, MRDS, USMIN", "marker-color": "#000000", "marker-symbol": "circle"}}, {"type": "Feature", "geometry": {"type": "Point", "coordinates": [-123.39400439476763, 42.620324620363036]}, "properties": {"title": "Adit - Glendale", "description": "6 source record(s) merged within 75m | src: MILO, USMIN", "marker-color": "#000000", "marker-symbol": "circle"}}, {"type": "Feature", "geometry": {"type": "Point", "coordinates": [-123.60666322203512, 42.691078451992084]}, "properties": {"title": "Adit - Mount Reuben", "description": "5 source record(s) merged within 75m | src: MILO, USMIN", "marker-color": "#000000", "marker-symbol": "circle"}}, {"type": "Feature", "geometry": {"type": "Point", "coordinates": [-122.98947420719644, 42.426082791120486]}, "properties": {"title": "Shaft - Sams Valley", "description": "5 source record(s) merged within 75m | src: MILO, USMIN", "marker-color": "#000000", "marker-symbol": "circle"}}, {"type": "Feature", "geometry": {"type": "Point", "coordinates": [-122.9962474941178, 42.40320352355876]}, "properties": {"title": "Shaft - Sams Valley", "description": "5 source record(s) merged within 75m | src: MILO, USMIN", "marker-color": "#000000", "marker-symbol": "circle"}}, {"type": "Feature", "geometry": {"type": "Point", "coordinates": [-123.21975634572067, 42.35449048903563]}, "properties": {"title": "SCOUT 1 - Placer bench", "description": "prospect (placer (heuristic: surface workings)) | agency: BLM | 51m to stream | cluster: 6 nearby | src: MILO", "marker-color": "#ff3300", "marker-symbol": "circle"}}, {"type": "Feature", "geometry": {"type": "Point", "coordinates": [-123.21781608547035, 42.34722762346872]}, "properties": {"title": "SCOUT 2 - Placer bench", "description": "prospect (placer (heuristic: surface workings)) | agency: BLM | 0m to stream | cluster: 3 nearby | src: MILO", "marker-color": "#ff3300", "marker-symbol": "circle"}}, {"type": "Feature", "geometry": {"type": "Point", "coordinates": [-123.62536449228637, 42.551506628302214]}, "properties": {"title": "SCOUT 3 - Placer bench", "description": "Liepold placer (placer) | agency: BLM | 8m to stream | cluster: 2 nearby | src: MILO", "marker-color": "#ff3300", "marker-symbol": "circle"}}, {"type": "Feature", "geometry": {"type": "Point", "coordinates": [-123.59702908980137, 42.626230716919274]}, "properties": {"title": "SCOUT 4 - Placer bench", "description": "Scandinavian-American placer (placer) | agency: BLM | 19m to stream | cluster: 1 nearby | src: MILO", "marker-color": "#ff3300", "marker-symbol": "circle"}}, {"type": "Feature", "geometry": {"type": "Point", "coordinates": [-123.5223430267163, 42.65751348727447]}, "properties": {"title": "SCOUT 5 - Placer bench", "description": "Vindicator placer (placer) | agency: BLM | 30m to stream | cluster: 1 nearby | src: MILO", "marker-color": "#ff3300", "marker-symbol": "circle"}}, {"type": "Feature", "geometry": {"type": "Point", "coordinates": [-123.59869864077336, 42.57178635006294]}, "properties": {"title": "SCOUT 6 - Placer bench", "description": "Sordy placer (placer) | agency: BLM | 2m to stream | cluster: 0 nearby | src: MILO", "marker-color": "#ff3300", "marker-symbol": "circle"}}, {"type": "Feature", "geometry": {"type": "Point", "coordinates": [-123.50647054096916, 42.53956487096125]}, "properties": {"title": "SCOUT 7 - Placer bench", "description": "Hellgate placer (placer) | agency: BLM | 34m to stream | cluster: 0 nearby | src: MILO", "marker-color": "#ff3300", "marker-symbol": "circle"}}, {"type": "Feature", "geometry": {"type": "Point", "coordinates": [-123.17617996967728, 42.36623824231916]}, "properties": {"title": "SCOUT 8 - Placer bench", "description": "Hancock claims (placer (heuristic: surface workings)) | agency: BLM | 45m to stream | cluster: 0 nearby | src: MILO", "marker-color": "#ff3300", "marker-symbol": "circle"}}, {"type": "Feature", "geometry": {"type": "Point", "coordinates": [-123.2539612297449, 42.595680824379144]}, "properties": {"title": "SCOUT 9 - Placer bench", "description": "Chapin (placer (heuristic: surface workings)) | agency: BLM | 46m to stream | cluster: 0 nearby | src: MILO", "marker-color": "#ff3300", "marker-symbol": "circle"}}, {"type": "Feature", "geometry": {"type": "Point", "coordinates": [-123.54258164058321, 42.5559518243352]}, "properties": {"title": "SCOUT 10 - Placer bench", "description": "Stratton Creek placer (placer) | agency: BLM | 59m to stream | cluster: 0 nearby | src: MILO", "marker-color": "#ff3300", "marker-symbol": "circle"}}]}