<?xml version="1.0" encoding="UTF-8"?>
<gpx xmlns:xsi="http://www.w3.org/2001/XMLSchema-instance" xmlns="http://www.topografix.com/GPX/1/1" xmlns:onx="http://www.onxmaps.com" xsi:schemaLocation="http://www.topografix.com/GPX/1/1 http://www.topografix.com/GPX/1/1/gpx.xsd" version="1.1" creator="onXmaps hunt ios"><rte><name>AFTER THOUGHT MINE</name><type>Area</type><extensions><onx:style>dot</onx:style><onx:weight>4.0</onx:weight><onx:color>rgba(255, 51, 0, 1)</onx:color></extensions><rtept lat="42.229692" lon="-123.160461"></rtept><rtept lat="42.233226" lon="-123.160631"></rtept><rtept lat="42.236759" lon="-123.160800"></rtept><rtept lat="42.236849" lon="-123.156161"></rtept><rtept lat="42.236939" lon="-123.151523"></rtept><rtept lat="42.233337" lon="-123.151386"></rtept><rtept lat="42.229734" lon="-123.151250"></rtept><rtept lat="42.229713" lon="-123.155855"></rtept><rtept lat="42.229692" lon="-123.160461"></rtept></rte><rte><name>Lucky Antler</name><type>Area</type><extensions><onx:style>dot</onx:style><onx:weight>4.0</onx:weight><onx:color>rgba(255, 51, 0, 1)</onx:color></extensions><rtept lat="42.447104" lon="-123.602239"></rtept><rtept lat="42.450747" lon="-123.602240"></rtept><rtept lat="42.454390" lon="-123.602240"></rtept><rtept lat="42.454398" lon="-123.597376"></rtept><rtept lat="42.454407" lon="-123.592511"></rtept><rtept lat="42.450767" lon="-123.592504"></rtept><rtept lat="42.447128" lon="-123.592497"></rtept><rtept lat="42.447116" lon="-123.597368"></rtept><rtept lat="42.447104" lon="-123.602239"></rtept></rte><rte><name>Hornet Hill Mine</name><type>Area</type><extensions><onx:style>dot</onx:style><onx:weight>4.0</onx:weight><onx:color>rgba(255, 51, 0, 1)</onx:color></extensions><rtept lat="42.491018" lon="-123.043060"></rtept><rtept lat="42.494662" lon="-123.043077"></rtept><rtept lat="42.498305" lon="-123.043093"></rtept><rtept lat="42.498355" lon="-123.038218"></rtept><rtept lat="42.498406" lon="-123.033342"></rtept><rtept lat="42.494821" lon="-123.033336"></rtept><rtept lat="42.491236" lon="-123.033330"></rtept><rtept lat="42.491127" lon="-123.038195"></rtept><rtept lat="42.491018" lon="-123.043060"></rtept></rte><rte><name>Sterling Quartz</name><type>Area</type><extensions><onx:style>dot</onx:style><onx:weight>4.0</onx:weight><onx:color>rgba(255, 51, 0, 1)</onx:color></extensions><rtept lat="42.229054" lon="-122.953943"></rtept><rtept lat="42.232690" lon="-122.954009"></rtept><rtept lat="42.236327" lon="-122.954074"></rtept><rtept lat="42.239984" lon="-122.954082"></rtept><rtept lat="42.243642" lon="-122.954090"></rtept><rtept lat="42.243713" lon="-122.949122"></rtept><rtept lat="42.243784" lon="-122.944153"></rtept><rtept lat="42.243846" lon="-122.939095"></rtept><rtept lat="42.243908" lon="-122.934037"></rtept><rtept lat="42.240203" lon="-122.934114"></rtept><rtept lat="42.236499" lon="-122.934192"></rtept><rtept lat="42.232854" lon="-122.934170"></rtept><rtept lat="42.229209" lon="-122.934147"></rtept><rtept lat="42.229170" lon="-122.939112"></rtept><rtept lat="42.229130" lon="-122.944077"></rtept><rtept lat="42.229114" lon="-122.946297"></rtept><rtept lat="42.229099" lon="-122.948514"></rtept><rtept lat="42.229095" lon="-122.949011"></rtept><rtept lat="42.229054" lon="-122.953943"></rtept></rte><rte><name>APEX MINE "Snow Bird"</name><type>Area</type><extensions><onx:style>dot</onx:style><onx:weight>4.0</onx:weight><onx:color>rgba(255, 51, 0, 1)</onx:color></extensions><rtept lat="42.258454" lon="-123.318400"></rtept><rtept lat="42.258490" lon="-123.313540"></rtept><rtept lat="42.258529" lon="-123.308425"></rtept><rtept lat="42.254848" lon="-123.308360"></rtept><rtept lat="42.251167" lon="-123.308295"></rtept><rtept lat="42.251148" lon="-123.313370"></rtept><rtept lat="42.251130" lon="-123.318315"></rtept><rtept lat="42.254792" lon="-123.318358"></rtept><rtept lat="42.258454" lon="-123.318400"></rtept></rte><rte><name>Blacksmith 1</name><type>Area</type><extensions><onx:style>dot</onx:style><onx:weight>4.0</onx:weight><onx:color>rgba(255, 51, 0, 1)</onx:color></extensions><rtept lat="42.199759" lon="-123.087337"></rtept><rtept lat="42.199740" lon="-123.092191"></rtept><rtept lat="42.203358" lon="-123.092183"></rtept><rtept lat="42.206977" lon="-123.092176"></rtept><rtept lat="42.210595" lon="-123.092166"></rtept><rtept lat="42.214987" lon="-123.092155"></rtept><rtept lat="42.214897" lon="-123.087456"></rtept><rtept lat="42.214893" lon="-123.087255"></rtept><rtept lat="42.214801" lon="-123.082487"></rtept><rtept lat="42.214798" lon="-123.082353"></rtept><rtept lat="42.214728" lon="-123.077636"></rtept><rtept lat="42.214727" lon="-123.077569"></rtept><rtept lat="42.214655" lon="-123.072772"></rtept><rtept lat="42.212769" lon="-123.072758"></rtept><rtept lat="42.210882" lon="-123.072745"></rtept><rtept lat="42.210637" lon="-123.072743"></rtept><rtept lat="42.207229" lon="-123.072722"></rtept><rtept lat="42.207100" lon="-123.072715"></rtept><rtept lat="42.203560" lon="-123.072687"></rtept><rtept lat="42.203458" lon="-123.072687"></rtept><rtept lat="42.199891" lon="-123.072658"></rtept><rtept lat="42.199817" lon="-123.072657"></rtept><rtept lat="42.199798" lon="-123.077569"></rtept><rtept lat="42.199778" lon="-123.082482"></rtept><rtept lat="42.199759" lon="-123.087337"></rtept></rte><rte><name>Blacksmith 2</name><type>Area</type><extensions><onx:style>dot</onx:style><onx:weight>4.0</onx:weight><onx:color>rgba(255, 51, 0, 1)</onx:color></extensions><rtept lat="42.206977" lon="-123.092176"></rtept><rtept lat="42.207008" lon="-123.087298"></rtept><rtept lat="42.207039" lon="-123.082420"></rtept><rtept lat="42.203408" lon="-123.082451"></rtept><rtept lat="42.199778" lon="-123.082482"></rtept><rtept lat="42.199759" lon="-123.087337"></rtept><rtept lat="42.199740" lon="-123.092191"></rtept><rtept lat="42.203358" lon="-123.092183"></rtept><rtept lat="42.206977" lon="-123.092176"></rtept></rte><rte><name>Blacksmith 3</name><type>Area</type><extensions><onx:style>dot</onx:style><onx:weight>4.0</onx:weight><onx:color>rgba(255, 51, 0, 1)</onx:color></extensions><rtept lat="42.199759" lon="-123.087337"></rtept><rtept lat="42.199740" lon="-123.092191"></rtept><rtept lat="42.203358" lon="-123.092183"></rtept><rtept lat="42.206977" lon="-123.092176"></rtept><rtept lat="42.210595" lon="-123.092166"></rtept><rtept lat="42.214987" lon="-123.092155"></rtept><rtept lat="42.214897" lon="-123.087456"></rtept><rtept lat="42.214893" lon="-123.087255"></rtept><rtept lat="42.214801" lon="-123.082487"></rtept><rtept lat="42.214798" lon="-123.082353"></rtept><rtept lat="42.214728" lon="-123.077636"></rtept><rtept lat="42.214727" lon="-123.077569"></rtept><rtept lat="42.214655" lon="-123.072772"></rtept><rtept lat="42.212769" lon="-123.072758"></rtept><rtept lat="42.210882" lon="-123.072745"></rtept><rtept lat="42.210637" lon="-123.072743"></rtept><rtept lat="42.207229" lon="-123.072722"></rtept><rtept lat="42.207100" lon="-123.072715"></rtept><rtept lat="42.203560" lon="-123.072687"></rtept><rtept lat="42.203458" lon="-123.072687"></rtept><rtept lat="42.199891" lon="-123.072658"></rtept><rtept lat="42.199817" lon="-123.072657"></rtept><rtept lat="42.199798" lon="-123.077569"></rtept><rtept lat="42.199778" lon="-123.082482"></rtept><rtept lat="42.199759" lon="-123.087337"></rtept></rte><rte><name>Golden Star Dust</name><type>Area</type><extensions><onx:style>dot</onx:style><onx:weight>4.0</onx:weight><onx:color>rgba(255, 51, 0, 1)</onx:color></extensions><rtept lat="42.150129" lon="-123.181296"></rtept><rtept lat="42.150132" lon="-123.176493"></rtept><rtept lat="42.150134" lon="-123.171689"></rtept><rtept lat="42.150000" lon="-123.171689"></rtept><rtept lat="42.150000" lon="-123.181295"></rtept><rtept lat="42.150129" lon="-123.181296"></rtept></rte><rte><name>Not Even Once</name><type>Area</type><extensions><onx:style>dot</onx:style><onx:weight>4.0</onx:weight><onx:color>rgba(255, 51, 0, 1)</onx:color></extensions><rtept lat="42.535030" lon="-123.641734"></rtept><rtept lat="42.538067" lon="-123.641748"></rtept><rtept lat="42.538659" lon="-123.641751"></rtept><rtept lat="42.542288" lon="-123.641768"></rtept><rtept lat="42.544989" lon="-123.641783"></rtept><rtept lat="42.545912" lon="-123.641788"></rtept><rtept lat="42.549537" lon="-123.641808"></rtept><rtept lat="42.549552" lon="-123.638346"></rtept><rtept lat="42.549559" lon="-123.636880"></rtept><rtept lat="42.549581" lon="-123.631952"></rtept><rtept lat="42.549583" lon="-123.631394"></rtept><rtept lat="42.549596" lon="-123.628659"></rtept><rtept lat="42.549596" lon="-123.628623"></rtept><rtept lat="42.549603" lon="-123.627024"></rtept><rtept lat="42.549608" lon="-123.625875"></rtept><rtept lat="42.549608" lon="-123.625842"></rtept><rtept lat="42.549625" lon="-123.622195"></rtept><rtept lat="42.549625" lon="-123.622096"></rtept><rtept lat="42.545825" lon="-123.622184"></rtept><rtept lat="42.542317" lon="-123.622117"></rtept><rtept lat="42.538663" lon="-123.622127"></rtept><rtept lat="42.535009" lon="-123.622138"></rtept><rtept lat="42.535014" lon="-123.627037"></rtept><rtept lat="42.535020" lon="-123.631936"></rtept><rtept lat="42.535025" lon="-123.636835"></rtept><rtept lat="42.535030" lon="-123.641734"></rtept></rte><rte><name>Golden Eagle Mine</name><type>Area</type><extensions><onx:style>dot</onx:style><onx:weight>4.0</onx:weight><onx:color>rgba(255, 51, 0, 1)</onx:color></extensions><rtept lat="42.214825" lon="-123.176676"></rtept><rtept lat="42.218512" lon="-123.176247"></rtept><rtept lat="42.218563" lon="-123.171207"></rtept><rtept lat="42.214840" lon="-123.171906"></rtept><rtept lat="42.214825" lon="-123.176676"></rtept></rte><rte><name>El Senora 1</name><type>Area</type><extensions><onx:style>dot</onx:style><onx:weight>4.0</onx:weight><onx:color>rgba(255, 51, 0, 1)</onx:color></extensions><rtept lat="42.222369" lon="-123.160728"></rtept><rtept lat="42.222298" lon="-123.165624"></rtept><rtept lat="42.225953" lon="-123.165502"></rtept><rtept lat="42.225981" lon="-123.160596"></rtept><rtept lat="42.224175" lon="-123.160662"></rtept><rtept lat="42.222369" lon="-123.160728"></rtept></rte><rte><name>El Senora 2</name><type>Area</type><extensions><onx:style>dot</onx:style><onx:weight>4.0</onx:weight><onx:color>rgba(255, 51, 0, 1)</onx:color></extensions><rtept lat="42.222369" lon="-123.160728"></rtept><rtept lat="42.224175" lon="-123.160662"></rtept><rtept lat="42.224209" lon="-123.158351"></rtept><rtept lat="42.222402" lon="-123.158414"></rtept><rtept lat="42.222369" lon="-123.160728"></rtept></rte><rte><name>El Senora Quartz</name><type>Area</type><extensions><onx:style>dot</onx:style><onx:weight>4.0</onx:weight><onx:color>rgba(255, 51, 0, 1)</onx:color></extensions><rtept lat="42.214781" lon="-123.190983"></rtept><rtept lat="42.218393" lon="-123.190863"></rtept><rtept lat="42.222004" lon="-123.190744"></rtept><rtept lat="42.225615" lon="-123.190624"></rtept><rtept lat="42.229226" lon="-123.190505"></rtept><rtept lat="42.229234" lon="-123.188081"></rtept><rtept lat="42.229241" lon="-123.185657"></rtept><rtept lat="42.229249" lon="-123.180810"></rtept><rtept lat="42.229296" lon="-123.179496"></rtept><rtept lat="42.229342" lon="-123.178181"></rtept><rtept lat="42.229389" lon="-123.176867"></rtept><rtept lat="42.229435" lon="-123.175552"></rtept><rtept lat="42.229528" lon="-123.172923"></rtept><rtept lat="42.229621" lon="-123.170294"></rtept><rtept lat="42.227773" lon="-123.170350"></rtept><rtept lat="42.225924" lon="-123.170407"></rtept><rtept lat="42.224076" lon="-123.170463"></rtept><rtept lat="42.222227" lon="-123.170519"></rtept><rtept lat="42.218640" lon="-123.171193"></rtept><rtept lat="42.218563" lon="-123.171207"></rtept><rtept lat="42.214840" lon="-123.171906"></rtept><rtept lat="42.214825" lon="-123.176676"></rtept><rtept lat="42.214811" lon="-123.181445"></rtept><rtept lat="42.214796" lon="-123.186214"></rtept><rtept lat="42.214781" lon="-123.190983"></rtept></rte><rte><name>Lyman South</name><type>Area</type><extensions><onx:style>dot</onx:style><onx:weight>4.0</onx:weight><onx:color>rgba(255, 51, 0, 1)</onx:color></extensions><rtept lat="42.447623" lon="-123.013460"></rtept><rtept lat="42.447634" lon="-123.018366"></rtept><rtept lat="42.447646" lon="-123.023272"></rtept><rtept lat="42.447657" lon="-123.028178"></rtept><rtept lat="42.447668" lon="-123.033083"></rtept><rtept lat="42.451309" lon="-123.033077"></rtept><rtept lat="42.453858" lon="-123.033072"></rtept><rtept lat="42.454577" lon="-123.033071"></rtept><rtept lat="42.454950" lon="-123.033070"></rtept><rtept lat="42.455772" lon="-123.033069"></rtept><rtept lat="42.455778" lon="-123.033069"></rtept><rtept lat="42.457682" lon="-123.033066"></rtept><rtept lat="42.458593" lon="-123.033065"></rtept><rtept lat="42.462236" lon="-123.033060"></rtept><rtept lat="42.462235" lon="-123.028177"></rtept><rtept lat="42.462235" lon="-123.025735"></rtept><rtept lat="42.462235" lon="-123.023294"></rtept><rtept lat="42.462203" lon="-123.018377"></rtept><rtept lat="42.462174" lon="-123.014029"></rtept><rtept lat="42.462171" lon="-123.013460"></rtept><rtept lat="42.461808" lon="-123.013463"></rtept><rtept lat="42.460355" lon="-123.013475"></rtept><rtept lat="42.458540" lon="-123.013489"></rtept><rtept lat="42.454909" lon="-123.013518"></rtept><rtept lat="42.451266" lon="-123.013489"></rtept><rtept lat="42.447623" lon="-123.013460"></rtept></rte><rte><name>New_Sham_W_21</name><type>Area</type><extensions><onx:style>dot</onx:style><onx:weight>4.0</onx:weight><onx:color>rgba(255, 51, 0, 1)</onx:color></extensions><rtept lat="42.600027" lon="-122.984536"></rtept><rtept lat="42.603645" lon="-122.984548"></rtept><rtept lat="42.607263" lon="-122.984560"></rtept><rtept lat="42.607263" lon="-122.984557"></rtept><rtept lat="42.607360" lon="-122.979620"></rtept><rtept lat="42.607456" lon="-122.974680"></rtept><rtept lat="42.607453" lon="-122.974680"></rtept><rtept lat="42.603805" lon="-122.974616"></rtept><rtept lat="42.600143" lon="-122.974548"></rtept><rtept lat="42.600085" lon="-122.979542"></rtept><rtept lat="42.600027" lon="-122.984536"></rtept></rte><rte><name>New_Sham_W_20</name><type>Area</type><extensions><onx:style>dot</onx:style><onx:weight>4.0</onx:weight><onx:color>rgba(255, 51, 0, 1)</onx:color></extensions><rtept lat="42.607263" lon="-122.984560"></rtept><rtept lat="42.607263" lon="-122.984557"></rtept><rtept lat="42.607360" lon="-122.979620"></rtept><rtept lat="42.607456" lon="-122.974680"></rtept><rtept lat="42.607453" lon="-122.974680"></rtept><rtept lat="42.603805" lon="-122.974616"></rtept><rtept lat="42.600143" lon="-122.974548"></rtept><rtept lat="42.600085" lon="-122.979542"></rtept><rtept lat="42.600027" lon="-122.984536"></rtept><rtept lat="42.603645" lon="-122.984548"></rtept><rtept lat="42.607263" lon="-122.984560"></rtept></rte><rte><name>New_Sham_W_19</name><type>Area</type><extensions><onx:style>dot</onx:style><onx:weight>4.0</onx:weight><onx:color>rgba(255, 51, 0, 1)</onx:color></extensions><rtept lat="42.592704" lon="-122.989438"></rtept><rtept lat="42.592757" lon="-122.994365"></rtept><rtept lat="42.592760" lon="-122.994365"></rtept><rtept lat="42.596334" lon="-122.994418"></rtept><rtept lat="42.599911" lon="-122.994471"></rtept><rtept lat="42.603481" lon="-122.994543"></rtept><rtept lat="42.607051" lon="-122.994576"></rtept><rtept lat="42.607158" lon="-122.989499"></rtept><rtept lat="42.607263" lon="-122.984560"></rtept><rtept lat="42.607263" lon="-122.984557"></rtept><rtept lat="42.607360" lon="-122.979620"></rtept><rtept lat="42.607456" lon="-122.974680"></rtept><rtept lat="42.607453" lon="-122.974680"></rtept><rtept lat="42.603805" lon="-122.974616"></rtept><rtept lat="42.600143" lon="-122.974548"></rtept><rtept lat="42.597642" lon="-122.974543"></rtept><rtept lat="42.596532" lon="-122.974542"></rtept><rtept lat="42.592922" lon="-122.974535"></rtept><rtept lat="42.592922" lon="-122.974542"></rtept><rtept lat="42.592786" lon="-122.979523"></rtept><rtept lat="42.592650" lon="-122.984511"></rtept><rtept lat="42.592704" lon="-122.989438"></rtept></rte><rte><name>New_Sham_W_18</name><type>Area</type><extensions><onx:style>dot</onx:style><onx:weight>4.0</onx:weight><onx:color>rgba(255, 51, 0, 1)</onx:color></extensions><rtept lat="42.600027" lon="-122.984536"></rtept><rtept lat="42.603645" lon="-122.984548"></rtept><rtept lat="42.607263" lon="-122.984560"></rtept><rtept lat="42.607263" lon="-122.984557"></rtept><rtept lat="42.607360" lon="-122.979620"></rtept><rtept lat="42.607456" lon="-122.974680"></rtept><rtept lat="42.607453" lon="-122.974680"></rtept><rtept lat="42.603805" lon="-122.974616"></rtept><rtept lat="42.600143" lon="-122.974548"></rtept><rtept lat="42.600085" lon="-122.979542"></rtept><rtept lat="42.600027" lon="-122.984536"></rtept></rte><rte><name>New_Sham_W_17</name><type>Area</type><extensions><onx:style>dot</onx:style><onx:weight>4.0</onx:weight><onx:color>rgba(255, 51, 0, 1)</onx:color></extensions><rtept lat="42.600027" lon="-122.984536"></rtept><rtept lat="42.603645" lon="-122.984548"></rtept><rtept lat="42.607263" lon="-122.984560"></rtept><rtept lat="42.607263" lon="-122.984557"></rtept><rtept lat="42.607360" lon="-122.979620"></rtept><rtept lat="42.607456" lon="-122.974680"></rtept><rtept lat="42.607453" lon="-122.974680"></rtept><rtept lat="42.603805" lon="-122.974616"></rtept><rtept lat="42.600143" lon="-122.974548"></rtept><rtept lat="42.600085" lon="-122.979542"></rtept><rtept lat="42.600027" lon="-122.984536"></rtept></rte><rte><name>New_Sham_W_16</name><type>Area</type><extensions><onx:style>dot</onx:style><onx:weight>4.0</onx:weight><onx:color>rgba(255, 51, 0, 1)</onx:color></extensions><rtept lat="42.592704" lon="-122.989438"></rtept><rtept lat="42.592757" lon="-122.994365"></rtept><rtept lat="42.592760" lon="-122.994365"></rtept><rtept lat="42.596334" lon="-122.994418"></rtept><rtept lat="42.599911" lon="-122.994471"></rtept><rtept lat="42.603481" lon="-122.994543"></rtept><rtept lat="42.607051" lon="-122.994576"></rtept><rtept lat="42.607158" lon="-122.989499"></rtept><rtept lat="42.607263" lon="-122.984560"></rtept><rtept lat="42.607263" lon="-122.984557"></rtept><rtept lat="42.607360" lon="-122.979620"></rtept><rtept lat="42.607456" lon="-122.974680"></rtept><rtept lat="42.607453" lon="-122.974680"></rtept><rtept lat="42.603805" lon="-122.974616"></rtept><rtept lat="42.600143" lon="-122.974548"></rtept><rtept lat="42.597642" lon="-122.974543"></rtept><rtept lat="42.596532" lon="-122.974542"></rtept><rtept lat="42.592922" lon="-122.974535"></rtept><rtept lat="42.592922" lon="-122.974542"></rtept><rtept lat="42.592786" lon="-122.979523"></rtept><rtept lat="42.592650" lon="-122.984511"></rtept><rtept lat="42.592704" lon="-122.989438"></rtept></rte><rte><name>New_Sham_W_14</name><type>Area</type><extensions><onx:style>dot</onx:style><onx:weight>4.0</onx:weight><onx:color>rgba(255, 51, 0, 1)</onx:color></extensions><rtept lat="42.592650" lon="-122.984511"></rtept><rtept lat="42.596338" lon="-122.984523"></rtept><rtept lat="42.600027" lon="-122.984536"></rtept><rtept lat="42.600085" lon="-122.979542"></rtept><rtept lat="42.600143" lon="-122.974548"></rtept><rtept lat="42.597642" lon="-122.974543"></rtept><rtept lat="42.596532" lon="-122.974542"></rtept><rtept lat="42.592922" lon="-122.974535"></rtept><rtept lat="42.592922" lon="-122.974542"></rtept><rtept lat="42.592786" lon="-122.979523"></rtept><rtept lat="42.592650" lon="-122.984511"></rtept></rte><rte><name>New_Sham_W_15</name><type>Area</type><extensions><onx:style>dot</onx:style><onx:weight>4.0</onx:weight><onx:color>rgba(255, 51, 0, 1)</onx:color></extensions><rtept lat="42.592650" lon="-122.984511"></rtept><rtept lat="42.596338" lon="-122.984523"></rtept><rtept lat="42.600027" lon="-122.984536"></rtept><rtept lat="42.600085" lon="-122.979542"></rtept><rtept lat="42.600143" lon="-122.974548"></rtept><rtept lat="42.597642" lon="-122.974543"></rtept><rtept lat="42.596532" lon="-122.974542"></rtept><rtept lat="42.592922" lon="-122.974535"></rtept><rtept lat="42.592922" lon="-122.974542"></rtept><rtept lat="42.592786" lon="-122.979523"></rtept><rtept lat="42.592650" lon="-122.984511"></rtept></rte><rte><name>New_Sham_W_13</name><type>Area</type><extensions><onx:style>dot</onx:style><onx:weight>4.0</onx:weight><onx:color>rgba(255, 51, 0, 1)</onx:color></extensions><rtept lat="42.607158" lon="-122.989499"></rtept><rtept lat="42.607263" lon="-122.984560"></rtept><rtept lat="42.603645" lon="-122.984548"></rtept><rtept lat="42.600027" lon="-122.984536"></rtept><rtept lat="42.599969" lon="-122.989469"></rtept><rtept lat="42.599911" lon="-122.994471"></rtept><rtept lat="42.603481" lon="-122.994543"></rtept><rtept lat="42.607051" lon="-122.994576"></rtept><rtept lat="42.607158" lon="-122.989499"></rtept></rte><rte><name>New_Sham_W_12</name><type>Area</type><extensions><onx:style>dot</onx:style><onx:weight>4.0</onx:weight><onx:color>rgba(255, 51, 0, 1)</onx:color></extensions><rtept lat="42.592650" lon="-122.984511"></rtept><rtept lat="42.596338" lon="-122.984523"></rtept><rtept lat="42.600027" lon="-122.984536"></rtept><rtept lat="42.600085" lon="-122.979542"></rtept><rtept lat="42.600143" lon="-122.974548"></rtept><rtept lat="42.597642" lon="-122.974543"></rtept><rtept lat="42.596532" lon="-122.974542"></rtept><rtept lat="42.592922" lon="-122.974535"></rtept><rtept lat="42.592922" lon="-122.974542"></rtept><rtept lat="42.592786" lon="-122.979523"></rtept><rtept lat="42.592650" lon="-122.984511"></rtept></rte><rte><name>New_Sham_W_11</name><type>Area</type><extensions><onx:style>dot</onx:style><onx:weight>4.0</onx:weight><onx:color>rgba(255, 51, 0, 1)</onx:color></extensions><rtept lat="42.592650" lon="-122.984511"></rtept><rtept lat="42.596338" lon="-122.984523"></rtept><rtept lat="42.600027" lon="-122.984536"></rtept><rtept lat="42.600085" lon="-122.979542"></rtept><rtept lat="42.600143" lon="-122.974548"></rtept><rtept lat="42.597642" lon="-122.974543"></rtept><rtept lat="42.596532" lon="-122.974542"></rtept><rtept lat="42.592922" lon="-122.974535"></rtept><rtept lat="42.592922" lon="-122.974542"></rtept><rtept lat="42.592786" lon="-122.979523"></rtept><rtept lat="42.592650" lon="-122.984511"></rtept></rte><rte><name>New_Sham_W_10</name><type>Area</type><extensions><onx:style>dot</onx:style><onx:weight>4.0</onx:weight><onx:color>rgba(255, 51, 0, 1)</onx:color></extensions><rtept lat="42.596334" lon="-122.994418"></rtept><rtept lat="42.599911" lon="-122.994471"></rtept><rtept lat="42.599969" lon="-122.989469"></rtept><rtept lat="42.600027" lon="-122.984536"></rtept><rtept lat="42.596338" lon="-122.984523"></rtept><rtept lat="42.592650" lon="-122.984511"></rtept><rtept lat="42.592704" lon="-122.989438"></rtept><rtept lat="42.592757" lon="-122.994365"></rtept><rtept lat="42.592760" lon="-122.994365"></rtept><rtept lat="42.596334" lon="-122.994418"></rtept></rte><rte><name>New_Sham_W_9</name><type>Area</type><extensions><onx:style>dot</onx:style><onx:weight>4.0</onx:weight><onx:color>rgba(255, 51, 0, 1)</onx:color></extensions><rtept lat="42.592650" lon="-122.984511"></rtept><rtept lat="42.596338" lon="-122.984523"></rtept><rtept lat="42.600027" lon="-122.984536"></rtept><rtept lat="42.600085" lon="-122.979542"></rtept><rtept lat="42.600143" lon="-122.974548"></rtept><rtept lat="42.597642" lon="-122.974543"></rtept><rtept lat="42.596532" lon="-122.974542"></rtept><rtept lat="42.592922" lon="-122.974535"></rtept><rtept lat="42.592922" lon="-122.974542"></rtept><rtept lat="42.592786" lon="-122.979523"></rtept><rtept lat="42.592650" lon="-122.984511"></rtept></rte><rte><name>New_Sham_W_7</name><type>Area</type><extensions><onx:style>dot</onx:style><onx:weight>4.0</onx:weight><onx:color>rgba(255, 51, 0, 1)</onx:color></extensions><rtept lat="42.596334" lon="-122.994418"></rtept><rtept lat="42.599911" lon="-122.994471"></rtept><rtept lat="42.599969" lon="-122.989469"></rtept><rtept lat="42.600027" lon="-122.984536"></rtept><rtept lat="42.596338" lon="-122.984523"></rtept><rtept lat="42.592650" lon="-122.984511"></rtept><rtept lat="42.592704" lon="-122.989438"></rtept><rtept lat="42.592757" lon="-122.994365"></rtept><rtept lat="42.592760" lon="-122.994365"></rtept><rtept lat="42.596334" lon="-122.994418"></rtept></rte><rte><name>New_Sham_W_6</name><type>Area</type><extensions><onx:style>dot</onx:style><onx:weight>4.0</onx:weight><onx:color>rgba(255, 51, 0, 1)</onx:color></extensions><rtept lat="42.592650" lon="-122.984511"></rtept><rtept lat="42.596338" lon="-122.984523"></rtept><rtept lat="42.600027" lon="-122.984536"></rtept><rtept lat="42.600085" lon="-122.979542"></rtept><rtept lat="42.600143" lon="-122.974548"></rtept><rtept lat="42.597642" lon="-122.974543"></rtept><rtept lat="42.596532" lon="-122.974542"></rtept><rtept lat="42.592922" lon="-122.974535"></rtept><rtept lat="42.592922" lon="-122.974542"></rtept><rtept lat="42.592786" lon="-122.979523"></rtept><rtept lat="42.592650" lon="-122.984511"></rtept></rte><rte><name>New_Sham_W_5</name><type>Area</type><extensions><onx:style>dot</onx:style><onx:weight>4.0</onx:weight><onx:color>rgba(255, 51, 0, 1)</onx:color></extensions><rtept lat="42.592650" lon="-122.984511"></rtept><rtept lat="42.596338" lon="-122.984523"></rtept><rtept lat="42.600027" lon="-122.984536"></rtept><rtept lat="42.600085" lon="-122.979542"></rtept><rtept lat="42.600143" lon="-122.974548"></rtept><rtept lat="42.597642" lon="-122.974543"></rtept><rtept lat="42.596532" lon="-122.974542"></rtept><rtept lat="42.592922" lon="-122.974535"></rtept><rtept lat="42.592922" lon="-122.974542"></rtept><rtept lat="42.592786" lon="-122.979523"></rtept><rtept lat="42.592650" lon="-122.984511"></rtept></rte><rte><name>New_Sham_W_4</name><type>Area</type><extensions><onx:style>dot</onx:style><onx:weight>4.0</onx:weight><onx:color>rgba(255, 51, 0, 1)</onx:color></extensions><rtept lat="42.592704" lon="-122.989438"></rtept><rtept lat="42.592757" lon="-122.994365"></rtept><rtept lat="42.592760" lon="-122.994365"></rtept><rtept lat="42.596334" lon="-122.994418"></rtept><rtept lat="42.599911" lon="-122.994471"></rtept><rtept lat="42.603481" lon="-122.994543"></rtept><rtept lat="42.607051" lon="-122.994576"></rtept><rtept lat="42.607158" lon="-122.989499"></rtept><rtept lat="42.607263" lon="-122.984560"></rtept><rtept lat="42.607263" lon="-122.984557"></rtept><rtept lat="42.607360" lon="-122.979620"></rtept><rtept lat="42.607456" lon="-122.974680"></rtept><rtept lat="42.607453" lon="-122.974680"></rtept><rtept lat="42.603805" lon="-122.974616"></rtept><rtept lat="42.600143" lon="-122.974548"></rtept><rtept lat="42.597642" lon="-122.974543"></rtept><rtept lat="42.596532" lon="-122.974542"></rtept><rtept lat="42.592922" lon="-122.974535"></rtept><rtept lat="42.592922" lon="-122.974542"></rtept><rtept lat="42.592786" lon="-122.979523"></rtept><rtept lat="42.592650" lon="-122.984511"></rtept><rtept lat="42.592704" lon="-122.989438"></rtept></rte><rte><name>New_Sham_W_8</name><type>Area</type><extensions><onx:style>dot</onx:style><onx:weight>4.0</onx:weight><onx:color>rgba(255, 51, 0, 1)</onx:color></extensions><rtept lat="42.592650" lon="-122.984511"></rtept><rtept lat="42.596338" lon="-122.984523"></rtept><rtept lat="42.600027" lon="-122.984536"></rtept><rtept lat="42.600085" lon="-122.979542"></rtept><rtept lat="42.600143" lon="-122.974548"></rtept><rtept lat="42.597642" lon="-122.974543"></rtept><rtept lat="42.596532" lon="-122.974542"></rtept><rtept lat="42.592922" lon="-122.974535"></rtept><rtept lat="42.592922" lon="-122.974542"></rtept><rtept lat="42.592786" lon="-122.979523"></rtept><rtept lat="42.592650" lon="-122.984511"></rtept></rte><rte><name>New_Sham_W_3</name><type>Area</type><extensions><onx:style>dot</onx:style><onx:weight>4.0</onx:weight><onx:color>rgba(255, 51, 0, 1)</onx:color></extensions><rtept lat="42.592650" lon="-122.984511"></rtept><rtept lat="42.596338" lon="-122.984523"></rtept><rtept lat="42.600027" lon="-122.984536"></rtept><rtept lat="42.600085" lon="-122.979542"></rtept><rtept lat="42.600143" lon="-122.974548"></rtept><rtept lat="42.597642" lon="-122.974543"></rtept><rtept lat="42.596532" lon="-122.974542"></rtept><rtept lat="42.592922" lon="-122.974535"></rtept><rtept lat="42.592922" lon="-122.974542"></rtept><rtept lat="42.592786" lon="-122.979523"></rtept><rtept lat="42.592650" lon="-122.984511"></rtept></rte><rte><name>New_Sham_W_2</name><type>Area</type><extensions><onx:style>dot</onx:style><onx:weight>4.0</onx:weight><onx:color>rgba(255, 51, 0, 1)</onx:color></extensions><rtept lat="42.592650" lon="-122.984511"></rtept><rtept lat="42.596338" lon="-122.984523"></rtept><rtept lat="42.600027" lon="-122.984536"></rtept><rtept lat="42.600085" lon="-122.979542"></rtept><rtept lat="42.600143" lon="-122.974548"></rtept><rtept lat="42.597642" lon="-122.974543"></rtept><rtept lat="42.596532" lon="-122.974542"></rtept><rtept lat="42.592922" lon="-122.974535"></rtept><rtept lat="42.592922" lon="-122.974542"></rtept><rtept lat="42.592786" lon="-122.979523"></rtept><rtept lat="42.592650" lon="-122.984511"></rtept></rte><rte><name>New_Sham_W_1</name><type>Area</type><extensions><onx:style>dot</onx:style><onx:weight>4.0</onx:weight><onx:color>rgba(255, 51, 0, 1)</onx:color></extensions><rtept lat="42.592704" lon="-122.989438"></rtept><rtept lat="42.592757" lon="-122.994365"></rtept><rtept lat="42.592760" lon="-122.994365"></rtept><rtept lat="42.596334" lon="-122.994418"></rtept><rtept lat="42.599911" lon="-122.994471"></rtept><rtept lat="42.603481" lon="-122.994543"></rtept><rtept lat="42.607051" lon="-122.994576"></rtept><rtept lat="42.607158" lon="-122.989499"></rtept><rtept lat="42.607263" lon="-122.984560"></rtept><rtept lat="42.607263" lon="-122.984557"></rtept><rtept lat="42.607360" lon="-122.979620"></rtept><rtept lat="42.607456" lon="-122.974680"></rtept><rtept lat="42.607453" lon="-122.974680"></rtept><rtept lat="42.603805" lon="-122.974616"></rtept><rtept lat="42.600143" lon="-122.974548"></rtept><rtept lat="42.597642" lon="-122.974543"></rtept><rtept lat="42.596532" lon="-122.974542"></rtept><rtept lat="42.592922" lon="-122.974535"></rtept><rtept lat="42.592922" lon="-122.974542"></rtept><rtept lat="42.592786" lon="-122.979523"></rtept><rtept lat="42.592650" lon="-122.984511"></rtept><rtept lat="42.592704" lon="-122.989438"></rtept></rte><rte><name>New_Sham_E_9</name><type>Area</type><extensions><onx:style>dot</onx:style><onx:weight>4.0</onx:weight><onx:color>rgba(255, 51, 0, 1)</onx:color></extensions><rtept lat="42.614734" lon="-122.969890"></rtept><rtept lat="42.614719" lon="-122.974741"></rtept><rtept lat="42.618351" lon="-122.974774"></rtept><rtept lat="42.621983" lon="-122.974754"></rtept><rtept lat="42.622025" lon="-122.974754"></rtept><rtept lat="42.622031" lon="-122.969910"></rtept><rtept lat="42.622038" lon="-122.965067"></rtept><rtept lat="42.618404" lon="-122.965049"></rtept><rtept lat="42.614770" lon="-122.965032"></rtept><rtept lat="42.614734" lon="-122.969890"></rtept></rte><rte><name>New_Sham_E_8</name><type>Area</type><extensions><onx:style>dot</onx:style><onx:weight>4.0</onx:weight><onx:color>rgba(255, 51, 0, 1)</onx:color></extensions><rtept lat="42.607456" lon="-122.974676"></rtept><rtept lat="42.607456" lon="-122.974680"></rtept><rtept lat="42.611087" lon="-122.974709"></rtept><rtept lat="42.614719" lon="-122.974741"></rtept><rtept lat="42.614734" lon="-122.969890"></rtept><rtept lat="42.614770" lon="-122.965032"></rtept><rtept lat="42.611118" lon="-122.965015"></rtept><rtept lat="42.607466" lon="-122.964997"></rtept><rtept lat="42.607461" lon="-122.969839"></rtept><rtept lat="42.607456" lon="-122.974676"></rtept></rte><rte><name>New_Sham_E_7</name><type>Area</type><extensions><onx:style>dot</onx:style><onx:weight>4.0</onx:weight><onx:color>rgba(255, 51, 0, 1)</onx:color></extensions><rtept lat="42.607456" lon="-122.974676"></rtept><rtept lat="42.607456" lon="-122.974680"></rtept><rtept lat="42.611087" lon="-122.974709"></rtept><rtept lat="42.614719" lon="-122.974741"></rtept><rtept lat="42.614734" lon="-122.969890"></rtept><rtept lat="42.614770" lon="-122.965032"></rtept><rtept lat="42.611118" lon="-122.965015"></rtept><rtept lat="42.607466" lon="-122.964997"></rtept><rtept lat="42.607461" lon="-122.969839"></rtept><rtept lat="42.607456" lon="-122.974676"></rtept></rte><rte><name>New_Sham_E_5</name><type>Area</type><extensions><onx:style>dot</onx:style><onx:weight>4.0</onx:weight><onx:color>rgba(255, 51, 0, 1)</onx:color></extensions><rtept lat="42.603805" lon="-122.974616"></rtept><rtept lat="42.607453" lon="-122.974680"></rtept><rtept lat="42.607456" lon="-122.974680"></rtept><rtept lat="42.607456" lon="-122.974676"></rtept><rtept lat="42.607461" lon="-122.969839"></rtept><rtept lat="42.607466" lon="-122.964997"></rtept><rtept lat="42.603810" lon="-122.964959"></rtept><rtept lat="42.601965" lon="-122.964935"></rtept><rtept lat="42.600153" lon="-122.964920"></rtept><rtept lat="42.600148" lon="-122.969734"></rtept><rtept lat="42.600143" lon="-122.974544"></rtept><rtept lat="42.600143" lon="-122.974548"></rtept><rtept lat="42.603805" lon="-122.974616"></rtept></rte><rte><name>New_Sham_E_6</name><type>Area</type><extensions><onx:style>dot</onx:style><onx:weight>4.0</onx:weight><onx:color>rgba(255, 51, 0, 1)</onx:color></extensions><rtept lat="42.607456" lon="-122.974676"></rtept><rtept lat="42.607456" lon="-122.974680"></rtept><rtept lat="42.611087" lon="-122.974709"></rtept><rtept lat="42.614719" lon="-122.974741"></rtept><rtept lat="42.614734" lon="-122.969890"></rtept><rtept lat="42.614770" lon="-122.965032"></rtept><rtept lat="42.611118" lon="-122.965015"></rtept><rtept lat="42.607466" lon="-122.964997"></rtept><rtept lat="42.607461" lon="-122.969839"></rtept><rtept lat="42.607456" lon="-122.974676"></rtept></rte><rte><name>New_Sham_E_4</name><type>Area</type><extensions><onx:style>dot</onx:style><onx:weight>4.0</onx:weight><onx:color>rgba(255, 51, 0, 1)</onx:color></extensions><rtept lat="42.603805" lon="-122.974616"></rtept><rtept lat="42.607453" lon="-122.974680"></rtept><rtept lat="42.607456" lon="-122.974680"></rtept><rtept lat="42.607456" lon="-122.974676"></rtept><rtept lat="42.607461" lon="-122.969839"></rtept><rtept lat="42.607466" lon="-122.964997"></rtept><rtept lat="42.603810" lon="-122.964959"></rtept><rtept lat="42.601965" lon="-122.964935"></rtept><rtept lat="42.600153" lon="-122.964920"></rtept><rtept lat="42.600148" lon="-122.969734"></rtept><rtept lat="42.600143" lon="-122.974544"></rtept><rtept lat="42.600143" lon="-122.974548"></rtept><rtept lat="42.603805" lon="-122.974616"></rtept></rte><rte><name>New_Sham_E_3</name><type>Area</type><extensions><onx:style>dot</onx:style><onx:weight>4.0</onx:weight><onx:color>rgba(255, 51, 0, 1)</onx:color></extensions><rtept lat="42.603805" lon="-122.974616"></rtept><rtept lat="42.607453" lon="-122.974680"></rtept><rtept lat="42.607456" lon="-122.974680"></rtept><rtept lat="42.607456" lon="-122.974676"></rtept><rtept lat="42.607461" lon="-122.969839"></rtept><rtept lat="42.607466" lon="-122.964997"></rtept><rtept lat="42.603810" lon="-122.964959"></rtept><rtept lat="42.601965" lon="-122.964935"></rtept><rtept lat="42.600153" lon="-122.964920"></rtept><rtept lat="42.600148" lon="-122.969734"></rtept><rtept lat="42.600143" lon="-122.974544"></rtept><rtept lat="42.600143" lon="-122.974548"></rtept><rtept lat="42.603805" lon="-122.974616"></rtept></rte><rte><name>New_Sham_E_2</name><type>Area</type><extensions><onx:style>dot</onx:style><onx:weight>4.0</onx:weight><onx:color>rgba(255, 51, 0, 1)</onx:color></extensions><rtept lat="42.603805" lon="-122.974616"></rtept><rtept lat="42.607453" lon="-122.974680"></rtept><rtept lat="42.607456" lon="-122.974680"></rtept><rtept lat="42.607456" lon="-122.974676"></rtept><rtept lat="42.607461" lon="-122.969839"></rtept><rtept lat="42.607466" lon="-122.964997"></rtept><rtept lat="42.603810" lon="-122.964959"></rtept><rtept lat="42.601965" lon="-122.964935"></rtept><rtept lat="42.600153" lon="-122.964920"></rtept><rtept lat="42.600148" lon="-122.969734"></rtept><rtept lat="42.600143" lon="-122.974544"></rtept><rtept lat="42.600143" lon="-122.974548"></rtept><rtept lat="42.603805" lon="-122.974616"></rtept></rte><rte><name>New_Sham_E_1</name><type>Area</type><extensions><onx:style>dot</onx:style><onx:weight>4.0</onx:weight><onx:color>rgba(255, 51, 0, 1)</onx:color></extensions><rtept lat="42.603805" lon="-122.974616"></rtept><rtept lat="42.607453" lon="-122.974680"></rtept><rtept lat="42.607456" lon="-122.974680"></rtept><rtept lat="42.607456" lon="-122.974676"></rtept><rtept lat="42.607461" lon="-122.969839"></rtept><rtept lat="42.607466" lon="-122.964997"></rtept><rtept lat="42.603810" lon="-122.964959"></rtept><rtept lat="42.601965" lon="-122.964935"></rtept><rtept lat="42.600153" lon="-122.964920"></rtept><rtept lat="42.600148" lon="-122.969734"></rtept><rtept lat="42.600143" lon="-122.974544"></rtept><rtept lat="42.600143" lon="-122.974548"></rtept><rtept lat="42.603805" lon="-122.974616"></rtept></rte><rte><name>Oro Grande</name><type>Area</type><extensions><onx:style>dot</onx:style><onx:weight>4.0</onx:weight><onx:color>rgba(255, 51, 0, 1)</onx:color></extensions><rtept lat="42.670151" lon="-123.289172"></rtept><rtept lat="42.668425" lon="-123.289172"></rtept><rtept lat="42.666525" lon="-123.289172"></rtept><rtept lat="42.666515" lon="-123.294104"></rtept><rtept lat="42.666510" lon="-123.296257"></rtept><rtept lat="42.666505" lon="-123.298772"></rtept><rtept lat="42.666505" lon="-123.299036"></rtept><rtept lat="42.666518" lon="-123.299863"></rtept><rtept lat="42.666586" lon="-123.304104"></rtept><rtept lat="42.666667" lon="-123.309173"></rtept><rtept lat="42.670299" lon="-123.309122"></rtept><rtept lat="42.673928" lon="-123.309072"></rtept><rtept lat="42.677531" lon="-123.309046"></rtept><rtept lat="42.677640" lon="-123.309045"></rtept><rtept lat="42.679987" lon="-123.309030"></rtept><rtept lat="42.681134" lon="-123.309023"></rtept><rtept lat="42.681120" lon="-123.306768"></rtept><rtept lat="42.681102" lon="-123.304025"></rtept><rtept lat="42.681086" lon="-123.301551"></rtept><rtept lat="42.681067" lon="-123.299027"></rtept><rtept lat="42.681073" lon="-123.294109"></rtept><rtept lat="42.681083" lon="-123.291436"></rtept><rtept lat="42.681089" lon="-123.289178"></rtept><rtept lat="42.680254" lon="-123.289178"></rtept><rtept lat="42.677429" lon="-123.289175"></rtept><rtept lat="42.675407" lon="-123.289174"></rtept><rtept lat="42.673770" lon="-123.289173"></rtept><rtept lat="42.671834" lon="-123.289173"></rtept><rtept lat="42.670180" lon="-123.289172"></rtept><rtept lat="42.670151" lon="-123.289172"></rtept></rte><rte><name>Trade Dollar</name><type>Area</type><extensions><onx:style>dot</onx:style><onx:weight>4.0</onx:weight><onx:color>rgba(255, 51, 0, 1)</onx:color></extensions><rtept lat="42.690182" lon="-123.602388"></rtept><rtept lat="42.688357" lon="-123.602387"></rtept><rtept lat="42.688353" lon="-123.604842"></rtept><rtept lat="42.688349" lon="-123.607297"></rtept><rtept lat="42.688341" lon="-123.612206"></rtept><rtept lat="42.691985" lon="-123.612205"></rtept><rtept lat="42.695630" lon="-123.612205"></rtept><rtept lat="42.695642" lon="-123.607297"></rtept><rtept lat="42.695649" lon="-123.604844"></rtept><rtept lat="42.695655" lon="-123.602390"></rtept><rtept lat="42.693831" lon="-123.602389"></rtept><rtept lat="42.692006" lon="-123.602389"></rtept><rtept lat="42.690182" lon="-123.602388"></rtept></rte><rte><name>Sham_FE2</name><type>Area</type><extensions><onx:style>dot</onx:style><onx:weight>4.0</onx:weight><onx:color>rgba(255, 51, 0, 1)</onx:color></extensions><rtept lat="42.603805" lon="-122.974616"></rtept><rtept lat="42.607453" lon="-122.974680"></rtept><rtept lat="42.607456" lon="-122.974680"></rtept><rtept lat="42.607456" lon="-122.974676"></rtept><rtept lat="42.607461" lon="-122.969839"></rtept><rtept lat="42.607466" lon="-122.964997"></rtept><rtept lat="42.603810" lon="-122.964959"></rtept><rtept lat="42.601965" lon="-122.964935"></rtept><rtept lat="42.600153" lon="-122.964920"></rtept><rtept lat="42.600148" lon="-122.969734"></rtept><rtept lat="42.600143" lon="-122.974544"></rtept><rtept lat="42.600143" lon="-122.974548"></rtept><rtept lat="42.603805" lon="-122.974616"></rtept></rte><rte><name>Sham_FE3</name><type>Area</type><extensions><onx:style>dot</onx:style><onx:weight>4.0</onx:weight><onx:color>rgba(255, 51, 0, 1)</onx:color></extensions><rtept lat="42.603805" lon="-122.974616"></rtept><rtept lat="42.607453" lon="-122.974680"></rtept><rtept lat="42.607456" lon="-122.974680"></rtept><rtept lat="42.607456" lon="-122.974676"></rtept><rtept lat="42.607461" lon="-122.969839"></rtept><rtept lat="42.607466" lon="-122.964997"></rtept><rtept lat="42.607471" lon="-122.960156"></rtept><rtept lat="42.607473" lon="-122.957728"></rtept><rtept lat="42.607474" lon="-122.957288"></rtept><rtept lat="42.607476" lon="-122.955314"></rtept><rtept lat="42.605653" lon="-122.955288"></rtept><rtept lat="42.603822" lon="-122.955277"></rtept><rtept lat="42.600167" lon="-122.955239"></rtept><rtept lat="42.600160" lon="-122.960080"></rtept><rtept lat="42.600145" lon="-122.962496"></rtept><rtept lat="42.600153" lon="-122.964920"></rtept><rtept lat="42.600148" lon="-122.969734"></rtept><rtept lat="42.600143" lon="-122.974544"></rtept><rtept lat="42.600143" lon="-122.974548"></rtept><rtept lat="42.603805" lon="-122.974616"></rtept></rte><rte><name>Sham_FE4</name><type>Area</type><extensions><onx:style>dot</onx:style><onx:weight>4.0</onx:weight><onx:color>rgba(255, 51, 0, 1)</onx:color></extensions><rtept lat="42.603805" lon="-122.974616"></rtept><rtept lat="42.607453" lon="-122.974680"></rtept><rtept lat="42.607456" lon="-122.974680"></rtept><rtept lat="42.607456" lon="-122.974676"></rtept><rtept lat="42.607461" lon="-122.969839"></rtept><rtept lat="42.607466" lon="-122.964997"></rtept><rtept lat="42.603810" lon="-122.964959"></rtept><rtept lat="42.601965" lon="-122.964935"></rtept><rtept lat="42.600153" lon="-122.964920"></rtept><rtept lat="42.600148" lon="-122.969734"></rtept><rtept lat="42.600143" lon="-122.974544"></rtept><rtept lat="42.600143" lon="-122.974548"></rtept><rtept lat="42.603805" lon="-122.974616"></rtept></rte><rte><name>Sham_FE5</name><type>Area</type><extensions><onx:style>dot</onx:style><onx:weight>4.0</onx:weight><onx:color>rgba(255, 51, 0, 1)</onx:color></extensions><rtept lat="42.603805" lon="-122.974616"></rtept><rtept lat="42.607453" lon="-122.974680"></rtept><rtept lat="42.607456" lon="-122.974680"></rtept><rtept lat="42.611087" lon="-122.974709"></rtept><rtept lat="42.614719" lon="-122.974741"></rtept><rtept lat="42.614734" lon="-122.969890"></rtept><rtept lat="42.614770" lon="-122.965032"></rtept><rtept lat="42.614767" lon="-122.960190"></rtept><rtept lat="42.614764" lon="-122.955347"></rtept><rtept lat="42.611120" lon="-122.955330"></rtept><rtept lat="42.607481" lon="-122.955314"></rtept><rtept lat="42.607476" lon="-122.955314"></rtept><rtept lat="42.605653" lon="-122.955288"></rtept><rtept lat="42.603822" lon="-122.955277"></rtept><rtept lat="42.600167" lon="-122.955239"></rtept><rtept lat="42.600160" lon="-122.960080"></rtept><rtept lat="42.600145" lon="-122.962496"></rtept><rtept lat="42.600153" lon="-122.964920"></rtept><rtept lat="42.600148" lon="-122.969734"></rtept><rtept lat="42.600143" lon="-122.974544"></rtept><rtept lat="42.600143" lon="-122.974548"></rtept><rtept lat="42.603805" lon="-122.974616"></rtept></rte><rte><name>Sham_FE6</name><type>Area</type><extensions><onx:style>dot</onx:style><onx:weight>4.0</onx:weight><onx:color>rgba(255, 51, 0, 1)</onx:color></extensions><rtept lat="42.603805" lon="-122.974616"></rtept><rtept lat="42.607453" lon="-122.974680"></rtept><rtept lat="42.607456" lon="-122.974680"></rtept><rtept lat="42.611087" lon="-122.974709"></rtept><rtept lat="42.614719" lon="-122.974741"></rtept><rtept lat="42.614734" lon="-122.969890"></rtept><rtept lat="42.614770" lon="-122.965032"></rtept><rtept lat="42.611118" lon="-122.965015"></rtept><rtept lat="42.607466" lon="-122.964997"></rtept><rtept lat="42.603810" lon="-122.964959"></rtept><rtept lat="42.601965" lon="-122.964935"></rtept><rtept lat="42.600153" lon="-122.964920"></rtept><rtept lat="42.600148" lon="-122.969734"></rtept><rtept lat="42.600143" lon="-122.974544"></rtept><rtept lat="42.600143" lon="-122.974548"></rtept><rtept lat="42.603805" lon="-122.974616"></rtept></rte><rte><name>Sham_FE7</name><type>Area</type><extensions><onx:style>dot</onx:style><onx:weight>4.0</onx:weight><onx:color>rgba(255, 51, 0, 1)</onx:color></extensions><rtept lat="42.607456" lon="-122.974676"></rtept><rtept lat="42.607456" lon="-122.974680"></rtept><rtept lat="42.611087" lon="-122.974709"></rtept><rtept lat="42.614719" lon="-122.974741"></rtept><rtept lat="42.614734" lon="-122.969890"></rtept><rtept lat="42.614770" lon="-122.965032"></rtept><rtept lat="42.614767" lon="-122.960190"></rtept><rtept lat="42.614764" lon="-122.955347"></rtept><rtept lat="42.611120" lon="-122.955330"></rtept><rtept lat="42.607481" lon="-122.955314"></rtept><rtept lat="42.607476" lon="-122.955314"></rtept><rtept lat="42.607474" lon="-122.957288"></rtept><rtept lat="42.607473" lon="-122.957728"></rtept><rtept lat="42.607471" lon="-122.960156"></rtept><rtept lat="42.607466" lon="-122.964997"></rtept><rtept lat="42.607461" lon="-122.969839"></rtept><rtept lat="42.607456" lon="-122.974676"></rtept></rte><rte><name>Sham_FE8</name><type>Area</type><extensions><onx:style>dot</onx:style><onx:weight>4.0</onx:weight><onx:color>rgba(255, 51, 0, 1)</onx:color></extensions><rtept lat="42.607456" lon="-122.974676"></rtept><rtept lat="42.607456" lon="-122.974680"></rtept><rtept lat="42.611087" lon="-122.974709"></rtept><rtept lat="42.614719" lon="-122.974741"></rtept><rtept lat="42.614734" lon="-122.969890"></rtept><rtept lat="42.614770" lon="-122.965032"></rtept><rtept lat="42.611118" lon="-122.965015"></rtept><rtept lat="42.607466" lon="-122.964997"></rtept><rtept lat="42.607461" lon="-122.969839"></rtept><rtept lat="42.607456" lon="-122.974676"></rtept></rte><rte><name>Sham_FE9</name><type>Area</type><extensions><onx:style>dot</onx:style><onx:weight>4.0</onx:weight><onx:color>rgba(255, 51, 0, 1)</onx:color></extensions><rtept lat="42.607456" lon="-122.974676"></rtept><rtept lat="42.607456" lon="-122.974680"></rtept><rtept lat="42.611087" lon="-122.974709"></rtept><rtept lat="42.614719" lon="-122.974741"></rtept><rtept lat="42.614734" lon="-122.969890"></rtept><rtept lat="42.614770" lon="-122.965032"></rtept><rtept lat="42.614767" lon="-122.960190"></rtept><rtept lat="42.614764" lon="-122.955347"></rtept><rtept lat="42.611120" lon="-122.955330"></rtept><rtept lat="42.607481" lon="-122.955314"></rtept><rtept lat="42.607476" lon="-122.955314"></rtept><rtept lat="42.607474" lon="-122.957288"></rtept><rtept lat="42.607473" lon="-122.957728"></rtept><rtept lat="42.607471" lon="-122.960156"></rtept><rtept lat="42.607466" lon="-122.964997"></rtept><rtept lat="42.607461" lon="-122.969839"></rtept><rtept lat="42.607456" lon="-122.974676"></rtept></rte><rte><name>Sham_FE10</name><type>Area</type><extensions><onx:style>dot</onx:style><onx:weight>4.0</onx:weight><onx:color>rgba(255, 51, 0, 1)</onx:color></extensions><rtept lat="42.607456" lon="-122.974676"></rtept><rtept lat="42.607456" lon="-122.974680"></rtept><rtept lat="42.611087" lon="-122.974709"></rtept><rtept lat="42.614719" lon="-122.974741"></rtept><rtept lat="42.614734" lon="-122.969890"></rtept><rtept lat="42.614770" lon="-122.965032"></rtept><rtept lat="42.611118" lon="-122.965015"></rtept><rtept lat="42.607466" lon="-122.964997"></rtept><rtept lat="42.607461" lon="-122.969839"></rtept><rtept lat="42.607456" lon="-122.974676"></rtept></rte><rte><name>Sham_FE1</name><type>Area</type><extensions><onx:style>dot</onx:style><onx:weight>4.0</onx:weight><onx:color>rgba(255, 51, 0, 1)</onx:color></extensions><rtept lat="42.603805" lon="-122.974616"></rtept><rtept lat="42.607453" lon="-122.974680"></rtept><rtept lat="42.607456" lon="-122.974680"></rtept><rtept lat="42.607456" lon="-122.974676"></rtept><rtept lat="42.607461" lon="-122.969839"></rtept><rtept lat="42.607466" lon="-122.964997"></rtept><rtept lat="42.607471" lon="-122.960156"></rtept><rtept lat="42.607473" lon="-122.957728"></rtept><rtept lat="42.607474" lon="-122.957288"></rtept><rtept lat="42.607476" lon="-122.955314"></rtept><rtept lat="42.605653" lon="-122.955288"></rtept><rtept lat="42.603822" lon="-122.955277"></rtept><rtept lat="42.600167" lon="-122.955239"></rtept><rtept lat="42.600160" lon="-122.960080"></rtept><rtept lat="42.600145" lon="-122.962496"></rtept><rtept lat="42.600153" lon="-122.964920"></rtept><rtept lat="42.600148" lon="-122.969734"></rtept><rtept lat="42.600143" lon="-122.974544"></rtept><rtept lat="42.600143" lon="-122.974548"></rtept><rtept lat="42.603805" lon="-122.974616"></rtept></rte><rte><name>Blalock</name><type>Area</type><extensions><onx:style>dot</onx:style><onx:weight>4.0</onx:weight><onx:color>rgba(255, 51, 0, 1)</onx:color></extensions><rtept lat="42.684737" lon="-123.309022"></rtept><rtept lat="42.688341" lon="-123.309022"></rtept><rtept lat="42.691975" lon="-123.309036"></rtept><rtept lat="42.695609" lon="-123.309044"></rtept><rtept lat="42.695616" lon="-123.304103"></rtept><rtept lat="42.695624" lon="-123.299163"></rtept><rtept lat="42.695571" lon="-123.294142"></rtept><rtept lat="42.695519" lon="-123.289115"></rtept><rtept lat="42.692454" lon="-123.289128"></rtept><rtept lat="42.691908" lon="-123.289130"></rtept><rtept lat="42.690711" lon="-123.289136"></rtept><rtept lat="42.688298" lon="-123.289173"></rtept><rtept lat="42.684693" lon="-123.289176"></rtept><rtept lat="42.681089" lon="-123.289178"></rtept><rtept lat="42.681083" lon="-123.291436"></rtept><rtept lat="42.681073" lon="-123.294109"></rtept><rtept lat="42.681067" lon="-123.299027"></rtept><rtept lat="42.681086" lon="-123.301551"></rtept><rtept lat="42.681102" lon="-123.304025"></rtept><rtept lat="42.681120" lon="-123.306768"></rtept><rtept lat="42.681134" lon="-123.309023"></rtept><rtept lat="42.684737" lon="-123.309022"></rtept></rte><rte><name>The Regal Eagle</name><type>Area</type><extensions><onx:style>dot</onx:style><onx:weight>4.0</onx:weight><onx:color>rgba(255, 51, 0, 1)</onx:color></extensions><rtept lat="42.214825" lon="-123.176676"></rtept><rtept lat="42.214811" lon="-123.181445"></rtept><rtept lat="42.214796" lon="-123.186214"></rtept><rtept lat="42.214781" lon="-123.190983"></rtept><rtept lat="42.218393" lon="-123.190863"></rtept><rtept lat="42.222004" lon="-123.190744"></rtept><rtept lat="42.225615" lon="-123.190624"></rtept><rtept lat="42.229226" lon="-123.190505"></rtept><rtept lat="42.229234" lon="-123.188081"></rtept><rtept lat="42.229241" lon="-123.185657"></rtept><rtept lat="42.229249" lon="-123.180810"></rtept><rtept lat="42.229296" lon="-123.179496"></rtept><rtept lat="42.229342" lon="-123.178181"></rtept><rtept lat="42.229389" lon="-123.176867"></rtept><rtept lat="42.229435" lon="-123.175552"></rtept><rtept lat="42.229528" lon="-123.172923"></rtept><rtept lat="42.229621" lon="-123.170294"></rtept><rtept lat="42.227773" lon="-123.170350"></rtept><rtept lat="42.225924" lon="-123.170407"></rtept><rtept lat="42.224076" lon="-123.170463"></rtept><rtept lat="42.222227" lon="-123.170519"></rtept><rtept lat="42.218640" lon="-123.171193"></rtept><rtept lat="42.218563" lon="-123.171207"></rtept><rtept lat="42.214840" lon="-123.171906"></rtept><rtept lat="42.214825" lon="-123.176676"></rtept></rte><rte><name>POWER ONE</name><type>Area</type><extensions><onx:style>dot</onx:style><onx:weight>4.0</onx:weight><onx:color>rgba(255, 51, 0, 1)</onx:color></extensions><rtept lat="42.440528" lon="-123.278240"></rtept><rtept lat="42.444139" lon="-123.278226"></rtept><rtept lat="42.447748" lon="-123.278211"></rtept><rtept lat="42.447742" lon="-123.273308"></rtept><rtept lat="42.447741" lon="-123.268409"></rtept><rtept lat="42.444133" lon="-123.268356"></rtept><rtept lat="42.442329" lon="-123.268330"></rtept><rtept lat="42.440525" lon="-123.268304"></rtept><rtept lat="42.440526" lon="-123.270786"></rtept><rtept lat="42.440527" lon="-123.273269"></rtept><rtept lat="42.440528" lon="-123.278240"></rtept></rte><rte><name>POWER TWO</name><type>Area</type><extensions><onx:style>dot</onx:style><onx:weight>4.0</onx:weight><onx:color>rgba(255, 51, 0, 1)</onx:color></extensions><rtept lat="42.440528" lon="-123.278240"></rtept><rtept lat="42.444139" lon="-123.278226"></rtept><rtept lat="42.447748" lon="-123.278211"></rtept><rtept lat="42.447742" lon="-123.273308"></rtept><rtept lat="42.447741" lon="-123.268409"></rtept><rtept lat="42.444133" lon="-123.268356"></rtept><rtept lat="42.442329" lon="-123.268330"></rtept><rtept lat="42.440525" lon="-123.268304"></rtept><rtept lat="42.440526" lon="-123.270786"></rtept><rtept lat="42.440527" lon="-123.273269"></rtept><rtept lat="42.440528" lon="-123.278240"></rtept></rte><rte><name>POWER THREE</name><type>Area</type><extensions><onx:style>dot</onx:style><onx:weight>4.0</onx:weight><onx:color>rgba(255, 51, 0, 1)</onx:color></extensions><rtept lat="42.447741" lon="-123.268409"></rtept><rtept lat="42.447772" lon="-123.263518"></rtept><rtept lat="42.447804" lon="-123.258627"></rtept><rtept lat="42.444165" lon="-123.258610"></rtept><rtept lat="42.440525" lon="-123.258593"></rtept><rtept lat="42.440529" lon="-123.261021"></rtept><rtept lat="42.440529" lon="-123.263443"></rtept><rtept lat="42.440525" lon="-123.268304"></rtept><rtept lat="42.442329" lon="-123.268330"></rtept><rtept lat="42.444133" lon="-123.268356"></rtept><rtept lat="42.447741" lon="-123.268409"></rtept></rte><rte><name>POWER FOUR</name><type>Area</type><extensions><onx:style>dot</onx:style><onx:weight>4.0</onx:weight><onx:color>rgba(255, 51, 0, 1)</onx:color></extensions><rtept lat="42.447741" lon="-123.268409"></rtept><rtept lat="42.447772" lon="-123.263518"></rtept><rtept lat="42.447804" lon="-123.258627"></rtept><rtept lat="42.444165" lon="-123.258610"></rtept><rtept lat="42.440525" lon="-123.258593"></rtept><rtept lat="42.440529" lon="-123.261021"></rtept><rtept lat="42.440529" lon="-123.263443"></rtept><rtept lat="42.440525" lon="-123.268304"></rtept><rtept lat="42.442329" lon="-123.268330"></rtept><rtept lat="42.444133" lon="-123.268356"></rtept><rtept lat="42.447741" lon="-123.268409"></rtept></rte><rte><name>SMUGGLER MINE</name><type>Area</type><extensions><onx:style>dot</onx:style><onx:weight>4.0</onx:weight><onx:color>rgba(255, 51, 0, 1)</onx:color></extensions><rtept lat="42.469427" lon="-123.033096"></rtept><rtept lat="42.473023" lon="-123.033115"></rtept><rtept lat="42.476542" lon="-123.033133"></rtept><rtept lat="42.476553" lon="-123.028216"></rtept><rtept lat="42.476563" lon="-123.023300"></rtept><rtept lat="42.476574" lon="-123.018384"></rtept><rtept lat="42.476584" lon="-123.013468"></rtept><rtept lat="42.473064" lon="-123.013468"></rtept><rtept lat="42.469432" lon="-123.013468"></rtept><rtept lat="42.469431" lon="-123.018383"></rtept><rtept lat="42.469430" lon="-123.023297"></rtept><rtept lat="42.469429" lon="-123.028197"></rtept><rtept lat="42.469427" lon="-123.033096"></rtept></rte><rte><name>LUCKY STRIKE 3</name><type>Area</type><extensions><onx:style>dot</onx:style><onx:weight>4.0</onx:weight><onx:color>rgba(255, 51, 0, 1)</onx:color></extensions><rtept lat="42.294451" lon="-123.097264"></rtept><rtept lat="42.294430" lon="-123.092423"></rtept><rtept lat="42.291485" lon="-123.092386"></rtept><rtept lat="42.290835" lon="-123.092379"></rtept><rtept lat="42.287892" lon="-123.092343"></rtept><rtept lat="42.287888" lon="-123.091914"></rtept><rtept lat="42.287237" lon="-123.091911"></rtept><rtept lat="42.287247" lon="-123.096748"></rtept><rtept lat="42.287247" lon="-123.097179"></rtept><rtept lat="42.287256" lon="-123.101591"></rtept><rtept lat="42.287256" lon="-123.102022"></rtept><rtept lat="42.287264" lon="-123.106434"></rtept><rtept lat="42.287265" lon="-123.106865"></rtept><rtept lat="42.287276" lon="-123.111853"></rtept><rtept lat="42.288074" lon="-123.111852"></rtept><rtept lat="42.290894" lon="-123.111831"></rtept><rtept lat="42.291692" lon="-123.111830"></rtept><rtept lat="42.294513" lon="-123.111810"></rtept><rtept lat="42.294492" lon="-123.106882"></rtept><rtept lat="42.294472" lon="-123.102104"></rtept><rtept lat="42.294451" lon="-123.097264"></rtept></rte><rte><name>LUCKY STRIKE 4</name><type>Area</type><extensions><onx:style>dot</onx:style><onx:weight>4.0</onx:weight><onx:color>rgba(255, 51, 0, 1)</onx:color></extensions><rtept lat="42.288074" lon="-123.111852"></rtept><rtept lat="42.290894" lon="-123.111831"></rtept><rtept lat="42.291692" lon="-123.111830"></rtept><rtept lat="42.294513" lon="-123.111810"></rtept><rtept lat="42.294492" lon="-123.106882"></rtept><rtept lat="42.294472" lon="-123.102104"></rtept><rtept lat="42.290864" lon="-123.102063"></rtept><rtept lat="42.287256" lon="-123.102022"></rtept><rtept lat="42.287264" lon="-123.106434"></rtept><rtept lat="42.287265" lon="-123.106865"></rtept><rtept lat="42.287276" lon="-123.111853"></rtept><rtept lat="42.288074" lon="-123.111852"></rtept></rte><rte><name>NEW LUCKY STRIKE 1</name><type>Area</type><extensions><onx:style>dot</onx:style><onx:weight>4.0</onx:weight><onx:color>rgba(255, 51, 0, 1)</onx:color></extensions><rtept lat="42.294472" lon="-123.102104"></rtept><rtept lat="42.294451" lon="-123.097264"></rtept><rtept lat="42.294430" lon="-123.092423"></rtept><rtept lat="42.291485" lon="-123.092386"></rtept><rtept lat="42.290835" lon="-123.092379"></rtept><rtept lat="42.287892" lon="-123.092343"></rtept><rtept lat="42.287888" lon="-123.091914"></rtept><rtept lat="42.287237" lon="-123.091911"></rtept><rtept lat="42.287247" lon="-123.096748"></rtept><rtept lat="42.287247" lon="-123.097179"></rtept><rtept lat="42.287256" lon="-123.101591"></rtept><rtept lat="42.287256" lon="-123.102022"></rtept><rtept lat="42.290864" lon="-123.102063"></rtept><rtept lat="42.294472" lon="-123.102104"></rtept></rte><rte><name>NEW LUCKY STRIKE 2</name><type>Area</type><extensions><onx:style>dot</onx:style><onx:weight>4.0</onx:weight><onx:color>rgba(255, 51, 0, 1)</onx:color></extensions><rtept lat="42.294472" lon="-123.102104"></rtept><rtept lat="42.298078" lon="-123.102145"></rtept><rtept lat="42.302425" lon="-123.102195"></rtept><rtept lat="42.302363" lon="-123.097359"></rtept><rtept lat="42.302302" lon="-123.092523"></rtept><rtept lat="42.298670" lon="-123.092476"></rtept><rtept lat="42.298024" lon="-123.092468"></rtept><rtept lat="42.295078" lon="-123.092431"></rtept><rtept lat="42.294430" lon="-123.092423"></rtept><rtept lat="42.291485" lon="-123.092386"></rtept><rtept lat="42.290835" lon="-123.092379"></rtept><rtept lat="42.287892" lon="-123.092343"></rtept><rtept lat="42.287888" lon="-123.091914"></rtept><rtept lat="42.287237" lon="-123.091911"></rtept><rtept lat="42.287247" lon="-123.096748"></rtept><rtept lat="42.287247" lon="-123.097179"></rtept><rtept lat="42.287256" lon="-123.101591"></rtept><rtept lat="42.287256" lon="-123.102022"></rtept><rtept lat="42.290864" lon="-123.102063"></rtept><rtept lat="42.294472" lon="-123.102104"></rtept></rte><rte><name>NEW LUCKY STRIKE 5</name><type>Area</type><extensions><onx:style>dot</onx:style><onx:weight>4.0</onx:weight><onx:color>rgba(255, 51, 0, 1)</onx:color></extensions><rtept lat="42.294472" lon="-123.102104"></rtept><rtept lat="42.298078" lon="-123.102145"></rtept><rtept lat="42.302425" lon="-123.102195"></rtept><rtept lat="42.302363" lon="-123.097359"></rtept><rtept lat="42.302302" lon="-123.092523"></rtept><rtept lat="42.298670" lon="-123.092476"></rtept><rtept lat="42.298024" lon="-123.092468"></rtept><rtept lat="42.295078" lon="-123.092431"></rtept><rtept lat="42.294430" lon="-123.092423"></rtept><rtept lat="42.291485" lon="-123.092386"></rtept><rtept lat="42.290835" lon="-123.092379"></rtept><rtept lat="42.287892" lon="-123.092343"></rtept><rtept lat="42.287888" lon="-123.091914"></rtept><rtept lat="42.287237" lon="-123.091911"></rtept><rtept lat="42.287247" lon="-123.096748"></rtept><rtept lat="42.287247" lon="-123.097179"></rtept><rtept lat="42.287256" lon="-123.101591"></rtept><rtept lat="42.287256" lon="-123.102022"></rtept><rtept lat="42.290864" lon="-123.102063"></rtept><rtept lat="42.294472" lon="-123.102104"></rtept></rte><rte><name>YOUNG 1</name><type>Area</type><extensions><onx:style>dot</onx:style><onx:weight>4.0</onx:weight><onx:color>rgba(255, 51, 0, 1)</onx:color></extensions><rtept lat="42.404140" lon="-123.101206"></rtept><rtept lat="42.404136" lon="-123.096381"></rtept><rtept lat="42.404132" lon="-123.091557"></rtept><rtept lat="42.400519" lon="-123.091439"></rtept><rtept lat="42.396906" lon="-123.091322"></rtept><rtept lat="42.396892" lon="-123.096213"></rtept><rtept lat="42.396878" lon="-123.101104"></rtept><rtept lat="42.400509" lon="-123.101155"></rtept><rtept lat="42.404140" lon="-123.101206"></rtept></rte><rte><name>YOUNG 2</name><type>Area</type><extensions><onx:style>dot</onx:style><onx:weight>4.0</onx:weight><onx:color>rgba(255, 51, 0, 1)</onx:color></extensions><rtept lat="42.404136" lon="-123.096381"></rtept><rtept lat="42.404140" lon="-123.101206"></rtept><rtept lat="42.407785" lon="-123.101218"></rtept><rtept lat="42.411431" lon="-123.101228"></rtept><rtept lat="42.411443" lon="-123.096402"></rtept><rtept lat="42.411455" lon="-123.091577"></rtept><rtept lat="42.407793" lon="-123.091567"></rtept><rtept lat="42.404132" lon="-123.091557"></rtept><rtept lat="42.404136" lon="-123.096381"></rtept></rte><rte><name>YOUNG 3</name><type>Area</type><extensions><onx:style>dot</onx:style><onx:weight>4.0</onx:weight><onx:color>rgba(255, 51, 0, 1)</onx:color></extensions><rtept lat="42.404136" lon="-123.096381"></rtept><rtept lat="42.404140" lon="-123.101206"></rtept><rtept lat="42.407785" lon="-123.101218"></rtept><rtept lat="42.411431" lon="-123.101228"></rtept><rtept lat="42.415069" lon="-123.101242"></rtept><rtept lat="42.418708" lon="-123.101256"></rtept><rtept lat="42.418743" lon="-123.096426"></rtept><rtept lat="42.418777" lon="-123.091596"></rtept><rtept lat="42.415116" lon="-123.091587"></rtept><rtept lat="42.411455" lon="-123.091577"></rtept><rtept lat="42.407793" lon="-123.091567"></rtept><rtept lat="42.404132" lon="-123.091557"></rtept><rtept lat="42.404136" lon="-123.096381"></rtept></rte><rte><name>BRISTOL SILICA LODE</name><type>Area</type><extensions><onx:style>dot</onx:style><onx:weight>4.0</onx:weight><onx:color>rgba(255, 51, 0, 1)</onx:color></extensions><rtept lat="42.404136" lon="-123.096381"></rtept><rtept lat="42.404140" lon="-123.101206"></rtept><rtept lat="42.407785" lon="-123.101218"></rtept><rtept lat="42.411431" lon="-123.101228"></rtept><rtept lat="42.411443" lon="-123.096402"></rtept><rtept lat="42.411455" lon="-123.091577"></rtept><rtept lat="42.407793" lon="-123.091567"></rtept><rtept lat="42.404132" lon="-123.091557"></rtept><rtept lat="42.404136" lon="-123.096381"></rtept></rte><rte><name>ECLIPSE</name><type>Area</type><extensions><onx:style>dot</onx:style><onx:weight>4.0</onx:weight><onx:color>rgba(255, 51, 0, 1)</onx:color></extensions><rtept lat="42.498719" lon="-123.538163"></rtept><rtept lat="42.498663" lon="-123.543014"></rtept><rtept lat="42.499857" lon="-123.542978"></rtept><rtept lat="42.502300" lon="-123.542904"></rtept><rtept lat="42.505943" lon="-123.542791"></rtept><rtept lat="42.505951" lon="-123.537987"></rtept><rtept lat="42.505960" lon="-123.533183"></rtept><rtept lat="42.506013" lon="-123.528452"></rtept><rtept lat="42.506067" lon="-123.523721"></rtept><rtept lat="42.502479" lon="-123.523697"></rtept><rtept lat="42.499852" lon="-123.523680"></rtept><rtept lat="42.498891" lon="-123.523673"></rtept><rtept lat="42.498833" lon="-123.528493"></rtept><rtept lat="42.498775" lon="-123.533313"></rtept><rtept lat="42.498719" lon="-123.538163"></rtept></rte><rte><name>IRON HORSE</name><type>Area</type><extensions><onx:style>dot</onx:style><onx:weight>4.0</onx:weight><onx:color>rgba(255, 51, 0, 1)</onx:color></extensions><rtept lat="42.498891" lon="-123.523673"></rtept><rtept lat="42.498833" lon="-123.528493"></rtept><rtept lat="42.498775" lon="-123.533313"></rtept><rtept lat="42.499855" lon="-123.533294"></rtept><rtept lat="42.502352" lon="-123.533248"></rtept><rtept lat="42.505960" lon="-123.533183"></rtept><rtept lat="42.506013" lon="-123.528452"></rtept><rtept lat="42.506067" lon="-123.523721"></rtept><rtept lat="42.502479" lon="-123.523697"></rtept><rtept lat="42.499852" lon="-123.523680"></rtept><rtept lat="42.498891" lon="-123.523673"></rtept></rte><rte><name>PASHA</name><type>Area</type><extensions><onx:style>dot</onx:style><onx:weight>4.0</onx:weight><onx:color>rgba(255, 51, 0, 1)</onx:color></extensions><rtept lat="42.378786" lon="-123.199625"></rtept><rtept lat="42.382446" lon="-123.199651"></rtept><rtept lat="42.386110" lon="-123.199678"></rtept><rtept lat="42.389826" lon="-123.199704"></rtept><rtept lat="42.389808" lon="-123.194770"></rtept><rtept lat="42.389791" lon="-123.189836"></rtept><rtept lat="42.386100" lon="-123.189858"></rtept><rtept lat="42.382448" lon="-123.189880"></rtept><rtept lat="42.378771" lon="-123.189919"></rtept><rtept lat="42.375094" lon="-123.189958"></rtept><rtept lat="42.375111" lon="-123.194778"></rtept><rtept lat="42.375127" lon="-123.199598"></rtept><rtept lat="42.378786" lon="-123.199625"></rtept></rte><rte><name>GOLD STANDARD</name><type>Area</type><extensions><onx:style>dot</onx:style><onx:weight>4.0</onx:weight><onx:color>rgba(255, 51, 0, 1)</onx:color></extensions><rtept lat="42.284205" lon="-123.252000"></rtept><rtept lat="42.284185" lon="-123.254441"></rtept><rtept lat="42.286021" lon="-123.254432"></rtept><rtept lat="42.287858" lon="-123.254423"></rtept><rtept lat="42.287885" lon="-123.251988"></rtept><rtept lat="42.286045" lon="-123.251994"></rtept><rtept lat="42.284205" lon="-123.252000"></rtept></rte><rte><name>OLYMPIA</name><type>Area</type><extensions><onx:style>dot</onx:style><onx:weight>4.0</onx:weight><onx:color>rgba(255, 51, 0, 1)</onx:color></extensions><rtept lat="42.688317" lon="-123.279251"></rtept><rtept lat="42.691898" lon="-123.279255"></rtept><rtept lat="42.695479" lon="-123.279260"></rtept><rtept lat="42.699143" lon="-123.279234"></rtept><rtept lat="42.700000" lon="-123.279228"></rtept><rtept lat="42.700000" lon="-123.259242"></rtept><rtept lat="42.698953" lon="-123.259235"></rtept><rtept lat="42.695265" lon="-123.259210"></rtept><rtept lat="42.695423" lon="-123.264251"></rtept><rtept lat="42.695582" lon="-123.269292"></rtept><rtept lat="42.691959" lon="-123.269279"></rtept><rtept lat="42.689464" lon="-123.269270"></rtept><rtept lat="42.688335" lon="-123.269266"></rtept><rtept lat="42.688332" lon="-123.271030"></rtept><rtept lat="42.688326" lon="-123.274258"></rtept><rtept lat="42.688317" lon="-123.279251"></rtept></rte><rte><name>BASEMENT</name><type>Area</type><extensions><onx:style>dot</onx:style><onx:weight>4.0</onx:weight><onx:color>rgba(255, 51, 0, 1)</onx:color></extensions><rtept lat="42.498340" lon="-123.072733"></rtept><rtept lat="42.494785" lon="-123.072691"></rtept><rtept lat="42.491231" lon="-123.072649"></rtept><rtept lat="42.491235" lon="-123.077580"></rtept><rtept lat="42.491237" lon="-123.080045"></rtept><rtept lat="42.491239" lon="-123.082510"></rtept><rtept lat="42.494821" lon="-123.082539"></rtept><rtept lat="42.498402" lon="-123.082567"></rtept><rtept lat="42.498371" lon="-123.077650"></rtept><rtept lat="42.498340" lon="-123.072733"></rtept></rte><rte><name>BEAR SIGN</name><type>Area</type><extensions><onx:style>dot</onx:style><onx:weight>4.0</onx:weight><onx:color>rgba(255, 51, 0, 1)</onx:color></extensions><rtept lat="42.498340" lon="-123.072733"></rtept><rtept lat="42.494785" lon="-123.072691"></rtept><rtept lat="42.491231" lon="-123.072649"></rtept><rtept lat="42.491235" lon="-123.077580"></rtept><rtept lat="42.491237" lon="-123.080045"></rtept><rtept lat="42.491239" lon="-123.082510"></rtept><rtept lat="42.494821" lon="-123.082539"></rtept><rtept lat="42.498402" lon="-123.082567"></rtept><rtept lat="42.498371" lon="-123.077650"></rtept><rtept lat="42.498340" lon="-123.072733"></rtept></rte><rte><name>LONE EAGLE</name><type>Area</type><extensions><onx:style>dot</onx:style><onx:weight>4.0</onx:weight><onx:color>rgba(255, 51, 0, 1)</onx:color></extensions><rtept lat="42.498340" lon="-123.072733"></rtept><rtept lat="42.494785" lon="-123.072691"></rtept><rtept lat="42.491231" lon="-123.072649"></rtept><rtept lat="42.491235" lon="-123.077580"></rtept><rtept lat="42.491237" lon="-123.080045"></rtept><rtept lat="42.491239" lon="-123.082510"></rtept><rtept lat="42.494821" lon="-123.082539"></rtept><rtept lat="42.498402" lon="-123.082567"></rtept><rtept lat="42.498371" lon="-123.077650"></rtept><rtept lat="42.498340" lon="-123.072733"></rtept></rte><rte><name>POISON OAK</name><type>Area</type><extensions><onx:style>dot</onx:style><onx:weight>4.0</onx:weight><onx:color>rgba(255, 51, 0, 1)</onx:color></extensions><rtept lat="42.498340" lon="-123.072733"></rtept><rtept lat="42.494785" lon="-123.072691"></rtept><rtept lat="42.491231" lon="-123.072649"></rtept><rtept lat="42.491235" lon="-123.077580"></rtept><rtept lat="42.491237" lon="-123.080045"></rtept><rtept lat="42.491239" lon="-123.082510"></rtept><rtept lat="42.494821" lon="-123.082539"></rtept><rtept lat="42.498402" lon="-123.082567"></rtept><rtept lat="42.498371" lon="-123.077650"></rtept><rtept lat="42.498340" lon="-123.072733"></rtept></rte><rte><name>STEEP SIDE</name><type>Area</type><extensions><onx:style>dot</onx:style><onx:weight>4.0</onx:weight><onx:color>rgba(255, 51, 0, 1)</onx:color></extensions><rtept lat="42.498340" lon="-123.072733"></rtept><rtept lat="42.494785" lon="-123.072691"></rtept><rtept lat="42.491231" lon="-123.072649"></rtept><rtept lat="42.491235" lon="-123.077580"></rtept><rtept lat="42.491237" lon="-123.080045"></rtept><rtept lat="42.491239" lon="-123.082510"></rtept><rtept lat="42.494821" lon="-123.082539"></rtept><rtept lat="42.498402" lon="-123.082567"></rtept><rtept lat="42.498371" lon="-123.077650"></rtept><rtept lat="42.498340" lon="-123.072733"></rtept></rte><rte><name>DEWEY</name><type>Area</type><extensions><onx:style>dot</onx:style><onx:weight>4.0</onx:weight><onx:color>rgba(255, 51, 0, 1)</onx:color></extensions><rtept lat="42.695423" lon="-123.264251"></rtept><rtept lat="42.695265" lon="-123.259210"></rtept><rtept lat="42.691683" lon="-123.259187"></rtept><rtept lat="42.688101" lon="-123.259165"></rtept><rtept lat="42.688218" lon="-123.264215"></rtept><rtept lat="42.688310" lon="-123.268191"></rtept><rtept lat="42.688335" lon="-123.269266"></rtept><rtept lat="42.688332" lon="-123.271030"></rtept><rtept lat="42.688326" lon="-123.274258"></rtept><rtept lat="42.688317" lon="-123.279251"></rtept><rtept lat="42.691898" lon="-123.279255"></rtept><rtept lat="42.695479" lon="-123.279260"></rtept><rtept lat="42.695531" lon="-123.274276"></rtept><rtept lat="42.695582" lon="-123.269292"></rtept><rtept lat="42.695423" lon="-123.264251"></rtept></rte><rte><name>OREL</name><type>Area</type><extensions><onx:style>dot</onx:style><onx:weight>4.0</onx:weight><onx:color>rgba(255, 51, 0, 1)</onx:color></extensions><rtept lat="42.695423" lon="-123.264251"></rtept><rtept lat="42.695265" lon="-123.259210"></rtept><rtept lat="42.691683" lon="-123.259187"></rtept><rtept lat="42.688101" lon="-123.259165"></rtept><rtept lat="42.688218" lon="-123.264215"></rtept><rtept lat="42.688310" lon="-123.268191"></rtept><rtept lat="42.688335" lon="-123.269266"></rtept><rtept lat="42.688332" lon="-123.271030"></rtept><rtept lat="42.688326" lon="-123.274258"></rtept><rtept lat="42.688317" lon="-123.279251"></rtept><rtept lat="42.691898" lon="-123.279255"></rtept><rtept lat="42.695479" lon="-123.279260"></rtept><rtept lat="42.695531" lon="-123.274276"></rtept><rtept lat="42.695582" lon="-123.269292"></rtept><rtept lat="42.695423" lon="-123.264251"></rtept></rte><rte><name>SPOTTED FAWN</name><type>Area</type><extensions><onx:style>dot</onx:style><onx:weight>4.0</onx:weight><onx:color>rgba(255, 51, 0, 1)</onx:color></extensions><rtept lat="42.688317" lon="-123.279251"></rtept><rtept lat="42.691898" lon="-123.279255"></rtept><rtept lat="42.695479" lon="-123.279260"></rtept><rtept lat="42.695531" lon="-123.274276"></rtept><rtept lat="42.695582" lon="-123.269292"></rtept><rtept lat="42.691959" lon="-123.269279"></rtept><rtept lat="42.689464" lon="-123.269270"></rtept><rtept lat="42.688335" lon="-123.269266"></rtept><rtept lat="42.688332" lon="-123.271030"></rtept><rtept lat="42.688326" lon="-123.274258"></rtept><rtept lat="42.688317" lon="-123.279251"></rtept></rte><rte><name>AM-1</name><type>Area</type><extensions><onx:style>dot</onx:style><onx:weight>4.0</onx:weight><onx:color>rgba(255, 51, 0, 1)</onx:color></extensions><rtept lat="42.411520" lon="-123.287795"></rtept><rtept lat="42.415086" lon="-123.287809"></rtept><rtept lat="42.415097" lon="-123.287809"></rtept><rtept lat="42.415106" lon="-123.287809"></rtept><rtept lat="42.418691" lon="-123.287823"></rtept><rtept lat="42.418703" lon="-123.282977"></rtept><rtept lat="42.418705" lon="-123.282408"></rtept><rtept lat="42.418715" lon="-123.278131"></rtept><rtept lat="42.418717" lon="-123.277560"></rtept><rtept lat="42.416657" lon="-123.277548"></rtept><rtept lat="42.415173" lon="-123.277539"></rtept><rtept lat="42.413915" lon="-123.277531"></rtept><rtept lat="42.411585" lon="-123.277517"></rtept><rtept lat="42.411547" lon="-123.282391"></rtept><rtept lat="42.411497" lon="-123.287795"></rtept><rtept lat="42.411504" lon="-123.287795"></rtept><rtept lat="42.411520" lon="-123.287795"></rtept></rte><rte><name>AM-2</name><type>Area</type><extensions><onx:style>dot</onx:style><onx:weight>4.0</onx:weight><onx:color>rgba(255, 51, 0, 1)</onx:color></extensions><rtept lat="42.411520" lon="-123.287795"></rtept><rtept lat="42.415086" lon="-123.287809"></rtept><rtept lat="42.415097" lon="-123.287809"></rtept><rtept lat="42.415106" lon="-123.287809"></rtept><rtept lat="42.418691" lon="-123.287823"></rtept><rtept lat="42.418703" lon="-123.282977"></rtept><rtept lat="42.418705" lon="-123.282408"></rtept><rtept lat="42.418715" lon="-123.278131"></rtept><rtept lat="42.418717" lon="-123.277560"></rtept><rtept lat="42.416657" lon="-123.277548"></rtept><rtept lat="42.415173" lon="-123.277539"></rtept><rtept lat="42.413915" lon="-123.277531"></rtept><rtept lat="42.411585" lon="-123.277517"></rtept><rtept lat="42.411547" lon="-123.282391"></rtept><rtept lat="42.411497" lon="-123.287795"></rtept><rtept lat="42.411504" lon="-123.287795"></rtept><rtept lat="42.411520" lon="-123.287795"></rtept></rte><rte><name>AM-3</name><type>Area</type><extensions><onx:style>dot</onx:style><onx:weight>4.0</onx:weight><onx:color>rgba(255, 51, 0, 1)</onx:color></extensions><rtept lat="42.404318" lon="-123.287680"></rtept><rtept lat="42.405802" lon="-123.287703"></rtept><rtept lat="42.407464" lon="-123.287730"></rtept><rtept lat="42.407877" lon="-123.287737"></rtept><rtept lat="42.407911" lon="-123.287737"></rtept><rtept lat="42.407919" lon="-123.287737"></rtept><rtept lat="42.411481" lon="-123.287794"></rtept><rtept lat="42.411497" lon="-123.287795"></rtept><rtept lat="42.411547" lon="-123.282391"></rtept><rtept lat="42.411585" lon="-123.277517"></rtept><rtept lat="42.408026" lon="-123.277495"></rtept><rtept lat="42.406247" lon="-123.277484"></rtept><rtept lat="42.404467" lon="-123.277473"></rtept><rtept lat="42.404403" lon="-123.281829"></rtept><rtept lat="42.404396" lon="-123.282333"></rtept><rtept lat="42.404332" lon="-123.286698"></rtept><rtept lat="42.404318" lon="-123.287680"></rtept></rte><rte><name>AM-4</name><type>Area</type><extensions><onx:style>dot</onx:style><onx:weight>4.0</onx:weight><onx:color>rgba(255, 51, 0, 1)</onx:color></extensions><rtept lat="42.404318" lon="-123.287680"></rtept><rtept lat="42.405802" lon="-123.287703"></rtept><rtept lat="42.407464" lon="-123.287730"></rtept><rtept lat="42.407877" lon="-123.287737"></rtept><rtept lat="42.407911" lon="-123.287737"></rtept><rtept lat="42.407919" lon="-123.287737"></rtept><rtept lat="42.411481" lon="-123.287794"></rtept><rtept lat="42.411497" lon="-123.287795"></rtept><rtept lat="42.411547" lon="-123.282391"></rtept><rtept lat="42.411585" lon="-123.277517"></rtept><rtept lat="42.408026" lon="-123.277495"></rtept><rtept lat="42.406247" lon="-123.277484"></rtept><rtept lat="42.404467" lon="-123.277473"></rtept><rtept lat="42.404403" lon="-123.281829"></rtept><rtept lat="42.404396" lon="-123.282333"></rtept><rtept lat="42.404332" lon="-123.286698"></rtept><rtept lat="42.404318" lon="-123.287680"></rtept></rte><rte><name>AM-5</name><type>Area</type><extensions><onx:style>dot</onx:style><onx:weight>4.0</onx:weight><onx:color>rgba(255, 51, 0, 1)</onx:color></extensions><rtept lat="42.404318" lon="-123.287680"></rtept><rtept lat="42.405802" lon="-123.287703"></rtept><rtept lat="42.407464" lon="-123.287730"></rtept><rtept lat="42.407877" lon="-123.287737"></rtept><rtept lat="42.407911" lon="-123.287737"></rtept><rtept lat="42.407919" lon="-123.287737"></rtept><rtept lat="42.411481" lon="-123.287794"></rtept><rtept lat="42.411497" lon="-123.287795"></rtept><rtept lat="42.411547" lon="-123.282391"></rtept><rtept lat="42.411585" lon="-123.277517"></rtept><rtept lat="42.408026" lon="-123.277495"></rtept><rtept lat="42.406247" lon="-123.277484"></rtept><rtept lat="42.404467" lon="-123.277473"></rtept><rtept lat="42.404403" lon="-123.281829"></rtept><rtept lat="42.404396" lon="-123.282333"></rtept><rtept lat="42.404332" lon="-123.286698"></rtept><rtept lat="42.404318" lon="-123.287680"></rtept></rte><rte><name>AM-6</name><type>Area</type><extensions><onx:style>dot</onx:style><onx:weight>4.0</onx:weight><onx:color>rgba(255, 51, 0, 1)</onx:color></extensions><rtept lat="42.404450" lon="-123.275066"></rtept><rtept lat="42.404467" lon="-123.277473"></rtept><rtept lat="42.406247" lon="-123.277484"></rtept><rtept lat="42.408026" lon="-123.277495"></rtept><rtept lat="42.411585" lon="-123.277517"></rtept><rtept lat="42.411623" lon="-123.272681"></rtept><rtept lat="42.411660" lon="-123.267846"></rtept><rtept lat="42.409846" lon="-123.267848"></rtept><rtept lat="42.408030" lon="-123.267848"></rtept><rtept lat="42.404397" lon="-123.267845"></rtept><rtept lat="42.404432" lon="-123.272659"></rtept><rtept lat="42.404450" lon="-123.275066"></rtept></rte><rte><name>AM-7</name><type>Area</type><extensions><onx:style>dot</onx:style><onx:weight>4.0</onx:weight><onx:color>rgba(255, 51, 0, 1)</onx:color></extensions><rtept lat="42.404450" lon="-123.275066"></rtept><rtept lat="42.404467" lon="-123.277473"></rtept><rtept lat="42.406247" lon="-123.277484"></rtept><rtept lat="42.408026" lon="-123.277495"></rtept><rtept lat="42.411585" lon="-123.277517"></rtept><rtept lat="42.411623" lon="-123.272681"></rtept><rtept lat="42.411660" lon="-123.267846"></rtept><rtept lat="42.409846" lon="-123.267848"></rtept><rtept lat="42.408030" lon="-123.267848"></rtept><rtept lat="42.404397" lon="-123.267845"></rtept><rtept lat="42.404432" lon="-123.272659"></rtept><rtept lat="42.404450" lon="-123.275066"></rtept></rte><rte><name>AM-8</name><type>Area</type><extensions><onx:style>dot</onx:style><onx:weight>4.0</onx:weight><onx:color>rgba(255, 51, 0, 1)</onx:color></extensions><rtept lat="42.404467" lon="-123.277473"></rtept><rtept lat="42.404450" lon="-123.275066"></rtept><rtept lat="42.404432" lon="-123.272659"></rtept><rtept lat="42.404397" lon="-123.267845"></rtept><rtept lat="42.400831" lon="-123.267815"></rtept><rtept lat="42.397265" lon="-123.267785"></rtept><rtept lat="42.397236" lon="-123.272619"></rtept><rtept lat="42.397206" lon="-123.277453"></rtept><rtept lat="42.400837" lon="-123.277463"></rtept><rtept lat="42.404467" lon="-123.277473"></rtept></rte><rte><name>AM-9</name><type>Area</type><extensions><onx:style>dot</onx:style><onx:weight>4.0</onx:weight><onx:color>rgba(255, 51, 0, 1)</onx:color></extensions><rtept lat="42.404467" lon="-123.277473"></rtept><rtept lat="42.404450" lon="-123.275066"></rtept><rtept lat="42.404432" lon="-123.272659"></rtept><rtept lat="42.404397" lon="-123.267845"></rtept><rtept lat="42.400831" lon="-123.267815"></rtept><rtept lat="42.397265" lon="-123.267785"></rtept><rtept lat="42.397236" lon="-123.272619"></rtept><rtept lat="42.397206" lon="-123.277453"></rtept><rtept lat="42.400837" lon="-123.277463"></rtept><rtept lat="42.404467" lon="-123.277473"></rtept></rte><rte><name>AM-10</name><type>Area</type><extensions><onx:style>dot</onx:style><onx:weight>4.0</onx:weight><onx:color>rgba(255, 51, 0, 1)</onx:color></extensions><rtept lat="42.404467" lon="-123.277473"></rtept><rtept lat="42.404450" lon="-123.275066"></rtept><rtept lat="42.404432" lon="-123.272659"></rtept><rtept lat="42.404397" lon="-123.267845"></rtept><rtept lat="42.400831" lon="-123.267815"></rtept><rtept lat="42.397265" lon="-123.267785"></rtept><rtept lat="42.397236" lon="-123.272619"></rtept><rtept lat="42.397206" lon="-123.277453"></rtept><rtept lat="42.400837" lon="-123.277463"></rtept><rtept lat="42.404467" lon="-123.277473"></rtept></rte><rte><name>AM-11</name><type>Area</type><extensions><onx:style>dot</onx:style><onx:weight>4.0</onx:weight><onx:color>rgba(255, 51, 0, 1)</onx:color></extensions><rtept lat="42.404450" lon="-123.275066"></rtept><rtept lat="42.404467" lon="-123.277473"></rtept><rtept lat="42.406247" lon="-123.277484"></rtept><rtept lat="42.408026" lon="-123.277495"></rtept><rtept lat="42.411585" lon="-123.277517"></rtept><rtept lat="42.411623" lon="-123.272681"></rtept><rtept lat="42.411660" lon="-123.267846"></rtept><rtept lat="42.409846" lon="-123.267848"></rtept><rtept lat="42.408030" lon="-123.267848"></rtept><rtept lat="42.404397" lon="-123.267845"></rtept><rtept lat="42.404432" lon="-123.272659"></rtept><rtept lat="42.404450" lon="-123.275066"></rtept></rte><rte><name>AM-12</name><type>Area</type><extensions><onx:style>dot</onx:style><onx:weight>4.0</onx:weight><onx:color>rgba(255, 51, 0, 1)</onx:color></extensions><rtept lat="42.404450" lon="-123.275066"></rtept><rtept lat="42.404467" lon="-123.277473"></rtept><rtept lat="42.406247" lon="-123.277484"></rtept><rtept lat="42.408026" lon="-123.277495"></rtept><rtept lat="42.411585" lon="-123.277517"></rtept><rtept lat="42.411623" lon="-123.272681"></rtept><rtept lat="42.411660" lon="-123.267846"></rtept><rtept lat="42.409846" lon="-123.267848"></rtept><rtept lat="42.408030" lon="-123.267848"></rtept><rtept lat="42.404397" lon="-123.267845"></rtept><rtept lat="42.404432" lon="-123.272659"></rtept><rtept lat="42.404450" lon="-123.275066"></rtept></rte><rte><name>AM-13</name><type>Area</type><extensions><onx:style>dot</onx:style><onx:weight>4.0</onx:weight><onx:color>rgba(255, 51, 0, 1)</onx:color></extensions><rtept lat="42.404450" lon="-123.275066"></rtept><rtept lat="42.404467" lon="-123.277473"></rtept><rtept lat="42.406247" lon="-123.277484"></rtept><rtept lat="42.408026" lon="-123.277495"></rtept><rtept lat="42.411585" lon="-123.277517"></rtept><rtept lat="42.411623" lon="-123.272681"></rtept><rtept lat="42.411660" lon="-123.267846"></rtept><rtept lat="42.409846" lon="-123.267848"></rtept><rtept lat="42.408030" lon="-123.267848"></rtept><rtept lat="42.404397" lon="-123.267845"></rtept><rtept lat="42.404432" lon="-123.272659"></rtept><rtept lat="42.404450" lon="-123.275066"></rtept></rte><rte><name>AM-14</name><type>Area</type><extensions><onx:style>dot</onx:style><onx:weight>4.0</onx:weight><onx:color>rgba(255, 51, 0, 1)</onx:color></extensions><rtept lat="42.404318" lon="-123.287680"></rtept><rtept lat="42.405802" lon="-123.287703"></rtept><rtept lat="42.407464" lon="-123.287730"></rtept><rtept lat="42.407877" lon="-123.287737"></rtept><rtept lat="42.407911" lon="-123.287737"></rtept><rtept lat="42.407919" lon="-123.287737"></rtept><rtept lat="42.411481" lon="-123.287794"></rtept><rtept lat="42.411497" lon="-123.287795"></rtept><rtept lat="42.411547" lon="-123.282391"></rtept><rtept lat="42.411585" lon="-123.277517"></rtept><rtept lat="42.408026" lon="-123.277495"></rtept><rtept lat="42.406247" lon="-123.277484"></rtept><rtept lat="42.404467" lon="-123.277473"></rtept><rtept lat="42.404403" lon="-123.281829"></rtept><rtept lat="42.404396" lon="-123.282333"></rtept><rtept lat="42.404332" lon="-123.286698"></rtept><rtept lat="42.404318" lon="-123.287680"></rtept></rte><rte><name>AM-15</name><type>Area</type><extensions><onx:style>dot</onx:style><onx:weight>4.0</onx:weight><onx:color>rgba(255, 51, 0, 1)</onx:color></extensions><rtept lat="42.404318" lon="-123.287680"></rtept><rtept lat="42.405802" lon="-123.287703"></rtept><rtept lat="42.407464" lon="-123.287730"></rtept><rtept lat="42.407877" lon="-123.287737"></rtept><rtept lat="42.407911" lon="-123.287737"></rtept><rtept lat="42.407919" lon="-123.287737"></rtept><rtept lat="42.411481" lon="-123.287794"></rtept><rtept lat="42.411497" lon="-123.287795"></rtept><rtept lat="42.411547" lon="-123.282391"></rtept><rtept lat="42.411585" lon="-123.277517"></rtept><rtept lat="42.408026" lon="-123.277495"></rtept><rtept lat="42.406247" lon="-123.277484"></rtept><rtept lat="42.404467" lon="-123.277473"></rtept><rtept lat="42.404403" lon="-123.281829"></rtept><rtept lat="42.404396" lon="-123.282333"></rtept><rtept lat="42.404332" lon="-123.286698"></rtept><rtept lat="42.404318" lon="-123.287680"></rtept></rte><rte><name>AM-16</name><type>Area</type><extensions><onx:style>dot</onx:style><onx:weight>4.0</onx:weight><onx:color>rgba(255, 51, 0, 1)</onx:color></extensions><rtept lat="42.411520" lon="-123.287795"></rtept><rtept lat="42.415086" lon="-123.287809"></rtept><rtept lat="42.415097" lon="-123.287809"></rtept><rtept lat="42.415106" lon="-123.287809"></rtept><rtept lat="42.418691" lon="-123.287823"></rtept><rtept lat="42.418703" lon="-123.282977"></rtept><rtept lat="42.418705" lon="-123.282408"></rtept><rtept lat="42.418715" lon="-123.278131"></rtept><rtept lat="42.418717" lon="-123.277560"></rtept><rtept lat="42.416657" lon="-123.277548"></rtept><rtept lat="42.415173" lon="-123.277539"></rtept><rtept lat="42.413915" lon="-123.277531"></rtept><rtept lat="42.411585" lon="-123.277517"></rtept><rtept lat="42.411547" lon="-123.282391"></rtept><rtept lat="42.411497" lon="-123.287795"></rtept><rtept lat="42.411504" lon="-123.287795"></rtept><rtept lat="42.411520" lon="-123.287795"></rtept></rte><rte><name>AM-17</name><type>Area</type><extensions><onx:style>dot</onx:style><onx:weight>4.0</onx:weight><onx:color>rgba(255, 51, 0, 1)</onx:color></extensions><rtept lat="42.411520" lon="-123.287795"></rtept><rtept lat="42.415086" lon="-123.287809"></rtept><rtept lat="42.415097" lon="-123.287809"></rtept><rtept lat="42.415106" lon="-123.287809"></rtept><rtept lat="42.418691" lon="-123.287823"></rtept><rtept lat="42.418703" lon="-123.282977"></rtept><rtept lat="42.418705" lon="-123.282408"></rtept><rtept lat="42.418715" lon="-123.278131"></rtept><rtept lat="42.418717" lon="-123.277560"></rtept><rtept lat="42.416657" lon="-123.277548"></rtept><rtept lat="42.415173" lon="-123.277539"></rtept><rtept lat="42.413915" lon="-123.277531"></rtept><rtept lat="42.411585" lon="-123.277517"></rtept><rtept lat="42.411547" lon="-123.282391"></rtept><rtept lat="42.411497" lon="-123.287795"></rtept><rtept lat="42.411504" lon="-123.287795"></rtept><rtept lat="42.411520" lon="-123.287795"></rtept></rte><rte><name>AM-18</name><type>Area</type><extensions><onx:style>dot</onx:style><onx:weight>4.0</onx:weight><onx:color>rgba(255, 51, 0, 1)</onx:color></extensions><rtept lat="42.404232" lon="-123.287678"></rtept><rtept lat="42.404318" lon="-123.287680"></rtept><rtept lat="42.404332" lon="-123.286698"></rtept><rtept lat="42.404396" lon="-123.282333"></rtept><rtept lat="42.404403" lon="-123.281829"></rtept><rtept lat="42.404467" lon="-123.277473"></rtept><rtept lat="42.400837" lon="-123.277463"></rtept><rtept lat="42.397206" lon="-123.277453"></rtept><rtept lat="42.397191" lon="-123.279863"></rtept><rtept lat="42.397177" lon="-123.282273"></rtept><rtept lat="42.397145" lon="-123.287520"></rtept><rtept lat="42.399725" lon="-123.287577"></rtept><rtept lat="42.400619" lon="-123.287597"></rtept><rtept lat="42.400731" lon="-123.287600"></rtept><rtept lat="42.404232" lon="-123.287678"></rtept></rte><rte><name>AM-19</name><type>Area</type><extensions><onx:style>dot</onx:style><onx:weight>4.0</onx:weight><onx:color>rgba(255, 51, 0, 1)</onx:color></extensions><rtept lat="42.404232" lon="-123.287678"></rtept><rtept lat="42.404318" lon="-123.287680"></rtept><rtept lat="42.404332" lon="-123.286698"></rtept><rtept lat="42.404396" lon="-123.282333"></rtept><rtept lat="42.404403" lon="-123.281829"></rtept><rtept lat="42.404467" lon="-123.277473"></rtept><rtept lat="42.400837" lon="-123.277463"></rtept><rtept lat="42.397206" lon="-123.277453"></rtept><rtept lat="42.397191" lon="-123.279863"></rtept><rtept lat="42.397177" lon="-123.282273"></rtept><rtept lat="42.397145" lon="-123.287520"></rtept><rtept lat="42.399725" lon="-123.287577"></rtept><rtept lat="42.400619" lon="-123.287597"></rtept><rtept lat="42.400731" lon="-123.287600"></rtept><rtept lat="42.404232" lon="-123.287678"></rtept></rte><rte><name>AM-20</name><type>Area</type><extensions><onx:style>dot</onx:style><onx:weight>4.0</onx:weight><onx:color>rgba(255, 51, 0, 1)</onx:color></extensions><rtept lat="42.411585" lon="-123.277517"></rtept><rtept lat="42.413915" lon="-123.277531"></rtept><rtept lat="42.415173" lon="-123.277539"></rtept><rtept lat="42.416657" lon="-123.277548"></rtept><rtept lat="42.418717" lon="-123.277560"></rtept><rtept lat="42.418727" lon="-123.273224"></rtept><rtept lat="42.418729" lon="-123.272713"></rtept><rtept lat="42.418739" lon="-123.268317"></rtept><rtept lat="42.418744" lon="-123.267865"></rtept><rtept lat="42.415225" lon="-123.267856"></rtept><rtept lat="42.411660" lon="-123.267846"></rtept><rtept lat="42.411623" lon="-123.272681"></rtept><rtept lat="42.411585" lon="-123.277517"></rtept></rte><rte><name>AM-21</name><type>Area</type><extensions><onx:style>dot</onx:style><onx:weight>4.0</onx:weight><onx:color>rgba(255, 51, 0, 1)</onx:color></extensions><rtept lat="42.404450" lon="-123.275066"></rtept><rtept lat="42.404467" lon="-123.277473"></rtept><rtept lat="42.406247" lon="-123.277484"></rtept><rtept lat="42.408026" lon="-123.277495"></rtept><rtept lat="42.411585" lon="-123.277517"></rtept><rtept lat="42.411623" lon="-123.272681"></rtept><rtept lat="42.411660" lon="-123.267846"></rtept><rtept lat="42.409846" lon="-123.267848"></rtept><rtept lat="42.408030" lon="-123.267848"></rtept><rtept lat="42.404397" lon="-123.267845"></rtept><rtept lat="42.404432" lon="-123.272659"></rtept><rtept lat="42.404450" lon="-123.275066"></rtept></rte><rte><name>AM-22</name><type>Area</type><extensions><onx:style>dot</onx:style><onx:weight>4.0</onx:weight><onx:color>rgba(255, 51, 0, 1)</onx:color></extensions><rtept lat="42.404450" lon="-123.275066"></rtept><rtept lat="42.404467" lon="-123.277473"></rtept><rtept lat="42.406247" lon="-123.277484"></rtept><rtept lat="42.408026" lon="-123.277495"></rtept><rtept lat="42.411585" lon="-123.277517"></rtept><rtept lat="42.411623" lon="-123.272681"></rtept><rtept lat="42.411660" lon="-123.267846"></rtept><rtept lat="42.409846" lon="-123.267848"></rtept><rtept lat="42.408030" lon="-123.267848"></rtept><rtept lat="42.404397" lon="-123.267845"></rtept><rtept lat="42.404432" lon="-123.272659"></rtept><rtept lat="42.404450" lon="-123.275066"></rtept></rte><rte><name>AM-23</name><type>Area</type><extensions><onx:style>dot</onx:style><onx:weight>4.0</onx:weight><onx:color>rgba(255, 51, 0, 1)</onx:color></extensions><rtept lat="42.404450" lon="-123.275066"></rtept><rtept lat="42.404467" lon="-123.277473"></rtept><rtept lat="42.406247" lon="-123.277484"></rtept><rtept lat="42.408026" lon="-123.277495"></rtept><rtept lat="42.411585" lon="-123.277517"></rtept><rtept lat="42.411623" lon="-123.272681"></rtept><rtept lat="42.411660" lon="-123.267846"></rtept><rtept lat="42.409846" lon="-123.267848"></rtept><rtept lat="42.408030" lon="-123.267848"></rtept><rtept lat="42.404397" lon="-123.267845"></rtept><rtept lat="42.404432" lon="-123.272659"></rtept><rtept lat="42.404450" lon="-123.275066"></rtept></rte><rte><name>AM-24</name><type>Area</type><extensions><onx:style>dot</onx:style><onx:weight>4.0</onx:weight><onx:color>rgba(255, 51, 0, 1)</onx:color></extensions><rtept lat="42.404450" lon="-123.275066"></rtept><rtept lat="42.404467" lon="-123.277473"></rtept><rtept lat="42.406247" lon="-123.277484"></rtept><rtept lat="42.408026" lon="-123.277495"></rtept><rtept lat="42.411585" lon="-123.277517"></rtept><rtept lat="42.411623" lon="-123.272681"></rtept><rtept lat="42.411660" lon="-123.267846"></rtept><rtept lat="42.409846" lon="-123.267848"></rtept><rtept lat="42.408030" lon="-123.267848"></rtept><rtept lat="42.404397" lon="-123.267845"></rtept><rtept lat="42.404432" lon="-123.272659"></rtept><rtept lat="42.404450" lon="-123.275066"></rtept></rte><rte><name>AM-25</name><type>Area</type><extensions><onx:style>dot</onx:style><onx:weight>4.0</onx:weight><onx:color>rgba(255, 51, 0, 1)</onx:color></extensions><rtept lat="42.404450" lon="-123.275066"></rtept><rtept lat="42.404467" lon="-123.277473"></rtept><rtept lat="42.406247" lon="-123.277484"></rtept><rtept lat="42.408026" lon="-123.277495"></rtept><rtept lat="42.411585" lon="-123.277517"></rtept><rtept lat="42.411623" lon="-123.272681"></rtept><rtept lat="42.411660" lon="-123.267846"></rtept><rtept lat="42.409846" lon="-123.267848"></rtept><rtept lat="42.408030" lon="-123.267848"></rtept><rtept lat="42.404397" lon="-123.267845"></rtept><rtept lat="42.404432" lon="-123.272659"></rtept><rtept lat="42.404450" lon="-123.275066"></rtept></rte><rte><name>AM-26</name><type>Area</type><extensions><onx:style>dot</onx:style><onx:weight>4.0</onx:weight><onx:color>rgba(255, 51, 0, 1)</onx:color></extensions><rtept lat="42.404467" lon="-123.277473"></rtept><rtept lat="42.404450" lon="-123.275066"></rtept><rtept lat="42.404432" lon="-123.272659"></rtept><rtept lat="42.404397" lon="-123.267845"></rtept><rtept lat="42.400831" lon="-123.267815"></rtept><rtept lat="42.397265" lon="-123.267785"></rtept><rtept lat="42.397236" lon="-123.272619"></rtept><rtept lat="42.397206" lon="-123.277453"></rtept><rtept lat="42.400837" lon="-123.277463"></rtept><rtept lat="42.404467" lon="-123.277473"></rtept></rte><rte><name>AM-27</name><type>Area</type><extensions><onx:style>dot</onx:style><onx:weight>4.0</onx:weight><onx:color>rgba(255, 51, 0, 1)</onx:color></extensions><rtept lat="42.404467" lon="-123.277473"></rtept><rtept lat="42.404450" lon="-123.275066"></rtept><rtept lat="42.404432" lon="-123.272659"></rtept><rtept lat="42.404397" lon="-123.267845"></rtept><rtept lat="42.400831" lon="-123.267815"></rtept><rtept lat="42.397265" lon="-123.267785"></rtept><rtept lat="42.397236" lon="-123.272619"></rtept><rtept lat="42.397206" lon="-123.277453"></rtept><rtept lat="42.400837" lon="-123.277463"></rtept><rtept lat="42.404467" lon="-123.277473"></rtept></rte><rte><name>AM-28</name><type>Area</type><extensions><onx:style>dot</onx:style><onx:weight>4.0</onx:weight><onx:color>rgba(255, 51, 0, 1)</onx:color></extensions><rtept lat="42.404467" lon="-123.277473"></rtept><rtept lat="42.404450" lon="-123.275066"></rtept><rtept lat="42.404432" lon="-123.272659"></rtept><rtept lat="42.404397" lon="-123.267845"></rtept><rtept lat="42.400831" lon="-123.267815"></rtept><rtept lat="42.397265" lon="-123.267785"></rtept><rtept lat="42.397236" lon="-123.272619"></rtept><rtept lat="42.397206" lon="-123.277453"></rtept><rtept lat="42.400837" lon="-123.277463"></rtept><rtept lat="42.404467" lon="-123.277473"></rtept></rte><rte><name>AM-29</name><type>Area</type><extensions><onx:style>dot</onx:style><onx:weight>4.0</onx:weight><onx:color>rgba(255, 51, 0, 1)</onx:color></extensions><rtept lat="42.404467" lon="-123.277473"></rtept><rtept lat="42.404450" lon="-123.275066"></rtept><rtept lat="42.404432" lon="-123.272659"></rtept><rtept lat="42.404397" lon="-123.267845"></rtept><rtept lat="42.400831" lon="-123.267815"></rtept><rtept lat="42.397265" lon="-123.267785"></rtept><rtept lat="42.397236" lon="-123.272619"></rtept><rtept lat="42.397206" lon="-123.277453"></rtept><rtept lat="42.400837" lon="-123.277463"></rtept><rtept lat="42.404467" lon="-123.277473"></rtept></rte><rte><name>AM-30</name><type>Area</type><extensions><onx:style>dot</onx:style><onx:weight>4.0</onx:weight><onx:color>rgba(255, 51, 0, 1)</onx:color></extensions><rtept lat="42.404450" lon="-123.275066"></rtept><rtept lat="42.404467" lon="-123.277473"></rtept><rtept lat="42.406247" lon="-123.277484"></rtept><rtept lat="42.408026" lon="-123.277495"></rtept><rtept lat="42.411585" lon="-123.277517"></rtept><rtept lat="42.411623" lon="-123.272681"></rtept><rtept lat="42.411660" lon="-123.267846"></rtept><rtept lat="42.409846" lon="-123.267848"></rtept><rtept lat="42.408030" lon="-123.267848"></rtept><rtept lat="42.404397" lon="-123.267845"></rtept><rtept lat="42.404432" lon="-123.272659"></rtept><rtept lat="42.404450" lon="-123.275066"></rtept></rte><rte><name>WESLEY 1</name><type>Area</type><extensions><onx:style>dot</onx:style><onx:weight>4.0</onx:weight><onx:color>rgba(255, 51, 0, 1)</onx:color></extensions><rtept lat="42.644569" lon="-123.308885"></rtept><rtept lat="42.647903" lon="-123.309020"></rtept><rtept lat="42.648350" lon="-123.309029"></rtept><rtept lat="42.649273" lon="-123.309048"></rtept><rtept lat="42.650853" lon="-123.309083"></rtept><rtept lat="42.652131" lon="-123.309105"></rtept><rtept lat="42.652100" lon="-123.304054"></rtept><rtept lat="42.652092" lon="-123.302647"></rtept><rtept lat="42.652070" lon="-123.299003"></rtept><rtept lat="42.648190" lon="-123.298946"></rtept><rtept lat="42.644516" lon="-123.298893"></rtept><rtept lat="42.644542" lon="-123.303889"></rtept><rtept lat="42.644556" lon="-123.306387"></rtept><rtept lat="42.644569" lon="-123.308885"></rtept></rte><rte><name>WESLEY 2</name><type>Area</type><extensions><onx:style>dot</onx:style><onx:weight>4.0</onx:weight><onx:color>rgba(255, 51, 0, 1)</onx:color></extensions><rtept lat="42.644569" lon="-123.308885"></rtept><rtept lat="42.647903" lon="-123.309020"></rtept><rtept lat="42.648350" lon="-123.309029"></rtept><rtept lat="42.649273" lon="-123.309048"></rtept><rtept lat="42.650853" lon="-123.309083"></rtept><rtept lat="42.652131" lon="-123.309105"></rtept><rtept lat="42.652100" lon="-123.304054"></rtept><rtept lat="42.652092" lon="-123.302647"></rtept><rtept lat="42.652070" lon="-123.299003"></rtept><rtept lat="42.648190" lon="-123.298946"></rtept><rtept lat="42.644516" lon="-123.298893"></rtept><rtept lat="42.644542" lon="-123.303889"></rtept><rtept lat="42.644556" lon="-123.306387"></rtept><rtept lat="42.644569" lon="-123.308885"></rtept></rte><rte><name>WESLEY 3</name><type>Area</type><extensions><onx:style>dot</onx:style><onx:weight>4.0</onx:weight><onx:color>rgba(255, 51, 0, 1)</onx:color></extensions><rtept lat="42.637276" lon="-123.302507"></rtept><rtept lat="42.637273" lon="-123.303733"></rtept><rtept lat="42.637297" lon="-123.308686"></rtept><rtept lat="42.639115" lon="-123.308736"></rtept><rtept lat="42.640933" lon="-123.308786"></rtept><rtept lat="42.642722" lon="-123.308827"></rtept><rtept lat="42.644569" lon="-123.308885"></rtept><rtept lat="42.644556" lon="-123.306387"></rtept><rtept lat="42.644542" lon="-123.303889"></rtept><rtept lat="42.644516" lon="-123.298893"></rtept><rtept lat="42.640883" lon="-123.298840"></rtept><rtept lat="42.637249" lon="-123.298787"></rtept><rtept lat="42.637268" lon="-123.300039"></rtept><rtept lat="42.637272" lon="-123.301273"></rtept><rtept lat="42.637276" lon="-123.302507"></rtept></rte><rte><name>WESLEY 4</name><type>Area</type><extensions><onx:style>dot</onx:style><onx:weight>4.0</onx:weight><onx:color>rgba(255, 51, 0, 1)</onx:color></extensions><rtept lat="42.637276" lon="-123.302507"></rtept><rtept lat="42.637273" lon="-123.303733"></rtept><rtept lat="42.637297" lon="-123.308686"></rtept><rtept lat="42.639115" lon="-123.308736"></rtept><rtept lat="42.640933" lon="-123.308786"></rtept><rtept lat="42.642722" lon="-123.308827"></rtept><rtept lat="42.644569" lon="-123.308885"></rtept><rtept lat="42.644556" lon="-123.306387"></rtept><rtept lat="42.644542" lon="-123.303889"></rtept><rtept lat="42.644516" lon="-123.298893"></rtept><rtept lat="42.640883" lon="-123.298840"></rtept><rtept lat="42.637249" lon="-123.298787"></rtept><rtept lat="42.637268" lon="-123.300039"></rtept><rtept lat="42.637272" lon="-123.301273"></rtept><rtept lat="42.637276" lon="-123.302507"></rtept></rte><rte><name>SPIKE BUCK</name><type>Area</type><extensions><onx:style>dot</onx:style><onx:weight>4.0</onx:weight><onx:color>rgba(255, 51, 0, 1)</onx:color></extensions><rtept lat="42.644590" lon="-123.316389"></rtept><rtept lat="42.644598" lon="-123.318886"></rtept><rtept lat="42.648240" lon="-123.318958"></rtept><rtept lat="42.649737" lon="-123.318980"></rtept><rtept lat="42.650589" lon="-123.318993"></rtept><rtept lat="42.652142" lon="-123.319016"></rtept><rtept lat="42.652149" lon="-123.314082"></rtept><rtept lat="42.652152" lon="-123.311615"></rtept><rtept lat="42.652153" lon="-123.310644"></rtept><rtept lat="42.652131" lon="-123.309105"></rtept><rtept lat="42.650853" lon="-123.309083"></rtept><rtept lat="42.649273" lon="-123.309048"></rtept><rtept lat="42.648350" lon="-123.309029"></rtept><rtept lat="42.647903" lon="-123.309020"></rtept><rtept lat="42.644569" lon="-123.308885"></rtept><rtept lat="42.644582" lon="-123.313893"></rtept><rtept lat="42.644590" lon="-123.316389"></rtept></rte><rte><name>WESLEY 5</name><type>Area</type><extensions><onx:style>dot</onx:style><onx:weight>4.0</onx:weight><onx:color>rgba(255, 51, 0, 1)</onx:color></extensions><rtept lat="42.644569" lon="-123.308885"></rtept><rtept lat="42.647903" lon="-123.309020"></rtept><rtept lat="42.648350" lon="-123.309029"></rtept><rtept lat="42.649273" lon="-123.309048"></rtept><rtept lat="42.650853" lon="-123.309083"></rtept><rtept lat="42.652131" lon="-123.309105"></rtept><rtept lat="42.652100" lon="-123.304054"></rtept><rtept lat="42.652092" lon="-123.302647"></rtept><rtept lat="42.652070" lon="-123.299003"></rtept><rtept lat="42.648190" lon="-123.298946"></rtept><rtept lat="42.644516" lon="-123.298893"></rtept><rtept lat="42.644542" lon="-123.303889"></rtept><rtept lat="42.644556" lon="-123.306387"></rtept><rtept lat="42.644569" lon="-123.308885"></rtept></rte><rte><name>WESLEY 6</name><type>Area</type><extensions><onx:style>dot</onx:style><onx:weight>4.0</onx:weight><onx:color>rgba(255, 51, 0, 1)</onx:color></extensions><rtept lat="42.637276" lon="-123.302507"></rtept><rtept lat="42.637273" lon="-123.303733"></rtept><rtept lat="42.637297" lon="-123.308686"></rtept><rtept lat="42.639115" lon="-123.308736"></rtept><rtept lat="42.640933" lon="-123.308786"></rtept><rtept lat="42.642722" lon="-123.308827"></rtept><rtept lat="42.644569" lon="-123.308885"></rtept><rtept lat="42.647903" lon="-123.309020"></rtept><rtept lat="42.648350" lon="-123.309029"></rtept><rtept lat="42.649273" lon="-123.309048"></rtept><rtept lat="42.650853" lon="-123.309083"></rtept><rtept lat="42.652131" lon="-123.309105"></rtept><rtept lat="42.652100" lon="-123.304054"></rtept><rtept lat="42.652092" lon="-123.302647"></rtept><rtept lat="42.652070" lon="-123.299003"></rtept><rtept lat="42.648190" lon="-123.298946"></rtept><rtept lat="42.644516" lon="-123.298893"></rtept><rtept lat="42.640883" lon="-123.298840"></rtept><rtept lat="42.637249" lon="-123.298787"></rtept><rtept lat="42.637268" lon="-123.300039"></rtept><rtept lat="42.637272" lon="-123.301273"></rtept><rtept lat="42.637276" lon="-123.302507"></rtept></rte><rte><name>WESLEY 7</name><type>Area</type><extensions><onx:style>dot</onx:style><onx:weight>4.0</onx:weight><onx:color>rgba(255, 51, 0, 1)</onx:color></extensions><rtept lat="42.637276" lon="-123.302507"></rtept><rtept lat="42.637273" lon="-123.303733"></rtept><rtept lat="42.637297" lon="-123.308686"></rtept><rtept lat="42.639115" lon="-123.308736"></rtept><rtept lat="42.640933" lon="-123.308786"></rtept><rtept lat="42.642722" lon="-123.308827"></rtept><rtept lat="42.644569" lon="-123.308885"></rtept><rtept lat="42.644556" lon="-123.306387"></rtept><rtept lat="42.644542" lon="-123.303889"></rtept><rtept lat="42.644516" lon="-123.298893"></rtept><rtept lat="42.640883" lon="-123.298840"></rtept><rtept lat="42.637249" lon="-123.298787"></rtept><rtept lat="42.637268" lon="-123.300039"></rtept><rtept lat="42.637272" lon="-123.301273"></rtept><rtept lat="42.637276" lon="-123.302507"></rtept></rte><rte><name>FRANDOR II</name><type>Area</type><extensions><onx:style>dot</onx:style><onx:weight>4.0</onx:weight><onx:color>rgba(255, 51, 0, 1)</onx:color></extensions><rtept lat="42.684693" lon="-123.289176"></rtept><rtept lat="42.688298" lon="-123.289173"></rtept><rtept lat="42.688307" lon="-123.284212"></rtept><rtept lat="42.688317" lon="-123.279251"></rtept><rtept lat="42.684690" lon="-123.279246"></rtept><rtept lat="42.682876" lon="-123.279244"></rtept><rtept lat="42.681062" lon="-123.279241"></rtept><rtept lat="42.681069" lon="-123.281726"></rtept><rtept lat="42.681076" lon="-123.284210"></rtept><rtept lat="42.681089" lon="-123.289178"></rtept><rtept lat="42.684693" lon="-123.289176"></rtept></rte><rte><name>MOUNTAIN LION 1</name><type>Area</type><extensions><onx:style>dot</onx:style><onx:weight>4.0</onx:weight><onx:color>rgba(255, 51, 0, 1)</onx:color></extensions><rtept lat="42.320825" lon="-123.249327"></rtept><rtept lat="42.324513" lon="-123.249338"></rtept><rtept lat="42.324563" lon="-123.254197"></rtept><rtept lat="42.324612" lon="-123.259057"></rtept><rtept lat="42.328275" lon="-123.259069"></rtept><rtept lat="42.331939" lon="-123.259081"></rtept><rtept lat="42.331913" lon="-123.254237"></rtept><rtept lat="42.331888" lon="-123.249393"></rtept><rtept lat="42.331875" lon="-123.244426"></rtept><rtept lat="42.331869" lon="-123.241942"></rtept><rtept lat="42.331863" lon="-123.239459"></rtept><rtept lat="42.328183" lon="-123.239459"></rtept><rtept lat="42.324503" lon="-123.239460"></rtept><rtept lat="42.320845" lon="-123.239504"></rtept><rtept lat="42.317177" lon="-123.239540"></rtept><rtept lat="42.317162" lon="-123.244428"></rtept><rtept lat="42.317150" lon="-123.246876"></rtept><rtept lat="42.317137" lon="-123.249323"></rtept><rtept lat="42.320825" lon="-123.249327"></rtept></rte><rte><name>PYX</name><type>Area</type><extensions><onx:style>dot</onx:style><onx:weight>4.0</onx:weight><onx:color>rgba(255, 51, 0, 1)</onx:color></extensions><rtept lat="42.673842" lon="-123.607938"></rtept><rtept lat="42.673845" lon="-123.612211"></rtept><rtept lat="42.677456" lon="-123.612209"></rtept><rtept lat="42.679194" lon="-123.612208"></rtept><rtept lat="42.681067" lon="-123.612207"></rtept><rtept lat="42.684704" lon="-123.612207"></rtept><rtept lat="42.688341" lon="-123.612206"></rtept><rtept lat="42.688349" lon="-123.607297"></rtept><rtept lat="42.688353" lon="-123.604842"></rtept><rtept lat="42.688357" lon="-123.602387"></rtept><rtept lat="42.686533" lon="-123.602386"></rtept><rtept lat="42.684708" lon="-123.602386"></rtept><rtept lat="42.682884" lon="-123.602385"></rtept><rtept lat="42.681059" lon="-123.602384"></rtept><rtept lat="42.677448" lon="-123.602382"></rtept><rtept lat="42.673838" lon="-123.602380"></rtept><rtept lat="42.673838" lon="-123.603251"></rtept><rtept lat="42.673839" lon="-123.603700"></rtept><rtept lat="42.673839" lon="-123.603807"></rtept><rtept lat="42.673840" lon="-123.605373"></rtept><rtept lat="42.673841" lon="-123.607295"></rtept><rtept lat="42.673842" lon="-123.607938"></rtept></rte><rte><name>BIG MAC</name><type>Area</type><extensions><onx:style>dot</onx:style><onx:weight>4.0</onx:weight><onx:color>rgba(255, 51, 0, 1)</onx:color></extensions><rtept lat="42.492883" lon="-123.258711"></rtept><rtept lat="42.493872" lon="-123.258707"></rtept><rtept lat="42.494696" lon="-123.258703"></rtept><rtept lat="42.495518" lon="-123.258700"></rtept><rtept lat="42.497904" lon="-123.258689"></rtept><rtept lat="42.498323" lon="-123.258688"></rtept><rtept lat="42.499506" lon="-123.258683"></rtept><rtept lat="42.501969" lon="-123.258672"></rtept><rtept lat="42.505616" lon="-123.258656"></rtept><rtept lat="42.505589" lon="-123.253791"></rtept><rtept lat="42.505562" lon="-123.248926"></rtept><rtept lat="42.501948" lon="-123.248945"></rtept><rtept lat="42.498334" lon="-123.248963"></rtept><rtept lat="42.496356" lon="-123.248974"></rtept><rtept lat="42.494720" lon="-123.248982"></rtept><rtept lat="42.492349" lon="-123.248995"></rtept><rtept lat="42.491106" lon="-123.249001"></rtept><rtept lat="42.491088" lon="-123.253860"></rtept><rtept lat="42.491070" lon="-123.258719"></rtept><rtept lat="42.492883" lon="-123.258711"></rtept></rte><rte><name>BIG ROCK</name><type>Area</type><extensions><onx:style>dot</onx:style><onx:weight>4.0</onx:weight><onx:color>rgba(255, 51, 0, 1)</onx:color></extensions><rtept lat="42.492883" lon="-123.258711"></rtept><rtept lat="42.493872" lon="-123.258707"></rtept><rtept lat="42.494696" lon="-123.258703"></rtept><rtept lat="42.495518" lon="-123.258700"></rtept><rtept lat="42.497904" lon="-123.258689"></rtept><rtept lat="42.498323" lon="-123.258688"></rtept><rtept lat="42.499506" lon="-123.258683"></rtept><rtept lat="42.501969" lon="-123.258672"></rtept><rtept lat="42.505616" lon="-123.258656"></rtept><rtept lat="42.505589" lon="-123.253791"></rtept><rtept lat="42.505562" lon="-123.248926"></rtept><rtept lat="42.501948" lon="-123.248945"></rtept><rtept lat="42.498334" lon="-123.248963"></rtept><rtept lat="42.496356" lon="-123.248974"></rtept><rtept lat="42.494720" lon="-123.248982"></rtept><rtept lat="42.492349" lon="-123.248995"></rtept><rtept lat="42.491106" lon="-123.249001"></rtept><rtept lat="42.491088" lon="-123.253860"></rtept><rtept lat="42.491070" lon="-123.258719"></rtept><rtept lat="42.492883" lon="-123.258711"></rtept></rte><rte><name>BLACKJACK</name><type>Area</type><extensions><onx:style>dot</onx:style><onx:weight>4.0</onx:weight><onx:color>rgba(255, 51, 0, 1)</onx:color></extensions><rtept lat="42.492883" lon="-123.258711"></rtept><rtept lat="42.493872" lon="-123.258707"></rtept><rtept lat="42.494696" lon="-123.258703"></rtept><rtept lat="42.495518" lon="-123.258700"></rtept><rtept lat="42.497904" lon="-123.258689"></rtept><rtept lat="42.498323" lon="-123.258688"></rtept><rtept lat="42.498328" lon="-123.253826"></rtept><rtept lat="42.498332" lon="-123.250506"></rtept><rtept lat="42.498334" lon="-123.248963"></rtept><rtept lat="42.496356" lon="-123.248974"></rtept><rtept lat="42.494720" lon="-123.248982"></rtept><rtept lat="42.492349" lon="-123.248995"></rtept><rtept lat="42.491106" lon="-123.249001"></rtept><rtept lat="42.491088" lon="-123.253860"></rtept><rtept lat="42.491070" lon="-123.258719"></rtept><rtept lat="42.492883" lon="-123.258711"></rtept></rte><rte><name>LITTLE MAC</name><type>Area</type><extensions><onx:style>dot</onx:style><onx:weight>4.0</onx:weight><onx:color>rgba(255, 51, 0, 1)</onx:color></extensions><rtept lat="42.492883" lon="-123.258711"></rtept><rtept lat="42.493872" lon="-123.258707"></rtept><rtept lat="42.494696" lon="-123.258703"></rtept><rtept lat="42.495518" lon="-123.258700"></rtept><rtept lat="42.497904" lon="-123.258689"></rtept><rtept lat="42.498323" lon="-123.258688"></rtept><rtept lat="42.498328" lon="-123.253826"></rtept><rtept lat="42.498332" lon="-123.250506"></rtept><rtept lat="42.498334" lon="-123.248963"></rtept><rtept lat="42.496356" lon="-123.248974"></rtept><rtept lat="42.494720" lon="-123.248982"></rtept><rtept lat="42.492349" lon="-123.248995"></rtept><rtept lat="42.491106" lon="-123.249001"></rtept><rtept lat="42.491088" lon="-123.253860"></rtept><rtept lat="42.491070" lon="-123.258719"></rtept><rtept lat="42.492883" lon="-123.258711"></rtept></rte><rte><name>OREGON</name><type>Area</type><extensions><onx:style>dot</onx:style><onx:weight>4.0</onx:weight><onx:color>rgba(255, 51, 0, 1)</onx:color></extensions><rtept lat="42.549689" lon="-123.313723"></rtept><rtept lat="42.549668" lon="-123.318611"></rtept><rtept lat="42.549667" lon="-123.318678"></rtept><rtept lat="42.553336" lon="-123.318669"></rtept><rtept lat="42.557005" lon="-123.318659"></rtept><rtept lat="42.560643" lon="-123.318645"></rtept><rtept lat="42.564281" lon="-123.318632"></rtept><rtept lat="42.564288" lon="-123.313704"></rtept><rtept lat="42.564295" lon="-123.308777"></rtept><rtept lat="42.560651" lon="-123.308780"></rtept><rtept lat="42.557006" lon="-123.308783"></rtept><rtept lat="42.553356" lon="-123.308793"></rtept><rtept lat="42.549710" lon="-123.308797"></rtept><rtept lat="42.549689" lon="-123.313723"></rtept></rte><rte><name>WILD ROSE</name><type>Area</type><extensions><onx:style>dot</onx:style><onx:weight>4.0</onx:weight><onx:color>rgba(255, 51, 0, 1)</onx:color></extensions><rtept lat="42.492883" lon="-123.258711"></rtept><rtept lat="42.493872" lon="-123.258707"></rtept><rtept lat="42.494696" lon="-123.258703"></rtept><rtept lat="42.495518" lon="-123.258700"></rtept><rtept lat="42.497904" lon="-123.258689"></rtept><rtept lat="42.498323" lon="-123.258688"></rtept><rtept lat="42.498328" lon="-123.253826"></rtept><rtept lat="42.498332" lon="-123.250506"></rtept><rtept lat="42.498334" lon="-123.248963"></rtept><rtept lat="42.498357" lon="-123.244115"></rtept><rtept lat="42.498381" lon="-123.239267"></rtept><rtept lat="42.494708" lon="-123.239284"></rtept><rtept lat="42.491035" lon="-123.239301"></rtept><rtept lat="42.491070" lon="-123.244151"></rtept><rtept lat="42.491106" lon="-123.249001"></rtept><rtept lat="42.491088" lon="-123.253860"></rtept><rtept lat="42.491070" lon="-123.258719"></rtept><rtept lat="42.492883" lon="-123.258711"></rtept></rte><rte><name>LITTLE DANDY 2</name><type>Area</type><extensions><onx:style>dot</onx:style><onx:weight>4.0</onx:weight><onx:color>rgba(255, 51, 0, 1)</onx:color></extensions><rtept lat="42.608446" lon="-123.347310"></rtept><rtept lat="42.612092" lon="-123.347318"></rtept><rtept lat="42.615737" lon="-123.347327"></rtept><rtept lat="42.619363" lon="-123.347299"></rtept><rtept lat="42.622988" lon="-123.347271"></rtept><rtept lat="42.622949" lon="-123.343223"></rtept><rtept lat="42.622900" lon="-123.338219"></rtept><rtept lat="42.619254" lon="-123.338201"></rtept><rtept lat="42.615607" lon="-123.338183"></rtept><rtept lat="42.611919" lon="-123.338166"></rtept><rtept lat="42.608231" lon="-123.338149"></rtept><rtept lat="42.608339" lon="-123.342729"></rtept><rtept lat="42.608446" lon="-123.347310"></rtept></rte><rte><name>LITTLE DANDY 3</name><type>Area</type><extensions><onx:style>dot</onx:style><onx:weight>4.0</onx:weight><onx:color>rgba(255, 51, 0, 1)</onx:color></extensions><rtept lat="42.615581" lon="-123.357146"></rtept><rtept lat="42.619284" lon="-123.357131"></rtept><rtept lat="42.623031" lon="-123.357117"></rtept><rtept lat="42.623009" lon="-123.352194"></rtept><rtept lat="42.622988" lon="-123.347271"></rtept><rtept lat="42.619363" lon="-123.347299"></rtept><rtept lat="42.615737" lon="-123.347327"></rtept><rtept lat="42.612092" lon="-123.347318"></rtept><rtept lat="42.608446" lon="-123.347310"></rtept><rtept lat="42.608320" lon="-123.352243"></rtept><rtept lat="42.608193" lon="-123.357177"></rtept><rtept lat="42.611887" lon="-123.357161"></rtept><rtept lat="42.615581" lon="-123.357146"></rtept></rte><rte><name>COPPER KING</name><type>Area</type><extensions><onx:style>dot</onx:style><onx:weight>4.0</onx:weight><onx:color>rgba(255, 51, 0, 1)</onx:color></extensions><rtept lat="42.695406" lon="-123.200501"></rtept><rtept lat="42.695362" lon="-123.205479"></rtept><rtept lat="42.695318" lon="-123.210457"></rtept><rtept lat="42.698954" lon="-123.210429"></rtept><rtept lat="42.700000" lon="-123.210421"></rtept><rtept lat="42.700000" lon="-123.200483"></rtept><rtept lat="42.699039" lon="-123.200487"></rtept><rtept lat="42.695406" lon="-123.200501"></rtept></rte><rte><name>GREENBACK</name><type>Area</type><extensions><onx:style>dot</onx:style><onx:weight>4.0</onx:weight><onx:color>rgba(255, 51, 0, 1)</onx:color></extensions><rtept lat="42.644569" lon="-123.308885"></rtept><rtept lat="42.647903" lon="-123.309020"></rtept><rtept lat="42.648350" lon="-123.309029"></rtept><rtept lat="42.649273" lon="-123.309048"></rtept><rtept lat="42.650853" lon="-123.309083"></rtept><rtept lat="42.652131" lon="-123.309105"></rtept><rtept lat="42.652100" lon="-123.304054"></rtept><rtept lat="42.652092" lon="-123.302647"></rtept><rtept lat="42.652070" lon="-123.299003"></rtept><rtept lat="42.648190" lon="-123.298946"></rtept><rtept lat="42.644516" lon="-123.298893"></rtept><rtept lat="42.644542" lon="-123.303889"></rtept><rtept lat="42.644556" lon="-123.306387"></rtept><rtept lat="42.644569" lon="-123.308885"></rtept></rte><rte><name>RED ROSE</name><type>Area</type><extensions><onx:style>dot</onx:style><onx:weight>4.0</onx:weight><onx:color>rgba(255, 51, 0, 1)</onx:color></extensions><rtept lat="42.644569" lon="-123.308885"></rtept><rtept lat="42.647903" lon="-123.309020"></rtept><rtept lat="42.648350" lon="-123.309029"></rtept><rtept lat="42.649273" lon="-123.309048"></rtept><rtept lat="42.650853" lon="-123.309083"></rtept><rtept lat="42.652131" lon="-123.309105"></rtept><rtept lat="42.652100" lon="-123.304054"></rtept><rtept lat="42.652092" lon="-123.302647"></rtept><rtept lat="42.652070" lon="-123.299003"></rtept><rtept lat="42.648190" lon="-123.298946"></rtept><rtept lat="42.644516" lon="-123.298893"></rtept><rtept lat="42.644542" lon="-123.303889"></rtept><rtept lat="42.644556" lon="-123.306387"></rtept><rtept lat="42.644569" lon="-123.308885"></rtept></rte><rte><name>BALD HORNET</name><type>Area</type><extensions><onx:style>dot</onx:style><onx:weight>4.0</onx:weight><onx:color>rgba(255, 51, 0, 1)</onx:color></extensions><rtept lat="42.644569" lon="-123.308885"></rtept><rtept lat="42.647903" lon="-123.309020"></rtept><rtept lat="42.648350" lon="-123.309029"></rtept><rtept lat="42.649273" lon="-123.309048"></rtept><rtept lat="42.650853" lon="-123.309083"></rtept><rtept lat="42.652131" lon="-123.309105"></rtept><rtept lat="42.652100" lon="-123.304054"></rtept><rtept lat="42.652092" lon="-123.302647"></rtept><rtept lat="42.652070" lon="-123.299003"></rtept><rtept lat="42.648190" lon="-123.298946"></rtept><rtept lat="42.644516" lon="-123.298893"></rtept><rtept lat="42.644542" lon="-123.303889"></rtept><rtept lat="42.644556" lon="-123.306387"></rtept><rtept lat="42.644569" lon="-123.308885"></rtept></rte><rte><name>CLIMAX</name><type>Area</type><extensions><onx:style>dot</onx:style><onx:weight>4.0</onx:weight><onx:color>rgba(255, 51, 0, 1)</onx:color></extensions><rtept lat="42.644569" lon="-123.308885"></rtept><rtept lat="42.647903" lon="-123.309020"></rtept><rtept lat="42.648350" lon="-123.309029"></rtept><rtept lat="42.649273" lon="-123.309048"></rtept><rtept lat="42.650853" lon="-123.309083"></rtept><rtept lat="42.652131" lon="-123.309105"></rtept><rtept lat="42.652100" lon="-123.304054"></rtept><rtept lat="42.652092" lon="-123.302647"></rtept><rtept lat="42.652070" lon="-123.299003"></rtept><rtept lat="42.648190" lon="-123.298946"></rtept><rtept lat="42.644516" lon="-123.298893"></rtept><rtept lat="42.644542" lon="-123.303889"></rtept><rtept lat="42.644556" lon="-123.306387"></rtept><rtept lat="42.644569" lon="-123.308885"></rtept></rte><rte><name>SERPENTINE</name><type>Area</type><extensions><onx:style>dot</onx:style><onx:weight>4.0</onx:weight><onx:color>rgba(255, 51, 0, 1)</onx:color></extensions><rtept lat="42.652058" lon="-123.297212"></rtept><rtept lat="42.652038" lon="-123.294088"></rtept><rtept lat="42.652006" lon="-123.289174"></rtept><rtept lat="42.648143" lon="-123.289097"></rtept><rtept lat="42.644464" lon="-123.289022"></rtept><rtept lat="42.644490" lon="-123.293958"></rtept><rtept lat="42.644516" lon="-123.298893"></rtept><rtept lat="42.644542" lon="-123.303889"></rtept><rtept lat="42.644556" lon="-123.306387"></rtept><rtept lat="42.644569" lon="-123.308885"></rtept><rtept lat="42.647903" lon="-123.309020"></rtept><rtept lat="42.648350" lon="-123.309029"></rtept><rtept lat="42.649273" lon="-123.309048"></rtept><rtept lat="42.650853" lon="-123.309083"></rtept><rtept lat="42.652131" lon="-123.309105"></rtept><rtept lat="42.652100" lon="-123.304054"></rtept><rtept lat="42.652092" lon="-123.302647"></rtept><rtept lat="42.652070" lon="-123.299003"></rtept><rtept lat="42.652058" lon="-123.297212"></rtept></rte><rte><name>NEW YORK</name><type>Area</type><extensions><onx:style>dot</onx:style><onx:weight>4.0</onx:weight><onx:color>rgba(255, 51, 0, 1)</onx:color></extensions><rtept lat="42.644569" lon="-123.308885"></rtept><rtept lat="42.647903" lon="-123.309020"></rtept><rtept lat="42.648350" lon="-123.309029"></rtept><rtept lat="42.649273" lon="-123.309048"></rtept><rtept lat="42.650853" lon="-123.309083"></rtept><rtept lat="42.652131" lon="-123.309105"></rtept><rtept lat="42.652100" lon="-123.304054"></rtept><rtept lat="42.652092" lon="-123.302647"></rtept><rtept lat="42.652070" lon="-123.299003"></rtept><rtept lat="42.648190" lon="-123.298946"></rtept><rtept lat="42.644516" lon="-123.298893"></rtept><rtept lat="42.644542" lon="-123.303889"></rtept><rtept lat="42.644556" lon="-123.306387"></rtept><rtept lat="42.644569" lon="-123.308885"></rtept></rte><rte><name>LOG CABIN</name><type>Area</type><extensions><onx:style>dot</onx:style><onx:weight>4.0</onx:weight><onx:color>rgba(255, 51, 0, 1)</onx:color></extensions><rtept lat="42.150154" lon="-123.142673"></rtept><rtept lat="42.150172" lon="-123.137861"></rtept><rtept lat="42.150191" lon="-123.133049"></rtept><rtept lat="42.150000" lon="-123.133049"></rtept><rtept lat="42.150000" lon="-123.142673"></rtept><rtept lat="42.150154" lon="-123.142673"></rtept></rte><rte><name>THREE AMIGOS 2</name><type>Area</type><extensions><onx:style>dot</onx:style><onx:weight>4.0</onx:weight><onx:color>rgba(255, 51, 0, 1)</onx:color></extensions><rtept lat="42.150116" lon="-123.152318"></rtept><rtept lat="42.150135" lon="-123.147495"></rtept><rtept lat="42.150154" lon="-123.142673"></rtept><rtept lat="42.150000" lon="-123.142673"></rtept><rtept lat="42.150000" lon="-123.152317"></rtept><rtept lat="42.150116" lon="-123.152318"></rtept></rte><rte><name>GOLD PINE QUARTZ MIN</name><type>Area</type><extensions><onx:style>dot</onx:style><onx:weight>4.0</onx:weight><onx:color>rgba(255, 51, 0, 1)</onx:color></extensions><rtept lat="42.214823" lon="-122.919406"></rtept><rtept lat="42.214887" lon="-122.914567"></rtept><rtept lat="42.214887" lon="-122.914520"></rtept><rtept lat="42.211042" lon="-122.914501"></rtept><rtept lat="42.207411" lon="-122.914482"></rtept><rtept lat="42.207412" lon="-122.919366"></rtept><rtept lat="42.207413" lon="-122.924250"></rtept><rtept lat="42.211041" lon="-122.924271"></rtept><rtept lat="42.214758" lon="-122.924292"></rtept><rtept lat="42.214822" lon="-122.919443"></rtept><rtept lat="42.214823" lon="-122.919406"></rtept></rte><rte><name>BLUE QUARTZ MINE</name><type>Area</type><extensions><onx:style>dot</onx:style><onx:weight>4.0</onx:weight><onx:color>rgba(255, 51, 0, 1)</onx:color></extensions><rtept lat="42.279932" lon="-123.062682"></rtept><rtept lat="42.279934" lon="-123.057794"></rtept><rtept lat="42.279935" lon="-123.052906"></rtept><rtept lat="42.276338" lon="-123.052889"></rtept><rtept lat="42.272741" lon="-123.052873"></rtept><rtept lat="42.272735" lon="-123.057762"></rtept><rtept lat="42.272730" lon="-123.062650"></rtept><rtept lat="42.276331" lon="-123.062666"></rtept><rtept lat="42.279932" lon="-123.062682"></rtept></rte><rte><name>GRAY QUARTZ MINE</name><type>Area</type><extensions><onx:style>dot</onx:style><onx:weight>4.0</onx:weight><onx:color>rgba(255, 51, 0, 1)</onx:color></extensions><rtept lat="42.287512" lon="-123.062715"></rtept><rtept lat="42.287400" lon="-123.058019"></rtept><rtept lat="42.287397" lon="-123.057836"></rtept><rtept lat="42.287280" lon="-123.052958"></rtept><rtept lat="42.283608" lon="-123.052932"></rtept><rtept lat="42.279935" lon="-123.052906"></rtept><rtept lat="42.279934" lon="-123.057794"></rtept><rtept lat="42.279932" lon="-123.062682"></rtept><rtept lat="42.283615" lon="-123.062698"></rtept><rtept lat="42.287512" lon="-123.062715"></rtept></rte><rte><name>MATRIX MINE</name><type>Area</type><extensions><onx:style>dot</onx:style><onx:weight>4.0</onx:weight><onx:color>rgba(255, 51, 0, 1)</onx:color></extensions><rtept lat="42.287512" lon="-123.062715"></rtept><rtept lat="42.287400" lon="-123.058019"></rtept><rtept lat="42.287397" lon="-123.057836"></rtept><rtept lat="42.287280" lon="-123.052958"></rtept><rtept lat="42.283608" lon="-123.052932"></rtept><rtept lat="42.279935" lon="-123.052906"></rtept><rtept lat="42.279934" lon="-123.057794"></rtept><rtept lat="42.279932" lon="-123.062682"></rtept><rtept lat="42.283615" lon="-123.062698"></rtept><rtept lat="42.287512" lon="-123.062715"></rtept></rte><rte><name>T H U 3</name><type>Area</type><extensions><onx:style>dot</onx:style><onx:weight>4.0</onx:weight><onx:color>rgba(255, 51, 0, 1)</onx:color></extensions><rtept lat="42.177790" lon="-122.963711"></rtept><rtept lat="42.177839" lon="-122.958892"></rtept><rtept lat="42.177888" lon="-122.954073"></rtept><rtept lat="42.174216" lon="-122.954091"></rtept><rtept lat="42.170544" lon="-122.954108"></rtept><rtept lat="42.170513" lon="-122.958927"></rtept><rtept lat="42.170482" lon="-122.963746"></rtept><rtept lat="42.174136" lon="-122.963728"></rtept><rtept lat="42.177790" lon="-122.963711"></rtept></rte><rte><name>B C JONES</name><type>Area</type><extensions><onx:style>dot</onx:style><onx:weight>4.0</onx:weight><onx:color>rgba(255, 51, 0, 1)</onx:color></extensions><rtept lat="42.221979" lon="-123.334034"></rtept><rtept lat="42.221978" lon="-123.334642"></rtept><rtept lat="42.221978" lon="-123.335250"></rtept><rtept lat="42.221977" lon="-123.335858"></rtept><rtept lat="42.221977" lon="-123.336465"></rtept><rtept lat="42.221976" lon="-123.337073"></rtept><rtept lat="42.221976" lon="-123.337681"></rtept><rtept lat="42.222430" lon="-123.337672"></rtept><rtept lat="42.222885" lon="-123.337662"></rtept><rtept lat="42.223340" lon="-123.337653"></rtept><rtept lat="42.223794" lon="-123.337644"></rtept><rtept lat="42.224249" lon="-123.337635"></rtept><rtept lat="42.224704" lon="-123.337625"></rtept><rtept lat="42.225158" lon="-123.337616"></rtept><rtept lat="42.225613" lon="-123.337607"></rtept><rtept lat="42.226522" lon="-123.337588"></rtept><rtept lat="42.227431" lon="-123.337569"></rtept><rtept lat="42.228341" lon="-123.337551"></rtept><rtept lat="42.229250" lon="-123.337532"></rtept><rtept lat="42.229246" lon="-123.336316"></rtept><rtept lat="42.229241" lon="-123.335100"></rtept><rtept lat="42.229237" lon="-123.333884"></rtept><rtept lat="42.229233" lon="-123.332692"></rtept><rtept lat="42.229232" lon="-123.332668"></rtept><rtept lat="42.229215" lon="-123.327804"></rtept><rtept lat="42.227407" lon="-123.327842"></rtept><rtept lat="42.225599" lon="-123.327880"></rtept><rtept lat="42.223792" lon="-123.327918"></rtept><rtept lat="42.221984" lon="-123.327956"></rtept><rtept lat="42.221980" lon="-123.332818"></rtept><rtept lat="42.221979" lon="-123.333426"></rtept><rtept lat="42.221979" lon="-123.334034"></rtept></rte><rte><name>GRUB GULCH QUARTZ</name><type>Area</type><extensions><onx:style>dot</onx:style><onx:weight>4.0</onx:weight><onx:color>rgba(255, 51, 0, 1)</onx:color></extensions><rtept lat="42.210877" lon="-122.934133"></rtept><rtept lat="42.211039" lon="-122.934130"></rtept><rtept lat="42.214629" lon="-122.934073"></rtept><rtept lat="42.214693" lon="-122.929196"></rtept><rtept lat="42.214693" lon="-122.929177"></rtept><rtept lat="42.214758" lon="-122.924320"></rtept><rtept lat="42.214758" lon="-122.924292"></rtept><rtept lat="42.211041" lon="-122.924271"></rtept><rtept lat="42.207413" lon="-122.924250"></rtept><rtept lat="42.207413" lon="-122.929148"></rtept><rtept lat="42.207413" lon="-122.934189"></rtept><rtept lat="42.210877" lon="-122.934133"></rtept></rte><rte><name>T H U 4</name><type>Area</type><extensions><onx:style>dot</onx:style><onx:weight>4.0</onx:weight><onx:color>rgba(255, 51, 0, 1)</onx:color></extensions><rtept lat="42.152317" lon="-123.043314"></rtept><rtept lat="42.155952" lon="-123.043340"></rtept><rtept lat="42.155947" lon="-123.042102"></rtept><rtept lat="42.155943" lon="-123.040864"></rtept><rtept lat="42.155934" lon="-123.038388"></rtept><rtept lat="42.155916" lon="-123.033435"></rtept><rtept lat="42.152289" lon="-123.033429"></rtept><rtept lat="42.152150" lon="-123.033428"></rtept><rtept lat="42.150000" lon="-123.033424"></rtept><rtept lat="42.150000" lon="-123.043298"></rtept><rtept lat="42.152317" lon="-123.043314"></rtept></rte><rte><name>OLD MANZANITA MINE</name><type>Area</type><extensions><onx:style>dot</onx:style><onx:weight>4.0</onx:weight><onx:color>rgba(255, 51, 0, 1)</onx:color></extensions><rtept lat="42.210877" lon="-122.934133"></rtept><rtept lat="42.211039" lon="-122.934130"></rtept><rtept lat="42.214629" lon="-122.934073"></rtept><rtept lat="42.218269" lon="-122.934086"></rtept><rtept lat="42.221910" lon="-122.934099"></rtept><rtept lat="42.221962" lon="-122.929194"></rtept><rtept lat="42.221988" lon="-122.926741"></rtept><rtept lat="42.222001" lon="-122.925515"></rtept><rtept lat="42.222014" lon="-122.924289"></rtept><rtept lat="42.218386" lon="-122.924304"></rtept><rtept lat="42.214758" lon="-122.924292"></rtept><rtept lat="42.211041" lon="-122.924271"></rtept><rtept lat="42.207413" lon="-122.924250"></rtept><rtept lat="42.207413" lon="-122.929148"></rtept><rtept lat="42.207413" lon="-122.934189"></rtept><rtept lat="42.210877" lon="-122.934133"></rtept></rte><rte><name>OLD PINE MINE</name><type>Area</type><extensions><onx:style>dot</onx:style><onx:weight>4.0</onx:weight><onx:color>rgba(255, 51, 0, 1)</onx:color></extensions><rtept lat="42.223835" lon="-122.924281"></rtept><rtept lat="42.225656" lon="-122.924274"></rtept><rtept lat="42.227477" lon="-122.924266"></rtept><rtept lat="42.229298" lon="-122.924258"></rtept><rtept lat="42.229322" lon="-122.919381"></rtept><rtept lat="42.229347" lon="-122.914504"></rtept><rtept lat="42.225732" lon="-122.914520"></rtept><rtept lat="42.222117" lon="-122.914535"></rtept><rtept lat="42.222065" lon="-122.919412"></rtept><rtept lat="42.222014" lon="-122.924289"></rtept><rtept lat="42.222925" lon="-122.924285"></rtept><rtept lat="42.223835" lon="-122.924281"></rtept></rte><rte><name>OLD PINE APEX MINE</name><type>Area</type><extensions><onx:style>dot</onx:style><onx:weight>4.0</onx:weight><onx:color>rgba(255, 51, 0, 1)</onx:color></extensions><rtept lat="42.223835" lon="-122.924281"></rtept><rtept lat="42.225656" lon="-122.924274"></rtept><rtept lat="42.227477" lon="-122.924266"></rtept><rtept lat="42.229298" lon="-122.924258"></rtept><rtept lat="42.229322" lon="-122.919381"></rtept><rtept lat="42.229347" lon="-122.914504"></rtept><rtept lat="42.225732" lon="-122.914520"></rtept><rtept lat="42.222117" lon="-122.914535"></rtept><rtept lat="42.222065" lon="-122.919412"></rtept><rtept lat="42.222014" lon="-122.924289"></rtept><rtept lat="42.222925" lon="-122.924285"></rtept><rtept lat="42.223835" lon="-122.924281"></rtept></rte><rte><name>APEX MATRIX MINE</name><type>Area</type><extensions><onx:style>dot</onx:style><onx:weight>4.0</onx:weight><onx:color>rgba(255, 51, 0, 1)</onx:color></extensions><rtept lat="42.223835" lon="-122.924281"></rtept><rtept lat="42.225656" lon="-122.924274"></rtept><rtept lat="42.227477" lon="-122.924266"></rtept><rtept lat="42.229298" lon="-122.924258"></rtept><rtept lat="42.229322" lon="-122.919381"></rtept><rtept lat="42.229347" lon="-122.914504"></rtept><rtept lat="42.225732" lon="-122.914520"></rtept><rtept lat="42.222117" lon="-122.914535"></rtept><rtept lat="42.222065" lon="-122.919412"></rtept><rtept lat="42.222014" lon="-122.924289"></rtept><rtept lat="42.222925" lon="-122.924285"></rtept><rtept lat="42.223835" lon="-122.924281"></rtept></rte><rte><name>MAID OF THE MIST</name><type>Area</type><extensions><onx:style>dot</onx:style><onx:weight>4.0</onx:weight><onx:color>rgba(255, 51, 0, 1)</onx:color></extensions><rtept lat="42.207612" lon="-123.167075"></rtept><rtept lat="42.207615" lon="-123.162286"></rtept><rtept lat="42.204027" lon="-123.162225"></rtept><rtept lat="42.200438" lon="-123.162164"></rtept><rtept lat="42.200457" lon="-123.166990"></rtept><rtept lat="42.200475" lon="-123.171816"></rtept><rtept lat="42.200462" lon="-123.176657"></rtept><rtept lat="42.200448" lon="-123.181497"></rtept><rtept lat="42.204038" lon="-123.181484"></rtept><rtept lat="42.207627" lon="-123.181472"></rtept><rtept lat="42.207627" lon="-123.181272"></rtept><rtept lat="42.207618" lon="-123.176668"></rtept><rtept lat="42.207608" lon="-123.171865"></rtept><rtept lat="42.207612" lon="-123.167075"></rtept></rte><rte><name>THREE AMIGOS 5</name><type>Area</type><extensions><onx:style>dot</onx:style><onx:weight>4.0</onx:weight><onx:color>rgba(255, 51, 0, 1)</onx:color></extensions><rtept lat="42.150154" lon="-123.142673"></rtept><rtept lat="42.150172" lon="-123.137861"></rtept><rtept lat="42.150191" lon="-123.133049"></rtept><rtept lat="42.150000" lon="-123.133049"></rtept><rtept lat="42.150000" lon="-123.142673"></rtept><rtept lat="42.150154" lon="-123.142673"></rtept></rte><rte><name>GOLD MATRIX</name><type>Area</type><extensions><onx:style>dot</onx:style><onx:weight>4.0</onx:weight><onx:color>rgba(255, 51, 0, 1)</onx:color></extensions><rtept lat="42.230159" lon="-123.180801"></rtept><rtept lat="42.231069" lon="-123.180793"></rtept><rtept lat="42.231979" lon="-123.180784"></rtept><rtept lat="42.232888" lon="-123.180776"></rtept><rtept lat="42.236528" lon="-123.180741"></rtept><rtept lat="42.236543" lon="-123.175916"></rtept><rtept lat="42.236559" lon="-123.171091"></rtept><rtept lat="42.233090" lon="-123.170692"></rtept><rtept lat="42.229621" lon="-123.170294"></rtept><rtept lat="42.229528" lon="-123.172923"></rtept><rtept lat="42.229435" lon="-123.175552"></rtept><rtept lat="42.229389" lon="-123.176867"></rtept><rtept lat="42.229342" lon="-123.178181"></rtept><rtept lat="42.229296" lon="-123.179496"></rtept><rtept lat="42.229249" lon="-123.180810"></rtept><rtept lat="42.230159" lon="-123.180801"></rtept></rte><rte><name>THREE AMIGOS 7</name><type>Area</type><extensions><onx:style>dot</onx:style><onx:weight>4.0</onx:weight><onx:color>rgba(255, 51, 0, 1)</onx:color></extensions><rtept lat="42.150191" lon="-123.133049"></rtept><rtept lat="42.150186" lon="-123.128206"></rtept><rtept lat="42.150182" lon="-123.123364"></rtept><rtept lat="42.150000" lon="-123.123365"></rtept><rtept lat="42.150000" lon="-123.133049"></rtept><rtept lat="42.150191" lon="-123.133049"></rtept></rte><rte><name>THREE AMIGOS 8</name><type>Area</type><extensions><onx:style>dot</onx:style><onx:weight>4.0</onx:weight><onx:color>rgba(255, 51, 0, 1)</onx:color></extensions><rtept lat="42.150180" lon="-123.120932"></rtept><rtept lat="42.150177" lon="-123.118500"></rtept><rtept lat="42.150170" lon="-123.111823"></rtept><rtept lat="42.150000" lon="-123.111825"></rtept><rtept lat="42.150000" lon="-123.133049"></rtept><rtept lat="42.150191" lon="-123.133049"></rtept><rtept lat="42.150186" lon="-123.128206"></rtept><rtept lat="42.150182" lon="-123.123364"></rtept><rtept lat="42.150180" lon="-123.120932"></rtept></rte><rte><name>GREAT I AM</name><type>Area</type><extensions><onx:style>dot</onx:style><onx:weight>4.0</onx:weight><onx:color>rgba(255, 51, 0, 1)</onx:color></extensions><rtept lat="42.229078" lon="-123.224718"></rtept><rtept lat="42.229079" lon="-123.224666"></rtept><rtept lat="42.229125" lon="-123.219793"></rtept><rtept lat="42.225522" lon="-123.219897"></rtept><rtept lat="42.221920" lon="-123.220001"></rtept><rtept lat="42.221886" lon="-123.224877"></rtept><rtept lat="42.221851" lon="-123.229870"></rtept><rtept lat="42.225440" lon="-123.229875"></rtept><rtept lat="42.229029" lon="-123.229881"></rtept><rtept lat="42.229078" lon="-123.224718"></rtept></rte><rte><name>DIXIE MINE</name><type>Area</type><extensions><onx:style>dot</onx:style><onx:weight>4.0</onx:weight><onx:color>rgba(255, 51, 0, 1)</onx:color></extensions><rtept lat="42.360393" lon="-123.106303"></rtept><rtept lat="42.360399" lon="-123.101413"></rtept><rtept lat="42.356748" lon="-123.101459"></rtept><rtept lat="42.353098" lon="-123.101505"></rtept><rtept lat="42.353087" lon="-123.106404"></rtept><rtept lat="42.353076" lon="-123.111421"></rtept><rtept lat="42.356730" lon="-123.111424"></rtept><rtept lat="42.360386" lon="-123.111427"></rtept><rtept lat="42.360393" lon="-123.106303"></rtept></rte><rte><name>FRANDOR 1</name><type>Area</type><extensions><onx:style>dot</onx:style><onx:weight>4.0</onx:weight><onx:color>rgba(255, 51, 0, 1)</onx:color></extensions><rtept lat="42.684693" lon="-123.289176"></rtept><rtept lat="42.688298" lon="-123.289173"></rtept><rtept lat="42.688307" lon="-123.284212"></rtept><rtept lat="42.688317" lon="-123.279251"></rtept><rtept lat="42.684690" lon="-123.279246"></rtept><rtept lat="42.682876" lon="-123.279244"></rtept><rtept lat="42.681062" lon="-123.279241"></rtept><rtept lat="42.681069" lon="-123.281726"></rtept><rtept lat="42.681076" lon="-123.284210"></rtept><rtept lat="42.681089" lon="-123.289178"></rtept><rtept lat="42.684693" lon="-123.289176"></rtept></rte><rte><name>FRANDOR 3</name><type>Area</type><extensions><onx:style>dot</onx:style><onx:weight>4.0</onx:weight><onx:color>rgba(255, 51, 0, 1)</onx:color></extensions><rtept lat="42.684693" lon="-123.289176"></rtept><rtept lat="42.688298" lon="-123.289173"></rtept><rtept lat="42.688307" lon="-123.284212"></rtept><rtept lat="42.688317" lon="-123.279251"></rtept><rtept lat="42.684690" lon="-123.279246"></rtept><rtept lat="42.682876" lon="-123.279244"></rtept><rtept lat="42.681062" lon="-123.279241"></rtept><rtept lat="42.681069" lon="-123.281726"></rtept><rtept lat="42.681076" lon="-123.284210"></rtept><rtept lat="42.681089" lon="-123.289178"></rtept><rtept lat="42.684693" lon="-123.289176"></rtept></rte><rte><name>FRANDOR 4</name><type>Area</type><extensions><onx:style>dot</onx:style><onx:weight>4.0</onx:weight><onx:color>rgba(255, 51, 0, 1)</onx:color></extensions><rtept lat="42.684693" lon="-123.289176"></rtept><rtept lat="42.688298" lon="-123.289173"></rtept><rtept lat="42.688307" lon="-123.284212"></rtept><rtept lat="42.688317" lon="-123.279251"></rtept><rtept lat="42.684690" lon="-123.279246"></rtept><rtept lat="42.682876" lon="-123.279244"></rtept><rtept lat="42.681062" lon="-123.279241"></rtept><rtept lat="42.681069" lon="-123.281726"></rtept><rtept lat="42.681076" lon="-123.284210"></rtept><rtept lat="42.681089" lon="-123.289178"></rtept><rtept lat="42.684693" lon="-123.289176"></rtept></rte><rte><name>FRANDOR 5</name><type>Area</type><extensions><onx:style>dot</onx:style><onx:weight>4.0</onx:weight><onx:color>rgba(255, 51, 0, 1)</onx:color></extensions><rtept lat="42.684693" lon="-123.289176"></rtept><rtept lat="42.688298" lon="-123.289173"></rtept><rtept lat="42.688307" lon="-123.284212"></rtept><rtept lat="42.688317" lon="-123.279251"></rtept><rtept lat="42.684690" lon="-123.279246"></rtept><rtept lat="42.682876" lon="-123.279244"></rtept><rtept lat="42.681062" lon="-123.279241"></rtept><rtept lat="42.681069" lon="-123.281726"></rtept><rtept lat="42.681076" lon="-123.284210"></rtept><rtept lat="42.681089" lon="-123.289178"></rtept><rtept lat="42.684693" lon="-123.289176"></rtept></rte><rte><name>RUSTY SHALE MINE</name><type>Area</type><extensions><onx:style>dot</onx:style><onx:weight>4.0</onx:weight><onx:color>rgba(255, 51, 0, 1)</onx:color></extensions><rtept lat="42.272728" lon="-123.067622"></rtept><rtept lat="42.272726" lon="-123.072593"></rtept><rtept lat="42.276327" lon="-123.072527"></rtept><rtept lat="42.279927" lon="-123.072461"></rtept><rtept lat="42.279930" lon="-123.067571"></rtept><rtept lat="42.279932" lon="-123.062682"></rtept><rtept lat="42.279934" lon="-123.057794"></rtept><rtept lat="42.279935" lon="-123.052906"></rtept><rtept lat="42.276338" lon="-123.052889"></rtept><rtept lat="42.272741" lon="-123.052873"></rtept><rtept lat="42.272735" lon="-123.057762"></rtept><rtept lat="42.272730" lon="-123.062650"></rtept><rtept lat="42.272728" lon="-123.067622"></rtept></rte><rte><name>BLUE JAY MINE</name><type>Area</type><extensions><onx:style>dot</onx:style><onx:weight>4.0</onx:weight><onx:color>rgba(255, 51, 0, 1)</onx:color></extensions><rtept lat="42.272728" lon="-123.067622"></rtept><rtept lat="42.272726" lon="-123.072593"></rtept><rtept lat="42.276327" lon="-123.072527"></rtept><rtept lat="42.279927" lon="-123.072461"></rtept><rtept lat="42.279930" lon="-123.067571"></rtept><rtept lat="42.279932" lon="-123.062682"></rtept><rtept lat="42.276331" lon="-123.062666"></rtept><rtept lat="42.272730" lon="-123.062650"></rtept><rtept lat="42.272728" lon="-123.067622"></rtept></rte><rte><name>GOLDEN CROSS (WEDGE)</name><type>Area</type><extensions><onx:style>dot</onx:style><onx:weight>4.0</onx:weight><onx:color>rgba(255, 51, 0, 1)</onx:color></extensions><rtept lat="42.476553" lon="-123.028216"></rtept><rtept lat="42.476542" lon="-123.033133"></rtept><rtept lat="42.480215" lon="-123.033184"></rtept><rtept lat="42.483889" lon="-123.033231"></rtept><rtept lat="42.483893" lon="-123.028294"></rtept><rtept lat="42.483898" lon="-123.023356"></rtept><rtept lat="42.483902" lon="-123.018416"></rtept><rtept lat="42.483906" lon="-123.013475"></rtept><rtept lat="42.480245" lon="-123.013472"></rtept><rtept lat="42.476584" lon="-123.013468"></rtept><rtept lat="42.476574" lon="-123.018384"></rtept><rtept lat="42.476563" lon="-123.023300"></rtept><rtept lat="42.476553" lon="-123.028216"></rtept></rte><rte><name>THU 14</name><type>Area</type><extensions><onx:style>dot</onx:style><onx:weight>4.0</onx:weight><onx:color>rgba(255, 51, 0, 1)</onx:color></extensions><rtept lat="42.152420" lon="-122.934290"></rtept><rtept lat="42.156072" lon="-122.934310"></rtept><rtept lat="42.156106" lon="-122.929418"></rtept><rtept lat="42.156123" lon="-122.926973"></rtept><rtept lat="42.156140" lon="-122.924527"></rtept><rtept lat="42.156137" lon="-122.924527"></rtept><rtept lat="42.154315" lon="-122.924495"></rtept><rtept lat="42.152489" lon="-122.924463"></rtept><rtept lat="42.150663" lon="-122.924431"></rtept><rtept lat="42.150000" lon="-122.924419"></rtept><rtept lat="42.150000" lon="-122.934275"></rtept><rtept lat="42.152420" lon="-122.934290"></rtept></rte><rte><name>DAISY 1</name><type>Area</type><extensions><onx:style>dot</onx:style><onx:weight>4.0</onx:weight><onx:color>rgba(255, 51, 0, 1)</onx:color></extensions><rtept lat="42.611736" lon="-123.249200"></rtept><rtept lat="42.609915" lon="-123.249202"></rtept><rtept lat="42.608095" lon="-123.249205"></rtept><rtept lat="42.607988" lon="-123.251184"></rtept><rtept lat="42.607822" lon="-123.254244"></rtept><rtept lat="42.607550" lon="-123.259284"></rtept><rtept lat="42.611067" lon="-123.259197"></rtept><rtept lat="42.611932" lon="-123.259176"></rtept><rtept lat="42.613509" lon="-123.259137"></rtept><rtept lat="42.614585" lon="-123.259110"></rtept><rtept lat="42.616616" lon="-123.259060"></rtept><rtept lat="42.616798" lon="-123.259055"></rtept><rtept lat="42.618647" lon="-123.259010"></rtept><rtept lat="42.622709" lon="-123.258910"></rtept><rtept lat="42.622661" lon="-123.254045"></rtept><rtept lat="42.622633" lon="-123.251185"></rtept><rtept lat="42.622613" lon="-123.249181"></rtept><rtept lat="42.618994" lon="-123.249188"></rtept><rtept lat="42.615376" lon="-123.249196"></rtept><rtept lat="42.611736" lon="-123.249200"></rtept></rte><rte><name>DAISY 2</name><type>Area</type><extensions><onx:style>dot</onx:style><onx:weight>4.0</onx:weight><onx:color>rgba(255, 51, 0, 1)</onx:color></extensions><rtept lat="42.611736" lon="-123.249200"></rtept><rtept lat="42.609915" lon="-123.249202"></rtept><rtept lat="42.608095" lon="-123.249205"></rtept><rtept lat="42.607988" lon="-123.251184"></rtept><rtept lat="42.607822" lon="-123.254244"></rtept><rtept lat="42.607550" lon="-123.259284"></rtept><rtept lat="42.611067" lon="-123.259197"></rtept><rtept lat="42.611932" lon="-123.259176"></rtept><rtept lat="42.613509" lon="-123.259137"></rtept><rtept lat="42.614585" lon="-123.259110"></rtept><rtept lat="42.616616" lon="-123.259060"></rtept><rtept lat="42.616798" lon="-123.259055"></rtept><rtept lat="42.618647" lon="-123.259010"></rtept><rtept lat="42.622709" lon="-123.258910"></rtept><rtept lat="42.622661" lon="-123.254045"></rtept><rtept lat="42.622633" lon="-123.251185"></rtept><rtept lat="42.622613" lon="-123.249181"></rtept><rtept lat="42.618994" lon="-123.249188"></rtept><rtept lat="42.615376" lon="-123.249196"></rtept><rtept lat="42.611736" lon="-123.249200"></rtept></rte><rte><name>DAISY 3</name><type>Area</type><extensions><onx:style>dot</onx:style><onx:weight>4.0</onx:weight><onx:color>rgba(255, 51, 0, 1)</onx:color></extensions><rtept lat="42.615217" lon="-123.251185"></rtept><rtept lat="42.615376" lon="-123.249196"></rtept><rtept lat="42.611736" lon="-123.249200"></rtept><rtept lat="42.609915" lon="-123.249202"></rtept><rtept lat="42.608095" lon="-123.249205"></rtept><rtept lat="42.607988" lon="-123.251184"></rtept><rtept lat="42.607822" lon="-123.254244"></rtept><rtept lat="42.607550" lon="-123.259284"></rtept><rtept lat="42.611067" lon="-123.259197"></rtept><rtept lat="42.611932" lon="-123.259176"></rtept><rtept lat="42.613509" lon="-123.259137"></rtept><rtept lat="42.614585" lon="-123.259110"></rtept><rtept lat="42.614980" lon="-123.254153"></rtept><rtept lat="42.615110" lon="-123.252529"></rtept><rtept lat="42.615217" lon="-123.251185"></rtept></rte><rte><name>DAISY 4</name><type>Area</type><extensions><onx:style>dot</onx:style><onx:weight>4.0</onx:weight><onx:color>rgba(255, 51, 0, 1)</onx:color></extensions><rtept lat="42.615217" lon="-123.251185"></rtept><rtept lat="42.615376" lon="-123.249196"></rtept><rtept lat="42.611736" lon="-123.249200"></rtept><rtept lat="42.609915" lon="-123.249202"></rtept><rtept lat="42.608095" lon="-123.249205"></rtept><rtept lat="42.607988" lon="-123.251184"></rtept><rtept lat="42.607822" lon="-123.254244"></rtept><rtept lat="42.607550" lon="-123.259284"></rtept><rtept lat="42.611067" lon="-123.259197"></rtept><rtept lat="42.611932" lon="-123.259176"></rtept><rtept lat="42.613509" lon="-123.259137"></rtept><rtept lat="42.614585" lon="-123.259110"></rtept><rtept lat="42.614980" lon="-123.254153"></rtept><rtept lat="42.615110" lon="-123.252529"></rtept><rtept lat="42.615217" lon="-123.251185"></rtept></rte><rte><name>DAISY 5</name><type>Area</type><extensions><onx:style>dot</onx:style><onx:weight>4.0</onx:weight><onx:color>rgba(255, 51, 0, 1)</onx:color></extensions><rtept lat="42.614980" lon="-123.254153"></rtept><rtept lat="42.614585" lon="-123.259110"></rtept><rtept lat="42.616616" lon="-123.259060"></rtept><rtept lat="42.616798" lon="-123.259055"></rtept><rtept lat="42.618647" lon="-123.259010"></rtept><rtept lat="42.622709" lon="-123.258910"></rtept><rtept lat="42.622661" lon="-123.254045"></rtept><rtept lat="42.622633" lon="-123.251185"></rtept><rtept lat="42.622613" lon="-123.249181"></rtept><rtept lat="42.618994" lon="-123.249188"></rtept><rtept lat="42.615376" lon="-123.249196"></rtept><rtept lat="42.615217" lon="-123.251185"></rtept><rtept lat="42.615110" lon="-123.252529"></rtept><rtept lat="42.614980" lon="-123.254153"></rtept></rte><rte><name>DAISY 6</name><type>Area</type><extensions><onx:style>dot</onx:style><onx:weight>4.0</onx:weight><onx:color>rgba(255, 51, 0, 1)</onx:color></extensions><rtept lat="42.614585" lon="-123.259110"></rtept><rtept lat="42.613509" lon="-123.259137"></rtept><rtept lat="42.611932" lon="-123.259176"></rtept><rtept lat="42.611067" lon="-123.259197"></rtept><rtept lat="42.607550" lon="-123.259284"></rtept><rtept lat="42.607287" lon="-123.264312"></rtept><rtept lat="42.607024" lon="-123.269339"></rtept><rtept lat="42.610408" lon="-123.269295"></rtept><rtept lat="42.613793" lon="-123.269251"></rtept><rtept lat="42.614189" lon="-123.264181"></rtept><rtept lat="42.614332" lon="-123.262341"></rtept><rtept lat="42.614585" lon="-123.259110"></rtept></rte><rte><name>COPPER QUEEN</name><type>Area</type><extensions><onx:style>dot</onx:style><onx:weight>4.0</onx:weight><onx:color>rgba(255, 51, 0, 1)</onx:color></extensions><rtept lat="42.615546" lon="-123.391541"></rtept><rtept lat="42.615555" lon="-123.396471"></rtept><rtept lat="42.619145" lon="-123.396501"></rtept><rtept lat="42.622736" lon="-123.396531"></rtept><rtept lat="42.622768" lon="-123.391612"></rtept><rtept lat="42.622795" lon="-123.386707"></rtept><rtept lat="42.619169" lon="-123.386653"></rtept><rtept lat="42.615538" lon="-123.386612"></rtept><rtept lat="42.615546" lon="-123.391541"></rtept></rte><rte><name>OAK MINE</name><type>Area</type><extensions><onx:style>dot</onx:style><onx:weight>4.0</onx:weight><onx:color>rgba(255, 51, 0, 1)</onx:color></extensions><rtept lat="42.557006" lon="-123.308783"></rtept><rtept lat="42.556998" lon="-123.303883"></rtept><rtept lat="42.556991" lon="-123.298984"></rtept><rtept lat="42.553387" lon="-123.299012"></rtept><rtept lat="42.549784" lon="-123.299041"></rtept><rtept lat="42.549747" lon="-123.303919"></rtept><rtept lat="42.549710" lon="-123.308797"></rtept><rtept lat="42.553356" lon="-123.308793"></rtept><rtept lat="42.557006" lon="-123.308783"></rtept></rte><rte><name>ORO FINO</name><type>Area</type><extensions><onx:style>dot</onx:style><onx:weight>4.0</onx:weight><onx:color>rgba(255, 51, 0, 1)</onx:color></extensions><rtept lat="42.549571" lon="-123.268882"></rtept><rtept lat="42.549576" lon="-123.269509"></rtept><rtept lat="42.549609" lon="-123.273754"></rtept><rtept lat="42.549615" lon="-123.274431"></rtept><rtept lat="42.549648" lon="-123.278626"></rtept><rtept lat="42.549650" lon="-123.279354"></rtept><rtept lat="42.551470" lon="-123.279328"></rtept><rtept lat="42.553291" lon="-123.279302"></rtept><rtept lat="42.556931" lon="-123.279250"></rtept><rtept lat="42.556912" lon="-123.274343"></rtept><rtept lat="42.556893" lon="-123.269435"></rtept><rtept lat="42.556904" lon="-123.263832"></rtept><rtept lat="42.556915" lon="-123.258847"></rtept><rtept lat="42.553248" lon="-123.258808"></rtept><rtept lat="42.552855" lon="-123.258804"></rtept><rtept lat="42.552826" lon="-123.258780"></rtept><rtept lat="42.552814" lon="-123.258804"></rtept><rtept lat="42.549582" lon="-123.258770"></rtept><rtept lat="42.549577" lon="-123.263816"></rtept><rtept lat="42.549571" lon="-123.268882"></rtept></rte><rte><name>CANARY</name><type>Area</type><extensions><onx:style>dot</onx:style><onx:weight>4.0</onx:weight><onx:color>rgba(255, 51, 0, 1)</onx:color></extensions><rtept lat="42.589988" lon="-123.612442"></rtept><rtept lat="42.590883" lon="-123.612441"></rtept><rtept lat="42.593621" lon="-123.612438"></rtept><rtept lat="42.593617" lon="-123.610407"></rtept><rtept lat="42.593611" lon="-123.607543"></rtept><rtept lat="42.593609" lon="-123.606120"></rtept><rtept lat="42.593602" lon="-123.602647"></rtept><rtept lat="42.590004" lon="-123.602652"></rtept><rtept lat="42.586492" lon="-123.602720"></rtept><rtept lat="42.586467" lon="-123.605015"></rtept><rtept lat="42.586438" lon="-123.607552"></rtept><rtept lat="42.586389" lon="-123.611912"></rtept><rtept lat="42.586388" lon="-123.611959"></rtept><rtept lat="42.586383" lon="-123.612445"></rtept><rtept lat="42.589988" lon="-123.612442"></rtept></rte><rte><name>DOVE</name><type>Area</type><extensions><onx:style>dot</onx:style><onx:weight>4.0</onx:weight><onx:color>rgba(255, 51, 0, 1)</onx:color></extensions><rtept lat="42.589988" lon="-123.612442"></rtept><rtept lat="42.590883" lon="-123.612441"></rtept><rtept lat="42.593621" lon="-123.612438"></rtept><rtept lat="42.594982" lon="-123.612399"></rtept><rtept lat="42.597226" lon="-123.612335"></rtept><rtept lat="42.598846" lon="-123.612288"></rtept><rtept lat="42.599077" lon="-123.612272"></rtept><rtept lat="42.600831" lon="-123.612231"></rtept><rtept lat="42.600832" lon="-123.607437"></rtept><rtept lat="42.600834" lon="-123.602642"></rtept><rtept lat="42.597218" lon="-123.602645"></rtept><rtept lat="42.593602" lon="-123.602647"></rtept><rtept lat="42.590004" lon="-123.602652"></rtept><rtept lat="42.586492" lon="-123.602720"></rtept><rtept lat="42.586467" lon="-123.605015"></rtept><rtept lat="42.586438" lon="-123.607552"></rtept><rtept lat="42.586389" lon="-123.611912"></rtept><rtept lat="42.586388" lon="-123.611959"></rtept><rtept lat="42.586383" lon="-123.612445"></rtept><rtept lat="42.589988" lon="-123.612442"></rtept></rte><rte><name>MARSH WREN</name><type>Area</type><extensions><onx:style>dot</onx:style><onx:weight>4.0</onx:weight><onx:color>rgba(255, 51, 0, 1)</onx:color></extensions><rtept lat="42.582507" lon="-123.612450"></rtept><rtept lat="42.582705" lon="-123.612449"></rtept><rtept lat="42.586383" lon="-123.612445"></rtept><rtept lat="42.589988" lon="-123.612442"></rtept><rtept lat="42.590883" lon="-123.612441"></rtept><rtept lat="42.593621" lon="-123.612438"></rtept><rtept lat="42.593617" lon="-123.610407"></rtept><rtept lat="42.593611" lon="-123.607543"></rtept><rtept lat="42.593609" lon="-123.606120"></rtept><rtept lat="42.593602" lon="-123.602647"></rtept><rtept lat="42.590004" lon="-123.602652"></rtept><rtept lat="42.586492" lon="-123.602720"></rtept><rtept lat="42.582768" lon="-123.602702"></rtept><rtept lat="42.581716" lon="-123.602696"></rtept><rtept lat="42.580210" lon="-123.602689"></rtept><rtept lat="42.580193" lon="-123.602689"></rtept><rtept lat="42.579237" lon="-123.602684"></rtept><rtept lat="42.579174" lon="-123.607530"></rtept><rtept lat="42.579430" lon="-123.607530"></rtept><rtept lat="42.579171" lon="-123.607803"></rtept><rtept lat="42.579110" lon="-123.612453"></rtept><rtept lat="42.582507" lon="-123.612450"></rtept></rte><rte><name>ROBIN</name><type>Area</type><extensions><onx:style>dot</onx:style><onx:weight>4.0</onx:weight><onx:color>rgba(255, 51, 0, 1)</onx:color></extensions><rtept lat="42.589988" lon="-123.612442"></rtept><rtept lat="42.590883" lon="-123.612441"></rtept><rtept lat="42.593621" lon="-123.612438"></rtept><rtept lat="42.593617" lon="-123.610407"></rtept><rtept lat="42.593611" lon="-123.607543"></rtept><rtept lat="42.593609" lon="-123.606120"></rtept><rtept lat="42.593602" lon="-123.602647"></rtept><rtept lat="42.590004" lon="-123.602652"></rtept><rtept lat="42.586492" lon="-123.602720"></rtept><rtept lat="42.586467" lon="-123.605015"></rtept><rtept lat="42.586438" lon="-123.607552"></rtept><rtept lat="42.586389" lon="-123.611912"></rtept><rtept lat="42.586388" lon="-123.611959"></rtept><rtept lat="42.586383" lon="-123.612445"></rtept><rtept lat="42.589988" lon="-123.612442"></rtept></rte><rte><name>SILVER SCHIST</name><type>Area</type><extensions><onx:style>dot</onx:style><onx:weight>4.0</onx:weight><onx:color>rgba(255, 51, 0, 1)</onx:color></extensions><rtept lat="42.579171" lon="-123.607803"></rtept><rtept lat="42.579110" lon="-123.612453"></rtept><rtept lat="42.579054" lon="-123.616816"></rtept><rtept lat="42.579047" lon="-123.617377"></rtept><rtept lat="42.579025" lon="-123.619064"></rtept><rtept lat="42.579015" lon="-123.619839"></rtept><rtept lat="42.578983" lon="-123.622301"></rtept><rtept lat="42.579897" lon="-123.622295"></rtept><rtept lat="42.580812" lon="-123.622289"></rtept><rtept lat="42.581727" lon="-123.622284"></rtept><rtept lat="42.582642" lon="-123.622278"></rtept><rtept lat="42.586301" lon="-123.622255"></rtept><rtept lat="42.586328" lon="-123.617350"></rtept><rtept lat="42.586365" lon="-123.614051"></rtept><rtept lat="42.586383" lon="-123.612445"></rtept><rtept lat="42.589988" lon="-123.612442"></rtept><rtept lat="42.590883" lon="-123.612441"></rtept><rtept lat="42.593621" lon="-123.612438"></rtept><rtept lat="42.593617" lon="-123.610407"></rtept><rtept lat="42.593611" lon="-123.607543"></rtept><rtept lat="42.593609" lon="-123.606120"></rtept><rtept lat="42.593602" lon="-123.602647"></rtept><rtept lat="42.590004" lon="-123.602652"></rtept><rtept lat="42.586492" lon="-123.602720"></rtept><rtept lat="42.582768" lon="-123.602702"></rtept><rtept lat="42.581716" lon="-123.602696"></rtept><rtept lat="42.580210" lon="-123.602689"></rtept><rtept lat="42.580193" lon="-123.602689"></rtept><rtept lat="42.579237" lon="-123.602684"></rtept><rtept lat="42.579174" lon="-123.607530"></rtept><rtept lat="42.579171" lon="-123.607803"></rtept></rte><rte><name>BRASS LEDGE</name><type>Area</type><extensions><onx:style>dot</onx:style><onx:weight>4.0</onx:weight><onx:color>rgba(255, 51, 0, 1)</onx:color></extensions><rtept lat="42.593600" lon="-123.649219"></rtept><rtept lat="42.593600" lon="-123.647989"></rtept><rtept lat="42.593600" lon="-123.646758"></rtept><rtept lat="42.593601" lon="-123.644297"></rtept><rtept lat="42.593601" lon="-123.641836"></rtept><rtept lat="42.589948" lon="-123.641825"></rtept><rtept lat="42.586295" lon="-123.641814"></rtept><rtept lat="42.586303" lon="-123.646738"></rtept><rtept lat="42.586308" lon="-123.650000"></rtept><rtept lat="42.593600" lon="-123.650000"></rtept><rtept lat="42.593600" lon="-123.649219"></rtept></rte><rte><name>NESBIT</name><type>Area</type><extensions><onx:style>dot</onx:style><onx:weight>4.0</onx:weight><onx:color>rgba(255, 51, 0, 1)</onx:color></extensions><rtept lat="42.560337" lon="-123.641838"></rtept><rtept lat="42.564556" lon="-123.641847"></rtept><rtept lat="42.564537" lon="-123.636958"></rtept><rtept lat="42.564519" lon="-123.632069"></rtept><rtept lat="42.564510" lon="-123.627163"></rtept><rtept lat="42.564509" lon="-123.626196"></rtept><rtept lat="42.564504" lon="-123.623188"></rtept><rtept lat="42.564502" lon="-123.622256"></rtept><rtept lat="42.560408" lon="-123.622162"></rtept><rtept lat="42.559682" lon="-123.622147"></rtept><rtept lat="42.556868" lon="-123.622090"></rtept><rtept lat="42.556868" lon="-123.622224"></rtept><rtept lat="42.556834" lon="-123.627049"></rtept><rtept lat="42.556829" lon="-123.627716"></rtept><rtept lat="42.556804" lon="-123.631215"></rtept><rtept lat="42.556798" lon="-123.632009"></rtept><rtept lat="42.556763" lon="-123.636919"></rtept><rtept lat="42.556728" lon="-123.641830"></rtept><rtept lat="42.560337" lon="-123.641838"></rtept></rte><rte><name>MARY 1</name><type>Area</type><extensions><onx:style>dot</onx:style><onx:weight>4.0</onx:weight><onx:color>rgba(255, 51, 0, 1)</onx:color></extensions><rtept lat="42.666699" lon="-123.298868"></rtept><rtept lat="42.666505" lon="-123.298772"></rtept><rtept lat="42.666505" lon="-123.299036"></rtept><rtept lat="42.666518" lon="-123.299863"></rtept><rtept lat="42.666586" lon="-123.304104"></rtept><rtept lat="42.666667" lon="-123.309173"></rtept><rtept lat="42.670299" lon="-123.309122"></rtept><rtept lat="42.673928" lon="-123.309072"></rtept><rtept lat="42.673888" lon="-123.304052"></rtept><rtept lat="42.673849" lon="-123.299031"></rtept><rtept lat="42.670177" lon="-123.299034"></rtept><rtept lat="42.667528" lon="-123.299035"></rtept><rtept lat="42.667034" lon="-123.299036"></rtept><rtept lat="42.666699" lon="-123.298868"></rtept></rte><rte><name>MARY 2</name><type>Area</type><extensions><onx:style>dot</onx:style><onx:weight>4.0</onx:weight><onx:color>rgba(255, 51, 0, 1)</onx:color></extensions><rtept lat="42.666699" lon="-123.298868"></rtept><rtept lat="42.666505" lon="-123.298772"></rtept><rtept lat="42.666505" lon="-123.299036"></rtept><rtept lat="42.666518" lon="-123.299863"></rtept><rtept lat="42.666586" lon="-123.304104"></rtept><rtept lat="42.666667" lon="-123.309173"></rtept><rtept lat="42.670299" lon="-123.309122"></rtept><rtept lat="42.673928" lon="-123.309072"></rtept><rtept lat="42.673888" lon="-123.304052"></rtept><rtept lat="42.673849" lon="-123.299031"></rtept><rtept lat="42.670177" lon="-123.299034"></rtept><rtept lat="42.667528" lon="-123.299035"></rtept><rtept lat="42.667034" lon="-123.299036"></rtept><rtept lat="42.666699" lon="-123.298868"></rtept></rte><rte><name>MARY LOAD EXT</name><type>Area</type><extensions><onx:style>dot</onx:style><onx:weight>4.0</onx:weight><onx:color>rgba(255, 51, 0, 1)</onx:color></extensions><rtept lat="42.666699" lon="-123.298868"></rtept><rtept lat="42.666505" lon="-123.298772"></rtept><rtept lat="42.666505" lon="-123.299036"></rtept><rtept lat="42.666518" lon="-123.299863"></rtept><rtept lat="42.666586" lon="-123.304104"></rtept><rtept lat="42.666667" lon="-123.309173"></rtept><rtept lat="42.670299" lon="-123.309122"></rtept><rtept lat="42.673928" lon="-123.309072"></rtept><rtept lat="42.673888" lon="-123.304052"></rtept><rtept lat="42.673849" lon="-123.299031"></rtept><rtept lat="42.670177" lon="-123.299034"></rtept><rtept lat="42.667528" lon="-123.299035"></rtept><rtept lat="42.667034" lon="-123.299036"></rtept><rtept lat="42.666699" lon="-123.298868"></rtept></rte><rte><name>BARBARA</name><type>Area</type><extensions><onx:style>dot</onx:style><onx:weight>4.0</onx:weight><onx:color>rgba(255, 51, 0, 1)</onx:color></extensions><rtept lat="42.589988" lon="-123.612442"></rtept><rtept lat="42.590883" lon="-123.612441"></rtept><rtept lat="42.593621" lon="-123.612438"></rtept><rtept lat="42.594982" lon="-123.612399"></rtept><rtept lat="42.597226" lon="-123.612335"></rtept><rtept lat="42.598846" lon="-123.612288"></rtept><rtept lat="42.599077" lon="-123.612272"></rtept><rtept lat="42.600831" lon="-123.612231"></rtept><rtept lat="42.600832" lon="-123.607437"></rtept><rtept lat="42.600834" lon="-123.602642"></rtept><rtept lat="42.597218" lon="-123.602645"></rtept><rtept lat="42.593602" lon="-123.602647"></rtept><rtept lat="42.590004" lon="-123.602652"></rtept><rtept lat="42.586492" lon="-123.602720"></rtept><rtept lat="42.586467" lon="-123.605015"></rtept><rtept lat="42.586438" lon="-123.607552"></rtept><rtept lat="42.586389" lon="-123.611912"></rtept><rtept lat="42.586388" lon="-123.611959"></rtept><rtept lat="42.586383" lon="-123.612445"></rtept><rtept lat="42.589988" lon="-123.612442"></rtept></rte><rte><name>BLUE BIRD</name><type>Area</type><extensions><onx:style>dot</onx:style><onx:weight>4.0</onx:weight><onx:color>rgba(255, 51, 0, 1)</onx:color></extensions><rtept lat="42.589988" lon="-123.612442"></rtept><rtept lat="42.590883" lon="-123.612441"></rtept><rtept lat="42.593621" lon="-123.612438"></rtept><rtept lat="42.593617" lon="-123.610407"></rtept><rtept lat="42.593611" lon="-123.607543"></rtept><rtept lat="42.593609" lon="-123.606120"></rtept><rtept lat="42.593602" lon="-123.602647"></rtept><rtept lat="42.590004" lon="-123.602652"></rtept><rtept lat="42.586492" lon="-123.602720"></rtept><rtept lat="42.586467" lon="-123.605015"></rtept><rtept lat="42.586438" lon="-123.607552"></rtept><rtept lat="42.586389" lon="-123.611912"></rtept><rtept lat="42.586388" lon="-123.611959"></rtept><rtept lat="42.586383" lon="-123.612445"></rtept><rtept lat="42.589988" lon="-123.612442"></rtept></rte><rte><name>HORSESHOE LOAD EXT 3</name><type>Area</type><extensions><onx:style>dot</onx:style><onx:weight>4.0</onx:weight><onx:color>rgba(255, 51, 0, 1)</onx:color></extensions><rtept lat="42.677531" lon="-123.309046"></rtept><rtept lat="42.677640" lon="-123.309045"></rtept><rtept lat="42.679987" lon="-123.309030"></rtept><rtept lat="42.681134" lon="-123.309023"></rtept><rtept lat="42.681120" lon="-123.306768"></rtept><rtept lat="42.681102" lon="-123.304025"></rtept><rtept lat="42.681086" lon="-123.301551"></rtept><rtept lat="42.681067" lon="-123.299027"></rtept><rtept lat="42.677458" lon="-123.299029"></rtept><rtept lat="42.673849" lon="-123.299031"></rtept><rtept lat="42.673888" lon="-123.304052"></rtept><rtept lat="42.673928" lon="-123.309072"></rtept><rtept lat="42.677531" lon="-123.309046"></rtept></rte><rte><name>HORSESHOE LOAD EXT 4</name><type>Area</type><extensions><onx:style>dot</onx:style><onx:weight>4.0</onx:weight><onx:color>rgba(255, 51, 0, 1)</onx:color></extensions><rtept lat="42.673809" lon="-123.294102"></rtept><rtept lat="42.673849" lon="-123.299031"></rtept><rtept lat="42.673888" lon="-123.304052"></rtept><rtept lat="42.673928" lon="-123.309072"></rtept><rtept lat="42.677531" lon="-123.309046"></rtept><rtept lat="42.677640" lon="-123.309045"></rtept><rtept lat="42.679987" lon="-123.309030"></rtept><rtept lat="42.681134" lon="-123.309023"></rtept><rtept lat="42.681120" lon="-123.306768"></rtept><rtept lat="42.681102" lon="-123.304025"></rtept><rtept lat="42.681086" lon="-123.301551"></rtept><rtept lat="42.681067" lon="-123.299027"></rtept><rtept lat="42.681073" lon="-123.294109"></rtept><rtept lat="42.681083" lon="-123.291436"></rtept><rtept lat="42.681089" lon="-123.289178"></rtept><rtept lat="42.680254" lon="-123.289178"></rtept><rtept lat="42.677429" lon="-123.289175"></rtept><rtept lat="42.675407" lon="-123.289174"></rtept><rtept lat="42.673770" lon="-123.289173"></rtept><rtept lat="42.673809" lon="-123.294102"></rtept></rte><rte><name>HORSESHOE LOAD EXT 5</name><type>Area</type><extensions><onx:style>dot</onx:style><onx:weight>4.0</onx:weight><onx:color>rgba(255, 51, 0, 1)</onx:color></extensions><rtept lat="42.673809" lon="-123.294102"></rtept><rtept lat="42.673849" lon="-123.299031"></rtept><rtept lat="42.673888" lon="-123.304052"></rtept><rtept lat="42.673928" lon="-123.309072"></rtept><rtept lat="42.677531" lon="-123.309046"></rtept><rtept lat="42.677640" lon="-123.309045"></rtept><rtept lat="42.679987" lon="-123.309030"></rtept><rtept lat="42.681134" lon="-123.309023"></rtept><rtept lat="42.681120" lon="-123.306768"></rtept><rtept lat="42.681102" lon="-123.304025"></rtept><rtept lat="42.681086" lon="-123.301551"></rtept><rtept lat="42.681067" lon="-123.299027"></rtept><rtept lat="42.681073" lon="-123.294109"></rtept><rtept lat="42.681083" lon="-123.291436"></rtept><rtept lat="42.681089" lon="-123.289178"></rtept><rtept lat="42.680254" lon="-123.289178"></rtept><rtept lat="42.677429" lon="-123.289175"></rtept><rtept lat="42.675407" lon="-123.289174"></rtept><rtept lat="42.673770" lon="-123.289173"></rtept><rtept lat="42.673809" lon="-123.294102"></rtept></rte><rte><name>HORSESHOE LOAD EXT 6</name><type>Area</type><extensions><onx:style>dot</onx:style><onx:weight>4.0</onx:weight><onx:color>rgba(255, 51, 0, 1)</onx:color></extensions><rtept lat="42.673809" lon="-123.294102"></rtept><rtept lat="42.673849" lon="-123.299031"></rtept><rtept lat="42.673888" lon="-123.304052"></rtept><rtept lat="42.673928" lon="-123.309072"></rtept><rtept lat="42.677531" lon="-123.309046"></rtept><rtept lat="42.677640" lon="-123.309045"></rtept><rtept lat="42.679987" lon="-123.309030"></rtept><rtept lat="42.681134" lon="-123.309023"></rtept><rtept lat="42.681120" lon="-123.306768"></rtept><rtept lat="42.681102" lon="-123.304025"></rtept><rtept lat="42.681086" lon="-123.301551"></rtept><rtept lat="42.681067" lon="-123.299027"></rtept><rtept lat="42.681073" lon="-123.294109"></rtept><rtept lat="42.681083" lon="-123.291436"></rtept><rtept lat="42.681089" lon="-123.289178"></rtept><rtept lat="42.680254" lon="-123.289178"></rtept><rtept lat="42.677429" lon="-123.289175"></rtept><rtept lat="42.675407" lon="-123.289174"></rtept><rtept lat="42.673770" lon="-123.289173"></rtept><rtept lat="42.673809" lon="-123.294102"></rtept></rte><rte><name>HORSESHOE LOAD EXT 7</name><type>Area</type><extensions><onx:style>dot</onx:style><onx:weight>4.0</onx:weight><onx:color>rgba(255, 51, 0, 1)</onx:color></extensions><rtept lat="42.666699" lon="-123.298868"></rtept><rtept lat="42.666505" lon="-123.298772"></rtept><rtept lat="42.666505" lon="-123.299036"></rtept><rtept lat="42.666518" lon="-123.299863"></rtept><rtept lat="42.666586" lon="-123.304104"></rtept><rtept lat="42.666667" lon="-123.309173"></rtept><rtept lat="42.670299" lon="-123.309122"></rtept><rtept lat="42.673928" lon="-123.309072"></rtept><rtept lat="42.677531" lon="-123.309046"></rtept><rtept lat="42.677640" lon="-123.309045"></rtept><rtept lat="42.679987" lon="-123.309030"></rtept><rtept lat="42.681134" lon="-123.309023"></rtept><rtept lat="42.681120" lon="-123.306768"></rtept><rtept lat="42.681102" lon="-123.304025"></rtept><rtept lat="42.681086" lon="-123.301551"></rtept><rtept lat="42.681067" lon="-123.299027"></rtept><rtept lat="42.677458" lon="-123.299029"></rtept><rtept lat="42.673849" lon="-123.299031"></rtept><rtept lat="42.670177" lon="-123.299034"></rtept><rtept lat="42.667528" lon="-123.299035"></rtept><rtept lat="42.667034" lon="-123.299036"></rtept><rtept lat="42.666699" lon="-123.298868"></rtept></rte><rte><name>HORSESHOE LOAD EXT 8</name><type>Area</type><extensions><onx:style>dot</onx:style><onx:weight>4.0</onx:weight><onx:color>rgba(255, 51, 0, 1)</onx:color></extensions><rtept lat="42.671834" lon="-123.289173"></rtept><rtept lat="42.670180" lon="-123.289172"></rtept><rtept lat="42.670151" lon="-123.289172"></rtept><rtept lat="42.668425" lon="-123.289172"></rtept><rtept lat="42.666525" lon="-123.289172"></rtept><rtept lat="42.666515" lon="-123.294104"></rtept><rtept lat="42.666510" lon="-123.296257"></rtept><rtept lat="42.666505" lon="-123.298772"></rtept><rtept lat="42.666505" lon="-123.299036"></rtept><rtept lat="42.666518" lon="-123.299863"></rtept><rtept lat="42.666586" lon="-123.304104"></rtept><rtept lat="42.666667" lon="-123.309173"></rtept><rtept lat="42.670299" lon="-123.309122"></rtept><rtept lat="42.673928" lon="-123.309072"></rtept><rtept lat="42.677531" lon="-123.309046"></rtept><rtept lat="42.677640" lon="-123.309045"></rtept><rtept lat="42.679987" lon="-123.309030"></rtept><rtept lat="42.681134" lon="-123.309023"></rtept><rtept lat="42.681120" lon="-123.306768"></rtept><rtept lat="42.681102" lon="-123.304025"></rtept><rtept lat="42.681086" lon="-123.301551"></rtept><rtept lat="42.681067" lon="-123.299027"></rtept><rtept lat="42.681073" lon="-123.294109"></rtept><rtept lat="42.681083" lon="-123.291436"></rtept><rtept lat="42.681089" lon="-123.289178"></rtept><rtept lat="42.680254" lon="-123.289178"></rtept><rtept lat="42.677429" lon="-123.289175"></rtept><rtept lat="42.675407" lon="-123.289174"></rtept><rtept lat="42.673770" lon="-123.289173"></rtept><rtept lat="42.671834" lon="-123.289173"></rtept></rte><rte><name>JOHN HALL</name><type>Area</type><extensions><onx:style>dot</onx:style><onx:weight>4.0</onx:weight><onx:color>rgba(255, 51, 0, 1)</onx:color></extensions><rtept lat="42.615538" lon="-123.333284"></rtept><rtept lat="42.615607" lon="-123.338183"></rtept><rtept lat="42.619254" lon="-123.338201"></rtept><rtept lat="42.622900" lon="-123.338219"></rtept><rtept lat="42.622844" lon="-123.333308"></rtept><rtept lat="42.622787" lon="-123.328399"></rtept><rtept lat="42.620958" lon="-123.328396"></rtept><rtept lat="42.619128" lon="-123.328392"></rtept><rtept lat="42.617298" lon="-123.328389"></rtept><rtept lat="42.615469" lon="-123.328385"></rtept><rtept lat="42.615538" lon="-123.333284"></rtept></rte><rte><name>RUSTY GOLD 3</name><type>Area</type><extensions><onx:style>dot</onx:style><onx:weight>4.0</onx:weight><onx:color>rgba(255, 51, 0, 1)</onx:color></extensions><rtept lat="42.615538" lon="-123.333284"></rtept><rtept lat="42.615607" lon="-123.338183"></rtept><rtept lat="42.615679" lon="-123.343207"></rtept><rtept lat="42.615737" lon="-123.347327"></rtept><rtept lat="42.619363" lon="-123.347299"></rtept><rtept lat="42.622988" lon="-123.347271"></rtept><rtept lat="42.622949" lon="-123.343223"></rtept><rtept lat="42.622900" lon="-123.338219"></rtept><rtept lat="42.622844" lon="-123.333308"></rtept><rtept lat="42.622787" lon="-123.328399"></rtept><rtept lat="42.620958" lon="-123.328396"></rtept><rtept lat="42.619128" lon="-123.328392"></rtept><rtept lat="42.617298" lon="-123.328389"></rtept><rtept lat="42.615469" lon="-123.328385"></rtept><rtept lat="42.615538" lon="-123.333284"></rtept></rte><rte><name>APEX QUARTZ</name><type>Area</type><extensions><onx:style>dot</onx:style><onx:weight>4.0</onx:weight><onx:color>rgba(255, 51, 0, 1)</onx:color></extensions><rtept lat="42.178328" lon="-122.924216"></rtept><rtept lat="42.181951" lon="-122.924207"></rtept><rtept lat="42.185574" lon="-122.924197"></rtept><rtept lat="42.185584" lon="-122.919325"></rtept><rtept lat="42.185594" lon="-122.914453"></rtept><rtept lat="42.181971" lon="-122.914462"></rtept><rtept lat="42.178349" lon="-122.914470"></rtept><rtept lat="42.178339" lon="-122.919343"></rtept><rtept lat="42.178328" lon="-122.924216"></rtept></rte><rte><name>QUARTZ MATRIX</name><type>Area</type><extensions><onx:style>dot</onx:style><onx:weight>4.0</onx:weight><onx:color>rgba(255, 51, 0, 1)</onx:color></extensions><rtept lat="42.178328" lon="-122.924216"></rtept><rtept lat="42.181951" lon="-122.924207"></rtept><rtept lat="42.185574" lon="-122.924197"></rtept><rtept lat="42.185584" lon="-122.919325"></rtept><rtept lat="42.185594" lon="-122.914453"></rtept><rtept lat="42.181971" lon="-122.914462"></rtept><rtept lat="42.178349" lon="-122.914470"></rtept><rtept lat="42.178339" lon="-122.919343"></rtept><rtept lat="42.178328" lon="-122.924216"></rtept></rte><rte><name>SLEEPY MINE 1</name><type>Area</type><extensions><onx:style>dot</onx:style><onx:weight>4.0</onx:weight><onx:color>rgba(255, 51, 0, 1)</onx:color></extensions><rtept lat="42.225732" lon="-122.914520"></rtept><rtept lat="42.229347" lon="-122.914504"></rtept><rtept lat="42.229337" lon="-122.909471"></rtept><rtept lat="42.229327" lon="-122.904614"></rtept><rtept lat="42.225724" lon="-122.904636"></rtept><rtept lat="42.222120" lon="-122.904658"></rtept><rtept lat="42.222118" lon="-122.909518"></rtept><rtept lat="42.222117" lon="-122.914535"></rtept><rtept lat="42.225732" lon="-122.914520"></rtept></rte><rte><name>IOWA</name><type>Area</type><extensions><onx:style>dot</onx:style><onx:weight>4.0</onx:weight><onx:color>rgba(255, 51, 0, 1)</onx:color></extensions><rtept lat="42.688324" lon="-123.631871"></rtept><rtept lat="42.688325" lon="-123.626948"></rtept><rtept lat="42.688325" lon="-123.622026"></rtept><rtept lat="42.688333" lon="-123.617116"></rtept><rtept lat="42.688341" lon="-123.612206"></rtept><rtept lat="42.684704" lon="-123.612207"></rtept><rtept lat="42.681067" lon="-123.612207"></rtept><rtept lat="42.681071" lon="-123.617119"></rtept><rtept lat="42.681075" lon="-123.622030"></rtept><rtept lat="42.681073" lon="-123.623363"></rtept><rtept lat="42.681068" lon="-123.626949"></rtept><rtept lat="42.681064" lon="-123.629551"></rtept><rtept lat="42.681061" lon="-123.631093"></rtept><rtept lat="42.681060" lon="-123.631869"></rtept><rtept lat="42.681059" lon="-123.632635"></rtept><rtept lat="42.681654" lon="-123.631869"></rtept><rtept lat="42.684692" lon="-123.631870"></rtept><rtept lat="42.688324" lon="-123.631871"></rtept></rte><rte><name>IDAHO</name><type>Area</type><extensions><onx:style>dot</onx:style><onx:weight>4.0</onx:weight><onx:color>rgba(255, 51, 0, 1)</onx:color></extensions><rtept lat="42.681050" lon="-123.636794"></rtept><rtept lat="42.681059" lon="-123.632635"></rtept><rtept lat="42.681654" lon="-123.631869"></rtept><rtept lat="42.684692" lon="-123.631870"></rtept><rtept lat="42.688324" lon="-123.631871"></rtept><rtept lat="42.688325" lon="-123.626948"></rtept><rtept lat="42.688325" lon="-123.622026"></rtept><rtept lat="42.688333" lon="-123.617116"></rtept><rtept lat="42.688341" lon="-123.612206"></rtept><rtept lat="42.684704" lon="-123.612207"></rtept><rtept lat="42.681067" lon="-123.612207"></rtept><rtept lat="42.679194" lon="-123.612208"></rtept><rtept lat="42.677456" lon="-123.612209"></rtept><rtept lat="42.673845" lon="-123.612211"></rtept><rtept lat="42.673846" lon="-123.614865"></rtept><rtept lat="42.673848" lon="-123.617126"></rtept><rtept lat="42.673851" lon="-123.622042"></rtept><rtept lat="42.673827" lon="-123.626959"></rtept><rtept lat="42.673823" lon="-123.627774"></rtept><rtept lat="42.673804" lon="-123.631875"></rtept><rtept lat="42.676296" lon="-123.631873"></rtept><rtept lat="42.676372" lon="-123.632380"></rtept><rtept lat="42.673798" lon="-123.633102"></rtept><rtept lat="42.673780" lon="-123.636797"></rtept><rtept lat="42.677415" lon="-123.636795"></rtept><rtept lat="42.681050" lon="-123.636794"></rtept></rte><rte><name>BERKELEY</name><type>Area</type><extensions><onx:style>dot</onx:style><onx:weight>4.0</onx:weight><onx:color>rgba(255, 51, 0, 1)</onx:color></extensions><rtept lat="42.681075" lon="-123.622030"></rtept><rtept lat="42.682108" lon="-123.622030"></rtept><rtept lat="42.682565" lon="-123.622029"></rtept><rtept lat="42.683303" lon="-123.622029"></rtept><rtept lat="42.684700" lon="-123.622028"></rtept><rtept lat="42.685695" lon="-123.622027"></rtept><rtept lat="42.686123" lon="-123.622027"></rtept><rtept lat="42.688325" lon="-123.622026"></rtept><rtept lat="42.688333" lon="-123.617116"></rtept><rtept lat="42.688341" lon="-123.612206"></rtept><rtept lat="42.684704" lon="-123.612207"></rtept><rtept lat="42.681067" lon="-123.612207"></rtept><rtept lat="42.681071" lon="-123.617119"></rtept><rtept lat="42.681075" lon="-123.622030"></rtept></rte><rte><name>POSER</name><type>Area</type><extensions><onx:style>dot</onx:style><onx:weight>4.0</onx:weight><onx:color>rgba(255, 51, 0, 1)</onx:color></extensions><rtept lat="42.688324" lon="-123.631871"></rtept><rtept lat="42.688325" lon="-123.626948"></rtept><rtept lat="42.688325" lon="-123.622026"></rtept><rtept lat="42.691964" lon="-123.622023"></rtept><rtept lat="42.695604" lon="-123.622020"></rtept><rtept lat="42.695617" lon="-123.617112"></rtept><rtept lat="42.695630" lon="-123.612205"></rtept><rtept lat="42.691985" lon="-123.612205"></rtept><rtept lat="42.688341" lon="-123.612206"></rtept><rtept lat="42.684704" lon="-123.612207"></rtept><rtept lat="42.681067" lon="-123.612207"></rtept><rtept lat="42.681071" lon="-123.617119"></rtept><rtept lat="42.681075" lon="-123.622030"></rtept><rtept lat="42.681073" lon="-123.623363"></rtept><rtept lat="42.681068" lon="-123.626949"></rtept><rtept lat="42.681064" lon="-123.629551"></rtept><rtept lat="42.681061" lon="-123.631093"></rtept><rtept lat="42.681060" lon="-123.631869"></rtept><rtept lat="42.681059" lon="-123.632635"></rtept><rtept lat="42.681654" lon="-123.631869"></rtept><rtept lat="42.684692" lon="-123.631870"></rtept><rtept lat="42.688324" lon="-123.631871"></rtept></rte><rte><name>CONFIDENCE</name><type>Area</type><extensions><onx:style>dot</onx:style><onx:weight>4.0</onx:weight><onx:color>rgba(255, 51, 0, 1)</onx:color></extensions><rtept lat="42.681075" lon="-123.622030"></rtept><rtept lat="42.682108" lon="-123.622030"></rtept><rtept lat="42.682565" lon="-123.622029"></rtept><rtept lat="42.683303" lon="-123.622029"></rtept><rtept lat="42.684700" lon="-123.622028"></rtept><rtept lat="42.685695" lon="-123.622027"></rtept><rtept lat="42.686123" lon="-123.622027"></rtept><rtept lat="42.688325" lon="-123.622026"></rtept><rtept lat="42.691964" lon="-123.622023"></rtept><rtept lat="42.695604" lon="-123.622020"></rtept><rtept lat="42.695617" lon="-123.617112"></rtept><rtept lat="42.695630" lon="-123.612205"></rtept><rtept lat="42.691985" lon="-123.612205"></rtept><rtept lat="42.688341" lon="-123.612206"></rtept><rtept lat="42.684704" lon="-123.612207"></rtept><rtept lat="42.681067" lon="-123.612207"></rtept><rtept lat="42.681071" lon="-123.617119"></rtept><rtept lat="42.681075" lon="-123.622030"></rtept></rte><rte><name>WASHINGTON</name><type>Area</type><extensions><onx:style>dot</onx:style><onx:weight>4.0</onx:weight><onx:color>rgba(255, 51, 0, 1)</onx:color></extensions><rtept lat="42.666614" lon="-123.631882"></rtept><rtept lat="42.666608" lon="-123.636795"></rtept><rtept lat="42.666602" lon="-123.641709"></rtept><rtept lat="42.670179" lon="-123.641714"></rtept><rtept lat="42.673756" lon="-123.641718"></rtept><rtept lat="42.677398" lon="-123.641719"></rtept><rtept lat="42.681040" lon="-123.641720"></rtept><rtept lat="42.681050" lon="-123.636794"></rtept><rtept lat="42.677415" lon="-123.636795"></rtept><rtept lat="42.673780" lon="-123.636797"></rtept><rtept lat="42.673798" lon="-123.633102"></rtept><rtept lat="42.676372" lon="-123.632380"></rtept><rtept lat="42.676296" lon="-123.631873"></rtept><rtept lat="42.673804" lon="-123.631875"></rtept><rtept lat="42.672094" lon="-123.631877"></rtept><rtept lat="42.670209" lon="-123.631878"></rtept><rtept lat="42.666614" lon="-123.631882"></rtept></rte><rte><name>MONTANA</name><type>Area</type><extensions><onx:style>dot</onx:style><onx:weight>4.0</onx:weight><onx:color>rgba(255, 51, 0, 1)</onx:color></extensions><rtept lat="42.673798" lon="-123.633102"></rtept><rtept lat="42.673780" lon="-123.636797"></rtept><rtept lat="42.673756" lon="-123.641718"></rtept><rtept lat="42.677398" lon="-123.641719"></rtept><rtept lat="42.681040" lon="-123.641720"></rtept><rtept lat="42.681050" lon="-123.636794"></rtept><rtept lat="42.681059" lon="-123.632635"></rtept><rtept lat="42.681060" lon="-123.631869"></rtept><rtept lat="42.681061" lon="-123.631093"></rtept><rtept lat="42.681064" lon="-123.629551"></rtept><rtept lat="42.681068" lon="-123.626949"></rtept><rtept lat="42.681073" lon="-123.623363"></rtept><rtept lat="42.681075" lon="-123.622030"></rtept><rtept lat="42.677463" lon="-123.622036"></rtept><rtept lat="42.673851" lon="-123.622042"></rtept><rtept lat="42.673827" lon="-123.626959"></rtept><rtept lat="42.673823" lon="-123.627774"></rtept><rtept lat="42.673804" lon="-123.631875"></rtept><rtept lat="42.673798" lon="-123.633102"></rtept></rte><rte><name>COLORADO</name><type>Area</type><extensions><onx:style>dot</onx:style><onx:weight>4.0</onx:weight><onx:color>rgba(255, 51, 0, 1)</onx:color></extensions><rtept lat="42.670239" lon="-123.622048"></rtept><rtept lat="42.666626" lon="-123.622054"></rtept><rtept lat="42.666621" lon="-123.626197"></rtept><rtept lat="42.666620" lon="-123.626968"></rtept><rtept lat="42.666614" lon="-123.631882"></rtept><rtept lat="42.670209" lon="-123.631878"></rtept><rtept lat="42.672094" lon="-123.631877"></rtept><rtept lat="42.673804" lon="-123.631875"></rtept><rtept lat="42.676296" lon="-123.631873"></rtept><rtept lat="42.676372" lon="-123.632380"></rtept><rtept lat="42.673798" lon="-123.633102"></rtept><rtept lat="42.673780" lon="-123.636797"></rtept><rtept lat="42.677415" lon="-123.636795"></rtept><rtept lat="42.681050" lon="-123.636794"></rtept><rtept lat="42.681059" lon="-123.632635"></rtept><rtept lat="42.680685" lon="-123.633116"></rtept><rtept lat="42.680497" lon="-123.631869"></rtept><rtept lat="42.681060" lon="-123.631869"></rtept><rtept lat="42.681061" lon="-123.631093"></rtept><rtept lat="42.681064" lon="-123.629551"></rtept><rtept lat="42.681068" lon="-123.626949"></rtept><rtept lat="42.681073" lon="-123.623363"></rtept><rtept lat="42.681075" lon="-123.622030"></rtept><rtept lat="42.677463" lon="-123.622036"></rtept><rtept lat="42.673851" lon="-123.622042"></rtept><rtept lat="42.670239" lon="-123.622048"></rtept></rte><rte><name>NEVADA</name><type>Area</type><extensions><onx:style>dot</onx:style><onx:weight>4.0</onx:weight><onx:color>rgba(255, 51, 0, 1)</onx:color></extensions><rtept lat="42.677415" lon="-123.636795"></rtept><rtept lat="42.681050" lon="-123.636794"></rtept><rtept lat="42.681059" lon="-123.632635"></rtept><rtept lat="42.680685" lon="-123.633116"></rtept><rtept lat="42.680497" lon="-123.631869"></rtept><rtept lat="42.681060" lon="-123.631869"></rtept><rtept lat="42.681061" lon="-123.631093"></rtept><rtept lat="42.681064" lon="-123.629551"></rtept><rtept lat="42.681068" lon="-123.626949"></rtept><rtept lat="42.681073" lon="-123.623363"></rtept><rtept lat="42.681075" lon="-123.622030"></rtept><rtept lat="42.677463" lon="-123.622036"></rtept><rtept lat="42.673851" lon="-123.622042"></rtept><rtept lat="42.673827" lon="-123.626959"></rtept><rtept lat="42.673823" lon="-123.627774"></rtept><rtept lat="42.673804" lon="-123.631875"></rtept><rtept lat="42.676296" lon="-123.631873"></rtept><rtept lat="42.676372" lon="-123.632380"></rtept><rtept lat="42.673798" lon="-123.633102"></rtept><rtept lat="42.673780" lon="-123.636797"></rtept><rtept lat="42.677415" lon="-123.636795"></rtept></rte><rte><name>HAZEL</name><type>Area</type><extensions><onx:style>dot</onx:style><onx:weight>4.0</onx:weight><onx:color>rgba(255, 51, 0, 1)</onx:color></extensions><rtept lat="42.677415" lon="-123.636795"></rtept><rtept lat="42.681050" lon="-123.636794"></rtept><rtept lat="42.681059" lon="-123.632635"></rtept><rtept lat="42.680685" lon="-123.633116"></rtept><rtept lat="42.680497" lon="-123.631869"></rtept><rtept lat="42.681060" lon="-123.631869"></rtept><rtept lat="42.681061" lon="-123.631093"></rtept><rtept lat="42.681064" lon="-123.629551"></rtept><rtept lat="42.681068" lon="-123.626949"></rtept><rtept lat="42.681073" lon="-123.623363"></rtept><rtept lat="42.681075" lon="-123.622030"></rtept><rtept lat="42.682108" lon="-123.622030"></rtept><rtept lat="42.682565" lon="-123.622029"></rtept><rtept lat="42.683303" lon="-123.622029"></rtept><rtept lat="42.684700" lon="-123.622028"></rtept><rtept lat="42.685695" lon="-123.622027"></rtept><rtept lat="42.686123" lon="-123.622027"></rtept><rtept lat="42.688325" lon="-123.622026"></rtept><rtept lat="42.688333" lon="-123.617116"></rtept><rtept lat="42.688341" lon="-123.612206"></rtept><rtept lat="42.684704" lon="-123.612207"></rtept><rtept lat="42.681067" lon="-123.612207"></rtept><rtept lat="42.679194" lon="-123.612208"></rtept><rtept lat="42.677456" lon="-123.612209"></rtept><rtept lat="42.673845" lon="-123.612211"></rtept><rtept lat="42.673846" lon="-123.614865"></rtept><rtept lat="42.673848" lon="-123.617126"></rtept><rtept lat="42.673851" lon="-123.622042"></rtept><rtept lat="42.673827" lon="-123.626959"></rtept><rtept lat="42.673823" lon="-123.627774"></rtept><rtept lat="42.673804" lon="-123.631875"></rtept><rtept lat="42.676296" lon="-123.631873"></rtept><rtept lat="42.676372" lon="-123.632380"></rtept><rtept lat="42.673798" lon="-123.633102"></rtept><rtept lat="42.673780" lon="-123.636797"></rtept><rtept lat="42.677415" lon="-123.636795"></rtept></rte><rte><name>DAWN</name><type>Area</type><extensions><onx:style>dot</onx:style><onx:weight>4.0</onx:weight><onx:color>rgba(255, 51, 0, 1)</onx:color></extensions><rtept lat="42.677415" lon="-123.636795"></rtept><rtept lat="42.681050" lon="-123.636794"></rtept><rtept lat="42.681059" lon="-123.632635"></rtept><rtept lat="42.680685" lon="-123.633116"></rtept><rtept lat="42.680497" lon="-123.631869"></rtept><rtept lat="42.681060" lon="-123.631869"></rtept><rtept lat="42.681061" lon="-123.631093"></rtept><rtept lat="42.681064" lon="-123.629551"></rtept><rtept lat="42.681068" lon="-123.626949"></rtept><rtept lat="42.681073" lon="-123.623363"></rtept><rtept lat="42.681075" lon="-123.622030"></rtept><rtept lat="42.677463" lon="-123.622036"></rtept><rtept lat="42.673851" lon="-123.622042"></rtept><rtept lat="42.673827" lon="-123.626959"></rtept><rtept lat="42.673823" lon="-123.627774"></rtept><rtept lat="42.673804" lon="-123.631875"></rtept><rtept lat="42.676296" lon="-123.631873"></rtept><rtept lat="42.676372" lon="-123.632380"></rtept><rtept lat="42.673798" lon="-123.633102"></rtept><rtept lat="42.673780" lon="-123.636797"></rtept><rtept lat="42.677415" lon="-123.636795"></rtept></rte><rte><name>MARYLAND</name><type>Area</type><extensions><onx:style>dot</onx:style><onx:weight>4.0</onx:weight><onx:color>rgba(255, 51, 0, 1)</onx:color></extensions><rtept lat="42.681075" lon="-123.622030"></rtept><rtept lat="42.682108" lon="-123.622030"></rtept><rtept lat="42.682565" lon="-123.622029"></rtept><rtept lat="42.683303" lon="-123.622029"></rtept><rtept lat="42.684700" lon="-123.622028"></rtept><rtept lat="42.685695" lon="-123.622027"></rtept><rtept lat="42.686123" lon="-123.622027"></rtept><rtept lat="42.688325" lon="-123.622026"></rtept><rtept lat="42.688333" lon="-123.617116"></rtept><rtept lat="42.688341" lon="-123.612206"></rtept><rtept lat="42.684704" lon="-123.612207"></rtept><rtept lat="42.681067" lon="-123.612207"></rtept><rtept lat="42.681071" lon="-123.617119"></rtept><rtept lat="42.681075" lon="-123.622030"></rtept></rte><rte><name>HIGH ORE</name><type>Area</type><extensions><onx:style>dot</onx:style><onx:weight>4.0</onx:weight><onx:color>rgba(255, 51, 0, 1)</onx:color></extensions><rtept lat="42.670239" lon="-123.622048"></rtept><rtept lat="42.666626" lon="-123.622054"></rtept><rtept lat="42.666621" lon="-123.626197"></rtept><rtept lat="42.666620" lon="-123.626968"></rtept><rtept lat="42.666614" lon="-123.631882"></rtept><rtept lat="42.670209" lon="-123.631878"></rtept><rtept lat="42.672094" lon="-123.631877"></rtept><rtept lat="42.673804" lon="-123.631875"></rtept><rtept lat="42.676296" lon="-123.631873"></rtept><rtept lat="42.676372" lon="-123.632380"></rtept><rtept lat="42.673798" lon="-123.633102"></rtept><rtept lat="42.673780" lon="-123.636797"></rtept><rtept lat="42.677415" lon="-123.636795"></rtept><rtept lat="42.681050" lon="-123.636794"></rtept><rtept lat="42.681059" lon="-123.632635"></rtept><rtept lat="42.680685" lon="-123.633116"></rtept><rtept lat="42.680497" lon="-123.631869"></rtept><rtept lat="42.681060" lon="-123.631869"></rtept><rtept lat="42.681061" lon="-123.631093"></rtept><rtept lat="42.681064" lon="-123.629551"></rtept><rtept lat="42.681068" lon="-123.626949"></rtept><rtept lat="42.681073" lon="-123.623363"></rtept><rtept lat="42.681075" lon="-123.622030"></rtept><rtept lat="42.677463" lon="-123.622036"></rtept><rtept lat="42.673851" lon="-123.622042"></rtept><rtept lat="42.670239" lon="-123.622048"></rtept></rte><rte><name>UTAH</name><type>Area</type><extensions><onx:style>dot</onx:style><onx:weight>4.0</onx:weight><onx:color>rgba(255, 51, 0, 1)</onx:color></extensions><rtept lat="42.677398" lon="-123.641719"></rtept><rtept lat="42.681040" lon="-123.641720"></rtept><rtept lat="42.681050" lon="-123.636794"></rtept><rtept lat="42.677415" lon="-123.636795"></rtept><rtept lat="42.673780" lon="-123.636797"></rtept><rtept lat="42.673756" lon="-123.641718"></rtept><rtept lat="42.677398" lon="-123.641719"></rtept></rte><rte><name>SUGAR PINE</name><type>Area</type><extensions><onx:style>dot</onx:style><onx:weight>4.0</onx:weight><onx:color>rgba(255, 51, 0, 1)</onx:color></extensions><rtept lat="42.556763" lon="-123.636919"></rtept><rtept lat="42.556728" lon="-123.641830"></rtept><rtept lat="42.560337" lon="-123.641838"></rtept><rtept lat="42.560350" lon="-123.636937"></rtept><rtept lat="42.556763" lon="-123.636919"></rtept></rte><rte><name>SUGAR PINE S EXT</name><type>Area</type><extensions><onx:style>dot</onx:style><onx:weight>4.0</onx:weight><onx:color>rgba(255, 51, 0, 1)</onx:color></extensions><rtept lat="42.564564" lon="-123.646756"></rtept><rtept lat="42.564556" lon="-123.641847"></rtept><rtept lat="42.564537" lon="-123.636958"></rtept><rtept lat="42.564519" lon="-123.632069"></rtept><rtept lat="42.560364" lon="-123.632037"></rtept><rtept lat="42.556798" lon="-123.632009"></rtept><rtept lat="42.553190" lon="-123.631980"></rtept><rtept lat="42.550030" lon="-123.631955"></rtept><rtept lat="42.549581" lon="-123.631952"></rtept><rtept lat="42.549559" lon="-123.636880"></rtept><rtept lat="42.549552" lon="-123.638346"></rtept><rtept lat="42.549537" lon="-123.641808"></rtept><rtept lat="42.549523" lon="-123.646709"></rtept><rtept lat="42.549513" lon="-123.650000"></rtept><rtept lat="42.564569" lon="-123.650000"></rtept><rtept lat="42.564564" lon="-123.646756"></rtept></rte><rte><name>BLACK JACK</name><type>Area</type><extensions><onx:style>dot</onx:style><onx:weight>4.0</onx:weight><onx:color>rgba(255, 51, 0, 1)</onx:color></extensions><rtept lat="42.560337" lon="-123.641838"></rtept><rtept lat="42.556728" lon="-123.641830"></rtept><rtept lat="42.556721" lon="-123.646733"></rtept><rtept lat="42.556716" lon="-123.650000"></rtept><rtept lat="42.571804" lon="-123.650000"></rtept><rtept lat="42.571800" lon="-123.646731"></rtept><rtept lat="42.571793" lon="-123.641807"></rtept><rtept lat="42.568175" lon="-123.641827"></rtept><rtept lat="42.564556" lon="-123.641847"></rtept><rtept lat="42.560337" lon="-123.641838"></rtept></rte><rte><name>BLACK JACK 3</name><type>Area</type><extensions><onx:style>dot</onx:style><onx:weight>4.0</onx:weight><onx:color>rgba(255, 51, 0, 1)</onx:color></extensions><rtept lat="42.564556" lon="-123.641847"></rtept><rtept lat="42.560337" lon="-123.641838"></rtept><rtept lat="42.556728" lon="-123.641830"></rtept><rtept lat="42.556721" lon="-123.646733"></rtept><rtept lat="42.556716" lon="-123.650000"></rtept><rtept lat="42.564569" lon="-123.650000"></rtept><rtept lat="42.564564" lon="-123.646756"></rtept><rtept lat="42.564556" lon="-123.641847"></rtept></rte><rte><name>OREGONIAN</name><type>Area</type><extensions><onx:style>dot</onx:style><onx:weight>4.0</onx:weight><onx:color>rgba(255, 51, 0, 1)</onx:color></extensions><rtept lat="42.564537" lon="-123.636958"></rtept><rtept lat="42.564519" lon="-123.632069"></rtept><rtept lat="42.560364" lon="-123.632037"></rtept><rtept lat="42.556798" lon="-123.632009"></rtept><rtept lat="42.556763" lon="-123.636919"></rtept><rtept lat="42.556728" lon="-123.641830"></rtept><rtept lat="42.556721" lon="-123.646733"></rtept><rtept lat="42.556716" lon="-123.650000"></rtept><rtept lat="42.564569" lon="-123.650000"></rtept><rtept lat="42.564564" lon="-123.646756"></rtept><rtept lat="42.564556" lon="-123.641847"></rtept><rtept lat="42.564537" lon="-123.636958"></rtept></rte><rte><name>GOLDEN CYCLE</name><type>Area</type><extensions><onx:style>dot</onx:style><onx:weight>4.0</onx:weight><onx:color>rgba(255, 51, 0, 1)</onx:color></extensions><rtept lat="42.549523" lon="-123.646709"></rtept><rtept lat="42.549513" lon="-123.650000"></rtept><rtept lat="42.556716" lon="-123.650000"></rtept><rtept lat="42.556721" lon="-123.646733"></rtept><rtept lat="42.556728" lon="-123.641830"></rtept><rtept lat="42.556763" lon="-123.636919"></rtept><rtept lat="42.556798" lon="-123.632009"></rtept><rtept lat="42.553190" lon="-123.631980"></rtept><rtept lat="42.550030" lon="-123.631955"></rtept><rtept lat="42.549581" lon="-123.631952"></rtept><rtept lat="42.549559" lon="-123.636880"></rtept><rtept lat="42.549552" lon="-123.638346"></rtept><rtept lat="42.549537" lon="-123.641808"></rtept><rtept lat="42.549523" lon="-123.646709"></rtept></rte><rte><name>HIDDEN TREASURE</name><type>Area</type><extensions><onx:style>dot</onx:style><onx:weight>4.0</onx:weight><onx:color>rgba(255, 51, 0, 1)</onx:color></extensions><rtept lat="42.609821" lon="-123.591332"></rtept><rtept lat="42.610422" lon="-123.592284"></rtept><rtept lat="42.611190" lon="-123.592861"></rtept><rtept lat="42.611295" lon="-123.592940"></rtept><rtept lat="42.611821" lon="-123.593443"></rtept><rtept lat="42.612125" lon="-123.593734"></rtept><rtept lat="42.613104" lon="-123.593672"></rtept><rtept lat="42.614884" lon="-123.593646"></rtept><rtept lat="42.615451" lon="-123.593586"></rtept><rtept lat="42.615454" lon="-123.592877"></rtept><rtept lat="42.615459" lon="-123.591777"></rtept><rtept lat="42.615474" lon="-123.587969"></rtept><rtept lat="42.615493" lon="-123.583060"></rtept><rtept lat="42.611873" lon="-123.583040"></rtept><rtept lat="42.609383" lon="-123.583024"></rtept><rtept lat="42.609304" lon="-123.584288"></rtept><rtept lat="42.609236" lon="-123.585398"></rtept><rtept lat="42.609250" lon="-123.587117"></rtept><rtept lat="42.609286" lon="-123.587938"></rtept><rtept lat="42.609357" lon="-123.589521"></rtept><rtept lat="42.609821" lon="-123.591332"></rtept></rte><rte><name>LOST TREASURE</name><type>Area</type><extensions><onx:style>dot</onx:style><onx:weight>4.0</onx:weight><onx:color>rgba(255, 51, 0, 1)</onx:color></extensions><rtept lat="42.610422" lon="-123.592284"></rtept><rtept lat="42.611190" lon="-123.592861"></rtept><rtept lat="42.611295" lon="-123.592940"></rtept><rtept lat="42.611821" lon="-123.593443"></rtept><rtept lat="42.612125" lon="-123.593734"></rtept><rtept lat="42.613104" lon="-123.593672"></rtept><rtept lat="42.614884" lon="-123.593646"></rtept><rtept lat="42.615451" lon="-123.593586"></rtept><rtept lat="42.615454" lon="-123.592877"></rtept><rtept lat="42.615459" lon="-123.591777"></rtept><rtept lat="42.615474" lon="-123.587969"></rtept><rtept lat="42.615493" lon="-123.583060"></rtept><rtept lat="42.615442" lon="-123.578046"></rtept><rtept lat="42.615393" lon="-123.573304"></rtept><rtept lat="42.611828" lon="-123.573325"></rtept><rtept lat="42.608263" lon="-123.573346"></rtept><rtept lat="42.608262" lon="-123.578089"></rtept><rtept lat="42.608260" lon="-123.580442"></rtept><rtept lat="42.608259" lon="-123.582193"></rtept><rtept lat="42.608259" lon="-123.583016"></rtept><rtept lat="42.609383" lon="-123.583024"></rtept><rtept lat="42.609304" lon="-123.584288"></rtept><rtept lat="42.609236" lon="-123.585398"></rtept><rtept lat="42.609250" lon="-123.587117"></rtept><rtept lat="42.609286" lon="-123.587938"></rtept><rtept lat="42.609357" lon="-123.589521"></rtept><rtept lat="42.609821" lon="-123.591332"></rtept><rtept lat="42.610422" lon="-123.592284"></rtept></rte><rte><name>HIDDEN TREASURE EXT</name><type>Area</type><extensions><onx:style>dot</onx:style><onx:weight>4.0</onx:weight><onx:color>rgba(255, 51, 0, 1)</onx:color></extensions><rtept lat="42.610422" lon="-123.592284"></rtept><rtept lat="42.611190" lon="-123.592861"></rtept><rtept lat="42.611295" lon="-123.592940"></rtept><rtept lat="42.611821" lon="-123.593443"></rtept><rtept lat="42.612125" lon="-123.593734"></rtept><rtept lat="42.613104" lon="-123.593672"></rtept><rtept lat="42.614884" lon="-123.593646"></rtept><rtept lat="42.615451" lon="-123.593586"></rtept><rtept lat="42.615734" lon="-123.593557"></rtept><rtept lat="42.615904" lon="-123.593687"></rtept><rtept lat="42.615886" lon="-123.592878"></rtept><rtept lat="42.619099" lon="-123.592890"></rtept><rtept lat="42.620004" lon="-123.592894"></rtept><rtept lat="42.622745" lon="-123.592904"></rtept><rtept lat="42.622767" lon="-123.587990"></rtept><rtept lat="42.622789" lon="-123.583075"></rtept><rtept lat="42.622550" lon="-123.583074"></rtept><rtept lat="42.619141" lon="-123.583081"></rtept><rtept lat="42.619022" lon="-123.583081"></rtept><rtept lat="42.615493" lon="-123.583060"></rtept><rtept lat="42.611873" lon="-123.583040"></rtept><rtept lat="42.609383" lon="-123.583024"></rtept><rtept lat="42.609304" lon="-123.584288"></rtept><rtept lat="42.609236" lon="-123.585398"></rtept><rtept lat="42.609250" lon="-123.587117"></rtept><rtept lat="42.609286" lon="-123.587938"></rtept><rtept lat="42.609357" lon="-123.589521"></rtept><rtept lat="42.609821" lon="-123.591332"></rtept><rtept lat="42.610422" lon="-123.592284"></rtept></rte><rte><name>LOST TREASURE EXT</name><type>Area</type><extensions><onx:style>dot</onx:style><onx:weight>4.0</onx:weight><onx:color>rgba(255, 51, 0, 1)</onx:color></extensions><rtept lat="42.610422" lon="-123.592284"></rtept><rtept lat="42.611190" lon="-123.592861"></rtept><rtept lat="42.611295" lon="-123.592940"></rtept><rtept lat="42.611821" lon="-123.593443"></rtept><rtept lat="42.612125" lon="-123.593734"></rtept><rtept lat="42.613104" lon="-123.593672"></rtept><rtept lat="42.614884" lon="-123.593646"></rtept><rtept lat="42.615451" lon="-123.593586"></rtept><rtept lat="42.615734" lon="-123.593557"></rtept><rtept lat="42.615904" lon="-123.593687"></rtept><rtept lat="42.615886" lon="-123.592878"></rtept><rtept lat="42.619099" lon="-123.592890"></rtept><rtept lat="42.620004" lon="-123.592894"></rtept><rtept lat="42.622745" lon="-123.592904"></rtept><rtept lat="42.622767" lon="-123.587990"></rtept><rtept lat="42.622789" lon="-123.583075"></rtept><rtept lat="42.622550" lon="-123.583074"></rtept><rtept lat="42.622526" lon="-123.577996"></rtept><rtept lat="42.622502" lon="-123.573260"></rtept><rtept lat="42.618946" lon="-123.573290"></rtept><rtept lat="42.615393" lon="-123.573304"></rtept><rtept lat="42.611828" lon="-123.573325"></rtept><rtept lat="42.608263" lon="-123.573346"></rtept><rtept lat="42.608262" lon="-123.578089"></rtept><rtept lat="42.608260" lon="-123.580442"></rtept><rtept lat="42.608259" lon="-123.582193"></rtept><rtept lat="42.608259" lon="-123.583016"></rtept><rtept lat="42.609383" lon="-123.583024"></rtept><rtept lat="42.609304" lon="-123.584288"></rtept><rtept lat="42.609236" lon="-123.585398"></rtept><rtept lat="42.609250" lon="-123.587117"></rtept><rtept lat="42.609286" lon="-123.587938"></rtept><rtept lat="42.609357" lon="-123.589521"></rtept><rtept lat="42.609821" lon="-123.591332"></rtept><rtept lat="42.610422" lon="-123.592284"></rtept></rte><rte><name>SQUAW CREEK 1</name><type>Area</type><extensions><onx:style>dot</onx:style><onx:weight>4.0</onx:weight><onx:color>rgba(255, 51, 0, 1)</onx:color></extensions><rtept lat="42.301113" lon="-123.646091"></rtept><rtept lat="42.301112" lon="-123.646328"></rtept><rtept lat="42.301104" lon="-123.650000"></rtept><rtept lat="42.308350" lon="-123.650000"></rtept><rtept lat="42.308336" lon="-123.646014"></rtept><rtept lat="42.308319" lon="-123.641074"></rtept><rtept lat="42.308340" lon="-123.636263"></rtept><rtept lat="42.308360" lon="-123.631453"></rtept><rtept lat="42.304737" lon="-123.631458"></rtept><rtept lat="42.301115" lon="-123.631463"></rtept><rtept lat="42.301117" lon="-123.631674"></rtept><rtept lat="42.301120" lon="-123.636317"></rtept><rtept lat="42.301120" lon="-123.636541"></rtept><rtept lat="42.301123" lon="-123.641172"></rtept><rtept lat="42.301123" lon="-123.641409"></rtept><rtept lat="42.301113" lon="-123.646091"></rtept></rte><rte><name>SQUAW CREEK 2</name><type>Area</type><extensions><onx:style>dot</onx:style><onx:weight>4.0</onx:weight><onx:color>rgba(255, 51, 0, 1)</onx:color></extensions><rtept lat="42.301113" lon="-123.646091"></rtept><rtept lat="42.301112" lon="-123.646328"></rtept><rtept lat="42.301104" lon="-123.650000"></rtept><rtept lat="42.315637" lon="-123.650000"></rtept><rtept lat="42.315628" lon="-123.645972"></rtept><rtept lat="42.315618" lon="-123.641054"></rtept><rtept lat="42.315620" lon="-123.636248"></rtept><rtept lat="42.315622" lon="-123.631443"></rtept><rtept lat="42.311991" lon="-123.631448"></rtept><rtept lat="42.308360" lon="-123.631453"></rtept><rtept lat="42.304737" lon="-123.631458"></rtept><rtept lat="42.301115" lon="-123.631463"></rtept><rtept lat="42.301117" lon="-123.631674"></rtept><rtept lat="42.301120" lon="-123.636317"></rtept><rtept lat="42.301120" lon="-123.636541"></rtept><rtept lat="42.301123" lon="-123.641172"></rtept><rtept lat="42.301123" lon="-123.641409"></rtept><rtept lat="42.301113" lon="-123.646091"></rtept></rte><rte><name>SQUAW CREEK 3</name><type>Area</type><extensions><onx:style>dot</onx:style><onx:weight>4.0</onx:weight><onx:color>rgba(255, 51, 0, 1)</onx:color></extensions><rtept lat="42.308340" lon="-123.636263"></rtept><rtept lat="42.308319" lon="-123.641074"></rtept><rtept lat="42.308336" lon="-123.646014"></rtept><rtept lat="42.308350" lon="-123.650000"></rtept><rtept lat="42.315637" lon="-123.650000"></rtept><rtept lat="42.315628" lon="-123.645972"></rtept><rtept lat="42.315618" lon="-123.641054"></rtept><rtept lat="42.315620" lon="-123.636248"></rtept><rtept lat="42.315622" lon="-123.631443"></rtept><rtept lat="42.311991" lon="-123.631448"></rtept><rtept lat="42.308360" lon="-123.631453"></rtept><rtept lat="42.308340" lon="-123.636263"></rtept></rte><rte><name>SQUAW CREEK 4</name><type>Area</type><extensions><onx:style>dot</onx:style><onx:weight>4.0</onx:weight><onx:color>rgba(255, 51, 0, 1)</onx:color></extensions><rtept lat="42.308340" lon="-123.636263"></rtept><rtept lat="42.308319" lon="-123.641074"></rtept><rtept lat="42.308336" lon="-123.646014"></rtept><rtept lat="42.308350" lon="-123.650000"></rtept><rtept lat="42.315637" lon="-123.650000"></rtept><rtept lat="42.315628" lon="-123.645972"></rtept><rtept lat="42.315618" lon="-123.641054"></rtept><rtept lat="42.315620" lon="-123.636248"></rtept><rtept lat="42.315622" lon="-123.631443"></rtept><rtept lat="42.311991" lon="-123.631448"></rtept><rtept lat="42.308360" lon="-123.631453"></rtept><rtept lat="42.308340" lon="-123.636263"></rtept></rte><rte><name>KANSAS JAYHAWK</name><type>Area</type><extensions><onx:style>dot</onx:style><onx:weight>4.0</onx:weight><onx:color>rgba(255, 51, 0, 1)</onx:color></extensions><rtept lat="42.681050" lon="-123.636794"></rtept><rtept lat="42.681059" lon="-123.632635"></rtept><rtept lat="42.681654" lon="-123.631869"></rtept><rtept lat="42.684692" lon="-123.631870"></rtept><rtept lat="42.688324" lon="-123.631871"></rtept><rtept lat="42.688325" lon="-123.626948"></rtept><rtept lat="42.688325" lon="-123.622026"></rtept><rtept lat="42.686123" lon="-123.622027"></rtept><rtept lat="42.685695" lon="-123.622027"></rtept><rtept lat="42.684700" lon="-123.622028"></rtept><rtept lat="42.683303" lon="-123.622029"></rtept><rtept lat="42.682565" lon="-123.622029"></rtept><rtept lat="42.682108" lon="-123.622030"></rtept><rtept lat="42.681075" lon="-123.622030"></rtept><rtept lat="42.677463" lon="-123.622036"></rtept><rtept lat="42.673851" lon="-123.622042"></rtept><rtept lat="42.673827" lon="-123.626959"></rtept><rtept lat="42.673823" lon="-123.627774"></rtept><rtept lat="42.673804" lon="-123.631875"></rtept><rtept lat="42.676296" lon="-123.631873"></rtept><rtept lat="42.676372" lon="-123.632380"></rtept><rtept lat="42.673798" lon="-123.633102"></rtept><rtept lat="42.673780" lon="-123.636797"></rtept><rtept lat="42.677415" lon="-123.636795"></rtept><rtept lat="42.681050" lon="-123.636794"></rtept></rte><rte><name>THREE JS</name><type>Area</type><extensions><onx:style>dot</onx:style><onx:weight>4.0</onx:weight><onx:color>rgba(255, 51, 0, 1)</onx:color></extensions><rtept lat="42.593606" lon="-123.636929"></rtept><rtept lat="42.593603" lon="-123.639383"></rtept><rtept lat="42.593601" lon="-123.641836"></rtept><rtept lat="42.595415" lon="-123.641845"></rtept><rtept lat="42.597229" lon="-123.641854"></rtept><rtept lat="42.599043" lon="-123.641863"></rtept><rtept lat="42.600857" lon="-123.641872"></rtept><rtept lat="42.604486" lon="-123.641889"></rtept><rtept lat="42.608114" lon="-123.641907"></rtept><rtept lat="42.608103" lon="-123.637020"></rtept><rtept lat="42.608093" lon="-123.632132"></rtept><rtept lat="42.604468" lon="-123.632105"></rtept><rtept lat="42.600843" lon="-123.632077"></rtept><rtept lat="42.597227" lon="-123.632050"></rtept><rtept lat="42.593610" lon="-123.632022"></rtept><rtept lat="42.593608" lon="-123.634476"></rtept><rtept lat="42.593606" lon="-123.636929"></rtept></rte><rte><name>CG 1</name><type>Area</type><extensions><onx:style>dot</onx:style><onx:weight>4.0</onx:weight><onx:color>rgba(255, 51, 0, 1)</onx:color></extensions><rtept lat="42.673804" lon="-123.631875"></rtept><rtept lat="42.673823" lon="-123.627774"></rtept><rtept lat="42.673827" lon="-123.626959"></rtept><rtept lat="42.673851" lon="-123.622042"></rtept><rtept lat="42.670239" lon="-123.622048"></rtept><rtept lat="42.666626" lon="-123.622054"></rtept><rtept lat="42.666621" lon="-123.626197"></rtept><rtept lat="42.666620" lon="-123.626968"></rtept><rtept lat="42.666614" lon="-123.631882"></rtept><rtept lat="42.666608" lon="-123.636795"></rtept><rtept lat="42.666602" lon="-123.641709"></rtept><rtept lat="42.670179" lon="-123.641714"></rtept><rtept lat="42.673756" lon="-123.641718"></rtept><rtept lat="42.673780" lon="-123.636797"></rtept><rtept lat="42.673798" lon="-123.633102"></rtept><rtept lat="42.673804" lon="-123.631875"></rtept></rte><rte><name>Oro Grande Two</name><type>Area</type><extensions><onx:style>dot</onx:style><onx:weight>4.0</onx:weight><onx:color>rgba(255, 51, 0, 1)</onx:color></extensions><rtept lat="42.670180" lon="-123.289172"></rtept><rtept lat="42.671834" lon="-123.289173"></rtept><rtept lat="42.673770" lon="-123.289173"></rtept><rtept lat="42.675407" lon="-123.289174"></rtept><rtept lat="42.677429" lon="-123.289175"></rtept><rtept lat="42.680254" lon="-123.289178"></rtept><rtept lat="42.681089" lon="-123.289178"></rtept><rtept lat="42.681076" lon="-123.284210"></rtept><rtept lat="42.681069" lon="-123.281726"></rtept><rtept lat="42.681062" lon="-123.279241"></rtept><rtept lat="42.681056" lon="-123.276757"></rtept><rtept lat="42.681049" lon="-123.274273"></rtept><rtept lat="42.681036" lon="-123.269305"></rtept><rtept lat="42.677502" lon="-123.269336"></rtept><rtept lat="42.677007" lon="-123.269341"></rtept><rtept lat="42.673875" lon="-123.269283"></rtept><rtept lat="42.670207" lon="-123.269313"></rtept><rtept lat="42.666539" lon="-123.269342"></rtept><rtept lat="42.666530" lon="-123.274271"></rtept><rtept lat="42.666521" lon="-123.279199"></rtept><rtept lat="42.666523" lon="-123.284185"></rtept><rtept lat="42.666525" lon="-123.289172"></rtept><rtept lat="42.668425" lon="-123.289172"></rtept><rtept lat="42.670151" lon="-123.289172"></rtept><rtept lat="42.670180" lon="-123.289172"></rtept></rte><rte><name>Buggy Whip</name><type>Area</type><extensions><onx:style>dot</onx:style><onx:weight>4.0</onx:weight><onx:color>rgba(255, 51, 0, 1)</onx:color></extensions><rtept lat="42.245355" lon="-122.973805"></rtept><rtept lat="42.243549" lon="-122.973827"></rtept><rtept lat="42.243529" lon="-122.976123"></rtept><rtept lat="42.243509" lon="-122.978420"></rtept><rtept lat="42.243469" lon="-122.983014"></rtept><rtept lat="42.247095" lon="-122.983161"></rtept><rtept lat="42.248908" lon="-122.983234"></rtept><rtept lat="42.250721" lon="-122.983308"></rtept><rtept lat="42.250749" lon="-122.978525"></rtept><rtept lat="42.250768" lon="-122.973779"></rtept><rtept lat="42.249865" lon="-122.973780"></rtept><rtept lat="42.247162" lon="-122.973784"></rtept><rtept lat="42.245355" lon="-122.973805"></rtept></rte><rte><name>Spalletta Prospect</name><type>Area</type><extensions><onx:style>dot</onx:style><onx:weight>4.0</onx:weight><onx:color>rgba(255, 51, 0, 1)</onx:color></extensions><rtept lat="42.339246" lon="-123.216785"></rtept><rtept lat="42.339215" lon="-123.219317"></rtept><rtept lat="42.342981" lon="-123.219279"></rtept><rtept lat="42.344864" lon="-123.219261"></rtept><rtept lat="42.346747" lon="-123.219242"></rtept><rtept lat="42.346770" lon="-123.216676"></rtept><rtept lat="42.346793" lon="-123.214110"></rtept><rtept lat="42.346839" lon="-123.208978"></rtept><rtept lat="42.343088" lon="-123.209083"></rtept><rtept lat="42.339337" lon="-123.209187"></rtept><rtept lat="42.339276" lon="-123.214252"></rtept><rtept lat="42.339261" lon="-123.215518"></rtept><rtept lat="42.339246" lon="-123.216785"></rtept></rte><rte><name>RENO 2</name><type>Area</type><extensions><onx:style>dot</onx:style><onx:weight>4.0</onx:weight><onx:color>rgba(255, 51, 0, 1)</onx:color></extensions><rtept lat="42.666602" lon="-123.641709"></rtept><rtept lat="42.670179" lon="-123.641714"></rtept><rtept lat="42.670194" lon="-123.636796"></rtept><rtept lat="42.666608" lon="-123.636795"></rtept><rtept lat="42.666602" lon="-123.641709"></rtept></rte><rte><name>Keno</name><type>Area</type><extensions><onx:style>dot</onx:style><onx:weight>4.0</onx:weight><onx:color>rgba(255, 51, 0, 1)</onx:color></extensions><rtept lat="42.666608" lon="-123.636795"></rtept><rtept lat="42.665708" lon="-123.636795"></rtept><rtept lat="42.665704" lon="-123.639252"></rtept><rtept lat="42.665701" lon="-123.641708"></rtept><rtept lat="42.666602" lon="-123.641709"></rtept><rtept lat="42.666607" lon="-123.644170"></rtept><rtept lat="42.668398" lon="-123.644172"></rtept><rtept lat="42.670190" lon="-123.644174"></rtept><rtept lat="42.670179" lon="-123.641714"></rtept><rtept lat="42.670186" lon="-123.639255"></rtept><rtept lat="42.668396" lon="-123.639254"></rtept><rtept lat="42.666605" lon="-123.639252"></rtept><rtept lat="42.666608" lon="-123.636795"></rtept></rte><rte><name>JACKPOT</name><type>Area</type><extensions><onx:style>dot</onx:style><onx:weight>4.0</onx:weight><onx:color>rgba(255, 51, 0, 1)</onx:color></extensions><rtept lat="42.664807" lon="-123.636795"></rtept><rtept lat="42.664804" lon="-123.639251"></rtept><rtept lat="42.666605" lon="-123.639252"></rtept><rtept lat="42.668396" lon="-123.639254"></rtept><rtept lat="42.670186" lon="-123.639255"></rtept><rtept lat="42.670194" lon="-123.636796"></rtept><rtept lat="42.668401" lon="-123.636796"></rtept><rtept lat="42.666608" lon="-123.636795"></rtept><rtept lat="42.664807" lon="-123.636795"></rtept></rte><rte><name>RENO 1</name><type>Area</type><extensions><onx:style>dot</onx:style><onx:weight>4.0</onx:weight><onx:color>rgba(255, 51, 0, 1)</onx:color></extensions><rtept lat="42.663000" lon="-123.641705"></rtept><rtept lat="42.666602" lon="-123.641709"></rtept><rtept lat="42.666608" lon="-123.636795"></rtept><rtept lat="42.663006" lon="-123.636794"></rtept><rtept lat="42.663000" lon="-123.641705"></rtept></rte><rte><name>Eight Dollar 73</name><type>Area</type><extensions><onx:style>dot</onx:style><onx:weight>4.0</onx:weight><onx:color>rgba(255, 51, 0, 1)</onx:color></extensions><rtept lat="42.271862" lon="-123.650000"></rtept><rtept lat="42.279155" lon="-123.650000"></rtept><rtept lat="42.279141" lon="-123.646587"></rtept><rtept lat="42.279121" lon="-123.641725"></rtept><rtept lat="42.275479" lon="-123.641731"></rtept><rtept lat="42.271836" lon="-123.641738"></rtept><rtept lat="42.271851" lon="-123.646585"></rtept><rtept lat="42.271862" lon="-123.650000"></rtept></rte><rte><name>Eight Dollar 76</name><type>Area</type><extensions><onx:style>dot</onx:style><onx:weight>4.0</onx:weight><onx:color>rgba(255, 51, 0, 1)</onx:color></extensions><rtept lat="42.271862" lon="-123.650000"></rtept><rtept lat="42.279155" lon="-123.650000"></rtept><rtept lat="42.279141" lon="-123.646587"></rtept><rtept lat="42.279121" lon="-123.641725"></rtept><rtept lat="42.275479" lon="-123.641731"></rtept><rtept lat="42.271836" lon="-123.641738"></rtept><rtept lat="42.271851" lon="-123.646585"></rtept><rtept lat="42.271862" lon="-123.650000"></rtept></rte><rte><name>Eight Dollar 78</name><type>Area</type><extensions><onx:style>dot</onx:style><onx:weight>4.0</onx:weight><onx:color>rgba(255, 51, 0, 1)</onx:color></extensions><rtept lat="42.242445" lon="-123.648953"></rtept><rtept lat="42.242443" lon="-123.646528"></rtept><rtept lat="42.242439" lon="-123.641680"></rtept><rtept lat="42.238801" lon="-123.641677"></rtept><rtept lat="42.235162" lon="-123.641673"></rtept><rtept lat="42.235178" lon="-123.646539"></rtept><rtept lat="42.235189" lon="-123.650000"></rtept><rtept lat="42.242446" lon="-123.650000"></rtept><rtept lat="42.242445" lon="-123.648953"></rtept></rte><rte><name>Eight Dollar 75</name><type>Area</type><extensions><onx:style>dot</onx:style><onx:weight>4.0</onx:weight><onx:color>rgba(255, 51, 0, 1)</onx:color></extensions><rtept lat="42.271862" lon="-123.650000"></rtept><rtept lat="42.279155" lon="-123.650000"></rtept><rtept lat="42.279141" lon="-123.646587"></rtept><rtept lat="42.279121" lon="-123.641725"></rtept><rtept lat="42.275479" lon="-123.641731"></rtept><rtept lat="42.271836" lon="-123.641738"></rtept><rtept lat="42.271851" lon="-123.646585"></rtept><rtept lat="42.271862" lon="-123.650000"></rtept></rte><rte><name>Eight Dollar 77</name><type>Area</type><extensions><onx:style>dot</onx:style><onx:weight>4.0</onx:weight><onx:color>rgba(255, 51, 0, 1)</onx:color></extensions><rtept lat="42.242445" lon="-123.648953"></rtept><rtept lat="42.242443" lon="-123.646528"></rtept><rtept lat="42.242439" lon="-123.641680"></rtept><rtept lat="42.238801" lon="-123.641677"></rtept><rtept lat="42.235162" lon="-123.641673"></rtept><rtept lat="42.235178" lon="-123.646539"></rtept><rtept lat="42.235189" lon="-123.650000"></rtept><rtept lat="42.242446" lon="-123.650000"></rtept><rtept lat="42.242445" lon="-123.648953"></rtept></rte><rte><name>Eight Dollar 74</name><type>Area</type><extensions><onx:style>dot</onx:style><onx:weight>4.0</onx:weight><onx:color>rgba(255, 51, 0, 1)</onx:color></extensions><rtept lat="42.271862" lon="-123.650000"></rtept><rtept lat="42.279155" lon="-123.650000"></rtept><rtept lat="42.279141" lon="-123.646587"></rtept><rtept lat="42.279121" lon="-123.641725"></rtept><rtept lat="42.275479" lon="-123.641731"></rtept><rtept lat="42.271836" lon="-123.641738"></rtept><rtept lat="42.271851" lon="-123.646585"></rtept><rtept lat="42.271862" lon="-123.650000"></rtept></rte><rte><name>Star Gate</name><type>Area</type><extensions><onx:style>dot</onx:style><onx:weight>4.0</onx:weight><onx:color>rgba(255, 51, 0, 1)</onx:color></extensions><rtept lat="42.221740" lon="-122.963775"></rtept><rtept lat="42.221780" lon="-122.958803"></rtept><rtept lat="42.221819" lon="-122.953831"></rtept><rtept lat="42.218192" lon="-122.953811"></rtept><rtept lat="42.214566" lon="-122.953792"></rtept><rtept lat="42.214529" lon="-122.958746"></rtept><rtept lat="42.214491" lon="-122.963701"></rtept><rtept lat="42.218116" lon="-122.963738"></rtept><rtept lat="42.221740" lon="-122.963775"></rtept></rte><rte><name>Apex Minerals and Properties, L…</name><type>Area</type><extensions><onx:style>dot</onx:style><onx:weight>4.0</onx:weight><onx:color>rgba(255, 51, 0, 1)</onx:color></extensions><rtept lat="42.615242" lon="-123.119386"></rtept><rtept lat="42.615226" lon="-123.121812"></rtept><rtept lat="42.617055" lon="-123.121806"></rtept><rtept lat="42.618885" lon="-123.121801"></rtept><rtept lat="42.618906" lon="-123.119374"></rtept><rtept lat="42.617074" lon="-123.119380"></rtept><rtept lat="42.615242" lon="-123.119386"></rtept></rte><rte><name>Apex Minerals and Properties, L…</name><type>Area</type><extensions><onx:style>dot</onx:style><onx:weight>4.0</onx:weight><onx:color>rgba(255, 51, 0, 1)</onx:color></extensions><rtept lat="42.615218" lon="-123.123032"></rtept><rtept lat="42.617046" lon="-123.123024"></rtept><rtept lat="42.618874" lon="-123.123017"></rtept><rtept lat="42.618885" lon="-123.121801"></rtept><rtept lat="42.618895" lon="-123.120587"></rtept><rtept lat="42.617065" lon="-123.120593"></rtept><rtept lat="42.615234" lon="-123.120599"></rtept><rtept lat="42.615226" lon="-123.121812"></rtept><rtept lat="42.615218" lon="-123.123032"></rtept></rte><rte><name>Apex Minerals and Properties, L…</name><type>Area</type><extensions><onx:style>dot</onx:style><onx:weight>4.0</onx:weight><onx:color>rgba(255, 51, 0, 1)</onx:color></extensions><rtept lat="42.622490" lon="-123.126643"></rtept><rtept lat="42.622495" lon="-123.126181"></rtept><rtept lat="42.622543" lon="-123.121789"></rtept><rtept lat="42.618885" lon="-123.121801"></rtept><rtept lat="42.615226" lon="-123.121812"></rtept><rtept lat="42.615193" lon="-123.126690"></rtept><rtept lat="42.618842" lon="-123.126667"></rtept><rtept lat="42.622490" lon="-123.126643"></rtept></rte><rte><name>Apex Minerals and Properties, L…</name><type>Area</type><extensions><onx:style>dot</onx:style><onx:weight>4.0</onx:weight><onx:color>rgba(255, 51, 0, 1)</onx:color></extensions><rtept lat="42.615160" lon="-123.131568"></rtept><rtept lat="42.615193" lon="-123.126690"></rtept><rtept lat="42.615226" lon="-123.121812"></rtept><rtept lat="42.611560" lon="-123.121824"></rtept><rtept lat="42.607894" lon="-123.121836"></rtept><rtept lat="42.607877" lon="-123.126180"></rtept><rtept lat="42.607875" lon="-123.126726"></rtept><rtept lat="42.607855" lon="-123.131617"></rtept><rtept lat="42.611507" lon="-123.131592"></rtept><rtept lat="42.615160" lon="-123.131568"></rtept></rte><rte><name>Apex Minerals and Properties, L…</name><type>Area</type><extensions><onx:style>dot</onx:style><onx:weight>4.0</onx:weight><onx:color>rgba(255, 51, 0, 1)</onx:color></extensions><rtept lat="42.615160" lon="-123.131568"></rtept><rtept lat="42.615193" lon="-123.126690"></rtept><rtept lat="42.615226" lon="-123.121812"></rtept><rtept lat="42.611560" lon="-123.121824"></rtept><rtept lat="42.607894" lon="-123.121836"></rtept><rtept lat="42.607877" lon="-123.126180"></rtept><rtept lat="42.607875" lon="-123.126726"></rtept><rtept lat="42.607855" lon="-123.131617"></rtept><rtept lat="42.611507" lon="-123.131592"></rtept><rtept lat="42.615160" lon="-123.131568"></rtept></rte><rte><name>Apex Minerals and Properties, L…</name><type>Area</type><extensions><onx:style>dot</onx:style><onx:weight>4.0</onx:weight><onx:color>rgba(255, 51, 0, 1)</onx:color></extensions><rtept lat="42.615160" lon="-123.131568"></rtept><rtept lat="42.615193" lon="-123.126690"></rtept><rtept lat="42.615226" lon="-123.121812"></rtept><rtept lat="42.611560" lon="-123.121824"></rtept><rtept lat="42.607894" lon="-123.121836"></rtept><rtept lat="42.607877" lon="-123.126180"></rtept><rtept lat="42.607875" lon="-123.126726"></rtept><rtept lat="42.607855" lon="-123.131617"></rtept><rtept lat="42.611507" lon="-123.131592"></rtept><rtept lat="42.615160" lon="-123.131568"></rtept></rte><rte><name>Apex Minerals and Properties, L…</name><type>Area</type><extensions><onx:style>dot</onx:style><onx:weight>4.0</onx:weight><onx:color>rgba(255, 51, 0, 1)</onx:color></extensions><rtept lat="42.615160" lon="-123.131568"></rtept><rtept lat="42.615193" lon="-123.126690"></rtept><rtept lat="42.615226" lon="-123.121812"></rtept><rtept lat="42.611560" lon="-123.121824"></rtept><rtept lat="42.607894" lon="-123.121836"></rtept><rtept lat="42.607877" lon="-123.126180"></rtept><rtept lat="42.607875" lon="-123.126726"></rtept><rtept lat="42.607855" lon="-123.131617"></rtept><rtept lat="42.611507" lon="-123.131592"></rtept><rtept lat="42.615160" lon="-123.131568"></rtept></rte><rte><name>Kramer</name><type>Area</type><extensions><onx:style>dot</onx:style><onx:weight>4.0</onx:weight><onx:color>rgba(255, 51, 0, 1)</onx:color></extensions><rtept lat="42.600843" lon="-123.632077"></rtept><rtept lat="42.604468" lon="-123.632105"></rtept><rtept lat="42.608093" lon="-123.632132"></rtept><rtept lat="42.608082" lon="-123.627245"></rtept><rtept lat="42.608080" lon="-123.626197"></rtept><rtept lat="42.608071" lon="-123.622358"></rtept><rtept lat="42.604450" lon="-123.622262"></rtept><rtept lat="42.600828" lon="-123.622165"></rtept><rtept lat="42.600836" lon="-123.627121"></rtept><rtept lat="42.600843" lon="-123.632077"></rtept></rte><rte><name>Kincheloe 1</name><type>Area</type><extensions><onx:style>dot</onx:style><onx:weight>4.0</onx:weight><onx:color>rgba(255, 51, 0, 1)</onx:color></extensions><rtept lat="42.323765" lon="-123.474484"></rtept><rtept lat="42.327501" lon="-123.474510"></rtept><rtept lat="42.331238" lon="-123.474536"></rtept><rtept lat="42.331257" lon="-123.469612"></rtept><rtept lat="42.331287" lon="-123.464588"></rtept><rtept lat="42.331167" lon="-123.464586"></rtept><rtept lat="42.331165" lon="-123.462938"></rtept><rtept lat="42.331161" lon="-123.460542"></rtept><rtept lat="42.331160" lon="-123.459954"></rtept><rtept lat="42.331158" lon="-123.455750"></rtept><rtept lat="42.331156" lon="-123.455157"></rtept><rtept lat="42.329021" lon="-123.455140"></rtept><rtept lat="42.325367" lon="-123.455111"></rtept><rtept lat="42.325375" lon="-123.459970"></rtept><rtept lat="42.325382" lon="-123.464459"></rtept><rtept lat="42.323862" lon="-123.464425"></rtept><rtept lat="42.323813" lon="-123.469526"></rtept><rtept lat="42.323765" lon="-123.474484"></rtept></rte><rte><name>UNLUCKY TWOS MS</name><type>Area</type><extensions><onx:style>dot</onx:style><onx:weight>4.0</onx:weight><onx:color>rgba(255, 51, 0, 1)</onx:color></extensions><rtept lat="42.250951" lon="-123.062975"></rtept><rtept lat="42.250913" lon="-123.058054"></rtept><rtept lat="42.250873" lon="-123.053132"></rtept><rtept lat="42.249868" lon="-123.053139"></rtept><rtept lat="42.247219" lon="-123.053158"></rtept><rtept lat="42.243564" lon="-123.053183"></rtept><rtept lat="42.243596" lon="-123.058110"></rtept><rtept lat="42.243604" lon="-123.059342"></rtept><rtept lat="42.243612" lon="-123.060574"></rtept><rtept lat="42.243620" lon="-123.061805"></rtept><rtept lat="42.243628" lon="-123.063037"></rtept><rtept lat="42.244543" lon="-123.063029"></rtept><rtept lat="42.245459" lon="-123.063022"></rtept><rtept lat="42.246374" lon="-123.063014"></rtept><rtept lat="42.247290" lon="-123.063006"></rtept><rtept lat="42.250951" lon="-123.062975"></rtept></rte><rte><name>Disco Gypsy II</name><type>Area</type><extensions><onx:style>dot</onx:style><onx:weight>4.0</onx:weight><onx:color>rgba(255, 51, 0, 1)</onx:color></extensions><rtept lat="42.593475" lon="-123.318544"></rtept><rtept lat="42.593486" lon="-123.321019"></rtept><rtept lat="42.593497" lon="-123.323494"></rtept><rtept lat="42.593506" lon="-123.328441"></rtept><rtept lat="42.597165" lon="-123.328402"></rtept><rtept lat="42.600825" lon="-123.328390"></rtept><rtept lat="42.600790" lon="-123.323496"></rtept><rtept lat="42.600765" lon="-123.318603"></rtept><rtept lat="42.597120" lon="-123.318573"></rtept><rtept lat="42.593475" lon="-123.318544"></rtept></rte><rte><name>Disco Gypsy I</name><type>Area</type><extensions><onx:style>dot</onx:style><onx:weight>4.0</onx:weight><onx:color>rgba(255, 51, 0, 1)</onx:color></extensions><rtept lat="42.593475" lon="-123.318544"></rtept><rtept lat="42.593486" lon="-123.321019"></rtept><rtept lat="42.593497" lon="-123.323494"></rtept><rtept lat="42.593506" lon="-123.328441"></rtept><rtept lat="42.597165" lon="-123.328402"></rtept><rtept lat="42.600825" lon="-123.328390"></rtept><rtept lat="42.600790" lon="-123.323496"></rtept><rtept lat="42.600765" lon="-123.318603"></rtept><rtept lat="42.597120" lon="-123.318573"></rtept><rtept lat="42.593475" lon="-123.318544"></rtept></rte><rte><name>Bee Mine</name><type>Area</type><extensions><onx:style>dot</onx:style><onx:weight>4.0</onx:weight><onx:color>rgba(255, 51, 0, 1)</onx:color></extensions><rtept lat="42.153596" lon="-123.205593"></rtept><rtept lat="42.157133" lon="-123.205692"></rtept><rtept lat="42.157182" lon="-123.200792"></rtept><rtept lat="42.153631" lon="-123.200711"></rtept><rtept lat="42.153596" lon="-123.205593"></rtept></rte><rte><name>Poorman Placer</name><type>Area</type><extensions><onx:style>dot</onx:style><onx:weight>4.0</onx:weight><onx:color>rgba(255, 51, 0, 1)</onx:color></extensions><rtept lat="42.274442" lon="-123.018347"></rtept><rtept lat="42.274450" lon="-123.015879"></rtept><rtept lat="42.274458" lon="-123.013412"></rtept><rtept lat="42.272640" lon="-123.013415"></rtept><rtept lat="42.272632" lon="-123.015884"></rtept><rtept lat="42.272623" lon="-123.018354"></rtept><rtept lat="42.272614" lon="-123.020824"></rtept><rtept lat="42.274434" lon="-123.020816"></rtept><rtept lat="42.274442" lon="-123.018347"></rtept></rte><rte><name>Yeti Yak</name><type>Area</type><extensions><onx:style>dot</onx:style><onx:weight>4.0</onx:weight><onx:color>rgba(255, 51, 0, 1)</onx:color></extensions><rtept lat="42.549847" lon="-123.555163"></rtept><rtept lat="42.549853" lon="-123.558439"></rtept><rtept lat="42.549853" lon="-123.558445"></rtept><rtept lat="42.549864" lon="-123.563438"></rtept><rtept lat="42.550043" lon="-123.563439"></rtept><rtept lat="42.553540" lon="-123.563509"></rtept><rtept lat="42.555764" lon="-123.563553"></rtept><rtept lat="42.557216" lon="-123.563585"></rtept><rtept lat="42.560889" lon="-123.563643"></rtept><rtept lat="42.564690" lon="-123.563702"></rtept><rtept lat="42.564568" lon="-123.558943"></rtept><rtept lat="42.564548" lon="-123.558153"></rtept><rtept lat="42.564563" lon="-123.553916"></rtept><rtept lat="42.564567" lon="-123.552613"></rtept><rtept lat="42.564587" lon="-123.549101"></rtept><rtept lat="42.564588" lon="-123.544351"></rtept><rtept lat="42.560586" lon="-123.544030"></rtept><rtept lat="42.556987" lon="-123.543816"></rtept><rtept lat="42.554105" lon="-123.543651"></rtept><rtept lat="42.553368" lon="-123.543608"></rtept><rtept lat="42.553054" lon="-123.543590"></rtept><rtept lat="42.551394" lon="-123.543498"></rtept><rtept lat="42.551114" lon="-123.543482"></rtept><rtept lat="42.549749" lon="-123.543406"></rtept><rtept lat="42.549797" lon="-123.548432"></rtept><rtept lat="42.549834" lon="-123.552349"></rtept><rtept lat="42.549844" lon="-123.553458"></rtept><rtept lat="42.549847" lon="-123.555163"></rtept></rte><rte><name>Golden Handshake 1</name><type>Area</type><extensions><onx:style>dot</onx:style><onx:weight>4.0</onx:weight><onx:color>rgba(255, 51, 0, 1)</onx:color></extensions><rtept lat="42.502022" lon="-123.292662"></rtept><rtept lat="42.502051" lon="-123.297562"></rtept><rtept lat="42.505798" lon="-123.297556"></rtept><rtept lat="42.505729" lon="-123.292644"></rtept><rtept lat="42.502022" lon="-123.292662"></rtept></rte><rte><name>Hard Luck</name><type>Area</type><extensions><onx:style>dot</onx:style><onx:weight>4.0</onx:weight><onx:color>rgba(255, 51, 0, 1)</onx:color></extensions><rtept lat="42.578983" lon="-123.623518"></rtept><rtept lat="42.578983" lon="-123.624736"></rtept><rtept lat="42.578984" lon="-123.625954"></rtept><rtept lat="42.578984" lon="-123.626196"></rtept><rtept lat="42.578984" lon="-123.627171"></rtept><rtept lat="42.578985" lon="-123.632042"></rtept><rtept lat="42.582642" lon="-123.632037"></rtept><rtept lat="42.586298" lon="-123.632032"></rtept><rtept lat="42.586300" lon="-123.627143"></rtept><rtept lat="42.586301" lon="-123.622255"></rtept><rtept lat="42.582642" lon="-123.622278"></rtept><rtept lat="42.581727" lon="-123.622284"></rtept><rtept lat="42.580812" lon="-123.622289"></rtept><rtept lat="42.579897" lon="-123.622295"></rtept><rtept lat="42.578983" lon="-123.622301"></rtept><rtept lat="42.578983" lon="-123.623518"></rtept></rte><rte><name>Rocky</name><type>Area</type><extensions><onx:style>dot</onx:style><onx:weight>4.0</onx:weight><onx:color>rgba(255, 51, 0, 1)</onx:color></extensions><rtept lat="42.586298" lon="-123.632032"></rtept><rtept lat="42.589954" lon="-123.632027"></rtept><rtept lat="42.591782" lon="-123.632025"></rtept><rtept lat="42.593610" lon="-123.632022"></rtept><rtept lat="42.593615" lon="-123.627116"></rtept><rtept lat="42.593615" lon="-123.626196"></rtept><rtept lat="42.593619" lon="-123.622209"></rtept><rtept lat="42.589960" lon="-123.622232"></rtept><rtept lat="42.586301" lon="-123.622255"></rtept><rtept lat="42.586300" lon="-123.627143"></rtept><rtept lat="42.586298" lon="-123.632032"></rtept></rte><rte><name>Taylor 28 A</name><type>Area</type><extensions><onx:style>dot</onx:style><onx:weight>4.0</onx:weight><onx:color>rgba(255, 51, 0, 1)</onx:color></extensions><rtept lat="42.498739" lon="-123.641489"></rtept><rtept lat="42.498751" lon="-123.646397"></rtept><rtept lat="42.498760" lon="-123.650000"></rtept><rtept lat="42.506026" lon="-123.650000"></rtept><rtept lat="42.506016" lon="-123.646444"></rtept><rtept lat="42.506004" lon="-123.641539"></rtept><rtept lat="42.502371" lon="-123.641514"></rtept><rtept lat="42.498739" lon="-123.641489"></rtept></rte><rte><name>Taylor 28 B</name><type>Area</type><extensions><onx:style>dot</onx:style><onx:weight>4.0</onx:weight><onx:color>rgba(255, 51, 0, 1)</onx:color></extensions><rtept lat="42.491473" lon="-123.641439"></rtept><rtept lat="42.491485" lon="-123.646350"></rtept><rtept lat="42.491493" lon="-123.650000"></rtept><rtept lat="42.506026" lon="-123.650000"></rtept><rtept lat="42.506016" lon="-123.646444"></rtept><rtept lat="42.506004" lon="-123.641539"></rtept><rtept lat="42.502371" lon="-123.641514"></rtept><rtept lat="42.498739" lon="-123.641489"></rtept><rtept lat="42.495106" lon="-123.641464"></rtept><rtept lat="42.491473" lon="-123.641439"></rtept></rte><rte><name>Gold Run</name><type>Area</type><extensions><onx:style>dot</onx:style><onx:weight>4.0</onx:weight><onx:color>rgba(255, 51, 0, 1)</onx:color></extensions><rtept lat="42.150000" lon="-123.082277"></rtept><rtept lat="42.150000" lon="-123.091970"></rtept><rtept lat="42.152684" lon="-123.091977"></rtept><rtept lat="42.156313" lon="-123.091986"></rtept><rtept lat="42.156308" lon="-123.087120"></rtept><rtept lat="42.156303" lon="-123.082255"></rtept><rtept lat="42.152663" lon="-123.082268"></rtept><rtept lat="42.150000" lon="-123.082277"></rtept></rte><rte><name>Hidden Treasure</name><type>Area</type><extensions><onx:style>dot</onx:style><onx:weight>4.0</onx:weight><onx:color>rgba(255, 51, 0, 1)</onx:color></extensions><rtept lat="42.150000" lon="-123.082277"></rtept><rtept lat="42.150000" lon="-123.091970"></rtept><rtept lat="42.152684" lon="-123.091977"></rtept><rtept lat="42.156313" lon="-123.091986"></rtept><rtept lat="42.156308" lon="-123.087120"></rtept><rtept lat="42.156303" lon="-123.082255"></rtept><rtept lat="42.152663" lon="-123.082268"></rtept><rtept lat="42.150000" lon="-123.082277"></rtept></rte><rte><name>Shock and Awe Placer</name><type>Area</type><extensions><onx:style>dot</onx:style><onx:weight>4.0</onx:weight><onx:color>rgba(255, 51, 0, 1)</onx:color></extensions><rtept lat="42.568066" lon="-123.347300"></rtept><rtept lat="42.571728" lon="-123.347292"></rtept><rtept lat="42.571702" lon="-123.343307"></rtept><rtept lat="42.571668" lon="-123.338386"></rtept><rtept lat="42.568012" lon="-123.338382"></rtept><rtept lat="42.564356" lon="-123.338378"></rtept><rtept lat="42.564382" lon="-123.343309"></rtept><rtept lat="42.564403" lon="-123.347308"></rtept><rtept lat="42.568066" lon="-123.347300"></rtept></rte><rte><name>Limpy's Legend</name><type>Area</type><extensions><onx:style>dot</onx:style><onx:weight>4.0</onx:weight><onx:color>rgba(255, 51, 0, 1)</onx:color></extensions><rtept lat="42.425425" lon="-123.553461"></rtept><rtept lat="42.429049" lon="-123.553454"></rtept><rtept lat="42.432674" lon="-123.553447"></rtept><rtept lat="42.432687" lon="-123.548567"></rtept><rtept lat="42.432700" lon="-123.543687"></rtept><rtept lat="42.429077" lon="-123.543687"></rtept><rtept lat="42.425454" lon="-123.543687"></rtept><rtept lat="42.425440" lon="-123.548574"></rtept><rtept lat="42.425425" lon="-123.553461"></rtept></rte><rte><name>Matchless</name><type>Area</type><extensions><onx:style>dot</onx:style><onx:weight>4.0</onx:weight><onx:color>rgba(255, 51, 0, 1)</onx:color></extensions><rtept lat="42.476878" lon="-123.641098"></rtept><rtept lat="42.476878" lon="-123.641323"></rtept><rtept lat="42.480527" lon="-123.641352"></rtept><rtept lat="42.484176" lon="-123.641381"></rtept><rtept lat="42.487824" lon="-123.641410"></rtept><rtept lat="42.491473" lon="-123.641439"></rtept><rtept lat="42.491470" lon="-123.636522"></rtept><rtept lat="42.491467" lon="-123.631606"></rtept><rtept lat="42.491464" lon="-123.626689"></rtept><rtept lat="42.491461" lon="-123.621772"></rtept><rtept lat="42.487828" lon="-123.621768"></rtept><rtept lat="42.484195" lon="-123.621764"></rtept><rtept lat="42.480562" lon="-123.621761"></rtept><rtept lat="42.476929" lon="-123.621757"></rtept><rtept lat="42.476917" lon="-123.626195"></rtept><rtept lat="42.476916" lon="-123.626511"></rtept><rtept lat="42.476916" lon="-123.626648"></rtept><rtept lat="42.476903" lon="-123.631374"></rtept><rtept lat="42.476903" lon="-123.631540"></rtept><rtept lat="42.476890" lon="-123.636236"></rtept><rtept lat="42.476890" lon="-123.636432"></rtept><rtept lat="42.476878" lon="-123.641098"></rtept></rte><rte><name>Perfection</name><type>Area</type><extensions><onx:style>dot</onx:style><onx:weight>4.0</onx:weight><onx:color>rgba(255, 51, 0, 1)</onx:color></extensions><rtept lat="42.152684" lon="-123.091977"></rtept><rtept lat="42.156313" lon="-123.091986"></rtept><rtept lat="42.156308" lon="-123.087120"></rtept><rtept lat="42.156303" lon="-123.082255"></rtept><rtept lat="42.156298" lon="-123.077390"></rtept><rtept lat="42.156294" lon="-123.072525"></rtept><rtept lat="42.156087" lon="-123.072537"></rtept><rtept lat="42.152643" lon="-123.072537"></rtept><rtept lat="42.152462" lon="-123.072537"></rtept><rtept lat="42.150000" lon="-123.072537"></rtept><rtept lat="42.150000" lon="-123.091970"></rtept><rtept lat="42.152684" lon="-123.091977"></rtept></rte><rte><name>Grave Creek 2</name><type>Area</type><extensions><onx:style>dot</onx:style><onx:weight>4.0</onx:weight><onx:color>rgba(255, 51, 0, 1)</onx:color></extensions><rtept lat="42.651890" lon="-123.239415"></rtept><rtept lat="42.651875" lon="-123.234475"></rtept><rtept lat="42.651860" lon="-123.229535"></rtept><rtept lat="42.648231" lon="-123.229534"></rtept><rtept lat="42.644603" lon="-123.229534"></rtept><rtept lat="42.644571" lon="-123.232075"></rtept><rtept lat="42.644539" lon="-123.234617"></rtept><rtept lat="42.644508" lon="-123.237158"></rtept><rtept lat="42.644476" lon="-123.239700"></rtept><rtept lat="42.646296" lon="-123.239629"></rtept><rtept lat="42.648115" lon="-123.239558"></rtept><rtept lat="42.649941" lon="-123.239489"></rtept><rtept lat="42.651890" lon="-123.239415"></rtept></rte><rte><name>Jack in the box</name><type>Area</type><extensions><onx:style>dot</onx:style><onx:weight>4.0</onx:weight><onx:color>rgba(255, 51, 0, 1)</onx:color></extensions><rtept lat="42.584325" lon="-123.306320"></rtept><rtept lat="42.582500" lon="-123.306327"></rtept><rtept lat="42.582505" lon="-123.308788"></rtept><rtept lat="42.584331" lon="-123.308786"></rtept><rtept lat="42.584325" lon="-123.306320"></rtept></rte><rte><name>Z Gold Mine</name><type>Area</type><extensions><onx:style>dot</onx:style><onx:weight>4.0</onx:weight><onx:color>rgba(255, 51, 0, 1)</onx:color></extensions><rtept lat="42.620858" lon="-123.170779"></rtept><rtept lat="42.622683" lon="-123.170777"></rtept><rtept lat="42.622595" lon="-123.165847"></rtept><rtept lat="42.622550" lon="-123.163419"></rtept><rtept lat="42.622505" lon="-123.160954"></rtept><rtept lat="42.620715" lon="-123.160953"></rtept><rtept lat="42.618925" lon="-123.160952"></rtept><rtept lat="42.617130" lon="-123.160985"></rtept><rtept lat="42.615334" lon="-123.161018"></rtept><rtept lat="42.615358" lon="-123.163465"></rtept><rtept lat="42.615368" lon="-123.165886"></rtept><rtept lat="42.615405" lon="-123.168359"></rtept><rtept lat="42.615428" lon="-123.170806"></rtept><rtept lat="42.617247" lon="-123.170808"></rtept><rtept lat="42.619042" lon="-123.170779"></rtept><rtept lat="42.620858" lon="-123.170779"></rtept></rte><rte><name>Wellspring</name><type>Area</type><extensions><onx:style>dot</onx:style><onx:weight>4.0</onx:weight><onx:color>rgba(255, 51, 0, 1)</onx:color></extensions><rtept lat="42.666235" lon="-123.249292"></rtept><rtept lat="42.666274" lon="-123.251158"></rtept><rtept lat="42.666340" lon="-123.254331"></rtept><rtept lat="42.666374" lon="-123.259327"></rtept><rtept lat="42.670020" lon="-123.259274"></rtept><rtept lat="42.673667" lon="-123.259221"></rtept><rtept lat="42.673563" lon="-123.254234"></rtept><rtept lat="42.673459" lon="-123.249248"></rtept><rtept lat="42.669882" lon="-123.249292"></rtept><rtept lat="42.666235" lon="-123.249292"></rtept></rte><rte><name>Yew Wood</name><type>Area</type><extensions><onx:style>dot</onx:style><onx:weight>4.0</onx:weight><onx:color>rgba(255, 51, 0, 1)</onx:color></extensions><rtept lat="42.495038" lon="-123.504076"></rtept><rtept lat="42.495088" lon="-123.508982"></rtept><rtept lat="42.498728" lon="-123.508992"></rtept><rtept lat="42.498672" lon="-123.504082"></rtept><rtept lat="42.495038" lon="-123.504076"></rtept></rte><rte><name>Got Suckered In</name><type>Area</type><extensions><onx:style>dot</onx:style><onx:weight>4.0</onx:weight><onx:color>rgba(255, 51, 0, 1)</onx:color></extensions><rtept lat="42.150000" lon="-123.465304"></rtept><rtept lat="42.150000" lon="-123.474939"></rtept><rtept lat="42.151271" lon="-123.474927"></rtept><rtept lat="42.154882" lon="-123.474893"></rtept><rtept lat="42.154863" lon="-123.470122"></rtept><rtept lat="42.154844" lon="-123.465352"></rtept><rtept lat="42.152543" lon="-123.465329"></rtept><rtept lat="42.151250" lon="-123.465316"></rtept><rtept lat="42.150000" lon="-123.465304"></rtept></rte><rte><name>Old Joe</name><type>Area</type><extensions><onx:style>dot</onx:style><onx:weight>4.0</onx:weight><onx:color>rgba(255, 51, 0, 1)</onx:color></extensions><rtept lat="42.505964" lon="-123.455267"></rtept><rtept lat="42.505972" lon="-123.460155"></rtept><rtept lat="42.505980" lon="-123.465042"></rtept><rtept lat="42.509627" lon="-123.465022"></rtept><rtept lat="42.513272" lon="-123.464970"></rtept><rtept lat="42.516914" lon="-123.464988"></rtept><rtept lat="42.520556" lon="-123.465005"></rtept><rtept lat="42.520554" lon="-123.460133"></rtept><rtept lat="42.520553" lon="-123.455248"></rtept><rtept lat="42.520560" lon="-123.450368"></rtept><rtept lat="42.520566" lon="-123.445488"></rtept><rtept lat="42.516915" lon="-123.445449"></rtept><rtept lat="42.513263" lon="-123.445409"></rtept><rtept lat="42.509616" lon="-123.445432"></rtept><rtept lat="42.505969" lon="-123.445455"></rtept><rtept lat="42.505967" lon="-123.450361"></rtept><rtept lat="42.505964" lon="-123.455267"></rtept></rte><rte><name>Glad Mined Too</name><type>Area</type><extensions><onx:style>dot</onx:style><onx:weight>4.0</onx:weight><onx:color>rgba(255, 51, 0, 1)</onx:color></extensions><rtept lat="42.476929" lon="-123.621649"></rtept><rtept lat="42.476929" lon="-123.621757"></rtept><rtept lat="42.480562" lon="-123.621761"></rtept><rtept lat="42.484195" lon="-123.621764"></rtept><rtept lat="42.484211" lon="-123.616831"></rtept><rtept lat="42.484227" lon="-123.611898"></rtept><rtept lat="42.480597" lon="-123.611934"></rtept><rtept lat="42.476968" lon="-123.611969"></rtept><rtept lat="42.476949" lon="-123.616785"></rtept><rtept lat="42.476949" lon="-123.616863"></rtept><rtept lat="42.476929" lon="-123.621649"></rtept></rte><rte><name>Just Because</name><type>Area</type><extensions><onx:style>dot</onx:style><onx:weight>4.0</onx:weight><onx:color>rgba(255, 51, 0, 1)</onx:color></extensions><rtept lat="42.498891" lon="-123.523673"></rtept><rtept lat="42.498837" lon="-123.518788"></rtept><rtept lat="42.498784" lon="-123.513902"></rtept><rtept lat="42.495139" lon="-123.513888"></rtept><rtept lat="42.491494" lon="-123.513873"></rtept><rtept lat="42.491526" lon="-123.518763"></rtept><rtept lat="42.491559" lon="-123.523652"></rtept><rtept lat="42.495225" lon="-123.523663"></rtept><rtept lat="42.498891" lon="-123.523673"></rtept></rte><rte><name>Pays to Play</name><type>Area</type><extensions><onx:style>dot</onx:style><onx:weight>4.0</onx:weight><onx:color>rgba(255, 51, 0, 1)</onx:color></extensions><rtept lat="42.494821" lon="-123.082539"></rtept><rtept lat="42.494830" lon="-123.085030"></rtept><rtept lat="42.496624" lon="-123.085041"></rtept><rtept lat="42.498418" lon="-123.085052"></rtept><rtept lat="42.498402" lon="-123.082567"></rtept><rtept lat="42.496611" lon="-123.082553"></rtept><rtept lat="42.494821" lon="-123.082539"></rtept></rte><rte><name>Golden Slide 1</name><type>Area</type><extensions><onx:style>dot</onx:style><onx:weight>4.0</onx:weight><onx:color>rgba(255, 51, 0, 1)</onx:color></extensions><rtept lat="42.532729" lon="-123.078137"></rtept><rtept lat="42.530921" lon="-123.078079"></rtept><rtept lat="42.530963" lon="-123.083155"></rtept><rtept lat="42.534571" lon="-123.083305"></rtept><rtept lat="42.534536" lon="-123.078195"></rtept><rtept lat="42.532729" lon="-123.078137"></rtept></rte><rte><name>Hand Picked</name><type>Area</type><extensions><onx:style>dot</onx:style><onx:weight>4.0</onx:weight><onx:color>rgba(255, 51, 0, 1)</onx:color></extensions><rtept lat="42.549513" lon="-123.650000"></rtept><rtept lat="42.556716" lon="-123.650000"></rtept><rtept lat="42.556721" lon="-123.646733"></rtept><rtept lat="42.556728" lon="-123.641830"></rtept><rtept lat="42.553132" lon="-123.641819"></rtept><rtept lat="42.549537" lon="-123.641808"></rtept><rtept lat="42.549523" lon="-123.646709"></rtept><rtept lat="42.549513" lon="-123.650000"></rtept></rte><rte><name>It's Kime to Mine</name><type>Area</type><extensions><onx:style>dot</onx:style><onx:weight>4.0</onx:weight><onx:color>rgba(255, 51, 0, 1)</onx:color></extensions><rtept lat="42.151800" lon="-123.210416"></rtept><rtept lat="42.153561" lon="-123.210475"></rtept><rtept lat="42.157085" lon="-123.210592"></rtept><rtept lat="42.157133" lon="-123.205692"></rtept><rtept lat="42.157182" lon="-123.200792"></rtept><rtept lat="42.153631" lon="-123.200711"></rtept><rtept lat="42.150081" lon="-123.200630"></rtept><rtept lat="42.150060" lon="-123.205494"></rtept><rtept lat="42.150049" lon="-123.207925"></rtept><rtept lat="42.150038" lon="-123.210357"></rtept><rtept lat="42.151800" lon="-123.210416"></rtept></rte><rte><name>Boyds Rhoid</name><type>Area</type><extensions><onx:style>dot</onx:style><onx:weight>4.0</onx:weight><onx:color>rgba(255, 51, 0, 1)</onx:color></extensions><rtept lat="42.454999" lon="-123.140914"></rtept><rtept lat="42.458597" lon="-123.140911"></rtept><rtept lat="42.462195" lon="-123.140907"></rtept><rtept lat="42.462200" lon="-123.136054"></rtept><rtept lat="42.462205" lon="-123.131202"></rtept><rtept lat="42.458611" lon="-123.131185"></rtept><rtept lat="42.455018" lon="-123.131169"></rtept><rtept lat="42.455008" lon="-123.136041"></rtept><rtept lat="42.454999" lon="-123.140914"></rtept></rte><rte><name>Ben 1</name><type>Area</type><extensions><onx:style>dot</onx:style><onx:weight>4.0</onx:weight><onx:color>rgba(255, 51, 0, 1)</onx:color></extensions><rtept lat="42.652182" lon="-123.602366"></rtept><rtept lat="42.652182" lon="-123.602635"></rtept><rtept lat="42.652188" lon="-123.607293"></rtept><rtept lat="42.652188" lon="-123.607563"></rtept><rtept lat="42.652195" lon="-123.612220"></rtept><rtept lat="42.652195" lon="-123.612490"></rtept><rtept lat="42.652201" lon="-123.617148"></rtept><rtept lat="42.652201" lon="-123.617418"></rtept><rtept lat="42.652202" lon="-123.619655"></rtept><rtept lat="42.652202" lon="-123.620786"></rtept><rtept lat="42.652202" lon="-123.622065"></rtept><rtept lat="42.652704" lon="-123.622065"></rtept><rtept lat="42.652820" lon="-123.622065"></rtept><rtept lat="42.653555" lon="-123.622065"></rtept><rtept lat="42.655812" lon="-123.622063"></rtept><rtept lat="42.656549" lon="-123.622063"></rtept><rtept lat="42.659422" lon="-123.622061"></rtept><rtept lat="42.661672" lon="-123.622059"></rtept><rtept lat="42.663024" lon="-123.622057"></rtept><rtept lat="42.666626" lon="-123.622054"></rtept><rtept lat="42.666624" lon="-123.617134"></rtept><rtept lat="42.666624" lon="-123.616963"></rtept><rtept lat="42.666622" lon="-123.614560"></rtept><rtept lat="42.666621" lon="-123.612215"></rtept><rtept lat="42.666619" lon="-123.607295"></rtept><rtept lat="42.666616" lon="-123.602375"></rtept><rtept lat="42.663008" lon="-123.602373"></rtept><rtept lat="42.661692" lon="-123.602372"></rtept><rtept lat="42.661176" lon="-123.602372"></rtept><rtept lat="42.659399" lon="-123.602370"></rtept><rtept lat="42.655791" lon="-123.602368"></rtept><rtept lat="42.652182" lon="-123.602366"></rtept></rte><rte><name>Ben 2</name><type>Area</type><extensions><onx:style>dot</onx:style><onx:weight>4.0</onx:weight><onx:color>rgba(255, 51, 0, 1)</onx:color></extensions><rtept lat="42.652182" lon="-123.602366"></rtept><rtept lat="42.652182" lon="-123.602635"></rtept><rtept lat="42.652188" lon="-123.607293"></rtept><rtept lat="42.652188" lon="-123.607563"></rtept><rtept lat="42.652195" lon="-123.612220"></rtept><rtept lat="42.655803" lon="-123.612219"></rtept><rtept lat="42.659411" lon="-123.612217"></rtept><rtept lat="42.659405" lon="-123.607294"></rtept><rtept lat="42.659399" lon="-123.602370"></rtept><rtept lat="42.655791" lon="-123.602368"></rtept><rtept lat="42.652182" lon="-123.602366"></rtept></rte><rte><name>Carly</name><type>Area</type><extensions><onx:style>dot</onx:style><onx:weight>4.0</onx:weight><onx:color>rgba(255, 51, 0, 1)</onx:color></extensions><rtept lat="42.652182" lon="-123.602366"></rtept><rtept lat="42.652182" lon="-123.602635"></rtept><rtept lat="42.652188" lon="-123.607293"></rtept><rtept lat="42.652188" lon="-123.607563"></rtept><rtept lat="42.652195" lon="-123.612220"></rtept><rtept lat="42.652195" lon="-123.612490"></rtept><rtept lat="42.652201" lon="-123.617148"></rtept><rtept lat="42.652201" lon="-123.617418"></rtept><rtept lat="42.652202" lon="-123.619655"></rtept><rtept lat="42.652202" lon="-123.620786"></rtept><rtept lat="42.652202" lon="-123.622065"></rtept><rtept lat="42.652704" lon="-123.622065"></rtept><rtept lat="42.652820" lon="-123.622065"></rtept><rtept lat="42.653555" lon="-123.622065"></rtept><rtept lat="42.655812" lon="-123.622063"></rtept><rtept lat="42.656549" lon="-123.622063"></rtept><rtept lat="42.659422" lon="-123.622061"></rtept><rtept lat="42.661672" lon="-123.622059"></rtept><rtept lat="42.663024" lon="-123.622057"></rtept><rtept lat="42.666626" lon="-123.622054"></rtept><rtept lat="42.666624" lon="-123.617134"></rtept><rtept lat="42.666624" lon="-123.616963"></rtept><rtept lat="42.666622" lon="-123.614560"></rtept><rtept lat="42.666621" lon="-123.612215"></rtept><rtept lat="42.666619" lon="-123.607295"></rtept><rtept lat="42.666616" lon="-123.602375"></rtept><rtept lat="42.663008" lon="-123.602373"></rtept><rtept lat="42.661692" lon="-123.602372"></rtept><rtept lat="42.661176" lon="-123.602372"></rtept><rtept lat="42.659399" lon="-123.602370"></rtept><rtept lat="42.655791" lon="-123.602368"></rtept><rtept lat="42.652182" lon="-123.602366"></rtept></rte><rte><name>Carly 2</name><type>Area</type><extensions><onx:style>dot</onx:style><onx:weight>4.0</onx:weight><onx:color>rgba(255, 51, 0, 1)</onx:color></extensions><rtept lat="42.652182" lon="-123.602366"></rtept><rtept lat="42.652182" lon="-123.602635"></rtept><rtept lat="42.652188" lon="-123.607293"></rtept><rtept lat="42.652188" lon="-123.607563"></rtept><rtept lat="42.652195" lon="-123.612220"></rtept><rtept lat="42.655803" lon="-123.612219"></rtept><rtept lat="42.659411" lon="-123.612217"></rtept><rtept lat="42.659405" lon="-123.607294"></rtept><rtept lat="42.659399" lon="-123.602370"></rtept><rtept lat="42.655791" lon="-123.602368"></rtept><rtept lat="42.652182" lon="-123.602366"></rtept></rte><rte><name>Susy 2</name><type>Area</type><extensions><onx:style>dot</onx:style><onx:weight>4.0</onx:weight><onx:color>rgba(255, 51, 0, 1)</onx:color></extensions><rtept lat="42.652182" lon="-123.602366"></rtept><rtept lat="42.652182" lon="-123.602635"></rtept><rtept lat="42.652188" lon="-123.607293"></rtept><rtept lat="42.652188" lon="-123.607563"></rtept><rtept lat="42.652195" lon="-123.612220"></rtept><rtept lat="42.652195" lon="-123.612490"></rtept><rtept lat="42.652201" lon="-123.617148"></rtept><rtept lat="42.652201" lon="-123.617418"></rtept><rtept lat="42.652202" lon="-123.619655"></rtept><rtept lat="42.652202" lon="-123.620786"></rtept><rtept lat="42.652202" lon="-123.622065"></rtept><rtept lat="42.652704" lon="-123.622065"></rtept><rtept lat="42.652820" lon="-123.622065"></rtept><rtept lat="42.653555" lon="-123.622065"></rtept><rtept lat="42.655812" lon="-123.622063"></rtept><rtept lat="42.656549" lon="-123.622063"></rtept><rtept lat="42.659422" lon="-123.622061"></rtept><rtept lat="42.661672" lon="-123.622059"></rtept><rtept lat="42.663024" lon="-123.622057"></rtept><rtept lat="42.666626" lon="-123.622054"></rtept><rtept lat="42.666624" lon="-123.617134"></rtept><rtept lat="42.666624" lon="-123.616963"></rtept><rtept lat="42.666622" lon="-123.614560"></rtept><rtept lat="42.666621" lon="-123.612215"></rtept><rtept lat="42.666619" lon="-123.607295"></rtept><rtept lat="42.666616" lon="-123.602375"></rtept><rtept lat="42.663008" lon="-123.602373"></rtept><rtept lat="42.661692" lon="-123.602372"></rtept><rtept lat="42.661176" lon="-123.602372"></rtept><rtept lat="42.659399" lon="-123.602370"></rtept><rtept lat="42.655791" lon="-123.602368"></rtept><rtept lat="42.652182" lon="-123.602366"></rtept></rte><rte><name>Susy 3</name><type>Area</type><extensions><onx:style>dot</onx:style><onx:weight>4.0</onx:weight><onx:color>rgba(255, 51, 0, 1)</onx:color></extensions><rtept lat="42.652195" lon="-123.612490"></rtept><rtept lat="42.652201" lon="-123.617148"></rtept><rtept lat="42.652201" lon="-123.617418"></rtept><rtept lat="42.652202" lon="-123.619655"></rtept><rtept lat="42.652202" lon="-123.620786"></rtept><rtept lat="42.652202" lon="-123.622065"></rtept><rtept lat="42.652704" lon="-123.622065"></rtept><rtept lat="42.652820" lon="-123.622065"></rtept><rtept lat="42.653555" lon="-123.622065"></rtept><rtept lat="42.655812" lon="-123.622063"></rtept><rtept lat="42.656549" lon="-123.622063"></rtept><rtept lat="42.659422" lon="-123.622061"></rtept><rtept lat="42.661672" lon="-123.622059"></rtept><rtept lat="42.663024" lon="-123.622057"></rtept><rtept lat="42.666626" lon="-123.622054"></rtept><rtept lat="42.666624" lon="-123.617134"></rtept><rtept lat="42.666624" lon="-123.616963"></rtept><rtept lat="42.666622" lon="-123.614560"></rtept><rtept lat="42.666621" lon="-123.612215"></rtept><rtept lat="42.666619" lon="-123.607295"></rtept><rtept lat="42.666616" lon="-123.602375"></rtept><rtept lat="42.663008" lon="-123.602373"></rtept><rtept lat="42.661692" lon="-123.602372"></rtept><rtept lat="42.661176" lon="-123.602372"></rtept><rtept lat="42.659399" lon="-123.602370"></rtept><rtept lat="42.655791" lon="-123.602368"></rtept><rtept lat="42.652182" lon="-123.602366"></rtept><rtept lat="42.652182" lon="-123.602635"></rtept><rtept lat="42.652188" lon="-123.607293"></rtept><rtept lat="42.652188" lon="-123.607563"></rtept><rtept lat="42.652195" lon="-123.612220"></rtept><rtept lat="42.652195" lon="-123.612490"></rtept></rte><rte><name>Clouse's Corner</name><type>Area</type><extensions><onx:style>dot</onx:style><onx:weight>4.0</onx:weight><onx:color>rgba(255, 51, 0, 1)</onx:color></extensions><rtept lat="42.163274" lon="-123.229764"></rtept><rtept lat="42.164317" lon="-123.229805"></rtept><rtept lat="42.164329" lon="-123.224962"></rtept><rtept lat="42.164312" lon="-123.220133"></rtept><rtept lat="42.160665" lon="-123.220141"></rtept><rtept lat="42.157017" lon="-123.220149"></rtept><rtept lat="42.157049" lon="-123.224912"></rtept><rtept lat="42.157038" lon="-123.229760"></rtept><rtept lat="42.159682" lon="-123.229740"></rtept><rtept lat="42.160699" lon="-123.229747"></rtept><rtept lat="42.163274" lon="-123.229764"></rtept></rte><rte><name>Brightstar</name><type>Area</type><extensions><onx:style>dot</onx:style><onx:weight>4.0</onx:weight><onx:color>rgba(255, 51, 0, 1)</onx:color></extensions><rtept lat="42.150000" lon="-123.091970"></rtept><rtept lat="42.150000" lon="-123.101732"></rtept><rtept lat="42.152693" lon="-123.101736"></rtept><rtept lat="42.156325" lon="-123.101742"></rtept><rtept lat="42.156319" lon="-123.096864"></rtept><rtept lat="42.156313" lon="-123.091986"></rtept><rtept lat="42.152684" lon="-123.091977"></rtept><rtept lat="42.150000" lon="-123.091970"></rtept></rte><rte><name>Easy Time</name><type>Area</type><extensions><onx:style>dot</onx:style><onx:weight>4.0</onx:weight><onx:color>rgba(255, 51, 0, 1)</onx:color></extensions><rtept lat="42.586184" lon="-123.318624"></rtept><rtept lat="42.586193" lon="-123.321093"></rtept><rtept lat="42.586202" lon="-123.323562"></rtept><rtept lat="42.586224" lon="-123.328522"></rtept><rtept lat="42.589871" lon="-123.328481"></rtept><rtept lat="42.593506" lon="-123.328441"></rtept><rtept lat="42.593497" lon="-123.323494"></rtept><rtept lat="42.593486" lon="-123.321019"></rtept><rtept lat="42.593475" lon="-123.318544"></rtept><rtept lat="42.591652" lon="-123.318564"></rtept><rtept lat="42.589829" lon="-123.318584"></rtept><rtept lat="42.586184" lon="-123.318624"></rtept></rte><rte><name>Gold Cup</name><type>Area</type><extensions><onx:style>dot</onx:style><onx:weight>4.0</onx:weight><onx:color>rgba(255, 51, 0, 1)</onx:color></extensions><rtept lat="42.637118" lon="-123.249525"></rtept><rtept lat="42.637130" lon="-123.251185"></rtept><rtept lat="42.637152" lon="-123.254334"></rtept><rtept lat="42.637185" lon="-123.259143"></rtept><rtept lat="42.637197" lon="-123.264000"></rtept><rtept lat="42.637288" lon="-123.269059"></rtept><rtept lat="42.640955" lon="-123.269128"></rtept><rtept lat="42.644621" lon="-123.269197"></rtept><rtept lat="42.648317" lon="-123.269218"></rtept><rtept lat="42.652014" lon="-123.269239"></rtept><rtept lat="42.651987" lon="-123.264242"></rtept><rtept lat="42.652053" lon="-123.259242"></rtept><rtept lat="42.652040" lon="-123.254275"></rtept><rtept lat="42.652024" lon="-123.251185"></rtept><rtept lat="42.652014" lon="-123.249304"></rtept><rtept lat="42.649857" lon="-123.249335"></rtept><rtept lat="42.648037" lon="-123.249362"></rtept><rtept lat="42.646219" lon="-123.249390"></rtept><rtept lat="42.644400" lon="-123.249418"></rtept><rtept lat="42.640759" lon="-123.249472"></rtept><rtept lat="42.637118" lon="-123.249525"></rtept></rte><rte><name>Strat Cat</name><type>Area</type><extensions><onx:style>dot</onx:style><onx:weight>4.0</onx:weight><onx:color>rgba(255, 51, 0, 1)</onx:color></extensions><rtept lat="42.571807" lon="-123.529270"></rtept><rtept lat="42.571820" lon="-123.534254"></rtept><rtept lat="42.575417" lon="-123.534185"></rtept><rtept lat="42.575392" lon="-123.529245"></rtept><rtept lat="42.571807" lon="-123.529270"></rtept></rte><rte><name>Grave Creek 1</name><type>Area</type><extensions><onx:style>dot</onx:style><onx:weight>4.0</onx:weight><onx:color>rgba(255, 51, 0, 1)</onx:color></extensions><rtept lat="42.695471" lon="-123.160929"></rtept><rtept lat="42.695492" lon="-123.165779"></rtept><rtept lat="42.695512" lon="-123.170629"></rtept><rtept lat="42.699147" lon="-123.170631"></rtept><rtept lat="42.700000" lon="-123.170632"></rtept><rtept lat="42.700000" lon="-123.160902"></rtept><rtept lat="42.699107" lon="-123.160907"></rtept><rtept lat="42.695471" lon="-123.160929"></rtept></rte><rte><name>Echo Hill</name><type>Area</type><extensions><onx:style>dot</onx:style><onx:weight>4.0</onx:weight><onx:color>rgba(255, 51, 0, 1)</onx:color></extensions><rtept lat="42.673667" lon="-123.259221"></rtept><rtept lat="42.673771" lon="-123.264252"></rtept><rtept lat="42.673875" lon="-123.269283"></rtept><rtept lat="42.677007" lon="-123.269341"></rtept><rtept lat="42.677502" lon="-123.269336"></rtept><rtept lat="42.681036" lon="-123.269305"></rtept><rtept lat="42.680880" lon="-123.264212"></rtept><rtept lat="42.680724" lon="-123.259118"></rtept><rtept lat="42.677195" lon="-123.259170"></rtept><rtept lat="42.673667" lon="-123.259221"></rtept></rte><rte><name>Faith</name><type>Area</type><extensions><onx:style>dot</onx:style><onx:weight>4.0</onx:weight><onx:color>rgba(255, 51, 0, 1)</onx:color></extensions><rtept lat="42.659124" lon="-123.249302"></rtept><rtept lat="42.659148" lon="-123.254303"></rtept><rtept lat="42.659183" lon="-123.259286"></rtept><rtept lat="42.662778" lon="-123.259306"></rtept><rtept lat="42.666374" lon="-123.259327"></rtept><rtept lat="42.666340" lon="-123.254331"></rtept><rtept lat="42.666274" lon="-123.251158"></rtept><rtept lat="42.666235" lon="-123.249292"></rtept><rtept lat="42.664369" lon="-123.249309"></rtept><rtept lat="42.662709" lon="-123.249328"></rtept><rtept lat="42.659124" lon="-123.249302"></rtept></rte><rte><name>Lower Windfall</name><type>Area</type><extensions><onx:style>dot</onx:style><onx:weight>4.0</onx:weight><onx:color>rgba(255, 51, 0, 1)</onx:color></extensions><rtept lat="42.514499" lon="-123.062903"></rtept><rtept lat="42.512670" lon="-123.062897"></rtept><rtept lat="42.512702" lon="-123.065356"></rtept><rtept lat="42.512733" lon="-123.067815"></rtept><rtept lat="42.512765" lon="-123.070275"></rtept><rtept lat="42.512797" lon="-123.072734"></rtept><rtept lat="42.516399" lon="-123.072743"></rtept><rtept lat="42.520001" lon="-123.072753"></rtept><rtept lat="42.519993" lon="-123.067837"></rtept><rtept lat="42.519986" lon="-123.062920"></rtept><rtept lat="42.516328" lon="-123.062909"></rtept><rtept lat="42.514499" lon="-123.062903"></rtept></rte><rte><name>Upper Windfall</name><type>Area</type><extensions><onx:style>dot</onx:style><onx:weight>4.0</onx:weight><onx:color>rgba(255, 51, 0, 1)</onx:color></extensions><rtept lat="42.516292" lon="-123.060434"></rtept><rtept lat="42.516328" lon="-123.062909"></rtept><rtept lat="42.518157" lon="-123.062914"></rtept><rtept lat="42.519986" lon="-123.062920"></rtept><rtept lat="42.519947" lon="-123.060444"></rtept><rtept lat="42.518120" lon="-123.060439"></rtept><rtept lat="42.516292" lon="-123.060434"></rtept></rte><rte><name>Bear Water Gold</name><type>Area</type><extensions><onx:style>dot</onx:style><onx:weight>4.0</onx:weight><onx:color>rgba(255, 51, 0, 1)</onx:color></extensions><rtept lat="42.374294" lon="-123.553168"></rtept><rtept lat="42.374300" lon="-123.558094"></rtept><rtept lat="42.374305" lon="-123.563019"></rtept><rtept lat="42.374859" lon="-123.563022"></rtept><rtept lat="42.377973" lon="-123.563036"></rtept><rtept lat="42.379807" lon="-123.563044"></rtept><rtept lat="42.381641" lon="-123.563053"></rtept><rtept lat="42.381634" lon="-123.560582"></rtept><rtept lat="42.381626" lon="-123.558111"></rtept><rtept lat="42.381619" lon="-123.555640"></rtept><rtept lat="42.381611" lon="-123.553169"></rtept><rtept lat="42.379782" lon="-123.553169"></rtept><rtept lat="42.377950" lon="-123.553169"></rtept><rtept lat="42.374294" lon="-123.553168"></rtept></rte><rte><name>Freebooter</name><type>Area</type><extensions><onx:style>dot</onx:style><onx:weight>4.0</onx:weight><onx:color>rgba(255, 51, 0, 1)</onx:color></extensions><rtept lat="42.287095" lon="-123.001168"></rtept><rtept lat="42.287094" lon="-123.003537"></rtept><rtept lat="42.287139" lon="-123.008461"></rtept><rtept lat="42.287185" lon="-123.013386"></rtept><rtept lat="42.290821" lon="-123.013381"></rtept><rtept lat="42.294457" lon="-123.013375"></rtept><rtept lat="42.298078" lon="-123.013357"></rtept><rtept lat="42.298113" lon="-123.013357"></rtept><rtept lat="42.299909" lon="-123.013348"></rtept><rtept lat="42.299943" lon="-123.013348"></rtept><rtept lat="42.300814" lon="-123.013344"></rtept><rtept lat="42.301739" lon="-123.013339"></rtept><rtept lat="42.301725" lon="-123.010879"></rtept><rtept lat="42.301711" lon="-123.008419"></rtept><rtept lat="42.301683" lon="-123.003499"></rtept><rtept lat="42.301670" lon="-123.001168"></rtept><rtept lat="42.301655" lon="-122.998579"></rtept><rtept lat="42.301627" lon="-122.993659"></rtept><rtept lat="42.297994" lon="-122.993668"></rtept><rtept lat="42.294362" lon="-122.993676"></rtept><rtept lat="42.290730" lon="-122.993685"></rtept><rtept lat="42.287099" lon="-122.993693"></rtept><rtept lat="42.287097" lon="-122.996154"></rtept><rtept lat="42.287096" lon="-122.998615"></rtept><rtept lat="42.287095" lon="-123.001168"></rtept></rte><rte><name>Stovepipe</name><type>Area</type><extensions><onx:style>dot</onx:style><onx:weight>4.0</onx:weight><onx:color>rgba(255, 51, 0, 1)</onx:color></extensions><rtept lat="42.615533" lon="-123.445671"></rtept><rtept lat="42.619055" lon="-123.445680"></rtept><rtept lat="42.622577" lon="-123.445690"></rtept><rtept lat="42.622675" lon="-123.440796"></rtept><rtept lat="42.622772" lon="-123.435902"></rtept><rtept lat="42.619157" lon="-123.435892"></rtept><rtept lat="42.615541" lon="-123.435883"></rtept><rtept lat="42.615537" lon="-123.440777"></rtept><rtept lat="42.615533" lon="-123.445671"></rtept></rte><rte><name>FULL MOON</name><type>Area</type><extensions><onx:style>dot</onx:style><onx:weight>4.0</onx:weight><onx:color>rgba(255, 51, 0, 1)</onx:color></extensions><rtept lat="42.653891" lon="-123.514185"></rtept><rtept lat="42.652093" lon="-123.514219"></rtept><rtept lat="42.652102" lon="-123.516662"></rtept><rtept lat="42.652112" lon="-123.519105"></rtept><rtept lat="42.653911" lon="-123.519065"></rtept><rtept lat="42.653901" lon="-123.516625"></rtept><rtept lat="42.653891" lon="-123.514185"></rtept></rte><rte><name>SAN QUENTIN 1</name><type>Area</type><extensions><onx:style>dot</onx:style><onx:weight>4.0</onx:weight><onx:color>rgba(255, 51, 0, 1)</onx:color></extensions><rtept lat="42.250741" lon="-123.454859"></rtept><rtept lat="42.254354" lon="-123.454879"></rtept><rtept lat="42.256160" lon="-123.454890"></rtept><rtept lat="42.257967" lon="-123.454900"></rtept><rtept lat="42.257962" lon="-123.452434"></rtept><rtept lat="42.257958" lon="-123.449968"></rtept><rtept lat="42.257948" lon="-123.445036"></rtept><rtept lat="42.254334" lon="-123.445038"></rtept><rtept lat="42.250720" lon="-123.445040"></rtept><rtept lat="42.250730" lon="-123.449949"></rtept><rtept lat="42.250741" lon="-123.454859"></rtept></rte><rte><name>GOOD LUCK 1</name><type>Area</type><extensions><onx:style>dot</onx:style><onx:weight>4.0</onx:weight><onx:color>rgba(255, 51, 0, 1)</onx:color></extensions><rtept lat="42.447741" lon="-123.268409"></rtept><rtept lat="42.447772" lon="-123.263518"></rtept><rtept lat="42.447804" lon="-123.258627"></rtept><rtept lat="42.444165" lon="-123.258610"></rtept><rtept lat="42.440525" lon="-123.258593"></rtept><rtept lat="42.440529" lon="-123.261021"></rtept><rtept lat="42.440529" lon="-123.263443"></rtept><rtept lat="42.440525" lon="-123.268304"></rtept><rtept lat="42.442329" lon="-123.268330"></rtept><rtept lat="42.444133" lon="-123.268356"></rtept><rtept lat="42.447741" lon="-123.268409"></rtept></rte><rte><name>GOOD LUCK 2</name><type>Area</type><extensions><onx:style>dot</onx:style><onx:weight>4.0</onx:weight><onx:color>rgba(255, 51, 0, 1)</onx:color></extensions><rtept lat="42.447741" lon="-123.268409"></rtept><rtept lat="42.447772" lon="-123.263518"></rtept><rtept lat="42.447804" lon="-123.258627"></rtept><rtept lat="42.444165" lon="-123.258610"></rtept><rtept lat="42.440525" lon="-123.258593"></rtept><rtept lat="42.440529" lon="-123.261021"></rtept><rtept lat="42.440529" lon="-123.263443"></rtept><rtept lat="42.440525" lon="-123.268304"></rtept><rtept lat="42.442329" lon="-123.268330"></rtept><rtept lat="42.444133" lon="-123.268356"></rtept><rtept lat="42.447741" lon="-123.268409"></rtept></rte><rte><name>GOOD LUCK 3</name><type>Area</type><extensions><onx:style>dot</onx:style><onx:weight>4.0</onx:weight><onx:color>rgba(255, 51, 0, 1)</onx:color></extensions><rtept lat="42.440528" lon="-123.278240"></rtept><rtept lat="42.444139" lon="-123.278226"></rtept><rtept lat="42.447748" lon="-123.278211"></rtept><rtept lat="42.447742" lon="-123.273308"></rtept><rtept lat="42.447741" lon="-123.268409"></rtept><rtept lat="42.444133" lon="-123.268356"></rtept><rtept lat="42.442329" lon="-123.268330"></rtept><rtept lat="42.440525" lon="-123.268304"></rtept><rtept lat="42.440526" lon="-123.270786"></rtept><rtept lat="42.440527" lon="-123.273269"></rtept><rtept lat="42.440528" lon="-123.278240"></rtept></rte><rte><name>GOOD LUCK 4</name><type>Area</type><extensions><onx:style>dot</onx:style><onx:weight>4.0</onx:weight><onx:color>rgba(255, 51, 0, 1)</onx:color></extensions><rtept lat="42.440528" lon="-123.278240"></rtept><rtept lat="42.444139" lon="-123.278226"></rtept><rtept lat="42.447748" lon="-123.278211"></rtept><rtept lat="42.447742" lon="-123.273308"></rtept><rtept lat="42.447741" lon="-123.268409"></rtept><rtept lat="42.444133" lon="-123.268356"></rtept><rtept lat="42.442329" lon="-123.268330"></rtept><rtept lat="42.440525" lon="-123.268304"></rtept><rtept lat="42.440526" lon="-123.270786"></rtept><rtept lat="42.440527" lon="-123.273269"></rtept><rtept lat="42.440528" lon="-123.278240"></rtept></rte><rte><name>ZAZOO</name><type>Area</type><extensions><onx:style>dot</onx:style><onx:weight>4.0</onx:weight><onx:color>rgba(255, 51, 0, 1)</onx:color></extensions><rtept lat="42.249861" lon="-123.425637"></rtept><rtept lat="42.250686" lon="-123.425636"></rtept><rtept lat="42.250706" lon="-123.420755"></rtept><rtept lat="42.250727" lon="-123.415875"></rtept><rtept lat="42.247121" lon="-123.415882"></rtept><rtept lat="42.243516" lon="-123.415890"></rtept><rtept lat="42.243502" lon="-123.420768"></rtept><rtept lat="42.243489" lon="-123.425646"></rtept><rtept lat="42.245288" lon="-123.425644"></rtept><rtept lat="42.247087" lon="-123.425641"></rtept><rtept lat="42.249861" lon="-123.425637"></rtept></rte><rte><name>IGGY DIGGY DOO</name><type>Area</type><extensions><onx:style>dot</onx:style><onx:weight>4.0</onx:weight><onx:color>rgba(255, 51, 0, 1)</onx:color></extensions><rtept lat="42.243516" lon="-123.415890"></rtept><rtept lat="42.247121" lon="-123.415882"></rtept><rtept lat="42.250727" lon="-123.415875"></rtept><rtept lat="42.250746" lon="-123.411010"></rtept><rtept lat="42.250766" lon="-123.406145"></rtept><rtept lat="42.249857" lon="-123.406144"></rtept><rtept lat="42.247154" lon="-123.406140"></rtept><rtept lat="42.243542" lon="-123.406134"></rtept><rtept lat="42.243529" lon="-123.411012"></rtept><rtept lat="42.243516" lon="-123.415890"></rtept></rte><rte><name>LOST ARK</name><type>Area</type><extensions><onx:style>dot</onx:style><onx:weight>4.0</onx:weight><onx:color>rgba(255, 51, 0, 1)</onx:color></extensions><rtept lat="42.229011" lon="-123.430420"></rtept><rtept lat="42.229008" lon="-123.435266"></rtept><rtept lat="42.232628" lon="-123.435286"></rtept><rtept lat="42.236248" lon="-123.435305"></rtept><rtept lat="42.236250" lon="-123.430458"></rtept><rtept lat="42.236252" lon="-123.425610"></rtept><rtept lat="42.232633" lon="-123.425592"></rtept><rtept lat="42.229014" lon="-123.425575"></rtept><rtept lat="42.229011" lon="-123.430420"></rtept></rte><rte><name>TEAR DROP</name><type>Area</type><extensions><onx:style>dot</onx:style><onx:weight>4.0</onx:weight><onx:color>rgba(255, 51, 0, 1)</onx:color></extensions><rtept lat="42.229011" lon="-123.430420"></rtept><rtept lat="42.229008" lon="-123.435266"></rtept><rtept lat="42.232628" lon="-123.435286"></rtept><rtept lat="42.236248" lon="-123.435305"></rtept><rtept lat="42.236250" lon="-123.430458"></rtept><rtept lat="42.236252" lon="-123.425610"></rtept><rtept lat="42.232633" lon="-123.425592"></rtept><rtept lat="42.229014" lon="-123.425575"></rtept><rtept lat="42.229011" lon="-123.430420"></rtept></rte><rte><name>BIRD ASSOCIATION</name><type>Area</type><extensions><onx:style>dot</onx:style><onx:weight>4.0</onx:weight><onx:color>rgba(255, 51, 0, 1)</onx:color></extensions><rtept lat="42.579174" lon="-123.607530"></rtept><rtept lat="42.579430" lon="-123.607530"></rtept><rtept lat="42.579171" lon="-123.607803"></rtept><rtept lat="42.579110" lon="-123.612453"></rtept><rtept lat="42.582507" lon="-123.612450"></rtept><rtept lat="42.582705" lon="-123.612449"></rtept><rtept lat="42.586383" lon="-123.612445"></rtept><rtept lat="42.589988" lon="-123.612442"></rtept><rtept lat="42.590883" lon="-123.612441"></rtept><rtept lat="42.593621" lon="-123.612438"></rtept><rtept lat="42.593617" lon="-123.610407"></rtept><rtept lat="42.593611" lon="-123.607543"></rtept><rtept lat="42.593609" lon="-123.606120"></rtept><rtept lat="42.593602" lon="-123.602647"></rtept><rtept lat="42.590004" lon="-123.602652"></rtept><rtept lat="42.586492" lon="-123.602720"></rtept><rtept lat="42.582768" lon="-123.602702"></rtept><rtept lat="42.581716" lon="-123.602696"></rtept><rtept lat="42.580210" lon="-123.602689"></rtept><rtept lat="42.580193" lon="-123.602689"></rtept><rtept lat="42.579237" lon="-123.602684"></rtept><rtept lat="42.579174" lon="-123.607530"></rtept></rte><rte><name>GOLDEN AGE II</name><type>Area</type><extensions><onx:style>dot</onx:style><onx:weight>4.0</onx:weight><onx:color>rgba(255, 51, 0, 1)</onx:color></extensions><rtept lat="42.560583" lon="-123.279199"></rtept><rtept lat="42.564235" lon="-123.279147"></rtept><rtept lat="42.564224" lon="-123.274215"></rtept><rtept lat="42.564213" lon="-123.269284"></rtept><rtept lat="42.560553" lon="-123.269359"></rtept><rtept lat="42.556893" lon="-123.269435"></rtept><rtept lat="42.556912" lon="-123.274343"></rtept><rtept lat="42.556931" lon="-123.279250"></rtept><rtept lat="42.560583" lon="-123.279199"></rtept></rte><rte><name>NEW LINDAGLENN</name><type>Area</type><extensions><onx:style>dot</onx:style><onx:weight>4.0</onx:weight><onx:color>rgba(255, 51, 0, 1)</onx:color></extensions><rtept lat="42.294472" lon="-123.102104"></rtept><rtept lat="42.294451" lon="-123.097264"></rtept><rtept lat="42.294430" lon="-123.092423"></rtept><rtept lat="42.291485" lon="-123.092386"></rtept><rtept lat="42.290835" lon="-123.092379"></rtept><rtept lat="42.287892" lon="-123.092343"></rtept><rtept lat="42.287888" lon="-123.091914"></rtept><rtept lat="42.287237" lon="-123.091911"></rtept><rtept lat="42.287247" lon="-123.096748"></rtept><rtept lat="42.287247" lon="-123.097179"></rtept><rtept lat="42.287256" lon="-123.101591"></rtept><rtept lat="42.287256" lon="-123.102022"></rtept><rtept lat="42.290864" lon="-123.102063"></rtept><rtept lat="42.294472" lon="-123.102104"></rtept></rte><rte><name>GENESIS</name><type>Area</type><extensions><onx:style>dot</onx:style><onx:weight>4.0</onx:weight><onx:color>rgba(255, 51, 0, 1)</onx:color></extensions><rtept lat="42.338992" lon="-123.153413"></rtept><rtept lat="42.338956" lon="-123.150954"></rtept><rtept lat="42.335338" lon="-123.150926"></rtept><rtept lat="42.331719" lon="-123.150897"></rtept><rtept lat="42.331804" lon="-123.155814"></rtept><rtept lat="42.331847" lon="-123.158273"></rtept><rtept lat="42.331890" lon="-123.160731"></rtept><rtept lat="42.333692" lon="-123.160746"></rtept><rtept lat="42.335494" lon="-123.160761"></rtept><rtept lat="42.339098" lon="-123.160790"></rtept><rtept lat="42.339062" lon="-123.158331"></rtept><rtept lat="42.339027" lon="-123.155872"></rtept><rtept lat="42.338992" lon="-123.153413"></rtept></rte><rte><name>BRISTOL SILICA 1</name><type>Area</type><extensions><onx:style>dot</onx:style><onx:weight>4.0</onx:weight><onx:color>rgba(255, 51, 0, 1)</onx:color></extensions><rtept lat="42.404136" lon="-123.096381"></rtept><rtept lat="42.404140" lon="-123.101206"></rtept><rtept lat="42.407785" lon="-123.101218"></rtept><rtept lat="42.411431" lon="-123.101228"></rtept><rtept lat="42.411443" lon="-123.096402"></rtept><rtept lat="42.411455" lon="-123.091577"></rtept><rtept lat="42.407793" lon="-123.091567"></rtept><rtept lat="42.404132" lon="-123.091557"></rtept><rtept lat="42.404136" lon="-123.096381"></rtept></rte><rte><name>SILICA 1</name><type>Area</type><extensions><onx:style>dot</onx:style><onx:weight>4.0</onx:weight><onx:color>rgba(255, 51, 0, 1)</onx:color></extensions><rtept lat="42.404136" lon="-123.096381"></rtept><rtept lat="42.404140" lon="-123.101206"></rtept><rtept lat="42.407785" lon="-123.101218"></rtept><rtept lat="42.411431" lon="-123.101228"></rtept><rtept lat="42.411443" lon="-123.096402"></rtept><rtept lat="42.411455" lon="-123.091577"></rtept><rtept lat="42.407793" lon="-123.091567"></rtept><rtept lat="42.404132" lon="-123.091557"></rtept><rtept lat="42.404136" lon="-123.096381"></rtept></rte><rte><name>F B J 1 ON145079</name><type>Area</type><extensions><onx:style>dot</onx:style><onx:weight>4.0</onx:weight><onx:color>rgba(255, 51, 0, 1)</onx:color></extensions><rtept lat="42.339090" lon="-123.229607"></rtept><rtept lat="42.342775" lon="-123.229540"></rtept><rtept lat="42.346459" lon="-123.229474"></rtept><rtept lat="42.346608" lon="-123.224181"></rtept><rtept lat="42.346747" lon="-123.219242"></rtept><rtept lat="42.344864" lon="-123.219261"></rtept><rtept lat="42.342981" lon="-123.219279"></rtept><rtept lat="42.339215" lon="-123.219317"></rtept><rtept lat="42.339185" lon="-123.221812"></rtept><rtept lat="42.339155" lon="-123.224307"></rtept><rtept lat="42.339124" lon="-123.226803"></rtept><rtept lat="42.339120" lon="-123.227169"></rtept><rtept lat="42.339090" lon="-123.229607"></rtept></rte><rte><name>TRACY SUE</name><type>Area</type><extensions><onx:style>dot</onx:style><onx:weight>4.0</onx:weight><onx:color>rgba(255, 51, 0, 1)</onx:color></extensions><rtept lat="42.250951" lon="-123.062975"></rtept><rtept lat="42.250913" lon="-123.058054"></rtept><rtept lat="42.250873" lon="-123.053132"></rtept><rtept lat="42.249868" lon="-123.053139"></rtept><rtept lat="42.247219" lon="-123.053158"></rtept><rtept lat="42.243564" lon="-123.053183"></rtept><rtept lat="42.243596" lon="-123.058110"></rtept><rtept lat="42.243604" lon="-123.059342"></rtept><rtept lat="42.243612" lon="-123.060574"></rtept><rtept lat="42.243620" lon="-123.061805"></rtept><rtept lat="42.243628" lon="-123.063037"></rtept><rtept lat="42.244543" lon="-123.063029"></rtept><rtept lat="42.245459" lon="-123.063022"></rtept><rtept lat="42.246374" lon="-123.063014"></rtept><rtept lat="42.247290" lon="-123.063006"></rtept><rtept lat="42.250951" lon="-123.062975"></rtept></rte><rte><name>BIRD ASSOCIATION 2</name><type>Area</type><extensions><onx:style>dot</onx:style><onx:weight>4.0</onx:weight><onx:color>rgba(255, 51, 0, 1)</onx:color></extensions><rtept lat="42.600832" lon="-123.607437"></rtept><rtept lat="42.600834" lon="-123.602642"></rtept><rtept lat="42.597218" lon="-123.602645"></rtept><rtept lat="42.593602" lon="-123.602647"></rtept><rtept lat="42.593609" lon="-123.606120"></rtept><rtept lat="42.593611" lon="-123.607543"></rtept><rtept lat="42.593617" lon="-123.610407"></rtept><rtept lat="42.593621" lon="-123.612438"></rtept><rtept lat="42.593621" lon="-123.612553"></rtept><rtept lat="42.593621" lon="-123.614701"></rtept><rtept lat="42.593620" lon="-123.617324"></rtept><rtept lat="42.593619" lon="-123.622209"></rtept><rtept lat="42.597223" lon="-123.622187"></rtept><rtept lat="42.600828" lon="-123.622165"></rtept><rtept lat="42.600830" lon="-123.617198"></rtept><rtept lat="42.600831" lon="-123.612231"></rtept><rtept lat="42.600832" lon="-123.607437"></rtept></rte><rte><name>STARLIGHT 7</name><type>Area</type><extensions><onx:style>dot</onx:style><onx:weight>4.0</onx:weight><onx:color>rgba(255, 51, 0, 1)</onx:color></extensions><rtept lat="42.249692" lon="-123.641667"></rtept><rtept lat="42.249704" lon="-123.646540"></rtept><rtept lat="42.249713" lon="-123.650000"></rtept><rtept lat="42.257039" lon="-123.650000"></rtept><rtept lat="42.257037" lon="-123.646563"></rtept><rtept lat="42.257033" lon="-123.641677"></rtept><rtept lat="42.253488" lon="-123.641672"></rtept><rtept lat="42.253362" lon="-123.641672"></rtept><rtept lat="42.249848" lon="-123.641667"></rtept><rtept lat="42.249777" lon="-123.641667"></rtept><rtept lat="42.249692" lon="-123.641667"></rtept></rte><rte><name>STARLIGHT 8</name><type>Area</type><extensions><onx:style>dot</onx:style><onx:weight>4.0</onx:weight><onx:color>rgba(255, 51, 0, 1)</onx:color></extensions><rtept lat="42.242446" lon="-123.650000"></rtept><rtept lat="42.249713" lon="-123.650000"></rtept><rtept lat="42.249704" lon="-123.646540"></rtept><rtept lat="42.249692" lon="-123.641667"></rtept><rtept lat="42.246108" lon="-123.641674"></rtept><rtept lat="42.246065" lon="-123.641674"></rtept><rtept lat="42.242439" lon="-123.641680"></rtept><rtept lat="42.242443" lon="-123.646528"></rtept><rtept lat="42.242445" lon="-123.648953"></rtept><rtept lat="42.242446" lon="-123.650000"></rtept></rte><rte><name>KEELER GOLD</name><type>Area</type><extensions><onx:style>dot</onx:style><onx:weight>4.0</onx:weight><onx:color>rgba(255, 51, 0, 1)</onx:color></extensions><rtept lat="42.229796" lon="-123.141256"></rtept><rtept lat="42.229829" lon="-123.136259"></rtept><rtept lat="42.229862" lon="-123.131261"></rtept><rtept lat="42.225979" lon="-123.131347"></rtept><rtept lat="42.222101" lon="-123.131431"></rtept><rtept lat="42.222149" lon="-123.136400"></rtept><rtept lat="42.222196" lon="-123.141368"></rtept><rtept lat="42.225996" lon="-123.141312"></rtept><rtept lat="42.229796" lon="-123.141256"></rtept></rte><rte><name>JUMPOFF JOE</name><type>Area</type><extensions><onx:style>dot</onx:style><onx:weight>4.0</onx:weight><onx:color>rgba(255, 51, 0, 1)</onx:color></extensions><rtept lat="42.520554" lon="-123.460133"></rtept><rtept lat="42.520553" lon="-123.455248"></rtept><rtept lat="42.516914" lon="-123.455243"></rtept><rtept lat="42.513270" lon="-123.455237"></rtept><rtept lat="42.513271" lon="-123.460099"></rtept><rtept lat="42.513272" lon="-123.464970"></rtept><rtept lat="42.516914" lon="-123.464988"></rtept><rtept lat="42.520556" lon="-123.465005"></rtept><rtept lat="42.520554" lon="-123.460133"></rtept></rte><rte><name>HERE I IS</name><type>Area</type><extensions><onx:style>dot</onx:style><onx:weight>4.0</onx:weight><onx:color>rgba(255, 51, 0, 1)</onx:color></extensions><rtept lat="42.502223" lon="-123.322814"></rtept><rtept lat="42.504056" lon="-123.322786"></rtept><rtept lat="42.505888" lon="-123.322757"></rtept><rtept lat="42.505911" lon="-123.320331"></rtept><rtept lat="42.505923" lon="-123.319117"></rtept><rtept lat="42.504085" lon="-123.319139"></rtept><rtept lat="42.502246" lon="-123.319162"></rtept><rtept lat="42.502239" lon="-123.320379"></rtept><rtept lat="42.502223" lon="-123.322814"></rtept></rte><rte><name>TROUT HOLE</name><type>Area</type><extensions><onx:style>dot</onx:style><onx:weight>4.0</onx:weight><onx:color>rgba(255, 51, 0, 1)</onx:color></extensions><rtept lat="42.650072" lon="-123.234484"></rtept><rtept lat="42.648246" lon="-123.234491"></rtept><rtept lat="42.648253" lon="-123.236969"></rtept><rtept lat="42.648260" lon="-123.239447"></rtept><rtept lat="42.650099" lon="-123.239433"></rtept><rtept lat="42.650085" lon="-123.236958"></rtept><rtept lat="42.650072" lon="-123.234484"></rtept></rte><rte><name>GRANDPAS DREAM</name><type>Area</type><extensions><onx:style>dot</onx:style><onx:weight>4.0</onx:weight><onx:color>rgba(255, 51, 0, 1)</onx:color></extensions><rtept lat="42.648115" lon="-123.239558"></rtept><rtept lat="42.646296" lon="-123.239629"></rtept><rtept lat="42.646276" lon="-123.242069"></rtept><rtept lat="42.646256" lon="-123.244509"></rtept><rtept lat="42.646237" lon="-123.246949"></rtept><rtept lat="42.646219" lon="-123.249390"></rtept><rtept lat="42.648037" lon="-123.249362"></rtept><rtept lat="42.648055" lon="-123.246910"></rtept><rtept lat="42.648073" lon="-123.244459"></rtept><rtept lat="42.648094" lon="-123.242008"></rtept><rtept lat="42.648115" lon="-123.239558"></rtept></rte><rte><name>CLEOPATRA</name><type>Area</type><extensions><onx:style>dot</onx:style><onx:weight>4.0</onx:weight><onx:color>rgba(255, 51, 0, 1)</onx:color></extensions><rtept lat="42.167028" lon="-123.268854"></rtept><rtept lat="42.170650" lon="-123.268827"></rtept><rtept lat="42.170632" lon="-123.263915"></rtept><rtept lat="42.170614" lon="-123.259002"></rtept><rtept lat="42.167008" lon="-123.258986"></rtept><rtept lat="42.163401" lon="-123.258969"></rtept><rtept lat="42.163403" lon="-123.263925"></rtept><rtept lat="42.163406" lon="-123.268881"></rtept><rtept lat="42.167028" lon="-123.268854"></rtept></rte><rte><name>HUCK FINN</name><type>Area</type><extensions><onx:style>dot</onx:style><onx:weight>4.0</onx:weight><onx:color>rgba(255, 51, 0, 1)</onx:color></extensions><rtept lat="42.159786" lon="-123.268882"></rtept><rtept lat="42.163406" lon="-123.268881"></rtept><rtept lat="42.163403" lon="-123.263925"></rtept><rtept lat="42.163401" lon="-123.258969"></rtept><rtept lat="42.159784" lon="-123.258953"></rtept><rtept lat="42.156166" lon="-123.258937"></rtept><rtept lat="42.156166" lon="-123.263910"></rtept><rtept lat="42.156165" lon="-123.268883"></rtept><rtept lat="42.159786" lon="-123.268882"></rtept></rte><rte><name>JOHNS BONANZA</name><type>Area</type><extensions><onx:style>dot</onx:style><onx:weight>4.0</onx:weight><onx:color>rgba(255, 51, 0, 1)</onx:color></extensions><rtept lat="42.199794" lon="-122.949042"></rtept><rtept lat="42.199777" lon="-122.951504"></rtept><rtept lat="42.199761" lon="-122.953966"></rtept><rtept lat="42.203415" lon="-122.953890"></rtept><rtept lat="42.205242" lon="-122.953851"></rtept><rtept lat="42.207069" lon="-122.953813"></rtept><rtept lat="42.210742" lon="-122.953803"></rtept><rtept lat="42.212654" lon="-122.953797"></rtept><rtept lat="42.214566" lon="-122.953792"></rtept><rtept lat="42.214584" lon="-122.951313"></rtept><rtept lat="42.214601" lon="-122.948835"></rtept><rtept lat="42.214619" lon="-122.946357"></rtept><rtept lat="42.214636" lon="-122.943879"></rtept><rtept lat="42.212698" lon="-122.943910"></rtept><rtept lat="42.210827" lon="-122.943941"></rtept><rtept lat="42.207151" lon="-122.944000"></rtept><rtept lat="42.205320" lon="-122.944030"></rtept><rtept lat="42.203489" lon="-122.944060"></rtept><rtept lat="42.199827" lon="-122.944119"></rtept><rtept lat="42.199794" lon="-122.949042"></rtept></rte><rte><name>MILLER JACKPOT</name><type>Area</type><extensions><onx:style>dot</onx:style><onx:weight>4.0</onx:weight><onx:color>rgba(255, 51, 0, 1)</onx:color></extensions><rtept lat="42.229054" lon="-122.953943"></rtept><rtept lat="42.229095" lon="-122.949011"></rtept><rtept lat="42.229099" lon="-122.948514"></rtept><rtept lat="42.229114" lon="-122.946297"></rtept><rtept lat="42.229130" lon="-122.944077"></rtept><rtept lat="42.225497" lon="-122.944028"></rtept><rtept lat="42.221865" lon="-122.943978"></rtept><rtept lat="42.221842" lon="-122.948903"></rtept><rtept lat="42.221819" lon="-122.953831"></rtept><rtept lat="42.225437" lon="-122.953887"></rtept><rtept lat="42.229054" lon="-122.953943"></rtept></rte><rte><name>R &amp; R</name><type>Area</type><extensions><onx:style>dot</onx:style><onx:weight>4.0</onx:weight><onx:color>rgba(255, 51, 0, 1)</onx:color></extensions><rtept lat="42.677394" lon="-123.210435"></rtept><rtept lat="42.681017" lon="-123.210441"></rtept><rtept lat="42.681035" lon="-123.205537"></rtept><rtept lat="42.681054" lon="-123.200633"></rtept><rtept lat="42.677430" lon="-123.200607"></rtept><rtept lat="42.673806" lon="-123.200580"></rtept><rtept lat="42.673789" lon="-123.205505"></rtept><rtept lat="42.673781" lon="-123.207967"></rtept><rtept lat="42.673772" lon="-123.210430"></rtept><rtept lat="42.677394" lon="-123.210435"></rtept></rte><rte><name>BABES BONANZA</name><type>Area</type><extensions><onx:style>dot</onx:style><onx:weight>4.0</onx:weight><onx:color>rgba(255, 51, 0, 1)</onx:color></extensions><rtept lat="42.221819" lon="-122.953831"></rtept><rtept lat="42.225437" lon="-122.953887"></rtept><rtept lat="42.229054" lon="-122.953943"></rtept><rtept lat="42.229095" lon="-122.949011"></rtept><rtept lat="42.229099" lon="-122.948514"></rtept><rtept lat="42.229114" lon="-122.946297"></rtept><rtept lat="42.229130" lon="-122.944077"></rtept><rtept lat="42.225497" lon="-122.944028"></rtept><rtept lat="42.221865" lon="-122.943978"></rtept><rtept lat="42.218252" lon="-122.943930"></rtept><rtept lat="42.214636" lon="-122.943879"></rtept><rtept lat="42.214619" lon="-122.946357"></rtept><rtept lat="42.214601" lon="-122.948835"></rtept><rtept lat="42.214584" lon="-122.951313"></rtept><rtept lat="42.214566" lon="-122.953792"></rtept><rtept lat="42.218192" lon="-122.953811"></rtept><rtept lat="42.221819" lon="-122.953831"></rtept></rte><rte><name>OAKIE BAR</name><type>Area</type><extensions><onx:style>dot</onx:style><onx:weight>4.0</onx:weight><onx:color>rgba(255, 51, 0, 1)</onx:color></extensions><rtept lat="42.644351" lon="-123.553654"></rtept><rtept lat="42.648156" lon="-123.553500"></rtept><rtept lat="42.652202" lon="-123.553336"></rtept><rtept lat="42.652197" lon="-123.552119"></rtept><rtept lat="42.652193" lon="-123.550902"></rtept><rtept lat="42.652184" lon="-123.548468"></rtept><rtept lat="42.652167" lon="-123.543601"></rtept><rtept lat="42.648227" lon="-123.543862"></rtept><rtept lat="42.646345" lon="-123.543983"></rtept><rtept lat="42.644463" lon="-123.544104"></rtept><rtept lat="42.644407" lon="-123.548879"></rtept><rtept lat="42.644351" lon="-123.553654"></rtept></rte><rte><name>POLLYANNA III</name><type>Area</type><extensions><onx:style>dot</onx:style><onx:weight>4.0</onx:weight><onx:color>rgba(255, 51, 0, 1)</onx:color></extensions><rtept lat="42.607646" lon="-123.039564"></rtept><rtept lat="42.607597" lon="-123.044341"></rtept><rtept lat="42.611195" lon="-123.044349"></rtept><rtept lat="42.614793" lon="-123.044358"></rtept><rtept lat="42.618471" lon="-123.044366"></rtept><rtept lat="42.622149" lon="-123.044374"></rtept><rtept lat="42.622120" lon="-123.039463"></rtept><rtept lat="42.622091" lon="-123.034552"></rtept><rtept lat="42.618491" lon="-123.034611"></rtept><rtept lat="42.614891" lon="-123.034669"></rtept><rtept lat="42.611293" lon="-123.034728"></rtept><rtept lat="42.607695" lon="-123.034787"></rtept><rtept lat="42.607646" lon="-123.039564"></rtept></rte><rte><name>5 MINERS</name><type>Area</type><extensions><onx:style>dot</onx:style><onx:weight>4.0</onx:weight><onx:color>rgba(255, 51, 0, 1)</onx:color></extensions><rtept lat="42.651972" lon="-123.485011"></rtept><rtept lat="42.651965" lon="-123.480158"></rtept><rtept lat="42.651974" lon="-123.475271"></rtept><rtept lat="42.651936" lon="-123.470303"></rtept><rtept lat="42.651897" lon="-123.465336"></rtept><rtept lat="42.650976" lon="-123.465342"></rtept><rtept lat="42.650929" lon="-123.465342"></rtept><rtept lat="42.650055" lon="-123.465347"></rtept><rtept lat="42.648213" lon="-123.465358"></rtept><rtept lat="42.644529" lon="-123.465372"></rtept><rtept lat="42.644515" lon="-123.467857"></rtept><rtept lat="42.644501" lon="-123.470342"></rtept><rtept lat="42.644481" lon="-123.475258"></rtept><rtept lat="42.644454" lon="-123.480141"></rtept><rtept lat="42.644428" lon="-123.485024"></rtept><rtept lat="42.648117" lon="-123.485034"></rtept><rtept lat="42.651972" lon="-123.485011"></rtept></rte><rte><name>BLUE BEAR</name><type>Area</type><extensions><onx:style>dot</onx:style><onx:weight>4.0</onx:weight><onx:color>rgba(255, 51, 0, 1)</onx:color></extensions><rtept lat="42.691964" lon="-123.629410"></rtept><rtept lat="42.693784" lon="-123.629410"></rtept><rtept lat="42.695604" lon="-123.629410"></rtept><rtept lat="42.695604" lon="-123.626946"></rtept><rtept lat="42.695604" lon="-123.624483"></rtept><rtept lat="42.693784" lon="-123.624484"></rtept><rtept lat="42.691964" lon="-123.624485"></rtept><rtept lat="42.691964" lon="-123.626947"></rtept><rtept lat="42.690145" lon="-123.626948"></rtept><rtept lat="42.690144" lon="-123.629410"></rtept><rtept lat="42.690144" lon="-123.631871"></rtept><rtept lat="42.691964" lon="-123.631872"></rtept><rtept lat="42.691964" lon="-123.629410"></rtept></rte><rte><name>LUCKY STRIKE</name><type>Area</type><extensions><onx:style>dot</onx:style><onx:weight>4.0</onx:weight><onx:color>rgba(255, 51, 0, 1)</onx:color></extensions><rtept lat="42.699228" lon="-123.622012"></rtept><rtept lat="42.700000" lon="-123.622011"></rtept><rtept lat="42.700000" lon="-123.612200"></rtept><rtept lat="42.699250" lon="-123.612201"></rtept><rtept lat="42.695630" lon="-123.612205"></rtept><rtept lat="42.695617" lon="-123.617112"></rtept><rtept lat="42.695604" lon="-123.622020"></rtept><rtept lat="42.697416" lon="-123.622016"></rtept><rtept lat="42.699228" lon="-123.622012"></rtept></rte><rte><name>MOON HOUSE</name><type>Area</type><extensions><onx:style>dot</onx:style><onx:weight>4.0</onx:weight><onx:color>rgba(255, 51, 0, 1)</onx:color></extensions><rtept lat="42.691964" lon="-123.631872"></rtept><rtept lat="42.695605" lon="-123.631873"></rtept><rtept lat="42.699227" lon="-123.631870"></rtept><rtept lat="42.700000" lon="-123.631869"></rtept><rtept lat="42.700000" lon="-123.622011"></rtept><rtept lat="42.699228" lon="-123.622012"></rtept><rtept lat="42.697416" lon="-123.622016"></rtept><rtept lat="42.695604" lon="-123.622020"></rtept><rtept lat="42.691964" lon="-123.622023"></rtept><rtept lat="42.688325" lon="-123.622026"></rtept><rtept lat="42.688325" lon="-123.626948"></rtept><rtept lat="42.688324" lon="-123.631871"></rtept><rtept lat="42.691964" lon="-123.631872"></rtept></rte><rte><name>GRAVE CREEK 5</name><type>Area</type><extensions><onx:style>dot</onx:style><onx:weight>4.0</onx:weight><onx:color>rgba(255, 51, 0, 1)</onx:color></extensions><rtept lat="42.651972" lon="-123.485011"></rtept><rtept lat="42.651965" lon="-123.480158"></rtept><rtept lat="42.651974" lon="-123.475271"></rtept><rtept lat="42.651936" lon="-123.470303"></rtept><rtept lat="42.651897" lon="-123.465336"></rtept><rtept lat="42.650976" lon="-123.465342"></rtept><rtept lat="42.650929" lon="-123.465342"></rtept><rtept lat="42.650055" lon="-123.465347"></rtept><rtept lat="42.648213" lon="-123.465358"></rtept><rtept lat="42.644529" lon="-123.465372"></rtept><rtept lat="42.644515" lon="-123.467857"></rtept><rtept lat="42.644501" lon="-123.470342"></rtept><rtept lat="42.644481" lon="-123.475258"></rtept><rtept lat="42.644454" lon="-123.480141"></rtept><rtept lat="42.644428" lon="-123.485024"></rtept><rtept lat="42.648117" lon="-123.485034"></rtept><rtept lat="42.651972" lon="-123.485011"></rtept></rte><rte><name>ANABELS PMC</name><type>Area</type><extensions><onx:style>dot</onx:style><onx:weight>4.0</onx:weight><onx:color>rgba(255, 51, 0, 1)</onx:color></extensions><rtept lat="42.210682" lon="-123.043301"></rtept><rtept lat="42.214436" lon="-123.043267"></rtept><rtept lat="42.214410" lon="-123.038390"></rtept><rtept lat="42.214384" lon="-123.033513"></rtept><rtept lat="42.210652" lon="-123.033552"></rtept><rtept lat="42.206993" lon="-123.033590"></rtept><rtept lat="42.207003" lon="-123.038461"></rtept><rtept lat="42.207012" lon="-123.043333"></rtept><rtept lat="42.210682" lon="-123.043301"></rtept></rte><rte><name>LEFT FORK SARDINE</name><type>Area</type><extensions><onx:style>dot</onx:style><onx:weight>4.0</onx:weight><onx:color>rgba(255, 51, 0, 1)</onx:color></extensions><rtept lat="42.520166" lon="-123.090055"></rtept><rtept lat="42.520109" lon="-123.087613"></rtept><rtept lat="42.520000" lon="-123.082716"></rtept><rtept lat="42.516448" lon="-123.082684"></rtept><rtept lat="42.512895" lon="-123.082651"></rtept><rtept lat="42.512944" lon="-123.087591"></rtept><rtept lat="42.512993" lon="-123.092530"></rtept><rtept lat="42.512947" lon="-123.097385"></rtept><rtept lat="42.512902" lon="-123.102239"></rtept><rtept lat="42.516522" lon="-123.102239"></rtept><rtept lat="42.518333" lon="-123.102239"></rtept><rtept lat="42.520143" lon="-123.102239"></rtept><rtept lat="42.520163" lon="-123.099803"></rtept><rtept lat="42.520183" lon="-123.097368"></rtept><rtept lat="42.520222" lon="-123.092497"></rtept><rtept lat="42.520166" lon="-123.090055"></rtept></rte><rte><name>LOG CABIN FEVER 1A</name><type>Area</type><extensions><onx:style>dot</onx:style><onx:weight>4.0</onx:weight><onx:color>rgba(255, 51, 0, 1)</onx:color></extensions><rtept lat="42.680185" lon="-123.338874"></rtept><rtept lat="42.681246" lon="-123.338883"></rtept><rtept lat="42.681274" lon="-123.335449"></rtept><rtept lat="42.681276" lon="-123.333953"></rtept><rtept lat="42.681276" lon="-123.332860"></rtept><rtept lat="42.681277" lon="-123.331710"></rtept><rtept lat="42.681278" lon="-123.330753"></rtept><rtept lat="42.681278" lon="-123.330551"></rtept><rtept lat="42.681279" lon="-123.329161"></rtept><rtept lat="42.681279" lon="-123.329023"></rtept><rtept lat="42.681183" lon="-123.329024"></rtept><rtept lat="42.680981" lon="-123.329024"></rtept><rtept lat="42.680753" lon="-123.329024"></rtept><rtept lat="42.679645" lon="-123.329026"></rtept><rtept lat="42.677637" lon="-123.329032"></rtept><rtept lat="42.676349" lon="-123.329036"></rtept><rtept lat="42.673994" lon="-123.329043"></rtept><rtept lat="42.673967" lon="-123.333934"></rtept><rtept lat="42.673940" lon="-123.338826"></rtept><rtept lat="42.677593" lon="-123.338854"></rtept><rtept lat="42.680185" lon="-123.338874"></rtept></rte><rte><name>LOG CABIN FEVER 2</name><type>Area</type><extensions><onx:style>dot</onx:style><onx:weight>4.0</onx:weight><onx:color>rgba(255, 51, 0, 1)</onx:color></extensions><rtept lat="42.680185" lon="-123.338874"></rtept><rtept lat="42.681246" lon="-123.338883"></rtept><rtept lat="42.681218" lon="-123.341304"></rtept><rtept lat="42.681200" lon="-123.342841"></rtept><rtept lat="42.681189" lon="-123.343767"></rtept><rtept lat="42.681150" lon="-123.347115"></rtept><rtept lat="42.682987" lon="-123.347123"></rtept><rtept lat="42.683088" lon="-123.347124"></rtept><rtept lat="42.684207" lon="-123.347129"></rtept><rtept lat="42.684825" lon="-123.347132"></rtept><rtept lat="42.688501" lon="-123.347148"></rtept><rtept lat="42.688509" lon="-123.343703"></rtept><rtept lat="42.688520" lon="-123.338764"></rtept><rtept lat="42.688531" lon="-123.333893"></rtept><rtept lat="42.688543" lon="-123.329021"></rtept><rtept lat="42.684911" lon="-123.329022"></rtept><rtept lat="42.682598" lon="-123.329023"></rtept><rtept lat="42.681409" lon="-123.329023"></rtept><rtept lat="42.681279" lon="-123.329023"></rtept><rtept lat="42.681183" lon="-123.329024"></rtept><rtept lat="42.680981" lon="-123.329024"></rtept><rtept lat="42.680753" lon="-123.329024"></rtept><rtept lat="42.679645" lon="-123.329026"></rtept><rtept lat="42.677637" lon="-123.329032"></rtept><rtept lat="42.676349" lon="-123.329036"></rtept><rtept lat="42.673994" lon="-123.329043"></rtept><rtept lat="42.673967" lon="-123.333934"></rtept><rtept lat="42.673940" lon="-123.338826"></rtept><rtept lat="42.677593" lon="-123.338854"></rtept><rtept lat="42.680185" lon="-123.338874"></rtept></rte><rte><name>WOLF STAR</name><type>Area</type><extensions><onx:style>dot</onx:style><onx:weight>4.0</onx:weight><onx:color>rgba(255, 51, 0, 1)</onx:color></extensions><rtept lat="42.655738" lon="-123.543544"></rtept><rtept lat="42.655761" lon="-123.545997"></rtept><rtept lat="42.655783" lon="-123.548450"></rtept><rtept lat="42.657583" lon="-123.548440"></rtept><rtept lat="42.659382" lon="-123.548431"></rtept><rtept lat="42.659346" lon="-123.545959"></rtept><rtept lat="42.659310" lon="-123.543488"></rtept><rtept lat="42.657524" lon="-123.543516"></rtept><rtept lat="42.655738" lon="-123.543544"></rtept></rte><rte><name>WARD CAJ</name><type>Area</type><extensions><onx:style>dot</onx:style><onx:weight>4.0</onx:weight><onx:color>rgba(255, 51, 0, 1)</onx:color></extensions><rtept lat="42.476568" lon="-123.121601"></rtept><rtept lat="42.476564" lon="-123.116723"></rtept><rtept lat="42.476560" lon="-123.111844"></rtept><rtept lat="42.472906" lon="-123.111845"></rtept><rtept lat="42.469252" lon="-123.111846"></rtept><rtept lat="42.469294" lon="-123.116679"></rtept><rtept lat="42.469336" lon="-123.121512"></rtept><rtept lat="42.472961" lon="-123.121557"></rtept><rtept lat="42.476568" lon="-123.121601"></rtept></rte><rte><name>GOLDEN GRACE</name><type>Area</type><extensions><onx:style>dot</onx:style><onx:weight>4.0</onx:weight><onx:color>rgba(255, 51, 0, 1)</onx:color></extensions><rtept lat="42.229054" lon="-122.953943"></rtept><rtept lat="42.229095" lon="-122.949011"></rtept><rtept lat="42.229099" lon="-122.948514"></rtept><rtept lat="42.229114" lon="-122.946297"></rtept><rtept lat="42.229130" lon="-122.944077"></rtept><rtept lat="42.225497" lon="-122.944028"></rtept><rtept lat="42.221865" lon="-122.943978"></rtept><rtept lat="42.221842" lon="-122.948903"></rtept><rtept lat="42.221819" lon="-122.953831"></rtept><rtept lat="42.221780" lon="-122.958803"></rtept><rtept lat="42.221740" lon="-122.963775"></rtept><rtept lat="42.225372" lon="-122.963812"></rtept><rtept lat="42.229004" lon="-122.963850"></rtept><rtept lat="42.229029" lon="-122.958897"></rtept><rtept lat="42.229054" lon="-122.953943"></rtept></rte><rte><name>GORGEOUS WOMAN</name><type>Area</type><extensions><onx:style>dot</onx:style><onx:weight>4.0</onx:weight><onx:color>rgba(255, 51, 0, 1)</onx:color></extensions><rtept lat="42.666688" lon="-123.582749"></rtept><rtept lat="42.670200" lon="-123.582754"></rtept><rtept lat="42.670283" lon="-123.582754"></rtept><rtept lat="42.673795" lon="-123.582759"></rtept><rtept lat="42.673877" lon="-123.582759"></rtept><rtept lat="42.677389" lon="-123.582772"></rtept><rtept lat="42.677400" lon="-123.582772"></rtept><rtept lat="42.677410" lon="-123.582772"></rtept><rtept lat="42.680942" lon="-123.582786"></rtept><rtept lat="42.680926" lon="-123.577814"></rtept><rtept lat="42.680910" lon="-123.572874"></rtept><rtept lat="42.677359" lon="-123.572906"></rtept><rtept lat="42.673808" lon="-123.572937"></rtept><rtept lat="42.670244" lon="-123.572969"></rtept><rtept lat="42.666679" lon="-123.573001"></rtept><rtept lat="42.666683" lon="-123.577899"></rtept><rtept lat="42.666688" lon="-123.582749"></rtept></rte><rte><name>DIXIE GOLD</name><type>Area</type><extensions><onx:style>dot</onx:style><onx:weight>4.0</onx:weight><onx:color>rgba(255, 51, 0, 1)</onx:color></extensions><rtept lat="42.571495" lon="-123.220263"></rtept><rtept lat="42.571508" lon="-123.215342"></rtept><rtept lat="42.571521" lon="-123.210420"></rtept><rtept lat="42.571549" lon="-123.205478"></rtept><rtept lat="42.571578" lon="-123.200536"></rtept><rtept lat="42.567921" lon="-123.200566"></rtept><rtept lat="42.564265" lon="-123.200596"></rtept><rtept lat="42.564270" lon="-123.205506"></rtept><rtept lat="42.564276" lon="-123.210415"></rtept><rtept lat="42.564262" lon="-123.215349"></rtept><rtept lat="42.564248" lon="-123.220283"></rtept><rtept lat="42.567871" lon="-123.220273"></rtept><rtept lat="42.571495" lon="-123.220263"></rtept></rte><rte><name>SOUTH STAR</name><type>Area</type><extensions><onx:style>dot</onx:style><onx:weight>4.0</onx:weight><onx:color>rgba(255, 51, 0, 1)</onx:color></extensions><rtept lat="42.164515" lon="-123.152340"></rtept><rtept lat="42.168110" lon="-123.152346"></rtept><rtept lat="42.171705" lon="-123.152353"></rtept><rtept lat="42.175294" lon="-123.152369"></rtept><rtept lat="42.178883" lon="-123.152385"></rtept><rtept lat="42.178875" lon="-123.147549"></rtept><rtept lat="42.178867" lon="-123.142714"></rtept><rtept lat="42.175287" lon="-123.142704"></rtept><rtept lat="42.171706" lon="-123.142695"></rtept><rtept lat="42.168113" lon="-123.142690"></rtept><rtept lat="42.164520" lon="-123.142684"></rtept><rtept lat="42.164517" lon="-123.147512"></rtept><rtept lat="42.164515" lon="-123.152340"></rtept></rte><rte><name>GIBSON MINING</name><type>Area</type><extensions><onx:style>dot</onx:style><onx:weight>4.0</onx:weight><onx:color>rgba(255, 51, 0, 1)</onx:color></extensions><rtept lat="42.567841" lon="-123.269232"></rtept><rtept lat="42.571469" lon="-123.269181"></rtept><rtept lat="42.571481" lon="-123.264249"></rtept><rtept lat="42.571492" lon="-123.259318"></rtept><rtept lat="42.571494" lon="-123.254276"></rtept><rtept lat="42.571496" lon="-123.251184"></rtept><rtept lat="42.571497" lon="-123.249233"></rtept><rtept lat="42.567883" lon="-123.249141"></rtept><rtept lat="42.564269" lon="-123.249049"></rtept><rtept lat="42.564259" lon="-123.251184"></rtept><rtept lat="42.564247" lon="-123.253939"></rtept><rtept lat="42.564246" lon="-123.254107"></rtept><rtept lat="42.564224" lon="-123.258828"></rtept><rtept lat="42.564222" lon="-123.259165"></rtept><rtept lat="42.564218" lon="-123.263760"></rtept><rtept lat="42.564217" lon="-123.264225"></rtept><rtept lat="42.564213" lon="-123.269284"></rtept><rtept lat="42.567841" lon="-123.269232"></rtept></rte><rte><name>APPHIA POPPYSEED</name><type>Area</type><extensions><onx:style>dot</onx:style><onx:weight>4.0</onx:weight><onx:color>rgba(255, 51, 0, 1)</onx:color></extensions><rtept lat="42.640805" lon="-123.504644"></rtept><rtept lat="42.642648" lon="-123.504610"></rtept><rtept lat="42.643203" lon="-123.504601"></rtept><rtept lat="42.644287" lon="-123.504584"></rtept><rtept lat="42.644493" lon="-123.504580"></rtept><rtept lat="42.644481" lon="-123.499729"></rtept><rtept lat="42.644468" lon="-123.494877"></rtept><rtept lat="42.640760" lon="-123.494931"></rtept><rtept lat="42.637052" lon="-123.494985"></rtept><rtept lat="42.637086" lon="-123.499850"></rtept><rtept lat="42.637095" lon="-123.501192"></rtept><rtept lat="42.637119" lon="-123.504715"></rtept><rtept lat="42.640805" lon="-123.504644"></rtept></rte><rte><name>JANICE ELLA 1</name><type>Area</type><extensions><onx:style>dot</onx:style><onx:weight>4.0</onx:weight><onx:color>rgba(255, 51, 0, 1)</onx:color></extensions><rtept lat="42.644599" lon="-123.514283"></rtept><rtept lat="42.645510" lon="-123.514275"></rtept><rtept lat="42.646422" lon="-123.514267"></rtept><rtept lat="42.647334" lon="-123.514260"></rtept><rtept lat="42.648245" lon="-123.514252"></rtept><rtept lat="42.652093" lon="-123.514219"></rtept><rtept lat="42.652074" lon="-123.509331"></rtept><rtept lat="42.652055" lon="-123.504443"></rtept><rtept lat="42.648182" lon="-123.504513"></rtept><rtept lat="42.646337" lon="-123.504547"></rtept><rtept lat="42.644493" lon="-123.504580"></rtept><rtept lat="42.644506" lon="-123.505793"></rtept><rtept lat="42.644519" lon="-123.507006"></rtept><rtept lat="42.644546" lon="-123.509432"></rtept><rtept lat="42.644572" lon="-123.511857"></rtept><rtept lat="42.644599" lon="-123.514283"></rtept></rte><rte><name>JANICE ELLA 2</name><type>Area</type><extensions><onx:style>dot</onx:style><onx:weight>4.0</onx:weight><onx:color>rgba(255, 51, 0, 1)</onx:color></extensions><rtept lat="42.642765" lon="-123.514299"></rtept><rtept lat="42.644599" lon="-123.514283"></rtept><rtept lat="42.644572" lon="-123.511857"></rtept><rtept lat="42.644546" lon="-123.509432"></rtept><rtept lat="42.644519" lon="-123.507006"></rtept><rtept lat="42.644506" lon="-123.505793"></rtept><rtept lat="42.644493" lon="-123.504580"></rtept><rtept lat="42.644287" lon="-123.504584"></rtept><rtept lat="42.643203" lon="-123.504601"></rtept><rtept lat="42.642648" lon="-123.504610"></rtept><rtept lat="42.640805" lon="-123.504644"></rtept><rtept lat="42.637119" lon="-123.504715"></rtept><rtept lat="42.637183" lon="-123.509520"></rtept><rtept lat="42.637221" lon="-123.511935"></rtept><rtept lat="42.637259" lon="-123.514349"></rtept><rtept lat="42.639099" lon="-123.514331"></rtept><rtept lat="42.640932" lon="-123.514315"></rtept><rtept lat="42.642765" lon="-123.514299"></rtept></rte><rte><name>FINDERZ KEEPERZ</name><type>Area</type><extensions><onx:style>dot</onx:style><onx:weight>4.0</onx:weight><onx:color>rgba(255, 51, 0, 1)</onx:color></extensions><rtept lat="42.484243" lon="-123.530921"></rtept><rtept lat="42.484244" lon="-123.528478"></rtept><rtept lat="42.484246" lon="-123.523592"></rtept><rtept lat="42.480590" lon="-123.523561"></rtept><rtept lat="42.476934" lon="-123.523531"></rtept><rtept lat="42.476974" lon="-123.528408"></rtept><rtept lat="42.476975" lon="-123.529035"></rtept><rtept lat="42.477007" lon="-123.533285"></rtept><rtept lat="42.477009" lon="-123.533929"></rtept><rtept lat="42.477048" lon="-123.538230"></rtept><rtept lat="42.477050" lon="-123.538823"></rtept><rtept lat="42.477090" lon="-123.543174"></rtept><rtept lat="42.480663" lon="-123.543160"></rtept><rtept lat="42.484237" lon="-123.543146"></rtept><rtept lat="42.484240" lon="-123.538255"></rtept><rtept lat="42.484241" lon="-123.535810"></rtept><rtept lat="42.484242" lon="-123.533365"></rtept><rtept lat="42.484243" lon="-123.530921"></rtept></rte><rte><name>SARDINE CA</name><type>Area</type><extensions><onx:style>dot</onx:style><onx:weight>4.0</onx:weight><onx:color>rgba(255, 51, 0, 1)</onx:color></extensions><rtept lat="42.498434" lon="-123.087536"></rtept><rtept lat="42.498451" lon="-123.090328"></rtept><rtept lat="42.498465" lon="-123.092505"></rtept><rtept lat="42.499863" lon="-123.092505"></rtept><rtept lat="42.499867" lon="-123.092505"></rtept><rtept lat="42.500174" lon="-123.092505"></rtept><rtept lat="42.501493" lon="-123.092505"></rtept><rtept lat="42.501753" lon="-123.092505"></rtept><rtept lat="42.502074" lon="-123.092505"></rtept><rtept lat="42.503411" lon="-123.092504"></rtept><rtept lat="42.505682" lon="-123.092504"></rtept><rtept lat="42.505671" lon="-123.087565"></rtept><rtept lat="42.505659" lon="-123.082626"></rtept><rtept lat="42.502031" lon="-123.082597"></rtept><rtept lat="42.500558" lon="-123.082585"></rtept><rtept lat="42.498976" lon="-123.082572"></rtept><rtept lat="42.498402" lon="-123.082567"></rtept><rtept lat="42.498418" lon="-123.085052"></rtept><rtept lat="42.498434" lon="-123.087536"></rtept></rte><rte><name>EAST EVANS ONE</name><type>Area</type><extensions><onx:style>dot</onx:style><onx:weight>4.0</onx:weight><onx:color>rgba(255, 51, 0, 1)</onx:color></extensions><rtept lat="42.607158" lon="-122.989499"></rtept><rtept lat="42.607263" lon="-122.984560"></rtept><rtept lat="42.603645" lon="-122.984548"></rtept><rtept lat="42.600027" lon="-122.984536"></rtept><rtept lat="42.599969" lon="-122.989469"></rtept><rtept lat="42.599911" lon="-122.994471"></rtept><rtept lat="42.603481" lon="-122.994543"></rtept><rtept lat="42.607051" lon="-122.994576"></rtept><rtept lat="42.607158" lon="-122.989499"></rtept></rte><rte><name>GOLDEN SHEILA</name><type>Area</type><extensions><onx:style>dot</onx:style><onx:weight>4.0</onx:weight><onx:color>rgba(255, 51, 0, 1)</onx:color></extensions><rtept lat="42.229054" lon="-122.953943"></rtept><rtept lat="42.229095" lon="-122.949011"></rtept><rtept lat="42.229099" lon="-122.948514"></rtept><rtept lat="42.229114" lon="-122.946297"></rtept><rtept lat="42.229130" lon="-122.944077"></rtept><rtept lat="42.225497" lon="-122.944028"></rtept><rtept lat="42.221865" lon="-122.943978"></rtept><rtept lat="42.221842" lon="-122.948903"></rtept><rtept lat="42.221819" lon="-122.953831"></rtept><rtept lat="42.225437" lon="-122.953887"></rtept><rtept lat="42.229054" lon="-122.953943"></rtept></rte><rte><name>YOUNGER YUKON</name><type>Area</type><extensions><onx:style>dot</onx:style><onx:weight>4.0</onx:weight><onx:color>rgba(255, 51, 0, 1)</onx:color></extensions><rtept lat="42.578983" lon="-123.622301"></rtept><rtept lat="42.579015" lon="-123.619839"></rtept><rtept lat="42.579025" lon="-123.619064"></rtept><rtept lat="42.579047" lon="-123.617377"></rtept><rtept lat="42.579054" lon="-123.616816"></rtept><rtept lat="42.579110" lon="-123.612453"></rtept><rtept lat="42.575426" lon="-123.612445"></rtept><rtept lat="42.574747" lon="-123.612443"></rtept><rtept lat="42.571793" lon="-123.612437"></rtept><rtept lat="42.571773" lon="-123.615562"></rtept><rtept lat="42.571762" lon="-123.617354"></rtept><rtept lat="42.571730" lon="-123.622271"></rtept><rtept lat="42.575357" lon="-123.622286"></rtept><rtept lat="42.578983" lon="-123.622301"></rtept></rte><rte><name>MOLONEY EXTENSION</name><type>Area</type><extensions><onx:style>dot</onx:style><onx:weight>4.0</onx:weight><onx:color>rgba(255, 51, 0, 1)</onx:color></extensions><rtept lat="42.538067" lon="-123.641748"></rtept><rtept lat="42.538659" lon="-123.641751"></rtept><rtept lat="42.542288" lon="-123.641768"></rtept><rtept lat="42.542294" lon="-123.637701"></rtept><rtept lat="42.542296" lon="-123.636856"></rtept><rtept lat="42.542300" lon="-123.634004"></rtept><rtept lat="42.542303" lon="-123.631944"></rtept><rtept lat="42.541264" lon="-123.631943"></rtept><rtept lat="42.538661" lon="-123.631940"></rtept><rtept lat="42.535020" lon="-123.631936"></rtept><rtept lat="42.535025" lon="-123.636835"></rtept><rtept lat="42.535030" lon="-123.641734"></rtept><rtept lat="42.538067" lon="-123.641748"></rtept></rte><rte><name>LAVZ</name><type>Area</type><extensions><onx:style>dot</onx:style><onx:weight>4.0</onx:weight><onx:color>rgba(255, 51, 0, 1)</onx:color></extensions><rtept lat="42.586104" lon="-123.288956"></rtept><rtept lat="42.589654" lon="-123.288903"></rtept><rtept lat="42.591429" lon="-123.288877"></rtept><rtept lat="42.593208" lon="-123.288857"></rtept><rtept lat="42.593052" lon="-123.283901"></rtept><rtept lat="42.592899" lon="-123.278951"></rtept><rtept lat="42.589469" lon="-123.278973"></rtept><rtept lat="42.586039" lon="-123.278995"></rtept><rtept lat="42.586072" lon="-123.283976"></rtept><rtept lat="42.586104" lon="-123.288956"></rtept></rte><rte><name>GOLDEN WATERS</name><type>Area</type><extensions><onx:style>dot</onx:style><onx:weight>4.0</onx:weight><onx:color>rgba(255, 51, 0, 1)</onx:color></extensions><rtept lat="42.389111" lon="-123.563090"></rtept><rtept lat="42.389110" lon="-123.563230"></rtept><rtept lat="42.392738" lon="-123.563236"></rtept><rtept lat="42.396367" lon="-123.563242"></rtept><rtept lat="42.396391" lon="-123.558361"></rtept><rtept lat="42.396414" lon="-123.553479"></rtept><rtept lat="42.392802" lon="-123.553475"></rtept><rtept lat="42.391613" lon="-123.553473"></rtept><rtept lat="42.389189" lon="-123.553470"></rtept><rtept lat="42.389183" lon="-123.554213"></rtept><rtept lat="42.389151" lon="-123.558129"></rtept><rtept lat="42.389149" lon="-123.558350"></rtept><rtept lat="42.389111" lon="-123.563090"></rtept></rte><rte><name>SQUEEZE PLAY</name><type>Area</type><extensions><onx:style>dot</onx:style><onx:weight>4.0</onx:weight><onx:color>rgba(255, 51, 0, 1)</onx:color></extensions><rtept lat="42.578849" lon="-123.306339"></rtept><rtept lat="42.578854" lon="-123.308791"></rtept><rtept lat="42.580679" lon="-123.308790"></rtept><rtept lat="42.582505" lon="-123.308788"></rtept><rtept lat="42.586156" lon="-123.308785"></rtept><rtept lat="42.586143" lon="-123.303843"></rtept><rtept lat="42.586130" lon="-123.298902"></rtept><rtept lat="42.582483" lon="-123.298943"></rtept><rtept lat="42.578835" lon="-123.298983"></rtept><rtept lat="42.578845" lon="-123.303887"></rtept><rtept lat="42.578849" lon="-123.306339"></rtept></rte><rte><name>JACK BRODY</name><type>Area</type><extensions><onx:style>dot</onx:style><onx:weight>4.0</onx:weight><onx:color>rgba(255, 51, 0, 1)</onx:color></extensions><rtept lat="42.578849" lon="-123.306339"></rtept><rtept lat="42.578854" lon="-123.308791"></rtept><rtept lat="42.580679" lon="-123.308790"></rtept><rtept lat="42.582505" lon="-123.308788"></rtept><rtept lat="42.586156" lon="-123.308785"></rtept><rtept lat="42.586143" lon="-123.303843"></rtept><rtept lat="42.586130" lon="-123.298902"></rtept><rtept lat="42.582483" lon="-123.298943"></rtept><rtept lat="42.578835" lon="-123.298983"></rtept><rtept lat="42.578845" lon="-123.303887"></rtept><rtept lat="42.578849" lon="-123.306339"></rtept></rte><rte><name>GOLDEN BOTTOM</name><type>Area</type><extensions><onx:style>dot</onx:style><onx:weight>4.0</onx:weight><onx:color>rgba(255, 51, 0, 1)</onx:color></extensions><rtept lat="42.152871" lon="-122.895025"></rtept><rtept lat="42.156275" lon="-122.894969"></rtept><rtept lat="42.156284" lon="-122.890227"></rtept><rtept lat="42.156284" lon="-122.890154"></rtept><rtept lat="42.156293" lon="-122.885363"></rtept><rtept lat="42.156292" lon="-122.885339"></rtept><rtept lat="42.156307" lon="-122.880476"></rtept><rtept lat="42.156307" lon="-122.880464"></rtept><rtept lat="42.156320" lon="-122.876163"></rtept><rtept lat="42.156321" lon="-122.875589"></rtept><rtept lat="42.152911" lon="-122.875587"></rtept><rtept lat="42.152654" lon="-122.875587"></rtept><rtept lat="42.150000" lon="-122.875586"></rtept><rtept lat="42.150000" lon="-122.895045"></rtept><rtept lat="42.152871" lon="-122.895025"></rtept></rte><rte><name>GOLD RUN 6</name><type>Area</type><extensions><onx:style>dot</onx:style><onx:weight>4.0</onx:weight><onx:color>rgba(255, 51, 0, 1)</onx:color></extensions><rtept lat="42.633591" lon="-123.298789"></rtept><rtept lat="42.634510" lon="-123.298793"></rtept><rtept lat="42.635428" lon="-123.298797"></rtept><rtept lat="42.636346" lon="-123.298801"></rtept><rtept lat="42.637265" lon="-123.298805"></rtept><rtept lat="42.637187" lon="-123.293843"></rtept><rtept lat="42.637104" lon="-123.288879"></rtept><rtept lat="42.633475" lon="-123.288855"></rtept><rtept lat="42.629835" lon="-123.288812"></rtept><rtept lat="42.629877" lon="-123.293793"></rtept><rtept lat="42.629918" lon="-123.298774"></rtept><rtept lat="42.633591" lon="-123.298789"></rtept></rte><rte><name>DEER CREEK</name><type>Area</type><extensions><onx:style>dot</onx:style><onx:weight>4.0</onx:weight><onx:color>rgba(255, 51, 0, 1)</onx:color></extensions><rtept lat="42.236248" lon="-123.435305"></rtept><rtept lat="42.239866" lon="-123.435325"></rtept><rtept lat="42.243483" lon="-123.435345"></rtept><rtept lat="42.243486" lon="-123.430496"></rtept><rtept lat="42.243488" lon="-123.428071"></rtept><rtept lat="42.243489" lon="-123.425646"></rtept><rtept lat="42.239870" lon="-123.425628"></rtept><rtept lat="42.236252" lon="-123.425610"></rtept><rtept lat="42.236250" lon="-123.430458"></rtept><rtept lat="42.236248" lon="-123.435305"></rtept></rte><rte><name>DEER CREEK 2</name><type>Area</type><extensions><onx:style>dot</onx:style><onx:weight>4.0</onx:weight><onx:color>rgba(255, 51, 0, 1)</onx:color></extensions><rtept lat="42.236248" lon="-123.435305"></rtept><rtept lat="42.239866" lon="-123.435325"></rtept><rtept lat="42.243483" lon="-123.435345"></rtept><rtept lat="42.243486" lon="-123.430496"></rtept><rtept lat="42.243488" lon="-123.428071"></rtept><rtept lat="42.243489" lon="-123.425646"></rtept><rtept lat="42.239870" lon="-123.425628"></rtept><rtept lat="42.236252" lon="-123.425610"></rtept><rtept lat="42.236250" lon="-123.430458"></rtept><rtept lat="42.236248" lon="-123.435305"></rtept></rte><rte><name>SEXTON PLACER MINE</name><type>Area</type><extensions><onx:style>dot</onx:style><onx:weight>4.0</onx:weight><onx:color>rgba(255, 51, 0, 1)</onx:color></extensions><rtept lat="42.600724" lon="-123.234520"></rtept><rtept lat="42.600714" lon="-123.229567"></rtept><rtept lat="42.597041" lon="-123.229555"></rtept><rtept lat="42.593368" lon="-123.229544"></rtept><rtept lat="42.593357" lon="-123.234555"></rtept><rtept lat="42.593337" lon="-123.239524"></rtept><rtept lat="42.597031" lon="-123.239477"></rtept><rtept lat="42.600725" lon="-123.239429"></rtept><rtept lat="42.600724" lon="-123.234520"></rtept></rte><rte><name>J AND J GLORY HOLE</name><type>Area</type><extensions><onx:style>dot</onx:style><onx:weight>4.0</onx:weight><onx:color>rgba(255, 51, 0, 1)</onx:color></extensions><rtept lat="42.575148" lon="-123.269160"></rtept><rtept lat="42.578827" lon="-123.269139"></rtept><rtept lat="42.578801" lon="-123.264298"></rtept><rtept lat="42.578775" lon="-123.259456"></rtept><rtept lat="42.575134" lon="-123.259387"></rtept><rtept lat="42.571492" lon="-123.259318"></rtept><rtept lat="42.571481" lon="-123.264249"></rtept><rtept lat="42.571469" lon="-123.269181"></rtept><rtept lat="42.575148" lon="-123.269160"></rtept></rte><rte><name>BURNING DUTCHMAN</name><type>Area</type><extensions><onx:style>dot</onx:style><onx:weight>4.0</onx:weight><onx:color>rgba(255, 51, 0, 1)</onx:color></extensions><rtept lat="42.593267" lon="-123.293834"></rtept><rtept lat="42.593330" lon="-123.298817"></rtept><rtept lat="42.596984" lon="-123.298804"></rtept><rtept lat="42.596931" lon="-123.293828"></rtept><rtept lat="42.593267" lon="-123.293834"></rtept></rte><rte><name>GRAYBACK GOLD 1</name><type>Area</type><extensions><onx:style>dot</onx:style><onx:weight>4.0</onx:weight><onx:color>rgba(255, 51, 0, 1)</onx:color></extensions><rtept lat="42.152435" lon="-123.433508"></rtept><rtept lat="42.156048" lon="-123.433504"></rtept><rtept lat="42.156031" lon="-123.428679"></rtept><rtept lat="42.156014" lon="-123.423853"></rtept><rtept lat="42.152403" lon="-123.423846"></rtept><rtept lat="42.150000" lon="-123.423841"></rtept><rtept lat="42.150000" lon="-123.433511"></rtept><rtept lat="42.152435" lon="-123.433508"></rtept></rte><rte><name>GRAYBACK GOLD 2</name><type>Area</type><extensions><onx:style>dot</onx:style><onx:weight>4.0</onx:weight><onx:color>rgba(255, 51, 0, 1)</onx:color></extensions><rtept lat="42.156048" lon="-123.433504"></rtept><rtept lat="42.156031" lon="-123.428679"></rtept><rtept lat="42.156014" lon="-123.423853"></rtept><rtept lat="42.152403" lon="-123.423846"></rtept><rtept lat="42.150000" lon="-123.423841"></rtept><rtept lat="42.150000" lon="-123.433511"></rtept><rtept lat="42.152435" lon="-123.433508"></rtept><rtept lat="42.156048" lon="-123.433504"></rtept></rte><rte><name>SAMS GOLDEN ROSE</name><type>Area</type><extensions><onx:style>dot</onx:style><onx:weight>4.0</onx:weight><onx:color>rgba(255, 51, 0, 1)</onx:color></extensions><rtept lat="42.579171" lon="-123.607803"></rtept><rtept lat="42.579174" lon="-123.607530"></rtept><rtept lat="42.579237" lon="-123.602684"></rtept><rtept lat="42.575492" lon="-123.602637"></rtept><rtept lat="42.572360" lon="-123.602592"></rtept><rtept lat="42.571855" lon="-123.602591"></rtept><rtept lat="42.571859" lon="-123.603134"></rtept><rtept lat="42.571849" lon="-123.603652"></rtept><rtept lat="42.571824" lon="-123.607514"></rtept><rtept lat="42.571793" lon="-123.612437"></rtept><rtept lat="42.574747" lon="-123.612443"></rtept><rtept lat="42.575426" lon="-123.612445"></rtept><rtept lat="42.579110" lon="-123.612453"></rtept><rtept lat="42.579171" lon="-123.607803"></rtept></rte><rte><name>BUSTED FLUSH</name><type>Area</type><extensions><onx:style>dot</onx:style><onx:weight>4.0</onx:weight><onx:color>rgba(255, 51, 0, 1)</onx:color></extensions><rtept lat="42.686502" lon="-123.180574"></rtept><rtept lat="42.688292" lon="-123.180577"></rtept><rtept lat="42.688289" lon="-123.178104"></rtept><rtept lat="42.688286" lon="-123.175631"></rtept><rtept lat="42.688284" lon="-123.174395"></rtept><rtept lat="42.688282" lon="-123.173159"></rtept><rtept lat="42.688280" lon="-123.171922"></rtept><rtept lat="42.688279" lon="-123.170686"></rtept><rtept lat="42.684662" lon="-123.170714"></rtept><rtept lat="42.681045" lon="-123.170743"></rtept><rtept lat="42.681087" lon="-123.175655"></rtept><rtept lat="42.681130" lon="-123.180567"></rtept><rtept lat="42.684711" lon="-123.180572"></rtept><rtept lat="42.686502" lon="-123.180574"></rtept></rte><rte><name>STAR OF WONDER</name><type>Area</type><extensions><onx:style>dot</onx:style><onx:weight>4.0</onx:weight><onx:color>rgba(255, 51, 0, 1)</onx:color></extensions><rtept lat="42.175287" lon="-123.142704"></rtept><rtept lat="42.178867" lon="-123.142714"></rtept><rtept lat="42.178859" lon="-123.137878"></rtept><rtept lat="42.178850" lon="-123.133042"></rtept><rtept lat="42.175279" lon="-123.133039"></rtept><rtept lat="42.171708" lon="-123.133036"></rtept><rtept lat="42.171707" lon="-123.137866"></rtept><rtept lat="42.171706" lon="-123.142695"></rtept><rtept lat="42.175287" lon="-123.142704"></rtept></rte><rte><name>GOLDEN GRAEME</name><type>Area</type><extensions><onx:style>dot</onx:style><onx:weight>4.0</onx:weight><onx:color>rgba(255, 51, 0, 1)</onx:color></extensions><rtept lat="42.229054" lon="-122.953943"></rtept><rtept lat="42.229095" lon="-122.949011"></rtept><rtept lat="42.229099" lon="-122.948514"></rtept><rtept lat="42.229114" lon="-122.946297"></rtept><rtept lat="42.229130" lon="-122.944077"></rtept><rtept lat="42.225497" lon="-122.944028"></rtept><rtept lat="42.221865" lon="-122.943978"></rtept><rtept lat="42.221842" lon="-122.948903"></rtept><rtept lat="42.221819" lon="-122.953831"></rtept><rtept lat="42.225437" lon="-122.953887"></rtept><rtept lat="42.229054" lon="-122.953943"></rtept></rte><rte><name>FAITH 3</name><type>Area</type><extensions><onx:style>dot</onx:style><onx:weight>4.0</onx:weight><onx:color>rgba(255, 51, 0, 1)</onx:color></extensions><rtept lat="42.604410" lon="-123.249311"></rtept><rtept lat="42.608095" lon="-123.249205"></rtept><rtept lat="42.608091" lon="-123.246737"></rtept><rtept lat="42.608087" lon="-123.244270"></rtept><rtept lat="42.608078" lon="-123.239335"></rtept><rtept lat="42.606240" lon="-123.239359"></rtept><rtept lat="42.604402" lon="-123.239382"></rtept><rtept lat="42.600725" lon="-123.239429"></rtept><rtept lat="42.600725" lon="-123.244423"></rtept><rtept lat="42.600726" lon="-123.249418"></rtept><rtept lat="42.604410" lon="-123.249311"></rtept></rte><rte><name>MIKES BONANZA</name><type>Area</type><extensions><onx:style>dot</onx:style><onx:weight>4.0</onx:weight><onx:color>rgba(255, 51, 0, 1)</onx:color></extensions><rtept lat="42.229054" lon="-122.953943"></rtept><rtept lat="42.229095" lon="-122.949011"></rtept><rtept lat="42.229099" lon="-122.948514"></rtept><rtept lat="42.229114" lon="-122.946297"></rtept><rtept lat="42.229130" lon="-122.944077"></rtept><rtept lat="42.225497" lon="-122.944028"></rtept><rtept lat="42.221865" lon="-122.943978"></rtept><rtept lat="42.221842" lon="-122.948903"></rtept><rtept lat="42.221819" lon="-122.953831"></rtept><rtept lat="42.225437" lon="-122.953887"></rtept><rtept lat="42.229054" lon="-122.953943"></rtept></rte><rte><name>FAMILY GOLD</name><type>Area</type><extensions><onx:style>dot</onx:style><onx:weight>4.0</onx:weight><onx:color>rgba(255, 51, 0, 1)</onx:color></extensions><rtept lat="42.229767" lon="-123.126424"></rtept><rtept lat="42.229812" lon="-123.128843"></rtept><rtept lat="42.229862" lon="-123.131261"></rtept><rtept lat="42.231601" lon="-123.131367"></rtept><rtept lat="42.233346" lon="-123.131470"></rtept><rtept lat="42.236835" lon="-123.131677"></rtept><rtept lat="42.236832" lon="-123.129190"></rtept><rtept lat="42.236829" lon="-123.126703"></rtept><rtept lat="42.236828" lon="-123.126173"></rtept><rtept lat="42.236822" lon="-123.121730"></rtept><rtept lat="42.233250" lon="-123.121657"></rtept><rtept lat="42.229707" lon="-123.121602"></rtept><rtept lat="42.229764" lon="-123.126174"></rtept><rtept lat="42.229767" lon="-123.126424"></rtept></rte><rte><name>FIRST DREAM</name><type>Area</type><extensions><onx:style>dot</onx:style><onx:weight>4.0</onx:weight><onx:color>rgba(255, 51, 0, 1)</onx:color></extensions><rtept lat="42.677416" lon="-123.592569"></rtept><rtept lat="42.681016" lon="-123.592582"></rtept><rtept lat="42.681000" lon="-123.587677"></rtept><rtept lat="42.680984" lon="-123.582785"></rtept><rtept lat="42.680942" lon="-123.582786"></rtept><rtept lat="42.677410" lon="-123.582772"></rtept><rtept lat="42.677400" lon="-123.582772"></rtept><rtept lat="42.677389" lon="-123.582772"></rtept><rtept lat="42.673877" lon="-123.582759"></rtept><rtept lat="42.673795" lon="-123.582759"></rtept><rtept lat="42.673805" lon="-123.587641"></rtept><rtept lat="42.673816" lon="-123.592556"></rtept><rtept lat="42.677416" lon="-123.592569"></rtept></rte><rte><name>A LOT OF ROCKS</name><type>Area</type><extensions><onx:style>dot</onx:style><onx:weight>4.0</onx:weight><onx:color>rgba(255, 51, 0, 1)</onx:color></extensions><rtept lat="42.214829" lon="-123.146441"></rtept><rtept lat="42.214832" lon="-123.147700"></rtept><rtept lat="42.214849" lon="-123.151404"></rtept><rtept lat="42.218668" lon="-123.151364"></rtept><rtept lat="42.222291" lon="-123.151327"></rtept><rtept lat="42.222244" lon="-123.146348"></rtept><rtept lat="42.222196" lon="-123.141368"></rtept><rtept lat="42.218573" lon="-123.141422"></rtept><rtept lat="42.214809" lon="-123.141477"></rtept><rtept lat="42.214810" lon="-123.142804"></rtept><rtept lat="42.214829" lon="-123.146441"></rtept></rte><rte><name>MOVING ROCKS</name><type>Area</type><extensions><onx:style>dot</onx:style><onx:weight>4.0</onx:weight><onx:color>rgba(255, 51, 0, 1)</onx:color></extensions><rtept lat="42.229796" lon="-123.141256"></rtept><rtept lat="42.229829" lon="-123.136259"></rtept><rtept lat="42.229862" lon="-123.131261"></rtept><rtept lat="42.225979" lon="-123.131347"></rtept><rtept lat="42.222101" lon="-123.131431"></rtept><rtept lat="42.222149" lon="-123.136400"></rtept><rtept lat="42.222196" lon="-123.141368"></rtept><rtept lat="42.225996" lon="-123.141312"></rtept><rtept lat="42.229796" lon="-123.141256"></rtept></rte><rte><name>TV PLACER</name><type>Area</type><extensions><onx:style>dot</onx:style><onx:weight>4.0</onx:weight><onx:color>rgba(255, 51, 0, 1)</onx:color></extensions><rtept lat="42.644351" lon="-123.553654"></rtept><rtept lat="42.648156" lon="-123.553500"></rtept><rtept lat="42.652202" lon="-123.553336"></rtept><rtept lat="42.653108" lon="-123.553340"></rtept><rtept lat="42.654015" lon="-123.553345"></rtept><rtept lat="42.655828" lon="-123.553355"></rtept><rtept lat="42.656734" lon="-123.553360"></rtept><rtept lat="42.657641" lon="-123.553364"></rtept><rtept lat="42.659454" lon="-123.553374"></rtept><rtept lat="42.659418" lon="-123.550903"></rtept><rtept lat="42.659382" lon="-123.548431"></rtept><rtept lat="42.659310" lon="-123.543488"></rtept><rtept lat="42.655738" lon="-123.543544"></rtept><rtept lat="42.652167" lon="-123.543601"></rtept><rtept lat="42.648227" lon="-123.543862"></rtept><rtept lat="42.646345" lon="-123.543983"></rtept><rtept lat="42.644463" lon="-123.544104"></rtept><rtept lat="42.644407" lon="-123.548879"></rtept><rtept lat="42.644351" lon="-123.553654"></rtept></rte><rte><name>TV PLACER SIX</name><type>Area</type><extensions><onx:style>dot</onx:style><onx:weight>4.0</onx:weight><onx:color>rgba(255, 51, 0, 1)</onx:color></extensions><rtept lat="42.644351" lon="-123.553654"></rtept><rtept lat="42.648156" lon="-123.553500"></rtept><rtept lat="42.652202" lon="-123.553336"></rtept><rtept lat="42.652197" lon="-123.552119"></rtept><rtept lat="42.652193" lon="-123.550902"></rtept><rtept lat="42.652184" lon="-123.548468"></rtept><rtept lat="42.652167" lon="-123.543601"></rtept><rtept lat="42.648227" lon="-123.543862"></rtept><rtept lat="42.646345" lon="-123.543983"></rtept><rtept lat="42.644463" lon="-123.544104"></rtept><rtept lat="42.644407" lon="-123.548879"></rtept><rtept lat="42.644351" lon="-123.553654"></rtept></rte><rte><name>MJ NJ PLACER 1</name><type>Area</type><extensions><onx:style>dot</onx:style><onx:weight>4.0</onx:weight><onx:color>rgba(255, 51, 0, 1)</onx:color></extensions><rtept lat="42.549559" lon="-123.636880"></rtept><rtept lat="42.549552" lon="-123.638346"></rtept><rtept lat="42.549537" lon="-123.641808"></rtept><rtept lat="42.553132" lon="-123.641819"></rtept><rtept lat="42.556728" lon="-123.641830"></rtept><rtept lat="42.556763" lon="-123.636919"></rtept><rtept lat="42.556798" lon="-123.632009"></rtept><rtept lat="42.553190" lon="-123.631980"></rtept><rtept lat="42.550030" lon="-123.631955"></rtept><rtept lat="42.549581" lon="-123.631952"></rtept><rtept lat="42.549559" lon="-123.636880"></rtept></rte><rte><name>MAIN PAY</name><type>Area</type><extensions><onx:style>dot</onx:style><onx:weight>4.0</onx:weight><onx:color>rgba(255, 51, 0, 1)</onx:color></extensions><rtept lat="42.549559" lon="-123.636880"></rtept><rtept lat="42.549552" lon="-123.638346"></rtept><rtept lat="42.549537" lon="-123.641808"></rtept><rtept lat="42.553132" lon="-123.641819"></rtept><rtept lat="42.556728" lon="-123.641830"></rtept><rtept lat="42.556763" lon="-123.636919"></rtept><rtept lat="42.556798" lon="-123.632009"></rtept><rtept lat="42.553190" lon="-123.631980"></rtept><rtept lat="42.550030" lon="-123.631955"></rtept><rtept lat="42.549581" lon="-123.631952"></rtept><rtept lat="42.549559" lon="-123.636880"></rtept></rte><rte><name>LAST STAND</name><type>Area</type><extensions><onx:style>dot</onx:style><onx:weight>4.0</onx:weight><onx:color>rgba(255, 51, 0, 1)</onx:color></extensions><rtept lat="42.574273" lon="-123.632052"></rtept><rtept lat="42.575373" lon="-123.632050"></rtept><rtept lat="42.578985" lon="-123.632042"></rtept><rtept lat="42.578984" lon="-123.627171"></rtept><rtept lat="42.578984" lon="-123.626196"></rtept><rtept lat="42.578984" lon="-123.625954"></rtept><rtept lat="42.578983" lon="-123.624736"></rtept><rtept lat="42.578983" lon="-123.623518"></rtept><rtept lat="42.578983" lon="-123.622301"></rtept><rtept lat="42.579015" lon="-123.619839"></rtept><rtept lat="42.579025" lon="-123.619064"></rtept><rtept lat="42.579047" lon="-123.617377"></rtept><rtept lat="42.579054" lon="-123.616816"></rtept><rtept lat="42.579110" lon="-123.612453"></rtept><rtept lat="42.575426" lon="-123.612445"></rtept><rtept lat="42.574747" lon="-123.612443"></rtept><rtept lat="42.571793" lon="-123.612437"></rtept><rtept lat="42.571773" lon="-123.615562"></rtept><rtept lat="42.571762" lon="-123.617354"></rtept><rtept lat="42.571730" lon="-123.622271"></rtept><rtept lat="42.571748" lon="-123.627156"></rtept><rtept lat="42.571750" lon="-123.627965"></rtept><rtept lat="42.571753" lon="-123.628387"></rtept><rtept lat="42.571760" lon="-123.632057"></rtept><rtept lat="42.572663" lon="-123.632057"></rtept><rtept lat="42.574273" lon="-123.632052"></rtept></rte><rte><name>BOONES LICK</name><type>Area</type><extensions><onx:style>dot</onx:style><onx:weight>4.0</onx:weight><onx:color>rgba(255, 51, 0, 1)</onx:color></extensions><rtept lat="42.644164" lon="-123.034395"></rtept><rtept lat="42.644218" lon="-123.044201"></rtept><rtept lat="42.644272" lon="-123.054008"></rtept><rtept lat="42.651771" lon="-123.054231"></rtept><rtept lat="42.651760" lon="-123.044269"></rtept><rtept lat="42.651750" lon="-123.034307"></rtept><rtept lat="42.644164" lon="-123.034395"></rtept></rte><rte><name>HOGAN'S FIND</name><type>Area</type><extensions><onx:style>dot</onx:style><onx:weight>4.0</onx:weight><onx:color>rgba(255, 51, 0, 1)</onx:color></extensions><rtept lat="42.163586" lon="-123.096884"></rtept><rtept lat="42.163589" lon="-123.092012"></rtept><rtept lat="42.159951" lon="-123.091999"></rtept><rtept lat="42.156313" lon="-123.091986"></rtept><rtept lat="42.156319" lon="-123.096864"></rtept><rtept lat="42.156325" lon="-123.101742"></rtept><rtept lat="42.156330" lon="-123.106620"></rtept><rtept lat="42.156336" lon="-123.111796"></rtept><rtept lat="42.157319" lon="-123.111796"></rtept><rtept lat="42.157828" lon="-123.111796"></rtept><rtept lat="42.159956" lon="-123.111805"></rtept><rtept lat="42.160920" lon="-123.111807"></rtept><rtept lat="42.163575" lon="-123.111822"></rtept><rtept lat="42.163579" lon="-123.106629"></rtept><rtept lat="42.163583" lon="-123.101756"></rtept><rtept lat="42.163586" lon="-123.096884"></rtept></rte><rte><name>LOTSA GOLD</name><type>Area</type><extensions><onx:style>dot</onx:style><onx:weight>4.0</onx:weight><onx:color>rgba(255, 51, 0, 1)</onx:color></extensions><rtept lat="42.251095" lon="-123.332920"></rtept><rtept lat="42.251096" lon="-123.337786"></rtept><rtept lat="42.254747" lon="-123.337807"></rtept><rtept lat="42.258398" lon="-123.337828"></rtept><rtept lat="42.258371" lon="-123.332960"></rtept><rtept lat="42.258345" lon="-123.328093"></rtept><rtept lat="42.254718" lon="-123.328073"></rtept><rtept lat="42.252903" lon="-123.328063"></rtept><rtept lat="42.251094" lon="-123.328055"></rtept><rtept lat="42.251095" lon="-123.332920"></rtept></rte><rte><name>GOLDEN NINE MILE</name><type>Area</type><extensions><onx:style>dot</onx:style><onx:weight>4.0</onx:weight><onx:color>rgba(255, 51, 0, 1)</onx:color></extensions><rtept lat="42.157038" lon="-123.229760"></rtept><rtept lat="42.159682" lon="-123.229740"></rtept><rtept lat="42.160699" lon="-123.229747"></rtept><rtept lat="42.163274" lon="-123.229764"></rtept><rtept lat="42.164317" lon="-123.229805"></rtept><rtept lat="42.164329" lon="-123.224962"></rtept><rtept lat="42.164312" lon="-123.220133"></rtept><rtept lat="42.160665" lon="-123.220141"></rtept><rtept lat="42.157017" lon="-123.220149"></rtept><rtept lat="42.157049" lon="-123.224912"></rtept><rtept lat="42.157038" lon="-123.229760"></rtept></rte><rte><name>EVERGREEN 1</name><type>Area</type><extensions><onx:style>dot</onx:style><onx:weight>4.0</onx:weight><onx:color>rgba(255, 51, 0, 1)</onx:color></extensions><rtept lat="42.265882" lon="-123.166078"></rtept><rtept lat="42.265867" lon="-123.170974"></rtept><rtept lat="42.269569" lon="-123.170914"></rtept><rtept lat="42.273271" lon="-123.170855"></rtept><rtept lat="42.273265" lon="-123.165976"></rtept><rtept lat="42.273259" lon="-123.161097"></rtept><rtept lat="42.269578" lon="-123.161140"></rtept><rtept lat="42.265897" lon="-123.161183"></rtept><rtept lat="42.265882" lon="-123.166078"></rtept></rte><rte><name>EVERGREEN 2</name><type>Area</type><extensions><onx:style>dot</onx:style><onx:weight>4.0</onx:weight><onx:color>rgba(255, 51, 0, 1)</onx:color></extensions><rtept lat="42.265882" lon="-123.166078"></rtept><rtept lat="42.265867" lon="-123.170974"></rtept><rtept lat="42.269569" lon="-123.170914"></rtept><rtept lat="42.273271" lon="-123.170855"></rtept><rtept lat="42.273265" lon="-123.165976"></rtept><rtept lat="42.273259" lon="-123.161097"></rtept><rtept lat="42.269578" lon="-123.161140"></rtept><rtept lat="42.265897" lon="-123.161183"></rtept><rtept lat="42.265882" lon="-123.166078"></rtept></rte><rte><name>SARA SEANTAE ONE</name><type>Area</type><extensions><onx:style>dot</onx:style><onx:weight>4.0</onx:weight><onx:color>rgba(255, 51, 0, 1)</onx:color></extensions><rtept lat="42.505992" lon="-123.616941"></rtept><rtept lat="42.505976" lon="-123.621885"></rtept><rtept lat="42.509608" lon="-123.621928"></rtept><rtept lat="42.513239" lon="-123.621972"></rtept><rtept lat="42.513254" lon="-123.617037"></rtept><rtept lat="42.513269" lon="-123.612103"></rtept><rtept lat="42.509638" lon="-123.612051"></rtept><rtept lat="42.506008" lon="-123.611998"></rtept><rtept lat="42.505992" lon="-123.616941"></rtept></rte><rte><name>SARA SEANTAE TWO</name><type>Area</type><extensions><onx:style>dot</onx:style><onx:weight>4.0</onx:weight><onx:color>rgba(255, 51, 0, 1)</onx:color></extensions><rtept lat="42.513254" lon="-123.617037"></rtept><rtept lat="42.513269" lon="-123.612103"></rtept><rtept lat="42.509638" lon="-123.612051"></rtept><rtept lat="42.506008" lon="-123.611998"></rtept><rtept lat="42.505992" lon="-123.616941"></rtept><rtept lat="42.505976" lon="-123.621885"></rtept><rtept lat="42.509608" lon="-123.621928"></rtept><rtept lat="42.513239" lon="-123.621972"></rtept><rtept lat="42.513254" lon="-123.617037"></rtept></rte><rte><name>MESTAR GULCH</name><type>Area</type><extensions><onx:style>dot</onx:style><onx:weight>4.0</onx:weight><onx:color>rgba(255, 51, 0, 1)</onx:color></extensions><rtept lat="42.159954" lon="-123.101749"></rtept><rtept lat="42.163583" lon="-123.101756"></rtept><rtept lat="42.163586" lon="-123.096884"></rtept><rtept lat="42.163589" lon="-123.092012"></rtept><rtept lat="42.159951" lon="-123.091999"></rtept><rtept lat="42.156313" lon="-123.091986"></rtept><rtept lat="42.156319" lon="-123.096864"></rtept><rtept lat="42.156325" lon="-123.101742"></rtept><rtept lat="42.159954" lon="-123.101749"></rtept></rte><rte><name>SUCKER CREEK</name><type>Area</type><extensions><onx:style>dot</onx:style><onx:weight>4.0</onx:weight><onx:color>rgba(255, 51, 0, 1)</onx:color></extensions><rtept lat="42.151271" lon="-123.474927"></rtept><rtept lat="42.154882" lon="-123.474893"></rtept><rtept lat="42.154863" lon="-123.470122"></rtept><rtept lat="42.154844" lon="-123.465352"></rtept><rtept lat="42.152543" lon="-123.465329"></rtept><rtept lat="42.151250" lon="-123.465316"></rtept><rtept lat="42.150000" lon="-123.465304"></rtept><rtept lat="42.150000" lon="-123.474939"></rtept><rtept lat="42.151271" lon="-123.474927"></rtept></rte><rte><name>RED DOG 151</name><type>Area</type><extensions><onx:style>dot</onx:style><onx:weight>4.0</onx:weight><onx:color>rgba(255, 51, 0, 1)</onx:color></extensions><rtept lat="42.229054" lon="-122.953943"></rtept><rtept lat="42.229095" lon="-122.949011"></rtept><rtept lat="42.229099" lon="-122.948514"></rtept><rtept lat="42.229114" lon="-122.946297"></rtept><rtept lat="42.229130" lon="-122.944077"></rtept><rtept lat="42.225497" lon="-122.944028"></rtept><rtept lat="42.221865" lon="-122.943978"></rtept><rtept lat="42.221842" lon="-122.948903"></rtept><rtept lat="42.221819" lon="-122.953831"></rtept><rtept lat="42.221780" lon="-122.958803"></rtept><rtept lat="42.221740" lon="-122.963775"></rtept><rtept lat="42.225372" lon="-122.963812"></rtept><rtept lat="42.229004" lon="-122.963850"></rtept><rtept lat="42.229029" lon="-122.958897"></rtept><rtept lat="42.229054" lon="-122.953943"></rtept></rte><rte><name>QUARTZ 2</name><type>Area</type><extensions><onx:style>dot</onx:style><onx:weight>4.0</onx:weight><onx:color>rgba(255, 51, 0, 1)</onx:color></extensions><rtept lat="42.673756" lon="-123.641718"></rtept><rtept lat="42.673780" lon="-123.636797"></rtept><rtept lat="42.673798" lon="-123.633102"></rtept><rtept lat="42.673804" lon="-123.631875"></rtept><rtept lat="42.673823" lon="-123.627774"></rtept><rtept lat="42.673827" lon="-123.626959"></rtept><rtept lat="42.673851" lon="-123.622042"></rtept><rtept lat="42.670239" lon="-123.622048"></rtept><rtept lat="42.666626" lon="-123.622054"></rtept><rtept lat="42.666621" lon="-123.626197"></rtept><rtept lat="42.666620" lon="-123.626968"></rtept><rtept lat="42.666614" lon="-123.631882"></rtept><rtept lat="42.666608" lon="-123.636795"></rtept><rtept lat="42.666602" lon="-123.641709"></rtept><rtept lat="42.670179" lon="-123.641714"></rtept><rtept lat="42.673756" lon="-123.641718"></rtept></rte><rte><name>LADYBUG 3</name><type>Area</type><extensions><onx:style>dot</onx:style><onx:weight>4.0</onx:weight><onx:color>rgba(255, 51, 0, 1)</onx:color></extensions><rtept lat="42.659308" lon="-123.538591"></rtept><rtept lat="42.659307" lon="-123.536143"></rtept><rtept lat="42.659306" lon="-123.533695"></rtept><rtept lat="42.657520" lon="-123.533744"></rtept><rtept lat="42.655734" lon="-123.533793"></rtept><rtept lat="42.652161" lon="-123.533892"></rtept><rtept lat="42.652164" lon="-123.538747"></rtept><rtept lat="42.652167" lon="-123.543601"></rtept><rtept lat="42.655738" lon="-123.543544"></rtept><rtept lat="42.659310" lon="-123.543488"></rtept><rtept lat="42.659308" lon="-123.538591"></rtept></rte><rte><name>ROBERTO I</name><type>Area</type><extensions><onx:style>dot</onx:style><onx:weight>4.0</onx:weight><onx:color>rgba(255, 51, 0, 1)</onx:color></extensions><rtept lat="42.535021" lon="-123.649565"></rtept><rtept lat="42.535024" lon="-123.646639"></rtept><rtept lat="42.535027" lon="-123.644660"></rtept><rtept lat="42.535030" lon="-123.641734"></rtept><rtept lat="42.531396" lon="-123.641710"></rtept><rtept lat="42.527762" lon="-123.641687"></rtept><rtept lat="42.527764" lon="-123.646590"></rtept><rtept lat="42.527765" lon="-123.650000"></rtept><rtept lat="42.535021" lon="-123.650000"></rtept><rtept lat="42.535021" lon="-123.649565"></rtept></rte><rte><name>ROBERTO II</name><type>Area</type><extensions><onx:style>dot</onx:style><onx:weight>4.0</onx:weight><onx:color>rgba(255, 51, 0, 1)</onx:color></extensions><rtept lat="42.535021" lon="-123.649565"></rtept><rtept lat="42.535024" lon="-123.646639"></rtept><rtept lat="42.535027" lon="-123.644660"></rtept><rtept lat="42.535030" lon="-123.641734"></rtept><rtept lat="42.531396" lon="-123.641710"></rtept><rtept lat="42.527762" lon="-123.641687"></rtept><rtept lat="42.527764" lon="-123.646590"></rtept><rtept lat="42.527765" lon="-123.650000"></rtept><rtept lat="42.535021" lon="-123.650000"></rtept><rtept lat="42.535021" lon="-123.649565"></rtept></rte><rte><name>ROBERTO III</name><type>Area</type><extensions><onx:style>dot</onx:style><onx:weight>4.0</onx:weight><onx:color>rgba(255, 51, 0, 1)</onx:color></extensions><rtept lat="42.531396" lon="-123.641710"></rtept><rtept lat="42.535030" lon="-123.641734"></rtept><rtept lat="42.535025" lon="-123.636835"></rtept><rtept lat="42.535020" lon="-123.631936"></rtept><rtept lat="42.531376" lon="-123.631914"></rtept><rtept lat="42.527733" lon="-123.631892"></rtept><rtept lat="42.527748" lon="-123.636789"></rtept><rtept lat="42.527762" lon="-123.641687"></rtept><rtept lat="42.531396" lon="-123.641710"></rtept></rte><rte><name>ROBERTO IV</name><type>Area</type><extensions><onx:style>dot</onx:style><onx:weight>4.0</onx:weight><onx:color>rgba(255, 51, 0, 1)</onx:color></extensions><rtept lat="42.542294" lon="-123.637701"></rtept><rtept lat="42.542296" lon="-123.636856"></rtept><rtept lat="42.542300" lon="-123.634004"></rtept><rtept lat="42.542303" lon="-123.631944"></rtept><rtept lat="42.541264" lon="-123.631943"></rtept><rtept lat="42.538661" lon="-123.631940"></rtept><rtept lat="42.535020" lon="-123.631936"></rtept><rtept lat="42.535025" lon="-123.636835"></rtept><rtept lat="42.535030" lon="-123.641734"></rtept><rtept lat="42.538067" lon="-123.641748"></rtept><rtept lat="42.538659" lon="-123.641751"></rtept><rtept lat="42.542288" lon="-123.641768"></rtept><rtept lat="42.542294" lon="-123.637701"></rtept></rte><rte><name>BONAVENTURE</name><type>Area</type><extensions><onx:style>dot</onx:style><onx:weight>4.0</onx:weight><onx:color>rgba(255, 51, 0, 1)</onx:color></extensions><rtept lat="42.644283" lon="-123.558677"></rtept><rtept lat="42.644215" lon="-123.563700"></rtept><rtept lat="42.648060" lon="-123.563406"></rtept><rtept lat="42.652236" lon="-123.563070"></rtept><rtept lat="42.652219" lon="-123.558203"></rtept><rtept lat="42.652210" lon="-123.555769"></rtept><rtept lat="42.652202" lon="-123.553336"></rtept><rtept lat="42.648156" lon="-123.553500"></rtept><rtept lat="42.644351" lon="-123.553654"></rtept><rtept lat="42.644283" lon="-123.558677"></rtept></rte><rte><name>BONANZA BEND TWO</name><type>Area</type><extensions><onx:style>dot</onx:style><onx:weight>4.0</onx:weight><onx:color>rgba(255, 51, 0, 1)</onx:color></extensions><rtept lat="42.644599" lon="-123.514283"></rtept><rtept lat="42.645510" lon="-123.514275"></rtept><rtept lat="42.646422" lon="-123.514267"></rtept><rtept lat="42.647334" lon="-123.514260"></rtept><rtept lat="42.648245" lon="-123.514252"></rtept><rtept lat="42.652093" lon="-123.514219"></rtept><rtept lat="42.653891" lon="-123.514185"></rtept><rtept lat="42.655690" lon="-123.514151"></rtept><rtept lat="42.659286" lon="-123.514084"></rtept><rtept lat="42.659262" lon="-123.509208"></rtept><rtept lat="42.659237" lon="-123.504331"></rtept><rtept lat="42.657442" lon="-123.504359"></rtept><rtept lat="42.655646" lon="-123.504387"></rtept><rtept lat="42.652055" lon="-123.504443"></rtept><rtept lat="42.648182" lon="-123.504513"></rtept><rtept lat="42.646337" lon="-123.504547"></rtept><rtept lat="42.644493" lon="-123.504580"></rtept><rtept lat="42.644506" lon="-123.505793"></rtept><rtept lat="42.644519" lon="-123.507006"></rtept><rtept lat="42.644546" lon="-123.509432"></rtept><rtept lat="42.644572" lon="-123.511857"></rtept><rtept lat="42.644599" lon="-123.514283"></rtept></rte><rte><name>JOE'S GOLD BAR 2</name><type>Area</type><extensions><onx:style>dot</onx:style><onx:weight>4.0</onx:weight><onx:color>rgba(255, 51, 0, 1)</onx:color></extensions><rtept lat="42.586077" lon="-123.229603"></rtept><rtept lat="42.586073" lon="-123.227597"></rtept><rtept lat="42.586069" lon="-123.225147"></rtept><rtept lat="42.586060" lon="-123.220245"></rtept><rtept lat="42.582414" lon="-123.220244"></rtept><rtept lat="42.578768" lon="-123.220244"></rtept><rtept lat="42.578772" lon="-123.225135"></rtept><rtept lat="42.578774" lon="-123.227585"></rtept><rtept lat="42.578776" lon="-123.229626"></rtept><rtept lat="42.582426" lon="-123.229615"></rtept><rtept lat="42.586077" lon="-123.229603"></rtept></rte><rte><name>FROG</name><type>Area</type><extensions><onx:style>dot</onx:style><onx:weight>4.0</onx:weight><onx:color>rgba(255, 51, 0, 1)</onx:color></extensions><rtept lat="42.589988" lon="-123.612442"></rtept><rtept lat="42.590883" lon="-123.612441"></rtept><rtept lat="42.593621" lon="-123.612438"></rtept><rtept lat="42.593617" lon="-123.610407"></rtept><rtept lat="42.593611" lon="-123.607543"></rtept><rtept lat="42.593609" lon="-123.606120"></rtept><rtept lat="42.593602" lon="-123.602647"></rtept><rtept lat="42.590004" lon="-123.602652"></rtept><rtept lat="42.586492" lon="-123.602720"></rtept><rtept lat="42.586467" lon="-123.605015"></rtept><rtept lat="42.586438" lon="-123.607552"></rtept><rtept lat="42.586389" lon="-123.611912"></rtept><rtept lat="42.586388" lon="-123.611959"></rtept><rtept lat="42.586383" lon="-123.612445"></rtept><rtept lat="42.589988" lon="-123.612442"></rtept></rte><rte><name>HAPPY DAYZ</name><type>Area</type><extensions><onx:style>dot</onx:style><onx:weight>4.0</onx:weight><onx:color>rgba(255, 51, 0, 1)</onx:color></extensions><rtept lat="42.626262" lon="-123.170794"></rtept><rtept lat="42.629849" lon="-123.170782"></rtept><rtept lat="42.629803" lon="-123.165876"></rtept><rtept lat="42.629758" lon="-123.160970"></rtept><rtept lat="42.626131" lon="-123.160962"></rtept><rtept lat="42.624862" lon="-123.160959"></rtept><rtept lat="42.624318" lon="-123.160958"></rtept><rtept lat="42.622505" lon="-123.160954"></rtept><rtept lat="42.622550" lon="-123.163419"></rtept><rtept lat="42.622595" lon="-123.165847"></rtept><rtept lat="42.622683" lon="-123.170777"></rtept><rtept lat="42.624472" lon="-123.170786"></rtept><rtept lat="42.626262" lon="-123.170794"></rtept></rte><rte><name>MORE ROCKS</name><type>Area</type><extensions><onx:style>dot</onx:style><onx:weight>4.0</onx:weight><onx:color>rgba(255, 51, 0, 1)</onx:color></extensions><rtept lat="42.214829" lon="-123.146441"></rtept><rtept lat="42.214832" lon="-123.147700"></rtept><rtept lat="42.214849" lon="-123.151404"></rtept><rtept lat="42.218668" lon="-123.151364"></rtept><rtept lat="42.222291" lon="-123.151327"></rtept><rtept lat="42.222244" lon="-123.146348"></rtept><rtept lat="42.222196" lon="-123.141368"></rtept><rtept lat="42.218573" lon="-123.141422"></rtept><rtept lat="42.214809" lon="-123.141477"></rtept><rtept lat="42.214810" lon="-123.142804"></rtept><rtept lat="42.214829" lon="-123.146441"></rtept></rte><rte><name>QUARTZ 3</name><type>Area</type><extensions><onx:style>dot</onx:style><onx:weight>4.0</onx:weight><onx:color>rgba(255, 51, 0, 1)</onx:color></extensions><rtept lat="42.673756" lon="-123.641718"></rtept><rtept lat="42.673780" lon="-123.636797"></rtept><rtept lat="42.673798" lon="-123.633102"></rtept><rtept lat="42.673804" lon="-123.631875"></rtept><rtept lat="42.673823" lon="-123.627774"></rtept><rtept lat="42.673827" lon="-123.626959"></rtept><rtept lat="42.673851" lon="-123.622042"></rtept><rtept lat="42.670239" lon="-123.622048"></rtept><rtept lat="42.666626" lon="-123.622054"></rtept><rtept lat="42.666621" lon="-123.626197"></rtept><rtept lat="42.666620" lon="-123.626968"></rtept><rtept lat="42.666614" lon="-123.631882"></rtept><rtept lat="42.666608" lon="-123.636795"></rtept><rtept lat="42.666602" lon="-123.641709"></rtept><rtept lat="42.670179" lon="-123.641714"></rtept><rtept lat="42.673756" lon="-123.641718"></rtept></rte><rte><name>SPIRIT OF THE WEST</name><type>Area</type><extensions><onx:style>dot</onx:style><onx:weight>4.0</onx:weight><onx:color>rgba(255, 51, 0, 1)</onx:color></extensions><rtept lat="42.152663" lon="-123.082268"></rtept><rtept lat="42.156303" lon="-123.082255"></rtept><rtept lat="42.156298" lon="-123.077390"></rtept><rtept lat="42.156294" lon="-123.072525"></rtept><rtept lat="42.156087" lon="-123.072537"></rtept><rtept lat="42.156074" lon="-123.067728"></rtept><rtept lat="42.156062" lon="-123.062918"></rtept><rtept lat="42.154239" lon="-123.062916"></rtept><rtept lat="42.152415" lon="-123.062911"></rtept><rtept lat="42.150000" lon="-123.062905"></rtept><rtept lat="42.150000" lon="-123.082277"></rtept><rtept lat="42.152663" lon="-123.082268"></rtept></rte><rte><name>HAWGZ GOLD</name><type>Area</type><extensions><onx:style>dot</onx:style><onx:weight>4.0</onx:weight><onx:color>rgba(255, 51, 0, 1)</onx:color></extensions><rtept lat="42.546005" lon="-123.484421"></rtept><rtept lat="42.542356" lon="-123.484379"></rtept><rtept lat="42.542361" lon="-123.489287"></rtept><rtept lat="42.542365" lon="-123.494195"></rtept><rtept lat="42.545995" lon="-123.494181"></rtept><rtept lat="42.547809" lon="-123.494177"></rtept><rtept lat="42.549624" lon="-123.494173"></rtept><rtept lat="42.549631" lon="-123.491746"></rtept><rtept lat="42.549638" lon="-123.489319"></rtept><rtept lat="42.549646" lon="-123.486891"></rtept><rtept lat="42.549654" lon="-123.484464"></rtept><rtept lat="42.547829" lon="-123.484442"></rtept><rtept lat="42.546005" lon="-123.484421"></rtept></rte><rte><name>BJ</name><type>Area</type><extensions><onx:style>dot</onx:style><onx:weight>4.0</onx:weight><onx:color>rgba(255, 51, 0, 1)</onx:color></extensions><rtept lat="42.498739" lon="-123.641489"></rtept><rtept lat="42.502371" lon="-123.641514"></rtept><rtept lat="42.506004" lon="-123.641539"></rtept><rtept lat="42.505997" lon="-123.636625"></rtept><rtept lat="42.505990" lon="-123.631712"></rtept><rtept lat="42.502359" lon="-123.631685"></rtept><rtept lat="42.498729" lon="-123.631659"></rtept><rtept lat="42.498734" lon="-123.636574"></rtept><rtept lat="42.498739" lon="-123.641489"></rtept></rte><rte><name>SARDINE 1</name><type>Area</type><extensions><onx:style>dot</onx:style><onx:weight>4.0</onx:weight><onx:color>rgba(255, 51, 0, 1)</onx:color></extensions><rtept lat="42.519935" lon="-123.043239"></rtept><rtept lat="42.523589" lon="-123.043292"></rtept><rtept lat="42.527244" lon="-123.043344"></rtept><rtept lat="42.527303" lon="-123.038418"></rtept><rtept lat="42.527362" lon="-123.033491"></rtept><rtept lat="42.523699" lon="-123.033471"></rtept><rtept lat="42.520036" lon="-123.033450"></rtept><rtept lat="42.519985" lon="-123.038345"></rtept><rtept lat="42.519935" lon="-123.043239"></rtept></rte><rte><name>SARDINE 2</name><type>Area</type><extensions><onx:style>dot</onx:style><onx:weight>4.0</onx:weight><onx:color>rgba(255, 51, 0, 1)</onx:color></extensions><rtept lat="42.519935" lon="-123.043239"></rtept><rtept lat="42.523589" lon="-123.043292"></rtept><rtept lat="42.527244" lon="-123.043344"></rtept><rtept lat="42.527303" lon="-123.038418"></rtept><rtept lat="42.527362" lon="-123.033491"></rtept><rtept lat="42.523699" lon="-123.033471"></rtept><rtept lat="42.520036" lon="-123.033450"></rtept><rtept lat="42.519985" lon="-123.038345"></rtept><rtept lat="42.519935" lon="-123.043239"></rtept></rte><rte><name>SARDINE 3</name><type>Area</type><extensions><onx:style>dot</onx:style><onx:weight>4.0</onx:weight><onx:color>rgba(255, 51, 0, 1)</onx:color></extensions><rtept lat="42.519935" lon="-123.043239"></rtept><rtept lat="42.523589" lon="-123.043292"></rtept><rtept lat="42.527244" lon="-123.043344"></rtept><rtept lat="42.527303" lon="-123.038418"></rtept><rtept lat="42.527362" lon="-123.033491"></rtept><rtept lat="42.523699" lon="-123.033471"></rtept><rtept lat="42.520036" lon="-123.033450"></rtept><rtept lat="42.519985" lon="-123.038345"></rtept><rtept lat="42.519935" lon="-123.043239"></rtept></rte><rte><name>RUSTY GOLD</name><type>Area</type><extensions><onx:style>dot</onx:style><onx:weight>4.0</onx:weight><onx:color>rgba(255, 51, 0, 1)</onx:color></extensions><rtept lat="42.615538" lon="-123.333284"></rtept><rtept lat="42.615607" lon="-123.338183"></rtept><rtept lat="42.619254" lon="-123.338201"></rtept><rtept lat="42.622900" lon="-123.338219"></rtept><rtept lat="42.622844" lon="-123.333308"></rtept><rtept lat="42.622787" lon="-123.328399"></rtept><rtept lat="42.620958" lon="-123.328396"></rtept><rtept lat="42.619128" lon="-123.328392"></rtept><rtept lat="42.617298" lon="-123.328389"></rtept><rtept lat="42.615469" lon="-123.328385"></rtept><rtept lat="42.615538" lon="-123.333284"></rtept></rte><rte><name>PLEASANT CREEK 1</name><type>Area</type><extensions><onx:style>dot</onx:style><onx:weight>4.0</onx:weight><onx:color>rgba(255, 51, 0, 1)</onx:color></extensions><rtept lat="42.633348" lon="-123.160977"></rtept><rtept lat="42.635143" lon="-123.160980"></rtept><rtept lat="42.636938" lon="-123.160983"></rtept><rtept lat="42.636931" lon="-123.156059"></rtept><rtept lat="42.636924" lon="-123.151135"></rtept><rtept lat="42.633293" lon="-123.151106"></rtept><rtept lat="42.629663" lon="-123.151078"></rtept><rtept lat="42.629687" lon="-123.153551"></rtept><rtept lat="42.629710" lon="-123.156024"></rtept><rtept lat="42.629758" lon="-123.160970"></rtept><rtept lat="42.633348" lon="-123.160977"></rtept></rte><rte><name>FOREST CREEK 1</name><type>Area</type><extensions><onx:style>dot</onx:style><onx:weight>4.0</onx:weight><onx:color>rgba(255, 51, 0, 1)</onx:color></extensions><rtept lat="42.318515" lon="-123.052747"></rtept><rtept lat="42.320339" lon="-123.052771"></rtept><rtept lat="42.323985" lon="-123.052820"></rtept><rtept lat="42.323995" lon="-123.047763"></rtept><rtept lat="42.324006" lon="-123.042706"></rtept><rtept lat="42.320333" lon="-123.042725"></rtept><rtept lat="42.316661" lon="-123.042744"></rtept><rtept lat="42.316668" lon="-123.045239"></rtept><rtept lat="42.316677" lon="-123.047733"></rtept><rtept lat="42.316693" lon="-123.052723"></rtept><rtept lat="42.318515" lon="-123.052747"></rtept></rte><rte><name>FOREST CREEK 2</name><type>Area</type><extensions><onx:style>dot</onx:style><onx:weight>4.0</onx:weight><onx:color>rgba(255, 51, 0, 1)</onx:color></extensions><rtept lat="42.309298" lon="-123.045287"></rtept><rtept lat="42.309314" lon="-123.047763"></rtept><rtept lat="42.309347" lon="-123.052714"></rtept><rtept lat="42.311184" lon="-123.052716"></rtept><rtept lat="42.313020" lon="-123.052718"></rtept><rtept lat="42.314856" lon="-123.052721"></rtept><rtept lat="42.316693" lon="-123.052723"></rtept><rtept lat="42.316677" lon="-123.047733"></rtept><rtept lat="42.316668" lon="-123.045239"></rtept><rtept lat="42.316661" lon="-123.042744"></rtept><rtept lat="42.314816" lon="-123.042761"></rtept><rtept lat="42.312971" lon="-123.042778"></rtept><rtept lat="42.311126" lon="-123.042795"></rtept><rtept lat="42.309281" lon="-123.042812"></rtept><rtept lat="42.309298" lon="-123.045287"></rtept></rte><rte><name>FOREST CREEK 3</name><type>Area</type><extensions><onx:style>dot</onx:style><onx:weight>4.0</onx:weight><onx:color>rgba(255, 51, 0, 1)</onx:color></extensions><rtept lat="42.309298" lon="-123.045287"></rtept><rtept lat="42.309314" lon="-123.047763"></rtept><rtept lat="42.309347" lon="-123.052714"></rtept><rtept lat="42.311184" lon="-123.052716"></rtept><rtept lat="42.313020" lon="-123.052718"></rtept><rtept lat="42.314856" lon="-123.052721"></rtept><rtept lat="42.316693" lon="-123.052723"></rtept><rtept lat="42.316677" lon="-123.047733"></rtept><rtept lat="42.316668" lon="-123.045239"></rtept><rtept lat="42.316661" lon="-123.042744"></rtept><rtept lat="42.314816" lon="-123.042761"></rtept><rtept lat="42.312971" lon="-123.042778"></rtept><rtept lat="42.311126" lon="-123.042795"></rtept><rtept lat="42.309281" lon="-123.042812"></rtept><rtept lat="42.309298" lon="-123.045287"></rtept></rte><rte><name>FOREST CREEK 4</name><type>Area</type><extensions><onx:style>dot</onx:style><onx:weight>4.0</onx:weight><onx:color>rgba(255, 51, 0, 1)</onx:color></extensions><rtept lat="42.309347" lon="-123.052714"></rtept><rtept lat="42.309314" lon="-123.047763"></rtept><rtept lat="42.309298" lon="-123.045287"></rtept><rtept lat="42.309281" lon="-123.042812"></rtept><rtept lat="42.307441" lon="-123.042828"></rtept><rtept lat="42.305602" lon="-123.042845"></rtept><rtept lat="42.303762" lon="-123.042862"></rtept><rtept lat="42.301922" lon="-123.042878"></rtept><rtept lat="42.301963" lon="-123.047793"></rtept><rtept lat="42.302004" lon="-123.052708"></rtept><rtept lat="42.305676" lon="-123.052711"></rtept><rtept lat="42.309347" lon="-123.052714"></rtept></rte><rte><name>WHISKEY AND LACE</name><type>Area</type><extensions><onx:style>dot</onx:style><onx:weight>4.0</onx:weight><onx:color>rgba(255, 51, 0, 1)</onx:color></extensions><rtept lat="42.229054" lon="-122.953943"></rtept><rtept lat="42.229095" lon="-122.949011"></rtept><rtept lat="42.229099" lon="-122.948514"></rtept><rtept lat="42.229114" lon="-122.946297"></rtept><rtept lat="42.229130" lon="-122.944077"></rtept><rtept lat="42.225497" lon="-122.944028"></rtept><rtept lat="42.221865" lon="-122.943978"></rtept><rtept lat="42.221842" lon="-122.948903"></rtept><rtept lat="42.221819" lon="-122.953831"></rtept><rtept lat="42.225437" lon="-122.953887"></rtept><rtept lat="42.229054" lon="-122.953943"></rtept></rte><rte><name>PICKETT CREEK ONE</name><type>Area</type><extensions><onx:style>dot</onx:style><onx:weight>4.0</onx:weight><onx:color>rgba(255, 51, 0, 1)</onx:color></extensions><rtept lat="42.498891" lon="-123.523673"></rtept><rtept lat="42.498837" lon="-123.518788"></rtept><rtept lat="42.498784" lon="-123.513902"></rtept><rtept lat="42.495139" lon="-123.513888"></rtept><rtept lat="42.491494" lon="-123.513873"></rtept><rtept lat="42.491526" lon="-123.518763"></rtept><rtept lat="42.491559" lon="-123.523652"></rtept><rtept lat="42.495225" lon="-123.523663"></rtept><rtept lat="42.498891" lon="-123.523673"></rtept></rte><rte><name>UPPER DITCH CREEK 3</name><type>Area</type><extensions><onx:style>dot</onx:style><onx:weight>4.0</onx:weight><onx:color>rgba(255, 51, 0, 1)</onx:color></extensions><rtept lat="42.611561" lon="-123.210582"></rtept><rtept lat="42.615199" lon="-123.210566"></rtept><rtept lat="42.615195" lon="-123.205602"></rtept><rtept lat="42.615191" lon="-123.200638"></rtept><rtept lat="42.611549" lon="-123.200694"></rtept><rtept lat="42.607903" lon="-123.200727"></rtept><rtept lat="42.607915" lon="-123.205674"></rtept><rtept lat="42.607922" lon="-123.210597"></rtept><rtept lat="42.611561" lon="-123.210582"></rtept></rte><rte><name>UPPER DITCH CREEK 4</name><type>Area</type><extensions><onx:style>dot</onx:style><onx:weight>4.0</onx:weight><onx:color>rgba(255, 51, 0, 1)</onx:color></extensions><rtept lat="42.611561" lon="-123.210582"></rtept><rtept lat="42.615199" lon="-123.210566"></rtept><rtept lat="42.615195" lon="-123.205602"></rtept><rtept lat="42.615191" lon="-123.200638"></rtept><rtept lat="42.611549" lon="-123.200694"></rtept><rtept lat="42.607903" lon="-123.200727"></rtept><rtept lat="42.607915" lon="-123.205674"></rtept><rtept lat="42.607922" lon="-123.210597"></rtept><rtept lat="42.611561" lon="-123.210582"></rtept></rte><rte><name>CRAZY GOLD STEEL</name><type>Area</type><extensions><onx:style>dot</onx:style><onx:weight>4.0</onx:weight><onx:color>rgba(255, 51, 0, 1)</onx:color></extensions><rtept lat="42.659405" lon="-123.636792"></rtept><rtept lat="42.658149" lon="-123.636794"></rtept><rtept lat="42.658338" lon="-123.637171"></rtept><rtept lat="42.658719" lon="-123.637888"></rtept><rtept lat="42.658979" lon="-123.638535"></rtept><rtept lat="42.659298" lon="-123.639604"></rtept><rtept lat="42.659397" lon="-123.640550"></rtept><rtept lat="42.659400" lon="-123.640625"></rtept><rtept lat="42.659423" lon="-123.641210"></rtept><rtept lat="42.659464" lon="-123.641700"></rtept><rtept lat="42.663000" lon="-123.641705"></rtept><rtept lat="42.666602" lon="-123.641709"></rtept><rtept lat="42.666608" lon="-123.636795"></rtept><rtept lat="42.666614" lon="-123.631882"></rtept><rtept lat="42.663012" lon="-123.631883"></rtept><rtept lat="42.659411" lon="-123.631885"></rtept><rtept lat="42.659405" lon="-123.636792"></rtept></rte><rte><name>UPPER HAWGZ GOLD</name><type>Area</type><extensions><onx:style>dot</onx:style><onx:weight>4.0</onx:weight><onx:color>rgba(255, 51, 0, 1)</onx:color></extensions><rtept lat="42.546005" lon="-123.484421"></rtept><rtept lat="42.542356" lon="-123.484379"></rtept><rtept lat="42.542361" lon="-123.489287"></rtept><rtept lat="42.542365" lon="-123.494195"></rtept><rtept lat="42.545995" lon="-123.494181"></rtept><rtept lat="42.547809" lon="-123.494177"></rtept><rtept lat="42.549624" lon="-123.494173"></rtept><rtept lat="42.549631" lon="-123.491746"></rtept><rtept lat="42.549638" lon="-123.489319"></rtept><rtept lat="42.549646" lon="-123.486891"></rtept><rtept lat="42.549654" lon="-123.484464"></rtept><rtept lat="42.547829" lon="-123.484442"></rtept><rtept lat="42.546005" lon="-123.484421"></rtept></rte><rte><name>FRIENDS OF MINE</name><type>Area</type><extensions><onx:style>dot</onx:style><onx:weight>4.0</onx:weight><onx:color>rgba(255, 51, 0, 1)</onx:color></extensions><rtept lat="42.150060" lon="-123.205494"></rtept><rtept lat="42.150049" lon="-123.207925"></rtept><rtept lat="42.150038" lon="-123.210357"></rtept><rtept lat="42.151800" lon="-123.210416"></rtept><rtept lat="42.153561" lon="-123.210475"></rtept><rtept lat="42.157085" lon="-123.210592"></rtept><rtept lat="42.157133" lon="-123.205692"></rtept><rtept lat="42.157182" lon="-123.200792"></rtept><rtept lat="42.153631" lon="-123.200711"></rtept><rtept lat="42.150081" lon="-123.200630"></rtept><rtept lat="42.150060" lon="-123.205494"></rtept></rte><rte><name>JACKS LANDING II</name><type>Area</type><extensions><onx:style>dot</onx:style><onx:weight>4.0</onx:weight><onx:color>rgba(255, 51, 0, 1)</onx:color></extensions><rtept lat="42.591479" lon="-123.293858"></rtept><rtept lat="42.589692" lon="-123.293882"></rtept><rtept lat="42.589711" lon="-123.296371"></rtept><rtept lat="42.589730" lon="-123.298860"></rtept><rtept lat="42.593330" lon="-123.298817"></rtept><rtept lat="42.593267" lon="-123.293834"></rtept><rtept lat="42.591479" lon="-123.293858"></rtept></rte><rte><name>S2 J2 K1</name><type>Area</type><extensions><onx:style>dot</onx:style><onx:weight>4.0</onx:weight><onx:color>rgba(255, 51, 0, 1)</onx:color></extensions><rtept lat="42.502371" lon="-123.641514"></rtept><rtept lat="42.502384" lon="-123.646421"></rtept><rtept lat="42.506016" lon="-123.646444"></rtept><rtept lat="42.506004" lon="-123.641539"></rtept><rtept lat="42.502371" lon="-123.641514"></rtept></rte><rte><name>SARDINE 4</name><type>Area</type><extensions><onx:style>dot</onx:style><onx:weight>4.0</onx:weight><onx:color>rgba(255, 51, 0, 1)</onx:color></extensions><rtept lat="42.523644" lon="-123.038381"></rtept><rtept lat="42.527303" lon="-123.038418"></rtept><rtept lat="42.527362" lon="-123.033491"></rtept><rtept lat="42.523699" lon="-123.033471"></rtept><rtept lat="42.523644" lon="-123.038381"></rtept></rte><rte><name>GOLD BALL</name><type>Area</type><extensions><onx:style>dot</onx:style><onx:weight>4.0</onx:weight><onx:color>rgba(255, 51, 0, 1)</onx:color></extensions><rtept lat="42.688324" lon="-123.631871"></rtept><rtept lat="42.688325" lon="-123.626948"></rtept><rtept lat="42.688325" lon="-123.622026"></rtept><rtept lat="42.686123" lon="-123.622027"></rtept><rtept lat="42.685695" lon="-123.622027"></rtept><rtept lat="42.684700" lon="-123.622028"></rtept><rtept lat="42.683303" lon="-123.622029"></rtept><rtept lat="42.682565" lon="-123.622029"></rtept><rtept lat="42.682108" lon="-123.622030"></rtept><rtept lat="42.681075" lon="-123.622030"></rtept><rtept lat="42.681073" lon="-123.623363"></rtept><rtept lat="42.681068" lon="-123.626949"></rtept><rtept lat="42.681064" lon="-123.629551"></rtept><rtept lat="42.681061" lon="-123.631093"></rtept><rtept lat="42.681060" lon="-123.631869"></rtept><rtept lat="42.681059" lon="-123.632635"></rtept><rtept lat="42.681654" lon="-123.631869"></rtept><rtept lat="42.684692" lon="-123.631870"></rtept><rtept lat="42.688324" lon="-123.631871"></rtept></rte><rte><name>GOLD BELT</name><type>Area</type><extensions><onx:style>dot</onx:style><onx:weight>4.0</onx:weight><onx:color>rgba(255, 51, 0, 1)</onx:color></extensions><rtept lat="42.688324" lon="-123.631871"></rtept><rtept lat="42.688325" lon="-123.626948"></rtept><rtept lat="42.688325" lon="-123.622026"></rtept><rtept lat="42.686123" lon="-123.622027"></rtept><rtept lat="42.685695" lon="-123.622027"></rtept><rtept lat="42.684700" lon="-123.622028"></rtept><rtept lat="42.683303" lon="-123.622029"></rtept><rtept lat="42.682565" lon="-123.622029"></rtept><rtept lat="42.682108" lon="-123.622030"></rtept><rtept lat="42.681075" lon="-123.622030"></rtept><rtept lat="42.681073" lon="-123.623363"></rtept><rtept lat="42.681068" lon="-123.626949"></rtept><rtept lat="42.681064" lon="-123.629551"></rtept><rtept lat="42.681061" lon="-123.631093"></rtept><rtept lat="42.681060" lon="-123.631869"></rtept><rtept lat="42.681059" lon="-123.632635"></rtept><rtept lat="42.681654" lon="-123.631869"></rtept><rtept lat="42.684692" lon="-123.631870"></rtept><rtept lat="42.688324" lon="-123.631871"></rtept></rte><rte><name>GLAD MINED</name><type>Area</type><extensions><onx:style>dot</onx:style><onx:weight>4.0</onx:weight><onx:color>rgba(255, 51, 0, 1)</onx:color></extensions><rtept lat="42.498739" lon="-123.641489"></rtept><rtept lat="42.502371" lon="-123.641514"></rtept><rtept lat="42.506004" lon="-123.641539"></rtept><rtept lat="42.505997" lon="-123.636625"></rtept><rtept lat="42.505990" lon="-123.631712"></rtept><rtept lat="42.502359" lon="-123.631685"></rtept><rtept lat="42.498729" lon="-123.631659"></rtept><rtept lat="42.498734" lon="-123.636574"></rtept><rtept lat="42.498739" lon="-123.641489"></rtept></rte><rte><name>JUMP OFF JOE 1</name><type>Area</type><extensions><onx:style>dot</onx:style><onx:weight>4.0</onx:weight><onx:color>rgba(255, 51, 0, 1)</onx:color></extensions><rtept lat="42.560613" lon="-123.289199"></rtept><rtept lat="42.564256" lon="-123.289163"></rtept><rtept lat="42.564245" lon="-123.284155"></rtept><rtept lat="42.564235" lon="-123.279147"></rtept><rtept lat="42.560583" lon="-123.279199"></rtept><rtept lat="42.556931" lon="-123.279250"></rtept><rtept lat="42.556951" lon="-123.284243"></rtept><rtept lat="42.556970" lon="-123.289235"></rtept><rtept lat="42.560613" lon="-123.289199"></rtept></rte><rte><name>RMT1</name><type>Area</type><extensions><onx:style>dot</onx:style><onx:weight>4.0</onx:weight><onx:color>rgba(255, 51, 0, 1)</onx:color></extensions><rtept lat="42.495106" lon="-123.641464"></rtept><rtept lat="42.498739" lon="-123.641489"></rtept><rtept lat="42.498734" lon="-123.636574"></rtept><rtept lat="42.498729" lon="-123.631659"></rtept><rtept lat="42.495098" lon="-123.631632"></rtept><rtept lat="42.491467" lon="-123.631606"></rtept><rtept lat="42.491470" lon="-123.636522"></rtept><rtept lat="42.491473" lon="-123.641439"></rtept><rtept lat="42.495106" lon="-123.641464"></rtept></rte><rte><name>GOLDEN SLIDE</name><type>Area</type><extensions><onx:style>dot</onx:style><onx:weight>4.0</onx:weight><onx:color>rgba(255, 51, 0, 1)</onx:color></extensions><rtept lat="42.527356" lon="-123.083006"></rtept><rtept lat="42.527406" lon="-123.087863"></rtept><rtept lat="42.531016" lon="-123.087993"></rtept><rtept lat="42.530963" lon="-123.083155"></rtept><rtept lat="42.527356" lon="-123.083006"></rtept></rte><rte><name>GRAVY GOLD</name><type>Area</type><extensions><onx:style>dot</onx:style><onx:weight>4.0</onx:weight><onx:color>rgba(255, 51, 0, 1)</onx:color></extensions><rtept lat="42.644432" lon="-123.254306"></rtept><rtept lat="42.644464" lon="-123.259193"></rtept><rtept lat="42.648109" lon="-123.259218"></rtept><rtept lat="42.648073" lon="-123.254291"></rtept><rtept lat="42.644432" lon="-123.254306"></rtept></rte><rte><name>HALF MOON</name><type>Area</type><extensions><onx:style>dot</onx:style><onx:weight>4.0</onx:weight><onx:color>rgba(255, 51, 0, 1)</onx:color></extensions><rtept lat="42.648245" lon="-123.514252"></rtept><rtept lat="42.652093" lon="-123.514219"></rtept><rtept lat="42.653891" lon="-123.514185"></rtept><rtept lat="42.653881" lon="-123.511742"></rtept><rtept lat="42.653871" lon="-123.509300"></rtept><rtept lat="42.652074" lon="-123.509331"></rtept><rtept lat="42.648214" lon="-123.509383"></rtept><rtept lat="42.648230" lon="-123.511817"></rtept><rtept lat="42.648245" lon="-123.514252"></rtept></rte><rte><name>FOOLS PARIDISE</name><type>Area</type><extensions><onx:style>dot</onx:style><onx:weight>4.0</onx:weight><onx:color>rgba(255, 51, 0, 1)</onx:color></extensions><rtept lat="42.582642" lon="-123.641803"></rtept><rtept lat="42.586295" lon="-123.641814"></rtept><rtept lat="42.589948" lon="-123.641825"></rtept><rtept lat="42.593601" lon="-123.641836"></rtept><rtept lat="42.593603" lon="-123.639383"></rtept><rtept lat="42.593606" lon="-123.636929"></rtept><rtept lat="42.593608" lon="-123.634476"></rtept><rtept lat="42.593610" lon="-123.632022"></rtept><rtept lat="42.591782" lon="-123.632025"></rtept><rtept lat="42.589954" lon="-123.632027"></rtept><rtept lat="42.586298" lon="-123.632032"></rtept><rtept lat="42.582642" lon="-123.632037"></rtept><rtept lat="42.578985" lon="-123.632042"></rtept><rtept lat="42.578987" lon="-123.636916"></rtept><rtept lat="42.578989" lon="-123.641791"></rtept><rtept lat="42.582642" lon="-123.641803"></rtept></rte><rte><name>STONE OF SORROW</name><type>Area</type><extensions><onx:style>dot</onx:style><onx:weight>4.0</onx:weight><onx:color>rgba(255, 51, 0, 1)</onx:color></extensions><rtept lat="42.156130" lon="-123.239461"></rtept><rtept lat="42.156110" lon="-123.234603"></rtept><rtept lat="42.156067" lon="-123.229784"></rtept><rtept lat="42.153511" lon="-123.229685"></rtept><rtept lat="42.152536" lon="-123.229676"></rtept><rtept lat="42.150000" lon="-123.229616"></rtept><rtept lat="42.150000" lon="-123.239387"></rtept><rtept lat="42.152536" lon="-123.239418"></rtept><rtept lat="42.156130" lon="-123.239461"></rtept></rte><rte><name>GC&amp;E</name><type>Area</type><extensions><onx:style>dot</onx:style><onx:weight>4.0</onx:weight><onx:color>rgba(255, 51, 0, 1)</onx:color></extensions><rtept lat="42.448975" lon="-123.006773"></rtept><rtept lat="42.450201" lon="-123.005634"></rtept><rtept lat="42.451220" lon="-123.004918"></rtept><rtept lat="42.452569" lon="-123.003971"></rtept><rtept lat="42.453961" lon="-123.003623"></rtept><rtept lat="42.454858" lon="-123.003772"></rtept><rtept lat="42.454883" lon="-123.008572"></rtept><rtept lat="42.454909" lon="-123.013518"></rtept><rtept lat="42.458540" lon="-123.013489"></rtept><rtept lat="42.460355" lon="-123.013475"></rtept><rtept lat="42.461808" lon="-123.013463"></rtept><rtept lat="42.462171" lon="-123.013460"></rtept><rtept lat="42.462170" lon="-123.012759"></rtept><rtept lat="42.462164" lon="-123.008652"></rtept><rtept lat="42.462164" lon="-123.008537"></rtept><rtept lat="42.462162" lon="-123.007132"></rtept><rtept lat="42.462156" lon="-123.003614"></rtept><rtept lat="42.462141" lon="-123.001172"></rtept><rtept lat="42.462125" lon="-122.998712"></rtept><rtept lat="42.458478" lon="-122.998715"></rtept><rtept lat="42.454831" lon="-122.998718"></rtept><rtept lat="42.454853" lon="-123.002752"></rtept><rtept lat="42.453478" lon="-123.002674"></rtept><rtept lat="42.452586" lon="-123.002910"></rtept><rtept lat="42.451215" lon="-123.003856"></rtept><rtept lat="42.449672" lon="-123.004922"></rtept><rtept lat="42.448976" lon="-123.005712"></rtept><rtept lat="42.448192" lon="-123.006737"></rtept><rtept lat="42.447875" lon="-123.007482"></rtept><rtept lat="42.447592" lon="-123.007703"></rtept><rtept lat="42.447596" lon="-123.008548"></rtept><rtept lat="42.447596" lon="-123.008560"></rtept><rtept lat="42.448470" lon="-123.007907"></rtept><rtept lat="42.448975" lon="-123.006773"></rtept></rte><rte><name>GROVER MOCK</name><type>Area</type><extensions><onx:style>dot</onx:style><onx:weight>4.0</onx:weight><onx:color>rgba(255, 51, 0, 1)</onx:color></extensions><rtept lat="42.156130" lon="-123.239461"></rtept><rtept lat="42.156110" lon="-123.234603"></rtept><rtept lat="42.156067" lon="-123.229784"></rtept><rtept lat="42.153511" lon="-123.229685"></rtept><rtept lat="42.152536" lon="-123.229676"></rtept><rtept lat="42.150000" lon="-123.229616"></rtept><rtept lat="42.150000" lon="-123.239387"></rtept><rtept lat="42.152536" lon="-123.239418"></rtept><rtept lat="42.156130" lon="-123.239461"></rtept></rte><rte><name>MOCKING BIRD</name><type>Area</type><extensions><onx:style>dot</onx:style><onx:weight>4.0</onx:weight><onx:color>rgba(255, 51, 0, 1)</onx:color></extensions><rtept lat="42.156130" lon="-123.239461"></rtept><rtept lat="42.156110" lon="-123.234603"></rtept><rtept lat="42.156067" lon="-123.229784"></rtept><rtept lat="42.153511" lon="-123.229685"></rtept><rtept lat="42.152536" lon="-123.229676"></rtept><rtept lat="42.150000" lon="-123.229616"></rtept><rtept lat="42.150000" lon="-123.239387"></rtept><rtept lat="42.152536" lon="-123.239418"></rtept><rtept lat="42.156130" lon="-123.239461"></rtept></rte><rte><name>VALENTINE</name><type>Area</type><extensions><onx:style>dot</onx:style><onx:weight>4.0</onx:weight><onx:color>rgba(255, 51, 0, 1)</onx:color></extensions><rtept lat="42.586298" lon="-123.632032"></rtept><rtept lat="42.586300" lon="-123.627143"></rtept><rtept lat="42.586301" lon="-123.622255"></rtept><rtept lat="42.586328" lon="-123.617350"></rtept><rtept lat="42.586365" lon="-123.614051"></rtept><rtept lat="42.586383" lon="-123.612445"></rtept><rtept lat="42.582705" lon="-123.612449"></rtept><rtept lat="42.582507" lon="-123.612450"></rtept><rtept lat="42.579110" lon="-123.612453"></rtept><rtept lat="42.579054" lon="-123.616816"></rtept><rtept lat="42.579047" lon="-123.617377"></rtept><rtept lat="42.579025" lon="-123.619064"></rtept><rtept lat="42.579015" lon="-123.619839"></rtept><rtept lat="42.578983" lon="-123.622301"></rtept><rtept lat="42.578983" lon="-123.623518"></rtept><rtept lat="42.578983" lon="-123.624736"></rtept><rtept lat="42.578984" lon="-123.625954"></rtept><rtept lat="42.578984" lon="-123.626196"></rtept><rtept lat="42.578984" lon="-123.627171"></rtept><rtept lat="42.578985" lon="-123.632042"></rtept><rtept lat="42.582642" lon="-123.632037"></rtept><rtept lat="42.586298" lon="-123.632032"></rtept></rte><rte><name>QUARTER MOON</name><type>Area</type><extensions><onx:style>dot</onx:style><onx:weight>4.0</onx:weight><onx:color>rgba(255, 51, 0, 1)</onx:color></extensions><rtept lat="42.648262" lon="-123.516704"></rtept><rtept lat="42.648270" lon="-123.517930"></rtept><rtept lat="42.648278" lon="-123.519156"></rtept><rtept lat="42.652112" lon="-123.519105"></rtept><rtept lat="42.652093" lon="-123.514219"></rtept><rtept lat="42.648245" lon="-123.514252"></rtept><rtept lat="42.648253" lon="-123.515478"></rtept><rtept lat="42.648262" lon="-123.516704"></rtept></rte><rte><name>HARD LUCK 2</name><type>Area</type><extensions><onx:style>dot</onx:style><onx:weight>4.0</onx:weight><onx:color>rgba(255, 51, 0, 1)</onx:color></extensions><rtept lat="42.578985" lon="-123.632042"></rtept><rtept lat="42.582642" lon="-123.632037"></rtept><rtept lat="42.586298" lon="-123.632032"></rtept><rtept lat="42.586300" lon="-123.627143"></rtept><rtept lat="42.586301" lon="-123.622255"></rtept><rtept lat="42.582642" lon="-123.622278"></rtept><rtept lat="42.581727" lon="-123.622284"></rtept><rtept lat="42.580812" lon="-123.622289"></rtept><rtept lat="42.579897" lon="-123.622295"></rtept><rtept lat="42.578983" lon="-123.622301"></rtept><rtept lat="42.578983" lon="-123.623518"></rtept><rtept lat="42.578983" lon="-123.624736"></rtept><rtept lat="42.578984" lon="-123.625954"></rtept><rtept lat="42.578984" lon="-123.626196"></rtept><rtept lat="42.578984" lon="-123.627171"></rtept><rtept lat="42.578985" lon="-123.632042"></rtept></rte><rte><name>LUCKY STRIKE 3</name><type>Area</type><extensions><onx:style>dot</onx:style><onx:weight>4.0</onx:weight><onx:color>rgba(255, 51, 0, 1)</onx:color></extensions><rtept lat="42.591782" lon="-123.632025"></rtept><rtept lat="42.589954" lon="-123.632027"></rtept><rtept lat="42.586298" lon="-123.632032"></rtept><rtept lat="42.586297" lon="-123.636923"></rtept><rtept lat="42.586295" lon="-123.641814"></rtept><rtept lat="42.589948" lon="-123.641825"></rtept><rtept lat="42.593601" lon="-123.641836"></rtept><rtept lat="42.593603" lon="-123.639383"></rtept><rtept lat="42.593606" lon="-123.636929"></rtept><rtept lat="42.593608" lon="-123.634476"></rtept><rtept lat="42.593610" lon="-123.632022"></rtept><rtept lat="42.591782" lon="-123.632025"></rtept></rte><rte><name>LUCKY STRIKE 4</name><type>Area</type><extensions><onx:style>dot</onx:style><onx:weight>4.0</onx:weight><onx:color>rgba(255, 51, 0, 1)</onx:color></extensions><rtept lat="42.593600" lon="-123.650000"></rtept><rtept lat="42.600857" lon="-123.650000"></rtept><rtept lat="42.600857" lon="-123.646788"></rtept><rtept lat="42.600857" lon="-123.644330"></rtept><rtept lat="42.600857" lon="-123.641872"></rtept><rtept lat="42.600854" lon="-123.639423"></rtept><rtept lat="42.600850" lon="-123.636974"></rtept><rtept lat="42.600843" lon="-123.632077"></rtept><rtept lat="42.597227" lon="-123.632050"></rtept><rtept lat="42.593610" lon="-123.632022"></rtept><rtept lat="42.593608" lon="-123.634476"></rtept><rtept lat="42.593606" lon="-123.636929"></rtept><rtept lat="42.593603" lon="-123.639383"></rtept><rtept lat="42.593601" lon="-123.641836"></rtept><rtept lat="42.593601" lon="-123.644297"></rtept><rtept lat="42.593600" lon="-123.646758"></rtept><rtept lat="42.593600" lon="-123.647989"></rtept><rtept lat="42.593600" lon="-123.649219"></rtept><rtept lat="42.593600" lon="-123.650000"></rtept></rte><rte><name>STONE OF SORROW II</name><type>Area</type><extensions><onx:style>dot</onx:style><onx:weight>4.0</onx:weight><onx:color>rgba(255, 51, 0, 1)</onx:color></extensions><rtept lat="42.156130" lon="-123.239461"></rtept><rtept lat="42.156110" lon="-123.234603"></rtept><rtept lat="42.156067" lon="-123.229784"></rtept><rtept lat="42.153511" lon="-123.229685"></rtept><rtept lat="42.152536" lon="-123.229676"></rtept><rtept lat="42.150000" lon="-123.229616"></rtept><rtept lat="42.150000" lon="-123.239387"></rtept><rtept lat="42.152536" lon="-123.239418"></rtept><rtept lat="42.156130" lon="-123.239461"></rtept></rte><rte><name>GOLDEN AGE</name><type>Area</type><extensions><onx:style>dot</onx:style><onx:weight>4.0</onx:weight><onx:color>rgba(255, 51, 0, 1)</onx:color></extensions><rtept lat="42.560583" lon="-123.279199"></rtept><rtept lat="42.564235" lon="-123.279147"></rtept><rtept lat="42.564224" lon="-123.274215"></rtept><rtept lat="42.564213" lon="-123.269284"></rtept><rtept lat="42.560553" lon="-123.269359"></rtept><rtept lat="42.556893" lon="-123.269435"></rtept><rtept lat="42.556912" lon="-123.274343"></rtept><rtept lat="42.556931" lon="-123.279250"></rtept><rtept lat="42.560583" lon="-123.279199"></rtept></rte><rte><name>Murphy Placer</name><type>Area</type><extensions><onx:style>dot</onx:style><onx:weight>4.0</onx:weight><onx:color>rgba(255, 51, 0, 1)</onx:color></extensions><rtept lat="42.498739" lon="-123.641489"></rtept><rtept lat="42.498751" lon="-123.646397"></rtept><rtept lat="42.498760" lon="-123.650000"></rtept><rtept lat="42.506026" lon="-123.650000"></rtept><rtept lat="42.506016" lon="-123.646444"></rtept><rtept lat="42.506004" lon="-123.641539"></rtept><rtept lat="42.502371" lon="-123.641514"></rtept><rtept lat="42.498739" lon="-123.641489"></rtept></rte><rte><name>Grave Creek Harvest</name><type>Area</type><extensions><onx:style>dot</onx:style><onx:weight>4.0</onx:weight><onx:color>rgba(255, 51, 0, 1)</onx:color></extensions><rtept lat="42.637143" lon="-123.239968"></rtept><rtept lat="42.640810" lon="-123.239834"></rtept><rtept lat="42.644476" lon="-123.239700"></rtept><rtept lat="42.644508" lon="-123.237158"></rtept><rtept lat="42.644539" lon="-123.234617"></rtept><rtept lat="42.644571" lon="-123.232075"></rtept><rtept lat="42.644603" lon="-123.229534"></rtept><rtept lat="42.642788" lon="-123.229533"></rtept><rtept lat="42.640974" lon="-123.229533"></rtept><rtept lat="42.637346" lon="-123.229533"></rtept><rtept lat="42.637245" lon="-123.234750"></rtept><rtept lat="42.637143" lon="-123.239968"></rtept></rte><rte><name>Swedish Fish</name><type>Area</type><extensions><onx:style>dot</onx:style><onx:weight>4.0</onx:weight><onx:color>rgba(255, 51, 0, 1)</onx:color></extensions><rtept lat="42.534587" lon="-123.013784"></rtept><rtept lat="42.534604" lon="-123.018738"></rtept><rtept lat="42.534620" lon="-123.023693"></rtept><rtept lat="42.538279" lon="-123.023702"></rtept><rtept lat="42.541938" lon="-123.023712"></rtept><rtept lat="42.541926" lon="-123.021226"></rtept><rtept lat="42.541914" lon="-123.018739"></rtept><rtept lat="42.541889" lon="-123.013766"></rtept><rtept lat="42.538238" lon="-123.013775"></rtept><rtept lat="42.534587" lon="-123.013784"></rtept></rte><rte><name>Ditch Creek 1</name><type>Area</type><extensions><onx:style>dot</onx:style><onx:weight>4.0</onx:weight><onx:color>rgba(255, 51, 0, 1)</onx:color></extensions><rtept lat="42.591527" lon="-123.210321"></rtept><rtept lat="42.593355" lon="-123.210321"></rtept><rtept lat="42.593352" lon="-123.207846"></rtept><rtept lat="42.593349" lon="-123.205371"></rtept><rtept lat="42.591526" lon="-123.205375"></rtept><rtept lat="42.589703" lon="-123.205378"></rtept><rtept lat="42.589701" lon="-123.207849"></rtept><rtept lat="42.589698" lon="-123.210321"></rtept><rtept lat="42.591527" lon="-123.210321"></rtept></rte><rte><name>Ditch Creek 2</name><type>Area</type><extensions><onx:style>dot</onx:style><onx:weight>4.0</onx:weight><onx:color>rgba(255, 51, 0, 1)</onx:color></extensions><rtept lat="42.586041" lon="-123.210320"></rtept><rtept lat="42.587870" lon="-123.210321"></rtept><rtept lat="42.589698" lon="-123.210321"></rtept><rtept lat="42.589701" lon="-123.207849"></rtept><rtept lat="42.589703" lon="-123.205378"></rtept><rtept lat="42.587880" lon="-123.205382"></rtept><rtept lat="42.586969" lon="-123.205383"></rtept><rtept lat="42.586057" lon="-123.205385"></rtept><rtept lat="42.586053" lon="-123.206619"></rtept><rtept lat="42.586049" lon="-123.207853"></rtept><rtept lat="42.586041" lon="-123.210320"></rtept></rte><rte><name>Powell's Gold</name><type>Area</type><extensions><onx:style>dot</onx:style><onx:weight>4.0</onx:weight><onx:color>rgba(255, 51, 0, 1)</onx:color></extensions><rtept lat="42.243651" lon="-123.357592"></rtept><rtept lat="42.247259" lon="-123.357592"></rtept><rtept lat="42.250868" lon="-123.357593"></rtept><rtept lat="42.250900" lon="-123.352685"></rtept><rtept lat="42.250933" lon="-123.347777"></rtept><rtept lat="42.249858" lon="-123.347784"></rtept><rtept lat="42.247429" lon="-123.347799"></rtept><rtept lat="42.247326" lon="-123.347800"></rtept><rtept lat="42.243761" lon="-123.347822"></rtept><rtept lat="42.243718" lon="-123.347823"></rtept><rtept lat="42.243684" lon="-123.352707"></rtept><rtept lat="42.243651" lon="-123.357592"></rtept></rte><rte><name>Kiss Mine</name><type>Area</type><extensions><onx:style>dot</onx:style><onx:weight>4.0</onx:weight><onx:color>rgba(255, 51, 0, 1)</onx:color></extensions><rtept lat="42.150081" lon="-123.200630"></rtept><rtept lat="42.153631" lon="-123.200711"></rtept><rtept lat="42.157182" lon="-123.200792"></rtept><rtept lat="42.157230" lon="-123.195891"></rtept><rtept lat="42.157279" lon="-123.190991"></rtept><rtept lat="42.153701" lon="-123.190947"></rtept><rtept lat="42.150122" lon="-123.190903"></rtept><rtept lat="42.150102" lon="-123.195767"></rtept><rtept lat="42.150081" lon="-123.200630"></rtept></rte><rte><name>Legacy of Lowell</name><type>Area</type><extensions><onx:style>dot</onx:style><onx:weight>4.0</onx:weight><onx:color>rgba(255, 51, 0, 1)</onx:color></extensions><rtept lat="42.214735" lon="-123.229832"></rtept><rtept lat="42.218250" lon="-123.229851"></rtept><rtept lat="42.218293" lon="-123.229851"></rtept><rtept lat="42.221851" lon="-123.229870"></rtept><rtept lat="42.225440" lon="-123.229875"></rtept><rtept lat="42.229029" lon="-123.229881"></rtept><rtept lat="42.229078" lon="-123.224718"></rtept><rtept lat="42.229079" lon="-123.224666"></rtept><rtept lat="42.229125" lon="-123.219793"></rtept><rtept lat="42.229172" lon="-123.214867"></rtept><rtept lat="42.229219" lon="-123.209941"></rtept><rtept lat="42.225603" lon="-123.210097"></rtept><rtept lat="42.221986" lon="-123.210254"></rtept><rtept lat="42.218370" lon="-123.210378"></rtept><rtept lat="42.214754" lon="-123.210503"></rtept><rtept lat="42.214742" lon="-123.215355"></rtept><rtept lat="42.214731" lon="-123.220208"></rtept><rtept lat="42.214733" lon="-123.225020"></rtept><rtept lat="42.214735" lon="-123.229832"></rtept></rte><rte><name>Goldopolis</name><type>Area</type><extensions><onx:style>dot</onx:style><onx:weight>4.0</onx:weight><onx:color>rgba(255, 51, 0, 1)</onx:color></extensions><rtept lat="42.691897" lon="-123.175620"></rtept><rtept lat="42.690994" lon="-123.175623"></rtept><rtept lat="42.690091" lon="-123.175625"></rtept><rtept lat="42.689188" lon="-123.175628"></rtept><rtept lat="42.688286" lon="-123.175631"></rtept><rtept lat="42.688289" lon="-123.178104"></rtept><rtept lat="42.688292" lon="-123.180577"></rtept><rtept lat="42.691898" lon="-123.180582"></rtept><rtept lat="42.691897" lon="-123.178101"></rtept><rtept lat="42.691897" lon="-123.175620"></rtept></rte><rte><name>Henry</name><type>Area</type><extensions><onx:style>dot</onx:style><onx:weight>4.0</onx:weight><onx:color>rgba(255, 51, 0, 1)</onx:color></extensions><rtept lat="42.593337" lon="-123.239524"></rtept><rtept lat="42.597031" lon="-123.239477"></rtept><rtept lat="42.600725" lon="-123.239429"></rtept><rtept lat="42.600724" lon="-123.234520"></rtept><rtept lat="42.600714" lon="-123.229567"></rtept><rtept lat="42.597041" lon="-123.229555"></rtept><rtept lat="42.593368" lon="-123.229544"></rtept><rtept lat="42.593357" lon="-123.234555"></rtept><rtept lat="42.593337" lon="-123.239524"></rtept></rte><rte><name>Columbia</name><type>Area</type><extensions><onx:style>dot</onx:style><onx:weight>4.0</onx:weight><onx:color>rgba(255, 51, 0, 1)</onx:color></extensions><rtept lat="42.498314" lon="-123.266038"></rtept><rtept lat="42.498311" lon="-123.268488"></rtept><rtept lat="42.500135" lon="-123.268493"></rtept><rtept lat="42.501959" lon="-123.268497"></rtept><rtept lat="42.501961" lon="-123.266037"></rtept><rtept lat="42.501964" lon="-123.263578"></rtept><rtept lat="42.500141" lon="-123.263583"></rtept><rtept lat="42.499260" lon="-123.263591"></rtept><rtept lat="42.498473" lon="-123.263598"></rtept><rtept lat="42.498317" lon="-123.263588"></rtept><rtept lat="42.498314" lon="-123.266038"></rtept></rte><rte><name>Jump Off Joe 1</name><type>Area</type><extensions><onx:style>dot</onx:style><onx:weight>4.0</onx:weight><onx:color>rgba(255, 51, 0, 1)</onx:color></extensions><rtept lat="42.520553" lon="-123.455248"></rtept><rtept lat="42.520560" lon="-123.450368"></rtept><rtept lat="42.520566" lon="-123.445488"></rtept><rtept lat="42.516915" lon="-123.445449"></rtept><rtept lat="42.513263" lon="-123.445409"></rtept><rtept lat="42.513266" lon="-123.450323"></rtept><rtept lat="42.513270" lon="-123.455237"></rtept><rtept lat="42.516914" lon="-123.455243"></rtept><rtept lat="42.520553" lon="-123.455248"></rtept></rte><rte><name>County Line</name><type>Area</type><extensions><onx:style>dot</onx:style><onx:weight>4.0</onx:weight><onx:color>rgba(255, 51, 0, 1)</onx:color></extensions><rtept lat="42.644603" lon="-123.229534"></rtept><rtept lat="42.642788" lon="-123.229533"></rtept><rtept lat="42.640974" lon="-123.229533"></rtept><rtept lat="42.637346" lon="-123.229533"></rtept><rtept lat="42.637245" lon="-123.234750"></rtept><rtept lat="42.637143" lon="-123.239968"></rtept><rtept lat="42.640810" lon="-123.239834"></rtept><rtept lat="42.644476" lon="-123.239700"></rtept><rtept lat="42.644508" lon="-123.237158"></rtept><rtept lat="42.644539" lon="-123.234617"></rtept><rtept lat="42.644571" lon="-123.232075"></rtept><rtept lat="42.644603" lon="-123.229534"></rtept></rte><rte><name>New Dandy</name><type>Area</type><extensions><onx:style>dot</onx:style><onx:weight>4.0</onx:weight><onx:color>rgba(255, 51, 0, 1)</onx:color></extensions><rtept lat="42.615581" lon="-123.357146"></rtept><rtept lat="42.615659" lon="-123.352236"></rtept><rtept lat="42.615737" lon="-123.347327"></rtept><rtept lat="42.612092" lon="-123.347318"></rtept><rtept lat="42.608446" lon="-123.347310"></rtept><rtept lat="42.608320" lon="-123.352243"></rtept><rtept lat="42.608193" lon="-123.357177"></rtept><rtept lat="42.611887" lon="-123.357161"></rtept><rtept lat="42.615581" lon="-123.357146"></rtept></rte><rte><name>Spalletta Placer</name><type>Area</type><extensions><onx:style>dot</onx:style><onx:weight>4.0</onx:weight><onx:color>rgba(255, 51, 0, 1)</onx:color></extensions><rtept lat="42.339246" lon="-123.216785"></rtept><rtept lat="42.339215" lon="-123.219317"></rtept><rtept lat="42.342981" lon="-123.219279"></rtept><rtept lat="42.344864" lon="-123.219261"></rtept><rtept lat="42.346747" lon="-123.219242"></rtept><rtept lat="42.346770" lon="-123.216676"></rtept><rtept lat="42.346793" lon="-123.214110"></rtept><rtept lat="42.346839" lon="-123.208978"></rtept><rtept lat="42.343088" lon="-123.209083"></rtept><rtept lat="42.339337" lon="-123.209187"></rtept><rtept lat="42.339276" lon="-123.214252"></rtept><rtept lat="42.339261" lon="-123.215518"></rtept><rtept lat="42.339246" lon="-123.216785"></rtept></rte><rte><name>Dutch Glory</name><type>Area</type><extensions><onx:style>dot</onx:style><onx:weight>4.0</onx:weight><onx:color>rgba(255, 51, 0, 1)</onx:color></extensions><rtept lat="42.614332" lon="-123.262341"></rtept><rtept lat="42.614585" lon="-123.259110"></rtept><rtept lat="42.613509" lon="-123.259137"></rtept><rtept lat="42.611932" lon="-123.259176"></rtept><rtept lat="42.611067" lon="-123.259197"></rtept><rtept lat="42.607550" lon="-123.259284"></rtept><rtept lat="42.607287" lon="-123.264312"></rtept><rtept lat="42.607024" lon="-123.269339"></rtept><rtept lat="42.610408" lon="-123.269295"></rtept><rtept lat="42.613793" lon="-123.269251"></rtept><rtept lat="42.614189" lon="-123.264181"></rtept><rtept lat="42.614332" lon="-123.262341"></rtept></rte><rte><name>Overlooked</name><type>Area</type><extensions><onx:style>dot</onx:style><onx:weight>4.0</onx:weight><onx:color>rgba(255, 51, 0, 1)</onx:color></extensions><rtept lat="42.644400" lon="-123.249418"></rtept><rtept lat="42.646219" lon="-123.249390"></rtept><rtept lat="42.646237" lon="-123.246949"></rtept><rtept lat="42.644419" lon="-123.246989"></rtept><rtept lat="42.644400" lon="-123.249418"></rtept></rte><rte><name>Golden Joe</name><type>Area</type><extensions><onx:style>dot</onx:style><onx:weight>4.0</onx:weight><onx:color>rgba(255, 51, 0, 1)</onx:color></extensions><rtept lat="42.509372" lon="-123.297559"></rtept><rtept lat="42.510256" lon="-123.297591"></rtept><rtept lat="42.511150" lon="-123.297590"></rtept><rtept lat="42.512044" lon="-123.297590"></rtept><rtept lat="42.512946" lon="-123.297562"></rtept><rtept lat="42.512933" lon="-123.296359"></rtept><rtept lat="42.512929" lon="-123.295128"></rtept><rtept lat="42.512924" lon="-123.293897"></rtept><rtept lat="42.512928" lon="-123.292641"></rtept><rtept lat="42.512909" lon="-123.287720"></rtept><rtept lat="42.509285" lon="-123.287725"></rtept><rtept lat="42.507473" lon="-123.287728"></rtept><rtept lat="42.505660" lon="-123.287731"></rtept><rtept lat="42.505729" lon="-123.292644"></rtept><rtept lat="42.505798" lon="-123.297556"></rtept><rtept lat="42.509372" lon="-123.297559"></rtept></rte><rte><name>Rich Gulch</name><type>Area</type><extensions><onx:style>dot</onx:style><onx:weight>4.0</onx:weight><onx:color>rgba(255, 51, 0, 1)</onx:color></extensions><rtept lat="42.574273" lon="-123.632052"></rtept><rtept lat="42.575373" lon="-123.632050"></rtept><rtept lat="42.578985" lon="-123.632042"></rtept><rtept lat="42.578984" lon="-123.627171"></rtept><rtept lat="42.578984" lon="-123.626196"></rtept><rtept lat="42.578984" lon="-123.625954"></rtept><rtept lat="42.578983" lon="-123.624736"></rtept><rtept lat="42.578983" lon="-123.623518"></rtept><rtept lat="42.578983" lon="-123.622301"></rtept><rtept lat="42.575357" lon="-123.622286"></rtept><rtept lat="42.571730" lon="-123.622271"></rtept><rtept lat="42.571748" lon="-123.627156"></rtept><rtept lat="42.571750" lon="-123.627965"></rtept><rtept lat="42.571753" lon="-123.628387"></rtept><rtept lat="42.571760" lon="-123.632057"></rtept><rtept lat="42.572663" lon="-123.632057"></rtept><rtept lat="42.574273" lon="-123.632052"></rtept></rte><rte><name>Camp Wait-A-While</name><type>Area</type><extensions><onx:style>dot</onx:style><onx:weight>4.0</onx:weight><onx:color>rgba(255, 51, 0, 1)</onx:color></extensions><rtept lat="42.578984" lon="-123.625954"></rtept><rtept lat="42.578984" lon="-123.626196"></rtept><rtept lat="42.578984" lon="-123.627171"></rtept><rtept lat="42.578985" lon="-123.632042"></rtept><rtept lat="42.578987" lon="-123.636916"></rtept><rtept lat="42.578989" lon="-123.641791"></rtept><rtept lat="42.582642" lon="-123.641803"></rtept><rtept lat="42.586295" lon="-123.641814"></rtept><rtept lat="42.589948" lon="-123.641825"></rtept><rtept lat="42.593601" lon="-123.641836"></rtept><rtept lat="42.593603" lon="-123.639383"></rtept><rtept lat="42.593606" lon="-123.636929"></rtept><rtept lat="42.593608" lon="-123.634476"></rtept><rtept lat="42.593610" lon="-123.632022"></rtept><rtept lat="42.593615" lon="-123.627116"></rtept><rtept lat="42.593615" lon="-123.626196"></rtept><rtept lat="42.593619" lon="-123.622209"></rtept><rtept lat="42.589960" lon="-123.622232"></rtept><rtept lat="42.586301" lon="-123.622255"></rtept><rtept lat="42.582642" lon="-123.622278"></rtept><rtept lat="42.581727" lon="-123.622284"></rtept><rtept lat="42.580812" lon="-123.622289"></rtept><rtept lat="42.579897" lon="-123.622295"></rtept><rtept lat="42.578983" lon="-123.622301"></rtept><rtept lat="42.578983" lon="-123.623518"></rtept><rtept lat="42.578983" lon="-123.624736"></rtept><rtept lat="42.578984" lon="-123.625954"></rtept></rte><rte><name>Lost Star</name><type>Area</type><extensions><onx:style>dot</onx:style><onx:weight>4.0</onx:weight><onx:color>rgba(255, 51, 0, 1)</onx:color></extensions><rtept lat="42.171714" lon="-123.128185"></rtept><rtept lat="42.171708" lon="-123.133036"></rtept><rtept lat="42.175279" lon="-123.133039"></rtept><rtept lat="42.178850" lon="-123.133042"></rtept><rtept lat="42.178843" lon="-123.128186"></rtept><rtept lat="42.178836" lon="-123.123331"></rtept><rtept lat="42.175278" lon="-123.123332"></rtept><rtept lat="42.171721" lon="-123.123333"></rtept><rtept lat="42.171717" lon="-123.126173"></rtept><rtept lat="42.171714" lon="-123.128185"></rtept></rte><rte><name>Jump off Joe 3</name><type>Area</type><extensions><onx:style>dot</onx:style><onx:weight>4.0</onx:weight><onx:color>rgba(255, 51, 0, 1)</onx:color></extensions><rtept lat="42.520553" lon="-123.455248"></rtept><rtept lat="42.520560" lon="-123.450368"></rtept><rtept lat="42.520566" lon="-123.445488"></rtept><rtept lat="42.516915" lon="-123.445449"></rtept><rtept lat="42.513263" lon="-123.445409"></rtept><rtept lat="42.513266" lon="-123.450323"></rtept><rtept lat="42.513270" lon="-123.455237"></rtept><rtept lat="42.516914" lon="-123.455243"></rtept><rtept lat="42.520553" lon="-123.455248"></rtept></rte><rte><name>Lonesome Lyons</name><type>Area</type><extensions><onx:style>dot</onx:style><onx:weight>4.0</onx:weight><onx:color>rgba(255, 51, 0, 1)</onx:color></extensions><rtept lat="42.382365" lon="-123.116195"></rtept><rtept lat="42.382338" lon="-123.113744"></rtept><rtept lat="42.382325" lon="-123.112519"></rtept><rtept lat="42.382312" lon="-123.111294"></rtept><rtept lat="42.378678" lon="-123.111284"></rtept><rtept lat="42.376861" lon="-123.111280"></rtept><rtept lat="42.375044" lon="-123.111275"></rtept><rtept lat="42.375085" lon="-123.116213"></rtept><rtept lat="42.375127" lon="-123.121151"></rtept><rtept lat="42.378772" lon="-123.121124"></rtept><rtept lat="42.382418" lon="-123.121096"></rtept><rtept lat="42.382365" lon="-123.116195"></rtept></rte><rte><name>Burned Timber</name><type>Area</type><extensions><onx:style>dot</onx:style><onx:weight>4.0</onx:weight><onx:color>rgba(255, 51, 0, 1)</onx:color></extensions><rtept lat="42.513269" lon="-123.612103"></rtept><rtept lat="42.513284" lon="-123.607168"></rtept><rtept lat="42.513298" lon="-123.602234"></rtept><rtept lat="42.509669" lon="-123.602173"></rtept><rtept lat="42.506040" lon="-123.602112"></rtept><rtept lat="42.506024" lon="-123.607055"></rtept><rtept lat="42.506008" lon="-123.611998"></rtept><rtept lat="42.509638" lon="-123.612051"></rtept><rtept lat="42.513269" lon="-123.612103"></rtept></rte><rte><name>Lucky Lucy</name><type>Area</type><extensions><onx:style>dot</onx:style><onx:weight>4.0</onx:weight><onx:color>rgba(255, 51, 0, 1)</onx:color></extensions><rtept lat="42.230610" lon="-123.327818"></rtept><rtept lat="42.232825" lon="-123.327838"></rtept><rtept lat="42.232834" lon="-123.327838"></rtept><rtept lat="42.233358" lon="-123.327843"></rtept><rtept lat="42.236463" lon="-123.327878"></rtept><rtept lat="42.236488" lon="-123.322988"></rtept><rtept lat="42.236514" lon="-123.318099"></rtept><rtept lat="42.232899" lon="-123.318034"></rtept><rtept lat="42.229283" lon="-123.317969"></rtept><rtept lat="42.229249" lon="-123.322886"></rtept><rtept lat="42.229215" lon="-123.327804"></rtept><rtept lat="42.230610" lon="-123.327818"></rtept></rte><rte><name>Sardine 5</name><type>Area</type><extensions><onx:style>dot</onx:style><onx:weight>4.0</onx:weight><onx:color>rgba(255, 51, 0, 1)</onx:color></extensions><rtept lat="42.534523" lon="-123.043449"></rtept><rtept lat="42.534589" lon="-123.038525"></rtept><rtept lat="42.534654" lon="-123.033601"></rtept><rtept lat="42.531008" lon="-123.033546"></rtept><rtept lat="42.527362" lon="-123.033491"></rtept><rtept lat="42.527303" lon="-123.038418"></rtept><rtept lat="42.527244" lon="-123.043344"></rtept><rtept lat="42.530884" lon="-123.043397"></rtept><rtept lat="42.534523" lon="-123.043449"></rtept></rte><rte><name>Sardine 6</name><type>Area</type><extensions><onx:style>dot</onx:style><onx:weight>4.0</onx:weight><onx:color>rgba(255, 51, 0, 1)</onx:color></extensions><rtept lat="42.534523" lon="-123.043449"></rtept><rtept lat="42.534589" lon="-123.038525"></rtept><rtept lat="42.534654" lon="-123.033601"></rtept><rtept lat="42.531008" lon="-123.033546"></rtept><rtept lat="42.527362" lon="-123.033491"></rtept><rtept lat="42.527303" lon="-123.038418"></rtept><rtept lat="42.527244" lon="-123.043344"></rtept><rtept lat="42.530884" lon="-123.043397"></rtept><rtept lat="42.534523" lon="-123.043449"></rtept></rte><rte><name>Star 1</name><type>Area</type><extensions><onx:style>dot</onx:style><onx:weight>4.0</onx:weight><onx:color>rgba(255, 51, 0, 1)</onx:color></extensions><rtept lat="42.164520" lon="-123.111824"></rtept><rtept lat="42.164522" lon="-123.118465"></rtept><rtept lat="42.164523" lon="-123.123323"></rtept><rtept lat="42.168122" lon="-123.123328"></rtept><rtept lat="42.171721" lon="-123.123333"></rtept><rtept lat="42.171719" lon="-123.118473"></rtept><rtept lat="42.171721" lon="-123.111843"></rtept><rtept lat="42.170814" lon="-123.111843"></rtept><rtept lat="42.168121" lon="-123.111832"></rtept><rtept lat="42.167195" lon="-123.111831"></rtept><rtept lat="42.164980" lon="-123.111824"></rtept><rtept lat="42.164520" lon="-123.111824"></rtept></rte><rte><name>Star 2</name><type>Area</type><extensions><onx:style>dot</onx:style><onx:weight>4.0</onx:weight><onx:color>rgba(255, 51, 0, 1)</onx:color></extensions><rtept lat="42.164520" lon="-123.111824"></rtept><rtept lat="42.164522" lon="-123.118465"></rtept><rtept lat="42.164523" lon="-123.123323"></rtept><rtept lat="42.168122" lon="-123.123328"></rtept><rtept lat="42.171721" lon="-123.123333"></rtept><rtept lat="42.171719" lon="-123.118473"></rtept><rtept lat="42.171721" lon="-123.111843"></rtept><rtept lat="42.170814" lon="-123.111843"></rtept><rtept lat="42.168121" lon="-123.111832"></rtept><rtept lat="42.167195" lon="-123.111831"></rtept><rtept lat="42.164980" lon="-123.111824"></rtept><rtept lat="42.164520" lon="-123.111824"></rtept></rte><rte><name>Sunshine Susie 2</name><type>Area</type><extensions><onx:style>dot</onx:style><onx:weight>4.0</onx:weight><onx:color>rgba(255, 51, 0, 1)</onx:color></extensions><rtept lat="42.476586" lon="-123.008553"></rtept><rtept lat="42.476589" lon="-123.003637"></rtept><rtept lat="42.473013" lon="-123.003631"></rtept><rtept lat="42.469382" lon="-123.003626"></rtept><rtept lat="42.469407" lon="-123.008547"></rtept><rtept lat="42.469432" lon="-123.013468"></rtept><rtept lat="42.473064" lon="-123.013468"></rtept><rtept lat="42.476584" lon="-123.013468"></rtept><rtept lat="42.476586" lon="-123.008553"></rtept></rte><rte><name>BARG</name><type>Area</type><extensions><onx:style>dot</onx:style><onx:weight>4.0</onx:weight><onx:color>rgba(255, 51, 0, 1)</onx:color></extensions><rtept lat="42.670200" lon="-123.582754"></rtept><rtept lat="42.670283" lon="-123.582754"></rtept><rtept lat="42.673795" lon="-123.582759"></rtept><rtept lat="42.673877" lon="-123.582759"></rtept><rtept lat="42.673843" lon="-123.577852"></rtept><rtept lat="42.673808" lon="-123.572937"></rtept><rtept lat="42.670244" lon="-123.572969"></rtept><rtept lat="42.666679" lon="-123.573001"></rtept><rtept lat="42.666683" lon="-123.577899"></rtept><rtept lat="42.666688" lon="-123.582749"></rtept><rtept lat="42.670200" lon="-123.582754"></rtept></rte><rte><name>Grouse Creek</name><type>Area</type><extensions><onx:style>dot</onx:style><onx:weight>4.0</onx:weight><onx:color>rgba(255, 51, 0, 1)</onx:color></extensions><rtept lat="42.163142" lon="-122.999011"></rtept><rtept lat="42.163097" lon="-122.994012"></rtept><rtept lat="42.159393" lon="-122.993987"></rtept><rtept lat="42.155689" lon="-122.993959"></rtept><rtept lat="42.155954" lon="-122.998997"></rtept><rtept lat="42.156220" lon="-123.004035"></rtept><rtept lat="42.159704" lon="-123.004022"></rtept><rtept lat="42.163187" lon="-123.004009"></rtept><rtept lat="42.163142" lon="-122.999011"></rtept></rte><rte><name>Lady Luck</name><type>Area</type><extensions><onx:style>dot</onx:style><onx:weight>4.0</onx:weight><onx:color>rgba(255, 51, 0, 1)</onx:color></extensions><rtept lat="42.491559" lon="-123.523652"></rtept><rtept lat="42.495225" lon="-123.523663"></rtept><rtept lat="42.498891" lon="-123.523673"></rtept><rtept lat="42.498837" lon="-123.518788"></rtept><rtept lat="42.498784" lon="-123.513902"></rtept><rtept lat="42.495139" lon="-123.513888"></rtept><rtept lat="42.491494" lon="-123.513873"></rtept><rtept lat="42.491526" lon="-123.518763"></rtept><rtept lat="42.491559" lon="-123.523652"></rtept></rte><rte><name>Deuces Wild</name><type>Area</type><extensions><onx:style>dot</onx:style><onx:weight>4.0</onx:weight><onx:color>rgba(255, 51, 0, 1)</onx:color></extensions><rtept lat="42.491494" lon="-123.513873"></rtept><rtept lat="42.495139" lon="-123.513888"></rtept><rtept lat="42.498784" lon="-123.513902"></rtept><rtept lat="42.498728" lon="-123.508992"></rtept><rtept lat="42.498672" lon="-123.504082"></rtept><rtept lat="42.495038" lon="-123.504076"></rtept><rtept lat="42.491404" lon="-123.504071"></rtept><rtept lat="42.491449" lon="-123.508972"></rtept><rtept lat="42.491494" lon="-123.513873"></rtept></rte><rte><name>Gold Digger</name><type>Area</type><extensions><onx:style>dot</onx:style><onx:weight>4.0</onx:weight><onx:color>rgba(255, 51, 0, 1)</onx:color></extensions><rtept lat="42.491559" lon="-123.523652"></rtept><rtept lat="42.495225" lon="-123.523663"></rtept><rtept lat="42.498891" lon="-123.523673"></rtept><rtept lat="42.498837" lon="-123.518788"></rtept><rtept lat="42.498784" lon="-123.513902"></rtept><rtept lat="42.495139" lon="-123.513888"></rtept><rtept lat="42.491494" lon="-123.513873"></rtept><rtept lat="42.491526" lon="-123.518763"></rtept><rtept lat="42.491559" lon="-123.523652"></rtept></rte><rte><name>Upper Taylor</name><type>Area</type><extensions><onx:style>dot</onx:style><onx:weight>4.0</onx:weight><onx:color>rgba(255, 51, 0, 1)</onx:color></extensions><rtept lat="42.461684" lon="-123.592526"></rtept><rtept lat="42.458045" lon="-123.592519"></rtept><rtept lat="42.454407" lon="-123.592511"></rtept><rtept lat="42.454398" lon="-123.597376"></rtept><rtept lat="42.454390" lon="-123.602240"></rtept><rtept lat="42.458033" lon="-123.602241"></rtept><rtept lat="42.461676" lon="-123.602242"></rtept><rtept lat="42.461680" lon="-123.597384"></rtept><rtept lat="42.461684" lon="-123.592526"></rtept></rte><rte><name>Taylor 34A</name><type>Area</type><extensions><onx:style>dot</onx:style><onx:weight>4.0</onx:weight><onx:color>rgba(255, 51, 0, 1)</onx:color></extensions><rtept lat="42.491467" lon="-123.631606"></rtept><rtept lat="42.491464" lon="-123.626689"></rtept><rtept lat="42.491461" lon="-123.621772"></rtept><rtept lat="42.487828" lon="-123.621768"></rtept><rtept lat="42.484195" lon="-123.621764"></rtept><rtept lat="42.484190" lon="-123.626669"></rtept><rtept lat="42.484186" lon="-123.631573"></rtept><rtept lat="42.487826" lon="-123.631589"></rtept><rtept lat="42.491467" lon="-123.631606"></rtept></rte><rte><name>Taylor 34B</name><type>Area</type><extensions><onx:style>dot</onx:style><onx:weight>4.0</onx:weight><onx:color>rgba(255, 51, 0, 1)</onx:color></extensions><rtept lat="42.491467" lon="-123.631606"></rtept><rtept lat="42.491464" lon="-123.626689"></rtept><rtept lat="42.491461" lon="-123.621772"></rtept><rtept lat="42.487828" lon="-123.621768"></rtept><rtept lat="42.484195" lon="-123.621764"></rtept><rtept lat="42.484190" lon="-123.626669"></rtept><rtept lat="42.484186" lon="-123.631573"></rtept><rtept lat="42.487826" lon="-123.631589"></rtept><rtept lat="42.491467" lon="-123.631606"></rtept></rte><rte><name>Lower Taylor 1</name><type>Area</type><extensions><onx:style>dot</onx:style><onx:weight>4.0</onx:weight><onx:color>rgba(255, 51, 0, 1)</onx:color></extensions><rtept lat="42.498739" lon="-123.641489"></rtept><rtept lat="42.502371" lon="-123.641514"></rtept><rtept lat="42.506004" lon="-123.641539"></rtept><rtept lat="42.505997" lon="-123.636625"></rtept><rtept lat="42.505990" lon="-123.631712"></rtept><rtept lat="42.502359" lon="-123.631685"></rtept><rtept lat="42.498729" lon="-123.631659"></rtept><rtept lat="42.498734" lon="-123.636574"></rtept><rtept lat="42.498739" lon="-123.641489"></rtept></rte><rte><name>Lower Taylor 2</name><type>Area</type><extensions><onx:style>dot</onx:style><onx:weight>4.0</onx:weight><onx:color>rgba(255, 51, 0, 1)</onx:color></extensions><rtept lat="42.498729" lon="-123.631659"></rtept><rtept lat="42.502359" lon="-123.631685"></rtept><rtept lat="42.505990" lon="-123.631712"></rtept><rtept lat="42.505983" lon="-123.626798"></rtept><rtept lat="42.505976" lon="-123.621885"></rtept><rtept lat="42.502347" lon="-123.621856"></rtept><rtept lat="42.498718" lon="-123.621828"></rtept><rtept lat="42.498724" lon="-123.626743"></rtept><rtept lat="42.498729" lon="-123.631659"></rtept></rte><rte><name>Old Sturges 1</name><type>Area</type><extensions><onx:style>dot</onx:style><onx:weight>4.0</onx:weight><onx:color>rgba(255, 51, 0, 1)</onx:color></extensions><rtept lat="42.272677" lon="-123.045491"></rtept><rtept lat="42.272699" lon="-123.047952"></rtept><rtept lat="42.272699" lon="-123.047967"></rtept><rtept lat="42.272699" lon="-123.047982"></rtept><rtept lat="42.272741" lon="-123.052873"></rtept><rtept lat="42.276338" lon="-123.052889"></rtept><rtept lat="42.279935" lon="-123.052906"></rtept><rtept lat="42.279912" lon="-123.048004"></rtept><rtept lat="42.279888" lon="-123.043102"></rtept><rtept lat="42.276272" lon="-123.043066"></rtept><rtept lat="42.275368" lon="-123.043058"></rtept><rtept lat="42.274464" lon="-123.043049"></rtept><rtept lat="42.272656" lon="-123.043031"></rtept><rtept lat="42.272656" lon="-123.043092"></rtept><rtept lat="42.272677" lon="-123.045491"></rtept></rte><rte><name>Old Sturges 2</name><type>Area</type><extensions><onx:style>dot</onx:style><onx:weight>4.0</onx:weight><onx:color>rgba(255, 51, 0, 1)</onx:color></extensions><rtept lat="42.279888" lon="-123.043102"></rtept><rtept lat="42.279873" lon="-123.038125"></rtept><rtept lat="42.279857" lon="-123.033148"></rtept><rtept lat="42.276213" lon="-123.033162"></rtept><rtept lat="42.272570" lon="-123.033177"></rtept><rtept lat="42.272612" lon="-123.038104"></rtept><rtept lat="42.272614" lon="-123.038196"></rtept><rtept lat="42.272634" lon="-123.040568"></rtept><rtept lat="42.272656" lon="-123.043031"></rtept><rtept lat="42.274464" lon="-123.043049"></rtept><rtept lat="42.275368" lon="-123.043058"></rtept><rtept lat="42.276272" lon="-123.043066"></rtept><rtept lat="42.279888" lon="-123.043102"></rtept></rte><rte><name>Old Sturges 3</name><type>Area</type><extensions><onx:style>dot</onx:style><onx:weight>4.0</onx:weight><onx:color>rgba(255, 51, 0, 1)</onx:color></extensions><rtept lat="42.279888" lon="-123.043102"></rtept><rtept lat="42.279873" lon="-123.038125"></rtept><rtept lat="42.279857" lon="-123.033148"></rtept><rtept lat="42.276213" lon="-123.033162"></rtept><rtept lat="42.272570" lon="-123.033177"></rtept><rtept lat="42.272612" lon="-123.038104"></rtept><rtept lat="42.272614" lon="-123.038196"></rtept><rtept lat="42.272634" lon="-123.040568"></rtept><rtept lat="42.272656" lon="-123.043031"></rtept><rtept lat="42.274464" lon="-123.043049"></rtept><rtept lat="42.275368" lon="-123.043058"></rtept><rtept lat="42.276272" lon="-123.043066"></rtept><rtept lat="42.279888" lon="-123.043102"></rtept></rte><rte><name>Old Sturges 4</name><type>Area</type><extensions><onx:style>dot</onx:style><onx:weight>4.0</onx:weight><onx:color>rgba(255, 51, 0, 1)</onx:color></extensions><rtept lat="42.265259" lon="-123.034425"></rtept><rtept lat="42.265293" lon="-123.038234"></rtept><rtept lat="42.265338" lon="-123.043075"></rtept><rtept lat="42.268997" lon="-123.043083"></rtept><rtept lat="42.272656" lon="-123.043092"></rtept><rtept lat="42.272656" lon="-123.043031"></rtept><rtept lat="42.272634" lon="-123.040568"></rtept><rtept lat="42.272614" lon="-123.038196"></rtept><rtept lat="42.272612" lon="-123.038104"></rtept><rtept lat="42.272570" lon="-123.033177"></rtept><rtept lat="42.270739" lon="-123.033196"></rtept><rtept lat="42.268908" lon="-123.033215"></rtept><rtept lat="42.265951" lon="-123.033246"></rtept><rtept lat="42.265248" lon="-123.033253"></rtept><rtept lat="42.265259" lon="-123.034425"></rtept></rte><rte><name>Old Sturges 5</name><type>Area</type><extensions><onx:style>dot</onx:style><onx:weight>4.0</onx:weight><onx:color>rgba(255, 51, 0, 1)</onx:color></extensions><rtept lat="42.265259" lon="-123.034425"></rtept><rtept lat="42.265293" lon="-123.038234"></rtept><rtept lat="42.265338" lon="-123.043075"></rtept><rtept lat="42.268997" lon="-123.043083"></rtept><rtept lat="42.272656" lon="-123.043092"></rtept><rtept lat="42.272656" lon="-123.043031"></rtept><rtept lat="42.272634" lon="-123.040568"></rtept><rtept lat="42.272614" lon="-123.038196"></rtept><rtept lat="42.272612" lon="-123.038104"></rtept><rtept lat="42.272570" lon="-123.033177"></rtept><rtept lat="42.270739" lon="-123.033196"></rtept><rtept lat="42.268908" lon="-123.033215"></rtept><rtept lat="42.265951" lon="-123.033246"></rtept><rtept lat="42.265248" lon="-123.033253"></rtept><rtept lat="42.265259" lon="-123.034425"></rtept></rte><rte><name>Sam's Verge</name><type>Area</type><extensions><onx:style>dot</onx:style><onx:weight>4.0</onx:weight><onx:color>rgba(255, 51, 0, 1)</onx:color></extensions><rtept lat="42.476586" lon="-123.008553"></rtept><rtept lat="42.476589" lon="-123.003637"></rtept><rtept lat="42.473013" lon="-123.003631"></rtept><rtept lat="42.469382" lon="-123.003626"></rtept><rtept lat="42.469407" lon="-123.008547"></rtept><rtept lat="42.469432" lon="-123.013468"></rtept><rtept lat="42.473064" lon="-123.013468"></rtept><rtept lat="42.476584" lon="-123.013468"></rtept><rtept lat="42.476586" lon="-123.008553"></rtept></rte><rte><name>Warp Zone</name><type>Area</type><extensions><onx:style>dot</onx:style><onx:weight>4.0</onx:weight><onx:color>rgba(255, 51, 0, 1)</onx:color></extensions><rtept lat="42.593317" lon="-123.524304"></rtept><rtept lat="42.596942" lon="-123.524343"></rtept><rtept lat="42.600568" lon="-123.524382"></rtept><rtept lat="42.600521" lon="-123.519389"></rtept><rtept lat="42.600475" lon="-123.514396"></rtept><rtept lat="42.596905" lon="-123.514303"></rtept><rtept lat="42.593336" lon="-123.514211"></rtept><rtept lat="42.593326" lon="-123.519258"></rtept><rtept lat="42.593317" lon="-123.524304"></rtept></rte><rte><name>Pound Cake</name><type>Area</type><extensions><onx:style>dot</onx:style><onx:weight>4.0</onx:weight><onx:color>rgba(255, 51, 0, 1)</onx:color></extensions><rtept lat="42.447623" lon="-123.013460"></rtept><rtept lat="42.447634" lon="-123.018366"></rtept><rtept lat="42.447646" lon="-123.023272"></rtept><rtept lat="42.447657" lon="-123.028178"></rtept><rtept lat="42.447668" lon="-123.033083"></rtept><rtept lat="42.451309" lon="-123.033077"></rtept><rtept lat="42.453858" lon="-123.033072"></rtept><rtept lat="42.454577" lon="-123.033071"></rtept><rtept lat="42.454950" lon="-123.033070"></rtept><rtept lat="42.455772" lon="-123.033069"></rtept><rtept lat="42.455778" lon="-123.033069"></rtept><rtept lat="42.457682" lon="-123.033066"></rtept><rtept lat="42.458593" lon="-123.033065"></rtept><rtept lat="42.462236" lon="-123.033060"></rtept><rtept lat="42.462235" lon="-123.028177"></rtept><rtept lat="42.462235" lon="-123.025735"></rtept><rtept lat="42.462235" lon="-123.023294"></rtept><rtept lat="42.462203" lon="-123.018377"></rtept><rtept lat="42.462174" lon="-123.014029"></rtept><rtept lat="42.462171" lon="-123.013460"></rtept><rtept lat="42.461808" lon="-123.013463"></rtept><rtept lat="42.460355" lon="-123.013475"></rtept><rtept lat="42.458540" lon="-123.013489"></rtept><rtept lat="42.454909" lon="-123.013518"></rtept><rtept lat="42.451266" lon="-123.013489"></rtept><rtept lat="42.447623" lon="-123.013460"></rtept></rte><rte><name>English Flat</name><type>Area</type><extensions><onx:style>dot</onx:style><onx:weight>4.0</onx:weight><onx:color>rgba(255, 51, 0, 1)</onx:color></extensions><rtept lat="42.520562" lon="-123.597441"></rtept><rtept lat="42.524187" lon="-123.597491"></rtept><rtept lat="42.524193" lon="-123.592581"></rtept><rtept lat="42.520567" lon="-123.592526"></rtept><rtept lat="42.520562" lon="-123.597441"></rtept></rte><rte><name>Little Nugget</name><type>Area</type><extensions><onx:style>dot</onx:style><onx:weight>4.0</onx:weight><onx:color>rgba(255, 51, 0, 1)</onx:color></extensions><rtept lat="42.688154" lon="-123.220196"></rtept><rtept lat="42.688155" lon="-123.218978"></rtept><rtept lat="42.688157" lon="-123.217759"></rtept><rtept lat="42.688159" lon="-123.216541"></rtept><rtept lat="42.688160" lon="-123.215323"></rtept><rtept lat="42.688167" lon="-123.210449"></rtept><rtept lat="42.684592" lon="-123.210445"></rtept><rtept lat="42.681017" lon="-123.210441"></rtept><rtept lat="42.680981" lon="-123.215348"></rtept><rtept lat="42.680945" lon="-123.220255"></rtept><rtept lat="42.684549" lon="-123.220226"></rtept><rtept lat="42.688154" lon="-123.220196"></rtept></rte><rte><name>Corner Pocket</name><type>Area</type><extensions><onx:style>dot</onx:style><onx:weight>4.0</onx:weight><onx:color>rgba(255, 51, 0, 1)</onx:color></extensions><rtept lat="42.593052" lon="-123.283901"></rtept><rtept lat="42.591307" lon="-123.283920"></rtept><rtept lat="42.591368" lon="-123.286400"></rtept><rtept lat="42.591429" lon="-123.288877"></rtept><rtept lat="42.593208" lon="-123.288857"></rtept><rtept lat="42.593130" lon="-123.286379"></rtept><rtept lat="42.593052" lon="-123.283901"></rtept></rte><rte><name>Taylor Falls 1</name><type>Area</type><extensions><onx:style>dot</onx:style><onx:weight>4.0</onx:weight><onx:color>rgba(255, 51, 0, 1)</onx:color></extensions><rtept lat="42.468926" lon="-123.611934"></rtept><rtept lat="42.468934" lon="-123.607069"></rtept><rtept lat="42.468941" lon="-123.602204"></rtept><rtept lat="42.465309" lon="-123.602223"></rtept><rtept lat="42.461676" lon="-123.602242"></rtept><rtept lat="42.461668" lon="-123.607094"></rtept><rtept lat="42.461659" lon="-123.611947"></rtept><rtept lat="42.465293" lon="-123.611940"></rtept><rtept lat="42.468926" lon="-123.611934"></rtept></rte><rte><name>Taylor Falls 2</name><type>Area</type><extensions><onx:style>dot</onx:style><onx:weight>4.0</onx:weight><onx:color>rgba(255, 51, 0, 1)</onx:color></extensions><rtept lat="42.468926" lon="-123.611934"></rtept><rtept lat="42.468934" lon="-123.607069"></rtept><rtept lat="42.468941" lon="-123.602204"></rtept><rtept lat="42.465309" lon="-123.602223"></rtept><rtept lat="42.461676" lon="-123.602242"></rtept><rtept lat="42.461668" lon="-123.607094"></rtept><rtept lat="42.461659" lon="-123.611947"></rtept><rtept lat="42.465293" lon="-123.611940"></rtept><rtept lat="42.468926" lon="-123.611934"></rtept></rte><rte><name>Minnow 4</name><type>Area</type><extensions><onx:style>dot</onx:style><onx:weight>4.0</onx:weight><onx:color>rgba(255, 51, 0, 1)</onx:color></extensions><rtept lat="42.480527" lon="-123.641352"></rtept><rtept lat="42.484176" lon="-123.641381"></rtept><rtept lat="42.484181" lon="-123.636477"></rtept><rtept lat="42.484186" lon="-123.631573"></rtept><rtept lat="42.480544" lon="-123.631556"></rtept><rtept lat="42.476903" lon="-123.631540"></rtept><rtept lat="42.476890" lon="-123.636236"></rtept><rtept lat="42.476890" lon="-123.636432"></rtept><rtept lat="42.476878" lon="-123.641098"></rtept><rtept lat="42.476878" lon="-123.641323"></rtept><rtept lat="42.480527" lon="-123.641352"></rtept></rte><rte><name>Hideout Hill</name><type>Area</type><extensions><onx:style>dot</onx:style><onx:weight>4.0</onx:weight><onx:color>rgba(255, 51, 0, 1)</onx:color></extensions><rtept lat="42.487828" lon="-123.624223"></rtept><rtept lat="42.487827" lon="-123.626679"></rtept><rtept lat="42.489646" lon="-123.626684"></rtept><rtept lat="42.491464" lon="-123.626689"></rtept><rtept lat="42.491462" lon="-123.624230"></rtept><rtept lat="42.489645" lon="-123.624227"></rtept><rtept lat="42.487828" lon="-123.624223"></rtept></rte><rte><name>Gem's Mine</name><type>Area</type><extensions><onx:style>dot</onx:style><onx:weight>4.0</onx:weight><onx:color>rgba(255, 51, 0, 1)</onx:color></extensions><rtept lat="42.312977" lon="-123.044020"></rtept><rtept lat="42.312983" lon="-123.045263"></rtept><rtept lat="42.314826" lon="-123.045251"></rtept><rtept lat="42.316668" lon="-123.045239"></rtept><rtept lat="42.318502" lon="-123.045238"></rtept><rtept lat="42.320335" lon="-123.045237"></rtept><rtept lat="42.320334" lon="-123.043981"></rtept><rtept lat="42.318499" lon="-123.043986"></rtept><rtept lat="42.316664" lon="-123.043991"></rtept><rtept lat="42.314821" lon="-123.044006"></rtept><rtept lat="42.312977" lon="-123.044020"></rtept></rte><rte><name>Joe's Gold Bar</name><type>Area</type><extensions><onx:style>dot</onx:style><onx:weight>4.0</onx:weight><onx:color>rgba(255, 51, 0, 1)</onx:color></extensions><rtept lat="42.580572" lon="-123.210288"></rtept><rtept lat="42.578749" lon="-123.210277"></rtept><rtept lat="42.578758" lon="-123.215261"></rtept><rtept lat="42.578768" lon="-123.220244"></rtept><rtept lat="42.578772" lon="-123.225135"></rtept><rtept lat="42.578774" lon="-123.227585"></rtept><rtept lat="42.578776" lon="-123.229626"></rtept><rtept lat="42.582426" lon="-123.229615"></rtept><rtept lat="42.586077" lon="-123.229603"></rtept><rtept lat="42.589727" lon="-123.229595"></rtept><rtept lat="42.593368" lon="-123.229544"></rtept><rtept lat="42.593365" lon="-123.225161"></rtept><rtept lat="42.593351" lon="-123.220245"></rtept><rtept lat="42.593352" lon="-123.219004"></rtept><rtept lat="42.593352" lon="-123.217764"></rtept><rtept lat="42.593353" lon="-123.216523"></rtept><rtept lat="42.593353" lon="-123.215283"></rtept><rtept lat="42.593354" lon="-123.212802"></rtept><rtept lat="42.593355" lon="-123.210321"></rtept><rtept lat="42.591527" lon="-123.210321"></rtept><rtept lat="42.589698" lon="-123.210321"></rtept><rtept lat="42.587870" lon="-123.210321"></rtept><rtept lat="42.586041" lon="-123.210320"></rtept><rtept lat="42.582395" lon="-123.210299"></rtept><rtept lat="42.580572" lon="-123.210288"></rtept></rte><rte><name>Lucky Karma</name><type>Area</type><extensions><onx:style>dot</onx:style><onx:weight>4.0</onx:weight><onx:color>rgba(255, 51, 0, 1)</onx:color></extensions><rtept lat="42.509341" lon="-123.295133"></rtept><rtept lat="42.509330" lon="-123.293904"></rtept><rtept lat="42.509328" lon="-123.292642"></rtept><rtept lat="42.507529" lon="-123.292643"></rtept><rtept lat="42.505729" lon="-123.292644"></rtept><rtept lat="42.505798" lon="-123.297556"></rtept><rtept lat="42.509372" lon="-123.297559"></rtept><rtept lat="42.509351" lon="-123.296362"></rtept><rtept lat="42.509341" lon="-123.295133"></rtept></rte><rte><name>Archetype</name><type>Area</type><extensions><onx:style>dot</onx:style><onx:weight>4.0</onx:weight><onx:color>rgba(255, 51, 0, 1)</onx:color></extensions><rtept lat="42.522360" lon="-123.604840"></rtept><rtept lat="42.522368" lon="-123.602379"></rtept><rtept lat="42.520556" lon="-123.602356"></rtept><rtept lat="42.520549" lon="-123.604819"></rtept><rtept lat="42.520543" lon="-123.607282"></rtept><rtept lat="42.522352" lon="-123.607301"></rtept><rtept lat="42.522360" lon="-123.604840"></rtept></rte><rte><name>Minnow 7</name><type>Area</type><extensions><onx:style>dot</onx:style><onx:weight>4.0</onx:weight><onx:color>rgba(255, 51, 0, 1)</onx:color></extensions><rtept lat="42.491469" lon="-123.634064"></rtept><rtept lat="42.491470" lon="-123.636522"></rtept><rtept lat="42.493286" lon="-123.636535"></rtept><rtept lat="42.495102" lon="-123.636548"></rtept><rtept lat="42.495100" lon="-123.634090"></rtept><rtept lat="42.493284" lon="-123.634077"></rtept><rtept lat="42.491469" lon="-123.634064"></rtept></rte><rte><name>K Cone</name><type>Area</type><extensions><onx:style>dot</onx:style><onx:weight>4.0</onx:weight><onx:color>rgba(255, 51, 0, 1)</onx:color></extensions><rtept lat="42.549747" lon="-123.303919"></rtept><rtept lat="42.549729" lon="-123.306358"></rtept><rtept lat="42.551546" lon="-123.306352"></rtept><rtept lat="42.553364" lon="-123.306347"></rtept><rtept lat="42.553372" lon="-123.303901"></rtept><rtept lat="42.551559" lon="-123.303910"></rtept><rtept lat="42.549747" lon="-123.303919"></rtept></rte><rte><name>Wild Bill PMC</name><type>Area</type><extensions><onx:style>dot</onx:style><onx:weight>4.0</onx:weight><onx:color>rgba(255, 51, 0, 1)</onx:color></extensions><rtept lat="42.177974" lon="-123.356894"></rtept><rtept lat="42.181575" lon="-123.356910"></rtept><rtept lat="42.185176" lon="-123.356926"></rtept><rtept lat="42.185208" lon="-123.351984"></rtept><rtept lat="42.185239" lon="-123.347220"></rtept><rtept lat="42.185128" lon="-123.347216"></rtept><rtept lat="42.181626" lon="-123.347242"></rtept><rtept lat="42.181439" lon="-123.347244"></rtept><rtept lat="42.178012" lon="-123.347270"></rtept><rtept lat="42.177993" lon="-123.352032"></rtept><rtept lat="42.177974" lon="-123.356894"></rtept></rte><rte><name>Bairapple</name><type>Area</type><extensions><onx:style>dot</onx:style><onx:weight>4.0</onx:weight><onx:color>rgba(255, 51, 0, 1)</onx:color></extensions><rtept lat="42.238638" lon="-123.131688"></rtept><rtept lat="42.236835" lon="-123.131677"></rtept><rtept lat="42.236847" lon="-123.134064"></rtept><rtept lat="42.236860" lon="-123.136451"></rtept><rtept lat="42.238649" lon="-123.136496"></rtept><rtept lat="42.240439" lon="-123.136542"></rtept><rtept lat="42.240441" lon="-123.134121"></rtept><rtept lat="42.238644" lon="-123.134092"></rtept><rtept lat="42.238638" lon="-123.131688"></rtept></rte><rte><name>Baker Creek</name><type>Area</type><extensions><onx:style>dot</onx:style><onx:weight>4.0</onx:weight><onx:color>rgba(255, 51, 0, 1)</onx:color></extensions><rtept lat="42.666517" lon="-123.220264"></rtept><rtept lat="42.666523" lon="-123.215341"></rtept><rtept lat="42.666528" lon="-123.210418"></rtept><rtept lat="42.662896" lon="-123.210402"></rtept><rtept lat="42.659265" lon="-123.210387"></rtept><rtept lat="42.659241" lon="-123.215300"></rtept><rtept lat="42.659217" lon="-123.220213"></rtept><rtept lat="42.662867" lon="-123.220239"></rtept><rtept lat="42.666517" lon="-123.220264"></rtept></rte><rte><name>J and J Treasure Box</name><type>Area</type><extensions><onx:style>dot</onx:style><onx:weight>4.0</onx:weight><onx:color>rgba(255, 51, 0, 1)</onx:color></extensions><rtept lat="42.251105" lon="-123.298561"></rtept><rtept lat="42.251136" lon="-123.303428"></rtept><rtept lat="42.254809" lon="-123.303476"></rtept><rtept lat="42.254769" lon="-123.298592"></rtept><rtept lat="42.251105" lon="-123.298561"></rtept></rte><rte><name>Lucky Sucker</name><type>Area</type><extensions><onx:style>dot</onx:style><onx:weight>4.0</onx:weight><onx:color>rgba(255, 51, 0, 1)</onx:color></extensions><rtept lat="42.153058" lon="-123.468925"></rtept><rtept lat="42.152158" lon="-123.468923"></rtept><rtept lat="42.151258" lon="-123.468920"></rtept><rtept lat="42.151261" lon="-123.470122"></rtept><rtept lat="42.151263" lon="-123.471323"></rtept><rtept lat="42.152164" lon="-123.471321"></rtept><rtept lat="42.153065" lon="-123.471319"></rtept><rtept lat="42.153069" lon="-123.472516"></rtept><rtept lat="42.154872" lon="-123.472508"></rtept><rtept lat="42.154863" lon="-123.470122"></rtept><rtept lat="42.153062" lon="-123.470122"></rtept><rtept lat="42.153058" lon="-123.468925"></rtept></rte><rte><name>Blanchard Gulch</name><type>Area</type><extensions><onx:style>dot</onx:style><onx:weight>4.0</onx:weight><onx:color>rgba(255, 51, 0, 1)</onx:color></extensions><rtept lat="42.571760" lon="-123.632057"></rtept><rtept lat="42.571762" lon="-123.633276"></rtept><rtept lat="42.571771" lon="-123.635395"></rtept><rtept lat="42.571775" lon="-123.636920"></rtept><rtept lat="42.575382" lon="-123.636918"></rtept><rtept lat="42.575373" lon="-123.632050"></rtept><rtept lat="42.574273" lon="-123.632052"></rtept><rtept lat="42.572663" lon="-123.632057"></rtept><rtept lat="42.571760" lon="-123.632057"></rtept></rte><rte><name>Quartz</name><type>Area</type><extensions><onx:style>dot</onx:style><onx:weight>4.0</onx:weight><onx:color>rgba(255, 51, 0, 1)</onx:color></extensions><rtept lat="42.579033" lon="-123.469963"></rtept><rtept lat="42.578969" lon="-123.472450"></rtept><rtept lat="42.580785" lon="-123.472442"></rtept><rtept lat="42.582601" lon="-123.472435"></rtept><rtept lat="42.582673" lon="-123.469946"></rtept><rtept lat="42.580853" lon="-123.469954"></rtept><rtept lat="42.579033" lon="-123.469963"></rtept></rte><rte><name>High Prospects</name><type>Area</type><extensions><onx:style>dot</onx:style><onx:weight>4.0</onx:weight><onx:color>rgba(255, 51, 0, 1)</onx:color></extensions><rtept lat="42.157331" lon="-123.125740"></rtept><rtept lat="42.157332" lon="-123.126173"></rtept><rtept lat="42.157335" lon="-123.128167"></rtept><rtept lat="42.157341" lon="-123.133023"></rtept><rtept lat="42.160933" lon="-123.133026"></rtept><rtept lat="42.164524" lon="-123.133029"></rtept><rtept lat="42.168116" lon="-123.133033"></rtept><rtept lat="42.171708" lon="-123.133036"></rtept><rtept lat="42.171714" lon="-123.128185"></rtept><rtept lat="42.171717" lon="-123.126173"></rtept><rtept lat="42.171721" lon="-123.123333"></rtept><rtept lat="42.171719" lon="-123.118473"></rtept><rtept lat="42.171721" lon="-123.111843"></rtept><rtept lat="42.170814" lon="-123.111843"></rtept><rtept lat="42.168121" lon="-123.111832"></rtept><rtept lat="42.167195" lon="-123.111831"></rtept><rtept lat="42.164980" lon="-123.111824"></rtept><rtept lat="42.164520" lon="-123.111824"></rtept><rtept lat="42.163575" lon="-123.111822"></rtept><rtept lat="42.160920" lon="-123.111807"></rtept><rtept lat="42.159956" lon="-123.111805"></rtept><rtept lat="42.157828" lon="-123.111796"></rtept><rtept lat="42.157319" lon="-123.111796"></rtept><rtept lat="42.157325" lon="-123.118451"></rtept><rtept lat="42.157328" lon="-123.123312"></rtept><rtept lat="42.157331" lon="-123.125740"></rtept></rte><rte><name>Slade Hill</name><type>Area</type><extensions><onx:style>dot</onx:style><onx:weight>4.0</onx:weight><onx:color>rgba(255, 51, 0, 1)</onx:color></extensions><rtept lat="42.263882" lon="-123.325736"></rtept><rtept lat="42.263899" lon="-123.323323"></rtept><rtept lat="42.262066" lon="-123.323298"></rtept><rtept lat="42.262045" lon="-123.325714"></rtept><rtept lat="42.262025" lon="-123.328130"></rtept><rtept lat="42.263865" lon="-123.328148"></rtept><rtept lat="42.263882" lon="-123.325736"></rtept></rte><rte><name>Evans 1</name><type>Area</type><extensions><onx:style>dot</onx:style><onx:weight>4.0</onx:weight><onx:color>rgba(255, 51, 0, 1)</onx:color></extensions><rtept lat="42.636671" lon="-123.040566"></rtept><rtept lat="42.636690" lon="-123.041783"></rtept><rtept lat="42.636708" lon="-123.042999"></rtept><rtept lat="42.636727" lon="-123.044216"></rtept><rtept lat="42.636732" lon="-123.045412"></rtept><rtept lat="42.636738" lon="-123.046608"></rtept><rtept lat="42.636744" lon="-123.047804"></rtept><rtept lat="42.636750" lon="-123.049000"></rtept><rtept lat="42.636773" lon="-123.053785"></rtept><rtept lat="42.640528" lon="-123.053955"></rtept><rtept lat="42.644283" lon="-123.054125"></rtept><rtept lat="42.647970" lon="-123.054176"></rtept><rtept lat="42.651771" lon="-123.054231"></rtept><rtept lat="42.651766" lon="-123.049251"></rtept><rtept lat="42.651761" lon="-123.044270"></rtept><rtept lat="42.651755" lon="-123.039288"></rtept><rtept lat="42.651750" lon="-123.034307"></rtept><rtept lat="42.647748" lon="-123.034329"></rtept><rtept lat="42.643799" lon="-123.034351"></rtept><rtept lat="42.640189" lon="-123.034417"></rtept><rtept lat="42.636579" lon="-123.034483"></rtept><rtept lat="42.636653" lon="-123.039349"></rtept><rtept lat="42.636671" lon="-123.040566"></rtept></rte><rte><name>Grave Digger</name><type>Area</type><extensions><onx:style>dot</onx:style><onx:weight>4.0</onx:weight><onx:color>rgba(255, 51, 0, 1)</onx:color></extensions><rtept lat="42.699137" lon="-123.168200"></rtept><rtept lat="42.699147" lon="-123.170631"></rtept><rtept lat="42.700000" lon="-123.170632"></rtept><rtept lat="42.700000" lon="-123.168199"></rtept><rtept lat="42.699137" lon="-123.168200"></rtept></rte><rte><name>Fog Rider</name><type>Area</type><extensions><onx:style>dot</onx:style><onx:weight>4.0</onx:weight><onx:color>rgba(255, 51, 0, 1)</onx:color></extensions><rtept lat="42.622483" lon="-123.190653"></rtept><rtept lat="42.624865" lon="-123.190658"></rtept><rtept lat="42.626122" lon="-123.190661"></rtept><rtept lat="42.629762" lon="-123.190668"></rtept><rtept lat="42.633401" lon="-123.190676"></rtept><rtept lat="42.637041" lon="-123.190683"></rtept><rtept lat="42.637025" lon="-123.185693"></rtept><rtept lat="42.637010" lon="-123.180703"></rtept><rtept lat="42.637131" lon="-123.175735"></rtept><rtept lat="42.637252" lon="-123.170767"></rtept><rtept lat="42.633550" lon="-123.170775"></rtept><rtept lat="42.629849" lon="-123.170782"></rtept><rtept lat="42.626262" lon="-123.170794"></rtept><rtept lat="42.624472" lon="-123.170786"></rtept><rtept lat="42.622683" lon="-123.170777"></rtept><rtept lat="42.622675" lon="-123.173295"></rtept><rtept lat="42.622644" lon="-123.175772"></rtept><rtept lat="42.622581" lon="-123.180729"></rtept><rtept lat="42.622532" lon="-123.185691"></rtept><rtept lat="42.622483" lon="-123.190653"></rtept></rte><rte><name>Star Gulch 1</name><type>Area</type><extensions><onx:style>dot</onx:style><onx:weight>4.0</onx:weight><onx:color>rgba(255, 51, 0, 1)</onx:color></extensions><rtept lat="42.171721" lon="-123.123333"></rtept><rtept lat="42.171717" lon="-123.126173"></rtept><rtept lat="42.171714" lon="-123.128185"></rtept><rtept lat="42.175279" lon="-123.128186"></rtept><rtept lat="42.175278" lon="-123.123332"></rtept><rtept lat="42.171721" lon="-123.123333"></rtept></rte><rte><name>Maid of the Mist Extension</name><type>Area</type><extensions><onx:style>dot</onx:style><onx:weight>4.0</onx:weight><onx:color>rgba(255, 51, 0, 1)</onx:color></extensions><rtept lat="42.204034" lon="-123.167033"></rtept><rtept lat="42.202246" lon="-123.167011"></rtept><rtept lat="42.202252" lon="-123.169420"></rtept><rtept lat="42.202258" lon="-123.171829"></rtept><rtept lat="42.202255" lon="-123.174244"></rtept><rtept lat="42.202251" lon="-123.176659"></rtept><rtept lat="42.204040" lon="-123.176662"></rtept><rtept lat="42.204041" lon="-123.174252"></rtept><rtept lat="42.204042" lon="-123.171841"></rtept><rtept lat="42.204038" lon="-123.169437"></rtept><rtept lat="42.204034" lon="-123.167033"></rtept></rte><rte><name>Jiffy Pop</name><type>Area</type><extensions><onx:style>dot</onx:style><onx:weight>4.0</onx:weight><onx:color>rgba(255, 51, 0, 1)</onx:color></extensions><rtept lat="42.538721" lon="-123.299024"></rtept><rtept lat="42.538725" lon="-123.301492"></rtept><rtept lat="42.540553" lon="-123.301489"></rtept><rtept lat="42.542380" lon="-123.301487"></rtept><rtept lat="42.542376" lon="-123.299030"></rtept><rtept lat="42.540549" lon="-123.299027"></rtept><rtept lat="42.538721" lon="-123.299024"></rtept></rte><rte><name>Stratosphere</name><type>Area</type><extensions><onx:style>dot</onx:style><onx:weight>4.0</onx:weight><onx:color>rgba(255, 51, 0, 1)</onx:color></extensions><rtept lat="42.571847" lon="-123.544305"></rtept><rtept lat="42.571870" lon="-123.546703"></rtept><rtept lat="42.573678" lon="-123.546705"></rtept><rtept lat="42.575486" lon="-123.546706"></rtept><rtept lat="42.575465" lon="-123.544300"></rtept><rtept lat="42.573656" lon="-123.544303"></rtept><rtept lat="42.571847" lon="-123.544305"></rtept></rte><rte><name>King Solomons Mine</name><type>Area</type><extensions><onx:style>dot</onx:style><onx:weight>4.0</onx:weight><onx:color>rgba(255, 51, 0, 1)</onx:color></extensions><rtept lat="42.229029" lon="-123.229881"></rtept><rtept lat="42.232727" lon="-123.229844"></rtept><rtept lat="42.236425" lon="-123.229807"></rtept><rtept lat="42.240112" lon="-123.229846"></rtept><rtept lat="42.243799" lon="-123.229884"></rtept><rtept lat="42.243811" lon="-123.224644"></rtept><rtept lat="42.243811" lon="-123.224638"></rtept><rtept lat="42.243811" lon="-123.224610"></rtept><rtept lat="42.243823" lon="-123.219735"></rtept><rtept lat="42.243845" lon="-123.214833"></rtept><rtept lat="42.243850" lon="-123.213584"></rtept><rtept lat="42.243848" lon="-123.211148"></rtept><rtept lat="42.243847" lon="-123.209930"></rtept><rtept lat="42.243849" lon="-123.205054"></rtept><rtept lat="42.243852" lon="-123.200178"></rtept><rtept lat="42.243855" lon="-123.195303"></rtept><rtept lat="42.243858" lon="-123.190427"></rtept><rtept lat="42.240177" lon="-123.190445"></rtept><rtept lat="42.236495" lon="-123.190463"></rtept><rtept lat="42.232861" lon="-123.190484"></rtept><rtept lat="42.231044" lon="-123.190494"></rtept><rtept lat="42.229226" lon="-123.190505"></rtept><rtept lat="42.229253" lon="-123.195352"></rtept><rtept lat="42.229279" lon="-123.200200"></rtept><rtept lat="42.229249" lon="-123.205071"></rtept><rtept lat="42.229219" lon="-123.209941"></rtept><rtept lat="42.229172" lon="-123.214867"></rtept><rtept lat="42.229125" lon="-123.219793"></rtept><rtept lat="42.229079" lon="-123.224666"></rtept><rtept lat="42.229078" lon="-123.224718"></rtept><rtept lat="42.229029" lon="-123.229881"></rtept></rte><rte><name>T.J Rose</name><type>Area</type><extensions><onx:style>dot</onx:style><onx:weight>4.0</onx:weight><onx:color>rgba(255, 51, 0, 1)</onx:color></extensions><rtept lat="42.482372" lon="-123.626664"></rtept><rtept lat="42.484190" lon="-123.626669"></rtept><rtept lat="42.484193" lon="-123.624217"></rtept><rtept lat="42.484195" lon="-123.621764"></rtept><rtept lat="42.482379" lon="-123.621763"></rtept><rtept lat="42.482375" lon="-123.624213"></rtept><rtept lat="42.482372" lon="-123.626664"></rtept></rte><rte><name>Evergreen 1</name><type>Area</type><extensions><onx:style>dot</onx:style><onx:weight>4.0</onx:weight><onx:color>rgba(255, 51, 0, 1)</onx:color></extensions><rtept lat="42.258466" lon="-123.171068"></rtept><rtept lat="42.262166" lon="-123.171021"></rtept><rtept lat="42.265867" lon="-123.170974"></rtept><rtept lat="42.269569" lon="-123.170914"></rtept><rtept lat="42.273271" lon="-123.170855"></rtept><rtept lat="42.273265" lon="-123.165976"></rtept><rtept lat="42.273259" lon="-123.161097"></rtept><rtept lat="42.273255" lon="-123.156209"></rtept><rtept lat="42.273251" lon="-123.151320"></rtept><rtept lat="42.269586" lon="-123.151443"></rtept><rtept lat="42.265926" lon="-123.151534"></rtept><rtept lat="42.262264" lon="-123.151503"></rtept><rtept lat="42.258601" lon="-123.151472"></rtept><rtept lat="42.258567" lon="-123.156370"></rtept><rtept lat="42.258534" lon="-123.161268"></rtept><rtept lat="42.258500" lon="-123.166168"></rtept><rtept lat="42.258466" lon="-123.171068"></rtept></rte><rte><name>Too Deep</name><type>Area</type><extensions><onx:style>dot</onx:style><onx:weight>4.0</onx:weight><onx:color>rgba(255, 51, 0, 1)</onx:color></extensions><rtept lat="42.418066" lon="-123.599859"></rtept><rtept lat="42.419881" lon="-123.599851"></rtept><rtept lat="42.421695" lon="-123.599843"></rtept><rtept lat="42.421696" lon="-123.597402"></rtept><rtept lat="42.421697" lon="-123.594962"></rtept><rtept lat="42.419885" lon="-123.594970"></rtept><rtept lat="42.418072" lon="-123.594978"></rtept><rtept lat="42.418069" lon="-123.597418"></rtept><rtept lat="42.418066" lon="-123.599859"></rtept></rte><rte><name>Evergreen 2</name><type>Area</type><extensions><onx:style>dot</onx:style><onx:weight>4.0</onx:weight><onx:color>rgba(255, 51, 0, 1)</onx:color></extensions><rtept lat="42.265874" lon="-123.168526"></rtept><rtept lat="42.265867" lon="-123.170974"></rtept><rtept lat="42.267718" lon="-123.170944"></rtept><rtept lat="42.269569" lon="-123.170914"></rtept><rtept lat="42.269571" lon="-123.168471"></rtept><rtept lat="42.267723" lon="-123.168498"></rtept><rtept lat="42.265874" lon="-123.168526"></rtept></rte><rte><name>Oscar Load</name><type>Area</type><extensions><onx:style>dot</onx:style><onx:weight>4.0</onx:weight><onx:color>rgba(255, 51, 0, 1)</onx:color></extensions><rtept lat="42.350175" lon="-123.259059"></rtept><rtept lat="42.350172" lon="-123.261507"></rtept><rtept lat="42.352006" lon="-123.261482"></rtept><rtept lat="42.353840" lon="-123.261457"></rtept><rtept lat="42.353854" lon="-123.258983"></rtept><rtept lat="42.352015" lon="-123.259021"></rtept><rtept lat="42.350175" lon="-123.259059"></rtept></rte><rte><name>Sempkins Placer</name><type>Area</type><extensions><onx:style>dot</onx:style><onx:weight>4.0</onx:weight><onx:color>rgba(255, 51, 0, 1)</onx:color></extensions><rtept lat="42.609942" lon="-123.163521"></rtept><rtept lat="42.611747" lon="-123.163502"></rtept><rtept lat="42.611727" lon="-123.161050"></rtept><rtept lat="42.611707" lon="-123.158571"></rtept><rtept lat="42.609904" lon="-123.158591"></rtept><rtept lat="42.608101" lon="-123.158611"></rtept><rtept lat="42.608120" lon="-123.161081"></rtept><rtept lat="42.608136" lon="-123.163540"></rtept><rtept lat="42.609942" lon="-123.163521"></rtept></rte><rte><name>Barbara Jean</name><type>Area</type><extensions><onx:style>dot</onx:style><onx:weight>4.0</onx:weight><onx:color>rgba(255, 51, 0, 1)</onx:color></extensions><rtept lat="42.574769" lon="-123.026740"></rtept><rtept lat="42.574781" lon="-123.029214"></rtept><rtept lat="42.576619" lon="-123.029278"></rtept><rtept lat="42.578456" lon="-123.029342"></rtept><rtept lat="42.578433" lon="-123.026865"></rtept><rtept lat="42.576601" lon="-123.026802"></rtept><rtept lat="42.574769" lon="-123.026740"></rtept></rte><rte><name>Owl Hollow</name><type>Area</type><extensions><onx:style>dot</onx:style><onx:weight>4.0</onx:weight><onx:color>rgba(255, 51, 0, 1)</onx:color></extensions><rtept lat="42.375094" lon="-123.189958"></rtept><rtept lat="42.375111" lon="-123.194778"></rtept><rtept lat="42.375127" lon="-123.199598"></rtept><rtept lat="42.375122" lon="-123.204411"></rtept><rtept lat="42.375117" lon="-123.209223"></rtept><rtept lat="42.378780" lon="-123.209267"></rtept><rtept lat="42.382444" lon="-123.209311"></rtept><rtept lat="42.386107" lon="-123.209354"></rtept><rtept lat="42.389834" lon="-123.209397"></rtept><rtept lat="42.393476" lon="-123.209318"></rtept><rtept lat="42.397118" lon="-123.209239"></rtept><rtept lat="42.397229" lon="-123.204353"></rtept><rtept lat="42.397341" lon="-123.199467"></rtept><rtept lat="42.393583" lon="-123.199586"></rtept><rtept lat="42.389826" lon="-123.199704"></rtept><rtept lat="42.389808" lon="-123.194770"></rtept><rtept lat="42.389791" lon="-123.189836"></rtept><rtept lat="42.386100" lon="-123.189858"></rtept><rtept lat="42.382448" lon="-123.189880"></rtept><rtept lat="42.378771" lon="-123.189919"></rtept><rtept lat="42.375094" lon="-123.189958"></rtept></rte><rte><name>Provenance</name><type>Area</type><extensions><onx:style>dot</onx:style><onx:weight>4.0</onx:weight><onx:color>rgba(255, 51, 0, 1)</onx:color></extensions><rtept lat="42.666235" lon="-123.249292"></rtept><rtept lat="42.666274" lon="-123.251158"></rtept><rtept lat="42.666340" lon="-123.254331"></rtept><rtept lat="42.666374" lon="-123.259327"></rtept><rtept lat="42.670020" lon="-123.259274"></rtept><rtept lat="42.673667" lon="-123.259221"></rtept><rtept lat="42.673563" lon="-123.254234"></rtept><rtept lat="42.673459" lon="-123.249248"></rtept><rtept lat="42.669882" lon="-123.249292"></rtept><rtept lat="42.666235" lon="-123.249292"></rtept></rte><rte><name>Bollweg Placer Claim</name><type>Area</type><extensions><onx:style>dot</onx:style><onx:weight>4.0</onx:weight><onx:color>rgba(255, 51, 0, 1)</onx:color></extensions><rtept lat="42.360075" lon="-123.013152"></rtept><rtept lat="42.360296" lon="-123.017989"></rtept><rtept lat="42.360517" lon="-123.022828"></rtept><rtept lat="42.364070" lon="-123.022854"></rtept><rtept lat="42.367623" lon="-123.022880"></rtept><rtept lat="42.367475" lon="-123.017983"></rtept><rtept lat="42.367326" lon="-123.013085"></rtept><rtept lat="42.363699" lon="-123.013117"></rtept><rtept lat="42.360075" lon="-123.013152"></rtept></rte><rte><name>Persephone</name><type>Area</type><extensions><onx:style>dot</onx:style><onx:weight>4.0</onx:weight><onx:color>rgba(255, 51, 0, 1)</onx:color></extensions><rtept lat="42.152725" lon="-123.399936"></rtept><rtept lat="42.152807" lon="-123.395132"></rtept><rtept lat="42.150000" lon="-123.395110"></rtept><rtept lat="42.150000" lon="-123.399933"></rtept><rtept lat="42.152725" lon="-123.399936"></rtept></rte><rte><name>Zeus</name><type>Area</type><extensions><onx:style>dot</onx:style><onx:weight>4.0</onx:weight><onx:color>rgba(255, 51, 0, 1)</onx:color></extensions><rtept lat="42.152642" lon="-123.404741"></rtept><rtept lat="42.152725" lon="-123.399936"></rtept><rtept lat="42.150000" lon="-123.399933"></rtept><rtept lat="42.150000" lon="-123.404756"></rtept><rtept lat="42.152642" lon="-123.404741"></rtept></rte><rte><name>Golden Dream</name><type>Area</type><extensions><onx:style>dot</onx:style><onx:weight>4.0</onx:weight><onx:color>rgba(255, 51, 0, 1)</onx:color></extensions><rtept lat="42.564519" lon="-123.632069"></rtept><rtept lat="42.564537" lon="-123.636958"></rtept><rtept lat="42.564556" lon="-123.641847"></rtept><rtept lat="42.568175" lon="-123.641827"></rtept><rtept lat="42.571793" lon="-123.641807"></rtept><rtept lat="42.575391" lon="-123.641799"></rtept><rtept lat="42.578989" lon="-123.641791"></rtept><rtept lat="42.578987" lon="-123.636916"></rtept><rtept lat="42.578985" lon="-123.632042"></rtept><rtept lat="42.578984" lon="-123.627171"></rtept><rtept lat="42.578984" lon="-123.626196"></rtept><rtept lat="42.578984" lon="-123.625954"></rtept><rtept lat="42.578983" lon="-123.624736"></rtept><rtept lat="42.578983" lon="-123.623518"></rtept><rtept lat="42.578983" lon="-123.622301"></rtept><rtept lat="42.579015" lon="-123.619839"></rtept><rtept lat="42.579025" lon="-123.619064"></rtept><rtept lat="42.579047" lon="-123.617377"></rtept><rtept lat="42.579054" lon="-123.616816"></rtept><rtept lat="42.579110" lon="-123.612453"></rtept><rtept lat="42.579171" lon="-123.607803"></rtept><rtept lat="42.579174" lon="-123.607530"></rtept><rtept lat="42.579237" lon="-123.602684"></rtept><rtept lat="42.575492" lon="-123.602637"></rtept><rtept lat="42.572360" lon="-123.602592"></rtept><rtept lat="42.571855" lon="-123.602591"></rtept><rtept lat="42.571692" lon="-123.602591"></rtept><rtept lat="42.568194" lon="-123.602587"></rtept><rtept lat="42.566374" lon="-123.602589"></rtept><rtept lat="42.565863" lon="-123.602590"></rtept><rtept lat="42.564554" lon="-123.602584"></rtept><rtept lat="42.564553" lon="-123.602830"></rtept><rtept lat="42.564552" lon="-123.603322"></rtept><rtept lat="42.564551" lon="-123.603814"></rtept><rtept lat="42.564544" lon="-123.606273"></rtept><rtept lat="42.564541" lon="-123.607502"></rtept><rtept lat="42.564538" lon="-123.608732"></rtept><rtept lat="42.564535" lon="-123.609961"></rtept><rtept lat="42.564528" lon="-123.612420"></rtept><rtept lat="42.564522" lon="-123.614879"></rtept><rtept lat="42.564519" lon="-123.615845"></rtept><rtept lat="42.564515" lon="-123.617338"></rtept><rtept lat="42.564502" lon="-123.622256"></rtept><rtept lat="42.564504" lon="-123.623188"></rtept><rtept lat="42.564509" lon="-123.626196"></rtept><rtept lat="42.564510" lon="-123.627163"></rtept><rtept lat="42.564519" lon="-123.632069"></rtept></rte><rte><name>Zippo Red</name><type>Area</type><extensions><onx:style>dot</onx:style><onx:weight>4.0</onx:weight><onx:color>rgba(255, 51, 0, 1)</onx:color></extensions><rtept lat="42.263720" lon="-123.039540"></rtept><rtept lat="42.265230" lon="-123.040930"></rtept><rtept lat="42.267100" lon="-123.036730"></rtept><rtept lat="42.265680" lon="-123.035430"></rtept><rtept lat="42.263720" lon="-123.039540"></rtept></rte><rte><name>Mother Load 1</name><type>Area</type><extensions><onx:style>dot</onx:style><onx:weight>4.0</onx:weight><onx:color>rgba(255, 51, 0, 1)</onx:color></extensions><rtept lat="42.342985" lon="-123.276003"></rtept><rtept lat="42.343016" lon="-123.278402"></rtept><rtept lat="42.344843" lon="-123.278395"></rtept><rtept lat="42.346670" lon="-123.278387"></rtept><rtept lat="42.346634" lon="-123.275995"></rtept><rtept lat="42.344809" lon="-123.275999"></rtept><rtept lat="42.342985" lon="-123.276003"></rtept></rte><rte><name>Birdseye</name><type>Area</type><extensions><onx:style>dot</onx:style><onx:weight>4.0</onx:weight><onx:color>rgba(255, 51, 0, 1)</onx:color></extensions><rtept lat="42.386196" lon="-123.172624"></rtept><rtept lat="42.386209" lon="-123.170143"></rtept><rtept lat="42.384390" lon="-123.170168"></rtept><rtept lat="42.384375" lon="-123.172639"></rtept><rtept lat="42.384361" lon="-123.175111"></rtept><rtept lat="42.386182" lon="-123.175106"></rtept><rtept lat="42.386196" lon="-123.172624"></rtept></rte><rte><name>Mother Load 2</name><type>Area</type><extensions><onx:style>dot</onx:style><onx:weight>4.0</onx:weight><onx:color>rgba(255, 51, 0, 1)</onx:color></extensions><rtept lat="42.331989" lon="-123.268769"></rtept><rtept lat="42.332002" lon="-123.273608"></rtept><rtept lat="42.332014" lon="-123.278447"></rtept><rtept lat="42.332102" lon="-123.283342"></rtept><rtept lat="42.332191" lon="-123.288237"></rtept><rtept lat="42.335830" lon="-123.288198"></rtept><rtept lat="42.339469" lon="-123.288164"></rtept><rtept lat="42.343103" lon="-123.288121"></rtept><rtept lat="42.346737" lon="-123.288078"></rtept><rtept lat="42.346704" lon="-123.283233"></rtept><rtept lat="42.346670" lon="-123.278387"></rtept><rtept lat="42.346634" lon="-123.275995"></rtept><rtept lat="42.346597" lon="-123.273604"></rtept><rtept lat="42.346561" lon="-123.271212"></rtept><rtept lat="42.346524" lon="-123.268820"></rtept><rtept lat="42.342891" lon="-123.268808"></rtept><rtept lat="42.339257" lon="-123.268795"></rtept><rtept lat="42.335623" lon="-123.268782"></rtept><rtept lat="42.331989" lon="-123.268769"></rtept></rte><rte><name>Eastman</name><type>Area</type><extensions><onx:style>dot</onx:style><onx:weight>4.0</onx:weight><onx:color>rgba(255, 51, 0, 1)</onx:color></extensions><rtept lat="42.655571" lon="-123.259265"></rtept><rtept lat="42.653812" lon="-123.259254"></rtept><rtept lat="42.653815" lon="-123.261755"></rtept><rtept lat="42.653817" lon="-123.264257"></rtept><rtept lat="42.655602" lon="-123.264271"></rtept><rtept lat="42.655587" lon="-123.261768"></rtept><rtept lat="42.655571" lon="-123.259265"></rtept></rte><rte><name>Minnow</name><type>Area</type><extensions><onx:style>dot</onx:style><onx:weight>4.0</onx:weight><onx:color>rgba(255, 51, 0, 1)</onx:color></extensions><rtept lat="42.487825" lon="-123.636500"></rtept><rtept lat="42.487825" lon="-123.638955"></rtept><rtept lat="42.489648" lon="-123.638968"></rtept><rtept lat="42.491472" lon="-123.638981"></rtept><rtept lat="42.491470" lon="-123.636522"></rtept><rtept lat="42.489648" lon="-123.636511"></rtept><rtept lat="42.487825" lon="-123.636500"></rtept></rte><rte><name>Forest Creek B</name><type>Area</type><extensions><onx:style>dot</onx:style><onx:weight>4.0</onx:weight><onx:color>rgba(255, 51, 0, 1)</onx:color></extensions><rtept lat="42.305620" lon="-123.045311"></rtept><rtept lat="42.305639" lon="-123.047778"></rtept><rtept lat="42.307477" lon="-123.047770"></rtept><rtept lat="42.309314" lon="-123.047763"></rtept><rtept lat="42.309298" lon="-123.045287"></rtept><rtept lat="42.307459" lon="-123.045299"></rtept><rtept lat="42.305620" lon="-123.045311"></rtept></rte><rte><name>Forest Creek A</name><type>Area</type><extensions><onx:style>dot</onx:style><onx:weight>4.0</onx:weight><onx:color>rgba(255, 51, 0, 1)</onx:color></extensions><rtept lat="42.309298" lon="-123.045287"></rtept><rtept lat="42.309314" lon="-123.047763"></rtept><rtept lat="42.311155" lon="-123.047756"></rtept><rtept lat="42.312996" lon="-123.047748"></rtept><rtept lat="42.312983" lon="-123.045263"></rtept><rtept lat="42.311140" lon="-123.045275"></rtept><rtept lat="42.309298" lon="-123.045287"></rtept></rte><rte><name>Flume Gulch 2</name><type>Area</type><extensions><onx:style>dot</onx:style><onx:weight>4.0</onx:weight><onx:color>rgba(255, 51, 0, 1)</onx:color></extensions><rtept lat="42.656023" lon="-123.409032"></rtept><rtept lat="42.656015" lon="-123.411515"></rtept><rtept lat="42.657949" lon="-123.411475"></rtept><rtept lat="42.659882" lon="-123.411435"></rtept><rtept lat="42.659888" lon="-123.408952"></rtept><rtept lat="42.657955" lon="-123.408992"></rtept><rtept lat="42.656023" lon="-123.409032"></rtept></rte><rte><name>Morning Whimsy</name><type>Area</type><extensions><onx:style>dot</onx:style><onx:weight>4.0</onx:weight><onx:color>rgba(255, 51, 0, 1)</onx:color></extensions><rtept lat="42.364252" lon="-123.054800"></rtept><rtept lat="42.364226" lon="-123.057245"></rtept><rtept lat="42.366052" lon="-123.057255"></rtept><rtept lat="42.367879" lon="-123.057285"></rtept><rtept lat="42.367910" lon="-123.054862"></rtept><rtept lat="42.366081" lon="-123.054831"></rtept><rtept lat="42.364252" lon="-123.054800"></rtept></rte><rte><name>Brother's Gold</name><type>Area</type><extensions><onx:style>dot</onx:style><onx:weight>4.0</onx:weight><onx:color>rgba(255, 51, 0, 1)</onx:color></extensions><rtept lat="42.633627" lon="-123.268998"></rtept><rtept lat="42.637288" lon="-123.269059"></rtept><rtept lat="42.637197" lon="-123.264000"></rtept><rtept lat="42.633573" lon="-123.263950"></rtept><rtept lat="42.629963" lon="-123.263901"></rtept><rtept lat="42.629965" lon="-123.268937"></rtept><rtept lat="42.633627" lon="-123.268998"></rtept></rte><rte><name>Jaystone</name><type>Area</type><extensions><onx:style>dot</onx:style><onx:weight>4.0</onx:weight><onx:color>rgba(255, 51, 0, 1)</onx:color></extensions><rtept lat="42.261105" lon="-123.328120"></rtept><rtept lat="42.261118" lon="-123.330551"></rtept><rtept lat="42.261131" lon="-123.332981"></rtept><rtept lat="42.261144" lon="-123.335411"></rtept><rtept lat="42.261157" lon="-123.337842"></rtept><rtept lat="42.262077" lon="-123.337846"></rtept><rtept lat="42.262097" lon="-123.342706"></rtept><rtept lat="42.265781" lon="-123.342714"></rtept><rtept lat="42.265756" lon="-123.337865"></rtept><rtept lat="42.262997" lon="-123.337851"></rtept><rtept lat="42.262984" lon="-123.335423"></rtept><rtept lat="42.262971" lon="-123.332995"></rtept><rtept lat="42.262958" lon="-123.330567"></rtept><rtept lat="42.262945" lon="-123.328139"></rtept><rtept lat="42.262025" lon="-123.328130"></rtept><rtept lat="42.261105" lon="-123.328120"></rtept></rte><rte><name>Quartz Matrix</name><type>Area</type><extensions><onx:style>dot</onx:style><onx:weight>4.0</onx:weight><onx:color>rgba(255, 51, 0, 1)</onx:color></extensions><rtept lat="42.180145" lon="-122.921775"></rtept><rtept lat="42.180150" lon="-122.919339"></rtept><rtept lat="42.178339" lon="-122.919343"></rtept><rtept lat="42.178333" lon="-122.921780"></rtept><rtept lat="42.178328" lon="-122.924216"></rtept><rtept lat="42.180139" lon="-122.924211"></rtept><rtept lat="42.180145" lon="-122.921775"></rtept></rte><rte><name>RETAYLORS DREAM</name><type>Area</type><extensions><onx:style>dot</onx:style><onx:weight>4.0</onx:weight><onx:color>rgba(255, 51, 0, 1)</onx:color></extensions><rtept lat="42.491462" lon="-123.624230"></rtept><rtept lat="42.491464" lon="-123.626689"></rtept><rtept lat="42.493279" lon="-123.626702"></rtept><rtept lat="42.495094" lon="-123.626716"></rtept><rtept lat="42.495092" lon="-123.624258"></rtept><rtept lat="42.493277" lon="-123.624244"></rtept><rtept lat="42.491462" lon="-123.624230"></rtept></rte><rte><name>Chief Taylor</name><type>Area</type><extensions><onx:style>dot</onx:style><onx:weight>4.0</onx:weight><onx:color>rgba(255, 51, 0, 1)</onx:color></extensions><rtept lat="42.520536" lon="-123.609745"></rtept><rtept lat="42.520543" lon="-123.607282"></rtept><rtept lat="42.518728" lon="-123.607253"></rtept><rtept lat="42.518721" lon="-123.609717"></rtept><rtept lat="42.518714" lon="-123.612181"></rtept><rtept lat="42.520529" lon="-123.612207"></rtept><rtept lat="42.520536" lon="-123.609745"></rtept></rte><rte><name>The Wedge</name><type>Area</type><extensions><onx:style>dot</onx:style><onx:weight>4.0</onx:weight><onx:color>rgba(255, 51, 0, 1)</onx:color></extensions><rtept lat="42.593317" lon="-123.524304"></rtept><rtept lat="42.593388" lon="-123.529299"></rtept><rtept lat="42.593459" lon="-123.534295"></rtept><rtept lat="42.597081" lon="-123.534329"></rtept><rtept lat="42.600704" lon="-123.534363"></rtept><rtept lat="42.600636" lon="-123.529373"></rtept><rtept lat="42.600568" lon="-123.524382"></rtept><rtept lat="42.596942" lon="-123.524343"></rtept><rtept lat="42.593317" lon="-123.524304"></rtept></rte><rte><name>Gopher</name><type>Area</type><extensions><onx:style>dot</onx:style><onx:weight>4.0</onx:weight><onx:color>rgba(255, 51, 0, 1)</onx:color></extensions><rtept lat="42.535081" lon="-123.306450"></rtept><rtept lat="42.535083" lon="-123.308926"></rtept><rtept lat="42.536910" lon="-123.308909"></rtept><rtept lat="42.538738" lon="-123.308891"></rtept><rtept lat="42.538734" lon="-123.306425"></rtept><rtept lat="42.536907" lon="-123.306438"></rtept><rtept lat="42.535081" lon="-123.306450"></rtept></rte><rte><name>Fine Line</name><type>Area</type><extensions><onx:style>dot</onx:style><onx:weight>4.0</onx:weight><onx:color>rgba(255, 51, 0, 1)</onx:color></extensions><rtept lat="42.688279" lon="-123.170686"></rtept><rtept lat="42.688280" lon="-123.171922"></rtept><rtept lat="42.688282" lon="-123.173159"></rtept><rtept lat="42.688284" lon="-123.174395"></rtept><rtept lat="42.688286" lon="-123.175631"></rtept><rtept lat="42.688289" lon="-123.178104"></rtept><rtept lat="42.688292" lon="-123.180577"></rtept><rtept lat="42.691898" lon="-123.180582"></rtept><rtept lat="42.693701" lon="-123.180585"></rtept><rtept lat="42.695503" lon="-123.180587"></rtept><rtept lat="42.695505" lon="-123.178098"></rtept><rtept lat="42.695508" lon="-123.175608"></rtept><rtept lat="42.695510" lon="-123.173118"></rtept><rtept lat="42.695512" lon="-123.170629"></rtept><rtept lat="42.693704" lon="-123.170643"></rtept><rtept lat="42.691895" lon="-123.170657"></rtept><rtept lat="42.690991" lon="-123.170664"></rtept><rtept lat="42.690087" lon="-123.170672"></rtept><rtept lat="42.689183" lon="-123.170679"></rtept><rtept lat="42.688279" lon="-123.170686"></rtept></rte><rte><name>Laura's Luck 2</name><type>Area</type><extensions><onx:style>dot</onx:style><onx:weight>4.0</onx:weight><onx:color>rgba(255, 51, 0, 1)</onx:color></extensions><rtept lat="42.263067" lon="-123.311116"></rtept><rtept lat="42.263051" lon="-123.313637"></rtept><rtept lat="42.263963" lon="-123.313656"></rtept><rtept lat="42.264875" lon="-123.313676"></rtept><rtept lat="42.264890" lon="-123.311169"></rtept><rtept lat="42.264904" lon="-123.308663"></rtept><rtept lat="42.263993" lon="-123.308629"></rtept><rtept lat="42.263083" lon="-123.308595"></rtept><rtept lat="42.263067" lon="-123.311116"></rtept></rte><rte><name>Little Lower</name><type>Area</type><extensions><onx:style>dot</onx:style><onx:weight>4.0</onx:weight><onx:color>rgba(255, 51, 0, 1)</onx:color></extensions><rtept lat="42.571820" lon="-123.534254"></rtept><rtept lat="42.571833" lon="-123.539280"></rtept><rtept lat="42.571847" lon="-123.544305"></rtept><rtept lat="42.575465" lon="-123.544300"></rtept><rtept lat="42.579084" lon="-123.544297"></rtept><rtept lat="42.579049" lon="-123.539207"></rtept><rtept lat="42.579014" lon="-123.534117"></rtept><rtept lat="42.575417" lon="-123.534185"></rtept><rtept lat="42.571820" lon="-123.534254"></rtept></rte><rte><name>Vellestone</name><type>Area</type><extensions><onx:style>dot</onx:style><onx:weight>4.0</onx:weight><onx:color>rgba(255, 51, 0, 1)</onx:color></extensions><rtept lat="42.580921" lon="-123.467466"></rtept><rtept lat="42.580853" lon="-123.469954"></rtept><rtept lat="42.582673" lon="-123.469946"></rtept><rtept lat="42.584493" lon="-123.469938"></rtept><rtept lat="42.584569" lon="-123.467447"></rtept><rtept lat="42.582745" lon="-123.467457"></rtept><rtept lat="42.580921" lon="-123.467466"></rtept></rte><rte><name>Taylor Creek B</name><type>Area</type><extensions><onx:style>dot</onx:style><onx:weight>4.0</onx:weight><onx:color>rgba(255, 51, 0, 1)</onx:color></extensions><rtept lat="42.513269" lon="-123.612103"></rtept><rtept lat="42.516899" lon="-123.612155"></rtept><rtept lat="42.520529" lon="-123.612207"></rtept><rtept lat="42.520543" lon="-123.607282"></rtept><rtept lat="42.520556" lon="-123.602356"></rtept><rtept lat="42.516927" lon="-123.602295"></rtept><rtept lat="42.513298" lon="-123.602234"></rtept><rtept lat="42.513284" lon="-123.607168"></rtept><rtept lat="42.513269" lon="-123.612103"></rtept></rte><rte><name>Taylor Creek A</name><type>Area</type><extensions><onx:style>dot</onx:style><onx:weight>4.0</onx:weight><onx:color>rgba(255, 51, 0, 1)</onx:color></extensions><rtept lat="42.505976" lon="-123.621885"></rtept><rtept lat="42.505983" lon="-123.626798"></rtept><rtept lat="42.505990" lon="-123.631712"></rtept><rtept lat="42.509617" lon="-123.631746"></rtept><rtept lat="42.513244" lon="-123.631780"></rtept><rtept lat="42.513242" lon="-123.626876"></rtept><rtept lat="42.513239" lon="-123.621972"></rtept><rtept lat="42.509608" lon="-123.621928"></rtept><rtept lat="42.505976" lon="-123.621885"></rtept></rte><rte><name>Minnow 1</name><type>Area</type><extensions><onx:style>dot</onx:style><onx:weight>4.0</onx:weight><onx:color>rgba(255, 51, 0, 1)</onx:color></extensions><rtept lat="42.472521" lon="-123.636235"></rtept><rtept lat="42.472517" lon="-123.638666"></rtept><rtept lat="42.474701" lon="-123.638667"></rtept><rtept lat="42.476884" lon="-123.638667"></rtept><rtept lat="42.476890" lon="-123.636236"></rtept><rtept lat="42.474705" lon="-123.636236"></rtept><rtept lat="42.472521" lon="-123.636235"></rtept></rte><rte><name>Teyana Claim</name><type>Area</type><extensions><onx:style>dot</onx:style><onx:weight>4.0</onx:weight><onx:color>rgba(255, 51, 0, 1)</onx:color></extensions><rtept lat="42.418634" lon="-123.484334"></rtept><rtept lat="42.418645" lon="-123.489225"></rtept><rtept lat="42.418656" lon="-123.494129"></rtept><rtept lat="42.418673" lon="-123.499038"></rtept><rtept lat="42.418680" lon="-123.501190"></rtept><rtept lat="42.418690" lon="-123.503946"></rtept><rtept lat="42.422317" lon="-123.503906"></rtept><rtept lat="42.425944" lon="-123.503866"></rtept><rtept lat="42.429587" lon="-123.503859"></rtept><rtept lat="42.433230" lon="-123.503852"></rtept><rtept lat="42.433226" lon="-123.498978"></rtept><rtept lat="42.433224" lon="-123.496504"></rtept><rtept lat="42.433236" lon="-123.494104"></rtept><rtept lat="42.433241" lon="-123.489230"></rtept><rtept lat="42.433245" lon="-123.484356"></rtept><rtept lat="42.429579" lon="-123.484377"></rtept><rtept lat="42.425918" lon="-123.484398"></rtept><rtept lat="42.422276" lon="-123.484366"></rtept><rtept lat="42.418634" lon="-123.484334"></rtept></rte><rte><name>Black Bear</name><type>Area</type><extensions><onx:style>dot</onx:style><onx:weight>4.0</onx:weight><onx:color>rgba(255, 51, 0, 1)</onx:color></extensions><rtept lat="42.578983" lon="-123.622301"></rtept><rtept lat="42.579015" lon="-123.619839"></rtept><rtept lat="42.579025" lon="-123.619064"></rtept><rtept lat="42.578202" lon="-123.619209"></rtept><rtept lat="42.578035" lon="-123.618076"></rtept><rtept lat="42.577300" lon="-123.617371"></rtept><rtept lat="42.575391" lon="-123.617365"></rtept><rtept lat="42.575357" lon="-123.622286"></rtept><rtept lat="42.578983" lon="-123.622301"></rtept></rte><rte><name>Grouse Creek 3</name><type>Area</type><extensions><onx:style>dot</onx:style><onx:weight>4.0</onx:weight><onx:color>rgba(255, 51, 0, 1)</onx:color></extensions><rtept lat="42.152010" lon="-122.993974"></rtept><rtept lat="42.150170" lon="-122.993981"></rtept><rtept lat="42.150303" lon="-122.996500"></rtept><rtept lat="42.150436" lon="-122.999019"></rtept><rtept lat="42.152275" lon="-122.999011"></rtept><rtept lat="42.152142" lon="-122.996493"></rtept><rtept lat="42.152010" lon="-122.993974"></rtept></rte><rte><name>Grouse Creek 2</name><type>Area</type><extensions><onx:style>dot</onx:style><onx:weight>4.0</onx:weight><onx:color>rgba(255, 51, 0, 1)</onx:color></extensions><rtept lat="42.152010" lon="-122.993974"></rtept><rtept lat="42.152142" lon="-122.996493"></rtept><rtept lat="42.153982" lon="-122.996485"></rtept><rtept lat="42.155822" lon="-122.996478"></rtept><rtept lat="42.155689" lon="-122.993959"></rtept><rtept lat="42.153849" lon="-122.993966"></rtept><rtept lat="42.152010" lon="-122.993974"></rtept></rte><rte><name>Grouse</name><type>Area</type><extensions><onx:style>dot</onx:style><onx:weight>4.0</onx:weight><onx:color>rgba(255, 51, 0, 1)</onx:color></extensions><rtept lat="42.593620" lon="-123.617324"></rtept><rtept lat="42.593620" lon="-123.619766"></rtept><rtept lat="42.595422" lon="-123.619745"></rtept><rtept lat="42.597224" lon="-123.619724"></rtept><rtept lat="42.597225" lon="-123.617261"></rtept><rtept lat="42.595422" lon="-123.617292"></rtept><rtept lat="42.593620" lon="-123.617324"></rtept></rte><rte><name>Remas Pride</name><type>Area</type><extensions><onx:style>dot</onx:style><onx:weight>4.0</onx:weight><onx:color>rgba(255, 51, 0, 1)</onx:color></extensions><rtept lat="42.342985" lon="-123.276003"></rtept><rtept lat="42.343016" lon="-123.278402"></rtept><rtept lat="42.344843" lon="-123.278395"></rtept><rtept lat="42.346670" lon="-123.278387"></rtept><rtept lat="42.346634" lon="-123.275995"></rtept><rtept lat="42.344809" lon="-123.275999"></rtept><rtept lat="42.342985" lon="-123.276003"></rtept></rte><rte><name>Carson Claims</name><type>Area</type><extensions><onx:style>dot</onx:style><onx:weight>4.0</onx:weight><onx:color>rgba(255, 51, 0, 1)</onx:color></extensions><rtept lat="42.335726" lon="-123.278489"></rtept><rtept lat="42.335778" lon="-123.283345"></rtept><rtept lat="42.339416" lon="-123.283320"></rtept><rtept lat="42.343050" lon="-123.283292"></rtept><rtept lat="42.342997" lon="-123.278463"></rtept><rtept lat="42.339363" lon="-123.278476"></rtept><rtept lat="42.335726" lon="-123.278489"></rtept></rte><rte><name>Epitome</name><type>Area</type><extensions><onx:style>dot</onx:style><onx:weight>4.0</onx:weight><onx:color>rgba(255, 51, 0, 1)</onx:color></extensions><rtept lat="42.513269" lon="-123.612103"></rtept><rtept lat="42.513262" lon="-123.614570"></rtept><rtept lat="42.515077" lon="-123.614595"></rtept><rtept lat="42.516892" lon="-123.614620"></rtept><rtept lat="42.516899" lon="-123.612155"></rtept><rtept lat="42.515084" lon="-123.612129"></rtept><rtept lat="42.513269" lon="-123.612103"></rtept></rte><rte><name>Slate 6</name><type>Area</type><extensions><onx:style>dot</onx:style><onx:weight>4.0</onx:weight><onx:color>rgba(255, 51, 0, 1)</onx:color></extensions><rtept lat="42.396254" lon="-123.592517"></rtept><rtept lat="42.399891" lon="-123.592524"></rtept><rtept lat="42.399894" lon="-123.587633"></rtept><rtept lat="42.396258" lon="-123.587626"></rtept><rtept lat="42.396254" lon="-123.592517"></rtept></rte><rte><name>Stardust 2</name><type>Area</type><extensions><onx:style>dot</onx:style><onx:weight>4.0</onx:weight><onx:color>rgba(255, 51, 0, 1)</onx:color></extensions><rtept lat="42.159955" lon="-123.106624"></rtept><rtept lat="42.163579" lon="-123.106629"></rtept><rtept lat="42.163575" lon="-123.111822"></rtept><rtept lat="42.164520" lon="-123.111824"></rtept><rtept lat="42.164980" lon="-123.111824"></rtept><rtept lat="42.167195" lon="-123.111831"></rtept><rtept lat="42.168121" lon="-123.111832"></rtept><rtept lat="42.170814" lon="-123.111843"></rtept><rtept lat="42.170828" lon="-123.106635"></rtept><rtept lat="42.170840" lon="-123.101770"></rtept><rtept lat="42.167212" lon="-123.101763"></rtept><rtept lat="42.163583" lon="-123.101756"></rtept><rtept lat="42.159954" lon="-123.101749"></rtept><rtept lat="42.159955" lon="-123.106624"></rtept></rte><rte><name>Paragon</name><type>Area</type><extensions><onx:style>dot</onx:style><onx:weight>4.0</onx:weight><onx:color>rgba(255, 51, 0, 1)</onx:color></extensions><rtept lat="42.505984" lon="-123.619413"></rtept><rtept lat="42.505976" lon="-123.621885"></rtept><rtept lat="42.507792" lon="-123.621906"></rtept><rtept lat="42.509608" lon="-123.621928"></rtept><rtept lat="42.509615" lon="-123.619459"></rtept><rtept lat="42.507800" lon="-123.619436"></rtept><rtept lat="42.505984" lon="-123.619413"></rtept></rte><rte><name>Stardust 1</name><type>Area</type><extensions><onx:style>dot</onx:style><onx:weight>4.0</onx:weight><onx:color>rgba(255, 51, 0, 1)</onx:color></extensions><rtept lat="42.159956" lon="-123.111805"></rtept><rtept lat="42.160920" lon="-123.111807"></rtept><rtept lat="42.163575" lon="-123.111822"></rtept><rtept lat="42.165385" lon="-123.111827"></rtept><rtept lat="42.165388" lon="-123.109228"></rtept><rtept lat="42.165391" lon="-123.106630"></rtept><rtept lat="42.163579" lon="-123.106629"></rtept><rtept lat="42.159955" lon="-123.106624"></rtept><rtept lat="42.159956" lon="-123.111805"></rtept></rte><rte><name>StarDust</name><type>Area</type><extensions><onx:style>dot</onx:style><onx:weight>4.0</onx:weight><onx:color>rgba(255, 51, 0, 1)</onx:color></extensions><rtept lat="42.163575" lon="-123.111822"></rtept><rtept lat="42.164520" lon="-123.111824"></rtept><rtept lat="42.164980" lon="-123.111824"></rtept><rtept lat="42.167195" lon="-123.111831"></rtept><rtept lat="42.168121" lon="-123.111832"></rtept><rtept lat="42.170814" lon="-123.111843"></rtept><rtept lat="42.170828" lon="-123.106635"></rtept><rtept lat="42.170840" lon="-123.101770"></rtept><rtept lat="42.167212" lon="-123.101763"></rtept><rtept lat="42.163583" lon="-123.101756"></rtept><rtept lat="42.163579" lon="-123.106629"></rtept><rtept lat="42.163575" lon="-123.111822"></rtept></rte><rte><name>PUREX</name><type>Area</type><extensions><onx:style>dot</onx:style><onx:weight>4.0</onx:weight><onx:color>rgba(255, 51, 0, 1)</onx:color></extensions><rtept lat="42.670173" lon="-123.203020"></rtept><rtept lat="42.670165" lon="-123.205487"></rtept><rtept lat="42.671977" lon="-123.205496"></rtept><rtept lat="42.673789" lon="-123.205505"></rtept><rtept lat="42.673798" lon="-123.203043"></rtept><rtept lat="42.671985" lon="-123.203032"></rtept><rtept lat="42.670173" lon="-123.203020"></rtept></rte><rte><name>Placer Hill</name><type>Area</type><extensions><onx:style>dot</onx:style><onx:weight>4.0</onx:weight><onx:color>rgba(255, 51, 0, 1)</onx:color></extensions><rtept lat="42.670181" lon="-123.200554"></rtept><rtept lat="42.670173" lon="-123.203020"></rtept><rtept lat="42.671985" lon="-123.203032"></rtept><rtept lat="42.673798" lon="-123.203043"></rtept><rtept lat="42.673806" lon="-123.200580"></rtept><rtept lat="42.671993" lon="-123.200567"></rtept><rtept lat="42.670181" lon="-123.200554"></rtept></rte><rte><name>Good Ol' Boys</name><type>Area</type><extensions><onx:style>dot</onx:style><onx:weight>4.0</onx:weight><onx:color>rgba(255, 51, 0, 1)</onx:color></extensions><rtept lat="42.670165" lon="-123.205487"></rtept><rtept lat="42.670158" lon="-123.207956"></rtept><rtept lat="42.671969" lon="-123.207962"></rtept><rtept lat="42.673781" lon="-123.207967"></rtept><rtept lat="42.673789" lon="-123.205505"></rtept><rtept lat="42.671977" lon="-123.205496"></rtept><rtept lat="42.670165" lon="-123.205487"></rtept></rte><rte><name>Jeanie</name><type>Area</type><extensions><onx:style>dot</onx:style><onx:weight>4.0</onx:weight><onx:color>rgba(255, 51, 0, 1)</onx:color></extensions><rtept lat="42.650072" lon="-123.234484"></rtept><rtept lat="42.648246" lon="-123.234491"></rtept><rtept lat="42.648253" lon="-123.236969"></rtept><rtept lat="42.648260" lon="-123.239447"></rtept><rtept lat="42.650099" lon="-123.239433"></rtept><rtept lat="42.650085" lon="-123.236958"></rtept><rtept lat="42.650072" lon="-123.234484"></rtept></rte><rte><name>Old Man's Quartz</name><type>Area</type><extensions><onx:style>dot</onx:style><onx:weight>4.0</onx:weight><onx:color>rgba(255, 51, 0, 1)</onx:color></extensions><rtept lat="42.303576" lon="-123.367461"></rtept><rtept lat="42.303557" lon="-123.369894"></rtept><rtept lat="42.305335" lon="-123.369887"></rtept><rtept lat="42.307113" lon="-123.369880"></rtept><rtept lat="42.307127" lon="-123.367451"></rtept><rtept lat="42.305352" lon="-123.367456"></rtept><rtept lat="42.303576" lon="-123.367461"></rtept></rte><rte><name>Eclipse</name><type>Area</type><extensions><onx:style>dot</onx:style><onx:weight>4.0</onx:weight><onx:color>rgba(255, 51, 0, 1)</onx:color></extensions><rtept lat="42.261943" lon="-123.288817"></rtept><rtept lat="42.263743" lon="-123.288825"></rtept><rtept lat="42.265560" lon="-123.288814"></rtept><rtept lat="42.265565" lon="-123.287596"></rtept><rtept lat="42.265578" lon="-123.286368"></rtept><rtept lat="42.265591" lon="-123.285140"></rtept><rtept lat="42.265613" lon="-123.283902"></rtept><rtept lat="42.261981" lon="-123.283904"></rtept><rtept lat="42.261962" lon="-123.286361"></rtept><rtept lat="42.261943" lon="-123.288817"></rtept></rte><rte><name>WONDERLAND</name><type>Area</type><extensions><onx:style>dot</onx:style><onx:weight>4.0</onx:weight><onx:color>rgba(255, 51, 0, 1)</onx:color></extensions><rtept lat="42.374558" lon="-122.993840"></rtept><rtept lat="42.374618" lon="-122.998635"></rtept><rtept lat="42.374650" lon="-123.001170"></rtept><rtept lat="42.374678" lon="-123.003430"></rtept><rtept lat="42.374626" lon="-123.008217"></rtept><rtept lat="42.374574" lon="-123.013003"></rtept><rtept lat="42.374632" lon="-123.015484"></rtept><rtept lat="42.374689" lon="-123.017966"></rtept><rtept lat="42.374805" lon="-123.022928"></rtept><rtept lat="42.374770" lon="-123.025313"></rtept><rtept lat="42.374734" lon="-123.027701"></rtept><rtept lat="42.374664" lon="-123.032473"></rtept><rtept lat="42.378367" lon="-123.032598"></rtept><rtept lat="42.382071" lon="-123.032723"></rtept><rtept lat="42.385774" lon="-123.032848"></rtept><rtept lat="42.389570" lon="-123.032977"></rtept><rtept lat="42.389547" lon="-123.028098"></rtept><rtept lat="42.389526" lon="-123.023219"></rtept><rtept lat="42.389515" lon="-123.020779"></rtept><rtept lat="42.389504" lon="-123.018339"></rtept><rtept lat="42.389492" lon="-123.015900"></rtept><rtept lat="42.389481" lon="-123.013460"></rtept><rtept lat="42.389482" lon="-123.008558"></rtept><rtept lat="42.389483" lon="-123.003656"></rtept><rtept lat="42.389472" lon="-123.001170"></rtept><rtept lat="42.389468" lon="-122.999314"></rtept><rtept lat="42.389466" lon="-122.998751"></rtept><rtept lat="42.389454" lon="-122.993848"></rtept><rtept lat="42.387276" lon="-122.993844"></rtept><rtept lat="42.385442" lon="-122.993840"></rtept><rtept lat="42.381799" lon="-122.993835"></rtept><rtept lat="42.378178" lon="-122.993837"></rtept><rtept lat="42.374855" lon="-122.993840"></rtept><rtept lat="42.374558" lon="-122.993840"></rtept></rte><rte><name>Minnow Three</name><type>Area</type><extensions><onx:style>dot</onx:style><onx:weight>4.0</onx:weight><onx:color>rgba(255, 51, 0, 1)</onx:color></extensions><rtept lat="42.486010" lon="-123.624220"></rtept><rtept lat="42.486011" lon="-123.621766"></rtept><rtept lat="42.484195" lon="-123.621764"></rtept><rtept lat="42.484193" lon="-123.624217"></rtept><rtept lat="42.484190" lon="-123.626669"></rtept><rtept lat="42.486009" lon="-123.626674"></rtept><rtept lat="42.486010" lon="-123.624220"></rtept></rte><rte><name>Golden Dream</name><type>Area</type><extensions><onx:style>dot</onx:style><onx:weight>4.0</onx:weight><onx:color>rgba(255, 51, 0, 1)</onx:color></extensions><rtept lat="42.487828" lon="-123.624223"></rtept><rtept lat="42.487828" lon="-123.621768"></rtept><rtept lat="42.486011" lon="-123.621766"></rtept><rtept lat="42.486010" lon="-123.624220"></rtept><rtept lat="42.486009" lon="-123.626674"></rtept><rtept lat="42.487827" lon="-123.626679"></rtept><rtept lat="42.487828" lon="-123.624223"></rtept></rte><rte><name>MMQ 2</name><type>Area</type><extensions><onx:style>dot</onx:style><onx:weight>4.0</onx:weight><onx:color>rgba(255, 51, 0, 1)</onx:color></extensions><rtept lat="42.325367" lon="-123.455111"></rtept><rtept lat="42.325375" lon="-123.459970"></rtept><rtept lat="42.325382" lon="-123.464459"></rtept><rtept lat="42.323862" lon="-123.464425"></rtept><rtept lat="42.323813" lon="-123.469526"></rtept><rtept lat="42.323765" lon="-123.474484"></rtept><rtept lat="42.327501" lon="-123.474510"></rtept><rtept lat="42.331238" lon="-123.474536"></rtept><rtept lat="42.331257" lon="-123.469612"></rtept><rtept lat="42.331287" lon="-123.464588"></rtept><rtept lat="42.331167" lon="-123.464586"></rtept><rtept lat="42.331165" lon="-123.462938"></rtept><rtept lat="42.331161" lon="-123.460542"></rtept><rtept lat="42.331160" lon="-123.459954"></rtept><rtept lat="42.331158" lon="-123.455750"></rtept><rtept lat="42.331156" lon="-123.455157"></rtept><rtept lat="42.329021" lon="-123.455140"></rtept><rtept lat="42.325367" lon="-123.455111"></rtept></rte><rte><name>MP32</name><type>Area</type><extensions><onx:style>dot</onx:style><onx:weight>4.0</onx:weight><onx:color>rgba(255, 51, 0, 1)</onx:color></extensions><rtept lat="42.586298" lon="-123.632032"></rtept><rtept lat="42.589954" lon="-123.632027"></rtept><rtept lat="42.591782" lon="-123.632025"></rtept><rtept lat="42.593610" lon="-123.632022"></rtept><rtept lat="42.593615" lon="-123.627116"></rtept><rtept lat="42.593615" lon="-123.626196"></rtept><rtept lat="42.593619" lon="-123.622209"></rtept><rtept lat="42.593620" lon="-123.617324"></rtept><rtept lat="42.593621" lon="-123.614701"></rtept><rtept lat="42.593621" lon="-123.612553"></rtept><rtept lat="42.593621" lon="-123.612438"></rtept><rtept lat="42.590883" lon="-123.612441"></rtept><rtept lat="42.589988" lon="-123.612442"></rtept><rtept lat="42.586383" lon="-123.612445"></rtept><rtept lat="42.586365" lon="-123.614051"></rtept><rtept lat="42.586328" lon="-123.617350"></rtept><rtept lat="42.586301" lon="-123.622255"></rtept><rtept lat="42.586300" lon="-123.627143"></rtept><rtept lat="42.586298" lon="-123.632032"></rtept></rte><rte><name>MP38</name><type>Area</type><extensions><onx:style>dot</onx:style><onx:weight>4.0</onx:weight><onx:color>rgba(255, 51, 0, 1)</onx:color></extensions><rtept lat="42.578983" lon="-123.623518"></rtept><rtept lat="42.578983" lon="-123.624736"></rtept><rtept lat="42.578984" lon="-123.625954"></rtept><rtept lat="42.578984" lon="-123.626196"></rtept><rtept lat="42.578984" lon="-123.627171"></rtept><rtept lat="42.578985" lon="-123.632042"></rtept><rtept lat="42.582642" lon="-123.632037"></rtept><rtept lat="42.586298" lon="-123.632032"></rtept><rtept lat="42.586300" lon="-123.627143"></rtept><rtept lat="42.586301" lon="-123.622255"></rtept><rtept lat="42.586328" lon="-123.617350"></rtept><rtept lat="42.586365" lon="-123.614051"></rtept><rtept lat="42.586383" lon="-123.612445"></rtept><rtept lat="42.582705" lon="-123.612449"></rtept><rtept lat="42.582507" lon="-123.612450"></rtept><rtept lat="42.579110" lon="-123.612453"></rtept><rtept lat="42.579054" lon="-123.616816"></rtept><rtept lat="42.579047" lon="-123.617377"></rtept><rtept lat="42.579025" lon="-123.619064"></rtept><rtept lat="42.579015" lon="-123.619839"></rtept><rtept lat="42.578983" lon="-123.622301"></rtept><rtept lat="42.578983" lon="-123.623518"></rtept></rte><rte><name>MP40</name><type>Area</type><extensions><onx:style>dot</onx:style><onx:weight>4.0</onx:weight><onx:color>rgba(255, 51, 0, 1)</onx:color></extensions><rtept lat="42.578983" lon="-123.623518"></rtept><rtept lat="42.578983" lon="-123.624736"></rtept><rtept lat="42.578984" lon="-123.625954"></rtept><rtept lat="42.578984" lon="-123.626196"></rtept><rtept lat="42.578984" lon="-123.627171"></rtept><rtept lat="42.578985" lon="-123.632042"></rtept><rtept lat="42.582642" lon="-123.632037"></rtept><rtept lat="42.586298" lon="-123.632032"></rtept><rtept lat="42.586300" lon="-123.627143"></rtept><rtept lat="42.586301" lon="-123.622255"></rtept><rtept lat="42.586328" lon="-123.617350"></rtept><rtept lat="42.586365" lon="-123.614051"></rtept><rtept lat="42.586383" lon="-123.612445"></rtept><rtept lat="42.582705" lon="-123.612449"></rtept><rtept lat="42.582507" lon="-123.612450"></rtept><rtept lat="42.579110" lon="-123.612453"></rtept><rtept lat="42.579054" lon="-123.616816"></rtept><rtept lat="42.579047" lon="-123.617377"></rtept><rtept lat="42.579025" lon="-123.619064"></rtept><rtept lat="42.579015" lon="-123.619839"></rtept><rtept lat="42.578983" lon="-123.622301"></rtept><rtept lat="42.578983" lon="-123.623518"></rtept></rte><rte><name>MP39</name><type>Area</type><extensions><onx:style>dot</onx:style><onx:weight>4.0</onx:weight><onx:color>rgba(255, 51, 0, 1)</onx:color></extensions><rtept lat="42.578983" lon="-123.622301"></rtept><rtept lat="42.578983" lon="-123.623518"></rtept><rtept lat="42.578983" lon="-123.624736"></rtept><rtept lat="42.578984" lon="-123.625954"></rtept><rtept lat="42.578984" lon="-123.626196"></rtept><rtept lat="42.578984" lon="-123.627171"></rtept><rtept lat="42.578985" lon="-123.632042"></rtept><rtept lat="42.582642" lon="-123.632037"></rtept><rtept lat="42.586298" lon="-123.632032"></rtept><rtept lat="42.586300" lon="-123.627143"></rtept><rtept lat="42.586301" lon="-123.622255"></rtept><rtept lat="42.582642" lon="-123.622278"></rtept><rtept lat="42.581727" lon="-123.622284"></rtept><rtept lat="42.580812" lon="-123.622289"></rtept><rtept lat="42.579897" lon="-123.622295"></rtept><rtept lat="42.578983" lon="-123.622301"></rtept></rte><rte><name>MP45</name><type>Area</type><extensions><onx:style>dot</onx:style><onx:weight>4.0</onx:weight><onx:color>rgba(255, 51, 0, 1)</onx:color></extensions><rtept lat="42.571730" lon="-123.622271"></rtept><rtept lat="42.571748" lon="-123.627156"></rtept><rtept lat="42.571750" lon="-123.627965"></rtept><rtept lat="42.571753" lon="-123.628387"></rtept><rtept lat="42.571760" lon="-123.632057"></rtept><rtept lat="42.572663" lon="-123.632057"></rtept><rtept lat="42.574273" lon="-123.632052"></rtept><rtept lat="42.575373" lon="-123.632050"></rtept><rtept lat="42.578985" lon="-123.632042"></rtept><rtept lat="42.578984" lon="-123.627171"></rtept><rtept lat="42.578984" lon="-123.626196"></rtept><rtept lat="42.578984" lon="-123.625954"></rtept><rtept lat="42.578983" lon="-123.624736"></rtept><rtept lat="42.578983" lon="-123.623518"></rtept><rtept lat="42.578983" lon="-123.622301"></rtept><rtept lat="42.575357" lon="-123.622286"></rtept><rtept lat="42.571730" lon="-123.622271"></rtept></rte><rte><name>MP62</name><type>Area</type><extensions><onx:style>dot</onx:style><onx:weight>4.0</onx:weight><onx:color>rgba(255, 51, 0, 1)</onx:color></extensions><rtept lat="42.579897" lon="-123.622295"></rtept><rtept lat="42.580812" lon="-123.622289"></rtept><rtept lat="42.581727" lon="-123.622284"></rtept><rtept lat="42.582642" lon="-123.622278"></rtept><rtept lat="42.586301" lon="-123.622255"></rtept><rtept lat="42.586328" lon="-123.617350"></rtept><rtept lat="42.586365" lon="-123.614051"></rtept><rtept lat="42.586383" lon="-123.612445"></rtept><rtept lat="42.582705" lon="-123.612449"></rtept><rtept lat="42.582507" lon="-123.612450"></rtept><rtept lat="42.579110" lon="-123.612453"></rtept><rtept lat="42.579054" lon="-123.616816"></rtept><rtept lat="42.579047" lon="-123.617377"></rtept><rtept lat="42.579025" lon="-123.619064"></rtept><rtept lat="42.579015" lon="-123.619839"></rtept><rtept lat="42.578983" lon="-123.622301"></rtept><rtept lat="42.579897" lon="-123.622295"></rtept></rte><rte><name>MP05</name><type>Area</type><extensions><onx:style>dot</onx:style><onx:weight>4.0</onx:weight><onx:color>rgba(255, 51, 0, 1)</onx:color></extensions><rtept lat="42.586295" lon="-123.641814"></rtept><rtept lat="42.586303" lon="-123.646738"></rtept><rtept lat="42.586308" lon="-123.650000"></rtept><rtept lat="42.593600" lon="-123.650000"></rtept><rtept lat="42.593600" lon="-123.649219"></rtept><rtept lat="42.593600" lon="-123.647989"></rtept><rtept lat="42.593600" lon="-123.646758"></rtept><rtept lat="42.593601" lon="-123.644297"></rtept><rtept lat="42.593601" lon="-123.641836"></rtept><rtept lat="42.593603" lon="-123.639383"></rtept><rtept lat="42.593606" lon="-123.636929"></rtept><rtept lat="42.593608" lon="-123.634476"></rtept><rtept lat="42.593610" lon="-123.632022"></rtept><rtept lat="42.591782" lon="-123.632025"></rtept><rtept lat="42.589954" lon="-123.632027"></rtept><rtept lat="42.586298" lon="-123.632032"></rtept><rtept lat="42.586297" lon="-123.636923"></rtept><rtept lat="42.586295" lon="-123.641814"></rtept></rte><rte><name>MP06</name><type>Area</type><extensions><onx:style>dot</onx:style><onx:weight>4.0</onx:weight><onx:color>rgba(255, 51, 0, 1)</onx:color></extensions><rtept lat="42.586295" lon="-123.641814"></rtept><rtept lat="42.589948" lon="-123.641825"></rtept><rtept lat="42.593601" lon="-123.641836"></rtept><rtept lat="42.593603" lon="-123.639383"></rtept><rtept lat="42.593606" lon="-123.636929"></rtept><rtept lat="42.593608" lon="-123.634476"></rtept><rtept lat="42.593610" lon="-123.632022"></rtept><rtept lat="42.593615" lon="-123.627116"></rtept><rtept lat="42.593615" lon="-123.626196"></rtept><rtept lat="42.593619" lon="-123.622209"></rtept><rtept lat="42.589960" lon="-123.622232"></rtept><rtept lat="42.586301" lon="-123.622255"></rtept><rtept lat="42.586300" lon="-123.627143"></rtept><rtept lat="42.586298" lon="-123.632032"></rtept><rtept lat="42.586297" lon="-123.636923"></rtept><rtept lat="42.586295" lon="-123.641814"></rtept></rte><rte><name>MP48</name><type>Area</type><extensions><onx:style>dot</onx:style><onx:weight>4.0</onx:weight><onx:color>rgba(255, 51, 0, 1)</onx:color></extensions><rtept lat="42.575426" lon="-123.612445"></rtept><rtept lat="42.574747" lon="-123.612443"></rtept><rtept lat="42.571793" lon="-123.612437"></rtept><rtept lat="42.571773" lon="-123.615562"></rtept><rtept lat="42.571762" lon="-123.617354"></rtept><rtept lat="42.571730" lon="-123.622271"></rtept><rtept lat="42.571748" lon="-123.627156"></rtept><rtept lat="42.571750" lon="-123.627965"></rtept><rtept lat="42.571753" lon="-123.628387"></rtept><rtept lat="42.571760" lon="-123.632057"></rtept><rtept lat="42.572663" lon="-123.632057"></rtept><rtept lat="42.574273" lon="-123.632052"></rtept><rtept lat="42.575373" lon="-123.632050"></rtept><rtept lat="42.578985" lon="-123.632042"></rtept><rtept lat="42.578984" lon="-123.627171"></rtept><rtept lat="42.578984" lon="-123.626196"></rtept><rtept lat="42.578984" lon="-123.625954"></rtept><rtept lat="42.578983" lon="-123.624736"></rtept><rtept lat="42.578983" lon="-123.623518"></rtept><rtept lat="42.578983" lon="-123.622301"></rtept><rtept lat="42.579015" lon="-123.619839"></rtept><rtept lat="42.579025" lon="-123.619064"></rtept><rtept lat="42.579047" lon="-123.617377"></rtept><rtept lat="42.579054" lon="-123.616816"></rtept><rtept lat="42.579110" lon="-123.612453"></rtept><rtept lat="42.575426" lon="-123.612445"></rtept></rte><rte><name>MP56</name><type>Area</type><extensions><onx:style>dot</onx:style><onx:weight>4.0</onx:weight><onx:color>rgba(255, 51, 0, 1)</onx:color></extensions><rtept lat="42.579897" lon="-123.622295"></rtept><rtept lat="42.580812" lon="-123.622289"></rtept><rtept lat="42.581727" lon="-123.622284"></rtept><rtept lat="42.582642" lon="-123.622278"></rtept><rtept lat="42.586301" lon="-123.622255"></rtept><rtept lat="42.586328" lon="-123.617350"></rtept><rtept lat="42.586365" lon="-123.614051"></rtept><rtept lat="42.586383" lon="-123.612445"></rtept><rtept lat="42.582705" lon="-123.612449"></rtept><rtept lat="42.582507" lon="-123.612450"></rtept><rtept lat="42.579110" lon="-123.612453"></rtept><rtept lat="42.579054" lon="-123.616816"></rtept><rtept lat="42.579047" lon="-123.617377"></rtept><rtept lat="42.579025" lon="-123.619064"></rtept><rtept lat="42.579015" lon="-123.619839"></rtept><rtept lat="42.578983" lon="-123.622301"></rtept><rtept lat="42.579897" lon="-123.622295"></rtept></rte><rte><name>MP20</name><type>Area</type><extensions><onx:style>dot</onx:style><onx:weight>4.0</onx:weight><onx:color>rgba(255, 51, 0, 1)</onx:color></extensions><rtept lat="42.571730" lon="-123.622271"></rtept><rtept lat="42.571748" lon="-123.627156"></rtept><rtept lat="42.571750" lon="-123.627965"></rtept><rtept lat="42.571753" lon="-123.628387"></rtept><rtept lat="42.571760" lon="-123.632057"></rtept><rtept lat="42.571762" lon="-123.633276"></rtept><rtept lat="42.571771" lon="-123.635395"></rtept><rtept lat="42.571775" lon="-123.636920"></rtept><rtept lat="42.571793" lon="-123.641807"></rtept><rtept lat="42.575391" lon="-123.641799"></rtept><rtept lat="42.578989" lon="-123.641791"></rtept><rtept lat="42.582642" lon="-123.641803"></rtept><rtept lat="42.586295" lon="-123.641814"></rtept><rtept lat="42.586297" lon="-123.636923"></rtept><rtept lat="42.586298" lon="-123.632032"></rtept><rtept lat="42.586300" lon="-123.627143"></rtept><rtept lat="42.586301" lon="-123.622255"></rtept><rtept lat="42.582642" lon="-123.622278"></rtept><rtept lat="42.581727" lon="-123.622284"></rtept><rtept lat="42.580812" lon="-123.622289"></rtept><rtept lat="42.579897" lon="-123.622295"></rtept><rtept lat="42.578983" lon="-123.622301"></rtept><rtept lat="42.575357" lon="-123.622286"></rtept><rtept lat="42.571730" lon="-123.622271"></rtept></rte><rte><name>MP35</name><type>Area</type><extensions><onx:style>dot</onx:style><onx:weight>4.0</onx:weight><onx:color>rgba(255, 51, 0, 1)</onx:color></extensions><rtept lat="42.578983" lon="-123.622301"></rtept><rtept lat="42.578983" lon="-123.623518"></rtept><rtept lat="42.578983" lon="-123.624736"></rtept><rtept lat="42.578984" lon="-123.625954"></rtept><rtept lat="42.578984" lon="-123.626196"></rtept><rtept lat="42.578984" lon="-123.627171"></rtept><rtept lat="42.578985" lon="-123.632042"></rtept><rtept lat="42.582642" lon="-123.632037"></rtept><rtept lat="42.586298" lon="-123.632032"></rtept><rtept lat="42.589954" lon="-123.632027"></rtept><rtept lat="42.591782" lon="-123.632025"></rtept><rtept lat="42.593610" lon="-123.632022"></rtept><rtept lat="42.593615" lon="-123.627116"></rtept><rtept lat="42.593615" lon="-123.626196"></rtept><rtept lat="42.593619" lon="-123.622209"></rtept><rtept lat="42.589960" lon="-123.622232"></rtept><rtept lat="42.586301" lon="-123.622255"></rtept><rtept lat="42.582642" lon="-123.622278"></rtept><rtept lat="42.581727" lon="-123.622284"></rtept><rtept lat="42.580812" lon="-123.622289"></rtept><rtept lat="42.579897" lon="-123.622295"></rtept><rtept lat="42.578983" lon="-123.622301"></rtept></rte><rte><name>MP01</name><type>Area</type><extensions><onx:style>dot</onx:style><onx:weight>4.0</onx:weight><onx:color>rgba(255, 51, 0, 1)</onx:color></extensions><rtept lat="42.600857" lon="-123.646788"></rtept><rtept lat="42.600857" lon="-123.644330"></rtept><rtept lat="42.600857" lon="-123.641872"></rtept><rtept lat="42.600854" lon="-123.639423"></rtept><rtept lat="42.600850" lon="-123.636974"></rtept><rtept lat="42.600843" lon="-123.632077"></rtept><rtept lat="42.597227" lon="-123.632050"></rtept><rtept lat="42.593610" lon="-123.632022"></rtept><rtept lat="42.593608" lon="-123.634476"></rtept><rtept lat="42.593606" lon="-123.636929"></rtept><rtept lat="42.593603" lon="-123.639383"></rtept><rtept lat="42.593601" lon="-123.641836"></rtept><rtept lat="42.593601" lon="-123.644297"></rtept><rtept lat="42.593600" lon="-123.646758"></rtept><rtept lat="42.593600" lon="-123.647989"></rtept><rtept lat="42.593600" lon="-123.649219"></rtept><rtept lat="42.593600" lon="-123.650000"></rtept><rtept lat="42.600857" lon="-123.650000"></rtept><rtept lat="42.600857" lon="-123.646788"></rtept></rte><rte><name>MP02</name><type>Area</type><extensions><onx:style>dot</onx:style><onx:weight>4.0</onx:weight><onx:color>rgba(255, 51, 0, 1)</onx:color></extensions><rtept lat="42.593601" lon="-123.641836"></rtept><rtept lat="42.595415" lon="-123.641845"></rtept><rtept lat="42.597229" lon="-123.641854"></rtept><rtept lat="42.599043" lon="-123.641863"></rtept><rtept lat="42.600857" lon="-123.641872"></rtept><rtept lat="42.600854" lon="-123.639423"></rtept><rtept lat="42.600850" lon="-123.636974"></rtept><rtept lat="42.600843" lon="-123.632077"></rtept><rtept lat="42.600836" lon="-123.627121"></rtept><rtept lat="42.600828" lon="-123.622165"></rtept><rtept lat="42.597223" lon="-123.622187"></rtept><rtept lat="42.593619" lon="-123.622209"></rtept><rtept lat="42.593615" lon="-123.626196"></rtept><rtept lat="42.593615" lon="-123.627116"></rtept><rtept lat="42.593610" lon="-123.632022"></rtept><rtept lat="42.593608" lon="-123.634476"></rtept><rtept lat="42.593606" lon="-123.636929"></rtept><rtept lat="42.593603" lon="-123.639383"></rtept><rtept lat="42.593601" lon="-123.641836"></rtept></rte><rte><name>MP12</name><type>Area</type><extensions><onx:style>dot</onx:style><onx:weight>4.0</onx:weight><onx:color>rgba(255, 51, 0, 1)</onx:color></extensions><rtept lat="42.578983" lon="-123.622301"></rtept><rtept lat="42.578983" lon="-123.623518"></rtept><rtept lat="42.578983" lon="-123.624736"></rtept><rtept lat="42.578984" lon="-123.625954"></rtept><rtept lat="42.578984" lon="-123.626196"></rtept><rtept lat="42.578984" lon="-123.627171"></rtept><rtept lat="42.578985" lon="-123.632042"></rtept><rtept lat="42.578987" lon="-123.636916"></rtept><rtept lat="42.578989" lon="-123.641791"></rtept><rtept lat="42.582642" lon="-123.641803"></rtept><rtept lat="42.586295" lon="-123.641814"></rtept><rtept lat="42.589948" lon="-123.641825"></rtept><rtept lat="42.593601" lon="-123.641836"></rtept><rtept lat="42.593603" lon="-123.639383"></rtept><rtept lat="42.593606" lon="-123.636929"></rtept><rtept lat="42.593608" lon="-123.634476"></rtept><rtept lat="42.593610" lon="-123.632022"></rtept><rtept lat="42.593615" lon="-123.627116"></rtept><rtept lat="42.593615" lon="-123.626196"></rtept><rtept lat="42.593619" lon="-123.622209"></rtept><rtept lat="42.589960" lon="-123.622232"></rtept><rtept lat="42.586301" lon="-123.622255"></rtept><rtept lat="42.582642" lon="-123.622278"></rtept><rtept lat="42.581727" lon="-123.622284"></rtept><rtept lat="42.580812" lon="-123.622289"></rtept><rtept lat="42.579897" lon="-123.622295"></rtept><rtept lat="42.578983" lon="-123.622301"></rtept></rte><rte><name>MP14</name><type>Area</type><extensions><onx:style>dot</onx:style><onx:weight>4.0</onx:weight><onx:color>rgba(255, 51, 0, 1)</onx:color></extensions><rtept lat="42.578983" lon="-123.622301"></rtept><rtept lat="42.578983" lon="-123.623518"></rtept><rtept lat="42.578983" lon="-123.624736"></rtept><rtept lat="42.578984" lon="-123.625954"></rtept><rtept lat="42.578984" lon="-123.626196"></rtept><rtept lat="42.578984" lon="-123.627171"></rtept><rtept lat="42.578985" lon="-123.632042"></rtept><rtept lat="42.578987" lon="-123.636916"></rtept><rtept lat="42.578989" lon="-123.641791"></rtept><rtept lat="42.582642" lon="-123.641803"></rtept><rtept lat="42.586295" lon="-123.641814"></rtept><rtept lat="42.586297" lon="-123.636923"></rtept><rtept lat="42.586298" lon="-123.632032"></rtept><rtept lat="42.586300" lon="-123.627143"></rtept><rtept lat="42.586301" lon="-123.622255"></rtept><rtept lat="42.582642" lon="-123.622278"></rtept><rtept lat="42.581727" lon="-123.622284"></rtept><rtept lat="42.580812" lon="-123.622289"></rtept><rtept lat="42.579897" lon="-123.622295"></rtept><rtept lat="42.578983" lon="-123.622301"></rtept></rte><rte><name>MP17</name><type>Area</type><extensions><onx:style>dot</onx:style><onx:weight>4.0</onx:weight><onx:color>rgba(255, 51, 0, 1)</onx:color></extensions><rtept lat="42.586295" lon="-123.641814"></rtept><rtept lat="42.586297" lon="-123.636923"></rtept><rtept lat="42.586298" lon="-123.632032"></rtept><rtept lat="42.582642" lon="-123.632037"></rtept><rtept lat="42.578985" lon="-123.632042"></rtept><rtept lat="42.578987" lon="-123.636916"></rtept><rtept lat="42.578989" lon="-123.641791"></rtept><rtept lat="42.579004" lon="-123.646718"></rtept><rtept lat="42.579015" lon="-123.650000"></rtept><rtept lat="42.586308" lon="-123.650000"></rtept><rtept lat="42.586303" lon="-123.646738"></rtept><rtept lat="42.586295" lon="-123.641814"></rtept></rte><rte><name>MP28</name><type>Area</type><extensions><onx:style>dot</onx:style><onx:weight>4.0</onx:weight><onx:color>rgba(255, 51, 0, 1)</onx:color></extensions><rtept lat="42.600828" lon="-123.622165"></rtept><rtept lat="42.600830" lon="-123.617198"></rtept><rtept lat="42.600831" lon="-123.612231"></rtept><rtept lat="42.599077" lon="-123.612272"></rtept><rtept lat="42.598846" lon="-123.612288"></rtept><rtept lat="42.597226" lon="-123.612335"></rtept><rtept lat="42.594982" lon="-123.612399"></rtept><rtept lat="42.593621" lon="-123.612438"></rtept><rtept lat="42.590883" lon="-123.612441"></rtept><rtept lat="42.589988" lon="-123.612442"></rtept><rtept lat="42.586383" lon="-123.612445"></rtept><rtept lat="42.586365" lon="-123.614051"></rtept><rtept lat="42.586328" lon="-123.617350"></rtept><rtept lat="42.586301" lon="-123.622255"></rtept><rtept lat="42.586300" lon="-123.627143"></rtept><rtept lat="42.586298" lon="-123.632032"></rtept><rtept lat="42.589954" lon="-123.632027"></rtept><rtept lat="42.591782" lon="-123.632025"></rtept><rtept lat="42.593610" lon="-123.632022"></rtept><rtept lat="42.597227" lon="-123.632050"></rtept><rtept lat="42.600843" lon="-123.632077"></rtept><rtept lat="42.600836" lon="-123.627121"></rtept><rtept lat="42.600828" lon="-123.622165"></rtept></rte><rte><name>MP31</name><type>Area</type><extensions><onx:style>dot</onx:style><onx:weight>4.0</onx:weight><onx:color>rgba(255, 51, 0, 1)</onx:color></extensions><rtept lat="42.586298" lon="-123.632032"></rtept><rtept lat="42.589954" lon="-123.632027"></rtept><rtept lat="42.591782" lon="-123.632025"></rtept><rtept lat="42.593610" lon="-123.632022"></rtept><rtept lat="42.593615" lon="-123.627116"></rtept><rtept lat="42.593615" lon="-123.626196"></rtept><rtept lat="42.593619" lon="-123.622209"></rtept><rtept lat="42.589960" lon="-123.622232"></rtept><rtept lat="42.586301" lon="-123.622255"></rtept><rtept lat="42.586300" lon="-123.627143"></rtept><rtept lat="42.586298" lon="-123.632032"></rtept></rte><rte><name>MP61</name><type>Area</type><extensions><onx:style>dot</onx:style><onx:weight>4.0</onx:weight><onx:color>rgba(255, 51, 0, 1)</onx:color></extensions><rtept lat="42.579897" lon="-123.622295"></rtept><rtept lat="42.580812" lon="-123.622289"></rtept><rtept lat="42.581727" lon="-123.622284"></rtept><rtept lat="42.582642" lon="-123.622278"></rtept><rtept lat="42.586301" lon="-123.622255"></rtept><rtept lat="42.586328" lon="-123.617350"></rtept><rtept lat="42.586365" lon="-123.614051"></rtept><rtept lat="42.586383" lon="-123.612445"></rtept><rtept lat="42.582705" lon="-123.612449"></rtept><rtept lat="42.582507" lon="-123.612450"></rtept><rtept lat="42.579110" lon="-123.612453"></rtept><rtept lat="42.579054" lon="-123.616816"></rtept><rtept lat="42.579047" lon="-123.617377"></rtept><rtept lat="42.579025" lon="-123.619064"></rtept><rtept lat="42.579015" lon="-123.619839"></rtept><rtept lat="42.578983" lon="-123.622301"></rtept><rtept lat="42.579897" lon="-123.622295"></rtept></rte><rte><name>MP63</name><type>Area</type><extensions><onx:style>dot</onx:style><onx:weight>4.0</onx:weight><onx:color>rgba(255, 51, 0, 1)</onx:color></extensions><rtept lat="42.575357" lon="-123.622286"></rtept><rtept lat="42.578983" lon="-123.622301"></rtept><rtept lat="42.579897" lon="-123.622295"></rtept><rtept lat="42.580812" lon="-123.622289"></rtept><rtept lat="42.581727" lon="-123.622284"></rtept><rtept lat="42.582642" lon="-123.622278"></rtept><rtept lat="42.586301" lon="-123.622255"></rtept><rtept lat="42.586328" lon="-123.617350"></rtept><rtept lat="42.586365" lon="-123.614051"></rtept><rtept lat="42.586383" lon="-123.612445"></rtept><rtept lat="42.582705" lon="-123.612449"></rtept><rtept lat="42.582507" lon="-123.612450"></rtept><rtept lat="42.579110" lon="-123.612453"></rtept><rtept lat="42.575426" lon="-123.612445"></rtept><rtept lat="42.574747" lon="-123.612443"></rtept><rtept lat="42.571793" lon="-123.612437"></rtept><rtept lat="42.571773" lon="-123.615562"></rtept><rtept lat="42.571762" lon="-123.617354"></rtept><rtept lat="42.571730" lon="-123.622271"></rtept><rtept lat="42.575357" lon="-123.622286"></rtept></rte><rte><name>MP09</name><type>Area</type><extensions><onx:style>dot</onx:style><onx:weight>4.0</onx:weight><onx:color>rgba(255, 51, 0, 1)</onx:color></extensions><rtept lat="42.586295" lon="-123.641814"></rtept><rtept lat="42.586303" lon="-123.646738"></rtept><rtept lat="42.586308" lon="-123.650000"></rtept><rtept lat="42.593600" lon="-123.650000"></rtept><rtept lat="42.593600" lon="-123.649219"></rtept><rtept lat="42.593600" lon="-123.647989"></rtept><rtept lat="42.593600" lon="-123.646758"></rtept><rtept lat="42.593601" lon="-123.644297"></rtept><rtept lat="42.593601" lon="-123.641836"></rtept><rtept lat="42.593603" lon="-123.639383"></rtept><rtept lat="42.593606" lon="-123.636929"></rtept><rtept lat="42.593608" lon="-123.634476"></rtept><rtept lat="42.593610" lon="-123.632022"></rtept><rtept lat="42.591782" lon="-123.632025"></rtept><rtept lat="42.589954" lon="-123.632027"></rtept><rtept lat="42.586298" lon="-123.632032"></rtept><rtept lat="42.586297" lon="-123.636923"></rtept><rtept lat="42.586295" lon="-123.641814"></rtept></rte><rte><name>MP19</name><type>Area</type><extensions><onx:style>dot</onx:style><onx:weight>4.0</onx:weight><onx:color>rgba(255, 51, 0, 1)</onx:color></extensions><rtept lat="42.571760" lon="-123.632057"></rtept><rtept lat="42.571762" lon="-123.633276"></rtept><rtept lat="42.571771" lon="-123.635395"></rtept><rtept lat="42.571775" lon="-123.636920"></rtept><rtept lat="42.571793" lon="-123.641807"></rtept><rtept lat="42.575391" lon="-123.641799"></rtept><rtept lat="42.578989" lon="-123.641791"></rtept><rtept lat="42.582642" lon="-123.641803"></rtept><rtept lat="42.586295" lon="-123.641814"></rtept><rtept lat="42.586297" lon="-123.636923"></rtept><rtept lat="42.586298" lon="-123.632032"></rtept><rtept lat="42.582642" lon="-123.632037"></rtept><rtept lat="42.578985" lon="-123.632042"></rtept><rtept lat="42.575373" lon="-123.632050"></rtept><rtept lat="42.574273" lon="-123.632052"></rtept><rtept lat="42.572663" lon="-123.632057"></rtept><rtept lat="42.571760" lon="-123.632057"></rtept></rte><rte><name>MP24</name><type>Area</type><extensions><onx:style>dot</onx:style><onx:weight>4.0</onx:weight><onx:color>rgba(255, 51, 0, 1)</onx:color></extensions><rtept lat="42.571730" lon="-123.622271"></rtept><rtept lat="42.571748" lon="-123.627156"></rtept><rtept lat="42.571750" lon="-123.627965"></rtept><rtept lat="42.571753" lon="-123.628387"></rtept><rtept lat="42.571760" lon="-123.632057"></rtept><rtept lat="42.571762" lon="-123.633276"></rtept><rtept lat="42.571771" lon="-123.635395"></rtept><rtept lat="42.571775" lon="-123.636920"></rtept><rtept lat="42.571793" lon="-123.641807"></rtept><rtept lat="42.575391" lon="-123.641799"></rtept><rtept lat="42.578989" lon="-123.641791"></rtept><rtept lat="42.578987" lon="-123.636916"></rtept><rtept lat="42.578985" lon="-123.632042"></rtept><rtept lat="42.578984" lon="-123.627171"></rtept><rtept lat="42.578984" lon="-123.626196"></rtept><rtept lat="42.578984" lon="-123.625954"></rtept><rtept lat="42.578983" lon="-123.624736"></rtept><rtept lat="42.578983" lon="-123.623518"></rtept><rtept lat="42.578983" lon="-123.622301"></rtept><rtept lat="42.575357" lon="-123.622286"></rtept><rtept lat="42.571730" lon="-123.622271"></rtept></rte><rte><name>MP42</name><type>Area</type><extensions><onx:style>dot</onx:style><onx:weight>4.0</onx:weight><onx:color>rgba(255, 51, 0, 1)</onx:color></extensions><rtept lat="42.578983" lon="-123.623518"></rtept><rtept lat="42.578983" lon="-123.624736"></rtept><rtept lat="42.578984" lon="-123.625954"></rtept><rtept lat="42.578984" lon="-123.626196"></rtept><rtept lat="42.578984" lon="-123.627171"></rtept><rtept lat="42.578985" lon="-123.632042"></rtept><rtept lat="42.582642" lon="-123.632037"></rtept><rtept lat="42.586298" lon="-123.632032"></rtept><rtept lat="42.586300" lon="-123.627143"></rtept><rtept lat="42.586301" lon="-123.622255"></rtept><rtept lat="42.586328" lon="-123.617350"></rtept><rtept lat="42.586365" lon="-123.614051"></rtept><rtept lat="42.586383" lon="-123.612445"></rtept><rtept lat="42.582705" lon="-123.612449"></rtept><rtept lat="42.582507" lon="-123.612450"></rtept><rtept lat="42.579110" lon="-123.612453"></rtept><rtept lat="42.579054" lon="-123.616816"></rtept><rtept lat="42.579047" lon="-123.617377"></rtept><rtept lat="42.579025" lon="-123.619064"></rtept><rtept lat="42.579015" lon="-123.619839"></rtept><rtept lat="42.578983" lon="-123.622301"></rtept><rtept lat="42.578983" lon="-123.623518"></rtept></rte><rte><name>MP44</name><type>Area</type><extensions><onx:style>dot</onx:style><onx:weight>4.0</onx:weight><onx:color>rgba(255, 51, 0, 1)</onx:color></extensions><rtept lat="42.578983" lon="-123.623518"></rtept><rtept lat="42.578983" lon="-123.624736"></rtept><rtept lat="42.578984" lon="-123.625954"></rtept><rtept lat="42.578984" lon="-123.626196"></rtept><rtept lat="42.578984" lon="-123.627171"></rtept><rtept lat="42.578985" lon="-123.632042"></rtept><rtept lat="42.582642" lon="-123.632037"></rtept><rtept lat="42.586298" lon="-123.632032"></rtept><rtept lat="42.586300" lon="-123.627143"></rtept><rtept lat="42.586301" lon="-123.622255"></rtept><rtept lat="42.586328" lon="-123.617350"></rtept><rtept lat="42.586365" lon="-123.614051"></rtept><rtept lat="42.586383" lon="-123.612445"></rtept><rtept lat="42.582705" lon="-123.612449"></rtept><rtept lat="42.582507" lon="-123.612450"></rtept><rtept lat="42.579110" lon="-123.612453"></rtept><rtept lat="42.579054" lon="-123.616816"></rtept><rtept lat="42.579047" lon="-123.617377"></rtept><rtept lat="42.579025" lon="-123.619064"></rtept><rtept lat="42.579015" lon="-123.619839"></rtept><rtept lat="42.578983" lon="-123.622301"></rtept><rtept lat="42.578983" lon="-123.623518"></rtept></rte><rte><name>MP16</name><type>Area</type><extensions><onx:style>dot</onx:style><onx:weight>4.0</onx:weight><onx:color>rgba(255, 51, 0, 1)</onx:color></extensions><rtept lat="42.578983" lon="-123.622301"></rtept><rtept lat="42.578983" lon="-123.623518"></rtept><rtept lat="42.578983" lon="-123.624736"></rtept><rtept lat="42.578984" lon="-123.625954"></rtept><rtept lat="42.578984" lon="-123.626196"></rtept><rtept lat="42.578984" lon="-123.627171"></rtept><rtept lat="42.578985" lon="-123.632042"></rtept><rtept lat="42.578987" lon="-123.636916"></rtept><rtept lat="42.578989" lon="-123.641791"></rtept><rtept lat="42.582642" lon="-123.641803"></rtept><rtept lat="42.586295" lon="-123.641814"></rtept><rtept lat="42.586297" lon="-123.636923"></rtept><rtept lat="42.586298" lon="-123.632032"></rtept><rtept lat="42.586300" lon="-123.627143"></rtept><rtept lat="42.586301" lon="-123.622255"></rtept><rtept lat="42.582642" lon="-123.622278"></rtept><rtept lat="42.581727" lon="-123.622284"></rtept><rtept lat="42.580812" lon="-123.622289"></rtept><rtept lat="42.579897" lon="-123.622295"></rtept><rtept lat="42.578983" lon="-123.622301"></rtept></rte><rte><name>MP23</name><type>Area</type><extensions><onx:style>dot</onx:style><onx:weight>4.0</onx:weight><onx:color>rgba(255, 51, 0, 1)</onx:color></extensions><rtept lat="42.571760" lon="-123.632057"></rtept><rtept lat="42.571762" lon="-123.633276"></rtept><rtept lat="42.571771" lon="-123.635395"></rtept><rtept lat="42.571775" lon="-123.636920"></rtept><rtept lat="42.571793" lon="-123.641807"></rtept><rtept lat="42.575391" lon="-123.641799"></rtept><rtept lat="42.578989" lon="-123.641791"></rtept><rtept lat="42.578987" lon="-123.636916"></rtept><rtept lat="42.578985" lon="-123.632042"></rtept><rtept lat="42.575373" lon="-123.632050"></rtept><rtept lat="42.574273" lon="-123.632052"></rtept><rtept lat="42.572663" lon="-123.632057"></rtept><rtept lat="42.571760" lon="-123.632057"></rtept></rte><rte><name>MP27</name><type>Area</type><extensions><onx:style>dot</onx:style><onx:weight>4.0</onx:weight><onx:color>rgba(255, 51, 0, 1)</onx:color></extensions><rtept lat="42.586298" lon="-123.632032"></rtept><rtept lat="42.589954" lon="-123.632027"></rtept><rtept lat="42.591782" lon="-123.632025"></rtept><rtept lat="42.593610" lon="-123.632022"></rtept><rtept lat="42.597227" lon="-123.632050"></rtept><rtept lat="42.600843" lon="-123.632077"></rtept><rtept lat="42.600836" lon="-123.627121"></rtept><rtept lat="42.600828" lon="-123.622165"></rtept><rtept lat="42.597223" lon="-123.622187"></rtept><rtept lat="42.593619" lon="-123.622209"></rtept><rtept lat="42.589960" lon="-123.622232"></rtept><rtept lat="42.586301" lon="-123.622255"></rtept><rtept lat="42.586300" lon="-123.627143"></rtept><rtept lat="42.586298" lon="-123.632032"></rtept></rte><rte><name>MP47</name><type>Area</type><extensions><onx:style>dot</onx:style><onx:weight>4.0</onx:weight><onx:color>rgba(255, 51, 0, 1)</onx:color></extensions><rtept lat="42.571730" lon="-123.622271"></rtept><rtept lat="42.571748" lon="-123.627156"></rtept><rtept lat="42.571750" lon="-123.627965"></rtept><rtept lat="42.571753" lon="-123.628387"></rtept><rtept lat="42.571760" lon="-123.632057"></rtept><rtept lat="42.572663" lon="-123.632057"></rtept><rtept lat="42.574273" lon="-123.632052"></rtept><rtept lat="42.575373" lon="-123.632050"></rtept><rtept lat="42.578985" lon="-123.632042"></rtept><rtept lat="42.578984" lon="-123.627171"></rtept><rtept lat="42.578984" lon="-123.626196"></rtept><rtept lat="42.578984" lon="-123.625954"></rtept><rtept lat="42.578983" lon="-123.624736"></rtept><rtept lat="42.578983" lon="-123.623518"></rtept><rtept lat="42.578983" lon="-123.622301"></rtept><rtept lat="42.575357" lon="-123.622286"></rtept><rtept lat="42.571730" lon="-123.622271"></rtept></rte><rte><name>MP54</name><type>Area</type><extensions><onx:style>dot</onx:style><onx:weight>4.0</onx:weight><onx:color>rgba(255, 51, 0, 1)</onx:color></extensions><rtept lat="42.579897" lon="-123.622295"></rtept><rtept lat="42.580812" lon="-123.622289"></rtept><rtept lat="42.581727" lon="-123.622284"></rtept><rtept lat="42.582642" lon="-123.622278"></rtept><rtept lat="42.586301" lon="-123.622255"></rtept><rtept lat="42.589960" lon="-123.622232"></rtept><rtept lat="42.593619" lon="-123.622209"></rtept><rtept lat="42.593620" lon="-123.617324"></rtept><rtept lat="42.593621" lon="-123.614701"></rtept><rtept lat="42.593621" lon="-123.612553"></rtept><rtept lat="42.593621" lon="-123.612438"></rtept><rtept lat="42.590883" lon="-123.612441"></rtept><rtept lat="42.589988" lon="-123.612442"></rtept><rtept lat="42.586383" lon="-123.612445"></rtept><rtept lat="42.582705" lon="-123.612449"></rtept><rtept lat="42.582507" lon="-123.612450"></rtept><rtept lat="42.579110" lon="-123.612453"></rtept><rtept lat="42.579054" lon="-123.616816"></rtept><rtept lat="42.579047" lon="-123.617377"></rtept><rtept lat="42.579025" lon="-123.619064"></rtept><rtept lat="42.579015" lon="-123.619839"></rtept><rtept lat="42.578983" lon="-123.622301"></rtept><rtept lat="42.579897" lon="-123.622295"></rtept></rte><rte><name>MP08</name><type>Area</type><extensions><onx:style>dot</onx:style><onx:weight>4.0</onx:weight><onx:color>rgba(255, 51, 0, 1)</onx:color></extensions><rtept lat="42.586295" lon="-123.641814"></rtept><rtept lat="42.589948" lon="-123.641825"></rtept><rtept lat="42.593601" lon="-123.641836"></rtept><rtept lat="42.593603" lon="-123.639383"></rtept><rtept lat="42.593606" lon="-123.636929"></rtept><rtept lat="42.593608" lon="-123.634476"></rtept><rtept lat="42.593610" lon="-123.632022"></rtept><rtept lat="42.593615" lon="-123.627116"></rtept><rtept lat="42.593615" lon="-123.626196"></rtept><rtept lat="42.593619" lon="-123.622209"></rtept><rtept lat="42.589960" lon="-123.622232"></rtept><rtept lat="42.586301" lon="-123.622255"></rtept><rtept lat="42.586300" lon="-123.627143"></rtept><rtept lat="42.586298" lon="-123.632032"></rtept><rtept lat="42.586297" lon="-123.636923"></rtept><rtept lat="42.586295" lon="-123.641814"></rtept></rte><rte><name>MP10</name><type>Area</type><extensions><onx:style>dot</onx:style><onx:weight>4.0</onx:weight><onx:color>rgba(255, 51, 0, 1)</onx:color></extensions><rtept lat="42.586295" lon="-123.641814"></rtept><rtept lat="42.589948" lon="-123.641825"></rtept><rtept lat="42.593601" lon="-123.641836"></rtept><rtept lat="42.593603" lon="-123.639383"></rtept><rtept lat="42.593606" lon="-123.636929"></rtept><rtept lat="42.593608" lon="-123.634476"></rtept><rtept lat="42.593610" lon="-123.632022"></rtept><rtept lat="42.593615" lon="-123.627116"></rtept><rtept lat="42.593615" lon="-123.626196"></rtept><rtept lat="42.593619" lon="-123.622209"></rtept><rtept lat="42.589960" lon="-123.622232"></rtept><rtept lat="42.586301" lon="-123.622255"></rtept><rtept lat="42.586300" lon="-123.627143"></rtept><rtept lat="42.586298" lon="-123.632032"></rtept><rtept lat="42.586297" lon="-123.636923"></rtept><rtept lat="42.586295" lon="-123.641814"></rtept></rte><rte><name>MP22</name><type>Area</type><extensions><onx:style>dot</onx:style><onx:weight>4.0</onx:weight><onx:color>rgba(255, 51, 0, 1)</onx:color></extensions><rtept lat="42.571730" lon="-123.622271"></rtept><rtept lat="42.571748" lon="-123.627156"></rtept><rtept lat="42.571750" lon="-123.627965"></rtept><rtept lat="42.571753" lon="-123.628387"></rtept><rtept lat="42.571760" lon="-123.632057"></rtept><rtept lat="42.571762" lon="-123.633276"></rtept><rtept lat="42.571771" lon="-123.635395"></rtept><rtept lat="42.571775" lon="-123.636920"></rtept><rtept lat="42.571793" lon="-123.641807"></rtept><rtept lat="42.575391" lon="-123.641799"></rtept><rtept lat="42.578989" lon="-123.641791"></rtept><rtept lat="42.578987" lon="-123.636916"></rtept><rtept lat="42.578985" lon="-123.632042"></rtept><rtept lat="42.578984" lon="-123.627171"></rtept><rtept lat="42.578984" lon="-123.626196"></rtept><rtept lat="42.578984" lon="-123.625954"></rtept><rtept lat="42.578983" lon="-123.624736"></rtept><rtept lat="42.578983" lon="-123.623518"></rtept><rtept lat="42.578983" lon="-123.622301"></rtept><rtept lat="42.575357" lon="-123.622286"></rtept><rtept lat="42.571730" lon="-123.622271"></rtept></rte><rte><name>MP30</name><type>Area</type><extensions><onx:style>dot</onx:style><onx:weight>4.0</onx:weight><onx:color>rgba(255, 51, 0, 1)</onx:color></extensions><rtept lat="42.586298" lon="-123.632032"></rtept><rtept lat="42.589954" lon="-123.632027"></rtept><rtept lat="42.591782" lon="-123.632025"></rtept><rtept lat="42.593610" lon="-123.632022"></rtept><rtept lat="42.593615" lon="-123.627116"></rtept><rtept lat="42.593615" lon="-123.626196"></rtept><rtept lat="42.593619" lon="-123.622209"></rtept><rtept lat="42.593620" lon="-123.617324"></rtept><rtept lat="42.593621" lon="-123.614701"></rtept><rtept lat="42.593621" lon="-123.612553"></rtept><rtept lat="42.593621" lon="-123.612438"></rtept><rtept lat="42.590883" lon="-123.612441"></rtept><rtept lat="42.589988" lon="-123.612442"></rtept><rtept lat="42.586383" lon="-123.612445"></rtept><rtept lat="42.586365" lon="-123.614051"></rtept><rtept lat="42.586328" lon="-123.617350"></rtept><rtept lat="42.586301" lon="-123.622255"></rtept><rtept lat="42.586300" lon="-123.627143"></rtept><rtept lat="42.586298" lon="-123.632032"></rtept></rte><rte><name>MP33</name><type>Area</type><extensions><onx:style>dot</onx:style><onx:weight>4.0</onx:weight><onx:color>rgba(255, 51, 0, 1)</onx:color></extensions><rtept lat="42.586298" lon="-123.632032"></rtept><rtept lat="42.589954" lon="-123.632027"></rtept><rtept lat="42.591782" lon="-123.632025"></rtept><rtept lat="42.593610" lon="-123.632022"></rtept><rtept lat="42.593615" lon="-123.627116"></rtept><rtept lat="42.593615" lon="-123.626196"></rtept><rtept lat="42.593619" lon="-123.622209"></rtept><rtept lat="42.589960" lon="-123.622232"></rtept><rtept lat="42.586301" lon="-123.622255"></rtept><rtept lat="42.586300" lon="-123.627143"></rtept><rtept lat="42.586298" lon="-123.632032"></rtept></rte><rte><name>MP50</name><type>Area</type><extensions><onx:style>dot</onx:style><onx:weight>4.0</onx:weight><onx:color>rgba(255, 51, 0, 1)</onx:color></extensions><rtept lat="42.586301" lon="-123.622255"></rtept><rtept lat="42.589960" lon="-123.622232"></rtept><rtept lat="42.593619" lon="-123.622209"></rtept><rtept lat="42.597223" lon="-123.622187"></rtept><rtept lat="42.600828" lon="-123.622165"></rtept><rtept lat="42.600830" lon="-123.617198"></rtept><rtept lat="42.600831" lon="-123.612231"></rtept><rtept lat="42.599077" lon="-123.612272"></rtept><rtept lat="42.598846" lon="-123.612288"></rtept><rtept lat="42.597226" lon="-123.612335"></rtept><rtept lat="42.594982" lon="-123.612399"></rtept><rtept lat="42.593621" lon="-123.612438"></rtept><rtept lat="42.590883" lon="-123.612441"></rtept><rtept lat="42.589988" lon="-123.612442"></rtept><rtept lat="42.586383" lon="-123.612445"></rtept><rtept lat="42.586365" lon="-123.614051"></rtept><rtept lat="42.586328" lon="-123.617350"></rtept><rtept lat="42.586301" lon="-123.622255"></rtept></rte><rte><name>MP51</name><type>Area</type><extensions><onx:style>dot</onx:style><onx:weight>4.0</onx:weight><onx:color>rgba(255, 51, 0, 1)</onx:color></extensions><rtept lat="42.586301" lon="-123.622255"></rtept><rtept lat="42.589960" lon="-123.622232"></rtept><rtept lat="42.593619" lon="-123.622209"></rtept><rtept lat="42.593620" lon="-123.617324"></rtept><rtept lat="42.593621" lon="-123.614701"></rtept><rtept lat="42.593621" lon="-123.612553"></rtept><rtept lat="42.593621" lon="-123.612438"></rtept><rtept lat="42.590883" lon="-123.612441"></rtept><rtept lat="42.589988" lon="-123.612442"></rtept><rtept lat="42.586383" lon="-123.612445"></rtept><rtept lat="42.586365" lon="-123.614051"></rtept><rtept lat="42.586328" lon="-123.617350"></rtept><rtept lat="42.586301" lon="-123.622255"></rtept></rte><rte><name>MP65</name><type>Area</type><extensions><onx:style>dot</onx:style><onx:weight>4.0</onx:weight><onx:color>rgba(255, 51, 0, 1)</onx:color></extensions><rtept lat="42.571730" lon="-123.622271"></rtept><rtept lat="42.575357" lon="-123.622286"></rtept><rtept lat="42.578983" lon="-123.622301"></rtept><rtept lat="42.579015" lon="-123.619839"></rtept><rtept lat="42.579025" lon="-123.619064"></rtept><rtept lat="42.579047" lon="-123.617377"></rtept><rtept lat="42.579054" lon="-123.616816"></rtept><rtept lat="42.579110" lon="-123.612453"></rtept><rtept lat="42.575426" lon="-123.612445"></rtept><rtept lat="42.574747" lon="-123.612443"></rtept><rtept lat="42.571793" lon="-123.612437"></rtept><rtept lat="42.571773" lon="-123.615562"></rtept><rtept lat="42.571762" lon="-123.617354"></rtept><rtept lat="42.571730" lon="-123.622271"></rtept></rte><rte><name>MP21</name><type>Area</type><extensions><onx:style>dot</onx:style><onx:weight>4.0</onx:weight><onx:color>rgba(255, 51, 0, 1)</onx:color></extensions><rtept lat="42.571760" lon="-123.632057"></rtept><rtept lat="42.571762" lon="-123.633276"></rtept><rtept lat="42.571771" lon="-123.635395"></rtept><rtept lat="42.571775" lon="-123.636920"></rtept><rtept lat="42.571793" lon="-123.641807"></rtept><rtept lat="42.575391" lon="-123.641799"></rtept><rtept lat="42.578989" lon="-123.641791"></rtept><rtept lat="42.578987" lon="-123.636916"></rtept><rtept lat="42.578985" lon="-123.632042"></rtept><rtept lat="42.575373" lon="-123.632050"></rtept><rtept lat="42.574273" lon="-123.632052"></rtept><rtept lat="42.572663" lon="-123.632057"></rtept><rtept lat="42.571760" lon="-123.632057"></rtept></rte><rte><name>MP29</name><type>Area</type><extensions><onx:style>dot</onx:style><onx:weight>4.0</onx:weight><onx:color>rgba(255, 51, 0, 1)</onx:color></extensions><rtept lat="42.586298" lon="-123.632032"></rtept><rtept lat="42.589954" lon="-123.632027"></rtept><rtept lat="42.591782" lon="-123.632025"></rtept><rtept lat="42.593610" lon="-123.632022"></rtept><rtept lat="42.593615" lon="-123.627116"></rtept><rtept lat="42.593615" lon="-123.626196"></rtept><rtept lat="42.593619" lon="-123.622209"></rtept><rtept lat="42.589960" lon="-123.622232"></rtept><rtept lat="42.586301" lon="-123.622255"></rtept><rtept lat="42.586300" lon="-123.627143"></rtept><rtept lat="42.586298" lon="-123.632032"></rtept></rte><rte><name>MP60</name><type>Area</type><extensions><onx:style>dot</onx:style><onx:weight>4.0</onx:weight><onx:color>rgba(255, 51, 0, 1)</onx:color></extensions><rtept lat="42.579897" lon="-123.622295"></rtept><rtept lat="42.580812" lon="-123.622289"></rtept><rtept lat="42.581727" lon="-123.622284"></rtept><rtept lat="42.582642" lon="-123.622278"></rtept><rtept lat="42.586301" lon="-123.622255"></rtept><rtept lat="42.586328" lon="-123.617350"></rtept><rtept lat="42.586365" lon="-123.614051"></rtept><rtept lat="42.586383" lon="-123.612445"></rtept><rtept lat="42.582705" lon="-123.612449"></rtept><rtept lat="42.582507" lon="-123.612450"></rtept><rtept lat="42.579110" lon="-123.612453"></rtept><rtept lat="42.579054" lon="-123.616816"></rtept><rtept lat="42.579047" lon="-123.617377"></rtept><rtept lat="42.579025" lon="-123.619064"></rtept><rtept lat="42.579015" lon="-123.619839"></rtept><rtept lat="42.578983" lon="-123.622301"></rtept><rtept lat="42.579897" lon="-123.622295"></rtept></rte><rte><name>MP03</name><type>Area</type><extensions><onx:style>dot</onx:style><onx:weight>4.0</onx:weight><onx:color>rgba(255, 51, 0, 1)</onx:color></extensions><rtept lat="42.586295" lon="-123.641814"></rtept><rtept lat="42.586303" lon="-123.646738"></rtept><rtept lat="42.586308" lon="-123.650000"></rtept><rtept lat="42.600857" lon="-123.650000"></rtept><rtept lat="42.600857" lon="-123.646788"></rtept><rtept lat="42.600857" lon="-123.644330"></rtept><rtept lat="42.600857" lon="-123.641872"></rtept><rtept lat="42.600854" lon="-123.639423"></rtept><rtept lat="42.600850" lon="-123.636974"></rtept><rtept lat="42.600843" lon="-123.632077"></rtept><rtept lat="42.597227" lon="-123.632050"></rtept><rtept lat="42.593610" lon="-123.632022"></rtept><rtept lat="42.591782" lon="-123.632025"></rtept><rtept lat="42.589954" lon="-123.632027"></rtept><rtept lat="42.586298" lon="-123.632032"></rtept><rtept lat="42.586297" lon="-123.636923"></rtept><rtept lat="42.586295" lon="-123.641814"></rtept></rte><rte><name>MP11</name><type>Area</type><extensions><onx:style>dot</onx:style><onx:weight>4.0</onx:weight><onx:color>rgba(255, 51, 0, 1)</onx:color></extensions><rtept lat="42.578985" lon="-123.632042"></rtept><rtept lat="42.578987" lon="-123.636916"></rtept><rtept lat="42.578989" lon="-123.641791"></rtept><rtept lat="42.579004" lon="-123.646718"></rtept><rtept lat="42.579015" lon="-123.650000"></rtept><rtept lat="42.593600" lon="-123.650000"></rtept><rtept lat="42.593600" lon="-123.649219"></rtept><rtept lat="42.593600" lon="-123.647989"></rtept><rtept lat="42.593600" lon="-123.646758"></rtept><rtept lat="42.593601" lon="-123.644297"></rtept><rtept lat="42.593601" lon="-123.641836"></rtept><rtept lat="42.593603" lon="-123.639383"></rtept><rtept lat="42.593606" lon="-123.636929"></rtept><rtept lat="42.593608" lon="-123.634476"></rtept><rtept lat="42.593610" lon="-123.632022"></rtept><rtept lat="42.591782" lon="-123.632025"></rtept><rtept lat="42.589954" lon="-123.632027"></rtept><rtept lat="42.586298" lon="-123.632032"></rtept><rtept lat="42.582642" lon="-123.632037"></rtept><rtept lat="42.578985" lon="-123.632042"></rtept></rte><rte><name>MP13</name><type>Area</type><extensions><onx:style>dot</onx:style><onx:weight>4.0</onx:weight><onx:color>rgba(255, 51, 0, 1)</onx:color></extensions><rtept lat="42.586295" lon="-123.641814"></rtept><rtept lat="42.586297" lon="-123.636923"></rtept><rtept lat="42.586298" lon="-123.632032"></rtept><rtept lat="42.582642" lon="-123.632037"></rtept><rtept lat="42.578985" lon="-123.632042"></rtept><rtept lat="42.578987" lon="-123.636916"></rtept><rtept lat="42.578989" lon="-123.641791"></rtept><rtept lat="42.579004" lon="-123.646718"></rtept><rtept lat="42.579015" lon="-123.650000"></rtept><rtept lat="42.586308" lon="-123.650000"></rtept><rtept lat="42.586303" lon="-123.646738"></rtept><rtept lat="42.586295" lon="-123.641814"></rtept></rte><rte><name>MP15</name><type>Area</type><extensions><onx:style>dot</onx:style><onx:weight>4.0</onx:weight><onx:color>rgba(255, 51, 0, 1)</onx:color></extensions><rtept lat="42.586295" lon="-123.641814"></rtept><rtept lat="42.586297" lon="-123.636923"></rtept><rtept lat="42.586298" lon="-123.632032"></rtept><rtept lat="42.582642" lon="-123.632037"></rtept><rtept lat="42.578985" lon="-123.632042"></rtept><rtept lat="42.578987" lon="-123.636916"></rtept><rtept lat="42.578989" lon="-123.641791"></rtept><rtept lat="42.579004" lon="-123.646718"></rtept><rtept lat="42.579015" lon="-123.650000"></rtept><rtept lat="42.586308" lon="-123.650000"></rtept><rtept lat="42.586303" lon="-123.646738"></rtept><rtept lat="42.586295" lon="-123.641814"></rtept></rte><rte><name>MP58</name><type>Area</type><extensions><onx:style>dot</onx:style><onx:weight>4.0</onx:weight><onx:color>rgba(255, 51, 0, 1)</onx:color></extensions><rtept lat="42.579897" lon="-123.622295"></rtept><rtept lat="42.580812" lon="-123.622289"></rtept><rtept lat="42.581727" lon="-123.622284"></rtept><rtept lat="42.582642" lon="-123.622278"></rtept><rtept lat="42.586301" lon="-123.622255"></rtept><rtept lat="42.586328" lon="-123.617350"></rtept><rtept lat="42.586365" lon="-123.614051"></rtept><rtept lat="42.586383" lon="-123.612445"></rtept><rtept lat="42.582705" lon="-123.612449"></rtept><rtept lat="42.582507" lon="-123.612450"></rtept><rtept lat="42.579110" lon="-123.612453"></rtept><rtept lat="42.579054" lon="-123.616816"></rtept><rtept lat="42.579047" lon="-123.617377"></rtept><rtept lat="42.579025" lon="-123.619064"></rtept><rtept lat="42.579015" lon="-123.619839"></rtept><rtept lat="42.578983" lon="-123.622301"></rtept><rtept lat="42.579897" lon="-123.622295"></rtept></rte><rte><name>MP64</name><type>Area</type><extensions><onx:style>dot</onx:style><onx:weight>4.0</onx:weight><onx:color>rgba(255, 51, 0, 1)</onx:color></extensions><rtept lat="42.575357" lon="-123.622286"></rtept><rtept lat="42.578983" lon="-123.622301"></rtept><rtept lat="42.579897" lon="-123.622295"></rtept><rtept lat="42.580812" lon="-123.622289"></rtept><rtept lat="42.581727" lon="-123.622284"></rtept><rtept lat="42.582642" lon="-123.622278"></rtept><rtept lat="42.586301" lon="-123.622255"></rtept><rtept lat="42.586328" lon="-123.617350"></rtept><rtept lat="42.586365" lon="-123.614051"></rtept><rtept lat="42.586383" lon="-123.612445"></rtept><rtept lat="42.582705" lon="-123.612449"></rtept><rtept lat="42.582507" lon="-123.612450"></rtept><rtept lat="42.579110" lon="-123.612453"></rtept><rtept lat="42.575426" lon="-123.612445"></rtept><rtept lat="42.574747" lon="-123.612443"></rtept><rtept lat="42.571793" lon="-123.612437"></rtept><rtept lat="42.571773" lon="-123.615562"></rtept><rtept lat="42.571762" lon="-123.617354"></rtept><rtept lat="42.571730" lon="-123.622271"></rtept><rtept lat="42.575357" lon="-123.622286"></rtept></rte><rte><name>MP07</name><type>Area</type><extensions><onx:style>dot</onx:style><onx:weight>4.0</onx:weight><onx:color>rgba(255, 51, 0, 1)</onx:color></extensions><rtept lat="42.586295" lon="-123.641814"></rtept><rtept lat="42.586303" lon="-123.646738"></rtept><rtept lat="42.586308" lon="-123.650000"></rtept><rtept lat="42.593600" lon="-123.650000"></rtept><rtept lat="42.593600" lon="-123.649219"></rtept><rtept lat="42.593600" lon="-123.647989"></rtept><rtept lat="42.593600" lon="-123.646758"></rtept><rtept lat="42.593601" lon="-123.644297"></rtept><rtept lat="42.593601" lon="-123.641836"></rtept><rtept lat="42.593603" lon="-123.639383"></rtept><rtept lat="42.593606" lon="-123.636929"></rtept><rtept lat="42.593608" lon="-123.634476"></rtept><rtept lat="42.593610" lon="-123.632022"></rtept><rtept lat="42.591782" lon="-123.632025"></rtept><rtept lat="42.589954" lon="-123.632027"></rtept><rtept lat="42.586298" lon="-123.632032"></rtept><rtept lat="42.586297" lon="-123.636923"></rtept><rtept lat="42.586295" lon="-123.641814"></rtept></rte><rte><name>MP25</name><type>Area</type><extensions><onx:style>dot</onx:style><onx:weight>4.0</onx:weight><onx:color>rgba(255, 51, 0, 1)</onx:color></extensions><rtept lat="42.593610" lon="-123.632022"></rtept><rtept lat="42.597227" lon="-123.632050"></rtept><rtept lat="42.600843" lon="-123.632077"></rtept><rtept lat="42.600836" lon="-123.627121"></rtept><rtept lat="42.600828" lon="-123.622165"></rtept><rtept lat="42.597223" lon="-123.622187"></rtept><rtept lat="42.593619" lon="-123.622209"></rtept><rtept lat="42.593615" lon="-123.626196"></rtept><rtept lat="42.593615" lon="-123.627116"></rtept><rtept lat="42.593610" lon="-123.632022"></rtept></rte><rte><name>MP34</name><type>Area</type><extensions><onx:style>dot</onx:style><onx:weight>4.0</onx:weight><onx:color>rgba(255, 51, 0, 1)</onx:color></extensions><rtept lat="42.586298" lon="-123.632032"></rtept><rtept lat="42.589954" lon="-123.632027"></rtept><rtept lat="42.591782" lon="-123.632025"></rtept><rtept lat="42.593610" lon="-123.632022"></rtept><rtept lat="42.593615" lon="-123.627116"></rtept><rtept lat="42.593615" lon="-123.626196"></rtept><rtept lat="42.593619" lon="-123.622209"></rtept><rtept lat="42.593620" lon="-123.617324"></rtept><rtept lat="42.593621" lon="-123.614701"></rtept><rtept lat="42.593621" lon="-123.612553"></rtept><rtept lat="42.593621" lon="-123.612438"></rtept><rtept lat="42.590883" lon="-123.612441"></rtept><rtept lat="42.589988" lon="-123.612442"></rtept><rtept lat="42.586383" lon="-123.612445"></rtept><rtept lat="42.586365" lon="-123.614051"></rtept><rtept lat="42.586328" lon="-123.617350"></rtept><rtept lat="42.586301" lon="-123.622255"></rtept><rtept lat="42.586300" lon="-123.627143"></rtept><rtept lat="42.586298" lon="-123.632032"></rtept></rte><rte><name>MP37</name><type>Area</type><extensions><onx:style>dot</onx:style><onx:weight>4.0</onx:weight><onx:color>rgba(255, 51, 0, 1)</onx:color></extensions><rtept lat="42.578983" lon="-123.622301"></rtept><rtept lat="42.578983" lon="-123.623518"></rtept><rtept lat="42.578983" lon="-123.624736"></rtept><rtept lat="42.578984" lon="-123.625954"></rtept><rtept lat="42.578984" lon="-123.626196"></rtept><rtept lat="42.578984" lon="-123.627171"></rtept><rtept lat="42.578985" lon="-123.632042"></rtept><rtept lat="42.582642" lon="-123.632037"></rtept><rtept lat="42.586298" lon="-123.632032"></rtept><rtept lat="42.586300" lon="-123.627143"></rtept><rtept lat="42.586301" lon="-123.622255"></rtept><rtept lat="42.582642" lon="-123.622278"></rtept><rtept lat="42.581727" lon="-123.622284"></rtept><rtept lat="42.580812" lon="-123.622289"></rtept><rtept lat="42.579897" lon="-123.622295"></rtept><rtept lat="42.578983" lon="-123.622301"></rtept></rte><rte><name>MP41</name><type>Area</type><extensions><onx:style>dot</onx:style><onx:weight>4.0</onx:weight><onx:color>rgba(255, 51, 0, 1)</onx:color></extensions><rtept lat="42.578983" lon="-123.622301"></rtept><rtept lat="42.578983" lon="-123.623518"></rtept><rtept lat="42.578983" lon="-123.624736"></rtept><rtept lat="42.578984" lon="-123.625954"></rtept><rtept lat="42.578984" lon="-123.626196"></rtept><rtept lat="42.578984" lon="-123.627171"></rtept><rtept lat="42.578985" lon="-123.632042"></rtept><rtept lat="42.582642" lon="-123.632037"></rtept><rtept lat="42.586298" lon="-123.632032"></rtept><rtept lat="42.586300" lon="-123.627143"></rtept><rtept lat="42.586301" lon="-123.622255"></rtept><rtept lat="42.582642" lon="-123.622278"></rtept><rtept lat="42.581727" lon="-123.622284"></rtept><rtept lat="42.580812" lon="-123.622289"></rtept><rtept lat="42.579897" lon="-123.622295"></rtept><rtept lat="42.578983" lon="-123.622301"></rtept></rte><rte><name>MP53</name><type>Area</type><extensions><onx:style>dot</onx:style><onx:weight>4.0</onx:weight><onx:color>rgba(255, 51, 0, 1)</onx:color></extensions><rtept lat="42.586301" lon="-123.622255"></rtept><rtept lat="42.589960" lon="-123.622232"></rtept><rtept lat="42.593619" lon="-123.622209"></rtept><rtept lat="42.593620" lon="-123.617324"></rtept><rtept lat="42.593621" lon="-123.614701"></rtept><rtept lat="42.593621" lon="-123.612553"></rtept><rtept lat="42.593621" lon="-123.612438"></rtept><rtept lat="42.590883" lon="-123.612441"></rtept><rtept lat="42.589988" lon="-123.612442"></rtept><rtept lat="42.586383" lon="-123.612445"></rtept><rtept lat="42.586365" lon="-123.614051"></rtept><rtept lat="42.586328" lon="-123.617350"></rtept><rtept lat="42.586301" lon="-123.622255"></rtept></rte><rte><name>MP55</name><type>Area</type><extensions><onx:style>dot</onx:style><onx:weight>4.0</onx:weight><onx:color>rgba(255, 51, 0, 1)</onx:color></extensions><rtept lat="42.579897" lon="-123.622295"></rtept><rtept lat="42.580812" lon="-123.622289"></rtept><rtept lat="42.581727" lon="-123.622284"></rtept><rtept lat="42.582642" lon="-123.622278"></rtept><rtept lat="42.586301" lon="-123.622255"></rtept><rtept lat="42.586328" lon="-123.617350"></rtept><rtept lat="42.586365" lon="-123.614051"></rtept><rtept lat="42.586383" lon="-123.612445"></rtept><rtept lat="42.582705" lon="-123.612449"></rtept><rtept lat="42.582507" lon="-123.612450"></rtept><rtept lat="42.579110" lon="-123.612453"></rtept><rtept lat="42.579054" lon="-123.616816"></rtept><rtept lat="42.579047" lon="-123.617377"></rtept><rtept lat="42.579025" lon="-123.619064"></rtept><rtept lat="42.579015" lon="-123.619839"></rtept><rtept lat="42.578983" lon="-123.622301"></rtept><rtept lat="42.579897" lon="-123.622295"></rtept></rte><rte><name>MP59</name><type>Area</type><extensions><onx:style>dot</onx:style><onx:weight>4.0</onx:weight><onx:color>rgba(255, 51, 0, 1)</onx:color></extensions><rtept lat="42.608114" lon="-123.646819"></rtept><rtept lat="42.608114" lon="-123.641907"></rtept><rtept lat="42.604486" lon="-123.641889"></rtept><rtept lat="42.600857" lon="-123.641872"></rtept><rtept lat="42.599043" lon="-123.641863"></rtept><rtept lat="42.597229" lon="-123.641854"></rtept><rtept lat="42.595415" lon="-123.641845"></rtept><rtept lat="42.593601" lon="-123.641836"></rtept><rtept lat="42.593601" lon="-123.644297"></rtept><rtept lat="42.593600" lon="-123.646758"></rtept><rtept lat="42.593600" lon="-123.647989"></rtept><rtept lat="42.593600" lon="-123.649219"></rtept><rtept lat="42.593600" lon="-123.650000"></rtept><rtept lat="42.608113" lon="-123.650000"></rtept><rtept lat="42.608114" lon="-123.646819"></rtept></rte><rte><name>MP04</name><type>Area</type><extensions><onx:style>dot</onx:style><onx:weight>4.0</onx:weight><onx:color>rgba(255, 51, 0, 1)</onx:color></extensions><rtept lat="42.586295" lon="-123.641814"></rtept><rtept lat="42.589948" lon="-123.641825"></rtept><rtept lat="42.593601" lon="-123.641836"></rtept><rtept lat="42.595415" lon="-123.641845"></rtept><rtept lat="42.597229" lon="-123.641854"></rtept><rtept lat="42.599043" lon="-123.641863"></rtept><rtept lat="42.600857" lon="-123.641872"></rtept><rtept lat="42.600854" lon="-123.639423"></rtept><rtept lat="42.600850" lon="-123.636974"></rtept><rtept lat="42.600843" lon="-123.632077"></rtept><rtept lat="42.600836" lon="-123.627121"></rtept><rtept lat="42.600828" lon="-123.622165"></rtept><rtept lat="42.597223" lon="-123.622187"></rtept><rtept lat="42.593619" lon="-123.622209"></rtept><rtept lat="42.589960" lon="-123.622232"></rtept><rtept lat="42.586301" lon="-123.622255"></rtept><rtept lat="42.586300" lon="-123.627143"></rtept><rtept lat="42.586298" lon="-123.632032"></rtept><rtept lat="42.586297" lon="-123.636923"></rtept><rtept lat="42.586295" lon="-123.641814"></rtept></rte><rte><name>MP18</name><type>Area</type><extensions><onx:style>dot</onx:style><onx:weight>4.0</onx:weight><onx:color>rgba(255, 51, 0, 1)</onx:color></extensions><rtept lat="42.578983" lon="-123.622301"></rtept><rtept lat="42.578983" lon="-123.623518"></rtept><rtept lat="42.578983" lon="-123.624736"></rtept><rtept lat="42.578984" lon="-123.625954"></rtept><rtept lat="42.578984" lon="-123.626196"></rtept><rtept lat="42.578984" lon="-123.627171"></rtept><rtept lat="42.578985" lon="-123.632042"></rtept><rtept lat="42.578987" lon="-123.636916"></rtept><rtept lat="42.578989" lon="-123.641791"></rtept><rtept lat="42.582642" lon="-123.641803"></rtept><rtept lat="42.586295" lon="-123.641814"></rtept><rtept lat="42.586297" lon="-123.636923"></rtept><rtept lat="42.586298" lon="-123.632032"></rtept><rtept lat="42.586300" lon="-123.627143"></rtept><rtept lat="42.586301" lon="-123.622255"></rtept><rtept lat="42.582642" lon="-123.622278"></rtept><rtept lat="42.581727" lon="-123.622284"></rtept><rtept lat="42.580812" lon="-123.622289"></rtept><rtept lat="42.579897" lon="-123.622295"></rtept><rtept lat="42.578983" lon="-123.622301"></rtept></rte><rte><name>MP26</name><type>Area</type><extensions><onx:style>dot</onx:style><onx:weight>4.0</onx:weight><onx:color>rgba(255, 51, 0, 1)</onx:color></extensions><rtept lat="42.600828" lon="-123.622165"></rtept><rtept lat="42.600830" lon="-123.617198"></rtept><rtept lat="42.600831" lon="-123.612231"></rtept><rtept lat="42.599077" lon="-123.612272"></rtept><rtept lat="42.598846" lon="-123.612288"></rtept><rtept lat="42.597226" lon="-123.612335"></rtept><rtept lat="42.594982" lon="-123.612399"></rtept><rtept lat="42.593621" lon="-123.612438"></rtept><rtept lat="42.593621" lon="-123.612553"></rtept><rtept lat="42.593621" lon="-123.614701"></rtept><rtept lat="42.593620" lon="-123.617324"></rtept><rtept lat="42.593619" lon="-123.622209"></rtept><rtept lat="42.593615" lon="-123.626196"></rtept><rtept lat="42.593615" lon="-123.627116"></rtept><rtept lat="42.593610" lon="-123.632022"></rtept><rtept lat="42.597227" lon="-123.632050"></rtept><rtept lat="42.600843" lon="-123.632077"></rtept><rtept lat="42.600836" lon="-123.627121"></rtept><rtept lat="42.600828" lon="-123.622165"></rtept></rte><rte><name>MP36</name><type>Area</type><extensions><onx:style>dot</onx:style><onx:weight>4.0</onx:weight><onx:color>rgba(255, 51, 0, 1)</onx:color></extensions><rtept lat="42.578983" lon="-123.623518"></rtept><rtept lat="42.578983" lon="-123.624736"></rtept><rtept lat="42.578984" lon="-123.625954"></rtept><rtept lat="42.578984" lon="-123.626196"></rtept><rtept lat="42.578984" lon="-123.627171"></rtept><rtept lat="42.578985" lon="-123.632042"></rtept><rtept lat="42.582642" lon="-123.632037"></rtept><rtept lat="42.586298" lon="-123.632032"></rtept><rtept lat="42.589954" lon="-123.632027"></rtept><rtept lat="42.591782" lon="-123.632025"></rtept><rtept lat="42.593610" lon="-123.632022"></rtept><rtept lat="42.593615" lon="-123.627116"></rtept><rtept lat="42.593615" lon="-123.626196"></rtept><rtept lat="42.593619" lon="-123.622209"></rtept><rtept lat="42.593620" lon="-123.617324"></rtept><rtept lat="42.593621" lon="-123.614701"></rtept><rtept lat="42.593621" lon="-123.612553"></rtept><rtept lat="42.593621" lon="-123.612438"></rtept><rtept lat="42.590883" lon="-123.612441"></rtept><rtept lat="42.589988" lon="-123.612442"></rtept><rtept lat="42.586383" lon="-123.612445"></rtept><rtept lat="42.582705" lon="-123.612449"></rtept><rtept lat="42.582507" lon="-123.612450"></rtept><rtept lat="42.579110" lon="-123.612453"></rtept><rtept lat="42.579054" lon="-123.616816"></rtept><rtept lat="42.579047" lon="-123.617377"></rtept><rtept lat="42.579025" lon="-123.619064"></rtept><rtept lat="42.579015" lon="-123.619839"></rtept><rtept lat="42.578983" lon="-123.622301"></rtept><rtept lat="42.578983" lon="-123.623518"></rtept></rte><rte><name>MP43</name><type>Area</type><extensions><onx:style>dot</onx:style><onx:weight>4.0</onx:weight><onx:color>rgba(255, 51, 0, 1)</onx:color></extensions><rtept lat="42.571730" lon="-123.622271"></rtept><rtept lat="42.571748" lon="-123.627156"></rtept><rtept lat="42.571750" lon="-123.627965"></rtept><rtept lat="42.571753" lon="-123.628387"></rtept><rtept lat="42.571760" lon="-123.632057"></rtept><rtept lat="42.572663" lon="-123.632057"></rtept><rtept lat="42.574273" lon="-123.632052"></rtept><rtept lat="42.575373" lon="-123.632050"></rtept><rtept lat="42.578985" lon="-123.632042"></rtept><rtept lat="42.582642" lon="-123.632037"></rtept><rtept lat="42.586298" lon="-123.632032"></rtept><rtept lat="42.586300" lon="-123.627143"></rtept><rtept lat="42.586301" lon="-123.622255"></rtept><rtept lat="42.582642" lon="-123.622278"></rtept><rtept lat="42.581727" lon="-123.622284"></rtept><rtept lat="42.580812" lon="-123.622289"></rtept><rtept lat="42.579897" lon="-123.622295"></rtept><rtept lat="42.578983" lon="-123.622301"></rtept><rtept lat="42.575357" lon="-123.622286"></rtept><rtept lat="42.571730" lon="-123.622271"></rtept></rte><rte><name>MP46</name><type>Area</type><extensions><onx:style>dot</onx:style><onx:weight>4.0</onx:weight><onx:color>rgba(255, 51, 0, 1)</onx:color></extensions><rtept lat="42.571748" lon="-123.627156"></rtept><rtept lat="42.571750" lon="-123.627965"></rtept><rtept lat="42.571753" lon="-123.628387"></rtept><rtept lat="42.571760" lon="-123.632057"></rtept><rtept lat="42.572663" lon="-123.632057"></rtept><rtept lat="42.574273" lon="-123.632052"></rtept><rtept lat="42.575373" lon="-123.632050"></rtept><rtept lat="42.578985" lon="-123.632042"></rtept><rtept lat="42.582642" lon="-123.632037"></rtept><rtept lat="42.586298" lon="-123.632032"></rtept><rtept lat="42.586300" lon="-123.627143"></rtept><rtept lat="42.586301" lon="-123.622255"></rtept><rtept lat="42.586328" lon="-123.617350"></rtept><rtept lat="42.586365" lon="-123.614051"></rtept><rtept lat="42.586383" lon="-123.612445"></rtept><rtept lat="42.582705" lon="-123.612449"></rtept><rtept lat="42.582507" lon="-123.612450"></rtept><rtept lat="42.579110" lon="-123.612453"></rtept><rtept lat="42.575426" lon="-123.612445"></rtept><rtept lat="42.574747" lon="-123.612443"></rtept><rtept lat="42.571793" lon="-123.612437"></rtept><rtept lat="42.571773" lon="-123.615562"></rtept><rtept lat="42.571762" lon="-123.617354"></rtept><rtept lat="42.571730" lon="-123.622271"></rtept><rtept lat="42.571748" lon="-123.627156"></rtept></rte><rte><name>MP49</name><type>Area</type><extensions><onx:style>dot</onx:style><onx:weight>4.0</onx:weight><onx:color>rgba(255, 51, 0, 1)</onx:color></extensions><rtept lat="42.593619" lon="-123.622209"></rtept><rtept lat="42.597223" lon="-123.622187"></rtept><rtept lat="42.600828" lon="-123.622165"></rtept><rtept lat="42.600830" lon="-123.617198"></rtept><rtept lat="42.600831" lon="-123.612231"></rtept><rtept lat="42.599077" lon="-123.612272"></rtept><rtept lat="42.598846" lon="-123.612288"></rtept><rtept lat="42.597226" lon="-123.612335"></rtept><rtept lat="42.594982" lon="-123.612399"></rtept><rtept lat="42.593621" lon="-123.612438"></rtept><rtept lat="42.593621" lon="-123.612553"></rtept><rtept lat="42.593621" lon="-123.614701"></rtept><rtept lat="42.593620" lon="-123.617324"></rtept><rtept lat="42.593619" lon="-123.622209"></rtept></rte><rte><name>MP57</name><type>Area</type><extensions><onx:style>dot</onx:style><onx:weight>4.0</onx:weight><onx:color>rgba(255, 51, 0, 1)</onx:color></extensions><rtept lat="42.579897" lon="-123.622295"></rtept><rtept lat="42.580812" lon="-123.622289"></rtept><rtept lat="42.581727" lon="-123.622284"></rtept><rtept lat="42.582642" lon="-123.622278"></rtept><rtept lat="42.586301" lon="-123.622255"></rtept><rtept lat="42.586328" lon="-123.617350"></rtept><rtept lat="42.586365" lon="-123.614051"></rtept><rtept lat="42.586383" lon="-123.612445"></rtept><rtept lat="42.582705" lon="-123.612449"></rtept><rtept lat="42.582507" lon="-123.612450"></rtept><rtept lat="42.579110" lon="-123.612453"></rtept><rtept lat="42.579054" lon="-123.616816"></rtept><rtept lat="42.579047" lon="-123.617377"></rtept><rtept lat="42.579025" lon="-123.619064"></rtept><rtept lat="42.579015" lon="-123.619839"></rtept><rtept lat="42.578983" lon="-123.622301"></rtept><rtept lat="42.579897" lon="-123.622295"></rtept></rte><rte><name>MP52</name><type>Area</type><extensions><onx:style>dot</onx:style><onx:weight>4.0</onx:weight><onx:color>rgba(255, 51, 0, 1)</onx:color></extensions><rtept lat="42.586301" lon="-123.622255"></rtept><rtept lat="42.589960" lon="-123.622232"></rtept><rtept lat="42.593619" lon="-123.622209"></rtept><rtept lat="42.593620" lon="-123.617324"></rtept><rtept lat="42.593621" lon="-123.614701"></rtept><rtept lat="42.593621" lon="-123.612553"></rtept><rtept lat="42.593621" lon="-123.612438"></rtept><rtept lat="42.590883" lon="-123.612441"></rtept><rtept lat="42.589988" lon="-123.612442"></rtept><rtept lat="42.586383" lon="-123.612445"></rtept><rtept lat="42.586365" lon="-123.614051"></rtept><rtept lat="42.586328" lon="-123.617350"></rtept><rtept lat="42.586301" lon="-123.622255"></rtept></rte><rte><name>AZGARD</name><type>Area</type><extensions><onx:style>dot</onx:style><onx:weight>4.0</onx:weight><onx:color>rgba(255, 51, 0, 1)</onx:color></extensions><rtept lat="42.214811" lon="-123.181445"></rtept><rtept lat="42.218461" lon="-123.181284"></rtept><rtept lat="42.222111" lon="-123.181124"></rtept><rtept lat="42.222169" lon="-123.175822"></rtept><rtept lat="42.222198" lon="-123.173170"></rtept><rtept lat="42.222227" lon="-123.170519"></rtept><rtept lat="42.218640" lon="-123.171193"></rtept><rtept lat="42.218563" lon="-123.171207"></rtept><rtept lat="42.214840" lon="-123.171906"></rtept><rtept lat="42.214825" lon="-123.176676"></rtept><rtept lat="42.214811" lon="-123.181445"></rtept></rte><rte><name>Tom West</name><type>Area</type><extensions><onx:style>dot</onx:style><onx:weight>4.0</onx:weight><onx:color>rgba(255, 51, 0, 1)</onx:color></extensions><rtept lat="42.659493" lon="-123.309184"></rtept><rtept lat="42.657659" lon="-123.309175"></rtept><rtept lat="42.657659" lon="-123.311652"></rtept><rtept lat="42.657660" lon="-123.314129"></rtept><rtept lat="42.659496" lon="-123.314144"></rtept><rtept lat="42.659495" lon="-123.311664"></rtept><rtept lat="42.659493" lon="-123.309184"></rtept></rte><rte><name>Star</name><type>Area</type><extensions><onx:style>dot</onx:style><onx:weight>4.0</onx:weight><onx:color>rgba(255, 51, 0, 1)</onx:color></extensions><rtept lat="42.200326" lon="-123.215314"></rtept><rtept lat="42.200241" lon="-123.220120"></rtept><rtept lat="42.200153" lon="-123.224931"></rtept><rtept lat="42.200067" lon="-123.229630"></rtept><rtept lat="42.203807" lon="-123.229711"></rtept><rtept lat="42.207548" lon="-123.229792"></rtept><rtept lat="42.211141" lon="-123.229812"></rtept><rtept lat="42.214735" lon="-123.229832"></rtept><rtept lat="42.214733" lon="-123.225020"></rtept><rtept lat="42.214731" lon="-123.220208"></rtept><rtept lat="42.214742" lon="-123.215355"></rtept><rtept lat="42.214754" lon="-123.210503"></rtept><rtept lat="42.211146" lon="-123.210504"></rtept><rtept lat="42.207569" lon="-123.210505"></rtept><rtept lat="42.203991" lon="-123.210507"></rtept><rtept lat="42.203096" lon="-123.210507"></rtept><rtept lat="42.202202" lon="-123.210507"></rtept><rtept lat="42.201307" lon="-123.210507"></rtept><rtept lat="42.200412" lon="-123.210507"></rtept><rtept lat="42.200391" lon="-123.211709"></rtept><rtept lat="42.200369" lon="-123.212910"></rtept><rtept lat="42.200348" lon="-123.214112"></rtept><rtept lat="42.200326" lon="-123.215314"></rtept></rte><rte><name>Slate 8</name><type>Area</type><extensions><onx:style>dot</onx:style><onx:weight>4.0</onx:weight><onx:color>rgba(255, 51, 0, 1)</onx:color></extensions><rtept lat="42.396256" lon="-123.590071"></rtept><rtept lat="42.396254" lon="-123.592517"></rtept><rtept lat="42.398073" lon="-123.592520"></rtept><rtept lat="42.399891" lon="-123.592524"></rtept><rtept lat="42.399892" lon="-123.590078"></rtept><rtept lat="42.398074" lon="-123.590075"></rtept><rtept lat="42.396256" lon="-123.590071"></rtept></rte><rte><name>Slate 7</name><type>Area</type><extensions><onx:style>dot</onx:style><onx:weight>4.0</onx:weight><onx:color>rgba(255, 51, 0, 1)</onx:color></extensions><rtept lat="42.392629" lon="-123.587619"></rtept><rtept lat="42.392629" lon="-123.590064"></rtept><rtept lat="42.394443" lon="-123.590068"></rtept><rtept lat="42.396256" lon="-123.590071"></rtept><rtept lat="42.396258" lon="-123.587626"></rtept><rtept lat="42.394443" lon="-123.587622"></rtept><rtept lat="42.392629" lon="-123.587619"></rtept></rte><rte><name>Horsehead 2</name><type>Area</type><extensions><onx:style>dot</onx:style><onx:weight>4.0</onx:weight><onx:color>rgba(255, 51, 0, 1)</onx:color></extensions><rtept lat="42.256519" lon="-123.286370"></rtept><rtept lat="42.256530" lon="-123.283914"></rtept><rtept lat="42.254712" lon="-123.283920"></rtept><rtept lat="42.254701" lon="-123.286377"></rtept><rtept lat="42.254690" lon="-123.288834"></rtept><rtept lat="42.256508" lon="-123.288827"></rtept><rtept lat="42.256519" lon="-123.286370"></rtept></rte><rte><name>Brother's Gold</name><type>Area</type><extensions><onx:style>dot</onx:style><onx:weight>4.0</onx:weight><onx:color>rgba(255, 51, 0, 1)</onx:color></extensions><rtept lat="42.267400" lon="-123.286366"></rtept><rtept lat="42.267440" lon="-123.283909"></rtept><rtept lat="42.265613" lon="-123.283902"></rtept><rtept lat="42.265578" lon="-123.286368"></rtept><rtept lat="42.265560" lon="-123.288814"></rtept><rtept lat="42.267360" lon="-123.288823"></rtept><rtept lat="42.267400" lon="-123.286366"></rtept></rte><rte><name>Horsehead</name><type>Area</type><extensions><onx:style>dot</onx:style><onx:weight>4.0</onx:weight><onx:color>rgba(255, 51, 0, 1)</onx:color></extensions><rtept lat="42.258338" lon="-123.286364"></rtept><rtept lat="42.261962" lon="-123.286361"></rtept><rtept lat="42.261981" lon="-123.283904"></rtept><rtept lat="42.258349" lon="-123.283907"></rtept><rtept lat="42.258338" lon="-123.286364"></rtept></rte><rte><name>The Royal Eagle</name><type>Area</type><extensions><onx:style>dot</onx:style><onx:weight>4.0</onx:weight><onx:color>rgba(255, 51, 0, 1)</onx:color></extensions><rtept lat="42.214781" lon="-123.190983"></rtept><rtept lat="42.218393" lon="-123.190863"></rtept><rtept lat="42.222004" lon="-123.190744"></rtept><rtept lat="42.225615" lon="-123.190624"></rtept><rtept lat="42.229226" lon="-123.190505"></rtept><rtept lat="42.229234" lon="-123.188081"></rtept><rtept lat="42.229241" lon="-123.185657"></rtept><rtept lat="42.229249" lon="-123.180810"></rtept><rtept lat="42.229296" lon="-123.179496"></rtept><rtept lat="42.229342" lon="-123.178181"></rtept><rtept lat="42.229389" lon="-123.176867"></rtept><rtept lat="42.229435" lon="-123.175552"></rtept><rtept lat="42.229528" lon="-123.172923"></rtept><rtept lat="42.229621" lon="-123.170294"></rtept><rtept lat="42.227773" lon="-123.170350"></rtept><rtept lat="42.225924" lon="-123.170407"></rtept><rtept lat="42.224076" lon="-123.170463"></rtept><rtept lat="42.222227" lon="-123.170519"></rtept><rtept lat="42.218640" lon="-123.171193"></rtept><rtept lat="42.218563" lon="-123.171207"></rtept><rtept lat="42.214840" lon="-123.171906"></rtept><rtept lat="42.214825" lon="-123.176676"></rtept><rtept lat="42.214811" lon="-123.181445"></rtept><rtept lat="42.214796" lon="-123.186214"></rtept><rtept lat="42.214781" lon="-123.190983"></rtept></rte><rte><name>Matata</name><type>Area</type><extensions><onx:style>dot</onx:style><onx:weight>4.0</onx:weight><onx:color>rgba(255, 51, 0, 1)</onx:color></extensions><rtept lat="42.666541" lon="-123.205469"></rtept><rtept lat="42.666535" lon="-123.207944"></rtept><rtept lat="42.668346" lon="-123.207950"></rtept><rtept lat="42.670158" lon="-123.207956"></rtept><rtept lat="42.670165" lon="-123.205487"></rtept><rtept lat="42.668353" lon="-123.205478"></rtept><rtept lat="42.666541" lon="-123.205469"></rtept></rte><rte><name>LAST CHANCE</name><type>Area</type><extensions><onx:style>dot</onx:style><onx:weight>4.0</onx:weight><onx:color>rgba(255, 51, 0, 1)</onx:color></extensions><rtept lat="42.579174" lon="-123.607530"></rtept><rtept lat="42.579430" lon="-123.607530"></rtept><rtept lat="42.579171" lon="-123.607803"></rtept><rtept lat="42.579110" lon="-123.612453"></rtept><rtept lat="42.582507" lon="-123.612450"></rtept><rtept lat="42.582705" lon="-123.612449"></rtept><rtept lat="42.586383" lon="-123.612445"></rtept><rtept lat="42.586388" lon="-123.611959"></rtept><rtept lat="42.586389" lon="-123.611912"></rtept><rtept lat="42.586438" lon="-123.607552"></rtept><rtept lat="42.586467" lon="-123.605015"></rtept><rtept lat="42.586492" lon="-123.602720"></rtept><rtept lat="42.582768" lon="-123.602702"></rtept><rtept lat="42.581716" lon="-123.602696"></rtept><rtept lat="42.580210" lon="-123.602689"></rtept><rtept lat="42.580193" lon="-123.602689"></rtept><rtept lat="42.579237" lon="-123.602684"></rtept><rtept lat="42.579174" lon="-123.607530"></rtept></rte><rte><name>Irish Luck</name><type>Area</type><extensions><onx:style>dot</onx:style><onx:weight>4.0</onx:weight><onx:color>rgba(255, 51, 0, 1)</onx:color></extensions><rtept lat="42.657659" lon="-123.311652"></rtept><rtept lat="42.657659" lon="-123.309175"></rtept><rtept lat="42.655824" lon="-123.309166"></rtept><rtept lat="42.655823" lon="-123.311640"></rtept><rtept lat="42.655823" lon="-123.314113"></rtept><rtept lat="42.657660" lon="-123.314129"></rtept><rtept lat="42.657659" lon="-123.311652"></rtept></rte><rte><name>Nutting Gulch</name><type>Area</type><extensions><onx:style>dot</onx:style><onx:weight>4.0</onx:weight><onx:color>rgba(255, 51, 0, 1)</onx:color></extensions><rtept lat="42.613406" lon="-123.251281"></rtept><rtept lat="42.613556" lon="-123.249198"></rtept><rtept lat="42.611736" lon="-123.249200"></rtept><rtept lat="42.611569" lon="-123.251699"></rtept><rtept lat="42.611402" lon="-123.254199"></rtept><rtept lat="42.613256" lon="-123.253364"></rtept><rtept lat="42.613406" lon="-123.251281"></rtept></rte><rte><name>Lucky Boy</name><type>Area</type><extensions><onx:style>dot</onx:style><onx:weight>4.0</onx:weight><onx:color>rgba(255, 51, 0, 1)</onx:color></extensions><rtept lat="42.404221" lon="-123.170016"></rtept><rtept lat="42.406053" lon="-123.170022"></rtept><rtept lat="42.407884" lon="-123.170029"></rtept><rtept lat="42.411548" lon="-123.170041"></rtept><rtept lat="42.411541" lon="-123.165135"></rtept><rtept lat="42.411536" lon="-123.161666"></rtept><rtept lat="42.411534" lon="-123.160228"></rtept><rtept lat="42.410073" lon="-123.160231"></rtept><rtept lat="42.407886" lon="-123.160234"></rtept><rtept lat="42.406062" lon="-123.160237"></rtept><rtept lat="42.404238" lon="-123.160240"></rtept><rtept lat="42.404234" lon="-123.162684"></rtept><rtept lat="42.404230" lon="-123.165128"></rtept><rtept lat="42.404225" lon="-123.167572"></rtept><rtept lat="42.404221" lon="-123.170016"></rtept></rte><rte><name>Little yak</name><type>Area</type><extensions><onx:style>dot</onx:style><onx:weight>4.0</onx:weight><onx:color>rgba(255, 51, 0, 1)</onx:color></extensions><rtept lat="42.556987" lon="-123.543816"></rtept><rtept lat="42.557044" lon="-123.548703"></rtept><rtept lat="42.557045" lon="-123.548748"></rtept><rtept lat="42.557102" lon="-123.553681"></rtept><rtept lat="42.560723" lon="-123.553796"></rtept><rtept lat="42.564563" lon="-123.553916"></rtept><rtept lat="42.564567" lon="-123.552613"></rtept><rtept lat="42.564587" lon="-123.549101"></rtept><rtept lat="42.564588" lon="-123.544351"></rtept><rtept lat="42.560586" lon="-123.544030"></rtept><rtept lat="42.556987" lon="-123.543816"></rtept></rte><rte><name>Gold Prospector 1</name><type>Area</type><extensions><onx:style>dot</onx:style><onx:weight>4.0</onx:weight><onx:color>rgba(255, 51, 0, 1)</onx:color></extensions><rtept lat="42.200140" lon="-122.934274"></rtept><rtept lat="42.203560" lon="-122.934235"></rtept><rtept lat="42.203771" lon="-122.934231"></rtept><rtept lat="42.207234" lon="-122.934191"></rtept><rtept lat="42.207413" lon="-122.934189"></rtept><rtept lat="42.210877" lon="-122.934133"></rtept><rtept lat="42.211039" lon="-122.934130"></rtept><rtept lat="42.214629" lon="-122.934073"></rtept><rtept lat="42.214693" lon="-122.929196"></rtept><rtept lat="42.214693" lon="-122.929177"></rtept><rtept lat="42.214758" lon="-122.924320"></rtept><rtept lat="42.214758" lon="-122.924292"></rtept><rtept lat="42.214822" lon="-122.919443"></rtept><rtept lat="42.214823" lon="-122.919406"></rtept><rtept lat="42.214887" lon="-122.914567"></rtept><rtept lat="42.214887" lon="-122.914520"></rtept><rtept lat="42.211042" lon="-122.914501"></rtept><rtept lat="42.207411" lon="-122.914482"></rtept><rtept lat="42.203781" lon="-122.914463"></rtept><rtept lat="42.200150" lon="-122.914445"></rtept><rtept lat="42.200148" lon="-122.919327"></rtept><rtept lat="42.200145" lon="-122.924209"></rtept><rtept lat="42.200143" lon="-122.929091"></rtept><rtept lat="42.200140" lon="-122.934274"></rtept></rte><rte><name>Gold Prospector 2</name><type>Area</type><extensions><onx:style>dot</onx:style><onx:weight>4.0</onx:weight><onx:color>rgba(255, 51, 0, 1)</onx:color></extensions><rtept lat="42.200140" lon="-122.934274"></rtept><rtept lat="42.203560" lon="-122.934235"></rtept><rtept lat="42.203771" lon="-122.934231"></rtept><rtept lat="42.207234" lon="-122.934191"></rtept><rtept lat="42.207413" lon="-122.934189"></rtept><rtept lat="42.210877" lon="-122.934133"></rtept><rtept lat="42.211039" lon="-122.934130"></rtept><rtept lat="42.214629" lon="-122.934073"></rtept><rtept lat="42.214693" lon="-122.929196"></rtept><rtept lat="42.214693" lon="-122.929177"></rtept><rtept lat="42.214758" lon="-122.924320"></rtept><rtept lat="42.214758" lon="-122.924292"></rtept><rtept lat="42.214822" lon="-122.919443"></rtept><rtept lat="42.214823" lon="-122.919406"></rtept><rtept lat="42.214887" lon="-122.914567"></rtept><rtept lat="42.214887" lon="-122.914520"></rtept><rtept lat="42.211042" lon="-122.914501"></rtept><rtept lat="42.207411" lon="-122.914482"></rtept><rtept lat="42.203781" lon="-122.914463"></rtept><rtept lat="42.200150" lon="-122.914445"></rtept><rtept lat="42.200148" lon="-122.919327"></rtept><rtept lat="42.200145" lon="-122.924209"></rtept><rtept lat="42.200143" lon="-122.929091"></rtept><rtept lat="42.200140" lon="-122.934274"></rtept></rte><rte><name>Gold Prospector 3</name><type>Area</type><extensions><onx:style>dot</onx:style><onx:weight>4.0</onx:weight><onx:color>rgba(255, 51, 0, 1)</onx:color></extensions><rtept lat="42.200140" lon="-122.934274"></rtept><rtept lat="42.203560" lon="-122.934235"></rtept><rtept lat="42.203771" lon="-122.934231"></rtept><rtept lat="42.207234" lon="-122.934191"></rtept><rtept lat="42.207413" lon="-122.934189"></rtept><rtept lat="42.210877" lon="-122.934133"></rtept><rtept lat="42.211039" lon="-122.934130"></rtept><rtept lat="42.214629" lon="-122.934073"></rtept><rtept lat="42.214693" lon="-122.929196"></rtept><rtept lat="42.214693" lon="-122.929177"></rtept><rtept lat="42.214758" lon="-122.924320"></rtept><rtept lat="42.214758" lon="-122.924292"></rtept><rtept lat="42.214822" lon="-122.919443"></rtept><rtept lat="42.214823" lon="-122.919406"></rtept><rtept lat="42.214887" lon="-122.914567"></rtept><rtept lat="42.214887" lon="-122.914520"></rtept><rtept lat="42.211042" lon="-122.914501"></rtept><rtept lat="42.207411" lon="-122.914482"></rtept><rtept lat="42.203781" lon="-122.914463"></rtept><rtept lat="42.200150" lon="-122.914445"></rtept><rtept lat="42.200148" lon="-122.919327"></rtept><rtept lat="42.200145" lon="-122.924209"></rtept><rtept lat="42.200143" lon="-122.929091"></rtept><rtept lat="42.200140" lon="-122.934274"></rtept></rte><rte><name>Gold Quartz Apex</name><type>Area</type><extensions><onx:style>dot</onx:style><onx:weight>4.0</onx:weight><onx:color>rgba(255, 51, 0, 1)</onx:color></extensions><rtept lat="42.181940" lon="-122.929087"></rtept><rtept lat="42.185564" lon="-122.929069"></rtept><rtept lat="42.185574" lon="-122.924197"></rtept><rtept lat="42.181951" lon="-122.924207"></rtept><rtept lat="42.181940" lon="-122.929087"></rtept></rte><rte><name>GOLDEN QUARTZ</name><type>Area</type><extensions><onx:style>dot</onx:style><onx:weight>4.0</onx:weight><onx:color>rgba(255, 51, 0, 1)</onx:color></extensions><rtept lat="42.181929" lon="-122.934257"></rtept><rtept lat="42.185256" lon="-122.934228"></rtept><rtept lat="42.185553" lon="-122.934228"></rtept><rtept lat="42.185564" lon="-122.929069"></rtept><rtept lat="42.185574" lon="-122.924197"></rtept><rtept lat="42.181951" lon="-122.924207"></rtept><rtept lat="42.178328" lon="-122.924216"></rtept><rtept lat="42.178317" lon="-122.929106"></rtept><rtept lat="42.178304" lon="-122.934286"></rtept><rtept lat="42.181652" lon="-122.934257"></rtept><rtept lat="42.181929" lon="-122.934257"></rtept></rte><rte><name>RMT 3</name><type>Area</type><extensions><onx:style>dot</onx:style><onx:weight>4.0</onx:weight><onx:color>rgba(255, 51, 0, 1)</onx:color></extensions><rtept lat="42.495094" lon="-123.626716"></rtept><rtept lat="42.495098" lon="-123.631632"></rtept><rtept lat="42.498729" lon="-123.631659"></rtept><rtept lat="42.498724" lon="-123.626743"></rtept><rtept lat="42.495094" lon="-123.626716"></rtept></rte><rte><name>Gold Star Quartz</name><type>Area</type><extensions><onx:style>dot</onx:style><onx:weight>4.0</onx:weight><onx:color>rgba(255, 51, 0, 1)</onx:color></extensions><rtept lat="42.156333" lon="-123.109208"></rtept><rtept lat="42.156336" lon="-123.111796"></rtept><rtept lat="42.158146" lon="-123.111801"></rtept><rtept lat="42.159956" lon="-123.111805"></rtept><rtept lat="42.159956" lon="-123.109215"></rtept><rtept lat="42.158144" lon="-123.109211"></rtept><rtept lat="42.156333" lon="-123.109208"></rtept></rte><rte><name>Slate 3</name><type>Area</type><extensions><onx:style>dot</onx:style><onx:weight>4.0</onx:weight><onx:color>rgba(255, 51, 0, 1)</onx:color></extensions><rtept lat="42.384414" lon="-123.592542"></rtept><rtept lat="42.389006" lon="-123.592503"></rtept><rtept lat="42.388999" lon="-123.587612"></rtept><rtept lat="42.384443" lon="-123.587630"></rtept><rtept lat="42.384414" lon="-123.592542"></rtept></rte><rte><name>Oregon Beauty</name><type>Area</type><extensions><onx:style>dot</onx:style><onx:weight>4.0</onx:weight><onx:color>rgba(255, 51, 0, 1)</onx:color></extensions><rtept lat="42.258326" lon="-123.288820"></rtept><rtept lat="42.260127" lon="-123.288828"></rtept><rtept lat="42.261943" lon="-123.288817"></rtept><rtept lat="42.263743" lon="-123.288825"></rtept><rtept lat="42.265560" lon="-123.288814"></rtept><rtept lat="42.266456" lon="-123.288823"></rtept><rtept lat="42.267360" lon="-123.288823"></rtept><rtept lat="42.268264" lon="-123.288823"></rtept><rtept lat="42.269177" lon="-123.288812"></rtept><rtept lat="42.272794" lon="-123.288810"></rtept><rtept lat="42.272865" lon="-123.286361"></rtept><rtept lat="42.272954" lon="-123.283891"></rtept><rtept lat="42.273113" lon="-123.278972"></rtept><rtept lat="42.273098" lon="-123.274047"></rtept><rtept lat="42.273083" lon="-123.269121"></rtept><rtept lat="42.269423" lon="-123.269148"></rtept><rtept lat="42.265769" lon="-123.269186"></rtept><rtept lat="42.262116" lon="-123.269231"></rtept><rtept lat="42.258462" lon="-123.269279"></rtept><rtept lat="42.258417" lon="-123.274137"></rtept><rtept lat="42.258372" lon="-123.278994"></rtept><rtept lat="42.258361" lon="-123.281451"></rtept><rtept lat="42.258349" lon="-123.283907"></rtept><rtept lat="42.258338" lon="-123.286364"></rtept><rtept lat="42.258326" lon="-123.288820"></rtept></rte><rte><name>Minnow 2</name><type>Area</type><extensions><onx:style>dot</onx:style><onx:weight>4.0</onx:weight><onx:color>rgba(255, 51, 0, 1)</onx:color></extensions><rtept lat="42.476897" lon="-123.633986"></rtept><rtept lat="42.476890" lon="-123.636432"></rtept><rtept lat="42.478713" lon="-123.636443"></rtept><rtept lat="42.480536" lon="-123.636454"></rtept><rtept lat="42.480540" lon="-123.634005"></rtept><rtept lat="42.478718" lon="-123.633996"></rtept><rtept lat="42.476897" lon="-123.633986"></rtept></rte><rte><name>Humming Bird</name><type>Area</type><extensions><onx:style>dot</onx:style><onx:weight>4.0</onx:weight><onx:color>rgba(255, 51, 0, 1)</onx:color></extensions><rtept lat="42.603929" lon="-123.613673"></rtept><rtept lat="42.604154" lon="-123.612136"></rtept><rtept lat="42.600831" lon="-123.612231"></rtept><rtept lat="42.600830" lon="-123.617198"></rtept><rtept lat="42.600828" lon="-123.622165"></rtept><rtept lat="42.604450" lon="-123.622262"></rtept><rtept lat="42.608071" lon="-123.622358"></rtept><rtept lat="42.608088" lon="-123.617191"></rtept><rtept lat="42.608097" lon="-123.614860"></rtept><rtept lat="42.607463" lon="-123.614710"></rtept><rtept lat="42.604468" lon="-123.613831"></rtept><rtept lat="42.603929" lon="-123.613673"></rtept></rte><rte><name>Joker</name><type>Area</type><extensions><onx:style>dot</onx:style><onx:weight>4.0</onx:weight><onx:color>rgba(255, 51, 0, 1)</onx:color></extensions><rtept lat="42.586301" lon="-123.622255"></rtept><rtept lat="42.589960" lon="-123.622232"></rtept><rtept lat="42.593619" lon="-123.622209"></rtept><rtept lat="42.593620" lon="-123.617324"></rtept><rtept lat="42.593621" lon="-123.614701"></rtept><rtept lat="42.593621" lon="-123.612553"></rtept><rtept lat="42.593621" lon="-123.612438"></rtept><rtept lat="42.590883" lon="-123.612441"></rtept><rtept lat="42.589988" lon="-123.612442"></rtept><rtept lat="42.586383" lon="-123.612445"></rtept><rtept lat="42.586365" lon="-123.614051"></rtept><rtept lat="42.586328" lon="-123.617350"></rtept><rtept lat="42.586301" lon="-123.622255"></rtept></rte><rte><name>Buckeye Creek</name><type>Area</type><extensions><onx:style>dot</onx:style><onx:weight>4.0</onx:weight><onx:color>rgba(255, 51, 0, 1)</onx:color></extensions><rtept lat="42.403530" lon="-123.587640"></rtept><rtept lat="42.407164" lon="-123.587644"></rtept><rtept lat="42.407167" lon="-123.582755"></rtept><rtept lat="42.403532" lon="-123.582749"></rtept><rtept lat="42.403530" lon="-123.587640"></rtept></rte><rte><name>GM1</name><type>Area</type><extensions><onx:style>dot</onx:style><onx:weight>4.0</onx:weight><onx:color>rgba(255, 51, 0, 1)</onx:color></extensions><rtept lat="42.680813" lon="-123.562995"></rtept><rtept lat="42.680855" lon="-123.567935"></rtept><rtept lat="42.680910" lon="-123.572874"></rtept><rtept lat="42.684758" lon="-123.572781"></rtept><rtept lat="42.688606" lon="-123.572688"></rtept><rtept lat="42.688606" lon="-123.567631"></rtept><rtept lat="42.688607" lon="-123.562574"></rtept><rtept lat="42.684710" lon="-123.562785"></rtept><rtept lat="42.680813" lon="-123.562995"></rtept></rte><rte><name>Lost Buck</name><type>Area</type><extensions><onx:style>dot</onx:style><onx:weight>4.0</onx:weight><onx:color>rgba(255, 51, 0, 1)</onx:color></extensions><rtept lat="42.579237" lon="-123.602684"></rtept><rtept lat="42.579174" lon="-123.607530"></rtept><rtept lat="42.579430" lon="-123.607530"></rtept><rtept lat="42.579171" lon="-123.607803"></rtept><rtept lat="42.579110" lon="-123.612453"></rtept><rtept lat="42.582507" lon="-123.612450"></rtept><rtept lat="42.582705" lon="-123.612449"></rtept><rtept lat="42.586383" lon="-123.612445"></rtept><rtept lat="42.586388" lon="-123.611959"></rtept><rtept lat="42.586389" lon="-123.611912"></rtept><rtept lat="42.586438" lon="-123.607552"></rtept><rtept lat="42.586467" lon="-123.605015"></rtept><rtept lat="42.586492" lon="-123.602720"></rtept><rtept lat="42.582768" lon="-123.602702"></rtept><rtept lat="42.581716" lon="-123.602696"></rtept><rtept lat="42.580210" lon="-123.602689"></rtept><rtept lat="42.580193" lon="-123.602689"></rtept><rtept lat="42.579237" lon="-123.602684"></rtept></rte><rte><name>GM 3</name><type>Area</type><extensions><onx:style>dot</onx:style><onx:weight>4.0</onx:weight><onx:color>rgba(255, 51, 0, 1)</onx:color></extensions><rtept lat="42.680810" lon="-123.558154"></rtept><rtept lat="42.680813" lon="-123.562995"></rtept><rtept lat="42.680855" lon="-123.567935"></rtept><rtept lat="42.680910" lon="-123.572874"></rtept><rtept lat="42.684758" lon="-123.572781"></rtept><rtept lat="42.688606" lon="-123.572688"></rtept><rtept lat="42.688606" lon="-123.567631"></rtept><rtept lat="42.688607" lon="-123.562574"></rtept><rtept lat="42.688446" lon="-123.557797"></rtept><rtept lat="42.688285" lon="-123.553020"></rtept><rtept lat="42.684546" lon="-123.553166"></rtept><rtept lat="42.680807" lon="-123.553313"></rtept><rtept lat="42.680810" lon="-123.558154"></rtept></rte><rte><name>GM 2</name><type>Area</type><extensions><onx:style>dot</onx:style><onx:weight>4.0</onx:weight><onx:color>rgba(255, 51, 0, 1)</onx:color></extensions><rtept lat="42.680813" lon="-123.562995"></rtept><rtept lat="42.680855" lon="-123.567935"></rtept><rtept lat="42.680910" lon="-123.572874"></rtept><rtept lat="42.684758" lon="-123.572781"></rtept><rtept lat="42.688606" lon="-123.572688"></rtept><rtept lat="42.688606" lon="-123.567631"></rtept><rtept lat="42.688607" lon="-123.562574"></rtept><rtept lat="42.684710" lon="-123.562785"></rtept><rtept lat="42.680813" lon="-123.562995"></rtept></rte><rte><name>Yellowhorn 1</name><type>Area</type><extensions><onx:style>dot</onx:style><onx:weight>4.0</onx:weight><onx:color>rgba(255, 51, 0, 1)</onx:color></extensions><rtept lat="42.637297" lon="-123.308686"></rtept><rtept lat="42.637306" lon="-123.313671"></rtept><rtept lat="42.637317" lon="-123.316179"></rtept><rtept lat="42.637328" lon="-123.318687"></rtept><rtept lat="42.639145" lon="-123.318737"></rtept><rtept lat="42.640963" lon="-123.318787"></rtept><rtept lat="42.642781" lon="-123.318836"></rtept><rtept lat="42.644598" lon="-123.318886"></rtept><rtept lat="42.644590" lon="-123.316389"></rtept><rtept lat="42.644582" lon="-123.313893"></rtept><rtept lat="42.644569" lon="-123.308885"></rtept><rtept lat="42.642722" lon="-123.308827"></rtept><rtept lat="42.640933" lon="-123.308786"></rtept><rtept lat="42.639115" lon="-123.308736"></rtept><rtept lat="42.637297" lon="-123.308686"></rtept></rte><rte><name>Slade Hill 2</name><type>Area</type><extensions><onx:style>dot</onx:style><onx:weight>4.0</onx:weight><onx:color>rgba(255, 51, 0, 1)</onx:color></extensions><rtept lat="42.260185" lon="-123.328111"></rtept><rtept lat="42.258345" lon="-123.328093"></rtept><rtept lat="42.258358" lon="-123.330527"></rtept><rtept lat="42.258371" lon="-123.332960"></rtept><rtept lat="42.260211" lon="-123.332974"></rtept><rtept lat="42.260198" lon="-123.330543"></rtept><rtept lat="42.260185" lon="-123.328111"></rtept></rte><rte><name>GM 4</name><type>Area</type><extensions><onx:style>dot</onx:style><onx:weight>4.0</onx:weight><onx:color>rgba(255, 51, 0, 1)</onx:color></extensions><rtept lat="42.673739" lon="-123.563099"></rtept><rtept lat="42.677276" lon="-123.563047"></rtept><rtept lat="42.680813" lon="-123.562995"></rtept><rtept lat="42.684710" lon="-123.562785"></rtept><rtept lat="42.688607" lon="-123.562574"></rtept><rtept lat="42.688446" lon="-123.557797"></rtept><rtept lat="42.688285" lon="-123.553020"></rtept><rtept lat="42.684546" lon="-123.553166"></rtept><rtept lat="42.680807" lon="-123.553313"></rtept><rtept lat="42.677238" lon="-123.553338"></rtept><rtept lat="42.673669" lon="-123.553363"></rtept><rtept lat="42.673704" lon="-123.558231"></rtept><rtept lat="42.673739" lon="-123.563099"></rtept></rte><rte><name>GM 5</name><type>Area</type><extensions><onx:style>dot</onx:style><onx:weight>4.0</onx:weight><onx:color>rgba(255, 51, 0, 1)</onx:color></extensions><rtept lat="42.673669" lon="-123.553363"></rtept><rtept lat="42.673704" lon="-123.558231"></rtept><rtept lat="42.673739" lon="-123.563099"></rtept><rtept lat="42.677276" lon="-123.563047"></rtept><rtept lat="42.680813" lon="-123.562995"></rtept><rtept lat="42.680810" lon="-123.558154"></rtept><rtept lat="42.680807" lon="-123.553313"></rtept><rtept lat="42.677238" lon="-123.553338"></rtept><rtept lat="42.673669" lon="-123.553363"></rtept></rte><rte><name>LITTLE YAK</name><type>Area</type><extensions><onx:style>dot</onx:style><onx:weight>4.0</onx:weight><onx:color>rgba(255, 51, 0, 1)</onx:color></extensions><rtept lat="42.557016" lon="-123.546282"></rtept><rtept lat="42.557045" lon="-123.548748"></rtept><rtept lat="42.558850" lon="-123.548838"></rtept><rtept lat="42.560655" lon="-123.548927"></rtept><rtept lat="42.560621" lon="-123.546478"></rtept><rtept lat="42.558818" lon="-123.546380"></rtept><rtept lat="42.557016" lon="-123.546282"></rtept></rte><rte><name>Star Mine</name><type>Area</type><extensions><onx:style>dot</onx:style><onx:weight>4.0</onx:weight><onx:color>rgba(255, 51, 0, 1)</onx:color></extensions><rtept lat="42.211115" lon="-123.220143"></rtept><rtept lat="42.214744" lon="-123.220167"></rtept><rtept lat="42.214749" lon="-123.215335"></rtept><rtept lat="42.211138" lon="-123.215323"></rtept><rtept lat="42.211115" lon="-123.220143"></rtept></rte><rte><name>Yellow Root 5</name><type>Area</type><extensions><onx:style>dot</onx:style><onx:weight>4.0</onx:weight><onx:color>rgba(255, 51, 0, 1)</onx:color></extensions><rtept lat="42.608091" lon="-123.246737"></rtept><rtept lat="42.608095" lon="-123.249205"></rtept><rtept lat="42.609915" lon="-123.249202"></rtept><rtept lat="42.611736" lon="-123.249200"></rtept><rtept lat="42.611737" lon="-123.246732"></rtept><rtept lat="42.609914" lon="-123.246734"></rtept><rtept lat="42.608091" lon="-123.246737"></rtept></rte><rte><name>Sleeping Beauty 1</name><type>Area</type><extensions><onx:style>dot</onx:style><onx:weight>4.0</onx:weight><onx:color>rgba(255, 51, 0, 1)</onx:color></extensions><rtept lat="42.600027" lon="-122.984536"></rtept><rtept lat="42.603645" lon="-122.984548"></rtept><rtept lat="42.607263" lon="-122.984560"></rtept><rtept lat="42.607263" lon="-122.984557"></rtept><rtept lat="42.607360" lon="-122.979620"></rtept><rtept lat="42.607456" lon="-122.974680"></rtept><rtept lat="42.607453" lon="-122.974680"></rtept><rtept lat="42.603805" lon="-122.974616"></rtept><rtept lat="42.600143" lon="-122.974548"></rtept><rtept lat="42.600085" lon="-122.979542"></rtept><rtept lat="42.600027" lon="-122.984536"></rtept></rte><rte><name>Sleeping Beauty 2</name><type>Area</type><extensions><onx:style>dot</onx:style><onx:weight>4.0</onx:weight><onx:color>rgba(255, 51, 0, 1)</onx:color></extensions><rtept lat="42.600027" lon="-122.984536"></rtept><rtept lat="42.603645" lon="-122.984548"></rtept><rtept lat="42.607263" lon="-122.984560"></rtept><rtept lat="42.607263" lon="-122.984557"></rtept><rtept lat="42.607360" lon="-122.979620"></rtept><rtept lat="42.607456" lon="-122.974680"></rtept><rtept lat="42.607453" lon="-122.974680"></rtept><rtept lat="42.603805" lon="-122.974616"></rtept><rtept lat="42.600143" lon="-122.974548"></rtept><rtept lat="42.600085" lon="-122.979542"></rtept><rtept lat="42.600027" lon="-122.984536"></rtept></rte><rte><name>Little Yellow Root 3</name><type>Area</type><extensions><onx:style>dot</onx:style><onx:weight>4.0</onx:weight><onx:color>rgba(255, 51, 0, 1)</onx:color></extensions><rtept lat="42.608087" lon="-123.244270"></rtept><rtept lat="42.608091" lon="-123.246737"></rtept><rtept lat="42.609914" lon="-123.246734"></rtept><rtept lat="42.611737" lon="-123.246732"></rtept><rtept lat="42.611738" lon="-123.244263"></rtept><rtept lat="42.609912" lon="-123.244266"></rtept><rtept lat="42.608087" lon="-123.244270"></rtept></rte><rte><name>Yellowhorn 2</name><type>Area</type><extensions><onx:style>dot</onx:style><onx:weight>4.0</onx:weight><onx:color>rgba(255, 51, 0, 1)</onx:color></extensions><rtept lat="42.637297" lon="-123.308686"></rtept><rtept lat="42.637306" lon="-123.313671"></rtept><rtept lat="42.637317" lon="-123.316179"></rtept><rtept lat="42.637328" lon="-123.318687"></rtept><rtept lat="42.639145" lon="-123.318737"></rtept><rtept lat="42.640963" lon="-123.318787"></rtept><rtept lat="42.642781" lon="-123.318836"></rtept><rtept lat="42.644598" lon="-123.318886"></rtept><rtept lat="42.644590" lon="-123.316389"></rtept><rtept lat="42.644582" lon="-123.313893"></rtept><rtept lat="42.644569" lon="-123.308885"></rtept><rtept lat="42.642722" lon="-123.308827"></rtept><rtept lat="42.640933" lon="-123.308786"></rtept><rtept lat="42.639115" lon="-123.308736"></rtept><rtept lat="42.637297" lon="-123.308686"></rtept></rte><rte><name>Runners</name><type>Area</type><extensions><onx:style>dot</onx:style><onx:weight>4.0</onx:weight><onx:color>rgba(255, 51, 0, 1)</onx:color></extensions><rtept lat="42.384361" lon="-123.175111"></rtept><rtept lat="42.386182" lon="-123.175106"></rtept><rtept lat="42.386196" lon="-123.172624"></rtept><rtept lat="42.386209" lon="-123.170143"></rtept><rtept lat="42.384390" lon="-123.170168"></rtept><rtept lat="42.384375" lon="-123.172639"></rtept><rtept lat="42.384361" lon="-123.175111"></rtept></rte><rte><name>Dad and Daughter Inc.</name><type>Area</type><extensions><onx:style>dot</onx:style><onx:weight>4.0</onx:weight><onx:color>rgba(255, 51, 0, 1)</onx:color></extensions><rtept lat="42.354137" lon="-123.396679"></rtept><rtept lat="42.355964" lon="-123.396670"></rtept><rtept lat="42.356011" lon="-123.394209"></rtept><rtept lat="42.356057" lon="-123.391748"></rtept><rtept lat="42.357883" lon="-123.391734"></rtept><rtept lat="42.357928" lon="-123.389270"></rtept><rtept lat="42.356103" lon="-123.389287"></rtept><rtept lat="42.354279" lon="-123.389304"></rtept><rtept lat="42.354231" lon="-123.391762"></rtept><rtept lat="42.354184" lon="-123.394220"></rtept><rtept lat="42.354137" lon="-123.396679"></rtept></rte><rte><name>Arm Pit</name><type>Area</type><extensions><onx:style>dot</onx:style><onx:weight>4.0</onx:weight><onx:color>rgba(255, 51, 0, 1)</onx:color></extensions><rtept lat="42.170190" lon="-122.957290"></rtept><rtept lat="42.172380" lon="-122.961920"></rtept><rtept lat="42.173660" lon="-122.960600"></rtept><rtept lat="42.171500" lon="-122.956060"></rtept><rtept lat="42.170190" lon="-122.957290"></rtept></rte><rte><name>Slate 14</name><type>Area</type><extensions><onx:style>dot</onx:style><onx:weight>4.0</onx:weight><onx:color>rgba(255, 51, 0, 1)</onx:color></extensions><rtept lat="42.410794" lon="-123.599863"></rtept><rtept lat="42.412612" lon="-123.599862"></rtept><rtept lat="42.414430" lon="-123.599861"></rtept><rtept lat="42.414432" lon="-123.597419"></rtept><rtept lat="42.412614" lon="-123.597420"></rtept><rtept lat="42.410795" lon="-123.597420"></rtept><rtept lat="42.410794" lon="-123.599863"></rtept></rte><rte><name>Slate 13</name><type>Area</type><extensions><onx:style>dot</onx:style><onx:weight>4.0</onx:weight><onx:color>rgba(255, 51, 0, 1)</onx:color></extensions><rtept lat="42.407158" lon="-123.599865"></rtept><rtept lat="42.408976" lon="-123.599864"></rtept><rtept lat="42.410794" lon="-123.599863"></rtept><rtept lat="42.410795" lon="-123.597420"></rtept><rtept lat="42.408977" lon="-123.597420"></rtept><rtept lat="42.407160" lon="-123.597421"></rtept><rtept lat="42.407158" lon="-123.599865"></rtept></rte><rte><name>Slate 11</name><type>Area</type><extensions><onx:style>dot</onx:style><onx:weight>4.0</onx:weight><onx:color>rgba(255, 51, 0, 1)</onx:color></extensions><rtept lat="42.403524" lon="-123.597421"></rtept><rtept lat="42.405342" lon="-123.597421"></rtept><rtept lat="42.407160" lon="-123.597421"></rtept><rtept lat="42.407161" lon="-123.594977"></rtept><rtept lat="42.405343" lon="-123.594976"></rtept><rtept lat="42.403526" lon="-123.594976"></rtept><rtept lat="42.403524" lon="-123.597421"></rtept></rte><rte><name>Slate 12</name><type>Area</type><extensions><onx:style>dot</onx:style><onx:weight>4.0</onx:weight><onx:color>rgba(255, 51, 0, 1)</onx:color></extensions><rtept lat="42.403523" lon="-123.599867"></rtept><rtept lat="42.405341" lon="-123.599866"></rtept><rtept lat="42.407158" lon="-123.599865"></rtept><rtept lat="42.407160" lon="-123.597421"></rtept><rtept lat="42.405342" lon="-123.597421"></rtept><rtept lat="42.403524" lon="-123.597421"></rtept><rtept lat="42.403523" lon="-123.599867"></rtept></rte><rte><name>Slate 10</name><type>Area</type><extensions><onx:style>dot</onx:style><onx:weight>4.0</onx:weight><onx:color>rgba(255, 51, 0, 1)</onx:color></extensions><rtept lat="42.403526" lon="-123.594976"></rtept><rtept lat="42.405343" lon="-123.594976"></rtept><rtept lat="42.407161" lon="-123.594977"></rtept><rtept lat="42.407162" lon="-123.592533"></rtept><rtept lat="42.405345" lon="-123.592532"></rtept><rtept lat="42.403527" lon="-123.592531"></rtept><rtept lat="42.403526" lon="-123.594976"></rtept></rte><rte><name>Slate 15</name><type>Area</type><extensions><onx:style>dot</onx:style><onx:weight>4.0</onx:weight><onx:color>rgba(255, 51, 0, 1)</onx:color></extensions><rtept lat="42.414430" lon="-123.599861"></rtept><rtept lat="42.416248" lon="-123.599860"></rtept><rtept lat="42.418066" lon="-123.599859"></rtept><rtept lat="42.418069" lon="-123.597418"></rtept><rtept lat="42.416251" lon="-123.597419"></rtept><rtept lat="42.414432" lon="-123.597419"></rtept><rtept lat="42.414430" lon="-123.599861"></rtept></rte><rte><name>Jack 2</name><type>Area</type><extensions><onx:style>dot</onx:style><onx:weight>4.0</onx:weight><onx:color>rgba(255, 51, 0, 1)</onx:color></extensions><rtept lat="42.589768" lon="-123.303822"></rtept><rtept lat="42.589730" lon="-123.298860"></rtept><rtept lat="42.587930" lon="-123.298881"></rtept><rtept lat="42.586130" lon="-123.298902"></rtept><rtept lat="42.586137" lon="-123.301373"></rtept><rtept lat="42.586143" lon="-123.303843"></rtept><rtept lat="42.587956" lon="-123.303833"></rtept><rtept lat="42.589768" lon="-123.303822"></rtept></rte><rte><name>The 541</name><type>Area</type><extensions><onx:style>dot</onx:style><onx:weight>4.0</onx:weight><onx:color>rgba(255, 51, 0, 1)</onx:color></extensions><rtept lat="42.542365" lon="-123.494195"></rtept><rtept lat="42.545995" lon="-123.494181"></rtept><rtept lat="42.547809" lon="-123.494177"></rtept><rtept lat="42.549624" lon="-123.494173"></rtept><rtept lat="42.549631" lon="-123.491746"></rtept><rtept lat="42.549638" lon="-123.489319"></rtept><rtept lat="42.547819" lon="-123.489311"></rtept><rtept lat="42.546000" lon="-123.489303"></rtept><rtept lat="42.542361" lon="-123.489287"></rtept><rtept lat="42.542365" lon="-123.494195"></rtept></rte><rte><name>Zippo Red</name><type>Area</type><extensions><onx:style>dot</onx:style><onx:weight>4.0</onx:weight><onx:color>rgba(255, 51, 0, 1)</onx:color></extensions><rtept lat="42.263500" lon="-123.039780"></rtept><rtept lat="42.265070" lon="-123.040980"></rtept><rtept lat="42.267070" lon="-123.036980"></rtept><rtept lat="42.265580" lon="-123.035780"></rtept><rtept lat="42.263500" lon="-123.039780"></rtept></rte><rte><name>Hilltop</name><type>Area</type><extensions><onx:style>dot</onx:style><onx:weight>4.0</onx:weight><onx:color>rgba(255, 51, 0, 1)</onx:color></extensions><rtept lat="42.403532" lon="-123.582749"></rtept><rtept lat="42.407167" lon="-123.582755"></rtept><rtept lat="42.410801" lon="-123.582761"></rtept><rtept lat="42.411342" lon="-123.582762"></rtept><rtept lat="42.411353" lon="-123.582762"></rtept><rtept lat="42.414444" lon="-123.582770"></rtept><rtept lat="42.418087" lon="-123.582778"></rtept><rtept lat="42.418098" lon="-123.578950"></rtept><rtept lat="42.418101" lon="-123.577895"></rtept><rtept lat="42.418115" lon="-123.573012"></rtept><rtept lat="42.418129" lon="-123.568129"></rtept><rtept lat="42.418143" lon="-123.563246"></rtept><rtept lat="42.414513" lon="-123.563248"></rtept><rtept lat="42.410884" lon="-123.563250"></rtept><rtept lat="42.407254" lon="-123.563252"></rtept><rtept lat="42.403624" lon="-123.563254"></rtept><rtept lat="42.403624" lon="-123.563256"></rtept><rtept lat="42.403601" lon="-123.568128"></rtept><rtept lat="42.403578" lon="-123.573002"></rtept><rtept lat="42.403555" lon="-123.577875"></rtept><rtept lat="42.403532" lon="-123.582749"></rtept></rte><rte><name>Apex Minerals and Properties, L…</name><type>Area</type><extensions><onx:style>dot</onx:style><onx:weight>4.0</onx:weight><onx:color>rgba(255, 51, 0, 1)</onx:color></extensions><rtept lat="42.607855" lon="-123.131617"></rtept><rtept lat="42.611507" lon="-123.131592"></rtept><rtept lat="42.615160" lon="-123.131568"></rtept><rtept lat="42.615193" lon="-123.126690"></rtept><rtept lat="42.615226" lon="-123.121812"></rtept><rtept lat="42.611560" lon="-123.121824"></rtept><rtept lat="42.607894" lon="-123.121836"></rtept><rtept lat="42.607877" lon="-123.126180"></rtept><rtept lat="42.607875" lon="-123.126726"></rtept><rtept lat="42.607855" lon="-123.131617"></rtept></rte><rte><name>Apex Minerals and Properties, L…</name><type>Area</type><extensions><onx:style>dot</onx:style><onx:weight>4.0</onx:weight><onx:color>rgba(255, 51, 0, 1)</onx:color></extensions><rtept lat="42.615226" lon="-123.121812"></rtept><rtept lat="42.618885" lon="-123.121801"></rtept><rtept lat="42.622543" lon="-123.121789"></rtept><rtept lat="42.622556" lon="-123.120575"></rtept><rtept lat="42.622570" lon="-123.119362"></rtept><rtept lat="42.622583" lon="-123.118148"></rtept><rtept lat="42.622596" lon="-123.116934"></rtept><rtept lat="42.622630" lon="-123.112090"></rtept><rtept lat="42.618970" lon="-123.112093"></rtept><rtept lat="42.615290" lon="-123.112106"></rtept><rtept lat="42.615258" lon="-123.116959"></rtept><rtept lat="42.615226" lon="-123.121812"></rtept></rte><rte><name>Apex Minerals and Properties, L…</name><type>Area</type><extensions><onx:style>dot</onx:style><onx:weight>4.0</onx:weight><onx:color>rgba(255, 51, 0, 1)</onx:color></extensions><rtept lat="42.607894" lon="-123.121836"></rtept><rtept lat="42.611560" lon="-123.121824"></rtept><rtept lat="42.615226" lon="-123.121812"></rtept><rtept lat="42.615258" lon="-123.116959"></rtept><rtept lat="42.615290" lon="-123.112106"></rtept><rtept lat="42.611611" lon="-123.112119"></rtept><rtept lat="42.607931" lon="-123.112131"></rtept><rtept lat="42.607913" lon="-123.116984"></rtept><rtept lat="42.607894" lon="-123.121836"></rtept></rte><rte><name>Apex Minerals and Properties, L…</name><type>Area</type><extensions><onx:style>dot</onx:style><onx:weight>4.0</onx:weight><onx:color>rgba(255, 51, 0, 1)</onx:color></extensions><rtept lat="42.615226" lon="-123.121812"></rtept><rtept lat="42.615258" lon="-123.116959"></rtept><rtept lat="42.615290" lon="-123.112106"></rtept><rtept lat="42.611611" lon="-123.112119"></rtept><rtept lat="42.607931" lon="-123.112131"></rtept><rtept lat="42.607913" lon="-123.116984"></rtept><rtept lat="42.607894" lon="-123.121836"></rtept><rtept lat="42.611560" lon="-123.121824"></rtept><rtept lat="42.615226" lon="-123.121812"></rtept></rte><rte><name>Apex Minerals and Properties, L…</name><type>Area</type><extensions><onx:style>dot</onx:style><onx:weight>4.0</onx:weight><onx:color>rgba(255, 51, 0, 1)</onx:color></extensions><rtept lat="42.615160" lon="-123.131568"></rtept><rtept lat="42.618799" lon="-123.131533"></rtept><rtept lat="42.622437" lon="-123.131497"></rtept><rtept lat="42.622490" lon="-123.126643"></rtept><rtept lat="42.622495" lon="-123.126181"></rtept><rtept lat="42.622543" lon="-123.121789"></rtept><rtept lat="42.618885" lon="-123.121801"></rtept><rtept lat="42.615226" lon="-123.121812"></rtept><rtept lat="42.615193" lon="-123.126690"></rtept><rtept lat="42.615160" lon="-123.131568"></rtept></rte><rte><name>Apex Minerals and Properties, L…</name><type>Area</type><extensions><onx:style>dot</onx:style><onx:weight>4.0</onx:weight><onx:color>rgba(255, 51, 0, 1)</onx:color></extensions><rtept lat="42.615160" lon="-123.131568"></rtept><rtept lat="42.618799" lon="-123.131533"></rtept><rtept lat="42.622437" lon="-123.131497"></rtept><rtept lat="42.622490" lon="-123.126643"></rtept><rtept lat="42.622495" lon="-123.126181"></rtept><rtept lat="42.622543" lon="-123.121789"></rtept><rtept lat="42.618885" lon="-123.121801"></rtept><rtept lat="42.615226" lon="-123.121812"></rtept><rtept lat="42.615193" lon="-123.126690"></rtept><rtept lat="42.615160" lon="-123.131568"></rtept></rte><rte><name>Apex Minerals and Properties, L…</name><type>Area</type><extensions><onx:style>dot</onx:style><onx:weight>4.0</onx:weight><onx:color>rgba(255, 51, 0, 1)</onx:color></extensions><rtept lat="42.607855" lon="-123.131617"></rtept><rtept lat="42.611507" lon="-123.131592"></rtept><rtept lat="42.615160" lon="-123.131568"></rtept><rtept lat="42.615193" lon="-123.126690"></rtept><rtept lat="42.615226" lon="-123.121812"></rtept><rtept lat="42.611560" lon="-123.121824"></rtept><rtept lat="42.607894" lon="-123.121836"></rtept><rtept lat="42.607877" lon="-123.126180"></rtept><rtept lat="42.607875" lon="-123.126726"></rtept><rtept lat="42.607855" lon="-123.131617"></rtept></rte><rte><name>Apex Minerals and Properties, L…</name><type>Area</type><extensions><onx:style>dot</onx:style><onx:weight>4.0</onx:weight><onx:color>rgba(255, 51, 0, 1)</onx:color></extensions><rtept lat="42.615226" lon="-123.121812"></rtept><rtept lat="42.618885" lon="-123.121801"></rtept><rtept lat="42.622543" lon="-123.121789"></rtept><rtept lat="42.622556" lon="-123.120575"></rtept><rtept lat="42.622570" lon="-123.119362"></rtept><rtept lat="42.622583" lon="-123.118148"></rtept><rtept lat="42.622596" lon="-123.116934"></rtept><rtept lat="42.622630" lon="-123.112090"></rtept><rtept lat="42.618970" lon="-123.112093"></rtept><rtept lat="42.615290" lon="-123.112106"></rtept><rtept lat="42.615258" lon="-123.116959"></rtept><rtept lat="42.615226" lon="-123.121812"></rtept></rte><rte><name>Apex Minerals and Properties, L…</name><type>Area</type><extensions><onx:style>dot</onx:style><onx:weight>4.0</onx:weight><onx:color>rgba(255, 51, 0, 1)</onx:color></extensions><rtept lat="42.607855" lon="-123.131617"></rtept><rtept lat="42.611507" lon="-123.131592"></rtept><rtept lat="42.615160" lon="-123.131568"></rtept><rtept lat="42.615193" lon="-123.126690"></rtept><rtept lat="42.615226" lon="-123.121812"></rtept><rtept lat="42.611560" lon="-123.121824"></rtept><rtept lat="42.607894" lon="-123.121836"></rtept><rtept lat="42.607877" lon="-123.126180"></rtept><rtept lat="42.607875" lon="-123.126726"></rtept><rtept lat="42.607855" lon="-123.131617"></rtept></rte><rte><name>Adam Number 3</name><type>Area</type><extensions><onx:style>dot</onx:style><onx:weight>4.0</onx:weight><onx:color>rgba(255, 51, 0, 1)</onx:color></extensions><rtept lat="42.609912" lon="-123.244266"></rtept><rtept lat="42.608087" lon="-123.244270"></rtept><rtept lat="42.608091" lon="-123.246737"></rtept><rtept lat="42.608095" lon="-123.249205"></rtept><rtept lat="42.609915" lon="-123.249202"></rtept><rtept lat="42.609914" lon="-123.246734"></rtept><rtept lat="42.609912" lon="-123.244266"></rtept></rte><rte><name>Apex Minerals and Properties, L…</name><type>Area</type><extensions><onx:style>dot</onx:style><onx:weight>4.0</onx:weight><onx:color>rgba(255, 51, 0, 1)</onx:color></extensions><rtept lat="42.615226" lon="-123.121812"></rtept><rtept lat="42.618885" lon="-123.121801"></rtept><rtept lat="42.622543" lon="-123.121789"></rtept><rtept lat="42.622556" lon="-123.120575"></rtept><rtept lat="42.622570" lon="-123.119362"></rtept><rtept lat="42.622583" lon="-123.118148"></rtept><rtept lat="42.622596" lon="-123.116934"></rtept><rtept lat="42.622630" lon="-123.112090"></rtept><rtept lat="42.618970" lon="-123.112093"></rtept><rtept lat="42.615290" lon="-123.112106"></rtept><rtept lat="42.615258" lon="-123.116959"></rtept><rtept lat="42.615226" lon="-123.121812"></rtept></rte><rte><name>Apex Minerals and Properties, L…</name><type>Area</type><extensions><onx:style>dot</onx:style><onx:weight>4.0</onx:weight><onx:color>rgba(255, 51, 0, 1)</onx:color></extensions><rtept lat="42.607855" lon="-123.131617"></rtept><rtept lat="42.611507" lon="-123.131592"></rtept><rtept lat="42.615160" lon="-123.131568"></rtept><rtept lat="42.615193" lon="-123.126690"></rtept><rtept lat="42.615226" lon="-123.121812"></rtept><rtept lat="42.611560" lon="-123.121824"></rtept><rtept lat="42.607894" lon="-123.121836"></rtept><rtept lat="42.607877" lon="-123.126180"></rtept><rtept lat="42.607875" lon="-123.126726"></rtept><rtept lat="42.607855" lon="-123.131617"></rtept></rte><rte><name>Apex Minerals and Properties, L…</name><type>Area</type><extensions><onx:style>dot</onx:style><onx:weight>4.0</onx:weight><onx:color>rgba(255, 51, 0, 1)</onx:color></extensions><rtept lat="42.615160" lon="-123.131568"></rtept><rtept lat="42.618799" lon="-123.131533"></rtept><rtept lat="42.622437" lon="-123.131497"></rtept><rtept lat="42.622490" lon="-123.126643"></rtept><rtept lat="42.622495" lon="-123.126181"></rtept><rtept lat="42.622543" lon="-123.121789"></rtept><rtept lat="42.618885" lon="-123.121801"></rtept><rtept lat="42.615226" lon="-123.121812"></rtept><rtept lat="42.615193" lon="-123.126690"></rtept><rtept lat="42.615160" lon="-123.131568"></rtept></rte><rte><name>Apex Minerals and Properties, L…</name><type>Area</type><extensions><onx:style>dot</onx:style><onx:weight>4.0</onx:weight><onx:color>rgba(255, 51, 0, 1)</onx:color></extensions><rtept lat="42.607855" lon="-123.131617"></rtept><rtept lat="42.611507" lon="-123.131592"></rtept><rtept lat="42.615160" lon="-123.131568"></rtept><rtept lat="42.615193" lon="-123.126690"></rtept><rtept lat="42.615226" lon="-123.121812"></rtept><rtept lat="42.611560" lon="-123.121824"></rtept><rtept lat="42.607894" lon="-123.121836"></rtept><rtept lat="42.607877" lon="-123.126180"></rtept><rtept lat="42.607875" lon="-123.126726"></rtept><rtept lat="42.607855" lon="-123.131617"></rtept></rte><rte><name>Apex Minerals and Properties, L…</name><type>Area</type><extensions><onx:style>dot</onx:style><onx:weight>4.0</onx:weight><onx:color>rgba(255, 51, 0, 1)</onx:color></extensions><rtept lat="42.607894" lon="-123.121836"></rtept><rtept lat="42.611560" lon="-123.121824"></rtept><rtept lat="42.615226" lon="-123.121812"></rtept><rtept lat="42.615258" lon="-123.116959"></rtept><rtept lat="42.615290" lon="-123.112106"></rtept><rtept lat="42.611611" lon="-123.112119"></rtept><rtept lat="42.607931" lon="-123.112131"></rtept><rtept lat="42.607913" lon="-123.116984"></rtept><rtept lat="42.607894" lon="-123.121836"></rtept></rte><rte><name>Apex Minerals and Properties, L…</name><type>Area</type><extensions><onx:style>dot</onx:style><onx:weight>4.0</onx:weight><onx:color>rgba(255, 51, 0, 1)</onx:color></extensions><rtept lat="42.615160" lon="-123.131568"></rtept><rtept lat="42.618799" lon="-123.131533"></rtept><rtept lat="42.622437" lon="-123.131497"></rtept><rtept lat="42.622490" lon="-123.126643"></rtept><rtept lat="42.622495" lon="-123.126181"></rtept><rtept lat="42.622543" lon="-123.121789"></rtept><rtept lat="42.618885" lon="-123.121801"></rtept><rtept lat="42.615226" lon="-123.121812"></rtept><rtept lat="42.615193" lon="-123.126690"></rtept><rtept lat="42.615160" lon="-123.131568"></rtept></rte><rte><name>Apex Minerals and Properties, L…</name><type>Area</type><extensions><onx:style>dot</onx:style><onx:weight>4.0</onx:weight><onx:color>rgba(255, 51, 0, 1)</onx:color></extensions><rtept lat="42.615160" lon="-123.131568"></rtept><rtept lat="42.618799" lon="-123.131533"></rtept><rtept lat="42.622437" lon="-123.131497"></rtept><rtept lat="42.622490" lon="-123.126643"></rtept><rtept lat="42.622495" lon="-123.126181"></rtept><rtept lat="42.622543" lon="-123.121789"></rtept><rtept lat="42.618885" lon="-123.121801"></rtept><rtept lat="42.615226" lon="-123.121812"></rtept><rtept lat="42.615193" lon="-123.126690"></rtept><rtept lat="42.615160" lon="-123.131568"></rtept></rte><rte><name>Apex Minerals and Properties, L…</name><type>Area</type><extensions><onx:style>dot</onx:style><onx:weight>4.0</onx:weight><onx:color>rgba(255, 51, 0, 1)</onx:color></extensions><rtept lat="42.615226" lon="-123.121812"></rtept><rtept lat="42.618885" lon="-123.121801"></rtept><rtept lat="42.622543" lon="-123.121789"></rtept><rtept lat="42.622556" lon="-123.120575"></rtept><rtept lat="42.622570" lon="-123.119362"></rtept><rtept lat="42.622583" lon="-123.118148"></rtept><rtept lat="42.622596" lon="-123.116934"></rtept><rtept lat="42.622630" lon="-123.112090"></rtept><rtept lat="42.618970" lon="-123.112093"></rtept><rtept lat="42.615290" lon="-123.112106"></rtept><rtept lat="42.615258" lon="-123.116959"></rtept><rtept lat="42.615226" lon="-123.121812"></rtept></rte><rte><name>Apex Minerals and Properties, L…</name><type>Area</type><extensions><onx:style>dot</onx:style><onx:weight>4.0</onx:weight><onx:color>rgba(255, 51, 0, 1)</onx:color></extensions><rtept lat="42.615160" lon="-123.131568"></rtept><rtept lat="42.618799" lon="-123.131533"></rtept><rtept lat="42.622437" lon="-123.131497"></rtept><rtept lat="42.622490" lon="-123.126643"></rtept><rtept lat="42.622495" lon="-123.126181"></rtept><rtept lat="42.622543" lon="-123.121789"></rtept><rtept lat="42.618885" lon="-123.121801"></rtept><rtept lat="42.615226" lon="-123.121812"></rtept><rtept lat="42.615193" lon="-123.126690"></rtept><rtept lat="42.615160" lon="-123.131568"></rtept></rte><rte><name>Apex Minerals and Properties, L…</name><type>Area</type><extensions><onx:style>dot</onx:style><onx:weight>4.0</onx:weight><onx:color>rgba(255, 51, 0, 1)</onx:color></extensions><rtept lat="42.615160" lon="-123.131568"></rtept><rtept lat="42.618799" lon="-123.131533"></rtept><rtept lat="42.622437" lon="-123.131497"></rtept><rtept lat="42.622490" lon="-123.126643"></rtept><rtept lat="42.622495" lon="-123.126181"></rtept><rtept lat="42.622543" lon="-123.121789"></rtept><rtept lat="42.618885" lon="-123.121801"></rtept><rtept lat="42.615226" lon="-123.121812"></rtept><rtept lat="42.615193" lon="-123.126690"></rtept><rtept lat="42.615160" lon="-123.131568"></rtept></rte><rte><name>Apex Minerals and Properties, L…</name><type>Area</type><extensions><onx:style>dot</onx:style><onx:weight>4.0</onx:weight><onx:color>rgba(255, 51, 0, 1)</onx:color></extensions><rtept lat="42.615226" lon="-123.121812"></rtept><rtept lat="42.618885" lon="-123.121801"></rtept><rtept lat="42.622543" lon="-123.121789"></rtept><rtept lat="42.622556" lon="-123.120575"></rtept><rtept lat="42.622570" lon="-123.119362"></rtept><rtept lat="42.622583" lon="-123.118148"></rtept><rtept lat="42.622596" lon="-123.116934"></rtept><rtept lat="42.622630" lon="-123.112090"></rtept><rtept lat="42.618970" lon="-123.112093"></rtept><rtept lat="42.615290" lon="-123.112106"></rtept><rtept lat="42.615258" lon="-123.116959"></rtept><rtept lat="42.615226" lon="-123.121812"></rtept></rte><rte><name>Apex Minerals and Properties, L…</name><type>Area</type><extensions><onx:style>dot</onx:style><onx:weight>4.0</onx:weight><onx:color>rgba(255, 51, 0, 1)</onx:color></extensions><rtept lat="42.615160" lon="-123.131568"></rtept><rtept lat="42.618799" lon="-123.131533"></rtept><rtept lat="42.622437" lon="-123.131497"></rtept><rtept lat="42.622490" lon="-123.126643"></rtept><rtept lat="42.622495" lon="-123.126181"></rtept><rtept lat="42.622543" lon="-123.121789"></rtept><rtept lat="42.618885" lon="-123.121801"></rtept><rtept lat="42.615226" lon="-123.121812"></rtept><rtept lat="42.615193" lon="-123.126690"></rtept><rtept lat="42.615160" lon="-123.131568"></rtept></rte><rte><name>Jelly Bean's Junction 1</name><type>Area</type><extensions><onx:style>dot</onx:style><onx:weight>4.0</onx:weight><onx:color>rgba(255, 51, 0, 1)</onx:color></extensions><rtept lat="42.294557" lon="-123.045477"></rtept><rtept lat="42.294578" lon="-123.047928"></rtept><rtept lat="42.296418" lon="-123.047894"></rtept><rtept lat="42.298265" lon="-123.047860"></rtept><rtept lat="42.298233" lon="-123.045407"></rtept><rtept lat="42.296397" lon="-123.045442"></rtept><rtept lat="42.294557" lon="-123.045477"></rtept></rte><rte><name>Jelly Bean's Junction 2</name><type>Area</type><extensions><onx:style>dot</onx:style><onx:weight>4.0</onx:weight><onx:color>rgba(255, 51, 0, 1)</onx:color></extensions><rtept lat="42.298272" lon="-123.045381"></rtept><rtept lat="42.298289" lon="-123.047844"></rtept><rtept lat="42.300126" lon="-123.047818"></rtept><rtept lat="42.301963" lon="-123.047793"></rtept><rtept lat="42.301942" lon="-123.045336"></rtept><rtept lat="42.300107" lon="-123.045358"></rtept><rtept lat="42.298272" lon="-123.045381"></rtept></rte><rte><name>Roadside 1</name><type>Area</type><extensions><onx:style>dot</onx:style><onx:weight>4.0</onx:weight><onx:color>rgba(255, 51, 0, 1)</onx:color></extensions><rtept lat="42.273035" lon="-123.318662"></rtept><rtept lat="42.273037" lon="-123.313830"></rtept><rtept lat="42.273038" lon="-123.308929"></rtept><rtept lat="42.269426" lon="-123.308813"></rtept><rtept lat="42.265815" lon="-123.308697"></rtept><rtept lat="42.262172" lon="-123.308561"></rtept><rtept lat="42.258529" lon="-123.308425"></rtept><rtept lat="42.258490" lon="-123.313540"></rtept><rtept lat="42.258454" lon="-123.318400"></rtept><rtept lat="42.258399" lon="-123.323247"></rtept><rtept lat="42.258345" lon="-123.328093"></rtept><rtept lat="42.262025" lon="-123.328130"></rtept><rtept lat="42.265705" lon="-123.328166"></rtept><rtept lat="42.269385" lon="-123.328203"></rtept><rtept lat="42.273065" lon="-123.328240"></rtept><rtept lat="42.273050" lon="-123.323451"></rtept><rtept lat="42.273035" lon="-123.318662"></rtept></rte><rte><name>Roadside 2</name><type>Area</type><extensions><onx:style>dot</onx:style><onx:weight>4.0</onx:weight><onx:color>rgba(255, 51, 0, 1)</onx:color></extensions><rtept lat="42.273035" lon="-123.318662"></rtept><rtept lat="42.273037" lon="-123.313830"></rtept><rtept lat="42.273038" lon="-123.308929"></rtept><rtept lat="42.269426" lon="-123.308813"></rtept><rtept lat="42.265815" lon="-123.308697"></rtept><rtept lat="42.262172" lon="-123.308561"></rtept><rtept lat="42.258529" lon="-123.308425"></rtept><rtept lat="42.258490" lon="-123.313540"></rtept><rtept lat="42.258454" lon="-123.318400"></rtept><rtept lat="42.258399" lon="-123.323247"></rtept><rtept lat="42.258345" lon="-123.328093"></rtept><rtept lat="42.262025" lon="-123.328130"></rtept><rtept lat="42.265705" lon="-123.328166"></rtept><rtept lat="42.269385" lon="-123.328203"></rtept><rtept lat="42.273065" lon="-123.328240"></rtept><rtept lat="42.273050" lon="-123.323451"></rtept><rtept lat="42.273035" lon="-123.318662"></rtept></rte><rte><name>Rising Star 2</name><type>Area</type><extensions><onx:style>dot</onx:style><onx:weight>4.0</onx:weight><onx:color>rgba(255, 51, 0, 1)</onx:color></extensions><rtept lat="42.243798" lon="-123.298499"></rtept><rtept lat="42.243799" lon="-123.303364"></rtept><rtept lat="42.243801" lon="-123.308229"></rtept><rtept lat="42.247484" lon="-123.308262"></rtept><rtept lat="42.247506" lon="-123.308262"></rtept><rtept lat="42.249863" lon="-123.308283"></rtept><rtept lat="42.251167" lon="-123.308295"></rtept><rtept lat="42.254848" lon="-123.308360"></rtept><rtept lat="42.258529" lon="-123.308425"></rtept><rtept lat="42.258479" lon="-123.303524"></rtept><rtept lat="42.258428" lon="-123.298623"></rtept><rtept lat="42.258398" lon="-123.296178"></rtept><rtept lat="42.258377" lon="-123.293722"></rtept><rtept lat="42.258352" lon="-123.291271"></rtept><rtept lat="42.258326" lon="-123.288820"></rtept><rtept lat="42.256508" lon="-123.288827"></rtept><rtept lat="42.254690" lon="-123.288834"></rtept><rtept lat="42.251043" lon="-123.288847"></rtept><rtept lat="42.247440" lon="-123.288816"></rtept><rtept lat="42.243837" lon="-123.288786"></rtept><rtept lat="42.243817" lon="-123.293642"></rtept><rtept lat="42.243798" lon="-123.298499"></rtept></rte><rte><name>After Thought Mine</name><type>Area</type><extensions><onx:style>dot</onx:style><onx:weight>4.0</onx:weight><onx:color>rgba(255, 51, 0, 1)</onx:color></extensions><rtept lat="42.233337" lon="-123.151386"></rtept><rtept lat="42.233337" lon="-123.151385"></rtept><rtept lat="42.229738" lon="-123.151248"></rtept><rtept lat="42.229713" lon="-123.155855"></rtept><rtept lat="42.229692" lon="-123.160461"></rtept><rtept lat="42.229657" lon="-123.165378"></rtept><rtept lat="42.229621" lon="-123.170294"></rtept><rtept lat="42.233090" lon="-123.170692"></rtept><rtept lat="42.236559" lon="-123.171091"></rtept><rtept lat="42.240213" lon="-123.171004"></rtept><rtept lat="42.243868" lon="-123.170917"></rtept><rtept lat="42.243882" lon="-123.166030"></rtept><rtept lat="42.243896" lon="-123.161143"></rtept><rtept lat="42.243910" lon="-123.156256"></rtept><rtept lat="42.243924" lon="-123.151369"></rtept><rtept lat="42.240432" lon="-123.151464"></rtept><rtept lat="42.236939" lon="-123.151523"></rtept><rtept lat="42.233337" lon="-123.151386"></rtept></rte><rte><name>Rising Star</name><type>Area</type><extensions><onx:style>dot</onx:style><onx:weight>4.0</onx:weight><onx:color>rgba(255, 51, 0, 1)</onx:color></extensions><rtept lat="42.243798" lon="-123.298499"></rtept><rtept lat="42.243799" lon="-123.303364"></rtept><rtept lat="42.243801" lon="-123.308229"></rtept><rtept lat="42.247484" lon="-123.308262"></rtept><rtept lat="42.247506" lon="-123.308262"></rtept><rtept lat="42.249863" lon="-123.308283"></rtept><rtept lat="42.251167" lon="-123.308295"></rtept><rtept lat="42.254848" lon="-123.308360"></rtept><rtept lat="42.258529" lon="-123.308425"></rtept><rtept lat="42.258479" lon="-123.303524"></rtept><rtept lat="42.258428" lon="-123.298623"></rtept><rtept lat="42.258398" lon="-123.296178"></rtept><rtept lat="42.258377" lon="-123.293722"></rtept><rtept lat="42.258352" lon="-123.291271"></rtept><rtept lat="42.258326" lon="-123.288820"></rtept><rtept lat="42.256508" lon="-123.288827"></rtept><rtept lat="42.254690" lon="-123.288834"></rtept><rtept lat="42.251043" lon="-123.288847"></rtept><rtept lat="42.247440" lon="-123.288816"></rtept><rtept lat="42.243837" lon="-123.288786"></rtept><rtept lat="42.243817" lon="-123.293642"></rtept><rtept lat="42.243798" lon="-123.298499"></rtept></rte><rte><name>MINNOW</name><type>Area</type><extensions><onx:style>dot</onx:style><onx:weight>4.0</onx:weight><onx:color>rgba(255, 51, 0, 1)</onx:color></extensions><rtept lat="42.487825" lon="-123.638955"></rtept><rtept lat="42.489648" lon="-123.638968"></rtept><rtept lat="42.491472" lon="-123.638981"></rtept><rtept lat="42.491470" lon="-123.636522"></rtept><rtept lat="42.489648" lon="-123.636511"></rtept><rtept lat="42.487825" lon="-123.636500"></rtept><rtept lat="42.487825" lon="-123.638955"></rtept></rte><rte><name>Minnow 4</name><type>Area</type><extensions><onx:style>dot</onx:style><onx:weight>4.0</onx:weight><onx:color>rgba(255, 51, 0, 1)</onx:color></extensions><rtept lat="42.476878" lon="-123.641323"></rtept><rtept lat="42.480527" lon="-123.641352"></rtept><rtept lat="42.484176" lon="-123.641381"></rtept><rtept lat="42.484181" lon="-123.636477"></rtept><rtept lat="42.484186" lon="-123.631573"></rtept><rtept lat="42.480544" lon="-123.631556"></rtept><rtept lat="42.476903" lon="-123.631540"></rtept><rtept lat="42.476890" lon="-123.636236"></rtept><rtept lat="42.476890" lon="-123.636432"></rtept><rtept lat="42.476878" lon="-123.641098"></rtept><rtept lat="42.476878" lon="-123.641323"></rtept></rte><rte><name>Taylor Falls</name><type>Area</type><extensions><onx:style>dot</onx:style><onx:weight>4.0</onx:weight><onx:color>rgba(255, 51, 0, 1)</onx:color></extensions><rtept lat="42.396262" lon="-123.650000"></rtept><rtept lat="42.403538" lon="-123.650000"></rtept><rtept lat="42.403541" lon="-123.646120"></rtept><rtept lat="42.403543" lon="-123.641236"></rtept><rtept lat="42.399904" lon="-123.641224"></rtept><rtept lat="42.396264" lon="-123.641212"></rtept><rtept lat="42.396263" lon="-123.646088"></rtept><rtept lat="42.396262" lon="-123.650000"></rtept></rte></gpx>