<?xml version="1.0" encoding="UTF-8"?><kml xmlns="http://www.opengis.net/kml/2.2"><Document><name>Upper Calapooia River</name><Style id="my_claim"><IconStyle><color>ff00a5ff</color><scale>1.0</scale><Icon><href>http://maps.google.com/mapfiles/kml/paddle/orange-circle.png</href></Icon></IconStyle></Style><Style id="public_site"><IconStyle><color>ff008000</color><scale>1.0</scale><Icon><href>http://maps.google.com/mapfiles/kml/paddle/grn-circle.png</href></Icon></IconStyle></Style><Style id="usmin"><IconStyle><color>ff000000</color><scale>0.7</scale><Icon><href>http://maps.google.com/mapfiles/kml/shapes/placemark_circle.png</href></Icon></IconStyle></Style><Style id="usmin_polygon"><LineStyle><color>ff000000</color><width>2</width></LineStyle><PolyStyle><color>40000000</color></PolyStyle></Style><Style id="milo_gold"><IconStyle><color>ff00d7ff</color><scale>1.0</scale><Icon><href>http://maps.google.com/mapfiles/kml/shapes/mining.png</href></Icon></IconStyle></Style><Style id="site_other"><IconStyle><color>ff808080</color><scale>0.8</scale><Icon><href>http://maps.google.com/mapfiles/kml/shapes/placemark_circle.png</href></Icon></IconStyle></Style><Style id="active_claim"><LineStyle><color>ff0000ff</color><width>2</width></LineStyle><PolyStyle><color>660000ff</color></PolyStyle></Style><Style id="density_low"><LineStyle><color>ff00ffff</color><width>2</width></LineStyle><PolyStyle><color>9900ffff</color></PolyStyle></Style><Style id="density_med"><LineStyle><color>ff00a5ff</color><width>2</width></LineStyle><PolyStyle><color>9900a5ff</color></PolyStyle></Style><Style id="density_high"><LineStyle><color>ff0000ff</color><width>2</width></LineStyle><PolyStyle><color>990000ff</color></PolyStyle></Style><Style id="open_ground"><IconStyle><color>ff00ff00</color><scale>1.1</scale><Icon><href>http://maps.google.com/mapfiles/kml/shapes/star.png</href></Icon></IconStyle></Style><Folder><name>My claims &amp; public sites</name><Placemark><name>Golden Dollar [APPROX quarter-section]</name><description>WVM | serial ORMC168629 | placer | 20.0 ac | Active | APPROX (BLM quarter-section) | src: BLM MLRS</description><styleUrl>#my_claim</styleUrl><Polygon><outerBoundaryIs><LinearRing><coordinates>-122.369089,44.238624,0 -122.364076,44.238497,0 -122.364093,44.234819,0 -122.364109,44.231141,0 -122.369121,44.231248,0 -122.374133,44.231354,0 -122.379156,44.231460,0 -122.384586,44.231575,0 -122.384594,44.235200,0 -122.384603,44.238825,0 -122.379127,44.238786,0 -122.374101,44.238750,0 -122.369089,44.238624,0</coordinates></LinearRing></outerBoundaryIs></Polygon></Placemark></Folder><Folder><name>Historical workings (USMIN)</name><Placemark><name>Open Pit Mine</name><description>USMIN Open Pit Mine | topo: Blue River (1989) 1:24000 | src: USGS USMIN</description><styleUrl>#usmin</styleUrl><Point><coordinates>-122.332000,44.230269,0</coordinates></Point></Placemark><Placemark><name>Prospect Pit</name><description>USMIN Prospect Pit | topo: Blue River (1989) 1:24000 | src: USGS USMIN</description><styleUrl>#usmin</styleUrl><Point><coordinates>-122.360462,44.213198,0</coordinates></Point></Placemark><Placemark><name>Open Pit Mine</name><description>USMIN Open Pit Mine | topo: Blue River (1955) 1:62500 | src: USGS USMIN</description><styleUrl>#usmin</styleUrl><Point><coordinates>-122.335141,44.224103,0</coordinates></Point></Placemark><Placemark><name>Open Pit Mine</name><description>USMIN Open Pit Mine | topo: Blue River (1955) 1:62500 | src: USGS USMIN</description><styleUrl>#usmin</styleUrl><Point><coordinates>-122.341851,44.233211,0</coordinates></Point></Placemark><Placemark><name>Adit</name><description>USMIN Adit | topo: Blue River (1955) 1:62500 | src: USGS USMIN</description><styleUrl>#usmin</styleUrl><Point><coordinates>-122.342631,44.210797,0</coordinates></Point></Placemark><Placemark><name>Adit</name><description>USMIN Adit | topo: Blue River (1989) 1:24000 | src: USGS USMIN</description><styleUrl>#usmin</styleUrl><Point><coordinates>-122.342246,44.210501,0</coordinates></Point></Placemark><Placemark><name>Adit</name><description>USMIN Adit | topo: Blue River (1989) 1:24000 | src: USGS USMIN</description><styleUrl>#usmin</styleUrl><Point><coordinates>-122.338450,44.226261,0</coordinates></Point></Placemark><Placemark><name>Adit</name><description>USMIN Adit | topo: Blue River (1955) 1:62500 | src: USGS USMIN</description><styleUrl>#usmin</styleUrl><Point><coordinates>-122.332456,44.231098,0</coordinates></Point></Placemark><Placemark><name>Adit</name><description>USMIN Adit | topo: Blue River (1989) 1:24000 | src: USGS USMIN</description><styleUrl>#usmin</styleUrl><Point><coordinates>-122.342081,44.233315,0</coordinates></Point></Placemark><Placemark><name>Adit</name><description>USMIN Adit | topo: Blue River (1989) 1:24000 | src: USGS USMIN</description><styleUrl>#usmin</styleUrl><Point><coordinates>-122.353866,44.224547,0</coordinates></Point></Placemark><Placemark><name>Adit</name><description>USMIN Adit | topo: Blue River (1989) 1:24000 | src: USGS USMIN</description><styleUrl>#usmin</styleUrl><Point><coordinates>-122.342452,44.208251,0</coordinates></Point></Placemark><Placemark><name>Adit</name><description>USMIN Adit | topo: Blue River (1955) 1:62500 | src: USGS USMIN</description><styleUrl>#usmin</styleUrl><Point><coordinates>-122.343440,44.211606,0</coordinates></Point></Placemark><Placemark><name>Adit</name><description>USMIN Adit | topo: Blue River (1989) 1:24000 | src: USGS USMIN</description><styleUrl>#usmin</styleUrl><Point><coordinates>-122.328424,44.222169,0</coordinates></Point></Placemark><Placemark><name>Adit</name><description>USMIN Adit | topo: Blue River (1989) 1:24000 | src: USGS USMIN</description><styleUrl>#usmin</styleUrl><Point><coordinates>-122.372081,44.205812,0</coordinates></Point></Placemark><Placemark><name>Adit</name><description>USMIN Adit | topo: Blue River (1989) 1:24000 | src: USGS USMIN</description><styleUrl>#usmin</styleUrl><Point><coordinates>-122.330250,44.222579,0</coordinates></Point></Placemark><Placemark><name>Adit</name><description>USMIN Adit | topo: Blue River (1989) 1:24000 | src: USGS USMIN</description><styleUrl>#usmin</styleUrl><Point><coordinates>-122.343450,44.212133,0</coordinates></Point></Placemark><Placemark><name>Adit</name><description>USMIN Adit | topo: Blue River (1955) 1:62500 | src: USGS USMIN</description><styleUrl>#usmin</styleUrl><Point><coordinates>-122.342869,44.208199,0</coordinates></Point></Placemark></Folder><Folder><name>Mine &amp; prospect sites (MILO/MRDS, gold)</name><Placemark><name>Pearl</name><description>MILO gold | gold | lode | discovered ? | prod started ? | size: n/a | src: DOGAMI MILO-4 ID_06205</description><styleUrl>#milo_gold</styleUrl><Point><coordinates>-122.390968,44.234345,0</coordinates></Point></Placemark><Placemark><name>Rialto</name><description>MILO gold | gold, silver | lode | discovered ? | prod started ? | size: n/a | src: DOGAMI MILO-4 ID_06206</description><styleUrl>#milo_gold</styleUrl><Point><coordinates>-122.335706,44.223950,0</coordinates></Point></Placemark><Placemark><name>Evening</name><description>MILO gold | gold, silver | unknown | discovered ? | prod started ? | size: n/a | src: DOGAMI MILO-4 ID_06207</description><styleUrl>#milo_gold</styleUrl><Point><coordinates>-122.364259,44.216586,0</coordinates></Point></Placemark><Placemark><name>Red Buck</name><description>MILO gold | gold | lode | discovered ? | prod started ? | size: n/a | src: DOGAMI MILO-4 ID_06208</description><styleUrl>#milo_gold</styleUrl><Point><coordinates>-122.359081,44.234053,0</coordinates></Point></Placemark><Placemark><name>Sochwich</name><description>MILO gold | gold | lode | discovered ? | prod started ? | size: n/a | src: DOGAMI MILO-4 ID_06209</description><styleUrl>#milo_gold</styleUrl><Point><coordinates>-122.354238,44.228183,0</coordinates></Point></Placemark><Placemark><name>Higgins</name><description>MILO gold | gold, silver | lode | discovered ? | prod started ? | size: n/a | src: DOGAMI MILO-4 ID_06210</description><styleUrl>#milo_gold</styleUrl><Point><coordinates>-122.357004,44.236680,0</coordinates></Point></Placemark><Placemark><name>Everlasting Jack</name><description>MILO gold | gold | unknown | discovered ? | prod started ? | size: n/a | src: DOGAMI MILO-4 ID_06211</description><styleUrl>#milo_gold</styleUrl><Point><coordinates>-122.352722,44.237553,0</coordinates></Point></Placemark><Placemark><name>Great Eastern, Disc. Cut and Tunnel</name><description>MILO gold | gold, silver | lode | discovered ? | prod started ? | size: n/a | src: DOGAMI MILO-4 ID_06212</description><styleUrl>#milo_gold</styleUrl><Point><coordinates>-122.328545,44.236378,0</coordinates></Point></Placemark><Placemark><name>Great Northern (upper adit)</name><description>MILO gold | gold, silver, manganese | lode | discovered ? | prod started ? | size: small | src: DOGAMI MILO-4 ID_06213</description><styleUrl>#milo_gold</styleUrl><Point><coordinates>-122.343568,44.232782,0</coordinates></Point></Placemark><Placemark><name>Cinderella Disc. Shaft</name><description>MILO gold | gold, manganese | lode | discovered ? | prod started ? | size: small | src: DOGAMI MILO-4 ID_06214</description><styleUrl>#milo_gold</styleUrl><Point><coordinates>-122.331533,44.231384,0</coordinates></Point></Placemark><Placemark><name>Treadwell</name><description>MILO gold | gold | lode | discovered ? | prod started ? | size: n/a | src: DOGAMI MILO-4 ID_06215</description><styleUrl>#milo_gold</styleUrl><Point><coordinates>-122.334987,44.237841,0</coordinates></Point></Placemark><Placemark><name>Poorman</name><description>MILO gold | gold, silver | lode | discovered ? | prod started ? | size: small | src: DOGAMI MILO-4 ID_06216</description><styleUrl>#milo_gold</styleUrl><Point><coordinates>-122.365830,44.220973,0</coordinates></Point></Placemark><Placemark><name>Durango</name><description>MILO gold | gold, silver | lode | discovered ? | prod started ? | size: n/a | src: DOGAMI MILO-4 ID_06217</description><styleUrl>#milo_gold</styleUrl><Point><coordinates>-122.366180,44.211328,0</coordinates></Point></Placemark><Placemark><name>unnamed or NA</name><description>MILO gold | gold, silver | lode | discovered ? | prod started ? | size: n/a | src: DOGAMI MILO-4 ID_06218</description><styleUrl>#milo_gold</styleUrl><Point><coordinates>-122.356178,44.225044,0</coordinates></Point></Placemark><Placemark><name>North Star</name><description>MILO gold | gold, silver, manganese | lode | discovered ? | prod started ? | size: small | src: DOGAMI MILO-4 ID_06219</description><styleUrl>#milo_gold</styleUrl><Point><coordinates>-122.342000,44.233419,0</coordinates></Point></Placemark><Placemark><name>Tate Property, Cut Shaft</name><description>MILO gold | gold, silver, zinc | lode | discovered ? | prod started ? | size: n/a | src: DOGAMI MILO-4 ID_07363</description><styleUrl>#milo_gold</styleUrl><Point><coordinates>-122.327749,44.230458,0</coordinates></Point></Placemark><Placemark><name>Treasure</name><description>MILO gold | gold, silver | lode | discovered ? | prod started ? | size: small | src: DOGAMI MILO-4 ID_07365</description><styleUrl>#milo_gold</styleUrl><Point><coordinates>-122.358628,44.211522,0</coordinates></Point></Placemark><Placemark><name>Gold Dollar Claim</name><description>MILO gold | gold, silver | lode | discovered ? | prod started ? | size: n/a | src: DOGAMI MILO-4 ID_07366</description><styleUrl>#milo_gold</styleUrl><Point><coordinates>-122.350944,44.214506,0</coordinates></Point></Placemark><Placemark><name>Rowena Group</name><description>MILO gold | gold, silver, copper, zinc, lead | lode | discovered ? | prod started ? | size: n/a | src: DOGAMI MILO-4 ID_07367</description><styleUrl>#milo_gold</styleUrl><Point><coordinates>-122.328546,44.222195,0</coordinates></Point></Placemark><Placemark><name>Lucky Boy</name><description>MILO gold | gold, silver, copper, lead, zinc, antimony | lode | discovered 1887 | prod started ? | size: small | src: DOGAMI MILO-4 ID_07368</description><styleUrl>#milo_gold</styleUrl><Point><coordinates>-122.342439,44.210853,0</coordinates></Point></Placemark><Placemark><name>Union</name><description>MILO gold | gold | lode | discovered ? | prod started ? | size: small | src: DOGAMI MILO-4 ID_07369</description><styleUrl>#milo_gold</styleUrl><Point><coordinates>-122.372052,44.205352,0</coordinates></Point></Placemark><Placemark><name>Lucky Girl</name><description>MILO gold | gold | lode | discovered ? | prod started ? | size: n/a | src: DOGAMI MILO-4 ID_07370</description><styleUrl>#milo_gold</styleUrl><Point><coordinates>-122.334805,44.208466,0</coordinates></Point></Placemark><Placemark><name>Tri-Metals</name><description>MILO gold | gold | unknown | discovered ? | prod started ? | size: n/a | src: DOGAMI MILO-4 ID_07371</description><styleUrl>#milo_gold</styleUrl><Point><coordinates>-122.325373,44.198627,0</coordinates></Point></Placemark><Placemark><name>Great Western</name><description>MILO gold | gold, silver | lode | discovered ? | prod started ? | size: n/a | src: DOGAMI MILO-4 ID_07372</description><styleUrl>#milo_gold</styleUrl><Point><coordinates>-122.311787,44.188559,0</coordinates></Point></Placemark><Placemark><name>Jry Group</name><description>MILO gold | gold | unknown | discovered ? | prod started ? | size: n/a | src: DOGAMI MILO-4 ID_07373</description><styleUrl>#milo_gold</styleUrl><Point><coordinates>-122.303480,44.184045,0</coordinates></Point></Placemark><Placemark><name>Last Chance Claim</name><description>MILO gold | gold, silver | lode | discovered ? | prod started ? | size: n/a | src: DOGAMI MILO-4 ID_07375</description><styleUrl>#milo_gold</styleUrl><Point><coordinates>-122.330354,44.222754,0</coordinates></Point></Placemark><Placemark><name>Great Northern (lower adit)</name><description>MILO gold | gold, silver, manganese | lode | discovered ? | prod started ? | size: small | src: DOGAMI MILO-4 ID_21195</description><styleUrl>#milo_gold</styleUrl><Point><coordinates>-122.344052,44.233649,0</coordinates></Point></Placemark><Placemark><name>unnamed or NA</name><description>MILO gold | gold | lode | discovered ? | prod started ? | size: n/a | src: DOGAMI MILO-4 ID_21269</description><styleUrl>#milo_gold</styleUrl><Point><coordinates>-122.348973,44.230848,0</coordinates></Point></Placemark><Placemark><name>unnamed or NA</name><description>MILO gold | gold | lode | discovered ? | prod started ? | size: n/a | src: DOGAMI MILO-4 ID_21270</description><styleUrl>#milo_gold</styleUrl><Point><coordinates>-122.348404,44.230280,0</coordinates></Point></Placemark><Placemark><name>unnamed or NA</name><description>MILO gold | gold | lode | discovered ? | prod started ? | size: n/a | src: DOGAMI MILO-4 ID_21271</description><styleUrl>#milo_gold</styleUrl><Point><coordinates>-122.345638,44.228850,0</coordinates></Point></Placemark><Placemark><name>unnamed or NA</name><description>MILO gold | gold | lode | discovered ? | prod started ? | size: n/a | src: DOGAMI MILO-4 ID_21272</description><styleUrl>#milo_gold</styleUrl><Point><coordinates>-122.345516,44.228798,0</coordinates></Point></Placemark><Placemark><name>unnamed or NA</name><description>MILO gold | gold | lode | discovered ? | prod started ? | size: n/a | src: DOGAMI MILO-4 ID_21273</description><styleUrl>#milo_gold</styleUrl><Point><coordinates>-122.343812,44.228032,0</coordinates></Point></Placemark><Placemark><name>unnamed or NA</name><description>MILO gold | gold | lode | discovered ? | prod started ? | size: n/a | src: DOGAMI MILO-4 ID_21274</description><styleUrl>#milo_gold</styleUrl><Point><coordinates>-122.345688,44.227423,0</coordinates></Point></Placemark><Placemark><name>unnamed or NA</name><description>MILO gold | gold | lode | discovered ? | prod started ? | size: n/a | src: DOGAMI MILO-4 ID_21275</description><styleUrl>#milo_gold</styleUrl><Point><coordinates>-122.346060,44.227443,0</coordinates></Point></Placemark><Placemark><name>unnamed or NA</name><description>MILO gold | gold | lode | discovered ? | prod started ? | size: n/a | src: DOGAMI MILO-4 ID_21276</description><styleUrl>#milo_gold</styleUrl><Point><coordinates>-122.345103,44.227580,0</coordinates></Point></Placemark><Placemark><name>unnamed or NA</name><description>MILO gold | gold | lode | discovered ? | prod started ? | size: n/a | src: DOGAMI MILO-4 ID_21277</description><styleUrl>#milo_gold</styleUrl><Point><coordinates>-122.344444,44.227462,0</coordinates></Point></Placemark><Placemark><name>unnamed or NA</name><description>MILO gold | gold | lode | discovered ? | prod started ? | size: n/a | src: DOGAMI MILO-4 ID_21278</description><styleUrl>#milo_gold</styleUrl><Point><coordinates>-122.342753,44.226160,0</coordinates></Point></Placemark><Placemark><name>Poorman Claim Cut</name><description>MILO gold | gold, silver | unknown | discovered ? | prod started ? | size: n/a | src: DOGAMI MILO-4 ID_21279</description><styleUrl>#milo_gold</styleUrl><Point><coordinates>-122.365154,44.217015,0</coordinates></Point></Placemark><Placemark><name>Eavning Claim Disc Cut</name><description>MILO gold | gold, silver | unknown | discovered ? | prod started ? | size: n/a | src: DOGAMI MILO-4 ID_21280</description><styleUrl>#milo_gold</styleUrl><Point><coordinates>-122.359423,44.212499,0</coordinates></Point></Placemark><Placemark><name>Morning Claim Cut</name><description>MILO gold | gold, silver | unknown | discovered ? | prod started ? | size: n/a | src: DOGAMI MILO-4 ID_21281</description><styleUrl>#milo_gold</styleUrl><Point><coordinates>-122.359144,44.212115,0</coordinates></Point></Placemark><Placemark><name>Morning Claim Cut</name><description>MILO gold | gold, silver | unknown | discovered ? | prod started ? | size: n/a | src: DOGAMI MILO-4 ID_21282</description><styleUrl>#milo_gold</styleUrl><Point><coordinates>-122.358911,44.211813,0</coordinates></Point></Placemark><Placemark><name>Discovery Shaft No.1 (Crede No.2 claim)</name><description>MILO gold | gold, silver | unknown | discovered ? | prod started ? | size: n/a | src: DOGAMI MILO-4 ID_21283</description><styleUrl>#milo_gold</styleUrl><Point><coordinates>-122.357534,44.214229,0</coordinates></Point></Placemark><Placemark><name>prospect</name><description>MILO gold | gold, silver | unknown | discovered ? | prod started ? | size: n/a | src: DOGAMI MILO-4 ID_21284</description><styleUrl>#milo_gold</styleUrl><Point><coordinates>-122.357095,44.214171,0</coordinates></Point></Placemark><Placemark><name>Leonard Claim Cut 4</name><description>MILO gold | gold, silver | unknown | discovered ? | prod started ? | size: n/a | src: DOGAMI MILO-4 ID_21679</description><styleUrl>#milo_gold</styleUrl><Point><coordinates>-122.358100,44.204939,0</coordinates></Point></Placemark><Placemark><name>Leonard Claim Cut 3</name><description>MILO gold | gold, silver | unknown | discovered ? | prod started ? | size: n/a | src: DOGAMI MILO-4 ID_21680</description><styleUrl>#milo_gold</styleUrl><Point><coordinates>-122.357975,44.205070,0</coordinates></Point></Placemark><Placemark><name>Leonard Claim Cut 2</name><description>MILO gold | gold, silver | unknown | discovered ? | prod started ? | size: n/a | src: DOGAMI MILO-4 ID_21681</description><styleUrl>#milo_gold</styleUrl><Point><coordinates>-122.357963,44.205474,0</coordinates></Point></Placemark><Placemark><name>Leonard Claim Cut 1</name><description>MILO gold | gold, silver | unknown | discovered ? | prod started ? | size: n/a | src: DOGAMI MILO-4 ID_21682</description><styleUrl>#milo_gold</styleUrl><Point><coordinates>-122.358406,44.205667,0</coordinates></Point></Placemark><Placemark><name>Leonard Claim Cut 5</name><description>MILO gold | gold, silver | unknown | discovered ? | prod started ? | size: n/a | src: DOGAMI MILO-4 ID_21683</description><styleUrl>#milo_gold</styleUrl><Point><coordinates>-122.358672,44.205913,0</coordinates></Point></Placemark><Placemark><name>Leonard Claim Discovery Cut</name><description>MILO gold | gold, silver | unknown | discovered ? | prod started ? | size: n/a | src: DOGAMI MILO-4 ID_21684</description><styleUrl>#milo_gold</styleUrl><Point><coordinates>-122.360700,44.207633,0</coordinates></Point></Placemark><Placemark><name>Durango Claim Cut No.3</name><description>MILO gold | gold, silver | unknown | discovered ? | prod started ? | size: n/a | src: DOGAMI MILO-4 ID_21685</description><styleUrl>#milo_gold</styleUrl><Point><coordinates>-122.362802,44.209800,0</coordinates></Point></Placemark><Placemark><name>Durango Claim Disc. Cut and Tunnel No.1</name><description>MILO gold | gold, silver | unknown | discovered ? | prod started ? | size: n/a | src: DOGAMI MILO-4 ID_21686</description><styleUrl>#milo_gold</styleUrl><Point><coordinates>-122.361692,44.209272,0</coordinates></Point></Placemark><Placemark><name>Durango Claim Shaft</name><description>MILO gold | gold, silver | unknown | discovered ? | prod started ? | size: n/a | src: DOGAMI MILO-4 ID_21687</description><styleUrl>#milo_gold</styleUrl><Point><coordinates>-122.362259,44.209487,0</coordinates></Point></Placemark><Placemark><name>Durango Claim Tunnel No.4</name><description>MILO gold | gold, silver | unknown | discovered ? | prod started ? | size: n/a | src: DOGAMI MILO-4 ID_21688</description><styleUrl>#milo_gold</styleUrl><Point><coordinates>-122.361549,44.209458,0</coordinates></Point></Placemark><Placemark><name>Durango Claim Tunnel No.2</name><description>MILO gold | gold, silver | unknown | discovered ? | prod started ? | size: n/a | src: DOGAMI MILO-4 ID_21689</description><styleUrl>#milo_gold</styleUrl><Point><coordinates>-122.362436,44.209008,0</coordinates></Point></Placemark><Placemark><name>Lucky Boy Disc. Cut and Tunnel No.1</name><description>MILO gold | gold, silver, copper, lead, zinc, antimony | lode | discovered 1887 | prod started ? | size: small | src: DOGAMI MILO-4 ID_21690</description><styleUrl>#milo_gold</styleUrl><Point><coordinates>-122.342394,44.211573,0</coordinates></Point></Placemark><Placemark><name>Lucky Queen Claim Cut and Tunnel No.?</name><description>MILO gold | gold, silver, copper, lead, zinc, antimony | lode | discovered 1887 | prod started ? | size: small | src: DOGAMI MILO-4 ID_21691</description><styleUrl>#milo_gold</styleUrl><Point><coordinates>-122.345004,44.209874,0</coordinates></Point></Placemark><Placemark><name>Majestic Claim Cut and Tunnel No.3</name><description>MILO gold | gold, silver, copper, lead, zinc, antimony | lode | discovered 1887 | prod started ? | size: small | src: DOGAMI MILO-4 ID_21692</description><styleUrl>#milo_gold</styleUrl><Point><coordinates>-122.342662,44.208118,0</coordinates></Point></Placemark><Placemark><name>Majestic Claim Disc. Cut No.1</name><description>MILO gold | gold, silver, copper, lead, zinc, antimony | lode | discovered 1887 | prod started ? | size: small | src: DOGAMI MILO-4 ID_21693</description><styleUrl>#milo_gold</styleUrl><Point><coordinates>-122.342970,44.207576,0</coordinates></Point></Placemark><Placemark><name>S.P. Claim Tunnel and Cut No.8</name><description>MILO gold | gold, silver, copper, lead, zinc, antimony | lode | discovered 1887 | prod started ? | size: small | src: DOGAMI MILO-4 ID_21694</description><styleUrl>#milo_gold</styleUrl><Point><coordinates>-122.347912,44.207611,0</coordinates></Point></Placemark><Placemark><name>S.P. Claim Shaft No.5</name><description>MILO gold | gold, silver, copper, lead, zinc, antimony | lode | discovered 1887 | prod started ? | size: small | src: DOGAMI MILO-4 ID_21695</description><styleUrl>#milo_gold</styleUrl><Point><coordinates>-122.346986,44.207900,0</coordinates></Point></Placemark><Placemark><name>S.P. Claim Tunnel and Cut No.4</name><description>MILO gold | gold, silver, copper, lead, zinc, antimony | lode | discovered 1887 | prod started ? | size: small | src: DOGAMI MILO-4 ID_21696</description><styleUrl>#milo_gold</styleUrl><Point><coordinates>-122.348987,44.208082,0</coordinates></Point></Placemark><Placemark><name>Boodle Claim Cut No.1</name><description>MILO gold | gold, silver, copper, lead, zinc, antimony | lode | discovered 1887 | prod started ? | size: small | src: DOGAMI MILO-4 ID_21697</description><styleUrl>#milo_gold</styleUrl><Point><coordinates>-122.343520,44.210042,0</coordinates></Point></Placemark><Placemark><name>Lucky Queen Claim Tunnel and Cut No.3</name><description>MILO gold | gold, silver, copper, lead, zinc, antimony | lode | discovered 1887 | prod started ? | size: small | src: DOGAMI MILO-4 ID_21698</description><styleUrl>#milo_gold</styleUrl><Point><coordinates>-122.349047,44.208632,0</coordinates></Point></Placemark><Placemark><name>Lucky Queen Claim Tunnel and Cut No.1</name><description>MILO gold | gold, silver, copper, lead, zinc, antimony | lode | discovered 1887 | prod started ? | size: small | src: DOGAMI MILO-4 ID_21699</description><styleUrl>#milo_gold</styleUrl><Point><coordinates>-122.349378,44.208895,0</coordinates></Point></Placemark><Placemark><name>Lucky Queen Claim Tunnel and Cut No.2</name><description>MILO gold | gold, silver, copper, lead, zinc, antimony | lode | discovered 1887 | prod started ? | size: small | src: DOGAMI MILO-4 ID_21700</description><styleUrl>#milo_gold</styleUrl><Point><coordinates>-122.349583,44.209476,0</coordinates></Point></Placemark><Placemark><name>Lucky Queen Claim Tunnel and Cut No.3</name><description>MILO gold | gold, silver, copper, lead, zinc, antimony | lode | discovered 1887 | prod started ? | size: small | src: DOGAMI MILO-4 ID_21701</description><styleUrl>#milo_gold</styleUrl><Point><coordinates>-122.346073,44.210179,0</coordinates></Point></Placemark><Placemark><name>Lucky Boy</name><description>MILO gold | gold, silver, copper, lead, zinc, antimony | lode | discovered 1887 | prod started ? | size: small | src: DOGAMI MILO-4 ID_21702</description><styleUrl>#milo_gold</styleUrl><Point><coordinates>-122.343282,44.211425,0</coordinates></Point></Placemark><Placemark><name>Lucky Boy</name><description>MILO gold | gold, silver, copper, lead, zinc, antimony | lode | discovered 1887 | prod started ? | size: small | src: DOGAMI MILO-4 ID_21703</description><styleUrl>#milo_gold</styleUrl><Point><coordinates>-122.343683,44.211972,0</coordinates></Point></Placemark><Placemark><name>Lucky Boy</name><description>MILO gold | gold, silver, copper, lead, zinc, antimony | lode | discovered 1887 | prod started ? | size: small | src: DOGAMI MILO-4 ID_21704</description><styleUrl>#milo_gold</styleUrl><Point><coordinates>-122.343396,44.211796,0</coordinates></Point></Placemark><Placemark><name>Lucky Boy</name><description>MILO gold | gold, silver, copper, lead, zinc, antimony | lode | discovered 1887 | prod started ? | size: small | src: DOGAMI MILO-4 ID_21705</description><styleUrl>#milo_gold</styleUrl><Point><coordinates>-122.343338,44.211600,0</coordinates></Point></Placemark><Placemark><name>Lucky Boy</name><description>MILO gold | gold, silver, copper, lead, zinc, antimony | lode | discovered 1887 | prod started ? | size: small | src: DOGAMI MILO-4 ID_21706</description><styleUrl>#milo_gold</styleUrl><Point><coordinates>-122.342357,44.210727,0</coordinates></Point></Placemark><Placemark><name>Louise Claim Disc. Cut</name><description>MILO gold | gold, silver | lode | discovered ? | prod started ? | size: n/a | src: DOGAMI MILO-4 ID_21707</description><styleUrl>#milo_gold</styleUrl><Point><coordinates>-122.347186,44.213751,0</coordinates></Point></Placemark><Placemark><name>Louise Claim Tunnel</name><description>MILO gold | gold, silver | lode | discovered ? | prod started ? | size: n/a | src: DOGAMI MILO-4 ID_21708</description><styleUrl>#milo_gold</styleUrl><Point><coordinates>-122.349895,44.216493,0</coordinates></Point></Placemark><Placemark><name>Louise Claim Tunnel No.1</name><description>MILO gold | gold, silver | lode | discovered ? | prod started ? | size: n/a | src: DOGAMI MILO-4 ID_21709</description><styleUrl>#milo_gold</styleUrl><Point><coordinates>-122.350149,44.215165,0</coordinates></Point></Placemark><Placemark><name>Louise Claim Tunnel No.3</name><description>MILO gold | gold, silver | lode | discovered ? | prod started ? | size: n/a | src: DOGAMI MILO-4 ID_21710</description><styleUrl>#milo_gold</styleUrl><Point><coordinates>-122.350035,44.215366,0</coordinates></Point></Placemark><Placemark><name>Louise Claim Tunnel No.2</name><description>MILO gold | gold, silver | lode | discovered ? | prod started ? | size: n/a | src: DOGAMI MILO-4 ID_21711</description><styleUrl>#milo_gold</styleUrl><Point><coordinates>-122.350080,44.215607,0</coordinates></Point></Placemark><Placemark><name>Gold Dollar Claim Disc. Cut</name><description>MILO gold | gold, silver | lode | discovered ? | prod started ? | size: n/a | src: DOGAMI MILO-4 ID_21712</description><styleUrl>#milo_gold</styleUrl><Point><coordinates>-122.349589,44.213545,0</coordinates></Point></Placemark><Placemark><name>Gold Dollar Claim</name><description>MILO gold | gold, silver | lode | discovered ? | prod started ? | size: n/a | src: DOGAMI MILO-4 ID_21713</description><styleUrl>#milo_gold</styleUrl><Point><coordinates>-122.350124,44.214763,0</coordinates></Point></Placemark><Placemark><name>Confidence Claim Disc. Cut</name><description>MILO gold | gold, silver, copper, lead, zinc, antimony | lode | discovered 1887 | prod started ? | size: small | src: DOGAMI MILO-4 ID_21714</description><styleUrl>#milo_gold</styleUrl><Point><coordinates>-122.343713,44.210310,0</coordinates></Point></Placemark><Placemark><name>Golconda Claim Tunnel</name><description>MILO gold | gold, silver | lode | discovered ? | prod started ? | size: small | src: DOGAMI MILO-4 ID_21715</description><styleUrl>#milo_gold</styleUrl><Point><coordinates>-122.368352,44.220425,0</coordinates></Point></Placemark><Placemark><name>Golconda Claim Tunnel</name><description>MILO gold | gold, silver | lode | discovered ? | prod started ? | size: small | src: DOGAMI MILO-4 ID_21716</description><styleUrl>#milo_gold</styleUrl><Point><coordinates>-122.369440,44.220541,0</coordinates></Point></Placemark><Placemark><name>The Helena Claim Disc. Cut</name><description>MILO gold | gold, silver | unknown | discovered ? | prod started ? | size: n/a | src: DOGAMI MILO-4 ID_21717</description><styleUrl>#milo_gold</styleUrl><Point><coordinates>-122.362899,44.216737,0</coordinates></Point></Placemark><Placemark><name>Poorman Claim Cut</name><description>MILO gold | gold, silver | unknown | discovered ? | prod started ? | size: n/a | src: DOGAMI MILO-4 ID_21718</description><styleUrl>#milo_gold</styleUrl><Point><coordinates>-122.365490,44.217124,0</coordinates></Point></Placemark><Placemark><name>Sound Money Claim Cut</name><description>MILO gold | gold, silver | unknown | discovered ? | prod started ? | size: n/a | src: DOGAMI MILO-4 ID_21719</description><styleUrl>#milo_gold</styleUrl><Point><coordinates>-122.365667,44.217234,0</coordinates></Point></Placemark><Placemark><name>Sound Money Claim Cut</name><description>MILO gold | gold, silver | unknown | discovered ? | prod started ? | size: n/a | src: DOGAMI MILO-4 ID_21720</description><styleUrl>#milo_gold</styleUrl><Point><coordinates>-122.365878,44.217350,0</coordinates></Point></Placemark><Placemark><name>Red Boy Claim Cut</name><description>MILO gold | gold, silver | unknown | discovered ? | prod started ? | size: n/a | src: DOGAMI MILO-4 ID_21721</description><styleUrl>#milo_gold</styleUrl><Point><coordinates>-122.365911,44.215783,0</coordinates></Point></Placemark><Placemark><name>Eavning Claim Cut No.5 and Tunnel No.2</name><description>MILO gold | gold, silver | unknown | discovered ? | prod started ? | size: n/a | src: DOGAMI MILO-4 ID_21722</description><styleUrl>#milo_gold</styleUrl><Point><coordinates>-122.360023,44.212894,0</coordinates></Point></Placemark><Placemark><name>Eavning Claim Cut No.5 and Tunnel No.2</name><description>MILO gold | gold, silver | unknown | discovered ? | prod started ? | size: n/a | src: DOGAMI MILO-4 ID_21723</description><styleUrl>#milo_gold</styleUrl><Point><coordinates>-122.360623,44.213266,0</coordinates></Point></Placemark><Placemark><name>Eavning Claim Cut No.4</name><description>MILO gold | gold, silver | unknown | discovered ? | prod started ? | size: n/a | src: DOGAMI MILO-4 ID_21724</description><styleUrl>#milo_gold</styleUrl><Point><coordinates>-122.362337,44.214162,0</coordinates></Point></Placemark><Placemark><name>Top Claim Shaft</name><description>MILO gold | gold, silver | unknown | discovered ? | prod started ? | size: n/a | src: DOGAMI MILO-4 ID_21725</description><styleUrl>#milo_gold</styleUrl><Point><coordinates>-122.356063,44.203996,0</coordinates></Point></Placemark><Placemark><name>Top Claim Cut</name><description>MILO gold | gold, silver | unknown | discovered ? | prod started ? | size: n/a | src: DOGAMI MILO-4 ID_21726</description><styleUrl>#milo_gold</styleUrl><Point><coordinates>-122.355728,44.204077,0</coordinates></Point></Placemark><Placemark><name>Oro Fino Claim Disc. Cut</name><description>MILO gold | gold, silver | unknown | discovered ? | prod started ? | size: n/a | src: DOGAMI MILO-4 ID_21727</description><styleUrl>#milo_gold</styleUrl><Point><coordinates>-122.353436,44.206231,0</coordinates></Point></Placemark><Placemark><name>Oro Fino Claim Cross Cut and Tunnel</name><description>MILO gold | gold, silver | unknown | discovered ? | prod started ? | size: n/a | src: DOGAMI MILO-4 ID_21728</description><styleUrl>#milo_gold</styleUrl><Point><coordinates>-122.353052,44.207488,0</coordinates></Point></Placemark><Placemark><name>Oro Fino Claim Tunnel</name><description>MILO gold | gold, silver | unknown | discovered ? | prod started ? | size: n/a | src: DOGAMI MILO-4 ID_21729</description><styleUrl>#milo_gold</styleUrl><Point><coordinates>-122.354331,44.207952,0</coordinates></Point></Placemark><Placemark><name>Lone Star Claim Disc Shaft</name><description>MILO gold | gold, silver | unknown | discovered ? | prod started ? | size: n/a | src: DOGAMI MILO-4 ID_21730</description><styleUrl>#milo_gold</styleUrl><Point><coordinates>-122.355989,44.212488,0</coordinates></Point></Placemark><Placemark><name>Lone Star Claim Cut</name><description>MILO gold | gold, silver | unknown | discovered ? | prod started ? | size: n/a | src: DOGAMI MILO-4 ID_21731</description><styleUrl>#milo_gold</styleUrl><Point><coordinates>-122.355829,44.212347,0</coordinates></Point></Placemark><Placemark><name>Lone Star Claim Tunnel Level No.2</name><description>MILO gold | gold, silver | unknown | discovered ? | prod started ? | size: n/a | src: DOGAMI MILO-4 ID_21732</description><styleUrl>#milo_gold</styleUrl><Point><coordinates>-122.355499,44.211872,0</coordinates></Point></Placemark><Placemark><name>Lone Star Claim Tunnel Level No.1</name><description>MILO gold | gold, silver | unknown | discovered ? | prod started ? | size: n/a | src: DOGAMI MILO-4 ID_21733</description><styleUrl>#milo_gold</styleUrl><Point><coordinates>-122.355706,44.212122,0</coordinates></Point></Placemark><Placemark><name>Lone Star Claim Cut</name><description>MILO gold | gold, silver | unknown | discovered ? | prod started ? | size: n/a | src: DOGAMI MILO-4 ID_21734</description><styleUrl>#milo_gold</styleUrl><Point><coordinates>-122.355143,44.210922,0</coordinates></Point></Placemark><Placemark><name>Shovel Blade Claim Disc. Cut and Tunnel No.4</name><description>MILO gold | gold, silver | unknown | discovered ? | prod started ? | size: n/a | src: DOGAMI MILO-4 ID_21735</description><styleUrl>#milo_gold</styleUrl><Point><coordinates>-122.352000,44.210169,0</coordinates></Point></Placemark><Placemark><name>Shovel Blade Claim Disc. Cut and Tunnel No.3</name><description>MILO gold | gold, silver | unknown | discovered ? | prod started ? | size: n/a | src: DOGAMI MILO-4 ID_21736</description><styleUrl>#milo_gold</styleUrl><Point><coordinates>-122.352733,44.210568,0</coordinates></Point></Placemark><Placemark><name>Shovel Blade Claim Disc. Cut and Tunnel No.1</name><description>MILO gold | gold, silver | unknown | discovered ? | prod started ? | size: n/a | src: DOGAMI MILO-4 ID_21737</description><styleUrl>#milo_gold</styleUrl><Point><coordinates>-122.353279,44.210731,0</coordinates></Point></Placemark><Placemark><name>Shovel Blade Claim Disc. Cut and Tunnel No.1</name><description>MILO gold | gold, silver | unknown | discovered ? | prod started ? | size: n/a | src: DOGAMI MILO-4 ID_21738</description><styleUrl>#milo_gold</styleUrl><Point><coordinates>-122.353801,44.211201,0</coordinates></Point></Placemark><Placemark><name>Havilla Claim Cut</name><description>MILO gold | gold, silver | unknown | discovered ? | prod started ? | size: n/a | src: DOGAMI MILO-4 ID_21739</description><styleUrl>#milo_gold</styleUrl><Point><coordinates>-122.355489,44.209161,0</coordinates></Point></Placemark><Placemark><name>Havilla Claim Disc. Cut and Tunnel</name><description>MILO gold | gold, silver | unknown | discovered ? | prod started ? | size: n/a | src: DOGAMI MILO-4 ID_21740</description><styleUrl>#milo_gold</styleUrl><Point><coordinates>-122.354333,44.209131,0</coordinates></Point></Placemark><Placemark><name>Havilla Claim Cut</name><description>MILO gold | gold, silver | unknown | discovered ? | prod started ? | size: n/a | src: DOGAMI MILO-4 ID_21741</description><styleUrl>#milo_gold</styleUrl><Point><coordinates>-122.355148,44.209098,0</coordinates></Point></Placemark><Placemark><name>Havilla Claim Tunnel Level No.4</name><description>MILO gold | gold, silver | unknown | discovered ? | prod started ? | size: n/a | src: DOGAMI MILO-4 ID_21742</description><styleUrl>#milo_gold</styleUrl><Point><coordinates>-122.354318,44.210104,0</coordinates></Point></Placemark><Placemark><name>Sunset Claim Cut and Tunnel No.4</name><description>MILO gold | gold, silver | lode | discovered ? | prod started ? | size: n/a | src: DOGAMI MILO-4 ID_21743</description><styleUrl>#milo_gold</styleUrl><Point><coordinates>-122.354525,44.213785,0</coordinates></Point></Placemark><Placemark><name>Sunset Claim Cut No.3</name><description>MILO gold | gold, silver | lode | discovered ? | prod started ? | size: n/a | src: DOGAMI MILO-4 ID_21744</description><styleUrl>#milo_gold</styleUrl><Point><coordinates>-122.354195,44.213723,0</coordinates></Point></Placemark><Placemark><name>Sunset Claim Cut and Tunnel No.5</name><description>MILO gold | gold, silver | lode | discovered ? | prod started ? | size: n/a | src: DOGAMI MILO-4 ID_21745</description><styleUrl>#milo_gold</styleUrl><Point><coordinates>-122.354804,44.213966,0</coordinates></Point></Placemark><Placemark><name>Sunset Claim Tunnel No.2</name><description>MILO gold | gold, silver | lode | discovered ? | prod started ? | size: n/a | src: DOGAMI MILO-4 ID_21746</description><styleUrl>#milo_gold</styleUrl><Point><coordinates>-122.353386,44.213521,0</coordinates></Point></Placemark><Placemark><name>Yankee Girl Tunnel No.3</name><description>MILO gold | gold, silver | lode | discovered ? | prod started ? | size: n/a | src: DOGAMI MILO-4 ID_21747</description><styleUrl>#milo_gold</styleUrl><Point><coordinates>-122.351199,44.212671,0</coordinates></Point></Placemark><Placemark><name>Yankee Girl Tunnel No.7</name><description>MILO gold | gold, silver | lode | discovered ? | prod started ? | size: n/a | src: DOGAMI MILO-4 ID_21748</description><styleUrl>#milo_gold</styleUrl><Point><coordinates>-122.351451,44.213086,0</coordinates></Point></Placemark><Placemark><name>Yankee Girl Tunnel No.6</name><description>MILO gold | gold, silver | lode | discovered ? | prod started ? | size: n/a | src: DOGAMI MILO-4 ID_21749</description><styleUrl>#milo_gold</styleUrl><Point><coordinates>-122.351546,44.213804,0</coordinates></Point></Placemark><Placemark><name>Yankee Girl Tunnel No.2</name><description>MILO gold | gold, silver | lode | discovered ? | prod started ? | size: n/a | src: DOGAMI MILO-4 ID_21750</description><styleUrl>#milo_gold</styleUrl><Point><coordinates>-122.352948,44.213272,0</coordinates></Point></Placemark><Placemark><name>Yankee Girl Disc. Cut No.1</name><description>MILO gold | gold, silver | lode | discovered ? | prod started ? | size: n/a | src: DOGAMI MILO-4 ID_21751</description><styleUrl>#milo_gold</styleUrl><Point><coordinates>-122.352587,44.214513,0</coordinates></Point></Placemark><Placemark><name>Yankee Girl Tunnel No.5</name><description>MILO gold | gold, silver | lode | discovered ? | prod started ? | size: n/a | src: DOGAMI MILO-4 ID_21752</description><styleUrl>#milo_gold</styleUrl><Point><coordinates>-122.352055,44.215940,0</coordinates></Point></Placemark><Placemark><name>Yankee Girl Tunnel No.4</name><description>MILO gold | gold, silver | lode | discovered ? | prod started ? | size: n/a | src: DOGAMI MILO-4 ID_21753</description><styleUrl>#milo_gold</styleUrl><Point><coordinates>-122.351912,44.214870,0</coordinates></Point></Placemark><Placemark><name>Sun Claim Tunnel No.5</name><description>MILO gold | gold, silver | lode | discovered ? | prod started ? | size: n/a | src: DOGAMI MILO-4 ID_21754</description><styleUrl>#milo_gold</styleUrl><Point><coordinates>-122.355168,44.217206,0</coordinates></Point></Placemark><Placemark><name>Sun Claim Cut No.5</name><description>MILO gold | gold, silver | lode | discovered ? | prod started ? | size: n/a | src: DOGAMI MILO-4 ID_21755</description><styleUrl>#milo_gold</styleUrl><Point><coordinates>-122.355078,44.216404,0</coordinates></Point></Placemark><Placemark><name>Sun Claim Tunnel No.5</name><description>MILO gold | gold, silver | lode | discovered ? | prod started ? | size: n/a | src: DOGAMI MILO-4 ID_21756</description><styleUrl>#milo_gold</styleUrl><Point><coordinates>-122.354033,44.216091,0</coordinates></Point></Placemark><Placemark><name>Sun Claim Tunnel No.3</name><description>MILO gold | gold, silver | lode | discovered ? | prod started ? | size: n/a | src: DOGAMI MILO-4 ID_21757</description><styleUrl>#milo_gold</styleUrl><Point><coordinates>-122.354015,44.215773,0</coordinates></Point></Placemark><Placemark><name>Sun Claim Tunnel No.2</name><description>MILO gold | gold, silver | lode | discovered ? | prod started ? | size: n/a | src: DOGAMI MILO-4 ID_21758</description><styleUrl>#milo_gold</styleUrl><Point><coordinates>-122.353670,44.215452,0</coordinates></Point></Placemark><Placemark><name>Grubstake Claim Disc. Cut and Tunnel No.1</name><description>MILO gold | gold, silver | lode | discovered ? | prod started ? | size: n/a | src: DOGAMI MILO-4 ID_21759</description><styleUrl>#milo_gold</styleUrl><Point><coordinates>-122.353797,44.220931,0</coordinates></Point></Placemark><Placemark><name>Dewey Claim Disc. Cut and Tunnel No.1</name><description>MILO gold | gold, silver | lode | discovered ? | prod started ? | size: n/a | src: DOGAMI MILO-4 ID_21760</description><styleUrl>#milo_gold</styleUrl><Point><coordinates>-122.354174,44.217488,0</coordinates></Point></Placemark><Placemark><name>Idaho Claim Cut No.1</name><description>MILO gold | gold, silver | lode | discovered ? | prod started ? | size: n/a | src: DOGAMI MILO-4 ID_21761</description><styleUrl>#milo_gold</styleUrl><Point><coordinates>-122.352023,44.218010,0</coordinates></Point></Placemark><Placemark><name>Idaho Claim Cut No.3</name><description>MILO gold | gold, silver | lode | discovered ? | prod started ? | size: n/a | src: DOGAMI MILO-4 ID_21762</description><styleUrl>#milo_gold</styleUrl><Point><coordinates>-122.351821,44.218294,0</coordinates></Point></Placemark><Placemark><name>Idaho Claim Tunnel No.2</name><description>MILO gold | gold, silver | lode | discovered ? | prod started ? | size: n/a | src: DOGAMI MILO-4 ID_21763</description><styleUrl>#milo_gold</styleUrl><Point><coordinates>-122.351751,44.218545,0</coordinates></Point></Placemark><Placemark><name>Idaho Claim Cut No.4</name><description>MILO gold | gold, silver | lode | discovered ? | prod started ? | size: n/a | src: DOGAMI MILO-4 ID_21764</description><styleUrl>#milo_gold</styleUrl><Point><coordinates>-122.351977,44.218716,0</coordinates></Point></Placemark><Placemark><name>Idaho Claim Tunnel No.7</name><description>MILO gold | gold, silver | lode | discovered ? | prod started ? | size: n/a | src: DOGAMI MILO-4 ID_21765</description><styleUrl>#milo_gold</styleUrl><Point><coordinates>-122.353157,44.219470,0</coordinates></Point></Placemark><Placemark><name>Idaho Claim Cut No.8</name><description>MILO gold | gold, silver | lode | discovered ? | prod started ? | size: n/a | src: DOGAMI MILO-4 ID_21766</description><styleUrl>#milo_gold</styleUrl><Point><coordinates>-122.353856,44.219364,0</coordinates></Point></Placemark><Placemark><name>Idaho Claim Cut No.6</name><description>MILO gold | gold, silver | lode | discovered ? | prod started ? | size: n/a | src: DOGAMI MILO-4 ID_21767</description><styleUrl>#milo_gold</styleUrl><Point><coordinates>-122.353637,44.219565,0</coordinates></Point></Placemark><Placemark><name>Idaho Claim Cut No.5</name><description>MILO gold | gold, silver | lode | discovered ? | prod started ? | size: n/a | src: DOGAMI MILO-4 ID_21768</description><styleUrl>#milo_gold</styleUrl><Point><coordinates>-122.353847,44.219723,0</coordinates></Point></Placemark><Placemark><name>Dewey Claim Tunnel No.3</name><description>MILO gold | gold, silver | lode | discovered ? | prod started ? | size: n/a | src: DOGAMI MILO-4 ID_21769</description><styleUrl>#milo_gold</styleUrl><Point><coordinates>-122.356777,44.219125,0</coordinates></Point></Placemark><Placemark><name>Dewey Claim Cut No.5</name><description>MILO gold | gold, silver | lode | discovered ? | prod started ? | size: n/a | src: DOGAMI MILO-4 ID_21770</description><styleUrl>#milo_gold</styleUrl><Point><coordinates>-122.356120,44.219053,0</coordinates></Point></Placemark><Placemark><name>Huckleberry Claim Disc. Tunnel No.1</name><description>MILO gold | gold, silver | lode | discovered ? | prod started ? | size: n/a | src: DOGAMI MILO-4 ID_21771</description><styleUrl>#milo_gold</styleUrl><Point><coordinates>-122.357174,44.219262,0</coordinates></Point></Placemark><Placemark><name>Huckleberry Claim Cut No.4</name><description>MILO gold | gold, silver | lode | discovered ? | prod started ? | size: n/a | src: DOGAMI MILO-4 ID_21772</description><styleUrl>#milo_gold</styleUrl><Point><coordinates>-122.359793,44.222349,0</coordinates></Point></Placemark><Placemark><name>Huckleberry Claim Shaft No.3</name><description>MILO gold | gold, silver | lode | discovered ? | prod started ? | size: n/a | src: DOGAMI MILO-4 ID_21773</description><styleUrl>#milo_gold</styleUrl><Point><coordinates>-122.358171,44.220005,0</coordinates></Point></Placemark><Placemark><name>Huckleberry Claim Tunnel No.2</name><description>MILO gold | gold, silver | lode | discovered ? | prod started ? | size: n/a | src: DOGAMI MILO-4 ID_21774</description><styleUrl>#milo_gold</styleUrl><Point><coordinates>-122.358417,44.221339,0</coordinates></Point></Placemark><Placemark><name>Geneva Claim Tunnel No.2</name><description>MILO gold | gold, silver | lode | discovered ? | prod started ? | size: n/a | src: DOGAMI MILO-4 ID_21775</description><styleUrl>#milo_gold</styleUrl><Point><coordinates>-122.354833,44.219990,0</coordinates></Point></Placemark><Placemark><name>Geneva Claim Tunnel No.3</name><description>MILO gold | gold, silver | lode | discovered ? | prod started ? | size: n/a | src: DOGAMI MILO-4 ID_21776</description><styleUrl>#milo_gold</styleUrl><Point><coordinates>-122.354331,44.219691,0</coordinates></Point></Placemark><Placemark><name>Geneva Claim Cut No.4</name><description>MILO gold | gold, silver | lode | discovered ? | prod started ? | size: n/a | src: DOGAMI MILO-4 ID_21777</description><styleUrl>#milo_gold</styleUrl><Point><coordinates>-122.354186,44.219559,0</coordinates></Point></Placemark><Placemark><name>The Badger Claim Tunnel No.1</name><description>MILO gold | gold, silver | lode | discovered ? | prod started ? | size: n/a | src: DOGAMI MILO-4 ID_21778</description><styleUrl>#milo_gold</styleUrl><Point><coordinates>-122.358655,44.217251,0</coordinates></Point></Placemark><Placemark><name>The Badger Claim Cut No.2</name><description>MILO gold | gold, silver | lode | discovered ? | prod started ? | size: n/a | src: DOGAMI MILO-4 ID_21779</description><styleUrl>#milo_gold</styleUrl><Point><coordinates>-122.358203,44.216929,0</coordinates></Point></Placemark><Placemark><name>The Badger Claim Tunnel No.3</name><description>MILO gold | gold, silver | lode | discovered ? | prod started ? | size: n/a | src: DOGAMI MILO-4 ID_21780</description><styleUrl>#milo_gold</styleUrl><Point><coordinates>-122.357884,44.216488,0</coordinates></Point></Placemark><Placemark><name>The Badger Claim Shaft</name><description>MILO gold | gold, silver | lode | discovered ? | prod started ? | size: n/a | src: DOGAMI MILO-4 ID_21781</description><styleUrl>#milo_gold</styleUrl><Point><coordinates>-122.357269,44.215756,0</coordinates></Point></Placemark><Placemark><name>The Badger Claim Disc. Tunnel</name><description>MILO gold | gold, silver | lode | discovered ? | prod started ? | size: n/a | src: DOGAMI MILO-4 ID_21782</description><styleUrl>#milo_gold</styleUrl><Point><coordinates>-122.358714,44.217388,0</coordinates></Point></Placemark><Placemark><name>Yamhill Claim</name><description>MILO gold | gold, silver | lode | discovered ? | prod started ? | size: n/a | src: DOGAMI MILO-4 ID_21783</description><styleUrl>#milo_gold</styleUrl><Point><coordinates>-122.362022,44.217899,0</coordinates></Point></Placemark><Placemark><name>Yamhill Claim</name><description>MILO gold | gold, silver | lode | discovered ? | prod started ? | size: n/a | src: DOGAMI MILO-4 ID_21784</description><styleUrl>#milo_gold</styleUrl><Point><coordinates>-122.361945,44.218615,0</coordinates></Point></Placemark><Placemark><name>Southern Pacific Claim</name><description>MILO gold | gold, silver | lode | discovered ? | prod started ? | size: n/a | src: DOGAMI MILO-4 ID_21785</description><styleUrl>#milo_gold</styleUrl><Point><coordinates>-122.360709,44.219562,0</coordinates></Point></Placemark><Placemark><name>Chief Claim, Cut and Shaft</name><description>MILO gold | gold, silver, zinc | lode | discovered ? | prod started ? | size: n/a | src: DOGAMI MILO-4 ID_21786</description><styleUrl>#milo_gold</styleUrl><Point><coordinates>-122.330164,44.229296,0</coordinates></Point></Placemark><Placemark><name>Chief Claim, Cut</name><description>MILO gold | gold, silver, zinc | lode | discovered ? | prod started ? | size: n/a | src: DOGAMI MILO-4 ID_21787</description><styleUrl>#milo_gold</styleUrl><Point><coordinates>-122.329082,44.226501,0</coordinates></Point></Placemark><Placemark><name>Chief Claim, Disc. Cut</name><description>MILO gold | gold, silver, zinc | lode | discovered ? | prod started ? | size: n/a | src: DOGAMI MILO-4 ID_21788</description><styleUrl>#milo_gold</styleUrl><Point><coordinates>-122.329314,44.227710,0</coordinates></Point></Placemark><Placemark><name>Chief Claim, Cut</name><description>MILO gold | gold, silver, zinc | lode | discovered ? | prod started ? | size: n/a | src: DOGAMI MILO-4 ID_21789</description><styleUrl>#milo_gold</styleUrl><Point><coordinates>-122.329788,44.227777,0</coordinates></Point></Placemark><Placemark><name>Chief Claim, Cut</name><description>MILO gold | gold, silver, zinc | lode | discovered ? | prod started ? | size: n/a | src: DOGAMI MILO-4 ID_21790</description><styleUrl>#milo_gold</styleUrl><Point><coordinates>-122.329501,44.228270,0</coordinates></Point></Placemark><Placemark><name>Cinderella Cut</name><description>MILO gold | gold, manganese | lode | discovered ? | prod started ? | size: small | src: DOGAMI MILO-4 ID_21791</description><styleUrl>#milo_gold</styleUrl><Point><coordinates>-122.332678,44.233097,0</coordinates></Point></Placemark><Placemark><name>Cinderella Cut</name><description>MILO gold | gold, manganese | lode | discovered ? | prod started ? | size: small | src: DOGAMI MILO-4 ID_21792</description><styleUrl>#milo_gold</styleUrl><Point><coordinates>-122.329965,44.230549,0</coordinates></Point></Placemark><Placemark><name>Cinderella Cut</name><description>MILO gold | gold, manganese | lode | discovered ? | prod started ? | size: small | src: DOGAMI MILO-4 ID_21793</description><styleUrl>#milo_gold</styleUrl><Point><coordinates>-122.331438,44.230834,0</coordinates></Point></Placemark><Placemark><name>Cinderella Tunnel</name><description>MILO gold | gold, manganese | lode | discovered ? | prod started ? | size: small | src: DOGAMI MILO-4 ID_21794</description><styleUrl>#milo_gold</styleUrl><Point><coordinates>-122.331708,44.231028,0</coordinates></Point></Placemark><Placemark><name>Cinderella Tunnel</name><description>MILO gold | gold, manganese | lode | discovered ? | prod started ? | size: small | src: DOGAMI MILO-4 ID_21795</description><styleUrl>#milo_gold</styleUrl><Point><coordinates>-122.331213,44.231324,0</coordinates></Point></Placemark><Placemark><name>Cinderella Tunnel</name><description>MILO gold | gold, manganese | lode | discovered ? | prod started ? | size: small | src: DOGAMI MILO-4 ID_21796</description><styleUrl>#milo_gold</styleUrl><Point><coordinates>-122.332006,44.231362,0</coordinates></Point></Placemark><Placemark><name>Great Eastern, Cut</name><description>MILO gold | gold, silver | lode | discovered ? | prod started ? | size: n/a | src: DOGAMI MILO-4 ID_21816</description><styleUrl>#milo_gold</styleUrl><Point><coordinates>-122.328603,44.236508,0</coordinates></Point></Placemark><Placemark><name>Great Eastern Claim, Cut</name><description>MILO gold | gold, silver | lode | discovered ? | prod started ? | size: n/a | src: DOGAMI MILO-4 ID_21817</description><styleUrl>#milo_gold</styleUrl><Point><coordinates>-122.328157,44.235872,0</coordinates></Point></Placemark><Placemark><name>unnamed or NA</name><description>MILO gold | gold, silver | lode | discovered ? | prod started ? | size: n/a | src: DOGAMI MILO-4 ID_21821</description><styleUrl>#milo_gold</styleUrl><Point><coordinates>-122.355468,44.224859,0</coordinates></Point></Placemark><Placemark><name>unnamed or NA</name><description>MILO gold | gold, silver | lode | discovered ? | prod started ? | size: n/a | src: DOGAMI MILO-4 ID_21822</description><styleUrl>#milo_gold</styleUrl><Point><coordinates>-122.358857,44.226484,0</coordinates></Point></Placemark><Placemark><name>unnamed or NA</name><description>MILO gold | gold, silver | lode | discovered ? | prod started ? | size: n/a | src: DOGAMI MILO-4 ID_21823</description><styleUrl>#milo_gold</styleUrl><Point><coordinates>-122.359430,44.226260,0</coordinates></Point></Placemark><Placemark><name>unnamed or NA</name><description>MILO gold | gold, silver | lode | discovered ? | prod started ? | size: n/a | src: DOGAMI MILO-4 ID_21824</description><styleUrl>#milo_gold</styleUrl><Point><coordinates>-122.356851,44.223527,0</coordinates></Point></Placemark><Placemark><name>unnamed or NA</name><description>MILO gold | gold, silver | lode | discovered ? | prod started ? | size: n/a | src: DOGAMI MILO-4 ID_21825</description><styleUrl>#milo_gold</styleUrl><Point><coordinates>-122.358464,44.225037,0</coordinates></Point></Placemark><Placemark><name>unnamed or NA</name><description>MILO gold | gold, silver | lode | discovered ? | prod started ? | size: n/a | src: DOGAMI MILO-4 ID_21826</description><styleUrl>#milo_gold</styleUrl><Point><coordinates>-122.358223,44.223719,0</coordinates></Point></Placemark><Placemark><name>unnamed or NA</name><description>MILO gold | gold, silver | lode | discovered ? | prod started ? | size: n/a | src: DOGAMI MILO-4 ID_21827</description><styleUrl>#milo_gold</styleUrl><Point><coordinates>-122.358009,44.228602,0</coordinates></Point></Placemark><Placemark><name>Rialto</name><description>MILO gold | gold, silver | lode | discovered ? | prod started ? | size: n/a | src: DOGAMI MILO-4 ID_21828</description><styleUrl>#milo_gold</styleUrl><Point><coordinates>-122.335599,44.224143,0</coordinates></Point></Placemark><Placemark><name>Rialto</name><description>MILO gold | gold, silver | lode | discovered ? | prod started ? | size: n/a | src: DOGAMI MILO-4 ID_21829</description><styleUrl>#milo_gold</styleUrl><Point><coordinates>-122.336236,44.225238,0</coordinates></Point></Placemark><Placemark><name>Rialto</name><description>MILO gold | gold, silver | lode | discovered ? | prod started ? | size: n/a | src: DOGAMI MILO-4 ID_21830</description><styleUrl>#milo_gold</styleUrl><Point><coordinates>-122.335763,44.224424,0</coordinates></Point></Placemark><Placemark><name>Rialto</name><description>MILO gold | gold, silver | lode | discovered ? | prod started ? | size: n/a | src: DOGAMI MILO-4 ID_21831</description><styleUrl>#milo_gold</styleUrl><Point><coordinates>-122.338510,44.226326,0</coordinates></Point></Placemark><Placemark><name>unnamed or NA</name><description>MILO gold | gold, silver | lode | discovered ? | prod started ? | size: n/a | src: DOGAMI MILO-4 ID_21833</description><styleUrl>#milo_gold</styleUrl><Point><coordinates>-122.342908,44.203345,0</coordinates></Point></Placemark><Placemark><name>unnamed or NA</name><description>MILO gold | gold, silver | lode | discovered ? | prod started ? | size: n/a | src: DOGAMI MILO-4 ID_21834</description><styleUrl>#milo_gold</styleUrl><Point><coordinates>-122.342564,44.202671,0</coordinates></Point></Placemark><Placemark><name>unnamed or NA</name><description>MILO gold | gold, silver | lode | discovered ? | prod started ? | size: n/a | src: DOGAMI MILO-4 ID_21835</description><styleUrl>#milo_gold</styleUrl><Point><coordinates>-122.342386,44.202013,0</coordinates></Point></Placemark><Placemark><name>Reaf Claim, Cut</name><description>MILO gold | gold | lode | discovered ? | prod started ? | size: n/a | src: DOGAMI MILO-4 ID_21836</description><styleUrl>#milo_gold</styleUrl><Point><coordinates>-122.379788,44.207994,0</coordinates></Point></Placemark><Placemark><name>Reaf Claim, Cut</name><description>MILO gold | gold | lode | discovered ? | prod started ? | size: n/a | src: DOGAMI MILO-4 ID_21837</description><styleUrl>#milo_gold</styleUrl><Point><coordinates>-122.380994,44.208549,0</coordinates></Point></Placemark><Placemark><name>Reaf Claim, Cut</name><description>MILO gold | gold | lode | discovered ? | prod started ? | size: n/a | src: DOGAMI MILO-4 ID_21838</description><styleUrl>#milo_gold</styleUrl><Point><coordinates>-122.380566,44.207828,0</coordinates></Point></Placemark><Placemark><name>Reaf Claim, Tunnel</name><description>MILO gold | gold | lode | discovered ? | prod started ? | size: n/a | src: DOGAMI MILO-4 ID_21839</description><styleUrl>#milo_gold</styleUrl><Point><coordinates>-122.380292,44.208077,0</coordinates></Point></Placemark><Placemark><name>Lucky Dog Strike Claim</name><description>MILO gold | gold, silver | lode | discovered ? | prod started ? | size: n/a | src: DOGAMI MILO-4 ID_21840</description><styleUrl>#milo_gold</styleUrl><Point><coordinates>-122.371861,44.205492,0</coordinates></Point></Placemark><Placemark><name>Lucky Dog Strike Claim</name><description>MILO gold | gold, silver | lode | discovered ? | prod started ? | size: n/a | src: DOGAMI MILO-4 ID_21841</description><styleUrl>#milo_gold</styleUrl><Point><coordinates>-122.372032,44.205660,0</coordinates></Point></Placemark><Placemark><name>Lucky Dog Strike Claim</name><description>MILO gold | gold, silver | lode | discovered ? | prod started ? | size: n/a | src: DOGAMI MILO-4 ID_21842</description><styleUrl>#milo_gold</styleUrl><Point><coordinates>-122.372177,44.205858,0</coordinates></Point></Placemark><Placemark><name>unnamed or NA</name><description>MILO gold | gold, silver | lode | discovered ? | prod started ? | size: n/a | src: DOGAMI MILO-4 ID_21843</description><styleUrl>#milo_gold</styleUrl><Point><coordinates>-122.372281,44.205995,0</coordinates></Point></Placemark><Placemark><name>unnamed or NA</name><description>MILO gold | gold, silver | lode | discovered ? | prod started ? | size: n/a | src: DOGAMI MILO-4 ID_21844</description><styleUrl>#milo_gold</styleUrl><Point><coordinates>-122.367029,44.203913,0</coordinates></Point></Placemark><Placemark><name>unnamed or NA</name><description>MILO gold | gold, silver | lode | discovered ? | prod started ? | size: n/a | src: DOGAMI MILO-4 ID_21845</description><styleUrl>#milo_gold</styleUrl><Point><coordinates>-122.366891,44.203864,0</coordinates></Point></Placemark><Placemark><name>unnamed or NA</name><description>MILO gold | gold, silver | lode | discovered ? | prod started ? | size: n/a | src: DOGAMI MILO-4 ID_21846</description><styleUrl>#milo_gold</styleUrl><Point><coordinates>-122.373814,44.209629,0</coordinates></Point></Placemark><Placemark><name>Lucky Dog Strike Claim</name><description>MILO gold | gold, silver | lode | discovered ? | prod started ? | size: n/a | src: DOGAMI MILO-4 ID_21847</description><styleUrl>#milo_gold</styleUrl><Point><coordinates>-122.371477,44.208955,0</coordinates></Point></Placemark><Placemark><name>unnamed or NA</name><description>MILO gold | gold, silver | lode | discovered ? | prod started ? | size: n/a | src: DOGAMI MILO-4 ID_21848</description><styleUrl>#milo_gold</styleUrl><Point><coordinates>-122.368034,44.210552,0</coordinates></Point></Placemark><Placemark><name>Lucky Dog Strike Claim</name><description>MILO gold | gold, silver | lode | discovered ? | prod started ? | size: n/a | src: DOGAMI MILO-4 ID_21849</description><styleUrl>#milo_gold</styleUrl><Point><coordinates>-122.366193,44.209327,0</coordinates></Point></Placemark><Placemark><name>Lucky Dog Strike Claim</name><description>MILO gold | gold, silver | lode | discovered ? | prod started ? | size: n/a | src: DOGAMI MILO-4 ID_21850</description><styleUrl>#milo_gold</styleUrl><Point><coordinates>-122.367074,44.208812,0</coordinates></Point></Placemark><Placemark><name>Lucky Dog Strike Claim</name><description>MILO gold | gold, silver | lode | discovered ? | prod started ? | size: n/a | src: DOGAMI MILO-4 ID_21851</description><styleUrl>#milo_gold</styleUrl><Point><coordinates>-122.365730,44.209249,0</coordinates></Point></Placemark><Placemark><name>Lucky Dog Strike Claim</name><description>MILO gold | gold, silver | lode | discovered ? | prod started ? | size: n/a | src: DOGAMI MILO-4 ID_21852</description><styleUrl>#milo_gold</styleUrl><Point><coordinates>-122.368051,44.208516,0</coordinates></Point></Placemark><Placemark><name>Lucky Dog Strike Claim</name><description>MILO gold | gold, silver | lode | discovered ? | prod started ? | size: n/a | src: DOGAMI MILO-4 ID_21853</description><styleUrl>#milo_gold</styleUrl><Point><coordinates>-122.366226,44.208371,0</coordinates></Point></Placemark><Placemark><name>unnamed or NA</name><description>MILO gold | gold, silver | lode | discovered ? | prod started ? | size: n/a | src: DOGAMI MILO-4 ID_21854</description><styleUrl>#milo_gold</styleUrl><Point><coordinates>-122.360937,44.210899,0</coordinates></Point></Placemark><Placemark><name>unnamed or NA</name><description>MILO gold | gold, silver | lode | discovered ? | prod started ? | size: n/a | src: DOGAMI MILO-4 ID_21855</description><styleUrl>#milo_gold</styleUrl><Point><coordinates>-122.365488,44.221463,0</coordinates></Point></Placemark><Placemark><name>unnamed or NA</name><description>MILO gold | gold, silver | lode | discovered ? | prod started ? | size: n/a | src: DOGAMI MILO-4 ID_21856</description><styleUrl>#milo_gold</styleUrl><Point><coordinates>-122.366180,44.220494,0</coordinates></Point></Placemark><Placemark><name>Cinderella Cut</name><description>MILO gold | gold, manganese | lode | discovered ? | prod started ? | size: small | src: DOGAMI MILO-4 ID_21857</description><styleUrl>#milo_gold</styleUrl><Point><coordinates>-122.330953,44.233232,0</coordinates></Point></Placemark><Placemark><name>unnamed or NA</name><description>MILO gold | gold | lode | discovered ? | prod started ? | size: n/a | src: DOGAMI MILO-4 ID_21858</description><styleUrl>#milo_gold</styleUrl><Point><coordinates>-122.334322,44.238364,0</coordinates></Point></Placemark><Placemark><name>unnamed or NA</name><description>MILO gold | gold | lode | discovered ? | prod started ? | size: n/a | src: DOGAMI MILO-4 ID_21859</description><styleUrl>#milo_gold</styleUrl><Point><coordinates>-122.343458,44.241009,0</coordinates></Point></Placemark><Placemark><name>unnamed or NA</name><description>MILO gold | gold | lode | discovered ? | prod started ? | size: n/a | src: DOGAMI MILO-4 ID_21860</description><styleUrl>#milo_gold</styleUrl><Point><coordinates>-122.343686,44.241160,0</coordinates></Point></Placemark><Placemark><name>unnamed or NA</name><description>MILO gold | gold, silver | lode | discovered ? | prod started ? | size: n/a | src: DOGAMI MILO-4 ID_21861</description><styleUrl>#milo_gold</styleUrl><Point><coordinates>-122.367901,44.221699,0</coordinates></Point></Placemark><Placemark><name>unnamed or NA</name><description>MILO gold | gold, silver | lode | discovered ? | prod started ? | size: n/a | src: DOGAMI MILO-4 ID_21862</description><styleUrl>#milo_gold</styleUrl><Point><coordinates>-122.374538,44.222476,0</coordinates></Point></Placemark><Placemark><name>unnamed or NA</name><description>MILO gold | gold, silver | lode | discovered ? | prod started ? | size: n/a | src: DOGAMI MILO-4 ID_21863</description><styleUrl>#milo_gold</styleUrl><Point><coordinates>-122.374805,44.222268,0</coordinates></Point></Placemark><Placemark><name>unnamed or NA</name><description>MILO gold | gold, silver | lode | discovered ? | prod started ? | size: n/a | src: DOGAMI MILO-4 ID_21883</description><styleUrl>#milo_gold</styleUrl><Point><coordinates>-122.379347,44.212404,0</coordinates></Point></Placemark><Placemark><name>unnamed or NA</name><description>MILO gold | gold, silver | lode | discovered ? | prod started ? | size: n/a | src: DOGAMI MILO-4 ID_21884</description><styleUrl>#milo_gold</styleUrl><Point><coordinates>-122.379562,44.212922,0</coordinates></Point></Placemark><Placemark><name>Lucky Dog Strike Claim</name><description>MILO gold | gold, silver | lode | discovered ? | prod started ? | size: n/a | src: DOGAMI MILO-4 ID_21885</description><styleUrl>#milo_gold</styleUrl><Point><coordinates>-122.365124,44.206001,0</coordinates></Point></Placemark><Placemark><name>Lucky Dog Strike Claim</name><description>MILO gold | gold, silver | lode | discovered ? | prod started ? | size: n/a | src: DOGAMI MILO-4 ID_21886</description><styleUrl>#milo_gold</styleUrl><Point><coordinates>-122.366766,44.207854,0</coordinates></Point></Placemark><Placemark><name>unnamed or NA</name><description>MILO gold | gold, silver | lode | discovered ? | prod started ? | size: n/a | src: DOGAMI MILO-4 ID_21887</description><styleUrl>#milo_gold</styleUrl><Point><coordinates>-122.377304,44.206274,0</coordinates></Point></Placemark><Placemark><name>unnamed or NA</name><description>MILO gold | gold, silver | lode | discovered ? | prod started ? | size: n/a | src: DOGAMI MILO-4 ID_21888</description><styleUrl>#milo_gold</styleUrl><Point><coordinates>-122.377453,44.206590,0</coordinates></Point></Placemark><Placemark><name>unnamed or NA</name><description>MILO gold | gold, silver | lode | discovered ? | prod started ? | size: n/a | src: DOGAMI MILO-4 ID_21889</description><styleUrl>#milo_gold</styleUrl><Point><coordinates>-122.379336,44.206961,0</coordinates></Point></Placemark><Placemark><name>unnamed or NA</name><description>MILO gold | gold, silver | lode | discovered ? | prod started ? | size: n/a | src: DOGAMI MILO-4 ID_21890</description><styleUrl>#milo_gold</styleUrl><Point><coordinates>-122.378980,44.207220,0</coordinates></Point></Placemark><Placemark><name>Reaf Claim, Cut</name><description>MILO gold | gold | lode | discovered ? | prod started ? | size: n/a | src: DOGAMI MILO-4 ID_21891</description><styleUrl>#milo_gold</styleUrl><Point><coordinates>-122.380164,44.207597,0</coordinates></Point></Placemark><Placemark><name>unnamed or NA</name><description>MILO gold | gold, silver | lode | discovered ? | prod started ? | size: n/a | src: DOGAMI MILO-4 ID_21892</description><styleUrl>#milo_gold</styleUrl><Point><coordinates>-122.369120,44.222544,0</coordinates></Point></Placemark><Placemark><name>unnamed or NA</name><description>MILO gold | gold, silver | lode | discovered ? | prod started ? | size: n/a | src: DOGAMI MILO-4 ID_21893</description><styleUrl>#milo_gold</styleUrl><Point><coordinates>-122.350700,44.207364,0</coordinates></Point></Placemark><Placemark><name>unnamed or NA</name><description>MILO gold | gold, silver | lode | discovered ? | prod started ? | size: n/a | src: DOGAMI MILO-4 ID_21894</description><styleUrl>#milo_gold</styleUrl><Point><coordinates>-122.351927,44.202741,0</coordinates></Point></Placemark><Placemark><name>unnamed or NA</name><description>MILO gold | gold, silver | lode | discovered ? | prod started ? | size: n/a | src: DOGAMI MILO-4 ID_21895</description><styleUrl>#milo_gold</styleUrl><Point><coordinates>-122.351884,44.202437,0</coordinates></Point></Placemark><Placemark><name>unnamed or NA</name><description>MILO gold | gold, silver | lode | discovered ? | prod started ? | size: n/a | src: DOGAMI MILO-4 ID_21896</description><styleUrl>#milo_gold</styleUrl><Point><coordinates>-122.354370,44.224693,0</coordinates></Point></Placemark><Placemark><name>unnamed or NA</name><description>MILO gold | gold, silver | lode | discovered ? | prod started ? | size: n/a | src: DOGAMI MILO-4 ID_21897</description><styleUrl>#milo_gold</styleUrl><Point><coordinates>-122.354549,44.224618,0</coordinates></Point></Placemark><Placemark><name>unnamed or NA</name><description>MILO gold | gold, silver | lode | discovered ? | prod started ? | size: n/a | src: DOGAMI MILO-4 ID_21898</description><styleUrl>#milo_gold</styleUrl><Point><coordinates>-122.352807,44.217020,0</coordinates></Point></Placemark><Placemark><name>unnamed or NA</name><description>MILO gold | gold | lode | discovered ? | prod started ? | size: n/a | src: DOGAMI MILO-4 ID_21899</description><styleUrl>#milo_gold</styleUrl><Point><coordinates>-122.340762,44.226049,0</coordinates></Point></Placemark><Placemark><name>unnamed or NA</name><description>MILO gold | gold | lode | discovered ? | prod started ? | size: n/a | src: DOGAMI MILO-4 ID_21900</description><styleUrl>#milo_gold</styleUrl><Point><coordinates>-122.343677,44.213583,0</coordinates></Point></Placemark><Placemark><name>unnamed or NA</name><description>MILO gold | gold | lode | discovered ? | prod started ? | size: n/a | src: DOGAMI MILO-4 ID_21901</description><styleUrl>#milo_gold</styleUrl><Point><coordinates>-122.344403,44.214006,0</coordinates></Point></Placemark><Placemark><name>unnamed or NA</name><description>MILO gold | gold | lode | discovered ? | prod started ? | size: n/a | src: DOGAMI MILO-4 ID_21902</description><styleUrl>#milo_gold</styleUrl><Point><coordinates>-122.343417,44.212932,0</coordinates></Point></Placemark><Placemark><name>unnamed or NA</name><description>MILO gold | gold | lode | discovered ? | prod started ? | size: n/a | src: DOGAMI MILO-4 ID_21903</description><styleUrl>#milo_gold</styleUrl><Point><coordinates>-122.341939,44.213867,0</coordinates></Point></Placemark><Placemark><name>Infinity Mine and Phantom Ridge Lode Claim</name><description>MILO gold | gold | lode | discovered ? | prod started ? | size: n/a | src: DOGAMI MILO-4 ID_21904</description><styleUrl>#milo_gold</styleUrl><Point><coordinates>-122.345695,44.217505,0</coordinates></Point></Placemark><Placemark><name>Infinity Mine and Phantom Ridge Lode Claim</name><description>MILO gold | gold | lode | discovered ? | prod started ? | size: n/a | src: DOGAMI MILO-4 ID_21905</description><styleUrl>#milo_gold</styleUrl><Point><coordinates>-122.345775,44.217682,0</coordinates></Point></Placemark><Placemark><name>unnamed or NA</name><description>MILO gold | gold, silver | lode | discovered ? | prod started ? | size: n/a | src: DOGAMI MILO-4 ID_21906</description><styleUrl>#milo_gold</styleUrl><Point><coordinates>-122.358363,44.228673,0</coordinates></Point></Placemark><Placemark><name>unnamed or NA</name><description>MILO gold | gold, silver | lode | discovered ? | prod started ? | size: n/a | src: DOGAMI MILO-4 ID_21907</description><styleUrl>#milo_gold</styleUrl><Point><coordinates>-122.354919,44.228934,0</coordinates></Point></Placemark><Placemark><name>unnamed or NA</name><description>MILO gold | gold, silver | lode | discovered ? | prod started ? | size: n/a | src: DOGAMI MILO-4 ID_21908</description><styleUrl>#milo_gold</styleUrl><Point><coordinates>-122.350696,44.226777,0</coordinates></Point></Placemark><Placemark><name>unnamed or NA</name><description>MILO gold | gold | lode | discovered ? | prod started ? | size: n/a | src: DOGAMI MILO-4 ID_21909</description><styleUrl>#milo_gold</styleUrl><Point><coordinates>-122.344447,44.211512,0</coordinates></Point></Placemark><Placemark><name>unnamed or NA</name><description>MILO gold | gold | lode | discovered ? | prod started ? | size: n/a | src: DOGAMI MILO-4 ID_21910</description><styleUrl>#milo_gold</styleUrl><Point><coordinates>-122.343501,44.212595,0</coordinates></Point></Placemark><Placemark><name>unnamed or NA</name><description>MILO gold | gold | lode | discovered ? | prod started ? | size: n/a | src: DOGAMI MILO-4 ID_21911</description><styleUrl>#milo_gold</styleUrl><Point><coordinates>-122.339177,44.213554,0</coordinates></Point></Placemark><Placemark><name>unnamed or NA</name><description>MILO gold | gold | lode | discovered ? | prod started ? | size: n/a | src: DOGAMI MILO-4 ID_21912</description><styleUrl>#milo_gold</styleUrl><Point><coordinates>-122.336607,44.208208,0</coordinates></Point></Placemark><Placemark><name>unnamed or NA</name><description>MILO gold | gold | lode | discovered ? | prod started ? | size: n/a | src: DOGAMI MILO-4 ID_21913</description><styleUrl>#milo_gold</styleUrl><Point><coordinates>-122.335997,44.208071,0</coordinates></Point></Placemark><Placemark><name>unnamed or NA</name><description>MILO gold | gold, silver | lode | discovered ? | prod started ? | size: n/a | src: DOGAMI MILO-4 ID_21914</description><styleUrl>#milo_gold</styleUrl><Point><coordinates>-122.330511,44.195292,0</coordinates></Point></Placemark><Placemark><name>unnamed or NA</name><description>MILO gold | gold, silver | lode | discovered ? | prod started ? | size: n/a | src: DOGAMI MILO-4 ID_21915</description><styleUrl>#milo_gold</styleUrl><Point><coordinates>-122.336927,44.178012,0</coordinates></Point></Placemark><Placemark><name>unnamed or NA</name><description>MILO gold | gold, silver | lode | discovered ? | prod started ? | size: n/a | src: DOGAMI MILO-4 ID_21916</description><styleUrl>#milo_gold</styleUrl><Point><coordinates>-122.339674,44.177797,0</coordinates></Point></Placemark><Placemark><name>unnamed or NA</name><description>MILO gold | gold, silver | lode | discovered ? | prod started ? | size: n/a | src: DOGAMI MILO-4 ID_21917</description><styleUrl>#milo_gold</styleUrl><Point><coordinates>-122.341409,44.181194,0</coordinates></Point></Placemark><Placemark><name>unnamed or NA</name><description>MILO gold | gold, silver | lode | discovered ? | prod started ? | size: n/a | src: DOGAMI MILO-4 ID_21918</description><styleUrl>#milo_gold</styleUrl><Point><coordinates>-122.341250,44.180982,0</coordinates></Point></Placemark><Placemark><name>unnamed or NA</name><description>MILO gold | gold, silver | lode | discovered ? | prod started ? | size: n/a | src: DOGAMI MILO-4 ID_21919</description><styleUrl>#milo_gold</styleUrl><Point><coordinates>-122.339996,44.181108,0</coordinates></Point></Placemark><Placemark><name>unnamed or NA</name><description>MILO gold | gold, silver | lode | discovered ? | prod started ? | size: n/a | src: DOGAMI MILO-4 ID_21920</description><styleUrl>#milo_gold</styleUrl><Point><coordinates>-122.339479,44.180663,0</coordinates></Point></Placemark><Placemark><name>unnamed or NA</name><description>MILO gold | gold, silver | lode | discovered ? | prod started ? | size: n/a | src: DOGAMI MILO-4 ID_21921</description><styleUrl>#milo_gold</styleUrl><Point><coordinates>-122.337912,44.180293,0</coordinates></Point></Placemark><Placemark><name>unnamed or NA</name><description>MILO gold | gold, silver | lode | discovered ? | prod started ? | size: n/a | src: DOGAMI MILO-4 ID_21922</description><styleUrl>#milo_gold</styleUrl><Point><coordinates>-122.338976,44.181305,0</coordinates></Point></Placemark><Placemark><name>unnamed or NA</name><description>MILO gold | gold, silver | lode | discovered ? | prod started ? | size: n/a | src: DOGAMI MILO-4 ID_21923</description><styleUrl>#milo_gold</styleUrl><Point><coordinates>-122.339074,44.181470,0</coordinates></Point></Placemark><Placemark><name>unnamed or NA</name><description>MILO gold | gold, silver | lode | discovered ? | prod started ? | size: n/a | src: DOGAMI MILO-4 ID_21924</description><styleUrl>#milo_gold</styleUrl><Point><coordinates>-122.343669,44.179250,0</coordinates></Point></Placemark><Placemark><name>unnamed or NA</name><description>MILO gold | gold, silver | lode | discovered ? | prod started ? | size: n/a | src: DOGAMI MILO-4 ID_21925</description><styleUrl>#milo_gold</styleUrl><Point><coordinates>-122.343447,44.178509,0</coordinates></Point></Placemark><Placemark><name>unnamed or NA</name><description>MILO gold | gold, silver | lode | discovered ? | prod started ? | size: n/a | src: DOGAMI MILO-4 ID_21926</description><styleUrl>#milo_gold</styleUrl><Point><coordinates>-122.339546,44.175788,0</coordinates></Point></Placemark><Placemark><name>unnamed or NA</name><description>MILO gold | gold, silver | lode | discovered ? | prod started ? | size: n/a | src: DOGAMI MILO-4 ID_21927</description><styleUrl>#milo_gold</styleUrl><Point><coordinates>-122.346846,44.182181,0</coordinates></Point></Placemark><Placemark><name>Sound Money Claim Cut</name><description>MILO gold | gold, silver | unknown | discovered ? | prod started ? | size: n/a | src: DOGAMI MILO-4 ID_21928</description><styleUrl>#milo_gold</styleUrl><Point><coordinates>-122.366096,44.217475,0</coordinates></Point></Placemark><Placemark><name>unnamed or NA</name><description>MILO gold | gold, silver | lode | discovered ? | prod started ? | size: n/a | src: DOGAMI MILO-4 ID_22553</description><styleUrl>#milo_gold</styleUrl><Point><coordinates>-122.354450,44.225001,0</coordinates></Point></Placemark><Placemark><name>unnamed or NA</name><description>MILO gold | gold, silver | lode | discovered ? | prod started ? | size: n/a | src: DOGAMI MILO-4 ID_22554</description><styleUrl>#milo_gold</styleUrl><Point><coordinates>-122.354401,44.225163,0</coordinates></Point></Placemark><Placemark><name>unnamed or NA</name><description>MILO gold | gold, silver | lode | discovered ? | prod started ? | size: n/a | src: DOGAMI MILO-4 ID_22555</description><styleUrl>#milo_gold</styleUrl><Point><coordinates>-122.353806,44.227316,0</coordinates></Point></Placemark><Placemark><name>Open Cut and Tunnel No.3 (Crede No.2 claim)</name><description>MILO gold | gold, silver | unknown | discovered ? | prod started ? | size: n/a | src: DOGAMI MILO-4 ID_22556</description><styleUrl>#milo_gold</styleUrl><Point><coordinates>-122.358130,44.214429,0</coordinates></Point></Placemark><Placemark><name>Open Cut No.6 (Crede No.2 Claim)</name><description>MILO gold | gold, silver | unknown | discovered ? | prod started ? | size: n/a | src: DOGAMI MILO-4 ID_22557</description><styleUrl>#milo_gold</styleUrl><Point><coordinates>-122.358908,44.214532,0</coordinates></Point></Placemark><Placemark><name>Open Cut No.5 (Crede No.2 Claim)</name><description>MILO gold | gold, silver | unknown | discovered ? | prod started ? | size: n/a | src: DOGAMI MILO-4 ID_22558</description><styleUrl>#milo_gold</styleUrl><Point><coordinates>-122.358882,44.214634,0</coordinates></Point></Placemark><Placemark><name>Open Cut and Tunnel No.2 (Crede No.2 claim)</name><description>MILO gold | gold, silver | unknown | discovered ? | prod started ? | size: n/a | src: DOGAMI MILO-4 ID_22559</description><styleUrl>#milo_gold</styleUrl><Point><coordinates>-122.358152,44.214732,0</coordinates></Point></Placemark><Placemark><name>Amelia Claim (Open Cut No.5)</name><description>MILO gold | gold, silver | unknown | discovered ? | prod started ? | size: n/a | src: DOGAMI MILO-4 ID_22560</description><styleUrl>#milo_gold</styleUrl><Point><coordinates>-122.358847,44.215603,0</coordinates></Point></Placemark><Placemark><name>prospect</name><description>MILO gold | gold, silver | unknown | discovered ? | prod started ? | size: n/a | src: DOGAMI MILO-4 ID_22561</description><styleUrl>#milo_gold</styleUrl><Point><coordinates>-122.360065,44.214550,0</coordinates></Point></Placemark><Placemark><name>Amelia Claim (Open Cut and Tunnel No.6)</name><description>MILO gold | gold, silver | unknown | discovered ? | prod started ? | size: n/a | src: DOGAMI MILO-4 ID_22562</description><styleUrl>#milo_gold</styleUrl><Point><coordinates>-122.358688,44.215704,0</coordinates></Point></Placemark><Placemark><name>Amelia Claim (Open Cut No.3)</name><description>MILO gold | gold, silver | unknown | discovered ? | prod started ? | size: n/a | src: DOGAMI MILO-4 ID_22563</description><styleUrl>#milo_gold</styleUrl><Point><coordinates>-122.358799,44.215442,0</coordinates></Point></Placemark><Placemark><name>Amelia Claim (Open Cut No.4)</name><description>MILO gold | gold, silver | unknown | discovered ? | prod started ? | size: n/a | src: DOGAMI MILO-4 ID_22564</description><styleUrl>#milo_gold</styleUrl><Point><coordinates>-122.359148,44.215682,0</coordinates></Point></Placemark><Placemark><name>Amelia Claim (Discovery Cut and Shaft No.1)</name><description>MILO gold | gold, silver | unknown | discovered ? | prod started ? | size: n/a | src: DOGAMI MILO-4 ID_22565</description><styleUrl>#milo_gold</styleUrl><Point><coordinates>-122.357889,44.215263,0</coordinates></Point></Placemark><Placemark><name>Amelia Claim (Open Cut No.2)</name><description>MILO gold | gold, silver | unknown | discovered ? | prod started ? | size: n/a | src: DOGAMI MILO-4 ID_22566</description><styleUrl>#milo_gold</styleUrl><Point><coordinates>-122.358002,44.215422,0</coordinates></Point></Placemark><Placemark><name>prospect</name><description>MILO gold | gold, silver | unknown | discovered ? | prod started ? | size: n/a | src: DOGAMI MILO-4 ID_22567</description><styleUrl>#milo_gold</styleUrl><Point><coordinates>-122.357020,44.215194,0</coordinates></Point></Placemark><Placemark><name>prospect</name><description>MILO gold | gold, silver | unknown | discovered ? | prod started ? | size: n/a | src: DOGAMI MILO-4 ID_22568</description><styleUrl>#milo_gold</styleUrl><Point><coordinates>-122.355860,44.216246,0</coordinates></Point></Placemark><Placemark><name>prospect</name><description>MILO gold | gold, silver | unknown | discovered ? | prod started ? | size: n/a | src: DOGAMI MILO-4 ID_22569</description><styleUrl>#milo_gold</styleUrl><Point><coordinates>-122.355215,44.217857,0</coordinates></Point></Placemark><Placemark><name>Open Cut No.4 (Crede No.2 Claim)</name><description>MILO gold | gold, silver | unknown | discovered ? | prod started ? | size: n/a | src: DOGAMI MILO-4 ID_22570</description><styleUrl>#milo_gold</styleUrl><Point><coordinates>-122.358297,44.214083,0</coordinates></Point></Placemark><Placemark><name>Majestic Claim Cut</name><description>MILO gold | gold, silver, copper, lead, zinc, antimony | lode | discovered 1887 | prod started ? | size: small | src: DOGAMI MILO-4 ID_22571</description><styleUrl>#milo_gold</styleUrl><Point><coordinates>-122.343729,44.207894,0</coordinates></Point></Placemark><Placemark><name>open pit mine</name><description>MILO gold | gold | placer (heuristic: surface workings) | discovered ? | prod started ? | size: n/a | src: DOGAMI MILO-4 ID_23872</description><styleUrl>#milo_gold</styleUrl><Point><coordinates>-122.332014,44.230275,0</coordinates></Point></Placemark><Placemark><name>mine</name><description>MILO gold | gold, silver | lode | discovered ? | prod started ? | size: n/a | src: DOGAMI MILO-4 ID_23873</description><styleUrl>#milo_gold</styleUrl><Point><coordinates>-122.353880,44.224553,0</coordinates></Point></Placemark><Placemark><name>Pearl</name><description>MRDS gold occurrence | status: Prospect | commodities: AU | src: https://mrdata.usgs.gov/mrds/show-mrds.php?dep_id=10298753</description><styleUrl>#site_other</styleUrl><Point><coordinates>-122.378060,44.232920,0</coordinates></Point></Placemark><Placemark><name>Pearl</name><description>MRDS gold occurrence | status: Occurrence | commodities: AU | src: https://mrdata.usgs.gov/mrds/show-mrds.php?dep_id=10095310</description><styleUrl>#site_other</styleUrl><Point><coordinates>-122.378100,44.233150,0</coordinates></Point></Placemark><Placemark><name>Red Buck</name><description>MRDS gold occurrence | status: Occurrence | commodities: AU | src: https://mrdata.usgs.gov/mrds/show-mrds.php?dep_id=10036341</description><styleUrl>#site_other</styleUrl><Point><coordinates>-122.359490,44.230650,0</coordinates></Point></Placemark><Placemark><name>Sochwich Property</name><description>MRDS gold occurrence | status: Prospect | commodities: AU | src: https://mrdata.usgs.gov/mrds/show-mrds.php?dep_id=10177685</description><styleUrl>#site_other</styleUrl><Point><coordinates>-122.353060,44.229220,0</coordinates></Point></Placemark><Placemark><name>Treadwell Prospect</name><description>MRDS gold occurrence | status: Prospect | commodities: AU | src: https://mrdata.usgs.gov/mrds/show-mrds.php?dep_id=10273863</description><styleUrl>#site_other</styleUrl><Point><coordinates>-122.333660,44.238120,0</coordinates></Point></Placemark><Placemark><name>Tri-Metals Prospect</name><description>MRDS gold occurrence | status: Prospect | commodities: AU | src: https://mrdata.usgs.gov/mrds/show-mrds.php?dep_id=10274459</description><styleUrl>#site_other</styleUrl><Point><coordinates>-122.326450,44.199020,0</coordinates></Point></Placemark><Placemark><name>Red Buck</name><description>MRDS gold occurrence | status: Prospect | commodities: AU | src: https://mrdata.usgs.gov/mrds/show-mrds.php?dep_id=10280955</description><styleUrl>#site_other</styleUrl><Point><coordinates>-122.359460,44.230620,0</coordinates></Point></Placemark></Folder><Folder><name>Active mining claims (BLM MLRS)</name><Placemark><name>LAST CHANCE [APPROX quarter-section]</name><description>lode | serial ORMC160387 | 10.33 ac | Active | qtr-sec OR 33 0150S 0040E 033 A NE|OR 33 0150S 0040E 028 A SE|OR 33 0150S 0040E 034 A NW | recorded~2021 (DB date, not legal located date) | src: BLM MLRS Not Closed | APPROX (BLM quarter-section)</description><styleUrl>#active_claim</styleUrl><Polygon><outerBoundaryIs><LinearRing><coordinates>-122.318705,44.223806,0 -122.313621,44.223801,0 -122.313396,44.220182,0 -122.313170,44.216564,0 -122.318184,44.216573,0 -122.323197,44.216583,0 -122.328216,44.216582,0 -122.333236,44.216581,0 -122.333588,44.220191,0 -122.333941,44.223802,0 -122.328865,44.223807,0 -122.328904,44.227436,0 -122.323840,44.227446,0 -122.323788,44.223811,0 -122.318705,44.223806,0</coordinates></LinearRing></outerBoundaryIs></Polygon></Placemark><Placemark><name>ROWENA [APPROX quarter-section]</name><description>lode | serial ORMC160388 | 10.33 ac | Active | qtr-sec OR 33 0150S 0040E 028 A SE|OR 33 0150S 0040E 027 A SW|OR 33 0150S 0040E 034 A NW | recorded~2021 (DB date, not legal located date) | src: BLM MLRS Not Closed | APPROX (BLM quarter-section)</description><styleUrl>#active_claim</styleUrl><Polygon><outerBoundaryIs><LinearRing><coordinates>-122.323493,44.220197,0 -122.323788,44.223811,0 -122.328865,44.223807,0 -122.328904,44.227436,0 -122.323840,44.227446,0 -122.323891,44.231080,0 -122.318819,44.231071,0 -122.313747,44.231061,0 -122.313684,44.227431,0 -122.313621,44.223801,0 -122.313396,44.220182,0 -122.313170,44.216564,0 -122.318184,44.216573,0 -122.323197,44.216583,0 -122.323493,44.220197,0</coordinates></LinearRing></outerBoundaryIs></Polygon></Placemark><Placemark><name>ROWENA EXTENSION #1 [APPROX quarter-section]</name><description>lode | serial ORMC160389 | 10.33 ac | Active | qtr-sec OR 33 0150S 0040E 034 A NW | recorded~2021 (DB date, not legal located date) | src: BLM MLRS Not Closed | APPROX (BLM quarter-section)</description><styleUrl>#active_claim</styleUrl><Polygon><outerBoundaryIs><LinearRing><coordinates>-122.323493,44.220197,0 -122.323788,44.223811,0 -122.318705,44.223806,0 -122.313621,44.223801,0 -122.313396,44.220182,0 -122.313170,44.216564,0 -122.318184,44.216573,0 -122.323197,44.216583,0 -122.323493,44.220197,0</coordinates></LinearRing></outerBoundaryIs></Polygon></Placemark><Placemark><name>INFINITY MINE [APPROX quarter-section]</name><description>lode | serial ORMC161887 | 17.22 ac | Active | qtr-sec OR 33 0150S 0040E 032 A NE | recorded~2021 (DB date, not legal located date) | src: BLM MLRS Not Closed | APPROX (BLM quarter-section)</description><styleUrl>#active_claim</styleUrl><Polygon><outerBoundaryIs><LinearRing><coordinates>-122.344002,44.216593,0 -122.354045,44.217883,0 -122.354098,44.223790,0 -122.344053,44.223795,0 -122.344002,44.216593,0</coordinates></LinearRing></outerBoundaryIs></Polygon></Placemark><Placemark><name>Mister Pocket [APPROX quarter-section]</name><description>lode | serial OR106328967 | 160.0 ac | Active | qtr-sec OR 33 0015S 0004E 029 A NE | OR 33 0150S 0040E 029 A NE | recorded~2023 (DB date, not legal located date) | src: BLM MLRS Not Closed | APPROX (BLM quarter-section)</description><styleUrl>#active_claim</styleUrl><Polygon><outerBoundaryIs><LinearRing><coordinates>-122.349061,44.238302,0 -122.344056,44.238237,0 -122.344056,44.234627,0 -122.344055,44.231016,0 -122.349081,44.231048,0 -122.354107,44.231079,0 -122.354087,44.234723,0 -122.354066,44.238367,0 -122.349061,44.238302,0</coordinates></LinearRing></outerBoundaryIs></Polygon></Placemark><Placemark><name>Patriot Falls [APPROX quarter-section]</name><description>placer | serial OR105229776 | 20.0 ac | Active | qtr-sec OR 33 0150S 0040E 020 A NESE|OR 33 0150S 0040E 020 A NWSE|OR 33 0150S 0040E 020 A NENW|OR 33 0150S 0040E 020 A NWNW|OR 33 0150S 0040E 020 A Remainder Aliquot Part SWSW|OR 33 0150S 0040E 020 A SENW|OR 33 0150S 0040E 020 A SENE|OR 33 0150S 0040…</description><styleUrl>#active_claim</styleUrl><Polygon><outerBoundaryIs><LinearRing><coordinates>-122.354066,44.238367,0 -122.359071,44.238432,0 -122.364076,44.238497,0 -122.364073,44.242152,0 -122.364070,44.245807,0 -122.364067,44.249462,0 -122.364063,44.253117,0 -122.359041,44.253059,0 -122.354020,44.253001,0 -122.348998,44.252943,0 -122.343976,44.252886,0 -122.343996,44.249224,0 -122.344016,44.245561,0 -122.344036,44.241899,0 -122.344056,44.238237,0 -122.349061,44.238302,0 -122.354066,44.238367,0</coordinates></LinearRing></outerBoundaryIs></Polygon></Placemark><Placemark><name>GOLDEN DOLLAR [APPROX quarter-section]</name><description>placer | serial ORMC168629 | 20.0 ac | Active | qtr-sec OR 33 0150S 0040E 030 A NW|OR 33 0150S 0040E 030 A NE | recorded~2021 (DB date, not legal located date) | src: BLM MLRS Not Closed | APPROX (BLM quarter-section)</description><styleUrl>#active_claim</styleUrl><Polygon><outerBoundaryIs><LinearRing><coordinates>-122.369089,44.238624,0 -122.364076,44.238497,0 -122.364093,44.234819,0 -122.364109,44.231141,0 -122.369121,44.231248,0 -122.374133,44.231354,0 -122.379156,44.231460,0 -122.384586,44.231575,0 -122.384594,44.235200,0 -122.384603,44.238825,0 -122.379127,44.238786,0 -122.374101,44.238750,0 -122.369089,44.238624,0</coordinates></LinearRing></outerBoundaryIs></Polygon></Placemark><Placemark><name>TIDBITS #4 [APPROX quarter-section]</name><description>placer | serial ORMC176844 | 20.0 ac | Active | qtr-sec OR 33 0150S 0040E 025 A NW | recorded~2021 (DB date, not legal located date) | src: BLM MLRS Not Closed | APPROX (BLM quarter-section)</description><styleUrl>#active_claim</styleUrl><Polygon><outerBoundaryIs><LinearRing><coordinates>-122.283538,44.234614,0 -122.283611,44.238239,0 -122.280000,44.238225,0 -122.280000,44.230976,0 -122.283464,44.230988,0 -122.283538,44.234614,0</coordinates></LinearRing></outerBoundaryIs></Polygon></Placemark><Placemark><name>DUKE NORRIS #1 [APPROX quarter-section]</name><description>placer | serial ORMC178194 | 40.0 ac | Active | qtr-sec OR 33 0150S 0040E 029 A NW | recorded~2021 (DB date, not legal located date) | src: BLM MLRS Not Closed | APPROX (BLM quarter-section)</description><styleUrl>#active_claim</styleUrl><Polygon><outerBoundaryIs><LinearRing><coordinates>-122.364076,44.238497,0 -122.359071,44.238432,0 -122.354066,44.238367,0 -122.354087,44.234723,0 -122.354107,44.231079,0 -122.359108,44.231110,0 -122.364109,44.231141,0 -122.364093,44.234819,0 -122.364076,44.238497,0</coordinates></LinearRing></outerBoundaryIs></Polygon></Placemark><Placemark><name>Rendezvous [APPROX quarter-section]</name><description>placer | serial OR106363922 | 20.0 ac | Active | qtr-sec OR 33 0160S 0040E 009 A SE | recorded~2024 (DB date, not legal located date) | src: BLM MLRS Not Closed | APPROX (BLM quarter-section)</description><styleUrl>#active_claim</styleUrl><Polygon><outerBoundaryIs><LinearRing><coordinates>-122.333730,44.186239,0 -122.333730,44.186241,0 -122.333728,44.186323,0 -122.333670,44.189819,0 -122.328944,44.189840,0 -122.328638,44.189841,0 -122.323606,44.189864,0 -122.323716,44.186624,0 -122.323727,44.186277,0 -122.323808,44.183906,0 -122.323849,44.182691,0 -122.325039,44.182687,0 -122.328819,44.182675,0 -122.329431,44.182673,0 -122.331696,44.182666,0 -122.333789,44.182659,0 -122.333731,44.186179,0 -122.333730,44.186239,0</coordinates></LinearRing></outerBoundaryIs></Polygon></Placemark><Placemark><name>Big Chungus [APPROX quarter-section]</name><description>placer | serial OR106363923 | 20.0 ac | Active | qtr-sec OR 33 0160S 0040E 009 A NE | recorded~2024 (DB date, not legal located date) | src: BLM MLRS Not Closed | APPROX (BLM quarter-section)</description><styleUrl>#active_claim</styleUrl><Polygon><outerBoundaryIs><LinearRing><coordinates>-122.333611,44.193407,0 -122.333551,44.196994,0 -122.328582,44.197028,0 -122.323614,44.197062,0 -122.323611,44.194691,0 -122.323610,44.193463,0 -122.323606,44.189864,0 -122.328638,44.189841,0 -122.328944,44.189840,0 -122.333670,44.189819,0 -122.333611,44.193407,0</coordinates></LinearRing></outerBoundaryIs></Polygon></Placemark><Placemark><name>BOUNCING NUGGETTS [APPROX quarter-section]</name><description>placer | serial OR106696189 | 20.0 ac | Active | qtr-sec OR 33 0150S 0040E 030 E NWNE | recorded~2024 (DB date, not legal located date) | src: BLM MLRS Not Closed | APPROX (BLM quarter-section)</description><styleUrl>#active_claim</styleUrl><Polygon><outerBoundaryIs><LinearRing><coordinates>-122.364142,44.223785,0 -122.369153,44.223953,0 -122.374164,44.224120,0 -122.379187,44.224216,0 -122.384568,44.224324,0 -122.384577,44.227949,0 -122.384586,44.231575,0 -122.384594,44.235200,0 -122.384603,44.238825,0 -122.379127,44.238786,0 -122.374101,44.238750,0 -122.369089,44.238624,0 -122.364076,44.238497,0 -122.364093,44.234819,0 -122.364109,44.231141,0 -122.364126,44.227463,0 -122.364142,44.223785,0</coordinates></LinearRing></outerBoundaryIs></Polygon></Placemark><Placemark><name>Echo Ridge [APPROX quarter-section]</name><description>lode | serial OR106750065 | 20.66 ac | Active | qtr-sec OR 33 0150S 0040E 032 L 1 | OR 33 0150S 0040E 032 L 2 | OR 33 0150S 0040E 032 B NWNE | OR 33 0150S 0040E 032 B NENE | OR 33 0150S 0040E 032 B NENE | OR 33 0150S 0040E 032 B NWNE | OR 33 0150S 0040E 032 | OR 33 0150S 0040E 032 | OR 33 0150S 004…</description><styleUrl>#active_claim</styleUrl><Polygon><outerBoundaryIs><LinearRing><coordinates>-122.344002,44.216593,0 -122.354045,44.217883,0 -122.354098,44.223790,0 -122.344053,44.223795,0 -122.344002,44.216593,0</coordinates></LinearRing></outerBoundaryIs></Polygon></Placemark><Placemark><name>Sweetness 2 [APPROX quarter-section]</name><description>placer | serial OR106781316 | 20.0 ac | Active | qtr-sec OR 33 0160S 0040E 004 A E2SWSE | recorded~2026 (DB date, not legal located date) | src: BLM MLRS Not Closed | APPROX (BLM quarter-section)</description><styleUrl>#active_claim</styleUrl><Polygon><outerBoundaryIs><LinearRing><coordinates>-122.328582,44.197028,0 -122.331067,44.197011,0 -122.330864,44.198808,0 -122.330662,44.200604,0 -122.328167,44.200620,0 -122.328375,44.198824,0 -122.328582,44.197028,0</coordinates></LinearRing></outerBoundaryIs></Polygon></Placemark><Placemark><name>Sweetness [APPROX quarter-section]</name><description>placer | serial OR106781315 | 20.0 ac | Active | qtr-sec OR 33 0160S 0040E 009 A E2E2NWNE | OR 33 0160S 0040E 009 A W2W2NENE | recorded~2026 (DB date, not legal located date) | src: BLM MLRS Not Closed | APPROX (BLM quarter-section)</description><styleUrl>#active_claim</styleUrl><Polygon><outerBoundaryIs><LinearRing><coordinates>-122.329860,44.193428,0 -122.329842,44.195224,0 -122.329824,44.197020,0 -122.328582,44.197028,0 -122.327340,44.197037,0 -122.327350,44.195240,0 -122.327360,44.193442,0 -122.328610,44.193435,0 -122.329860,44.193428,0</coordinates></LinearRing></outerBoundaryIs></Polygon></Placemark><Placemark><name>Evil Dwarf Forever [APPROX quarter-section]</name><description>placer | serial OR106783447 | 124.11 ac | Active | qtr-sec OR 33 0160S 0040E 004 L 3 | OR 33 0160S 0040E 004 L 4 | recorded~2026 (DB date, not legal located date) | src: BLM MLRS Not Closed | APPROX (BLM quarter-section)</description><styleUrl>#active_claim</styleUrl><Polygon><outerBoundaryIs><LinearRing><coordinates>-122.344546,44.204109,0 -122.344338,44.206049,0 -122.343380,44.206781,0 -122.342763,44.206368,0 -122.341495,44.206958,0 -122.341423,44.206916,0 -122.341416,44.206921,0 -122.341405,44.206915,0 -122.341160,44.206798,0 -122.341070,44.206901,0 -122.340980,44.207003,0 -122.339973,44.208150,0 -122.339701,44.208019,0 -122.339191,44.208460,0 -122.337664,44.207720,0 -122.337572,44.207770,0 -122.337266,44.207938,0 -122.335817,44.208730,0 -122.337095,44.209359,0 -122.337097,44.209360,0 -122.337182,44.209411,0 -122.337078,44.209410,0 -122.332533,44.209393,0 -122.332144,44.209391,0 -122.332461,44.206909,0 -122.332476,44.206771,0 -122.332761,44.204182,0 -122.337722,44.204151,0 -122.338654,44.204146,0 -122.344546,44.204109,0</coordinates></LinearRing></outerBoundaryIs></Polygon></Placemark><Placemark><name>The golden trumpit #2 [APPROX quarter-section]</name><description>placer | serial OR106784309 | 17.8 ac | Active | qtr-sec OR 33 0160S 0040E 004 L 3 | OR 33 0160S 0040E 004 L 2 | recorded~2026 (DB date, not legal located date) | src: BLM MLRS Not Closed | APPROX (BLM quarter-section)</description><styleUrl>#active_claim</styleUrl><Polygon><outerBoundaryIs><LinearRing><coordinates>-122.335234,44.204164,0 -122.335009,44.205983,0 -122.330640,44.206030,0 -122.330836,44.204195,0 -122.335234,44.204164,0</coordinates></LinearRing></outerBoundaryIs></Polygon></Placemark><Placemark><name>The golden trumpit #1 [APPROX quarter-section]</name><description>placer | serial OR106784308 | 20.0 ac | Active | qtr-sec OR 33 0160S 0040E 004 A W2NWSE | recorded~2026 (DB date, not legal located date) | src: BLM MLRS Not Closed | APPROX (BLM quarter-section)</description><styleUrl>#active_claim</styleUrl><Polygon><outerBoundaryIs><LinearRing><coordinates>-122.330662,44.200604,0 -122.333156,44.200588,0 -122.332958,44.202385,0 -122.332761,44.204182,0 -122.330257,44.204197,0 -122.330459,44.202401,0 -122.330662,44.200604,0</coordinates></LinearRing></outerBoundaryIs></Polygon></Placemark><Placemark><name>G4 Mining [APPROX quarter-section]</name><description>placer | serial OR106848810 | 120.0 ac | Active | qtr-sec OR 33 0150S 0040E 028 A SENW | OR 33 0150S 0040E 028 A SWNE | OR 33 0150S 0040E 028 A SWNW | recorded~2026 (DB date, not legal located date) | src: BLM MLRS Not Closed | APPROX (BLM quarter-section)</description><styleUrl>#active_claim</styleUrl><Polygon><outerBoundaryIs><LinearRing><coordinates>-122.344055,44.231016,0 -122.344056,44.234627,0 -122.339039,44.234639,0 -122.334022,44.234650,0 -122.328982,44.234683,0 -122.328943,44.231065,0 -122.333995,44.231049,0 -122.339025,44.231033,0 -122.344055,44.231016,0</coordinates></LinearRing></outerBoundaryIs></Polygon></Placemark><Placemark><name>Frankie's Place [APPROX quarter-section]</name><description>placer | serial OR106849598 | 20.0 ac | Filed | qtr-sec OR 33 0150S 0040E 030 AS2NWNW | recorded~2026 (DB date, not legal located date) | src: BLM MLRS Not Closed | APPROX (BLM quarter-section)</description><styleUrl>#active_claim</styleUrl><Polygon><outerBoundaryIs><LinearRing><coordinates>-122.379142,44.235123,0 -122.384594,44.235200,0 -122.384603,44.238825,0 -122.379127,44.238786,0 -122.379142,44.235123,0</coordinates></LinearRing></outerBoundaryIs></Polygon></Placemark><Placemark><name>Frankie's Place [APPROX quarter-section]</name><description>placer | serial OR106849599 | 20.0 ac | Filed | qtr-sec OR 33 0150S 0040E 030 AS2NWNW | recorded~2026 (DB date, not legal located date) | src: BLM MLRS Not Closed | APPROX (BLM quarter-section)</description><styleUrl>#active_claim</styleUrl><Polygon><outerBoundaryIs><LinearRing><coordinates>-122.379142,44.235123,0 -122.384594,44.235200,0 -122.384603,44.238825,0 -122.379127,44.238786,0 -122.379142,44.235123,0</coordinates></LinearRing></outerBoundaryIs></Polygon></Placemark></Folder><Folder><name>Open ground to sample</name><Placemark><name>OPEN-calapooia-01</name><description>open pit mine (placer (heuristic: surface workings)) | agency: USFS | 90m to stream | cluster: 8 nearby | src: MILO</description><styleUrl>#open_ground</styleUrl><Point><coordinates>-122.332014,44.230275,0</coordinates></Point></Placemark><Placemark><name>OPEN-calapooia-02</name><description>USMIN Adit | agency: USFS | 79m to stream | cluster: 7 nearby | src: USMIN</description><styleUrl>#open_ground</styleUrl><Point><coordinates>-122.338450,44.226261,0</coordinates></Point></Placemark><Placemark><name>OPEN-calapooia-03</name><description>USMIN Adit | agency: USFS | 63m to stream | cluster: 6 nearby | src: USMIN</description><styleUrl>#open_ground</styleUrl><Point><coordinates>-122.353866,44.224547,0</coordinates></Point></Placemark><Placemark><name>OPEN-calapooia-04</name><description>USMIN Adit | agency: USFS | 20m to stream | cluster: 5 nearby | src: USMIN</description><styleUrl>#open_ground</styleUrl><Point><coordinates>-122.372081,44.205812,0</coordinates></Point></Placemark><Placemark><name>OPEN-calapooia-05</name><description>unnamed or NA (lode) | agency: USFS | 105m to stream | cluster: 9 nearby | src: MILO</description><styleUrl>#open_ground</styleUrl><Point><coordinates>-122.345638,44.228850,0</coordinates></Point></Placemark><Placemark><name>OPEN-calapooia-06</name><description>unnamed or NA (lode) | agency: USFS | 106m to stream | cluster: 9 nearby | src: MILO</description><styleUrl>#open_ground</styleUrl><Point><coordinates>-122.345516,44.228798,0</coordinates></Point></Placemark><Placemark><name>OPEN-calapooia-07</name><description>unnamed or NA (lode) | agency: USFS | 23m to stream | cluster: 8 nearby | src: MILO</description><styleUrl>#open_ground</styleUrl><Point><coordinates>-122.344444,44.227462,0</coordinates></Point></Placemark><Placemark><name>OPEN-calapooia-08</name><description>unnamed or NA (lode) | agency: USFS | 33m to stream | cluster: 8 nearby | src: MILO</description><styleUrl>#open_ground</styleUrl><Point><coordinates>-122.343812,44.228032,0</coordinates></Point></Placemark><Placemark><name>OPEN-calapooia-09</name><description>Chief Claim, Cut and Shaft (lode) | agency: USFS | 89m to stream | cluster: 8 nearby | src: MILO</description><styleUrl>#open_ground</styleUrl><Point><coordinates>-122.330164,44.229296,0</coordinates></Point></Placemark><Placemark><name>OPEN-calapooia-10</name><description>USMIN Open Pit Mine | agency: USFS | 91m to stream | cluster: 8 nearby | src: USMIN</description><styleUrl>#open_ground</styleUrl><Point><coordinates>-122.332000,44.230269,0</coordinates></Point></Placemark><Placemark><name>OPEN-calapooia-11</name><description>unnamed or NA (lode) | agency: USFS | 127m to stream | cluster: 8 nearby | src: MILO</description><styleUrl>#open_ground</styleUrl><Point><coordinates>-122.342753,44.226160,0</coordinates></Point></Placemark><Placemark><name>OPEN-calapooia-12</name><description>unnamed or NA (lode) | agency: USFS | 4m to stream | cluster: 7 nearby | src: MILO</description><styleUrl>#open_ground</styleUrl><Point><coordinates>-122.346060,44.227443,0</coordinates></Point></Placemark><Placemark><name>OPEN-calapooia-13</name><description>unnamed or NA (lode) | agency: USFS | 7m to stream | cluster: 7 nearby | src: MILO</description><styleUrl>#open_ground</styleUrl><Point><coordinates>-122.345688,44.227423,0</coordinates></Point></Placemark><Placemark><name>OPEN-calapooia-14</name><description>unnamed or NA (lode) | agency: USFS | 12m to stream | cluster: 7 nearby | src: MILO</description><styleUrl>#open_ground</styleUrl><Point><coordinates>-122.379336,44.206961,0</coordinates></Point></Placemark><Placemark><name>OPEN-calapooia-15</name><description>unnamed or NA (lode) | agency: USFS | 16m to stream | cluster: 7 nearby | src: MILO</description><styleUrl>#open_ground</styleUrl><Point><coordinates>-122.378980,44.207220,0</coordinates></Point></Placemark><Placemark><name>OPEN-calapooia-16</name><description>unnamed or NA (lode) | agency: USFS | 22m to stream | cluster: 7 nearby | src: MILO</description><styleUrl>#open_ground</styleUrl><Point><coordinates>-122.345103,44.227580,0</coordinates></Point></Placemark><Placemark><name>OPEN-calapooia-17</name><description>Reaf Claim, Cut (lode) | agency: USFS | 36m to stream | cluster: 7 nearby | src: MILO</description><styleUrl>#open_ground</styleUrl><Point><coordinates>-122.380164,44.207597,0</coordinates></Point></Placemark><Placemark><name>OPEN-calapooia-18</name><description>Chief Claim, Cut (lode) | agency: USFS | 69m to stream | cluster: 7 nearby | src: MILO</description><styleUrl>#open_ground</styleUrl><Point><coordinates>-122.329501,44.228270,0</coordinates></Point></Placemark><Placemark><name>OPEN-calapooia-19</name><description>Reaf Claim, Cut (lode) | agency: USFS | 73m to stream | cluster: 7 nearby | src: MILO</description><styleUrl>#open_ground</styleUrl><Point><coordinates>-122.380566,44.207828,0</coordinates></Point></Placemark><Placemark><name>OPEN-calapooia-20</name><description>Rialto (lode) | agency: USFS | 76m to stream | cluster: 7 nearby | src: MILO</description><styleUrl>#open_ground</styleUrl><Point><coordinates>-122.338510,44.226326,0</coordinates></Point></Placemark><Placemark><name>OPEN-calapooia-21</name><description>Reaf Claim, Cut (lode) | agency: USFS | 82m to stream | cluster: 7 nearby | src: MILO</description><styleUrl>#open_ground</styleUrl><Point><coordinates>-122.379788,44.207994,0</coordinates></Point></Placemark><Placemark><name>OPEN-calapooia-22</name><description>unnamed or NA (lode) | agency: USFS | 89m to stream | cluster: 7 nearby | src: MILO</description><styleUrl>#open_ground</styleUrl><Point><coordinates>-122.354401,44.225163,0</coordinates></Point></Placemark><Placemark><name>OPEN-calapooia-23</name><description>Reaf Claim, Tunnel (lode) | agency: USFS | 91m to stream | cluster: 7 nearby | src: MILO</description><styleUrl>#open_ground</styleUrl><Point><coordinates>-122.380292,44.208077,0</coordinates></Point></Placemark><Placemark><name>OPEN-calapooia-24</name><description>unnamed or NA (lode) | agency: USFS | 95m to stream | cluster: 7 nearby | src: MILO</description><styleUrl>#open_ground</styleUrl><Point><coordinates>-122.354450,44.225001,0</coordinates></Point></Placemark><Placemark><name>OPEN-calapooia-25</name><description>unnamed or NA (lode) | agency: USFS | 95m to stream | cluster: 7 nearby | src: MILO</description><styleUrl>#open_ground</styleUrl><Point><coordinates>-122.354370,44.224693,0</coordinates></Point></Placemark></Folder></Document></kml>