{"type": "FeatureCollection", "features": [{"type": "Feature", "geometry": {"type": "Polygon", "coordinates": [[[-123.54451660338768, 42.77000399565811], [-123.5445044036921, 42.771790388771805], [-123.54447998030109, 42.77536315199922], [-123.53967160758347, 42.77531751744386], [-123.53486323486584, 42.77527190588846], [-123.53491466627052, 42.77175579066194], [-123.53494037097299, 42.76999770954871], [-123.53496609867543, 42.76823965143543], [-123.53735678002745, 42.76823415721268], [-123.53855211020341, 42.76823138610127], [-123.53974743937943, 42.76822863898988], [-123.54213812173136, 42.76822311976714], [-123.54452880308328, 42.76821760154436], [-123.54451660338768, 42.77000399565811]]]}, "properties": {"title": "WVM 3 Dads Creek", "description": "club: Willamette Valley Miners (WVM) | serial: ORMC159208 | acres: 40.0 | directions: not available (no club handbook source in this build) | boundary approx (BLM quarter-section)", "stroke": "#ffff00", "stroke-width": 2, "fill": "#ffff00", "fill-opacity": 0.25}}, {"type": "Feature", "geometry": {"type": "Point", "coordinates": [-123.5397222447203, 42.77177652765588]}, "properties": {"title": "WVM 3 Dads Creek", "description": "club: Willamette Valley Miners (WVM) | serial: ORMC159208 | acres: 40.0 | directions: not available (no club handbook source in this build) | boundary approx (BLM quarter-section)", "marker-color": "#ffff00", "marker-symbol": "circle"}}, {"type": "Feature", "geometry": {"type": "Polygon", "coordinates": [[[-123.51569733622911, 42.78223452211133], [-123.51565604253486, 42.78405244122987], [-123.51561475184067, 42.785870336348395], [-123.5155321444524, 42.78950614958545], [-123.51305103107886, 42.78946587381391], [-123.51056991670531, 42.789425521042354], [-123.50560767695802, 42.78934487849925], [-123.5056743253469, 42.785726005264635], [-123.50570764304133, 42.78391656214729], [-123.50574096073588, 42.78210711802996], [-123.50823006110924, 42.78213897280034], [-123.51071917048256, 42.78217083157066], [-123.51320823685587, 42.78220267434097], [-123.51569733622911, 42.78223452211133]]]}, "properties": {"title": "WVM 4 Dads Creek", "description": "club: Willamette Valley Miners (WVM) | serial: ORMC161475 | acres: 40.0 | directions: not available (no club handbook source in this build) | boundary approx (BLM quarter-section)", "stroke": "#ffff00", "stroke-width": 2, "fill": "#ffff00", "fill-opacity": 0.25}}, {"type": "Feature", "geometry": {"type": "Point", "coordinates": [-123.51064849493656, 42.78579633529155]}, "properties": {"title": "WVM 4 Dads Creek", "description": "club: Willamette Valley Miners (WVM) | serial: ORMC161475 | acres: 40.0 | directions: not available (no club handbook source in this build) | boundary approx (BLM quarter-section)", "marker-color": "#ffff00", "marker-symbol": "circle"}}, {"type": "Feature", "geometry": {"type": "Polygon", "coordinates": [[[-123.51569733622911, 42.78223452211133], [-123.51565604253486, 42.78405244122987], [-123.51561475184067, 42.785870336348395], [-123.5155321444524, 42.78950614958545], [-123.51305103107886, 42.78946587381391], [-123.51056991670531, 42.789425521042354], [-123.50560767695802, 42.78934487849925], [-123.5056743253469, 42.785726005264635], [-123.50570764304133, 42.78391656214729], [-123.50574096073588, 42.78210711802996], [-123.50823006110924, 42.78213897280034], [-123.51071917048256, 42.78217083157066], [-123.51320823685587, 42.78220267434097], [-123.51569733622911, 42.78223452211133]]]}, "properties": {"title": "WVM 5 Dads Creek", "description": "club: Willamette Valley Miners (WVM) | serial: ORMC161445 | acres: 40.0 | directions: not available (no club handbook source in this build) | boundary approx (BLM quarter-section)", "stroke": "#ffff00", "stroke-width": 2, "fill": "#ffff00", "fill-opacity": 0.25}}, {"type": "Feature", "geometry": {"type": "Point", "coordinates": [-123.51064849493656, 42.78579633529155]}, "properties": {"title": "WVM 5 Dads Creek", "description": "club: Willamette Valley Miners (WVM) | serial: ORMC161445 | acres: 40.0 | directions: not available (no club handbook source in this build) | boundary approx (BLM quarter-section)", "marker-color": "#ffff00", "marker-symbol": "circle"}}, {"type": "Feature", "geometry": {"type": "Polygon", "coordinates": [[[-123.18177854138311, 42.81016249795737], [-123.18175439668042, 42.811916427072354], [-123.1794196313363, 42.811945834291386], [-123.17674434794132, 42.81197612954214], [-123.17457397062093, 42.81200063874557], [-123.17173365120148, 42.81203246901175], [-123.17174531685058, 42.80997672687848], [-123.17176604322685, 42.806322191641506], [-123.17678023900937, 42.8065118311875], [-123.18178491077278, 42.806598898727714], [-123.18177854138311, 42.81016249795737]]]}, "properties": {"title": "Pure White Gold (Whitehorse Cr)", "description": "club: Willamette Valley Miners (WVM) | serial: ORMC172749 | acres: 16.69 | directions: not available (no club handbook source in this build) | boundary approx (BLM quarter-section)", "stroke": "#ffff00", "stroke-width": 2, "fill": "#ffff00", "fill-opacity": 0.25}}, {"type": "Feature", "geometry": {"type": "Point", "coordinates": [-123.17670355268109, 42.8092306220678]}, "properties": {"title": "Pure White Gold (Whitehorse Cr)", "description": "club: Willamette Valley Miners (WVM) | serial: ORMC172749 | acres: 16.69 | directions: not available (no club handbook source in this build) | boundary approx (BLM quarter-section)", "marker-color": "#ffff00", "marker-symbol": "circle"}}, {"type": "Feature", "geometry": {"type": "Point", "coordinates": [-123.618, 42.8296]}, "properties": {"title": "Cow Creek Recreational Gold Panning Area", "description": "public panning site | precision: published | status: unconfirmed-green, using black (no confirmed onX green)", "marker-color": "#000000", "marker-symbol": "circle"}}, {"type": "Feature", "geometry": {"type": "Polygon", "coordinates": [[[-123.59253756445332, 42.71732215287441], [-123.59746172218041, 42.71733319741777], [-123.60238588090735, 42.717344240961154], [-123.60238600052465, 42.72095750718862], [-123.60238612114213, 42.72457077141609], [-123.59745702241531, 42.72456509287365], [-123.59252792368841, 42.724559415331214], [-123.5925327450708, 42.72094078510285], [-123.59253756445332, 42.71732215287441]]]}, "properties": {"title": "Windy Gap", "description": "lode | serial OR105788577 | 20.66 ac | Filed | qtr-sec OR 33 0330S 0080W 012 A NWNW|OR 33 0330S 0080W 012 A NENW|OR 33 0330S 0080W 012 A SENW|OR 33 0330S 0080W 012 A SWNW|OR 33 0330S 0080W 012 A NW | recorded~2022 (DB date, not legal located date) | src: BLM MLRS Not Closed | boundary approx (BLM quarter-section) | do not dig here (active claim)", "stroke": "#ff3300", "stroke-width": 2, "fill": "#ff3300", "fill-opacity": 0.05, "stroke-dasharray": "1,6"}}, {"type": "Feature", "geometry": {"type": "Polygon", "coordinates": [[[-123.20489083916311, 42.72436681928998], [-123.20934833580941, 42.724253616869554], [-123.20917580839213, 42.727821747115414], [-123.20900330497504, 42.73138987636122], [-123.2088717322671, 42.73321715449109], [-123.20874016055926, 42.735044432620974], [-123.20855173598075, 42.73767890680809], [-123.20565016654132, 42.73764298607485], [-123.20403442229656, 42.7376228032234], [-123.20265710908785, 42.73760554435002], [-123.20083844781897, 42.737621449519715], [-123.19951755162361, 42.73763295564296], [-123.19602539810724, 42.73766399096882], [-123.19499942795548, 42.737672888064516], [-123.1932631106987, 42.737688069226486], [-123.19121324739409, 42.73769814841723], [-123.19048214028543, 42.73770163348529], [-123.19047531585261, 42.735171141322795], [-123.19046935448645, 42.73303042618535], [-123.19046965726095, 42.73170801810004], [-123.19049382464985, 42.728103938865395], [-123.19051801503883, 42.72449986063076], [-123.19547567877784, 42.72448994117058], [-123.2004333425167, 42.72447999871047], [-123.20266209083991, 42.72442340850025], [-123.20489083916311, 42.72436681928998]]]}, "properties": {"title": "The Vault", "description": "lode | serial OR105795358 | 20.66 ac | Active | qtr-sec OR 33 0330S 0040W 005 A NE|OR 33 0330S 0040W 005 A SWNE|OR 33 0330S 0040W 005 A SENE|OR 33 0330S 0040W 005 A Government Lot 1|OR 33 0330S 0040W 005 A Government Lot 2 | recorded~2022 (DB date, not legal located date) | src: BLM MLRS Not Closed | boundary approx (BLM quarter-section) | do not dig here (active claim)", "stroke": "#ff3300", "stroke-width": 2, "fill": "#ff3300", "fill-opacity": 0.05, "stroke-dasharray": "1,6"}}, {"type": "Feature", "geometry": {"type": "Polygon", "coordinates": [[[-123.30902261232063, 42.68113381786314], [-123.30676849698293, 42.68111953007092], [-123.30402461757173, 42.68110208632386], [-123.30155052620096, 42.68108638655191], [-123.29902662482223, 42.681067352784346], [-123.2941085230913, 42.68107276024001], [-123.29143600969522, 42.68108286948802], [-123.28917795036011, 42.68108860969743], [-123.28917754721816, 42.680254243643866], [-123.28917734801321, 42.68], [-123.30903001077819, 42.68], [-123.30902261232063, 42.68113381786314]]]}, "properties": {"title": "Oro Grande", "description": "lode | serial OR105805591 | 20.66 ac | Active | qtr-sec OR 33 0350S 0050W 028 A SE|OR 33 0350S 0050W 028 A Remainder Aliquot Part NESESESE|OR 33 0350S 0050W 028 A NESE|OR 33 0350S 0050W 028 A NWSE|OR 33 0350S 0050W 028 A Remainder Aliquot Part NWSWSESE|OR 33 0350S 0050W 028 A Remainder Aliquot Part SWSWSESE|OR 33 0350S 0050W 028 A Remainder Aliquot Part NWSESESE|OR 33 0350S 0050W 028 A Remainder Aliquot Part NENESESE|OR 33 0350S 0050W 028 A Remainder Aliquot Part SENESESE|OR 33 0350S 0050W 028 A Remainder Aliquot Part NESWSESE|OR 33 0350S 0050W 028 A Remainder Aliquot Part SWSESESE|OR 33 0350S 0050W 028 A Remainder Aliquot Part NWNESESE|OR 33 0350S 0050W 028 A Remainder Aliquot Part SENWSESE|OR 33 0350S 0050W 028 A Remainder Aliquot Part NWNWSESE|OR 33 0350S 0050W 028 A Remainder Aliquot Part SWNWSESE|OR 33 0350S 0050W 028 A Remainder Aliquot Part SESWSESE|OR 33 0350S 0050W 028 A Remainder Aliquot Part SESESESE|OR 33 0350S 0050W 028 A Remainder Aliquot Part SWNESESE|OR 33 0350S 0050W 028 A SWSE|OR 33 0350S 0050W 028 A Remainder Aliquot Part NENWSESE|OR 33 0330S 0050W 028 A SE|OR 33 0330S 0050W 028 A Government Lot 16|OR 33 0330S 0050W 028 A Government Lot 15|OR 33 0330S 0050W 028 A SE|OR 33 0330S 0050W 028 A SE|OR 33 0330S 0050W 028 A SE|OR 33 0330S 0050W 028 A SE|OR 33 0330S 0050W 028 A SE|OR 33 0330S 0050W 028 A Government Lot 21|OR 33 0330S 0050W 028 A Government Lot 22|OR 33 0330S 0050W 028 A SE|OR 33 0330S 0050W 028 A SE|OR 33 0330S 0050W 028 A Government Lot 20|OR 33 0330S 0050W 028 A Government Lot 23 | recorded~2023 (DB date, not legal located date) | src: BLM MLRS Not Closed | boundary approx (BLM quarter-section) | do not dig here (active claim)", "stroke": "#ff3300", "stroke-width": 2, "fill": "#ff3300", "fill-opacity": 0.05, "stroke-dasharray": "1,6"}}, {"type": "Feature", "geometry": {"type": "Polygon", "coordinates": [[[-123.60238790727247, 42.69018174724961], [-123.60238719896135, 42.68835720413463], [-123.60484192432202, 42.68835331090667], [-123.60729662568262, 42.688349334678676], [-123.61220605140379, 42.68834146522273], [-123.61220542202493, 42.6919854864524], [-123.6122047926463, 42.69562950568201], [-123.60729742192625, 42.69564243913821], [-123.6048437415662, 42.69564890836635], [-123.60239005120607, 42.69565537359445], [-123.60238933589481, 42.693830832479506], [-123.60238862458364, 42.69200628936457], [-123.60238790727247, 42.69018174724961]]]}, "properties": {"title": "Trade Dollar", "description": "lode | serial OR105820978 | 20.66 ac | Active | qtr-sec OR 33 0330S 0080W 023 A Remainder Aliquot Part SENENE|OR 33 0330S 0080W 023 A NWNE|OR 33 0330S 0080W 023 A Remainder Aliquot Part SESENE|OR 33 0330S 0080W 023 A Remainder Aliquot Part NWNENE|OR 33 0330S 0080W 023 A Remainder Aliquot Part SWNENE|OR 33 0330S 0080W 023 A Remainder Aliquot Part NWSENE|OR 33 0330S 0080W 023 A SWNE|OR 33 0330S 0080W 023 A Remainder Aliquot Part NESENE|OR 33 0330S 0080W 023 A Remainder Aliquot Part SWSENE|OR 33 0330S 0080W 023 A Remainder Aliquot Part NENENE|OR 33 0330S 0080W 023 A NE | recorded~2023 (DB date, not legal located date) | src: BLM MLRS Not Closed | boundary approx (BLM quarter-section) | do not dig here (active claim)", "stroke": "#ff3300", "stroke-width": 2, "fill": "#ff3300", "fill-opacity": 0.05, "stroke-dasharray": "1,6"}}, {"type": "Feature", "geometry": {"type": "Polygon", "coordinates": [[[-123.30902211393348, 42.68473734109448], [-123.30902161654656, 42.68834083632574], [-123.30903598016715, 42.69197480355753], [-123.30904395578693, 42.695608604789825], [-123.30410343905318, 42.69561631924805], [-123.29916292231941, 42.69562405870617], [-123.29414151356302, 42.69557088516795], [-123.28911516080599, 42.69551873763017], [-123.28912799828626, 42.692454021432134], [-123.28913049019371, 42.691908184396894], [-123.28913596999074, 42.69071062031943], [-123.28917320958568, 42.68829763116101], [-123.2891755649728, 42.68469310692927], [-123.28917795036011, 42.68108860969743], [-123.29143600969522, 42.68108286948802], [-123.2941085230913, 42.68107276024001], [-123.29902662482223, 42.681067352784346], [-123.30155052620096, 42.68108638655191], [-123.30402461757173, 42.68110208632386], [-123.30676849698293, 42.68111953007092], [-123.30902261232063, 42.68113381786314], [-123.30902211393348, 42.68473734109448]]]}, "properties": {"title": "Blalock", "description": "lode | serial OR105832353 | 20.66 ac | Active | qtr-sec OR 33 0330S 0050W 021 A SW|OR 33 0330S 0050W 021 A NWSW|OR 33 0330S 0050W 021 A Government Lot 6|OR 33 0330S 0050W 021 A Government Lot 1|OR 33 0330S 0050W 021 A SW|OR 33 0330S 0050W 021 A SW|OR 33 0330S 0050W 021 A Government Lot 2|OR 33 0330S 0050W 021 A Government Lot 3|OR 33 0330S 0050W 021 A SW | recorded~2023 (DB date, not legal located date) | src: BLM MLRS Not Closed | boundary approx (BLM quarter-section) | do not dig here (active claim)", "stroke": "#ff3300", "stroke-width": 2, "fill": "#ff3300", "fill-opacity": 0.05, "stroke-dasharray": "1,6"}}, {"type": "Feature", "geometry": {"type": "Polygon", "coordinates": [[[-123.3476625468569, 42.884146976223136], [-123.347639041296, 42.88671020838789], [-123.34763079845014, 42.887610062445745], [-123.34760585091652, 42.89033173762062], [-123.34759349504276, 42.89107312066877], [-123.34292847034509, 42.89105204510311], [-123.33822466164156, 42.891030787541055], [-123.33816542901427, 42.887449712319395], [-123.33810621938716, 42.883868637097706], [-123.34301871414274, 42.88401173464815], [-123.3476625468569, 42.884146976223136]]]}, "properties": {"title": "CONTENTION", "description": "lode | serial ORMC142433 | 20.66 ac | Active | qtr-sec OR 33 0310S 0050W 007 A SW | recorded~2021 (DB date, not legal located date) | src: BLM MLRS Not Closed | boundary approx (BLM quarter-section) | do not dig here (active claim)", "stroke": "#ff3300", "stroke-width": 2, "fill": "#ff3300", "fill-opacity": 0.05, "stroke-dasharray": "1,6"}}, {"type": "Feature", "geometry": {"type": "Polygon", "coordinates": [[[-123.23862060257797, 42.72073585792973], [-123.23835771916423, 42.72440383219001], [-123.23338824641432, 42.724353462647485], [-123.22841880366435, 42.72430312310497], [-123.22872635409888, 42.72071770584569], [-123.22903390653356, 42.717132262586375], [-123.23395868326278, 42.71710018512789], [-123.23888346099191, 42.717067913669425], [-123.23862060257797, 42.72073585792973]]]}, "properties": {"title": "FORGET ME NOT 2", "description": "lode | serial ORMC15700 | 20.66 ac | Active | qtr-sec OR 33 0330S 0050W 012 A NE | recorded~2021 (DB date, not legal located date) | src: BLM MLRS Not Closed | boundary approx (BLM quarter-section) | do not dig here (active claim)", "stroke": "#ff3300", "stroke-width": 2, "fill": "#ff3300", "fill-opacity": 0.05, "stroke-dasharray": "1,6"}}, {"type": "Feature", "geometry": {"type": "Polygon", "coordinates": [[[-123.27925056111162, 42.68831680708108], [-123.27925503772168, 42.69189799831078], [-123.27925954433186, 42.69547919054048], [-123.2792336319518, 42.69914332677829], [-123.27920774857189, 42.70280746501609], [-123.27673457420576, 42.70282034824598], [-123.2742613998396, 42.70283317847594], [-123.26931507810717, 42.70285866993588], [-123.26428722433961, 42.70275021739471], [-123.25925939957185, 42.70264151585345], [-123.25923472394011, 42.69895309961854], [-123.2592099923086, 42.69526476838364], [-123.26425084708674, 42.69542338892696], [-123.26929167586472, 42.6955819794703], [-123.26927889024614, 42.691958621238555], [-123.26927007082043, 42.689464186078965], [-123.26926607762773, 42.68833523400675], [-123.27102951288985, 42.688332030843256], [-123.2742583203698, 42.688326131543896], [-123.27925056111162, 42.68831680708108]]]}, "properties": {"title": "OLYMPIA", "description": "lode | serial ORMC157633 | 19.69 ac | Active | qtr-sec OR 33 0330S 0050W 014 A SW|OR 33 0330S 0050W 015 A SE|OR 33 0330S 0050W 022 A NE | recorded~2021 (DB date, not legal located date) | src: BLM MLRS Not Closed | boundary approx (BLM quarter-section) | do not dig here (active claim)", "stroke": "#ff3300", "stroke-width": 2, "fill": "#ff3300", "fill-opacity": 0.05, "stroke-dasharray": "1,6"}}, {"type": "Feature", "geometry": {"type": "Polygon", "coordinates": [[[-123.50666177017483, 42.917288597451], [-123.50665527253682, 42.91361083722087], [-123.51158856326045, 42.91357551675707], [-123.516521882984, 42.91354016729325], [-123.52147053671716, 42.9135484018307], [-123.52394421208383, 42.913554045599575], [-123.52641863645006, 42.913556386368164], [-123.52638474307034, 42.91716611959751], [-123.52637683222561, 42.91806867965479], [-123.52636862738073, 42.91897114171209], [-123.52636042253593, 42.91987360376939], [-123.52635160069096, 42.92077587982677], [-123.52623192429179, 42.92434441906145], [-123.52611222089274, 42.92791298629614], [-123.52135763118748, 42.927900082740535], [-123.5166092084837, 42.92789109618456], [-123.51170813775228, 42.927853416641085], [-123.50680706702067, 42.92781576309752], [-123.50677283871892, 42.92610442699346], [-123.50673876541728, 42.92439322688937], [-123.50666826781301, 42.92096635668109], [-123.50666177017483, 42.917288597451]]]}, "properties": {"title": "ROGUE GEM & GEO 3", "description": "lode | serial ORMC160899 | 15.0 ac | Active | qtr-sec OR 33 0300S 0070W 034 A NW|OR 33 0300S 0070W 034 A NE|OR 33 0300S 0070W 034 A SW|OR 33 0300S 0070W 034 A SE | recorded~2021 (DB date, not legal located date) | src: BLM MLRS Not Closed | boundary approx (BLM quarter-section) | do not dig here (active claim)", "stroke": "#ff3300", "stroke-width": 2, "fill": "#ff3300", "fill-opacity": 0.05, "stroke-dasharray": "1,6"}}, {"type": "Feature", "geometry": {"type": "Polygon", "coordinates": [[[-123.26425084708674, 42.69542338892696], [-123.2592099923086, 42.69526476838364], [-123.25918740169571, 42.69168293715528], [-123.25916478408296, 42.68810110592689], [-123.26421541785544, 42.68821828146683], [-123.2681906324633, 42.68831034010469], [-123.26926607762773, 42.68833523400675], [-123.27102951288985, 42.688332030843256], [-123.2742583203698, 42.688326131543896], [-123.27925056111162, 42.68831680708108], [-123.27925503772168, 42.69189799831078], [-123.27925954433186, 42.69547919054048], [-123.27427560859837, 42.695530599005394], [-123.26929167586472, 42.6955819794703], [-123.26425084708674, 42.69542338892696]]]}, "properties": {"title": "DEWEY", "description": "lode | serial ORMC161037 | 20.66 ac | Active | qtr-sec OR 33 0330S 0050W 022 A NE|OR 33 0330S 0050W 023 A NW | recorded~2021 (DB date, not legal located date) | src: BLM MLRS Not Closed | boundary approx (BLM quarter-section) | do not dig here (active claim)", "stroke": "#ff3300", "stroke-width": 2, "fill": "#ff3300", "fill-opacity": 0.05, "stroke-dasharray": "1,6"}}, {"type": "Feature", "geometry": {"type": "Polygon", "coordinates": [[[-123.26425084708674, 42.69542338892696], [-123.2592099923086, 42.69526476838364], [-123.25918740169571, 42.69168293715528], [-123.25916478408296, 42.68810110592689], [-123.26421541785544, 42.68821828146683], [-123.2681906324633, 42.68831034010469], [-123.26926607762773, 42.68833523400675], [-123.27102951288985, 42.688332030843256], [-123.2742583203698, 42.688326131543896], [-123.27925056111162, 42.68831680708108], [-123.27925503772168, 42.69189799831078], [-123.27925954433186, 42.69547919054048], [-123.27427560859837, 42.695530599005394], [-123.26929167586472, 42.6955819794703], [-123.26425084708674, 42.69542338892696]]]}, "properties": {"title": "OREL", "description": "lode | serial ORMC161038 | 20.66 ac | Active | qtr-sec OR 33 0330S 0050W 022 A NE|OR 33 0330S 0050W 023 A NW | recorded~2021 (DB date, not legal located date) | src: BLM MLRS Not Closed | boundary approx (BLM quarter-section) | do not dig here (active claim)", "stroke": "#ff3300", "stroke-width": 2, "fill": "#ff3300", "fill-opacity": 0.05, "stroke-dasharray": "1,6"}}, {"type": "Feature", "geometry": {"type": "Polygon", "coordinates": [[[-123.27925056111162, 42.68831680708108], [-123.27925503772168, 42.69189799831078], [-123.27925954433186, 42.69547919054048], [-123.27427560859837, 42.695530599005394], [-123.26929167586472, 42.6955819794703], [-123.26927889024614, 42.691958621238555], [-123.26927007082043, 42.689464186078965], [-123.26926607762773, 42.68833523400675], [-123.27102951288985, 42.688332030843256], [-123.2742583203698, 42.688326131543896], [-123.27925056111162, 42.68831680708108]]]}, "properties": {"title": "SPOTTED FAWN", "description": "lode | serial ORMC161039 | 20.66 ac | Active | qtr-sec OR 33 0330S 0050W 022 A NE | recorded~2021 (DB date, not legal located date) | src: BLM MLRS Not Closed | boundary approx (BLM quarter-section) | do not dig here (active claim)", "stroke": "#ff3300", "stroke-width": 2, "fill": "#ff3300", "fill-opacity": 0.05, "stroke-dasharray": "1,6"}}, {"type": "Feature", "geometry": {"type": "Polygon", "coordinates": [[[-123.2891755649728, 42.68469310692927], [-123.28917320958568, 42.68829763116101], [-123.2842118848487, 42.68830731662104], [-123.27925056111162, 42.68831680708108], [-123.2792459994939, 42.68468964284833], [-123.27924372018514, 42.68287604673199], [-123.27924143887641, 42.68106247961561], [-123.28172558724738, 42.68106901238605], [-123.28420970861836, 42.68107554415649], [-123.28917795036011, 42.68108860969743], [-123.2891755649728, 42.68469310692927]]]}, "properties": {"title": "FRANDOR II", "description": "lode | serial ORMC166409 | 20.66 ac | Active | qtr-sec OR 33 0330S 0050W 022 A SW | recorded~2021 (DB date, not legal located date) | src: BLM MLRS Not Closed | boundary approx (BLM quarter-section) | do not dig here (active claim)", "stroke": "#ff3300", "stroke-width": 2, "fill": "#ff3300", "fill-opacity": 0.05, "stroke-dasharray": "1,6"}}, {"type": "Feature", "geometry": {"type": "Polygon", "coordinates": [[[-123.61220730816434, 42.68106719376413], [-123.61220667978397, 42.684704330993505], [-123.61220605140379, 42.68834146522273], [-123.60729662568262, 42.688349334678676], [-123.60484192432202, 42.68835331090667], [-123.60238719896135, 42.68835720413463], [-123.60238648765026, 42.68653266201964], [-123.60238577233922, 42.68470812090464], [-123.60238506302822, 42.68288357678966], [-123.60238434671726, 42.68105903467465], [-123.60238367604933, 42.68], [-123.61220783444428, 42.68], [-123.61220730816434, 42.68106719376413]]]}, "properties": {"title": "PYX", "description": "lode | serial ORMC170835 | 20.66 ac | Active | qtr-sec OR 33 0330S 0080W 023 A SE|OR 33 0330S 0080W 026 A NE | recorded~2021 (DB date, not legal located date) | src: BLM MLRS Not Closed | boundary approx (BLM quarter-section) | do not dig here (active claim)", "stroke": "#ff3300", "stroke-width": 2, "fill": "#ff3300", "fill-opacity": 0.05, "stroke-dasharray": "1,6"}}, {"type": "Feature", "geometry": {"type": "Polygon", "coordinates": [[[-123.3476625468569, 42.884146976223136], [-123.347639041296, 42.88671020838789], [-123.34763079845014, 42.887610062445745], [-123.34760585091652, 42.89033173762062], [-123.34759349504276, 42.89107312066877], [-123.34292847034509, 42.89105204510311], [-123.33822466164156, 42.891030787541055], [-123.33816542901427, 42.887449712319395], [-123.33810621938716, 42.883868637097706], [-123.34301871414274, 42.88401173464815], [-123.3476625468569, 42.884146976223136]]]}, "properties": {"title": "CHEROKEE 7", "description": "lode | serial ORMC170909 | 20.66 ac | Active | qtr-sec OR 33 0310S 0050W 007 A SW | recorded~2021 (DB date, not legal located date) | src: BLM MLRS Not Closed | boundary approx (BLM quarter-section) | do not dig here (active claim)", "stroke": "#ff3300", "stroke-width": 2, "fill": "#ff3300", "fill-opacity": 0.05, "stroke-dasharray": "1,6"}}, {"type": "Feature", "geometry": {"type": "Polygon", "coordinates": [[[-123.33810621938716, 42.883868637097706], [-123.33816542901427, 42.887449712319395], [-123.33822466164156, 42.891030787541055], [-123.33347882793153, 42.891008948982886], [-123.32873299322138, 42.89098710942473], [-123.32849166354472, 42.88727693021174], [-123.3282503568683, 42.88356674999873], [-123.33317828862779, 42.8837176935482], [-123.33810621938716, 42.883868637097706]]]}, "properties": {"title": "SR HUCKLEBERRY", "description": "lode | serial ORMC171081 | 20.66 ac | Active | qtr-sec OR 33 0310S 0050W 007 A SE | recorded~2021 (DB date, not legal located date) | src: BLM MLRS Not Closed | boundary approx (BLM quarter-section) | do not dig here (active claim)", "stroke": "#ff3300", "stroke-width": 2, "fill": "#ff3300", "fill-opacity": 0.05, "stroke-dasharray": "1,6"}}, {"type": "Feature", "geometry": {"type": "Polygon", "coordinates": [[[-123.20050118357486, 42.695406434828854], [-123.20547901031065, 42.69536226636518], [-123.21045683704624, 42.69531809790147], [-123.21042906166083, 42.69895395813854], [-123.2104151619682, 42.70077187625706], [-123.21040126227558, 42.70258981837557], [-123.20791893790843, 42.70261015060681], [-123.2054366135413, 42.70263040083796], [-123.20295428917407, 42.702650699069196], [-123.20047196480687, 42.70267096030036], [-123.20047925949879, 42.70085483518249], [-123.20048658619076, 42.69903870906461], [-123.20050118357486, 42.695406434828854]]]}, "properties": {"title": "COPPER KING", "description": "lode | serial ORMC171712 | 20.66 ac | Active | qtr-sec OR 33 0330S 0040W 017 A SW | recorded~2021 (DB date, not legal located date) | src: BLM MLRS Not Closed | boundary approx (BLM quarter-section) | do not dig here (active claim)", "stroke": "#ff3300", "stroke-width": 2, "fill": "#ff3300", "fill-opacity": 0.05, "stroke-dasharray": "1,6"}}, {"type": "Feature", "geometry": {"type": "Polygon", "coordinates": [[[-123.2891755649728, 42.68469310692927], [-123.28917320958568, 42.68829763116101], [-123.2842118848487, 42.68830731662104], [-123.27925056111162, 42.68831680708108], [-123.2792459994939, 42.68468964284833], [-123.27924372018514, 42.68287604673199], [-123.27924143887641, 42.68106247961561], [-123.28172558724738, 42.68106901238605], [-123.28420970861836, 42.68107554415649], [-123.28917795036011, 42.68108860969743], [-123.2891755649728, 42.68469310692927]]]}, "properties": {"title": "FRANDOR 1", "description": "lode | serial ORMC175110 | 20.66 ac | Active | qtr-sec OR 33 0330S 0050W 022 A SW | recorded~2021 (DB date, not legal located date) | src: BLM MLRS Not Closed | boundary approx (BLM quarter-section) | do not dig here (active claim)", "stroke": "#ff3300", "stroke-width": 2, "fill": "#ff3300", "fill-opacity": 0.05, "stroke-dasharray": "1,6"}}, {"type": "Feature", "geometry": {"type": "Polygon", "coordinates": [[[-123.2891755649728, 42.68469310692927], [-123.28917320958568, 42.68829763116101], [-123.2842118848487, 42.68830731662104], [-123.27925056111162, 42.68831680708108], [-123.2792459994939, 42.68468964284833], [-123.27924372018514, 42.68287604673199], [-123.27924143887641, 42.68106247961561], [-123.28172558724738, 42.68106901238605], [-123.28420970861836, 42.68107554415649], [-123.28917795036011, 42.68108860969743], [-123.2891755649728, 42.68469310692927]]]}, "properties": {"title": "FRANDOR 3", "description": "lode | serial ORMC175111 | 20.66 ac | Active | qtr-sec OR 33 0330S 0050W 022 A SW | recorded~2021 (DB date, not legal located date) | src: BLM MLRS Not Closed | boundary approx (BLM quarter-section) | do not dig here (active claim)", "stroke": "#ff3300", "stroke-width": 2, "fill": "#ff3300", "fill-opacity": 0.05, "stroke-dasharray": "1,6"}}, {"type": "Feature", "geometry": {"type": "Polygon", "coordinates": [[[-123.2891755649728, 42.68469310692927], [-123.28917320958568, 42.68829763116101], [-123.2842118848487, 42.68830731662104], [-123.27925056111162, 42.68831680708108], [-123.2792459994939, 42.68468964284833], [-123.27924372018514, 42.68287604673199], [-123.27924143887641, 42.68106247961561], [-123.28172558724738, 42.68106901238605], [-123.28420970861836, 42.68107554415649], [-123.28917795036011, 42.68108860969743], [-123.2891755649728, 42.68469310692927]]]}, "properties": {"title": "FRANDOR 4", "description": "lode | serial ORMC175112 | 20.66 ac | Active | qtr-sec OR 33 0330S 0050W 022 A SW | recorded~2021 (DB date, not legal located date) | src: BLM MLRS Not Closed | boundary approx (BLM quarter-section) | do not dig here (active claim)", "stroke": "#ff3300", "stroke-width": 2, "fill": "#ff3300", "fill-opacity": 0.05, "stroke-dasharray": "1,6"}}, {"type": "Feature", "geometry": {"type": "Polygon", "coordinates": [[[-123.2891755649728, 42.68469310692927], [-123.28917320958568, 42.68829763116101], [-123.2842118848487, 42.68830731662104], [-123.27925056111162, 42.68831680708108], [-123.2792459994939, 42.68468964284833], [-123.27924372018514, 42.68287604673199], [-123.27924143887641, 42.68106247961561], [-123.28172558724738, 42.68106901238605], [-123.28420970861836, 42.68107554415649], [-123.28917795036011, 42.68108860969743], [-123.2891755649728, 42.68469310692927]]]}, "properties": {"title": "FRANDOR 5", "description": "lode | serial ORMC175113 | 9.183 ac | Active | qtr-sec OR 33 0330S 0050W 022 A SW | recorded~2021 (DB date, not legal located date) | src: BLM MLRS Not Closed | boundary approx (BLM quarter-section) | do not dig here (active claim)", "stroke": "#ff3300", "stroke-width": 2, "fill": "#ff3300", "fill-opacity": 0.05, "stroke-dasharray": "1,6"}}, {"type": "Feature", "geometry": {"type": "Polygon", "coordinates": [[[-123.30902261232063, 42.68113381786314], [-123.30676849698293, 42.68111953007092], [-123.30402461757173, 42.68110208632386], [-123.30155052620096, 42.68108638655191], [-123.29902662482223, 42.681067352784346], [-123.29902732223496, 42.68], [-123.30903001077819, 42.68], [-123.30902261232063, 42.68113381786314]]]}, "properties": {"title": "HORSESHOE LOAD EXT 3", "description": "lode | serial ORMC176896 | 20.66 ac | Active | qtr-sec OR 33 0330S 0050W 028 A NW | recorded~2021 (DB date, not legal located date) | src: BLM MLRS Not Closed | boundary approx (BLM quarter-section) | do not dig here (active claim)", "stroke": "#ff3300", "stroke-width": 2, "fill": "#ff3300", "fill-opacity": 0.05, "stroke-dasharray": "1,6"}}, {"type": "Feature", "geometry": {"type": "Polygon", "coordinates": [[[-123.30902261232063, 42.68113381786314], [-123.30676849698293, 42.68111953007092], [-123.30402461757173, 42.68110208632386], [-123.30155052620096, 42.68108638655191], [-123.29902662482223, 42.681067352784346], [-123.2941085230913, 42.68107276024001], [-123.29143600969522, 42.68108286948802], [-123.28917795036011, 42.68108860969743], [-123.28917754721816, 42.680254243643866], [-123.28917734801321, 42.68], [-123.30903001077819, 42.68], [-123.30902261232063, 42.68113381786314]]]}, "properties": {"title": "HORSESHOE LOAD EXT 4", "description": "lode | serial ORMC176897 | 20.66 ac | Active | qtr-sec OR 33 0330S 0050W 028 A NW|OR 33 0330S 0050W 028 A NE | recorded~2021 (DB date, not legal located date) | src: BLM MLRS Not Closed | boundary approx (BLM quarter-section) | do not dig here (active claim)", "stroke": "#ff3300", "stroke-width": 2, "fill": "#ff3300", "fill-opacity": 0.05, "stroke-dasharray": "1,6"}}, {"type": "Feature", "geometry": {"type": "Polygon", "coordinates": [[[-123.30902261232063, 42.68113381786314], [-123.30676849698293, 42.68111953007092], [-123.30402461757173, 42.68110208632386], [-123.30155052620096, 42.68108638655191], [-123.29902662482223, 42.681067352784346], [-123.2941085230913, 42.68107276024001], [-123.29143600969522, 42.68108286948802], [-123.28917795036011, 42.68108860969743], [-123.28917754721816, 42.680254243643866], [-123.28917734801321, 42.68], [-123.30903001077819, 42.68], [-123.30902261232063, 42.68113381786314]]]}, "properties": {"title": "HORSESHOE LOAD EXT 5", "description": "lode | serial ORMC176898 | 20.66 ac | Active | qtr-sec OR 33 0330S 0050W 028 A NW|OR 33 0330S 0050W 028 A NE | recorded~2021 (DB date, not legal located date) | src: BLM MLRS Not Closed | boundary approx (BLM quarter-section) | do not dig here (active claim)", "stroke": "#ff3300", "stroke-width": 2, "fill": "#ff3300", "fill-opacity": 0.05, "stroke-dasharray": "1,6"}}, {"type": "Feature", "geometry": {"type": "Polygon", "coordinates": [[[-123.30902261232063, 42.68113381786314], [-123.30676849698293, 42.68111953007092], [-123.30402461757173, 42.68110208632386], [-123.30155052620096, 42.68108638655191], [-123.29902662482223, 42.681067352784346], [-123.2941085230913, 42.68107276024001], [-123.29143600969522, 42.68108286948802], [-123.28917795036011, 42.68108860969743], [-123.28917754721816, 42.680254243643866], [-123.28917734801321, 42.68], [-123.30903001077819, 42.68], [-123.30902261232063, 42.68113381786314]]]}, "properties": {"title": "HORSESHOE LOAD EXT 6", "description": "lode | serial ORMC176899 | 20.66 ac | Active | qtr-sec OR 33 0330S 0050W 028 A NW|OR 33 0330S 0050W 028 A NE | recorded~2021 (DB date, not legal located date) | src: BLM MLRS Not Closed | boundary approx (BLM quarter-section) | do not dig here (active claim)", "stroke": "#ff3300", "stroke-width": 2, "fill": "#ff3300", "fill-opacity": 0.05, "stroke-dasharray": "1,6"}}, {"type": "Feature", "geometry": {"type": "Polygon", "coordinates": [[[-123.30902261232063, 42.68113381786314], [-123.30676849698293, 42.68111953007092], [-123.30402461757173, 42.68110208632386], [-123.30155052620096, 42.68108638655191], [-123.29902662482223, 42.681067352784346], [-123.29902732223496, 42.68], [-123.30903001077819, 42.68], [-123.30902261232063, 42.68113381786314]]]}, "properties": {"title": "HORSESHOE LOAD EXT 7", "description": "lode | serial ORMC176900 | 20.66 ac | Active | qtr-sec OR 33 0330S 0050W 028 A NW|OR 33 0330S 0050W 028 A SW | recorded~2021 (DB date, not legal located date) | src: BLM MLRS Not Closed | boundary approx (BLM quarter-section) | do not dig here (active claim)", "stroke": "#ff3300", "stroke-width": 2, "fill": "#ff3300", "fill-opacity": 0.05, "stroke-dasharray": "1,6"}}, {"type": "Feature", "geometry": {"type": "Polygon", "coordinates": [[[-123.30902261232063, 42.68113381786314], [-123.30676849698293, 42.68111953007092], [-123.30402461757173, 42.68110208632386], [-123.30155052620096, 42.68108638655191], [-123.29902662482223, 42.681067352784346], [-123.2941085230913, 42.68107276024001], [-123.29143600969522, 42.68108286948802], [-123.28917795036011, 42.68108860969743], [-123.28917754721816, 42.680254243643866], [-123.28917734801321, 42.68], [-123.30903001077819, 42.68], [-123.30902261232063, 42.68113381786314]]]}, "properties": {"title": "HORSESHOE LOAD EXT 8", "description": "lode | serial ORMC176901 | 20.66 ac | Active | qtr-sec OR 33 0330S 0050W 028 A NW|OR 33 0330S 0050W 028 A NE|OR 33 0330S 0050W 028 A SW|OR 33 0330S 0050W 028 A SE | recorded~2021 (DB date, not legal located date) | src: BLM MLRS Not Closed | boundary approx (BLM quarter-section) | do not dig here (active claim)", "stroke": "#ff3300", "stroke-width": 2, "fill": "#ff3300", "fill-opacity": 0.05, "stroke-dasharray": "1,6"}}, {"type": "Feature", "geometry": {"type": "Polygon", "coordinates": [[[-123.63187071029361, 42.68832432739719], [-123.62694831956975, 42.68832460585393], [-123.62202592984576, 42.688324883310614], [-123.61711599012484, 42.688333174766704], [-123.61220605140379, 42.68834146522273], [-123.61220667978397, 42.684704330993505], [-123.61220730816434, 42.68106719376413], [-123.61711877488762, 42.68107125930887], [-123.62203024061085, 42.68107532485357], [-123.62336255480649, 42.68107323772988], [-123.62694940333313, 42.68106769539684], [-123.62955083571497, 42.681063654155274], [-123.63109284194131, 42.6810612680121], [-123.63186856405521, 42.6810600659401], [-123.63263513016764, 42.681058526868874], [-123.63186874015639, 42.68165378197743], [-123.63186963667431, 42.68469219816867], [-123.63187071029361, 42.68832432739719]]]}, "properties": {"title": "IOWA", "description": "lode | serial ORMC18189 | 20.66 ac | Active | qtr-sec OR 33 0330S 0080W 022 A SE|OR 33 0330S 0080W 023 A SW | recorded~2021 (DB date, not legal located date) | src: BLM MLRS Not Closed | boundary approx (BLM quarter-section) | do not dig here (active claim)", "stroke": "#ff3300", "stroke-width": 2, "fill": "#ff3300", "fill-opacity": 0.05, "stroke-dasharray": "1,6"}}, {"type": "Feature", "geometry": {"type": "Polygon", "coordinates": [[[-123.63679418377772, 42.68105018748257], [-123.63263513016764, 42.681058526868874], [-123.63186874015639, 42.68165378197743], [-123.63186963667431, 42.68469219816867], [-123.63187071029361, 42.68832432739719], [-123.62694831956975, 42.68832460585393], [-123.62202592984576, 42.688324883310614], [-123.61711599012484, 42.688333174766704], [-123.61220605140379, 42.68834146522273], [-123.61220667978397, 42.684704330993505], [-123.61220730816434, 42.68106719376413], [-123.61220783444428, 42.68], [-123.63679452247243, 42.68], [-123.63679418377772, 42.68105018748257]], [[-123.63311608517469, 42.68068496680076], [-123.63186906795934, 42.68049717190458], [-123.63186856405521, 42.6810600659401], [-123.63263513016764, 42.681058526868874], [-123.63311608517469, 42.68068496680076]]]}, "properties": {"title": "IDAHO", "description": "lode | serial ORMC18190 | 20.66 ac | Active | qtr-sec OR 33 0330S 0080W 022 A SE|OR 33 0330S 0080W 023 A SW|OR 33 0330S 0080W 026 A NW|OR 33 0330S 0080W 027 A NE | recorded~2021 (DB date, not legal located date) | src: BLM MLRS Not Closed | boundary approx (BLM quarter-section) | do not dig here (active claim)", "stroke": "#ff3300", "stroke-width": 2, "fill": "#ff3300", "fill-opacity": 0.05, "stroke-dasharray": "1,6"}}, {"type": "Feature", "geometry": {"type": "Polygon", "coordinates": [[[-123.62203024061085, 42.68107532485357], [-123.62202962278675, 42.68210812391874], [-123.6220293498645, 42.68256462494747], [-123.62202890699028, 42.68330303499404], [-123.62202808522825, 42.68470010508211], [-123.62202748339766, 42.68569467314483], [-123.62202723047072, 42.68612345917189], [-123.62202592984576, 42.688324883310614], [-123.61711599012484, 42.688333174766704], [-123.61220605140379, 42.68834146522273], [-123.61220667978397, 42.684704330993505], [-123.61220730816434, 42.68106719376413], [-123.61711877488762, 42.68107125930887], [-123.62203024061085, 42.68107532485357]]]}, "properties": {"title": "BERKELEY", "description": "lode | serial ORMC18191 | 20.66 ac | Active | qtr-sec OR 33 0330S 0080W 023 A SW | recorded~2021 (DB date, not legal located date) | src: BLM MLRS Not Closed | boundary approx (BLM quarter-section) | do not dig here (active claim)", "stroke": "#ff3300", "stroke-width": 2, "fill": "#ff3300", "fill-opacity": 0.05, "stroke-dasharray": "1,6"}}, {"type": "Feature", "geometry": {"type": "Polygon", "coordinates": [[[-123.63187071029361, 42.68832432739719], [-123.62694831956975, 42.68832460585393], [-123.62202592984576, 42.688324883310614], [-123.62202274546578, 42.691964289540074], [-123.62201956208604, 42.69560369276954], [-123.6171121773662, 42.69561659922576], [-123.6122047926463, 42.69562950568201], [-123.61220542202493, 42.6919854864524], [-123.61220605140379, 42.68834146522273], [-123.61220667978397, 42.684704330993505], [-123.61220730816434, 42.68106719376413], [-123.61711877488762, 42.68107125930887], [-123.62203024061085, 42.68107532485357], [-123.62336255480649, 42.68107323772988], [-123.62694940333313, 42.68106769539684], [-123.62955083571497, 42.681063654155274], [-123.63109284194131, 42.6810612680121], [-123.63186856405521, 42.6810600659401], [-123.63263513016764, 42.681058526868874], [-123.63186874015639, 42.68165378197743], [-123.63186963667431, 42.68469219816867], [-123.63187071029361, 42.68832432739719]]]}, "properties": {"title": "POSER", "description": "lode | serial ORMC18192 | 20.66 ac | Active | qtr-sec OR 33 0330S 0080W 022 A SE|OR 33 0330S 0080W 023 A NW|OR 33 0330S 0080W 023 A SW | recorded~2021 (DB date, not legal located date) | src: BLM MLRS Not Closed | boundary approx (BLM quarter-section) | do not dig here (active claim)", "stroke": "#ff3300", "stroke-width": 2, "fill": "#ff3300", "fill-opacity": 0.05, "stroke-dasharray": "1,6"}}, {"type": "Feature", "geometry": {"type": "Polygon", "coordinates": [[[-123.62203024061085, 42.68107532485357], [-123.62202962278675, 42.68210812391874], [-123.6220293498645, 42.68256462494747], [-123.62202890699028, 42.68330303499404], [-123.62202808522825, 42.68470010508211], [-123.62202748339766, 42.68569467314483], [-123.62202723047072, 42.68612345917189], [-123.62202592984576, 42.688324883310614], [-123.62202274546578, 42.691964289540074], [-123.62201956208604, 42.69560369276954], [-123.6171121773662, 42.69561659922576], [-123.6122047926463, 42.69562950568201], [-123.61220542202493, 42.6919854864524], [-123.61220605140379, 42.68834146522273], [-123.61220667978397, 42.684704330993505], [-123.61220730816434, 42.68106719376413], [-123.61711877488762, 42.68107125930887], [-123.62203024061085, 42.68107532485357]]]}, "properties": {"title": "CONFIDENCE", "description": "lode | serial ORMC18193 | 20.66 ac | Active | qtr-sec OR 33 0330S 0080W 023 A NW|OR 33 0330S 0080W 023 A SW | recorded~2021 (DB date, not legal located date) | src: BLM MLRS Not Closed | boundary approx (BLM quarter-section) | do not dig here (active claim)", "stroke": "#ff3300", "stroke-width": 2, "fill": "#ff3300", "fill-opacity": 0.05, "stroke-dasharray": "1,6"}}, {"type": "Feature", "geometry": {"type": "Polygon", "coordinates": [[[-123.64171980350014, 42.68104030802505], [-123.63679418377772, 42.68105018748257], [-123.63679452247243, 42.68], [-123.64171954198737, 42.68], [-123.64171980350014, 42.68104030802505]]]}, "properties": {"title": "WASHINGTON", "description": "lode | serial ORMC18194 | 20.66 ac | Active | qtr-sec OR 33 0330S 0080W 027 A NW|OR 33 0330S 0080W 027 A SW | recorded~2021 (DB date, not legal located date) | src: BLM MLRS Not Closed | boundary approx (BLM quarter-section) | do not dig here (active claim)", "stroke": "#ff3300", "stroke-width": 2, "fill": "#ff3300", "fill-opacity": 0.05, "stroke-dasharray": "1,6"}}, {"type": "Feature", "geometry": {"type": "Polygon", "coordinates": [[[-123.64171980350014, 42.68104030802505], [-123.63679418377772, 42.68105018748257], [-123.63263513016764, 42.681058526868874], [-123.63186856405521, 42.6810600659401], [-123.63109284194131, 42.6810612680121], [-123.62955083571497, 42.681063654155274], [-123.62694940333313, 42.68106769539684], [-123.62336255480649, 42.68107323772988], [-123.62203024061085, 42.68107532485357], [-123.62203199500313, 42.68], [-123.64171954198737, 42.68], [-123.64171980350014, 42.68104030802505]]]}, "properties": {"title": "MONTANA", "description": "lode | serial ORMC18195 | 20.66 ac | Active | qtr-sec OR 33 0330S 0080W 027 A NW|OR 33 0330S 0080W 027 A NE | recorded~2021 (DB date, not legal located date) | src: BLM MLRS Not Closed | boundary approx (BLM quarter-section) | do not dig here (active claim)", "stroke": "#ff3300", "stroke-width": 2, "fill": "#ff3300", "fill-opacity": 0.05, "stroke-dasharray": "1,6"}}, {"type": "Feature", "geometry": {"type": "Polygon", "coordinates": [[[-123.63679418377772, 42.68105018748257], [-123.63263513016764, 42.681058526868874], [-123.63311608517469, 42.68068496680076], [-123.63186906795934, 42.68049717190458], [-123.63186856405521, 42.6810600659401], [-123.63109284194131, 42.6810612680121], [-123.62955083571497, 42.681063654155274], [-123.62694940333313, 42.68106769539684], [-123.62336255480649, 42.68107323772988], [-123.62203024061085, 42.68107532485357], [-123.62203199500313, 42.68], [-123.63679452247243, 42.68], [-123.63679418377772, 42.68105018748257]]]}, "properties": {"title": "COLORADO", "description": "lode | serial ORMC18196 | 20.66 ac | Active | qtr-sec OR 33 0330S 0080W 027 A NE|OR 33 0330S 0080W 027 A SE | recorded~2021 (DB date, not legal located date) | src: BLM MLRS Not Closed | boundary approx (BLM quarter-section) | do not dig here (active claim)", "stroke": "#ff3300", "stroke-width": 2, "fill": "#ff3300", "fill-opacity": 0.05, "stroke-dasharray": "1,6"}}, {"type": "Feature", "geometry": {"type": "Polygon", "coordinates": [[[-123.63679418377772, 42.68105018748257], [-123.63263513016764, 42.681058526868874], [-123.63311608517469, 42.68068496680076], [-123.63186906795934, 42.68049717190458], [-123.63186856405521, 42.6810600659401], [-123.63109284194131, 42.6810612680121], [-123.62955083571497, 42.681063654155274], [-123.62694940333313, 42.68106769539684], [-123.62336255480649, 42.68107323772988], [-123.62203024061085, 42.68107532485357], [-123.62203199500313, 42.68], [-123.63679452247243, 42.68], [-123.63679418377772, 42.68105018748257]]]}, "properties": {"title": "NEVADA", "description": "lode | serial ORMC18197 | 20.66 ac | Active | qtr-sec OR 33 0330S 0080W 027 A NE | recorded~2021 (DB date, not legal located date) | src: BLM MLRS Not Closed | boundary approx (BLM quarter-section) | do not dig here (active claim)", "stroke": "#ff3300", "stroke-width": 2, "fill": "#ff3300", "fill-opacity": 0.05, "stroke-dasharray": "1,6"}}, {"type": "Feature", "geometry": {"type": "Polygon", "coordinates": [[[-123.63679418377772, 42.68105018748257], [-123.63263513016764, 42.681058526868874], [-123.63311608517469, 42.68068496680076], [-123.63186906795934, 42.68049717190458], [-123.63186856405521, 42.6810600659401], [-123.63109284194131, 42.6810612680121], [-123.62955083571497, 42.681063654155274], [-123.62694940333313, 42.68106769539684], [-123.62336255480649, 42.68107323772988], [-123.62203024061085, 42.68107532485357], [-123.62202962278675, 42.68210812391874], [-123.6220293498645, 42.68256462494747], [-123.62202890699028, 42.68330303499404], [-123.62202808522825, 42.68470010508211], [-123.62202748339766, 42.68569467314483], [-123.62202723047072, 42.68612345917189], [-123.62202592984576, 42.688324883310614], [-123.61711599012484, 42.688333174766704], [-123.61220605140379, 42.68834146522273], [-123.61220667978397, 42.684704330993505], [-123.61220730816434, 42.68106719376413], [-123.61220783444428, 42.68], [-123.63679452247243, 42.68], [-123.63679418377772, 42.68105018748257]]]}, "properties": {"title": "HAZEL", "description": "lode | serial ORMC18198 | 20.66 ac | Active | qtr-sec OR 33 0330S 0080W 023 A SW|OR 33 0330S 0080W 026 A NW|OR 33 0330S 0080W 027 A NE | recorded~2021 (DB date, not legal located date) | src: BLM MLRS Not Closed | boundary approx (BLM quarter-section) | do not dig here (active claim)", "stroke": "#ff3300", "stroke-width": 2, "fill": "#ff3300", "fill-opacity": 0.05, "stroke-dasharray": "1,6"}}, {"type": "Feature", "geometry": {"type": "Polygon", "coordinates": [[[-123.63679418377772, 42.68105018748257], [-123.63263513016764, 42.681058526868874], [-123.63311608517469, 42.68068496680076], [-123.63186906795934, 42.68049717190458], [-123.63186856405521, 42.6810600659401], [-123.63109284194131, 42.6810612680121], [-123.62955083571497, 42.681063654155274], [-123.62694940333313, 42.68106769539684], [-123.62336255480649, 42.68107323772988], [-123.62203024061085, 42.68107532485357], [-123.62203199500313, 42.68], [-123.63679452247243, 42.68], [-123.63679418377772, 42.68105018748257]]]}, "properties": {"title": "DAWN", "description": "lode | serial ORMC18199 | 20.66 ac | Active | qtr-sec OR 33 0330S 0080W 027 A NE | recorded~2021 (DB date, not legal located date) | src: BLM MLRS Not Closed | boundary approx (BLM quarter-section) | do not dig here (active claim)", "stroke": "#ff3300", "stroke-width": 2, "fill": "#ff3300", "fill-opacity": 0.05, "stroke-dasharray": "1,6"}}, {"type": "Feature", "geometry": {"type": "Polygon", "coordinates": [[[-123.62203024061085, 42.68107532485357], [-123.62202962278675, 42.68210812391874], [-123.6220293498645, 42.68256462494747], [-123.62202890699028, 42.68330303499404], [-123.62202808522825, 42.68470010508211], [-123.62202748339766, 42.68569467314483], [-123.62202723047072, 42.68612345917189], [-123.62202592984576, 42.688324883310614], [-123.61711599012484, 42.688333174766704], [-123.61220605140379, 42.68834146522273], [-123.61220667978397, 42.684704330993505], [-123.61220730816434, 42.68106719376413], [-123.61711877488762, 42.68107125930887], [-123.62203024061085, 42.68107532485357]]]}, "properties": {"title": "MARYLAND", "description": "lode | serial ORMC18200 | 20.66 ac | Active | qtr-sec OR 33 0330S 0080W 023 A SW | recorded~2021 (DB date, not legal located date) | src: BLM MLRS Not Closed | boundary approx (BLM quarter-section) | do not dig here (active claim)", "stroke": "#ff3300", "stroke-width": 2, "fill": "#ff3300", "fill-opacity": 0.05, "stroke-dasharray": "1,6"}}, {"type": "Feature", "geometry": {"type": "Polygon", "coordinates": [[[-123.63679418377772, 42.68105018748257], [-123.63263513016764, 42.681058526868874], [-123.63311608517469, 42.68068496680076], [-123.63186906795934, 42.68049717190458], [-123.63186856405521, 42.6810600659401], [-123.63109284194131, 42.6810612680121], [-123.62955083571497, 42.681063654155274], [-123.62694940333313, 42.68106769539684], [-123.62336255480649, 42.68107323772988], [-123.62203024061085, 42.68107532485357], [-123.62203199500313, 42.68], [-123.63679452247243, 42.68], [-123.63679418377772, 42.68105018748257]]]}, "properties": {"title": "HIGH ORE", "description": "lode | serial ORMC18201 | 20.66 ac | Active | qtr-sec OR 33 0330S 0080W 027 A NE|OR 33 0330S 0080W 027 A SE | recorded~2021 (DB date, not legal located date) | src: BLM MLRS Not Closed | boundary approx (BLM quarter-section) | do not dig here (active claim)", "stroke": "#ff3300", "stroke-width": 2, "fill": "#ff3300", "fill-opacity": 0.05, "stroke-dasharray": "1,6"}}, {"type": "Feature", "geometry": {"type": "Polygon", "coordinates": [[[-123.64171980350014, 42.68104030802505], [-123.63679418377772, 42.68105018748257], [-123.63679452247243, 42.68], [-123.64171954198737, 42.68], [-123.64171980350014, 42.68104030802505]]]}, "properties": {"title": "UTAH", "description": "lode | serial ORMC18202 | 20.66 ac | Active | qtr-sec OR 33 0330S 0080W 027 A NW | recorded~2021 (DB date, not legal located date) | src: BLM MLRS Not Closed | boundary approx (BLM quarter-section) | do not dig here (active claim)", "stroke": "#ff3300", "stroke-width": 2, "fill": "#ff3300", "fill-opacity": 0.05, "stroke-dasharray": "1,6"}}, {"type": "Feature", "geometry": {"type": "Polygon", "coordinates": [[[-123.24930978053912, 42.71702330870018], [-123.24932754117155, 42.72071769593604], [-123.24934532780422, 42.7244120571719], [-123.24385150998431, 42.724407945681], [-123.23835771916423, 42.72440383219001], [-123.23338824641432, 42.724353462647485], [-123.22841880366435, 42.72430312310497], [-123.22872635409888, 42.72071770584569], [-123.22903390653356, 42.717132262586375], [-123.22934145996844, 42.713546846327034], [-123.22964901140341, 42.70996143006772], [-123.23450928912372, 42.70993343561561], [-123.23936956584387, 42.70990541216348], [-123.24432906757194, 42.709838028699615], [-123.24928859529997, 42.70977061623572], [-123.24929918791943, 42.713396976467955], [-123.24930978053912, 42.71702330870018]]]}, "properties": {"title": "HARD TIMES 1 SOUTH", "description": "lode | serial ORMC2386 | 20.66 ac | Active | qtr-sec OR 33 0330S 0050W 012 A NE|OR 33 0330S 0050W 012 A NW|OR 33 0330S 0050W 012 A SW|OR 33 0330S 0050W 012 A SE | recorded~2021 (DB date, not legal located date) | src: BLM MLRS Not Closed | boundary approx (BLM quarter-section) | do not dig here (active claim)", "stroke": "#ff3300", "stroke-width": 2, "fill": "#ff3300", "fill-opacity": 0.05, "stroke-dasharray": "1,6"}}, {"type": "Feature", "geometry": {"type": "Polygon", "coordinates": [[[-123.24930978053912, 42.71702330870018], [-123.2440966067656, 42.71704572218481], [-123.24361853669481, 42.71704869822933], [-123.23888346099191, 42.717067913669425], [-123.23395868326278, 42.71710018512789], [-123.22903390653356, 42.717132262586375], [-123.22934145996844, 42.713546846327034], [-123.22964901140341, 42.70996143006772], [-123.23450928912372, 42.70993343561561], [-123.23936956584387, 42.70990541216348], [-123.24432906757194, 42.709838028699615], [-123.24928859529997, 42.70977061623572], [-123.24929918791943, 42.713396976467955], [-123.24930978053912, 42.71702330870018]]]}, "properties": {"title": "HARD TIMES 2 SOUTH", "description": "lode | serial ORMC2388 | 20.66 ac | Active | qtr-sec OR 33 0330S 0050W 012 A SW|OR 33 0330S 0050W 012 A SE | recorded~2021 (DB date, not legal located date) | src: BLM MLRS Not Closed | boundary approx (BLM quarter-section) | do not dig here (active claim)", "stroke": "#ff3300", "stroke-width": 2, "fill": "#ff3300", "fill-opacity": 0.05, "stroke-dasharray": "1,6"}}, {"type": "Feature", "geometry": {"type": "Polygon", "coordinates": [[[-123.23835771916423, 42.72440383219001], [-123.23845345278858, 42.727980384411175], [-123.23854918741301, 42.73155693563226], [-123.23355035666611, 42.73154990009537], [-123.22855152691905, 42.731542644558445], [-123.22848515129161, 42.7279228703317], [-123.22841880366435, 42.72430312310497], [-123.23338824641432, 42.724353462647485], [-123.23835771916423, 42.72440383219001]]]}, "properties": {"title": "FORGET ME NOT 4", "description": "lode | serial ORMC26076 | 20.66 ac | Active | qtr-sec OR 33 0330S 0050W 001 A SE | recorded~2021 (DB date, not legal located date) | src: BLM MLRS Not Closed | boundary approx (BLM quarter-section) | do not dig here (active claim)", "stroke": "#ff3300", "stroke-width": 2, "fill": "#ff3300", "fill-opacity": 0.05, "stroke-dasharray": "1,6"}}, {"type": "Feature", "geometry": {"type": "Polygon", "coordinates": [[[-123.24930978053912, 42.71702330870018], [-123.24932754117155, 42.72071769593604], [-123.24934532780422, 42.7244120571719], [-123.24385150998431, 42.724407945681], [-123.23835771916423, 42.72440383219001], [-123.23338824641432, 42.724353462647485], [-123.22841880366435, 42.72430312310497], [-123.22872635409888, 42.72071770584569], [-123.22903390653356, 42.717132262586375], [-123.23395868326278, 42.71710018512789], [-123.23888346099191, 42.717067913669425], [-123.2440966067656, 42.71704572218481], [-123.24930978053912, 42.71702330870018]]]}, "properties": {"title": "HARD TIMES", "description": "lode | serial ORMC55661 | 19.29 ac | Active | qtr-sec OR 33 0330S 0050W 012 A NW|OR 33 0330S 0050W 012 A NE | recorded~2021 (DB date, not legal located date) | src: BLM MLRS Not Closed | boundary approx (BLM quarter-section) | do not dig here (active claim)", "stroke": "#ff3300", "stroke-width": 2, "fill": "#ff3300", "fill-opacity": 0.05, "stroke-dasharray": "1,6"}}, {"type": "Feature", "geometry": {"type": "Polygon", "coordinates": [[[-123.63679418377772, 42.68105018748257], [-123.63263513016764, 42.681058526868874], [-123.63186874015639, 42.68165378197743], [-123.63186963667431, 42.68469219816867], [-123.63187071029361, 42.68832432739719], [-123.62694831956975, 42.68832460585393], [-123.62202592984576, 42.688324883310614], [-123.62202723047072, 42.68612345917189], [-123.62202748339766, 42.68569467314483], [-123.62202808522825, 42.68470010508211], [-123.62202890699028, 42.68330303499404], [-123.6220293498645, 42.68256462494747], [-123.62202962278675, 42.68210812391874], [-123.62203024061085, 42.68107532485357], [-123.62203199500313, 42.68], [-123.63679452247243, 42.68], [-123.63679418377772, 42.68105018748257]], [[-123.63311608517469, 42.68068496680076], [-123.63186906795934, 42.68049717190458], [-123.63186856405521, 42.6810600659401], [-123.63263513016764, 42.681058526868874], [-123.63311608517469, 42.68068496680076]]]}, "properties": {"title": "KANSAS JAYHAWK", "description": "lode | serial ORMC63648 | 20.66 ac | Active | qtr-sec OR 33 0330S 0080W 022 A SE|OR 33 0330S 0080W 027 A NE | recorded~2021 (DB date, not legal located date) | src: BLM MLRS Not Closed | boundary approx (BLM quarter-section) | do not dig here (active claim)", "stroke": "#ff3300", "stroke-width": 2, "fill": "#ff3300", "fill-opacity": 0.05, "stroke-dasharray": "1,6"}}, {"type": "Feature", "geometry": {"type": "Polygon", "coordinates": [[[-123.28917754721816, 42.680254243643866], [-123.28917795036011, 42.68108860969743], [-123.28420970861836, 42.68107554415649], [-123.28172558724738, 42.68106901238605], [-123.27924143887641, 42.68106247961561], [-123.27675731750534, 42.681055918845104], [-123.27427319713428, 42.68104938507461], [-123.26930495439213, 42.681036319533696], [-123.26931418125588, 42.68], [-123.28917734801321, 42.68], [-123.28917754721816, 42.680254243643866]]]}, "properties": {"title": "Oro Grande Two", "description": "lode | serial OR105805592 | 20.66 ac | Active | qtr-sec OR 33 0330S 0050W 027 A Government Lot 2|OR 33 0330S 0050W 027 A SESW|OR 33 0330S 0050W 027 A Government Lot 1|OR 33 0330S 0050W 027 A SW|OR 33 0330S 0050W 027 A SW|OR 33 0330S 0050W 027 A NESW|OR 33 0330S 0050W 027 A SW | recorded~2023 (DB date, not legal located date) | src: BLM MLRS Not Closed | boundary approx (BLM quarter-section) | do not dig here (active claim)", "stroke": "#ff3300", "stroke-width": 2, "fill": "#ff3300", "fill-opacity": 0.05, "stroke-dasharray": "1,6"}}, {"type": "Feature", "geometry": {"type": "Polygon", "coordinates": [[[-123.5822632137619, 42.71042411839372], [-123.58226709770003, 42.71005836737029], [-123.5876322284931, 42.710073941873134], [-123.59254719921948, 42.71008816141771], [-123.59746643294642, 42.710102949961886], [-123.60238566867326, 42.71011773950609], [-123.60238577529022, 42.71373099173362], [-123.60238588090735, 42.717344240961154], [-123.60238600052465, 42.72095750718862], [-123.60238612114213, 42.72457077141609], [-123.59745702241531, 42.72456509287365], [-123.59252792368841, 42.724559415331214], [-123.58760747896156, 42.72454763978759], [-123.58203133713789, 42.724535205304754], [-123.58210513059421, 42.721289580093384], [-123.58211351453174, 42.72091663406907], [-123.5821873069882, 42.71767100885765], [-123.58219113592503, 42.71729803583377], [-123.58222526137497, 42.7140475496257], [-123.5822290333126, 42.713679104602086], [-123.5822632137619, 42.71042411839372]]]}, "properties": {"title": "Tibbet Springs", "description": "lode | serial OR106361899 | 20.66115702 ac | Active | qtr-sec OR 33 0330S 0080W 012 A SWNE1/4 | recorded~2024 (DB date, not legal located date) | src: BLM MLRS Not Closed | boundary approx (BLM quarter-section) | do not dig here (active claim)", "stroke": "#ff3300", "stroke-width": 2, "fill": "#ff3300", "fill-opacity": 0.05, "stroke-dasharray": "1,6"}}, {"type": "Feature", "geometry": {"type": "Polygon", "coordinates": [[[-123.53578225218385, 42.84032926289788], [-123.53082086345623, 42.840360229362766], [-123.5283401690924, 42.84037568959518], [-123.52585947372852, 42.84039117282763], [-123.52587388642486, 42.83861597871466], [-123.52588832112116, 42.836840808601636], [-123.52590273281761, 42.83506561448863], [-123.52591714551403, 42.833290420375675], [-123.52832053986666, 42.83327624015054], [-123.53072393421927, 42.83326194392549], [-123.53553070092438, 42.83323346847533], [-123.53565647655405, 42.83678136568667], [-123.54064191628927, 42.83677510222111], [-123.54069083491184, 42.840346933441005], [-123.53578225218385, 42.84032926289788]]]}, "properties": {"title": "LOTSA GOLD", "description": "placer | serial OR105224619 | 20.0 ac | Active | qtr-sec OR 33 0310S 0070W 033 A SWNW|OR 33 0310S 0070W 033 A SWNW|OR 33 0310S 0070W 033 A SWNE|OR 33 0310S 0070W 033 A NENE|OR 33 0310S 0070W 033 A SENE|OR 33 0310S 0070W 033 A NWNE|OR 33 0310S 0070W 033 A NENE|OR 33 0310S 0070W 033 A SENE|OR 33 0310S 0070W 033 A SENE|OR 33 0310S 0070W 033 A NENE|OR 33 0310S 0070W 033 A SENE|OR 33 0310S 0070W 033 A NENE|OR 33 0310S 0070W 033 A NENW|OR 33 0310S 0070W 033 A SWNW | recorded~2021 (DB date, not legal located date) | src: BLM MLRS Not Closed | boundary approx (BLM quarter-section) | do not dig here (active claim)", "stroke": "#ff3300", "stroke-width": 2, "fill": "#ff3300", "fill-opacity": 0.05, "stroke-dasharray": "1,6"}}, {"type": "Feature", "geometry": {"type": "Polygon", "coordinates": [[[-123.53553070092438, 42.83323346847533], [-123.53565647655405, 42.83678136568667], [-123.53077238683765, 42.83681119214413], [-123.5307481725285, 42.835036626034814], [-123.53072393421927, 42.83326194392549], [-123.53553070092438, 42.83323346847533]]]}, "properties": {"title": "New Beginnings", "description": "placer | serial OR105226487 | 20.0 ac | Active | qtr-sec OR 33 0310S 0070W 033 A SWNE | recorded~2021 (DB date, not legal located date) | src: BLM MLRS Not Closed | boundary approx (BLM quarter-section) | do not dig here (active claim)", "stroke": "#ff3300", "stroke-width": 2, "fill": "#ff3300", "fill-opacity": 0.05, "stroke-dasharray": "1,6"}}, {"type": "Feature", "geometry": {"type": "Polygon", "coordinates": [[[-123.66111461457328, 42.810824375357626], [-123.65629683386837, 42.81084434280819], [-123.65147977616377, 42.81086622825876], [-123.65143974555721, 42.80737448804423], [-123.65139971495083, 42.8038826088297], [-123.65618507564903, 42.80385078138157], [-123.66097021534712, 42.80381889593344], [-123.66104241496014, 42.80732163614554], [-123.66111461457328, 42.810824375357626]]]}, "properties": {"title": "West Fork Diggins", "description": "placer | serial OR105229048 | 18.84 ac | Active | qtr-sec OR 33 0320S 0080W 009 A NW | recorded~2021 (DB date, not legal located date) | src: BLM MLRS Not Closed | boundary approx (BLM quarter-section) | do not dig here (active claim)", "stroke": "#ff3300", "stroke-width": 2, "fill": "#ff3300", "fill-opacity": 0.05, "stroke-dasharray": "1,6"}}, {"type": "Feature", "geometry": {"type": "Polygon", "coordinates": [[[-123.44230019542621, 42.84656221501191], [-123.44228909309903, 42.84467228889354], [-123.44728726185734, 42.84477465543382], [-123.4475312615558, 42.84861887265386], [-123.44231197275315, 42.84844981213006], [-123.44230019542621, 42.84656221501191]]]}, "properties": {"title": "Golden Middle2", "description": "placer | serial OR105261178 | 40.0 ac | Under Review | qtr-sec OR 33 0310S 0060W 029 NWSW | recorded~2021 (DB date, not legal located date) | src: BLM MLRS Not Closed | boundary approx (BLM quarter-section) | do not dig here (active claim)", "stroke": "#ff3300", "stroke-width": 2, "fill": "#ff3300", "fill-opacity": 0.05, "stroke-dasharray": "1,6"}}, {"type": "Feature", "geometry": {"type": "Polygon", "coordinates": [[[-123.54565527240908, 42.83317260552706], [-123.54562733402433, 42.83676860575558], [-123.5455994176397, 42.840364581984055], [-123.54069083491184, 42.840346933441005], [-123.53578225218385, 42.84032926289788], [-123.53565647655405, 42.83678136568667], [-123.53553070092438, 42.83323346847533], [-123.54059299866681, 42.833203037001226], [-123.54565527240908, 42.83317260552706]]]}, "properties": {"title": "Golden Bell One", "description": "placer | serial OR105277543 | 20.0 ac | Active | qtr-sec OR 33 0310S 0070W 033 A SWNW|OR 33 0310S 0070W 033 A SENW|OR 33 0310S 0070W 033 A NENW|OR 33 0310S 0070W 033 A NWNW | recorded~2021 (DB date, not legal located date) | src: BLM MLRS Not Closed | boundary approx (BLM quarter-section) | do not dig here (active claim)", "stroke": "#ff3300", "stroke-width": 2, "fill": "#ff3300", "fill-opacity": 0.05, "stroke-dasharray": "1,6"}}, {"type": "Feature", "geometry": {"type": "Polygon", "coordinates": [[[-123.69616629003752, 42.945642928464245], [-123.6918633614159, 42.94570488187165], [-123.69182834078255, 42.94208972265101], [-123.6917947651491, 42.938471312429954], [-123.69609441576891, 42.93840169302251], [-123.7, 42.93833853273218], [-123.7, 42.94558763499247], [-123.69616629003752, 42.945642928464245]]]}, "properties": {"title": "Boulder Creek", "description": "placer | serial OR105285895 | 20.0 ac | Active | qtr-sec OR 33 0300S 0080W 019 A SW | recorded~2021 (DB date, not legal located date) | src: BLM MLRS Not Closed | boundary approx (BLM quarter-section) | do not dig here (active claim)", "stroke": "#ff3300", "stroke-width": 2, "fill": "#ff3300", "fill-opacity": 0.05, "stroke-dasharray": "1,6"}}, {"type": "Feature", "geometry": {"type": "Polygon", "coordinates": [[[-123.55901492386846, 42.77199593043444], [-123.56372237557527, 42.7720684880009], [-123.56362220416192, 42.775575405230995], [-123.55903366747816, 42.77553544465554], [-123.55901492386846, 42.77199593043444]]]}, "properties": {"title": "Cow Creek Gold", "description": "placer | serial OR105288749 | 20.0 ac | Active | qtr-sec OR 33 0320S 0070W 020 A NWSW | recorded~2022 (DB date, not legal located date) | src: BLM MLRS Not Closed | boundary approx (BLM quarter-section) | do not dig here (active claim)", "stroke": "#ff3300", "stroke-width": 2, "fill": "#ff3300", "fill-opacity": 0.05, "stroke-dasharray": "1,6"}}, {"type": "Feature", "geometry": {"type": "Polygon", "coordinates": [[[-123.2376702842966, 42.76091438460006], [-123.23791638693547, 42.76443534280331], [-123.2381624895745, 42.767956278006444], [-123.23337651587786, 42.76805837445744], [-123.22859054418106, 42.76816046790849], [-123.22860046106298, 42.767461558862685], [-123.22860098992953, 42.76668111781248], [-123.22860436655945, 42.764514711673066], [-123.2286066313108, 42.76305847757928], [-123.22861062793713, 42.760870172438324], [-123.23314044761696, 42.760892289019196], [-123.2376702842966, 42.76091438460006]]]}, "properties": {"title": "Bull Run 3", "description": "placer | serial OR105766216 | 20.0 ac | Active | qtr-sec OR 33 0320S 0050W 025 A NWNE|OR 33 0320S 0050W 025 A SENE|OR 33 0320S 0050W 025 A SWNE|OR 33 0320S 0050W 025 A NENE | recorded~2022 (DB date, not legal located date) | src: BLM MLRS Not Closed | boundary approx (BLM quarter-section) | do not dig here (active claim)", "stroke": "#ff3300", "stroke-width": 2, "fill": "#ff3300", "fill-opacity": 0.05, "stroke-dasharray": "1,6"}}, {"type": "Feature", "geometry": {"type": "Polygon", "coordinates": [[[-123.61502609532658, 42.819744142214], [-123.6126525539807, 42.819765273436694], [-123.61268122668453, 42.81802005332475], [-123.61506042303206, 42.81800349710183], [-123.61743961837956, 42.81798694087885], [-123.6173996366725, 42.8197230109913], [-123.61502609532658, 42.819744142214]]]}, "properties": {"title": "Golden Cowbell", "description": "placer | serial OR105792921 | 37.28 ac | Active | qtr-sec OR 33 0320S 0080W 002 A S2SENW | recorded~2022 (DB date, not legal located date) | src: BLM MLRS Not Closed | boundary approx (BLM quarter-section) | do not dig here (active claim)", "stroke": "#ff3300", "stroke-width": 2, "fill": "#ff3300", "fill-opacity": 0.05, "stroke-dasharray": "1,6"}}, {"type": "Feature", "geometry": {"type": "Polygon", "coordinates": [[[-123.1609286526725, 42.695471304496195], [-123.16577867940113, 42.695491607048595], [-123.17062872812963, 42.69551190960095], [-123.17063122074843, 42.69914669883577], [-123.17063246305787, 42.70096410495313], [-123.17063371236736, 42.70278148807049], [-123.16819672000139, 42.7027715702955], [-123.16575975163532, 42.70276162852048], [-123.1608858139031, 42.702741790970435], [-123.16090723328773, 42.699106536733375], [-123.1609286526725, 42.695471304496195]]]}, "properties": {"title": "Grave Creek 1", "description": "placer | serial OR105799865 | 20.0 ac | Active | qtr-sec OR 33 0330S 0040W 015 A SW|OR 33 0330S 0040W 015 A Remainder Aliquot Part NWNWSW|OR 33 0330S 0040W 015 A NESW|OR 33 0330S 0040W 015 A SESW|OR 33 0330S 0040W 015 A Remainder Aliquot Part NENWSW|OR 33 0330S 0040W 015 A Remainder Aliquot Part SWNWSW|OR 33 0330S 0040W 015 A Remainder Aliquot Part SENWSW|OR 33 0330S 0040W 015 A SWSW | recorded~2022 (DB date, not legal located date) | src: BLM MLRS Not Closed | boundary approx (BLM quarter-section) | do not dig here (active claim)", "stroke": "#ff3300", "stroke-width": 2, "fill": "#ff3300", "fill-opacity": 0.05, "stroke-dasharray": "1,6"}}, {"type": "Feature", "geometry": {"type": "Polygon", "coordinates": [[[-123.42699175916437, 42.84079992407538], [-123.43224045994765, 42.84082942458779], [-123.43748916273084, 42.84085895310019], [-123.43729095234053, 42.84456970035325], [-123.43719118364555, 42.84642654647992], [-123.4370927139504, 42.848280475606266], [-123.43200720716803, 42.8481152750702], [-123.42692172938546, 42.847949826534084], [-123.42695674377481, 42.844374889304746], [-123.42699175916437, 42.84079992407538]]]}, "properties": {"title": "Middle Creek 1", "description": "placer | serial OR105799866 | 20.0 ac | Active | qtr-sec OR 33 0310S 0060W 029 A SESE|OR 33 0310S 0060W 029 A NWSE|OR 33 0310S 0060W 029 A NESE|OR 33 0310S 0060W 029 A SWSE|OR 33 0310S 0060W 029 A SE | recorded~2022 (DB date, not legal located date) | src: BLM MLRS Not Closed | boundary approx (BLM quarter-section) | do not dig here (active claim)", "stroke": "#ff3300", "stroke-width": 2, "fill": "#ff3300", "fill-opacity": 0.05, "stroke-dasharray": "1,6"}}, {"type": "Feature", "geometry": {"type": "Polygon", "coordinates": [[[-123.57449565957201, 42.83263183080249], [-123.57218181124199, 42.83269711702252], [-123.56986796391186, 42.832762309242455], [-123.56524026725155, 42.83289276468242], [-123.56502345455792, 42.82905015146145], [-123.56480666586432, 42.82520749024041], [-123.56961426956343, 42.825148350788346], [-123.57442192026242, 42.825089188336214], [-123.5744588019171, 42.82886050956938], [-123.57449565957201, 42.83263183080249]]]}, "properties": {"title": "Tami's Treasure", "description": "placer | serial OR105803753 | 160.0 ac | Active | qtr-sec OR 33 0310S 0070W 031 A SE | recorded~2022 (DB date, not legal located date) | src: BLM MLRS Not Closed | boundary approx (BLM quarter-section) | do not dig here (active claim)", "stroke": "#ff3300", "stroke-width": 2, "fill": "#ff3300", "fill-opacity": 0.05, "stroke-dasharray": "1,6"}}, {"type": "Feature", "geometry": {"type": "Polygon", "coordinates": [[[-123.65139971495083, 42.8038826088297], [-123.65143974555721, 42.80737448804423], [-123.65147977616377, 42.81086622825876], [-123.64666313445947, 42.81089016770947], [-123.64184649375503, 42.81091413516014], [-123.64183929815468, 42.80743006294292], [-123.6418321305545, 42.80394601772568], [-123.64661593625274, 42.80391441027766], [-123.65139971495083, 42.8038826088297]]]}, "properties": {"title": "CC 2", "description": "placer | serial OR105803751 | 20.0 ac | Active | qtr-sec OR 33 0320S 0080W 009 A NE | recorded~2022 (DB date, not legal located date) | src: BLM MLRS Not Closed | boundary approx (BLM quarter-section) | do not dig here (active claim)", "stroke": "#ff3300", "stroke-width": 2, "fill": "#ff3300", "fill-opacity": 0.05, "stroke-dasharray": "1,6"}}, {"type": "Feature", "geometry": {"type": "Polygon", "coordinates": [[[-123.28904537126552, 42.710019948567464], [-123.29409544501728, 42.71001981609938], [-123.2991455467689, 42.710019682631334], [-123.29905710438472, 42.713709958876166], [-123.29901277169346, 42.71555976599887], [-123.29896866300072, 42.717400235120955], [-123.29400939726091, 42.71739044958009], [-123.2890501615209, 42.71738044303926], [-123.28904956236384, 42.716460007980274], [-123.2890477658931, 42.71370019580336], [-123.28904537126552, 42.710019948567464]]]}, "properties": {"title": "Gold Rattler", "description": "placer | serial OR105817361 | 20.0 ac | Active | qtr-sec OR 33 0330S 0050W 009 A SE|OR 33 0330S 0050W 009 A NESE|OR 33 0330S 0050W 009 A NWSE|OR 33 0330S 0050W 009 A SESE|OR 33 0330S 0050W 009 A SWSE | recorded~2023 (DB date, not legal located date) | src: BLM MLRS Not Closed | boundary approx (BLM quarter-section) | do not dig here (active claim)", "stroke": "#ff3300", "stroke-width": 2, "fill": "#ff3300", "fill-opacity": 0.05, "stroke-dasharray": "1,6"}}, {"type": "Feature", "geometry": {"type": "Polygon", "coordinates": [[[-123.43748916273084, 42.84085895310019], [-123.44226621344497, 42.840894683656984], [-123.44704326215904, 42.8409304412137], [-123.44728726185734, 42.84477465543382], [-123.4475312615558, 42.84861887265386], [-123.44765658717863, 42.85212533986361], [-123.4477818838016, 42.85563180707329], [-123.44224866895654, 42.85548633358046], [-123.43671545611126, 42.85534083208758], [-123.43181014837108, 42.85526593254054], [-123.42690486863079, 42.855191033993464], [-123.42691330000804, 42.85157042976379], [-123.42692172938546, 42.847949826534084], [-123.42695674377481, 42.844374889304746], [-123.42699175916437, 42.84079992407538], [-123.43224045994765, 42.84082942458779], [-123.43748916273084, 42.84085895310019]]]}, "properties": {"title": "Middle Creek 2", "description": "placer | serial OR105817469 | 20.0 ac | Active | qtr-sec OR 33 0310S 0060W 029 A SESENW|OR 33 0310S 0060W 029 A NWNE|OR 33 0310S 0060W 029 A NENE|OR 33 0310S 0060W 029 A NESENW|OR 33 0310S 0060W 029 A SENE|OR 33 0310S 0060W 029 A NWNW|OR 33 0310S 0060W 029 A NENW|OR 33 0310S 0060W 029 A SWNW|OR 33 0310S 0060W 029 A SESW|OR 33 0310S 0060W 029 A NWSE|OR 33 0310S 0060W 029 A NESE|OR 33 0310S 0060W 029 A SWSE|OR 33 0310S 0060W 029 A SWNE|OR 33 0310S 0060W 029 A SWSENW|OR 33 0310S 0060W 029 A NWNESW|OR 33 0310S 0060W 029 A SENESW|OR 33 0310S 0060W 029 A NENESW|OR 33 0310S 0060W 029 A NWSENW|OR 33 0310S 0060W 029 A SWNESW|OR 33 0310S 0060W 029 A SESE|OR 33 0310S 0060W 029 A NWSW|OR 33 0310S 0060W 029 A SWSW|OR 33 0310S 0060W 029 A 29 | recorded~2023 (DB date, not legal located date) | src: BLM MLRS Not Closed | boundary approx (BLM quarter-section) | do not dig here (active claim)", "stroke": "#ff3300", "stroke-width": 2, "fill": "#ff3300", "fill-opacity": 0.05, "stroke-dasharray": "1,6"}}, {"type": "Feature", "geometry": {"type": "Polygon", "coordinates": [[[-123.26930495439213, 42.681036319533696], [-123.26421159560682, 42.680880199995045], [-123.25911826482142, 42.68072405245645], [-123.25912881384589, 42.68], [-123.26931418125588, 42.68], [-123.26930495439213, 42.681036319533696]]]}, "properties": {"title": "Echo Hill", "description": "placer | serial OR105818886 | 40.0 ac | Active | qtr-sec OR 33 0330S 0050W 026 A SWNW|OR 33 0330S 0050W 026 A NENW|OR 33 0330S 0050W 026 A NWNW|OR 33 0330S 0050W 026 A SENW|OR 33 0330S 0050W 026 A NW | recorded~2023 (DB date, not legal located date) | src: BLM MLRS Not Closed | boundary approx (BLM quarter-section) | do not dig here (active claim)", "stroke": "#ff3300", "stroke-width": 2, "fill": "#ff3300", "fill-opacity": 0.05, "stroke-dasharray": "1,6"}}, {"type": "Feature", "geometry": {"type": "Polygon", "coordinates": [[[-123.20151756727907, 42.76313610809929], [-123.2015454555943, 42.76495498121373], [-123.20156187990763, 42.76677299132912], [-123.20157830722104, 42.76859100044455], [-123.20157721153168, 42.77040795256154], [-123.19914852917293, 42.77043162878854], [-123.19912694516971, 42.77043183879055], [-123.19669156080971, 42.770454309018184], [-123.1966680588062, 42.77045452602035], [-123.19422349644486, 42.770477631248866], [-123.19175039507913, 42.770500332479955], [-123.19174130276564, 42.76867536036334], [-123.19173550945152, 42.76684396724605], [-123.19172005613646, 42.765015374129746], [-123.19169553482007, 42.7631863690143], [-123.19661681755127, 42.763161875555866], [-123.19907292391613, 42.76314942332709], [-123.20151756727907, 42.76313610809929]]]}, "properties": {"title": "Underfed", "description": "placer | serial OR105818893 | 20.0 ac | Active | qtr-sec OR 33 0320S 0040W 029 A SWNE|OR 33 0320S 0040W 029 A NWNE|OR 33 0320S 0040W 029 A SWNE|OR 33 0320S 0040W 029 A NENE|OR 33 0320S 0040W 029 A SENE|OR 33 0320S 0040W 029 A NWNE|OR 33 0320S 0040W 029 A NE | recorded~2023 (DB date, not legal located date) | src: BLM MLRS Not Closed | boundary approx (BLM quarter-section) | do not dig here (active claim)", "stroke": "#ff3300", "stroke-width": 2, "fill": "#ff3300", "fill-opacity": 0.05, "stroke-dasharray": "1,6"}}, {"type": "Feature", "geometry": {"type": "Polygon", "coordinates": [[[-123.58378993175896, 42.77920972158212], [-123.58379018675942, 42.779212368582286], [-123.58413146341358, 42.78273134177165], [-123.5841330634167, 42.7827478407725], [-123.58417316602072, 42.78623291898777], [-123.58419647262599, 42.789738529205806], [-123.58421975423148, 42.79324412242383], [-123.58424301983707, 42.79674971564183], [-123.57855829297957, 42.79663667616431], [-123.57344710021023, 42.79654517463477], [-123.56853388449306, 42.79658878409521], [-123.56360930577365, 42.796629296556524], [-123.56369480018598, 42.79313434532882], [-123.56378027159856, 42.78963939410107], [-123.56386574401114, 42.78614444287331], [-123.56395119142402, 42.78264949164549], [-123.56391805981373, 42.77912105942656], [-123.56362220416192, 42.775575405230995], [-123.56372237557527, 42.7720684880009], [-123.56382254798883, 42.76856157077084], [-123.56865755169864, 42.76854271031973], [-123.57107504205344, 42.768533291094194], [-123.57349255540832, 42.768523848868625], [-123.57591002076312, 42.76851451564308], [-123.57832746111788, 42.76850515941752], [-123.58342828786634, 42.76848544094161], [-123.58342829486689, 42.76848828294174], [-123.58343900648447, 42.77208097216667], [-123.58343901548488, 42.77208352716686], [-123.58344972310269, 42.775676502391676], [-123.58378993175896, 42.77920972158212]]]}, "properties": {"title": "Captain Gold Stone", "description": "placer | serial OR105820412 | 20.0 ac | Active | qtr-sec OR 33 0320S 0070W 018 A NESE|OR 33 0320S 0070W 018 A SENW|OR 33 0320S 0070W 018 A NENE|OR 33 0320S 0070W 018 A SWNE|OR 33 0320S 0070W 018 A NWSE|OR 33 0320S 0070W 019 A SENW|OR 33 0320S 0070W 019 A NENW|OR 33 0320S 0070W 019 A NENW|OR 33 0320S 0070W 019 A Government Lot 1|OR 33 0320S 0070W 018 A Government Lot 1|OR 33 0320S 0070W 018 A SENE|OR 33 0320S 0070W 018 A SWSE|OR 33 0320S 0070W 018 A NENW|OR 33 0320S 0070W 019 A Government Lot 2|OR 33 0320S 0070W 018 A Government Lot 2|OR 33 0320S 0070W 018 A SESE|OR 33 0320S 0070W 018 A NWNE|OR 33 0320S 0070W 018 A SW|OR 33 0320S 0070W 019 A NW|OR 33 0320S 0070W 018 A NESW|OR 33 0320S 0070W 018 A SESW|OR 33 0320S 0070W 018 A Government Lot 3|OR 33 0320S 0070W 018 A Government Lot 4|OR 33 0320S 0070W 018 A SESW | recorded~2023 (DB date, not legal located date) | src: BLM MLRS Not Closed | boundary approx (BLM quarter-section) | do not dig here (active claim)", "stroke": "#ff3300", "stroke-width": 2, "fill": "#ff3300", "fill-opacity": 0.05, "stroke-dasharray": "1,6"}}, {"type": "Feature", "geometry": {"type": "Polygon", "coordinates": [[[-123.57591002076312, 42.76851451564308], [-123.57832746111788, 42.76850515941752], [-123.58342828786634, 42.76848544094161], [-123.58342829486689, 42.76848828294174], [-123.58343900648447, 42.77208097216667], [-123.58343901548488, 42.77208352716686], [-123.58344972310269, 42.775676502391676], [-123.58378993175896, 42.77920972158212], [-123.58379018675942, 42.779212368582286], [-123.58413146341358, 42.78273134177165], [-123.5841330634167, 42.7827478407725], [-123.57887697263925, 42.78273267626098], [-123.57614183323169, 42.78270758251404], [-123.57361472086149, 42.78272149675025], [-123.56877693414017, 42.78267535919778], [-123.56395119142402, 42.78264949164549], [-123.56391805981373, 42.77912105942656], [-123.56362220416192, 42.775575405230995], [-123.56372237557527, 42.7720684880009], [-123.56382254798883, 42.76856157077084], [-123.56865755169864, 42.76854271031973], [-123.57107504205344, 42.768533291094194], [-123.57349255540832, 42.768523848868625], [-123.57591002076312, 42.76851451564308]]]}, "properties": {"title": "Holy Cow I", "description": "placer | serial OR105820413 | 20.0 ac | Active | qtr-sec OR 33 0320S 0070W 019 A NW|OR 33 0320S 0070W 019 A SENW|OR 33 0320S 0070W 019 A NENW|OR 33 0320S 0070W 019 A NENW|OR 33 0320S 0070W 019 A Government Lot 1|OR 33 0320S 0070W 019 A Government Lot 2 | recorded~2023 (DB date, not legal located date) | src: BLM MLRS Not Closed | boundary approx (BLM quarter-section) | do not dig here (active claim)", "stroke": "#ff3300", "stroke-width": 2, "fill": "#ff3300", "fill-opacity": 0.05, "stroke-dasharray": "1,6"}}, {"type": "Feature", "geometry": {"type": "Polygon", "coordinates": [[[-123.57591002076312, 42.76851451564308], [-123.57832746111788, 42.76850515941752], [-123.58342828786634, 42.76848544094161], [-123.58342829486689, 42.76848828294174], [-123.58343900648447, 42.77208097216667], [-123.58343901548488, 42.77208352716686], [-123.58344972310269, 42.775676502391676], [-123.58378993175896, 42.77920972158212], [-123.58379018675942, 42.779212368582286], [-123.58413146341358, 42.78273134177165], [-123.5841330634167, 42.7827478407725], [-123.57887697263925, 42.78273267626098], [-123.57614183323169, 42.78270758251404], [-123.57361472086149, 42.78272149675025], [-123.56877693414017, 42.78267535919778], [-123.56395119142402, 42.78264949164549], [-123.56391805981373, 42.77912105942656], [-123.56362220416192, 42.775575405230995], [-123.56372237557527, 42.7720684880009], [-123.56382254798883, 42.76856157077084], [-123.56865755169864, 42.76854271031973], [-123.57107504205344, 42.768533291094194], [-123.57349255540832, 42.768523848868625], [-123.57591002076312, 42.76851451564308]]]}, "properties": {"title": "Holy Cow II", "description": "placer | serial OR105820414 | 20.0 ac | Active | qtr-sec OR 33 0320S 0070W 019 A SW|OR 33 0320S 0070W 019 A NENESW|OR 33 0320S 0070W 019 A Government Lot 4|OR 33 0320S 0070W 019 A SWNESW|OR 33 0320S 0070W 019 A SENESW|OR 33 0320S 0070W 019 A SESW|OR 33 0320S 0070W 019 A NWNESW|OR 33 0320S 0070W 019 A Government Lot 3 | recorded~2023 (DB date, not legal located date) | src: BLM MLRS Not Closed | boundary approx (BLM quarter-section) | do not dig here (active claim)", "stroke": "#ff3300", "stroke-width": 2, "fill": "#ff3300", "fill-opacity": 0.05, "stroke-dasharray": "1,6"}}, {"type": "Feature", "geometry": {"type": "Polygon", "coordinates": [[[-123.66097021534712, 42.80381889593344], [-123.66104241496014, 42.80732163614554], [-123.65624096925876, 42.807348159594895], [-123.65618507564903, 42.80385078138157], [-123.66097021534712, 42.80381889593344]]]}, "properties": {"title": "Cow 10", "description": "placer | serial OR105822994 | 20.0 ac | Active | qtr-sec OR 33 0320S 0080W 009 A SWNW | recorded~2023 (DB date, not legal located date) | src: BLM MLRS Not Closed | boundary approx (BLM quarter-section) | do not dig here (active claim)", "stroke": "#ff3300", "stroke-width": 2, "fill": "#ff3300", "fill-opacity": 0.05, "stroke-dasharray": "1,6"}}, {"type": "Feature", "geometry": {"type": "Polygon", "coordinates": [[[-123.6800093202429, 42.81020092255642], [-123.68010215984853, 42.81364107976237], [-123.68019499945434, 42.8170812369683], [-123.67937713397956, 42.820830099278425], [-123.67839359954486, 42.82495171562724], [-123.67369712985312, 42.82494245906498], [-123.66900213216282, 42.82494131250302], [-123.66430413447773, 42.824973166943415], [-123.65960635879249, 42.82500499338383], [-123.66042108627816, 42.821322466077895], [-123.66118170479817, 42.81788468979228], [-123.66114817418567, 42.81435453257496], [-123.66111461457328, 42.810824375357626], [-123.66583830524085, 42.81066851890734], [-123.67056196790833, 42.81051263545706], [-123.67528565857573, 42.810356778006714], [-123.6800093202429, 42.81020092255642]]]}, "properties": {"title": "Cow 11", "description": "placer | serial OR105822995 | 20.0 ac | Filed | qtr-sec OR 33 0320S 0080W 005 A NWSW|OR 33 0320S 0080W 005 A SWSW|OR 33 0320S 0080W 005 A SESW|OR 33 0320S 0080W 005 A SESE|OR 33 0320S 0080W 005 A NWSE|OR 33 0320S 0080W 005 A SENW|OR 33 0320S 0080W 005 A SWNE|OR 33 0320S 0080W 005 A SENE|OR 33 0320S 0080W 005 A Government Lot 3|OR 33 0320S 0080W 005 A Government Lot 4|OR 33 0320S 0080W 005 A Government Lot 1|OR 33 0320S 0080W 005 A NESE|OR 33 0320S 0080W 005 A Government Lot 2|OR 33 0320S 0080W 005 A SWNW|OR 33 0320S 0080W 005 A NESW|OR 33 0320S 0080W 005 A SWSE | recorded~2023 (DB date, not legal located date) | src: BLM MLRS Not Closed | boundary approx (BLM quarter-section) | do not dig here (active claim)", "stroke": "#ff3300", "stroke-width": 2, "fill": "#ff3300", "fill-opacity": 0.05, "stroke-dasharray": "1,6"}}, {"type": "Feature", "geometry": {"type": "Polygon", "coordinates": [[[-123.1608858139031, 42.702741790970435], [-123.16086441651862, 42.70637662720748], [-123.16085370582647, 42.70819405632601], [-123.1608429971343, 42.710011463444474], [-123.1583940837664, 42.71000155667065], [-123.15594517139839, 42.7099916498968], [-123.15104732166236, 42.70997183634911], [-123.15109263005019, 42.7063365581097], [-123.15113793843824, 42.702701256870306], [-123.15601187617075, 42.70272151242035], [-123.1608858139031, 42.702741790970435]]]}, "properties": {"title": "Grave Creek Meadow", "description": "placer | serial OR105823004 | 20.0 ac | Active | qtr-sec OR 33 0330S 0040W 015 A NE | recorded~2023 (DB date, not legal located date) | src: BLM MLRS Not Closed | boundary approx (BLM quarter-section) | do not dig here (active claim)", "stroke": "#ff3300", "stroke-width": 2, "fill": "#ff3300", "fill-opacity": 0.05, "stroke-dasharray": "1,6"}}, {"type": "Feature", "geometry": {"type": "Polygon", "coordinates": [[[-123.32550955290672, 42.955478961813775], [-123.32546097327271, 42.951866624589684], [-123.33077845304965, 42.95178041608645], [-123.33078131067428, 42.95537815331386], [-123.32550955290672, 42.955478961813775]]]}, "properties": {"title": "LAWSON BAR", "description": "placer | serial ORMC154400 | 716.4 ac | Active | qtr-sec OR 33 0300S 0050W 019 A NENE | recorded~2021 (DB date, not legal located date) | src: BLM MLRS Not Closed | boundary approx (BLM quarter-section) | do not dig here (active claim)", "stroke": "#ff3300", "stroke-width": 2, "fill": "#ff3300", "fill-opacity": 0.05, "stroke-dasharray": "1,6"}}, {"type": "Feature", "geometry": {"type": "Polygon", "coordinates": [[[-123.61727143078885, 42.832123462779286], [-123.61964581913358, 42.83209466055592], [-123.62202017947821, 42.832065830332525], [-123.6220450150875, 42.835580596550045], [-123.62206982169687, 42.83909538976747], [-123.61727145800089, 42.83915716121924], [-123.61247306630474, 42.83921893167102], [-123.612497873702, 42.83569991544856], [-123.61252265209937, 42.832180900226035], [-123.61727143078885, 42.832123462779286]]]}, "properties": {"title": "TJD 1", "description": "placer | serial ORMC155137 | 56.36 ac | Active | qtr-sec OR 33 0310S 0080W 035 A NW | recorded~2021 (DB date, not legal located date) | src: BLM MLRS Not Closed | boundary approx (BLM quarter-section) | do not dig here (active claim)", "stroke": "#ff3300", "stroke-width": 2, "fill": "#ff3300", "fill-opacity": 0.05, "stroke-dasharray": "1,6"}}, {"type": "Feature", "geometry": {"type": "Polygon", "coordinates": [[[-123.19907292391613, 42.76314942332709], [-123.19661681755127, 42.763161875555866], [-123.19169553482007, 42.7631863690143], [-123.19167318219152, 42.759529166780915], [-123.19164176256164, 42.75587155054832], [-123.19409651892738, 42.75586508432009], [-123.19532410911026, 42.755861850205996], [-123.19655150229312, 42.755858589091865], [-123.19900635965874, 42.75585215886364], [-123.20022959284096, 42.7558487617499], [-123.20023368584158, 42.75584875074952], [-123.20145650302368, 42.755845502635786], [-123.20149512165258, 42.75949141986686], [-123.20150914596633, 42.76131421798282], [-123.20151756727907, 42.76313610809929], [-123.19907292391613, 42.76314942332709]]]}, "properties": {"title": "LITTLE FLORINA", "description": "placer | serial ORMC155402 | 40.0 ac | Active | qtr-sec OR 33 0320S 0040W 029 A SE | recorded~2021 (DB date, not legal located date) | src: BLM MLRS Not Closed | boundary approx (BLM quarter-section) | do not dig here (active claim)", "stroke": "#ff3300", "stroke-width": 2, "fill": "#ff3300", "fill-opacity": 0.05, "stroke-dasharray": "1,6"}}, {"type": "Feature", "geometry": {"type": "Polygon", "coordinates": [[[-123.61290733658002, 42.886777776602315], [-123.6129540072251, 42.890467098828225], [-123.60827025654073, 42.89050117026847], [-123.60358647785631, 42.89053501870866], [-123.60358608822841, 42.886905559482024], [-123.60358567060076, 42.88327609825546], [-123.60822316726804, 42.88318224981594], [-123.61286063693514, 42.88308842837643], [-123.61290733658002, 42.886777776602315]]]}, "properties": {"title": "GOLD FEVER", "description": "placer | serial ORMC155500 | 50.0 ac | Active | qtr-sec OR 33 0310S 0080W 011 A SE | recorded~2021 (DB date, not legal located date) | src: BLM MLRS Not Closed | boundary approx (BLM quarter-section) | do not dig here (active claim)", "stroke": "#ff3300", "stroke-width": 2, "fill": "#ff3300", "fill-opacity": 0.05, "stroke-dasharray": "1,6"}}, {"type": "Feature", "geometry": {"type": "Polygon", "coordinates": [[[-123.15098995284919, 42.716990376808376], [-123.15096126944277, 42.72049964703794], [-123.15094692673972, 42.722254282152704], [-123.15093258503656, 42.72400891726748], [-123.14848509266447, 42.72397440349203], [-123.14603759929238, 42.72393988371659], [-123.14114259054804, 42.72387087316562], [-123.14124859796331, 42.72034651492781], [-123.1413545813787, 42.71682213369], [-123.14146359277741, 42.71319626244527], [-123.14157260317633, 42.709570390200525], [-123.14630996191941, 42.7097711127748], [-123.15104732166236, 42.70997183634911], [-123.15101863725569, 42.71348110657877], [-123.15098995284919, 42.716990376808376]]]}, "properties": {"title": "TJD 2", "description": "placer | serial ORMC156535 | 160.0 ac | Active | qtr-sec OR 33 0330S 0040W 011 A NW|OR 33 0330S 0040W 011 A SW | recorded~2021 (DB date, not legal located date) | src: BLM MLRS Not Closed | boundary approx (BLM quarter-section) | do not dig here (active claim)", "stroke": "#ff3300", "stroke-width": 2, "fill": "#ff3300", "fill-opacity": 0.05, "stroke-dasharray": "1,6"}}, {"type": "Feature", "geometry": {"type": "Polygon", "coordinates": [[[-123.23862060257797, 42.72073585792973], [-123.23835771916423, 42.72440383219001], [-123.23338824641432, 42.724353462647485], [-123.22841880366435, 42.72430312310497], [-123.22872635409888, 42.72071770584569], [-123.22903390653356, 42.717132262586375], [-123.23395868326278, 42.71710018512789], [-123.23888346099191, 42.717067913669425], [-123.23862060257797, 42.72073585792973]]]}, "properties": {"title": "FORGET ME NOT 2", "description": "placer | serial ORMC15703 | 20.0 ac | Active | qtr-sec OR 33 0330S 0050W 012 A NE | recorded~2021 (DB date, not legal located date) | src: BLM MLRS Not Closed | boundary approx (BLM quarter-section) | do not dig here (active claim)", "stroke": "#ff3300", "stroke-width": 2, "fill": "#ff3300", "fill-opacity": 0.05, "stroke-dasharray": "1,6"}}, {"type": "Feature", "geometry": {"type": "Polygon", "coordinates": [[[-123.19149642730588, 42.74864801809654], [-123.19271000348621, 42.748642141983574], [-123.19392360966654, 42.748636264870626], [-123.19513719184688, 42.74863039575765], [-123.19635077802722, 42.74862454264467], [-123.20119671874674, 42.748598700193405], [-123.20133317738633, 42.75222338841409], [-123.20145650302368, 42.755845502635786], [-123.20023368584158, 42.75584875074952], [-123.20022959284096, 42.7558487617499], [-123.19900635965874, 42.75585215886364], [-123.19655150229312, 42.755858589091865], [-123.19532410911026, 42.755861850205996], [-123.19409651892738, 42.75586508432009], [-123.19164176256164, 42.75587155054832], [-123.19042884638293, 42.75588632266181], [-123.18921591420421, 42.75590109277533], [-123.18800300602545, 42.755915862888855], [-123.18679008184668, 42.75593063500236], [-123.18436423848918, 42.75596017122935], [-123.18193839613163, 42.755989720456405], [-123.18190312181447, 42.75416446634208], [-123.18186781849735, 42.752339207227706], [-123.18184210026581, 42.751006643144216], [-123.18182671212756, 42.750210328094326], [-123.18179724486319, 42.74868869199897], [-123.18172618722453, 42.74501051876848], [-123.18165508158593, 42.74133233353793], [-123.18158602196586, 42.73775971031398], [-123.18387091030333, 42.73773588810056], [-123.1855032865459, 42.737727786948625], [-123.186398893679, 42.737723412865336], [-123.19048214028543, 42.73770163348529], [-123.19121324739409, 42.73769814841723], [-123.1913176720178, 42.74126082763718], [-123.19139992866243, 42.7449646648682], [-123.19149642730588, 42.74864801809654]]]}, "properties": {"title": "4 APPLE ASSOCIATION", "description": "placer | serial ORMC158749 | 78.9 ac | Active | qtr-sec OR 33 0320S 0040W 032 A NE|OR 33 0320S 0040W 033 A NW|OR 33 0320S 0040W 033 A SW | recorded~2021 (DB date, not legal located date) | src: BLM MLRS Not Closed | boundary approx (BLM quarter-section) | do not dig here (active claim)", "stroke": "#ff3300", "stroke-width": 2, "fill": "#ff3300", "fill-opacity": 0.05, "stroke-dasharray": "1,6"}}, {"type": "Feature", "geometry": {"type": "Polygon", "coordinates": [[[-123.49410113767964, 42.91361314639567], [-123.49661195405112, 42.91361268716069], [-123.4966903423823, 42.9154578412692], [-123.49676931671368, 42.91730372237767], [-123.49692665237633, 42.92099406159454], [-123.49212472766794, 42.921007419044805], [-123.4897214403129, 42.92101163926996], [-123.48732277395938, 42.92102055349499], [-123.48713121660992, 42.91916723939652], [-123.48694190526166, 42.91731844029819], [-123.4865687305649, 42.91361454910048], [-123.49159032830808, 42.9136136046306], [-123.49410113767964, 42.91361314639567]]]}, "properties": {"title": "ROCKER BOX 1", "description": "placer | serial ORMC160088 | 20.0 ac | Active | qtr-sec OR 33 0300S 0070W 035 A SE | recorded~2021 (DB date, not legal located date) | src: BLM MLRS Not Closed | boundary approx (BLM quarter-section) | do not dig here (active claim)", "stroke": "#ff3300", "stroke-width": 2, "fill": "#ff3300", "fill-opacity": 0.05, "stroke-dasharray": "1,6"}}, {"type": "Feature", "geometry": {"type": "Polygon", "coordinates": [[[-123.58895387711684, 42.782687569319805], [-123.59377468981685, 42.7826272978671], [-123.59377716842766, 42.78618368009021], [-123.5937733350384, 42.78974414031414], [-123.5937695276409, 42.793255876534936], [-123.59376574924362, 42.796767584755656], [-123.5890043885404, 42.79675866419877], [-123.58424301983707, 42.79674971564183], [-123.58421975423148, 42.79324412242383], [-123.58419647262599, 42.789738529205806], [-123.58417316602072, 42.78623291898777], [-123.5841330634167, 42.7827478407725], [-123.58414382941825, 42.7827477057715], [-123.58895387711684, 42.782687569319805]]]}, "properties": {"title": "BOTTOMS UP", "description": "placer | serial ORMC160104 | 80.0 ac | Active | qtr-sec OR 33 0320S 0080W 013 A NE|OR 33 0320S 0080W 013 A SE | recorded~2021 (DB date, not legal located date) | src: BLM MLRS Not Closed | boundary approx (BLM quarter-section) | do not dig here (active claim)", "stroke": "#ff3300", "stroke-width": 2, "fill": "#ff3300", "fill-opacity": 0.05, "stroke-dasharray": "1,6"}}, {"type": "Feature", "geometry": {"type": "Polygon", "coordinates": [[[-123.21044111861167, 42.68101652098], [-123.20553716888288, 42.68103533443496], [-123.2006332201539, 42.68105412388995], [-123.2006255124326, 42.68], [-123.2104395308965, 42.68], [-123.21044111861167, 42.68101652098]]]}, "properties": {"title": "R & R", "description": "placer | serial ORMC160108 | 20.0 ac | Active | qtr-sec OR 33 0330S 0040W 029 A NW | recorded~2021 (DB date, not legal located date) | src: BLM MLRS Not Closed | boundary approx (BLM quarter-section) | do not dig here (active claim)", "stroke": "#ff3300", "stroke-width": 2, "fill": "#ff3300", "fill-opacity": 0.05, "stroke-dasharray": "1,6"}}, {"type": "Feature", "geometry": {"type": "Polygon", "coordinates": [[[-123.28656983590002, 42.71003822279809], [-123.28904537126552, 42.710019948567464], [-123.29409544501728, 42.71001981609938], [-123.2991455467689, 42.710019682631334], [-123.29905710438472, 42.713709958876166], [-123.29901277169346, 42.71555976599887], [-123.29896866300072, 42.717400235120955], [-123.2989461111547, 42.71832288518218], [-123.29887888661374, 42.7210731503647], [-123.29878911122691, 42.724746065608464], [-123.293928934502, 42.724737390058664], [-123.28906878377691, 42.72472871450884], [-123.28413232504283, 42.72473437396694], [-123.27919586730857, 42.72474000642508], [-123.2791994456819, 42.72106267418879], [-123.27920124736856, 42.71922402307062], [-123.27920302205541, 42.71738534395244], [-123.27917315442934, 42.71373920872119], [-123.27914325880347, 42.71009304448989], [-123.28161879416906, 42.710074770259276], [-123.28409430153457, 42.71005649702866], [-123.28656983590002, 42.71003822279809]]]}, "properties": {"title": "WEST CHEROKEE", "description": "placer | serial ORMC160499 | 100.0 ac | Active | qtr-sec OR 33 0330S 0050W 009 A NE|OR 33 0330S 0050W 009 A SE|OR 33 0330S 0050W 010 A NW|OR 33 0330S 0050W 010 A SW | recorded~2021 (DB date, not legal located date) | src: BLM MLRS Not Closed | boundary approx (BLM quarter-section) | do not dig here (active claim)", "stroke": "#ff3300", "stroke-width": 2, "fill": "#ff3300", "fill-opacity": 0.05, "stroke-dasharray": "1,6"}}, {"type": "Feature", "geometry": {"type": "Polygon", "coordinates": [[[-123.31730929996934, 42.78315103262454], [-123.3173311175852, 42.78672568185074], [-123.31735295720124, 42.79030033007685], [-123.3125544804906, 42.79032068052439], [-123.30775597977983, 42.79034102997195], [-123.3076018681342, 42.78670847575432], [-123.3074477564888, 42.78307592253657], [-123.31237774522904, 42.7831136560807], [-123.31730929996934, 42.78315103262454]]]}, "properties": {"title": "GOLD FORTUNE 1", "description": "placer | serial ORMC160883 | 160.0 ac | Active | qtr-sec OR 33 0320S 0050W 017 A SE | recorded~2021 (DB date, not legal located date) | src: BLM MLRS Not Closed | boundary approx (BLM quarter-section) | do not dig here (active claim)", "stroke": "#ff3300", "stroke-width": 2, "fill": "#ff3300", "fill-opacity": 0.05, "stroke-dasharray": "1,6"}}, {"type": "Feature", "geometry": {"type": "Polygon", "coordinates": [[[-123.57063515112513, 42.891279591836984], [-123.56821203577758, 42.891337660067215], [-123.56578894343004, 42.891395589297474], [-123.56579653311367, 42.88955999818185], [-123.5658040997973, 42.88772436206626], [-123.56581167748102, 42.88588877095068], [-123.56581925616477, 42.884053157835034], [-123.56819389650491, 42.8839930176093], [-123.57056855984496, 42.883932900383506], [-123.57531788652491, 42.883812642931964], [-123.57539961117246, 42.887488131154264], [-123.57548133482027, 42.89116359537654], [-123.57063515112513, 42.891279591836984]]]}, "properties": {"title": "ROCK PILE", "description": "placer | serial ORMC162165 | 30.0 ac | Active | qtr-sec OR 33 0310S 0070W 007 A SE | recorded~2021 (DB date, not legal located date) | src: BLM MLRS Not Closed | boundary approx (BLM quarter-section) | do not dig here (active claim)", "stroke": "#ff3300", "stroke-width": 2, "fill": "#ff3300", "fill-opacity": 0.05, "stroke-dasharray": "1,6"}}, {"type": "Feature", "geometry": {"type": "Polygon", "coordinates": [[[-123.62940952555233, 42.69196448485465], [-123.62940953086269, 42.693784439969164], [-123.62940953717312, 42.695604395083734], [-123.62694621181075, 42.69560416131231], [-123.62448289244843, 42.69560392854094], [-123.62448394913818, 42.6937841584263], [-123.62448500482802, 42.69196438931163], [-123.62694726519018, 42.69196449008315], [-123.62694779187999, 42.69014454796855], [-123.62940952024198, 42.690144475740084], [-123.631871248604, 42.69014440351168], [-123.63187178591444, 42.69196447962617], [-123.62940952555233, 42.69196448485465]]]}, "properties": {"title": "BLUE BEAR", "description": "placer | serial ORMC162439 | 120.0 ac | Active | qtr-sec OR 33 0330S 0080W 022 A N2SWNE | OR 33 0330S 0080W 022 A E2NWNE | OR 33 0330S 0080W 022 A W2NENE | recorded~2021 (DB date, not legal located date) | src: BLM MLRS Not Closed | boundary approx (BLM quarter-section) | do not dig here (active claim)", "stroke": "#ff3300", "stroke-width": 2, "fill": "#ff3300", "fill-opacity": 0.05, "stroke-dasharray": "1,6"}}, {"type": "Feature", "geometry": {"type": "Polygon", "coordinates": [[[-123.62201241970331, 42.69922844599837], [-123.62200527732074, 42.702853196227196], [-123.62199813593836, 42.70647794945595], [-123.62199099355612, 42.71010269968464], [-123.61708966283557, 42.71010645314003], [-123.61218833111492, 42.71011020559537], [-123.6121924464976, 42.706490248367146], [-123.61219656188041, 42.70287028913879], [-123.61220067726323, 42.69924989891044], [-123.6122047926463, 42.69562950568201], [-123.6171121773662, 42.69561659922576], [-123.62201956208604, 42.69560369276954], [-123.62201599139459, 42.69741607288395], [-123.62201241970331, 42.69922844599837]]]}, "properties": {"title": "LUCKY STRIKE", "description": "placer | serial ORMC162440 | 60.0 ac | Active | qtr-sec OR 33 0330S 0080W 014 A NW|OR 33 0330S 0080W 014 A SW | recorded~2021 (DB date, not legal located date) | src: BLM MLRS Not Closed | boundary approx (BLM quarter-section) | do not dig here (active claim)", "stroke": "#ff3300", "stroke-width": 2, "fill": "#ff3300", "fill-opacity": 0.05, "stroke-dasharray": "1,6"}}, {"type": "Feature", "geometry": {"type": "Polygon", "coordinates": [[[-123.63187178591444, 42.69196447962617], [-123.63187286153544, 42.69560462985509], [-123.63186981815304, 42.69922745008332], [-123.63186677477077, 42.70285026731149], [-123.62693602604581, 42.70285173176932], [-123.62200527732074, 42.702853196227196], [-123.62201241970331, 42.69922844599837], [-123.62201599139459, 42.69741607288395], [-123.62201956208604, 42.69560369276954], [-123.62202274546578, 42.691964289540074], [-123.62202592984576, 42.688324883310614], [-123.62694831956975, 42.68832460585393], [-123.63187071029361, 42.68832432739719], [-123.63187178591444, 42.69196447962617]]]}, "properties": {"title": "MOON HOUSE", "description": "placer | serial ORMC162441 | 60.0 ac | Active | qtr-sec OR 33 0330S 0080W 015 A SE|OR 33 0330S 0080W 022 A NE | recorded~2021 (DB date, not legal located date) | src: BLM MLRS Not Closed | boundary approx (BLM quarter-section) | do not dig here (active claim)", "stroke": "#ff3300", "stroke-width": 2, "fill": "#ff3300", "fill-opacity": 0.05, "stroke-dasharray": "1,6"}}, {"type": "Feature", "geometry": {"type": "Polygon", "coordinates": [[[-123.56291783475724, 42.87259889038891], [-123.56298875506452, 42.87431694748993], [-123.56305967637181, 42.876035005590914], [-123.56314362373128, 42.878043856708906], [-123.56070603738344, 42.878113158941055], [-123.55826937203571, 42.878182333173115], [-123.55817996368049, 42.87620287705749], [-123.55810092936674, 42.87445431795528], [-123.55802189505303, 42.872705736853106], [-123.56046985340518, 42.872652372621005], [-123.56291783475724, 42.87259889038891]]]}, "properties": {"title": "FOUR OUTLAWS", "description": "placer | serial ORMC162496 | 120.0 ac | Active | qtr-sec OR 33 0310S 0070W 017 A E2NWSW | OR 33 0310S 0070W 017 A SWSENW | OR 33 0310S 0070W 017 A W2NESW | OR 33 0310S 0070W 017 A SESWNW | recorded~2021 (DB date, not legal located date) | src: BLM MLRS Not Closed | boundary approx (BLM quarter-section) | do not dig here (active claim)", "stroke": "#ff3300", "stroke-width": 2, "fill": "#ff3300", "fill-opacity": 0.05, "stroke-dasharray": "1,6"}}, {"type": "Feature", "geometry": {"type": "Polygon", "coordinates": [[[-123.53511899436532, 42.74878045719345], [-123.53510151254689, 42.749856224262956], [-123.53508949567168, 42.75059574431077], [-123.53505999597806, 42.75241103242808], [-123.5350304972845, 42.75422634254537], [-123.53502428058165, 42.75596724065584], [-123.53501804087882, 42.75770811576627], [-123.53501399017608, 42.759447383876385], [-123.53500993947344, 42.76118667598646], [-123.53264247012335, 42.76118353320649], [-123.53027423277314, 42.76118031942656], [-123.52636428419484, 42.76117510478988], [-123.52606730815093, 42.761174685817466], [-123.52554008707297, 42.761173963866405], [-123.52554111105212, 42.76105165785862], [-123.52555498776962, 42.75939017875243], [-123.52556285660987, 42.75845056669242], [-123.52556991146635, 42.75760636963842], [-123.52558767585923, 42.75404508541191], [-123.52560830455629, 42.75225773729714], [-123.52562893325336, 42.75047038918236], [-123.5256360561489, 42.749853580142734], [-123.52567021364776, 42.74689569395274], [-123.53040934235344, 42.746930431514436], [-123.53277890670624, 42.74694780529527], [-123.53514849405899, 42.746965146076086], [-123.53511899436532, 42.74878045719345]]]}, "properties": {"title": "MINERS REST", "description": "placer | serial ORMC163452 | 40.0 ac | Active | qtr-sec OR 33 0320S 0070W 028 A SE|OR 33 0320S 0070W 033 A NE | recorded~2021 (DB date, not legal located date) | src: BLM MLRS Not Closed | boundary approx (BLM quarter-section) | do not dig here (active claim)", "stroke": "#ff3300", "stroke-width": 2, "fill": "#ff3300", "fill-opacity": 0.05, "stroke-dasharray": "1,6"}}, {"type": "Feature", "geometry": {"type": "Polygon", "coordinates": [[[-123.29301909226747, 42.81180307871334], [-123.28815463554172, 42.81179685416566], [-123.28812947792383, 42.80821922293946], [-123.28810432030608, 42.80464159171328], [-123.29300013903685, 42.80465005625831], [-123.29789595776751, 42.80465851980336], [-123.30279205249806, 42.80466698434833], [-123.30768814722846, 42.80467544889326], [-123.30765030383613, 42.80824860112478], [-123.30761246144391, 42.81182175335626], [-123.30274800471854, 42.81181552780863], [-123.29788354799312, 42.811809303261], [-123.29301909226747, 42.81180307871334]]]}, "properties": {"title": "GOLD FORTUNE 4", "description": "placer | serial ORMC164246 | 160.0 ac | Active | qtr-sec OR 33 0320S 0050W 009 A NW|OR 33 0320S 0050W 009 A NE | recorded~2021 (DB date, not legal located date) | src: BLM MLRS Not Closed | boundary approx (BLM quarter-section) | do not dig here (active claim)", "stroke": "#ff3300", "stroke-width": 2, "fill": "#ff3300", "fill-opacity": 0.05, "stroke-dasharray": "1,6"}}, {"type": "Feature", "geometry": {"type": "Polygon", "coordinates": [[[-123.29762535821038, 42.81912122875167], [-123.29749138882572, 42.82281904500006], [-123.29736949838835, 42.82619839422698], [-123.29238240864797, 42.82621297169232], [-123.28739536190743, 42.826227524157645], [-123.28783257038309, 42.82279725289797], [-123.28830584481487, 42.8190794596166], [-123.28822991817765, 42.81543500839098], [-123.28815463554172, 42.81179685416566], [-123.29301909226747, 42.81180307871334], [-123.29788354799312, 42.811809303261], [-123.29775548660628, 42.815491538507914], [-123.29762535821038, 42.81912122875167]]]}, "properties": {"title": "GOLD FORTUNE 5", "description": "placer | serial ORMC164247 | 156.81 ac | Active | qtr-sec OR 33 0320S 0050W 004 A NE|OR 33 0320S 0050W 004 A SE | recorded~2021 (DB date, not legal located date) | src: BLM MLRS Not Closed | boundary approx (BLM quarter-section) | do not dig here (active claim)", "stroke": "#ff3300", "stroke-width": 2, "fill": "#ff3300", "fill-opacity": 0.05, "stroke-dasharray": "1,6"}}, {"type": "Feature", "geometry": {"type": "Polygon", "coordinates": [[[-123.33887440959724, 42.68018520303832], [-123.33888267477894, 42.681246432105574], [-123.33544897427352, 42.681274447425324], [-123.33395304605135, 42.6812755885639], [-123.33285976788902, 42.68127641566519], [-123.33170952371825, 42.681277288771795], [-123.33075346257624, 42.681278014860354], [-123.33055103854619, 42.68127816787909], [-123.32916087733972, 42.681279223007856], [-123.32902341731935, 42.68127932702063], [-123.329023578303, 42.68118295701445], [-123.32902391426867, 42.68098124100151], [-123.32902429522994, 42.680753073986786], [-123.32902555050623, 42.68], [-123.33887296759309, 42.68], [-123.33887440959724, 42.68018520303832]]]}, "properties": {"title": "LOG CABIN FEVER 1A", "description": "placer | serial ORMC164365 | 24.95 ac | Active | qtr-sec OR 33 0330S 0050W 030 A NE | recorded~2021 (DB date, not legal located date) | src: BLM MLRS Not Closed | boundary approx (BLM quarter-section) | do not dig here (active claim)", "stroke": "#ff3300", "stroke-width": 2, "fill": "#ff3300", "fill-opacity": 0.05, "stroke-dasharray": "1,6"}}, {"type": "Feature", "geometry": {"type": "Polygon", "coordinates": [[[-123.33887440959724, 42.68018520303832], [-123.33888267477894, 42.681246432105574], [-123.3413042111339, 42.68121815987951], [-123.34284141835924, 42.681200239736015], [-123.34376710949496, 42.681189415649634], [-123.34711477898544, 42.681149513337054], [-123.34712325229931, 42.6829869694539], [-123.3471236983166, 42.683088135460366], [-123.34712885450774, 42.6842069195315], [-123.34713169561323, 42.68482459057081], [-123.34714780824133, 42.68850105580465], [-123.34370285773086, 42.688508961124285], [-123.33876375699883, 42.6885196725825], [-123.33389285127691, 42.6885311880344], [-123.32902080855472, 42.68854251148641], [-123.32902211293695, 42.684910904253506], [-123.32902293754351, 42.682597836105195], [-123.32902337034129, 42.681408537028936], [-123.32902341731935, 42.68127932702063], [-123.329023578303, 42.68118295701445], [-123.32902391426867, 42.68098124100151], [-123.32902429522994, 42.680753073986786], [-123.32902555050623, 42.68], [-123.33887296759309, 42.68], [-123.33887440959724, 42.68018520303832]]]}, "properties": {"title": "LOG CABIN FEVER 2", "description": "placer | serial ORMC164499 | 36.31 ac | Active | qtr-sec OR 33 0330S 0050W 019 A SW|OR 33 0330S 0050W 019 A SE|OR 33 0330S 0050W 030 A NE | recorded~2021 (DB date, not legal located date) | src: BLM MLRS Not Closed | boundary approx (BLM quarter-section) | do not dig here (active claim)", "stroke": "#ff3300", "stroke-width": 2, "fill": "#ff3300", "fill-opacity": 0.05, "stroke-dasharray": "1,6"}}, {"type": "Feature", "geometry": {"type": "Polygon", "coordinates": [[[-123.53985004499481, 42.75422007909684], [-123.54466957070505, 42.75421383864831], [-123.54463031629706, 42.75770469187212], [-123.54459106088923, 42.76119552209588], [-123.53980748518259, 42.76119228654061], [-123.53740870082805, 42.761189469763536], [-123.53500993947344, 42.76118667598646], [-123.53501399017608, 42.759447383876385], [-123.53501804087882, 42.75770811576627], [-123.53502428058165, 42.75596724065584], [-123.5350304972845, 42.75422634254537], [-123.53744027063966, 42.75422322232112], [-123.53985004499481, 42.75422007909684]]]}, "properties": {"title": "CLAIRE 1", "description": "placer | serial ORMC165078 | 10.0 ac | Active | qtr-sec OR 33 0320S 0070W 028 A SW | recorded~2021 (DB date, not legal located date) | src: BLM MLRS Not Closed | boundary approx (BLM quarter-section) | do not dig here (active claim)", "stroke": "#ff3300", "stroke-width": 2, "fill": "#ff3300", "fill-opacity": 0.05, "stroke-dasharray": "1,6"}}, {"type": "Feature", "geometry": {"type": "Polygon", "coordinates": [[[-123.58278553681147, 42.680942494484796], [-123.57781381707625, 42.68092633294485], [-123.57287396034572, 42.68091030940186], [-123.57288205728466, 42.68], [-123.58278201026317, 42.68], [-123.58278553681147, 42.680942494484796]]]}, "properties": {"title": "GORGEOUS WOMAN", "description": "placer | serial ORMC165535 | 159.63 ac | Active | qtr-sec OR 33 0330S 0070W 030 A NW|OR 33 0330S 0070W 030 A SW | recorded~2021 (DB date, not legal located date) | src: BLM MLRS Not Closed | boundary approx (BLM quarter-section) | do not dig here (active claim)", "stroke": "#ff3300", "stroke-width": 2, "fill": "#ff3300", "fill-opacity": 0.05, "stroke-dasharray": "1,6"}}, {"type": "Feature", "geometry": {"type": "Polygon", "coordinates": [[[-123.53486323486584, 42.77527190588846], [-123.52992813212899, 42.77522464234469], [-123.52746059276055, 42.77520106557283], [-123.52499305339202, 42.77517740080095], [-123.52509370510995, 42.77344542068234], [-123.52519435782784, 42.77171343956372], [-123.5253956162639, 42.768249455326426], [-123.53018084596974, 42.76824456488092], [-123.53496609867543, 42.76823965143543], [-123.53494037097299, 42.76999770954871], [-123.53491466627052, 42.77175579066194], [-123.53486323486584, 42.77527190588846]]]}, "properties": {"title": "G & R CLAIM 10", "description": "placer | serial ORMC167334 | 40.0 ac | Active | qtr-sec OR 33 0320S 0070W 021 A SE | recorded~2021 (DB date, not legal located date) | src: BLM MLRS Not Closed | boundary approx (BLM quarter-section) | do not dig here (active claim)", "stroke": "#ff3300", "stroke-width": 2, "fill": "#ff3300", "fill-opacity": 0.05, "stroke-dasharray": "1,6"}}, {"type": "Feature", "geometry": {"type": "Polygon", "coordinates": [[[-123.17181538599773, 42.799110481173], [-123.1669358602786, 42.799173589630634], [-123.1620501395457, 42.799162561084046], [-123.16206078493558, 42.79559340885325], [-123.16206678731328, 42.791956058618496], [-123.16692926203326, 42.791912126163815], [-123.17178813974537, 42.79182618770679], [-123.171804333376, 42.79549230994118], [-123.17181538599773, 42.799110481173]]]}, "properties": {"title": "HE COMES ON A WHITE", "description": "placer | serial ORMC167436 | 40.0 ac | Active | qtr-sec OR 33 0320S 0040W 015 A NW | recorded~2021 (DB date, not legal located date) | src: BLM MLRS Not Closed | boundary approx (BLM quarter-section) | do not dig here (active claim)", "stroke": "#ff3300", "stroke-width": 2, "fill": "#ff3300", "fill-opacity": 0.05, "stroke-dasharray": "1,6"}}, {"type": "Feature", "geometry": {"type": "Polygon", "coordinates": [[[-123.17176604322685, 42.806322191641506], [-123.16689291451671, 42.80643234310168], [-123.1620102517874, 42.80643992055618], [-123.16203251817262, 42.802835339322115], [-123.1620501395457, 42.799162561084046], [-123.1669358602786, 42.799173589630634], [-123.17181538599773, 42.799110481173], [-123.17181470001113, 42.799189407178154], [-123.17178432860518, 42.8026809414056], [-123.17176604322685, 42.806322191641506]]]}, "properties": {"title": "HORSE PLAY", "description": "placer | serial ORMC167616 | 40.0 ac | Active | qtr-sec OR 33 0320S 0040W 010 A SW | recorded~2021 (DB date, not legal located date) | src: BLM MLRS Not Closed | boundary approx (BLM quarter-section) | do not dig here (active claim)", "stroke": "#ff3300", "stroke-width": 2, "fill": "#ff3300", "fill-opacity": 0.05, "stroke-dasharray": "1,6"}}, {"type": "Feature", "geometry": {"type": "Polygon", "coordinates": [[[-123.19374188049903, 42.93390919576925], [-123.18901117278953, 42.933899403210816], [-123.18893696213752, 42.93019667598122], [-123.18886275148566, 42.92649394875164], [-123.19077470977518, 42.926513728574236], [-123.19322409214753, 42.92654818534755], [-123.19811913789482, 42.9266350648957], [-123.19829586355154, 42.93027702711169], [-123.19847258820846, 42.9339189883277], [-123.19374188049903, 42.93390919576925]]]}, "properties": {"title": "SWEAT CAJ", "description": "placer | serial ORMC168672 | 72.92 ac | Active | qtr-sec OR 33 0300S 0040W 029 A SE | recorded~2021 (DB date, not legal located date) | src: BLM MLRS Not Closed | boundary approx (BLM quarter-section) | do not dig here (active claim)", "stroke": "#ff3300", "stroke-width": 2, "fill": "#ff3300", "fill-opacity": 0.05, "stroke-dasharray": "1,6"}}, {"type": "Feature", "geometry": {"type": "Polygon", "coordinates": [[[-123.53486323486584, 42.77527190588846], [-123.52992813212899, 42.77522464234469], [-123.52746059276055, 42.77520106557283], [-123.52499305339202, 42.77517740080095], [-123.52509370510995, 42.77344542068234], [-123.52519435782784, 42.77171343956372], [-123.5253956162639, 42.768249455326426], [-123.53018084596974, 42.76824456488092], [-123.53496609867543, 42.76823965143543], [-123.53494037097299, 42.76999770954871], [-123.53491466627052, 42.77175579066194], [-123.53486323486584, 42.77527190588846]]]}, "properties": {"title": "HONEYSUCKLE", "description": "placer | serial ORMC169129 | 20.0 ac | Active | qtr-sec OR 33 0320S 0070W 021 A SE | recorded~2021 (DB date, not legal located date) | src: BLM MLRS Not Closed | boundary approx (BLM quarter-section) | do not dig here (active claim)", "stroke": "#ff3300", "stroke-width": 2, "fill": "#ff3300", "fill-opacity": 0.05, "stroke-dasharray": "1,6"}}, {"type": "Feature", "geometry": {"type": "Polygon", "coordinates": [[[-123.34754193856935, 42.89416559986967], [-123.34753377463137, 42.89453165289363], [-123.34746443815742, 42.89763554909689], [-123.34745685721761, 42.89799018512006], [-123.34739343569753, 42.90082133230541], [-123.3473815507732, 42.90126977333497], [-123.34737430381966, 42.901544549353005], [-123.34728171938681, 42.90490458157458], [-123.34728338742067, 42.9050986915867], [-123.3425851637354, 42.90517827703083], [-123.33784787404433, 42.90525851047859], [-123.33809555847094, 42.9017285882316], [-123.33834324389763, 42.89819864298465], [-123.33828396426954, 42.89461472676287], [-123.33822466164156, 42.891030787541055], [-123.34292847034509, 42.89105204510311], [-123.34759349504276, 42.89107312066877], [-123.34754496353837, 42.89398365785785], [-123.34754193856935, 42.89416559986967]]]}, "properties": {"title": "MEADOWS 1", "description": "placer | serial ORMC170963 | 42.42 ac | Active | qtr-sec OR 33 0310S 0050W 006 A SW|OR 33 0310S 0050W 007 A NW | recorded~2021 (DB date, not legal located date) | src: BLM MLRS Not Closed | boundary approx (BLM quarter-section) | do not dig here (active claim)", "stroke": "#ff3300", "stroke-width": 2, "fill": "#ff3300", "fill-opacity": 0.05, "stroke-dasharray": "1,6"}}, {"type": "Feature", "geometry": {"type": "Polygon", "coordinates": [[[-123.18057430308376, 42.686501746098], [-123.18057686038863, 42.688292458213525], [-123.17810408201852, 42.688289035442125], [-123.17563132764838, 42.68828554367075], [-123.17439492646325, 42.68828384078505], [-123.17315854927817, 42.68828210489934], [-123.17192217109309, 42.68828036701361], [-123.17068579390798, 42.688278629127915], [-123.17071433829746, 42.68466202389135], [-123.17074288268701, 42.681045395654685], [-123.1756547724283, 42.68108749120304], [-123.18056666116942, 42.68112956275133], [-123.18057176077895, 42.684711010982454], [-123.18057430308376, 42.686501746098]]]}, "properties": {"title": "BUSTED FLUSH", "description": "placer | serial ORMC171107 | 40.0 ac | Active | qtr-sec OR 33 0330S 0040W 021 A SE | recorded~2021 (DB date, not legal located date) | src: BLM MLRS Not Closed | boundary approx (BLM quarter-section) | do not dig here (active claim)", "stroke": "#ff3300", "stroke-width": 2, "fill": "#ff3300", "fill-opacity": 0.05, "stroke-dasharray": "1,6"}}, {"type": "Feature", "geometry": {"type": "Polygon", "coordinates": [[[-123.5360490975082, 42.91721994969636], [-123.53598028510973, 42.92075004592384], [-123.53116594240046, 42.92076305937532], [-123.52635160069096, 42.92077587982677], [-123.52636042253593, 42.91987360376939], [-123.52636862738073, 42.91897114171209], [-123.52637683222561, 42.91806867965479], [-123.52638474307034, 42.91716611959751], [-123.52641863645006, 42.913556386368164], [-123.5312681191785, 42.91362325891858], [-123.53148638021126, 42.913626256898276], [-123.53611788190679, 42.91368988246889], [-123.5360490975082, 42.91721994969636]]]}, "properties": {"title": "COW CREEK", "description": "placer | serial ORMC171403 | 20.0 ac | Active | qtr-sec OR 33 0300S 0070W 033 A SE | recorded~2021 (DB date, not legal located date) | src: BLM MLRS Not Closed | boundary approx (BLM quarter-section) | do not dig here (active claim)", "stroke": "#ff3300", "stroke-width": 2, "fill": "#ff3300", "fill-opacity": 0.05, "stroke-dasharray": "1,6"}}, {"type": "Feature", "geometry": {"type": "Polygon", "coordinates": [[[-123.59258196926676, 42.68101607058101], [-123.58767733654179, 42.68100007403485], [-123.58278495381846, 42.68098413348749], [-123.58278553681147, 42.680942494484796], [-123.58278201026317, 42.68], [-123.59257825798299, 42.68], [-123.59258196926676, 42.68101607058101]]]}, "properties": {"title": "FIRST DREAM", "description": "placer | serial ORMC171673 | 39.86 ac | Active | qtr-sec OR 33 0330S 0080W 025 A NE | recorded~2021 (DB date, not legal located date) | src: BLM MLRS Not Closed | boundary approx (BLM quarter-section) | do not dig here (active claim)", "stroke": "#ff3300", "stroke-width": 2, "fill": "#ff3300", "fill-opacity": 0.05, "stroke-dasharray": "1,6"}}, {"type": "Feature", "geometry": {"type": "Polygon", "coordinates": [[[-123.55049550234973, 42.86927728334136], [-123.55540769506707, 42.869231461879615], [-123.55557391270088, 42.87275912508521], [-123.5556570230178, 42.87452295618799], [-123.55574013133479, 42.876286766290754], [-123.55065054561346, 42.876461435777316], [-123.54556093689202, 42.8766360832639], [-123.54557213526203, 42.87297959403358], [-123.54558331063227, 42.86932310480317], [-123.55049550234973, 42.86927728334136]]]}, "properties": {"title": "GOLDEN CATTLE", "description": "placer | serial ORMC172021 | 20.0 ac | Active | qtr-sec OR 33 0310S 0070W 017 A SE | recorded~2021 (DB date, not legal located date) | src: BLM MLRS Not Closed | boundary approx (BLM quarter-section) | do not dig here (active claim)", "stroke": "#ff3300", "stroke-width": 2, "fill": "#ff3300", "fill-opacity": 0.05, "stroke-dasharray": "1,6"}}, {"type": "Feature", "geometry": {"type": "Polygon", "coordinates": [[[-123.18177854138311, 42.81016249795737], [-123.18175439668042, 42.811916427072354], [-123.1794196313363, 42.811945834291386], [-123.17674434794132, 42.81197612954214], [-123.17457397062093, 42.81200063874557], [-123.17173365120148, 42.81203246901175], [-123.17174531685058, 42.80997672687848], [-123.17176604322685, 42.806322191641506], [-123.17678023900937, 42.8065118311875], [-123.18178491077278, 42.806598898727714], [-123.18177854138311, 42.81016249795737]]]}, "properties": {"title": "WHITEHORSE CREEK GOL", "description": "placer | serial ORMC172837 | 20.0 ac | Active | qtr-sec OR 33 0320S 0040W 009 A NE | recorded~2021 (DB date, not legal located date) | src: BLM MLRS Not Closed | boundary approx (BLM quarter-section) | do not dig here (active claim)", "stroke": "#ff3300", "stroke-width": 2, "fill": "#ff3300", "fill-opacity": 0.05, "stroke-dasharray": "1,6"}}, {"type": "Feature", "geometry": {"type": "Polygon", "coordinates": [[[-123.5455994176397, 42.840364581984055], [-123.54069083491184, 42.840346933441005], [-123.53578225218385, 42.84032926289788], [-123.53565647655405, 42.83678136568667], [-123.53553070092438, 42.83323346847533], [-123.54059299866681, 42.833203037001226], [-123.54565527240908, 42.83317260552706], [-123.54562733402433, 42.83676860575558], [-123.5455994176397, 42.840364581984055]]]}, "properties": {"title": "GOLDEN BELL TWO", "description": "placer | serial ORMC173614 | 20.0 ac | Active | qtr-sec OR 33 0310S 0070W 033 A NW | recorded~2021 (DB date, not legal located date) | src: BLM MLRS Not Closed | boundary approx (BLM quarter-section) | do not dig here (active claim)", "stroke": "#ff3300", "stroke-width": 2, "fill": "#ff3300", "fill-opacity": 0.05, "stroke-dasharray": "1,6"}}, {"type": "Feature", "geometry": {"type": "Polygon", "coordinates": [[[-123.62250116088143, 42.897688960385516], [-123.61777363018957, 42.89771544782953], [-123.61304607049756, 42.897741908273545], [-123.61300003886126, 42.894104503050904], [-123.61297703754317, 42.89228580093955], [-123.6129540072251, 42.890467098828225], [-123.61773495692347, 42.89043213737886], [-123.62251587862171, 42.89039698192942], [-123.62250852025143, 42.89404297115748], [-123.62250116088143, 42.897688960385516]]]}, "properties": {"title": "UNION CREEK 2", "description": "placer | serial ORMC176757 | 20.0 ac | Active | qtr-sec OR 33 0310S 0080W 011 A NW | recorded~2021 (DB date, not legal located date) | src: BLM MLRS Not Closed | boundary approx (BLM quarter-section) | do not dig here (active claim)", "stroke": "#ff3300", "stroke-width": 2, "fill": "#ff3300", "fill-opacity": 0.05, "stroke-dasharray": "1,6"}}, {"type": "Feature", "geometry": {"type": "Polygon", "coordinates": [[[-123.62250116088143, 42.897688960385516], [-123.61777363018957, 42.89771544782953], [-123.61304607049756, 42.897741908273545], [-123.61300003886126, 42.894104503050904], [-123.61297703754317, 42.89228580093955], [-123.6129540072251, 42.890467098828225], [-123.61773495692347, 42.89043213737886], [-123.62251587862171, 42.89039698192942], [-123.62250852025143, 42.89404297115748], [-123.62250116088143, 42.897688960385516]]]}, "properties": {"title": "UNION CREEK 3", "description": "placer | serial ORMC176758 | 20.0 ac | Active | qtr-sec OR 33 0310S 0080W 011 A NW | recorded~2021 (DB date, not legal located date) | src: BLM MLRS Not Closed | boundary approx (BLM quarter-section) | do not dig here (active claim)", "stroke": "#ff3300", "stroke-width": 2, "fill": "#ff3300", "fill-opacity": 0.05, "stroke-dasharray": "1,6"}}, {"type": "Feature", "geometry": {"type": "Polygon", "coordinates": [[[-123.61300003886126, 42.894104503050904], [-123.61304607049756, 42.897741908273545], [-123.6083166788051, 42.897767951717654], [-123.6035872861125, 42.89779396616178], [-123.6035868964843, 42.894164505935244], [-123.60358647785631, 42.89053501870866], [-123.60827025654073, 42.89050117026847], [-123.6129540072251, 42.890467098828225], [-123.61297703754317, 42.89228580093955], [-123.61300003886126, 42.894104503050904]]]}, "properties": {"title": "UNION CREEK 4", "description": "placer | serial ORMC176759 | 20.0 ac | Active | qtr-sec OR 33 0310S 0080W 011 A NE | recorded~2021 (DB date, not legal located date) | src: BLM MLRS Not Closed | boundary approx (BLM quarter-section) | do not dig here (active claim)", "stroke": "#ff3300", "stroke-width": 2, "fill": "#ff3300", "fill-opacity": 0.05, "stroke-dasharray": "1,6"}}, {"type": "Feature", "geometry": {"type": "Polygon", "coordinates": [[[-123.59407043491137, 42.875831962679825], [-123.59408193956722, 42.87961722891535], [-123.5940934422233, 42.8834024941509], [-123.58934732853433, 42.88346567759856], [-123.58460121684533, 42.88352889004631], [-123.58458124019533, 42.879785764814045], [-123.58457127087044, 42.877914201697905], [-123.58456126354554, 42.87604263958182], [-123.58693857088704, 42.875990031356295], [-123.58931584922854, 42.8759373971308], [-123.59407043491137, 42.875831962679825]]]}, "properties": {"title": "KRN JASPER 1", "description": "placer | serial ORMC176940 | 20.0 ac | Active | qtr-sec OR 33 0310S 0080W 013 A NE | recorded~2021 (DB date, not legal located date) | src: BLM MLRS Not Closed | boundary approx (BLM quarter-section) | do not dig here (active claim)", "stroke": "#ff3300", "stroke-width": 2, "fill": "#ff3300", "fill-opacity": 0.05, "stroke-dasharray": "1,6"}}, {"type": "Feature", "geometry": {"type": "Polygon", "coordinates": [[[-123.59407043491137, 42.875831962679825], [-123.59408193956722, 42.87961722891535], [-123.5940934422233, 42.8834024941509], [-123.58934732853433, 42.88346567759856], [-123.58460121684533, 42.88352889004631], [-123.58458124019533, 42.879785764814045], [-123.58457127087044, 42.877914201697905], [-123.58456126354554, 42.87604263958182], [-123.58693857088704, 42.875990031356295], [-123.58931584922854, 42.8759373971308], [-123.59407043491137, 42.875831962679825]]]}, "properties": {"title": "KRN JASPER 2", "description": "placer | serial ORMC176941 | 20.0 ac | Active | qtr-sec OR 33 0310S 0080W 013 A NE | recorded~2021 (DB date, not legal located date) | src: BLM MLRS Not Closed | boundary approx (BLM quarter-section) | do not dig here (active claim)", "stroke": "#ff3300", "stroke-width": 2, "fill": "#ff3300", "fill-opacity": 0.05, "stroke-dasharray": "1,6"}}, {"type": "Feature", "geometry": {"type": "Polygon", "coordinates": [[[-123.59407043491137, 42.875831962679825], [-123.59408193956722, 42.87961722891535], [-123.5940934422233, 42.8834024941509], [-123.58934732853433, 42.88346567759856], [-123.58460121684533, 42.88352889004631], [-123.58458124019533, 42.879785764814045], [-123.58457127087044, 42.877914201697905], [-123.58456126354554, 42.87604263958182], [-123.58693857088704, 42.875990031356295], [-123.58931584922854, 42.8759373971308], [-123.59407043491137, 42.875831962679825]]]}, "properties": {"title": "KRN JASPER 3", "description": "placer | serial ORMC176942 | 20.0 ac | Active | qtr-sec OR 33 0310S 0080W 013 A NE | recorded~2021 (DB date, not legal located date) | src: BLM MLRS Not Closed | boundary approx (BLM quarter-section) | do not dig here (active claim)", "stroke": "#ff3300", "stroke-width": 2, "fill": "#ff3300", "fill-opacity": 0.05, "stroke-dasharray": "1,6"}}, {"type": "Feature", "geometry": {"type": "Polygon", "coordinates": [[[-123.58693857088704, 42.875990031356295], [-123.58456126354554, 42.87604263958182], [-123.58454056523063, 42.87423785347081], [-123.58451986791579, 42.87243290335982], [-123.5844785132862, 42.86882319113784], [-123.5892632899627, 42.86865472968018], [-123.59404809763906, 42.86848626622256], [-123.59405926627514, 42.87215911545119], [-123.59407043491137, 42.875831962679825], [-123.58931584922854, 42.8759373971308], [-123.58693857088704, 42.875990031356295]]]}, "properties": {"title": "KRN JASPER 4", "description": "placer | serial ORMC176943 | 20.0 ac | Active | qtr-sec OR 33 0310S 0080W 013 A SE | recorded~2021 (DB date, not legal located date) | src: BLM MLRS Not Closed | boundary approx (BLM quarter-section) | do not dig here (active claim)", "stroke": "#ff3300", "stroke-width": 2, "fill": "#ff3300", "fill-opacity": 0.05, "stroke-dasharray": "1,6"}}, {"type": "Feature", "geometry": {"type": "Polygon", "coordinates": [[[-123.55418025344791, 42.773702880991856], [-123.55417807614315, 42.77192747788025], [-123.55659649950583, 42.77196170365732], [-123.55901492386846, 42.77199593043444], [-123.56136864922186, 42.77203220921769], [-123.56372237557527, 42.7720684880009], [-123.56367228986856, 42.77382194611592], [-123.56134829252095, 42.77379381733047], [-123.55902429517329, 42.773765687545016], [-123.55660227481059, 42.773734284768416], [-123.55418025344791, 42.773702880991856]]]}, "properties": {"title": "LIGHTNING GOLD 1", "description": "placer | serial ORMC176950 | 80.0 ac | Active | qtr-sec OR 33 0320S 0070W 020 A S2NESW | OR 33 0320S 0070W 020 A S2NWSW | recorded~2021 (DB date, not legal located date) | src: BLM MLRS Not Closed | boundary approx (BLM quarter-section) | do not dig here (active claim)", "stroke": "#ff3300", "stroke-width": 2, "fill": "#ff3300", "fill-opacity": 0.05, "stroke-dasharray": "1,6"}}, {"type": "Feature", "geometry": {"type": "Polygon", "coordinates": [[[-123.5493512628086, 42.76829713610068], [-123.55176250317122, 42.76833690287881], [-123.55176108347581, 42.770115077990994], [-123.55175966378044, 42.77189325210311], [-123.54934122841767, 42.771859026326055], [-123.54934625411309, 42.77007808121338], [-123.5493512628086, 42.76829713610068]]]}, "properties": {"title": "LIGHTNING GOLD 2", "description": "placer | serial ORMC176951 | 20.0 ac | Active | qtr-sec OR 33 0320S 0070W 020 A E2SWSE | recorded~2021 (DB date, not legal located date) | src: BLM MLRS Not Closed | boundary approx (BLM quarter-section) | do not dig here (active claim)", "stroke": "#ff3300", "stroke-width": 2, "fill": "#ff3300", "fill-opacity": 0.05, "stroke-dasharray": "1,6"}}, {"type": "Feature", "geometry": {"type": "Polygon", "coordinates": [[[-123.612791942476, 42.81090071786849], [-123.6127350530803, 42.81446248009691], [-123.61268122668453, 42.81802005332475], [-123.60788839898406, 42.81805205877374], [-123.60309152328384, 42.818089223223424], [-123.60311715566867, 42.8144920509956], [-123.6031427840537, 42.81089487476777], [-123.60796723276485, 42.81089767731811], [-123.612791942476, 42.81090071786849]]]}, "properties": {"title": "SHINY GOLD", "description": "placer | serial ORMC176955 | 20.0 ac | Active | qtr-sec OR 33 0320S 0080W 002 A SE | recorded~2021 (DB date, not legal located date) | src: BLM MLRS Not Closed | boundary approx (BLM quarter-section) | do not dig here (active claim)", "stroke": "#ff3300", "stroke-width": 2, "fill": "#ff3300", "fill-opacity": 0.05, "stroke-dasharray": "1,6"}}, {"type": "Feature", "geometry": {"type": "Polygon", "coordinates": [[[-123.26318866140713, 42.7392916148436], [-123.26438580158614, 42.73929495173275], [-123.26816975715155, 42.73930378638229], [-123.26752497168054, 42.742963976676926], [-123.26688012520972, 42.74662416697156], [-123.26219892850612, 42.746589882403775], [-123.25751775780246, 42.74655539983602], [-123.25785834324125, 42.742972838574445], [-123.25786361623256, 42.7429173175704], [-123.25803651594768, 42.74109825843759], [-123.25820942566283, 42.73927922130477], [-123.25935675983445, 42.73928269619857], [-123.26069301503424, 42.739286114074815], [-123.26194085322066, 42.73928886095921], [-123.26318866140713, 42.7392916148436]]]}, "properties": {"title": "TENNESSEE GULCH", "description": "placer | serial ORMC177440 | 100.0 ac | Active | qtr-sec OR 33 0320S 0050W 035 A SW | recorded~2021 (DB date, not legal located date) | src: BLM MLRS Not Closed | boundary approx (BLM quarter-section) | do not dig here (active claim)", "stroke": "#ff3300", "stroke-width": 2, "fill": "#ff3300", "fill-opacity": 0.05, "stroke-dasharray": "1,6"}}, {"type": "Feature", "geometry": {"type": "Polygon", "coordinates": [[[-123.62197056626017, 42.82503624389741], [-123.62199537286911, 42.82855103611496], [-123.61963556852385, 42.828563560335944], [-123.6172757641785, 42.828576058556884], [-123.61728006856823, 42.82502862533451], [-123.62197056626017, 42.82503624389741]]]}, "properties": {"title": "STAIRWAY TO GOLD", "description": "placer | serial ORMC178000 | 20.0 ac | Active | qtr-sec OR 33 0310S 0080W 035 A SWSW | recorded~2021 (DB date, not legal located date) | src: BLM MLRS Not Closed | boundary approx (BLM quarter-section) | do not dig here (active claim)", "stroke": "#ff3300", "stroke-width": 2, "fill": "#ff3300", "fill-opacity": 0.05, "stroke-dasharray": "1,6"}}, {"type": "Feature", "geometry": {"type": "Polygon", "coordinates": [[[-123.3425851637354, 42.90517827703083], [-123.34728338742067, 42.9050986915867], [-123.34729259160713, 42.906169183653724], [-123.3473071140185, 42.908535194802255], [-123.34730769703535, 42.908632276808326], [-123.34732953464987, 42.91216586303011], [-123.34234077292568, 42.91227027850306], [-123.34186298085623, 42.912279979548344], [-123.3373484272008, 42.912374501976295], [-123.3375981406225, 42.908816512727455], [-123.33784787404433, 42.90525851047859], [-123.3425851637354, 42.90517827703083]]]}, "properties": {"title": "BLESSED MEADOWS 1", "description": "placer | serial ORMC178018 | 79.8 ac | Active | qtr-sec OR 33 0310S 0050W 006 A NW | recorded~2021 (DB date, not legal located date) | src: BLM MLRS Not Closed | boundary approx (BLM quarter-section) | do not dig here (active claim)", "stroke": "#ff3300", "stroke-width": 2, "fill": "#ff3300", "fill-opacity": 0.05, "stroke-dasharray": "1,6"}}, {"type": "Feature", "geometry": {"type": "Polygon", "coordinates": [[[-123.3425851637354, 42.90517827703083], [-123.34728338742067, 42.9050986915867], [-123.34729259160713, 42.906169183653724], [-123.3473071140185, 42.908535194802255], [-123.34730769703535, 42.908632276808326], [-123.34732953464987, 42.91216586303011], [-123.34234077292568, 42.91227027850306], [-123.34186298085623, 42.912279979548344], [-123.3373484272008, 42.912374501976295], [-123.3375981406225, 42.908816512727455], [-123.33784787404433, 42.90525851047859], [-123.3425851637354, 42.90517827703083]]]}, "properties": {"title": "BLESSED MEADOWS 2", "description": "placer | serial ORMC178019 | 40.0 ac | Active | qtr-sec OR 33 0310S 0050W 006 A NW | recorded~2021 (DB date, not legal located date) | src: BLM MLRS Not Closed | boundary approx (BLM quarter-section) | do not dig here (active claim)", "stroke": "#ff3300", "stroke-width": 2, "fill": "#ff3300", "fill-opacity": 0.05, "stroke-dasharray": "1,6"}}, {"type": "Feature", "geometry": {"type": "Polygon", "coordinates": [[[-123.3425851637354, 42.90517827703083], [-123.34728338742067, 42.9050986915867], [-123.34729259160713, 42.906169183653724], [-123.3473071140185, 42.908535194802255], [-123.34730769703535, 42.908632276808326], [-123.34732953464987, 42.91216586303011], [-123.34234077292568, 42.91227027850306], [-123.34186298085623, 42.912279979548344], [-123.3373484272008, 42.912374501976295], [-123.3375981406225, 42.908816512727455], [-123.33784787404433, 42.90525851047859], [-123.3425851637354, 42.90517827703083]]]}, "properties": {"title": "BLESSED MEADOWS 4", "description": "placer | serial ORMC178020 | 40.0 ac | Active | qtr-sec OR 33 0310S 0050W 006 A NW | recorded~2021 (DB date, not legal located date) | src: BLM MLRS Not Closed | boundary approx (BLM quarter-section) | do not dig here (active claim)", "stroke": "#ff3300", "stroke-width": 2, "fill": "#ff3300", "fill-opacity": 0.05, "stroke-dasharray": "1,6"}}, {"type": "Feature", "geometry": {"type": "Polygon", "coordinates": [[[-123.63187071029361, 42.68832432739719], [-123.62694831956975, 42.68832460585393], [-123.62202592984576, 42.688324883310614], [-123.62202723047072, 42.68612345917189], [-123.62202748339766, 42.68569467314483], [-123.62202808522825, 42.68470010508211], [-123.62202890699028, 42.68330303499404], [-123.6220293498645, 42.68256462494747], [-123.62202962278675, 42.68210812391874], [-123.62203024061085, 42.68107532485357], [-123.62336255480649, 42.68107323772988], [-123.62694940333313, 42.68106769539684], [-123.62955083571497, 42.681063654155274], [-123.63109284194131, 42.6810612680121], [-123.63186856405521, 42.6810600659401], [-123.63263513016764, 42.681058526868874], [-123.63186874015639, 42.68165378197743], [-123.63186963667431, 42.68469219816867], [-123.63187071029361, 42.68832432739719]]]}, "properties": {"title": "GOLD BALL", "description": "placer | serial ORMC178035 | 20.0 ac | Active | qtr-sec OR 33 0330S 0080W 022 A SE | recorded~2021 (DB date, not legal located date) | src: BLM MLRS Not Closed | boundary approx (BLM quarter-section) | do not dig here (active claim)", "stroke": "#ff3300", "stroke-width": 2, "fill": "#ff3300", "fill-opacity": 0.05, "stroke-dasharray": "1,6"}}, {"type": "Feature", "geometry": {"type": "Polygon", "coordinates": [[[-123.63187071029361, 42.68832432739719], [-123.62694831956975, 42.68832460585393], [-123.62202592984576, 42.688324883310614], [-123.62202723047072, 42.68612345917189], [-123.62202748339766, 42.68569467314483], [-123.62202808522825, 42.68470010508211], [-123.62202890699028, 42.68330303499404], [-123.6220293498645, 42.68256462494747], [-123.62202962278675, 42.68210812391874], [-123.62203024061085, 42.68107532485357], [-123.62336255480649, 42.68107323772988], [-123.62694940333313, 42.68106769539684], [-123.62955083571497, 42.681063654155274], [-123.63109284194131, 42.6810612680121], [-123.63186856405521, 42.6810600659401], [-123.63263513016764, 42.681058526868874], [-123.63186874015639, 42.68165378197743], [-123.63186963667431, 42.68469219816867], [-123.63187071029361, 42.68832432739719]]]}, "properties": {"title": "GOLD BELT", "description": "placer | serial ORMC178036 | 20.0 ac | Active | qtr-sec OR 33 0330S 0080W 022 A SE | recorded~2021 (DB date, not legal located date) | src: BLM MLRS Not Closed | boundary approx (BLM quarter-section) | do not dig here (active claim)", "stroke": "#ff3300", "stroke-width": 2, "fill": "#ff3300", "fill-opacity": 0.05, "stroke-dasharray": "1,6"}}, {"type": "Feature", "geometry": {"type": "Polygon", "coordinates": [[[-123.19184112502653, 42.77595786582271], [-123.19186603734157, 42.777776770937415], [-123.18937317196495, 42.777753281167456], [-123.18691213059306, 42.777729867394534], [-123.18687819058793, 42.777729547397634], [-123.18438747621157, 42.77770605762748], [-123.18195827484448, 42.777683073851634], [-123.18191977352899, 42.7758734917387], [-123.18197572522828, 42.7740669876172], [-123.18196519607147, 42.773159824559805], [-123.1819752009182, 42.772255232500605], [-123.18198520576495, 42.771350621441485], [-123.18212545162429, 42.770405687367614], [-123.1832166157955, 42.77045292726933], [-123.18443799897923, 42.77045981715633], [-123.18565940516301, 42.770466709043404], [-123.18688081434675, 42.77047359793039], [-123.19175039507913, 42.770500332479955], [-123.19177915839471, 42.77231954459434], [-123.19181622571158, 42.774138962707994], [-123.19184112502653, 42.77595786582271]]]}, "properties": {"title": "HOGUM 1", "description": "placer | serial ORMC23756 | 20.0 ac | Active | qtr-sec OR 33 0320S 0040W 021 A SW | recorded~2021 (DB date, not legal located date) | src: BLM MLRS Not Closed | boundary approx (BLM quarter-section) | do not dig here (active claim)", "stroke": "#ff3300", "stroke-width": 2, "fill": "#ff3300", "fill-opacity": 0.05, "stroke-dasharray": "1,6"}}, {"type": "Feature", "geometry": {"type": "Polygon", "coordinates": [[[-123.18688081434675, 42.77047359793039], [-123.18565940516301, 42.770466709043404], [-123.18443799897923, 42.77045981715633], [-123.1832166157955, 42.77045292726933], [-123.18212545162429, 42.770405687367614], [-123.18198807530037, 42.76863202726611], [-123.18198095298905, 42.76681802314997], [-123.18196669136651, 42.763189998917625], [-123.18656607505379, 42.76318848449061], [-123.18683564809409, 42.763188389465554], [-123.18746960018885, 42.76318828140672], [-123.19169553482007, 42.7631863690143], [-123.19172005613646, 42.765015374129746], [-123.19173550945152, 42.76684396724605], [-123.19174130276564, 42.76867536036334], [-123.19175039507913, 42.770500332479955], [-123.18688081434675, 42.77047359793039]]]}, "properties": {"title": "HOGUM 2", "description": "placer | serial ORMC23757 | 20.0 ac | Active | qtr-sec OR 33 0320S 0040W 028 A NW | recorded~2021 (DB date, not legal located date) | src: BLM MLRS Not Closed | boundary approx (BLM quarter-section) | do not dig here (active claim)", "stroke": "#ff3300", "stroke-width": 2, "fill": "#ff3300", "fill-opacity": 0.05, "stroke-dasharray": "1,6"}}, {"type": "Feature", "geometry": {"type": "Polygon", "coordinates": [[[-123.17561961626069, 42.69189670090529], [-123.17562255810762, 42.690993969846666], [-123.17562548195451, 42.69009119178799], [-123.17562840480144, 42.689188437729385], [-123.17563132764838, 42.68828554367075], [-123.17810408201852, 42.688289035442125], [-123.18057686038863, 42.688292458213525], [-123.18058198300254, 42.69189791144606], [-123.17810079963158, 42.69189731567571], [-123.17561961626069, 42.69189670090529]]]}, "properties": {"title": "Goldopolis", "description": "placer | serial OR105801780 | 80.0 ac | Active | qtr-sec OR 33 0330S 0040W 021 RemainderAliquotPartNENENE | OR 33 0330S 0040W 021 RemainderAliquotPartNENESENE | OR 33 0330S 0040W 021 RemainderAliquotPartNENWNE | OR 33 0330S 0040W 021 RemainderAliquotPartNENWSENE | OR 33 0330S 0040W 021 RemainderAliquotPartNESESENE | OR 33 0330S 0040W 021 RemainderAliquotPartNESWSENE | OR 33 0330S 0040W 021 RemainderAliquotPartNWNENE | OR 33 0330S 0040W 021 RemainderAliquotPartNWNESENE | OR 33 0330S 0040W 021 RemainderAliquotPartNWNWNE | OR 33 0330S 0040W 021 RemainderAliquotPartNWNWSENE | OR 33 0330S 0040W 021 RemainderAliquotPartNWSESENE | OR 33 0330S 0040W 021 RemainderAliquotPartNWSWSENE | OR 33 0330S 0040W 021 RemainderAliquotPartSENENE | OR 33 0330S 0040W 021 RemainderAliquotPartSENESENE | OR 33 0330S 0040W 021 RemainderAliquotPartSENWNE | OR 33 0330S 0040W 021 RemainderAliquotPartSENWSENE | OR 33 0330S 0040W 021 RemainderAliquotPartSESESENE | OR 33 0330S 0040W 021 RemainderAliquotPartSESWSENE | OR 33 0330S 0040W 021 RemainderAliquotPartSWNENE | OR 33 0330S 0040W 021 RemainderAliquotPartSWNESENE | OR 33 0330S 0040W 021 RemainderAliquotPartSWNWNE | OR 33 0330S 0040W 021 RemainderAliquotPartSWNWSENE | OR 33 0330S 0040W 021 RemainderAliquotPartSWSESENE | OR 33 0330S 0040W 021 RemainderAliquotPartSWSWSENE | OR 33 0330S 0040W 021 SENE | OR 33 0330S 0040W 021 SWNE | recorded~2023 (DB date, not legal located date) | src: BLM MLRS Not Closed | boundary approx (BLM quarter-section) | do not dig here (active claim)", "stroke": "#ff3300", "stroke-width": 2, "fill": "#ff3300", "fill-opacity": 0.05, "stroke-dasharray": "1,6"}}, {"type": "Feature", "geometry": {"type": "Polygon", "coordinates": [[[-123.65131973573828, 42.79689724140036], [-123.6560712624297, 42.79685530095489], [-123.6608227611211, 42.79681336050936], [-123.66089648773401, 42.800316127721395], [-123.66097021534712, 42.80381889593344], [-123.66104241496014, 42.80732163614554], [-123.66111461457328, 42.810824375357626], [-123.65629683386837, 42.81084434280819], [-123.65147977616377, 42.81086622825876], [-123.64666313445947, 42.81089016770947], [-123.64184649375503, 42.81091413516014], [-123.64183929815468, 42.80743006294292], [-123.6418321305545, 42.80394601772568], [-123.64182499095443, 42.800461917508336], [-123.64181787935456, 42.79697784429102], [-123.64656879404644, 42.79693754284568], [-123.65131973573828, 42.79689724140036]]]}, "properties": {"title": "Cow 1", "description": "placer | serial OR105810520 | 20.0 ac | Active | qtr-sec OR 33 0320S 0080W 009 A SE|OR 33 0320S 0080W 009 A NWSE|OR 33 0320S 0080W 009 A SWSE|OR 33 0320S 0080W 009 A SESE|OR 33 0320S 0080W 009 A Government Lot 15|OR 33 0320S 0080W 009 A NESE|OR 33 0320S 0080W 009 A Government Lot 8|OR 33 0320S 0080W 009 A Government Lot 14|OR 33 0320S 0080W 009 A Government Lot 9 | recorded~2023 (DB date, not legal located date) | src: BLM MLRS Not Closed | boundary approx (BLM quarter-section) | do not dig here (active claim)", "stroke": "#ff3300", "stroke-width": 2, "fill": "#ff3300", "fill-opacity": 0.05, "stroke-dasharray": "1,6"}}, {"type": "Feature", "geometry": {"type": "Polygon", "coordinates": [[[-123.65131973573828, 42.79689724140036], [-123.6560712624297, 42.79685530095489], [-123.6608227611211, 42.79681336050936], [-123.66089648773401, 42.800316127721395], [-123.66097021534712, 42.80381889593344], [-123.66104241496014, 42.80732163614554], [-123.66111461457328, 42.810824375357626], [-123.65629683386837, 42.81084434280819], [-123.65147977616377, 42.81086622825876], [-123.64666313445947, 42.81089016770947], [-123.64184649375503, 42.81091413516014], [-123.64183929815468, 42.80743006294292], [-123.6418321305545, 42.80394601772568], [-123.64182499095443, 42.800461917508336], [-123.64181787935456, 42.79697784429102], [-123.64656879404644, 42.79693754284568], [-123.65131973573828, 42.79689724140036]]]}, "properties": {"title": "Cow 2", "description": "placer | serial OR105810521 | 20.0 ac | Active | qtr-sec OR 33 0320S 0080W 009 A SE|OR 33 0320S 0080W 009 A NWSE|OR 33 0320S 0080W 009 A SWSE|OR 33 0320S 0080W 009 A SESE|OR 33 0320S 0080W 009 A Government Lot 15|OR 33 0320S 0080W 009 A NESE|OR 33 0320S 0080W 009 A Government Lot 8|OR 33 0320S 0080W 009 A Government Lot 14|OR 33 0320S 0080W 009 A Government Lot 9 | recorded~2023 (DB date, not legal located date) | src: BLM MLRS Not Closed | boundary approx (BLM quarter-section) | do not dig here (active claim)", "stroke": "#ff3300", "stroke-width": 2, "fill": "#ff3300", "fill-opacity": 0.05, "stroke-dasharray": "1,6"}}, {"type": "Feature", "geometry": {"type": "Polygon", "coordinates": [[[-123.65629683386837, 42.81084434280819], [-123.65147977616377, 42.81086622825876], [-123.65143974555721, 42.80737448804423], [-123.65139971495083, 42.8038826088297], [-123.65618507564903, 42.80385078138157], [-123.66097021534712, 42.80381889593344], [-123.66104241496014, 42.80732163614554], [-123.66111461457328, 42.810824375357626], [-123.65629683386837, 42.81084434280819]]]}, "properties": {"title": "COW 3", "description": "placer | serial OR105819658 | 273.22 ac | Active | qtr-sec OR 33 0320S 0080W 009 A NW | recorded~2023 (DB date, not legal located date) | src: BLM MLRS Not Closed | boundary approx (BLM quarter-section) | do not dig here (active claim)", "stroke": "#ff3300", "stroke-width": 2, "fill": "#ff3300", "fill-opacity": 0.05, "stroke-dasharray": "1,6"}}, {"type": "Feature", "geometry": {"type": "Polygon", "coordinates": [[[-123.24211518376406, 42.753920616738355], [-123.24705007650235, 42.7539333992811], [-123.24715638810024, 42.75733824448976], [-123.24727105773667, 42.76096048471161], [-123.24247067101669, 42.76093743415582], [-123.2376702842966, 42.76091438460006], [-123.23741656863807, 42.757284135390535], [-123.23718064102577, 42.75390799819557], [-123.23721796303138, 42.7539079981921], [-123.24211518376406, 42.753920616738355]]]}, "properties": {"title": "Two Hole", "description": "placer | serial OR106333449 | 2587.9 ac | Active | qtr-sec OR 33 0320S 0050W 025 Lot1 | OR 33 0320S 0050W 025 Lot2 | OR 33 0320S 0050W 025 Lot7 | OR 33 0320S 0050W 025 Lot8 | OR 33 0320S 0050W 025 A SW | recorded~2023 (DB date, not legal located date) | src: BLM MLRS Not Closed | boundary approx (BLM quarter-section) | do not dig here (active claim)", "stroke": "#ff3300", "stroke-width": 2, "fill": "#ff3300", "fill-opacity": 0.05, "stroke-dasharray": "1,6"}}, {"type": "Feature", "geometry": {"type": "Polygon", "coordinates": [[[-123.55835877839091, 42.88016176628878], [-123.56079225474078, 42.8801072840579], [-123.56096487645625, 42.88409939829177], [-123.55611049674759, 42.88414566174848], [-123.55592530204112, 42.88021622551961], [-123.55835877839091, 42.88016176628878]]]}, "properties": {"title": "Lower Cow Creek 1", "description": "placer | serial OR106336493 | 40.0 ac | Active | qtr-sec OR 33 0310S 0070W 017 A NENW | recorded~2023 (DB date, not legal located date) | src: BLM MLRS Not Closed | boundary approx (BLM quarter-section) | do not dig here (active claim)", "stroke": "#ff3300", "stroke-width": 2, "fill": "#ff3300", "fill-opacity": 0.05, "stroke-dasharray": "1,6"}}, {"type": "Feature", "geometry": {"type": "Polygon", "coordinates": [[[-123.24211518376406, 42.753920616738355], [-123.24705007650235, 42.7539333992811], [-123.24715638810024, 42.75733824448976], [-123.24727105773667, 42.76096048471161], [-123.24247067101669, 42.76093743415582], [-123.2376702842966, 42.76091438460006], [-123.23741656863807, 42.757284135390535], [-123.23718064102577, 42.75390799819557], [-123.23721796303138, 42.7539079981921], [-123.24211518376406, 42.753920616738355]]]}, "properties": {"title": "Bull Run 3", "description": "placer | serial OR106340875 | 2587.9 ac | Filed | qtr-sec OR 33 0320S 0050W 025 Lot1 | OR 33 0320S 0050W 025 Lot2 | OR 33 0320S 0050W 025 Lot7 | OR 33 0320S 0050W 025 Lot8 | OR 33 0320S 0050W 025 A SW | recorded~2023 (DB date, not legal located date) | src: BLM MLRS Not Closed | boundary approx (BLM quarter-section) | do not dig here (active claim)", "stroke": "#ff3300", "stroke-width": 2, "fill": "#ff3300", "fill-opacity": 0.05, "stroke-dasharray": "1,6"}}, {"type": "Feature", "geometry": {"type": "Polygon", "coordinates": [[[-123.23219478127635, 42.753875727656265], [-123.2328922253806, 42.7538765895916], [-123.23718064102577, 42.75390799819557], [-123.23741656863807, 42.757284135390535], [-123.2376702842966, 42.76091438460006], [-123.23314044761696, 42.760892289019196], [-123.22861062793713, 42.760870172438324], [-123.2286131196927, 42.759438332346164], [-123.22861715631291, 42.75721328320281], [-123.22861959607481, 42.75581818711294], [-123.22862269573959, 42.75385393498643], [-123.23219478127635, 42.753875727656265]]]}, "properties": {"title": "Bull Run 4", "description": "placer | serial OR106340876 | 2570.85 ac | Filed | qtr-sec OR 33 0320S 0050W 025 Lot3 | OR 33 0320S 0050W 025 Lot4 | OR 33 0320S 0050W 025 Lot5 | OR 33 0320S 0050W 025 Lot6 | OR 33 0320S 0050W 025 A SE | recorded~2023 (DB date, not legal located date) | src: BLM MLRS Not Closed | boundary approx (BLM quarter-section) | do not dig here (active claim)", "stroke": "#ff3300", "stroke-width": 2, "fill": "#ff3300", "fill-opacity": 0.05, "stroke-dasharray": "1,6"}}, {"type": "Feature", "geometry": {"type": "Polygon", "coordinates": [[[-123.24211518376406, 42.753920616738355], [-123.24705007650235, 42.7539333992811], [-123.24715638810024, 42.75733824448976], [-123.24727105773667, 42.76096048471161], [-123.24247067101669, 42.76093743415582], [-123.2376702842966, 42.76091438460006], [-123.23741656863807, 42.757284135390535], [-123.23718064102577, 42.75390799819557], [-123.23721796303138, 42.7539079981921], [-123.24211518376406, 42.753920616738355]]]}, "properties": {"title": "Da Bull", "description": "placer | serial OR106341088 | 2587.9 ac | Active | qtr-sec OR 33 0320S 0050W 025 Lot1 | OR 33 0320S 0050W 025 Lot2 | OR 33 0320S 0050W 025 Lot7 | OR 33 0320S 0050W 025 Lot8 | OR 33 0320S 0050W 025 A SW | recorded~2023 (DB date, not legal located date) | src: BLM MLRS Not Closed | boundary approx (BLM quarter-section) | do not dig here (active claim)", "stroke": "#ff3300", "stroke-width": 2, "fill": "#ff3300", "fill-opacity": 0.05, "stroke-dasharray": "1,6"}}, {"type": "Feature", "geometry": {"type": "Polygon", "coordinates": [[[-123.67937713397956, 42.820830099278425], [-123.67839359954486, 42.82495171562724], [-123.67369712985312, 42.82494245906498], [-123.66900213216282, 42.82494131250302], [-123.66941942155961, 42.8210818982233], [-123.66980443600309, 42.81752070896511], [-123.67499973172878, 42.81730109746674], [-123.68019499945434, 42.8170812369683], [-123.67937713397956, 42.820830099278425]]]}, "properties": {"title": "Country Gold", "description": "placer | serial OR106345788 | 333.08 ac | Active | qtr-sec OR 33 0320S 0080W 005 A NE | OR 33 0320S 0080W 005 A NW | recorded~2024 (DB date, not legal located date) | src: BLM MLRS Not Closed | boundary approx (BLM quarter-section) | do not dig here (active claim)", "stroke": "#ff3300", "stroke-width": 2, "fill": "#ff3300", "fill-opacity": 0.05, "stroke-dasharray": "1,6"}}, {"type": "Feature", "geometry": {"type": "Polygon", "coordinates": [[[-123.22123932496964, 42.75579708579661], [-123.22120069565464, 42.75398794168389], [-123.22369909302854, 42.75399343445237], [-123.22619749040238, 42.75399892722085], [-123.22622085871558, 42.7558110303351], [-123.2237300923426, 42.75580405756586], [-123.22123932496964, 42.75579708579661]]]}, "properties": {"title": "Bull Run 6", "description": "placer | serial OR106346986 | 40.0 ac | Active | qtr-sec OR 33 0320S 0040W 031 A N2NENW | recorded~2024 (DB date, not legal located date) | src: BLM MLRS Not Closed | boundary approx (BLM quarter-section) | do not dig here (active claim)", "stroke": "#ff3300", "stroke-width": 2, "fill": "#ff3300", "fill-opacity": 0.05, "stroke-dasharray": "1,6"}}, {"type": "Feature", "geometry": {"type": "Polygon", "coordinates": [[[-123.30282388258235, 42.799302376002856], [-123.30283449327719, 42.797514172887716], [-123.30529755364466, 42.79751883965888], [-123.3077606140122, 42.79752350643011], [-123.30774249731617, 42.79931149154589], [-123.30528318994928, 42.79930693377438], [-123.30282388258235, 42.799302376002856]]]}, "properties": {"title": "Fortune 9A", "description": "placer | serial OR106349910 | 40.0 ac | Active | qtr-sec OR 33 0320S 0050W 009 A S2SWSW | recorded~2024 (DB date, not legal located date) | src: BLM MLRS Not Closed | boundary approx (BLM quarter-section) | do not dig here (active claim)", "stroke": "#ff3300", "stroke-width": 2, "fill": "#ff3300", "fill-opacity": 0.05, "stroke-dasharray": "1,6"}}, {"type": "Feature", "geometry": {"type": "Polygon", "coordinates": [[[-123.62250116088143, 42.897688960385516], [-123.61777363018957, 42.89771544782953], [-123.61304607049756, 42.897741908273545], [-123.61300003886126, 42.894104503050904], [-123.61297703754317, 42.89228580093955], [-123.6129540072251, 42.890467098828225], [-123.61773495692347, 42.89043213737886], [-123.62251587862171, 42.89039698192942], [-123.62250852025143, 42.89404297115748], [-123.62250116088143, 42.897688960385516]]]}, "properties": {"title": "RMPA Union", "description": "placer | serial OR106359320 | 20.0 ac | Active | qtr-sec OR 33 0310S 0080W 011 A NW | recorded~2024 (DB date, not legal located date) | src: BLM MLRS Not Closed | boundary approx (BLM quarter-section) | do not dig here (active claim)", "stroke": "#ff3300", "stroke-width": 2, "fill": "#ff3300", "fill-opacity": 0.05, "stroke-dasharray": "1,6"}}, {"type": "Feature", "geometry": {"type": "Polygon", "coordinates": [[[-123.16067639284142, 42.737771911253525], [-123.15701719029107, 42.73775450059168], [-123.1557284830973, 42.73774895671076], [-123.15470148594291, 42.737744577805735], [-123.15203664154112, 42.737726692051616], [-123.15078115635193, 42.737718591167514], [-123.15082562489373, 42.73499375098735], [-123.1508868812883, 42.73139085974884], [-123.155820750036, 42.731446459295114], [-123.1607546187835, 42.731502081841356], [-123.16070979938969, 42.735095101077604], [-123.16067639284142, 42.737771911253525]]]}, "properties": {"title": "Grave Creek Gold", "description": "placer | serial OR106361111 | 140.0 ac | Active | qtr-sec OR 33 0330S 0040W 003 A NE | recorded~2024 (DB date, not legal located date) | src: BLM MLRS Not Closed | boundary approx (BLM quarter-section) | do not dig here (active claim)", "stroke": "#ff3300", "stroke-width": 2, "fill": "#ff3300", "fill-opacity": 0.05, "stroke-dasharray": "1,6"}}, {"type": "Feature", "geometry": {"type": "Polygon", "coordinates": [[[-123.15720559038368, 42.78493636361788], [-123.15964195275009, 42.78494730039229], [-123.16207833211654, 42.784958237166684], [-123.16207256071483, 42.7884571493926], [-123.16206678731328, 42.791956058618496], [-123.157230239597, 42.79199934807067], [-123.15481195123878, 42.792021018296786], [-123.15239126387962, 42.79203961552291], [-123.15237778657291, 42.790260606409504], [-123.15236326826552, 42.78847856429602], [-123.15234802495806, 42.78669652318256], [-123.15233284965069, 42.78491449006914], [-123.1547692030172, 42.78492542684355], [-123.15720559038368, 42.78493636361788]]]}, "properties": {"title": "Painted Horse", "description": "placer | serial OR106363908 | 160.0 ac | Active | qtr-sec OR 33 0320S 0040W 015 A SE | recorded~2024 (DB date, not legal located date) | src: BLM MLRS Not Closed | boundary approx (BLM quarter-section) | do not dig here (active claim)", "stroke": "#ff3300", "stroke-width": 2, "fill": "#ff3300", "fill-opacity": 0.05, "stroke-dasharray": "1,6"}}, {"type": "Feature", "geometry": {"type": "Polygon", "coordinates": [[[-123.17181538599773, 42.799110481173], [-123.1669358602786, 42.799173589630634], [-123.1620501395457, 42.799162561084046], [-123.16206078493558, 42.79559340885325], [-123.16206678731328, 42.791956058618496], [-123.16692926203326, 42.791912126163815], [-123.17178813974537, 42.79182618770679], [-123.171804333376, 42.79549230994118], [-123.17181538599773, 42.799110481173]]]}, "properties": {"title": "Horseshoe", "description": "placer | serial OR106363909 | 160.0 ac | Active | qtr-sec OR 33 0320S 0040W 015 A NW | recorded~2024 (DB date, not legal located date) | src: BLM MLRS Not Closed | boundary approx (BLM quarter-section) | do not dig here (active claim)", "stroke": "#ff3300", "stroke-width": 2, "fill": "#ff3300", "fill-opacity": 0.05, "stroke-dasharray": "1,6"}}, {"type": "Feature", "geometry": {"type": "Polygon", "coordinates": [[[-123.16084586354945, 42.72418461036025], [-123.16080025216638, 42.72784335760081], [-123.1607546187835, 42.731502081841356], [-123.155820750036, 42.731446459295114], [-123.1508868812883, 42.73139085974884], [-123.15090974466239, 42.72769988850815], [-123.15093258503656, 42.72400891726748], [-123.15588922379307, 42.724096763813854], [-123.16084586354945, 42.72418461036025]]]}, "properties": {"title": "Grave Digger Gold", "description": "placer | serial OR106367729 | 1438.4 ac | Active | qtr-sec OR 33 0330S 0040W 003 Lot1 | OR 33 0330S 0040W 003 Lot2 | OR 33 0330S 0040W 003 SENE | OR 33 0330S 0040W 003 SWNE | OR 33 0330S 0040W 003 A SE | recorded~2024 (DB date, not legal located date) | src: BLM MLRS Not Closed | boundary approx (BLM quarter-section) | do not dig here (active claim)", "stroke": "#ff3300", "stroke-width": 2, "fill": "#ff3300", "fill-opacity": 0.05, "stroke-dasharray": "1,6"}}, {"type": "Feature", "geometry": {"type": "Polygon", "coordinates": [[[-123.22019619028106, 42.68815361753771], [-123.21897779309953, 42.688155344650646], [-123.21775939591801, 42.68815706276349], [-123.21654099873649, 42.6881587818764], [-123.2153225785549, 42.68816046398929], [-123.21044896682861, 42.688167286440795], [-123.21044505422013, 42.68459191521039], [-123.21044111861167, 42.68101652098], [-123.21534818833798, 42.680980734523615], [-123.22025525806418, 42.680944948067285], [-123.22022573567249, 42.6845492833025], [-123.22019619028106, 42.68815361753771]]]}, "properties": {"title": "Little Nugget", "description": "placer | serial OR106377475 | 60.0 ac | Filed | qtr-sec OR 33 0330S 0040W 019 A NE | OR 33 0330S 0040W 019 A SE | recorded~2024 (DB date, not legal located date) | src: BLM MLRS Not Closed | boundary approx (BLM quarter-section) | do not dig here (active claim)", "stroke": "#ff3300", "stroke-width": 2, "fill": "#ff3300", "fill-opacity": 0.05, "stroke-dasharray": "1,6"}}, {"type": "Feature", "geometry": {"type": "Polygon", "coordinates": [[[-123.14600396418916, 42.89246609757458], [-123.15092771193622, 42.89252108811871], [-123.15082728054162, 42.896115954358656], [-123.15072682014711, 42.89971084659856], [-123.14586182238902, 42.89954121904164], [-123.14342931000995, 42.8994564322632], [-123.14099679663077, 42.89937159048477], [-123.14099551632515, 42.897602265371376], [-123.14103850703624, 42.89589122425756], [-123.14108021544192, 42.892410885030316], [-123.14600396418916, 42.89246609757458]]]}, "properties": {"title": "Shively 1", "description": "placer | serial OR106384640 | 20.0 ac | Active | qtr-sec OR 33 0310S 0040W 011 A NW | recorded~2024 (DB date, not legal located date) | src: BLM MLRS Not Closed | boundary approx (BLM quarter-section) | do not dig here (active claim)", "stroke": "#ff3300", "stroke-width": 2, "fill": "#ff3300", "fill-opacity": 0.05, "stroke-dasharray": "1,6"}}, {"type": "Feature", "geometry": {"type": "Polygon", "coordinates": [[[-123.2890477658931, 42.71370019580336], [-123.28904956236384, 42.716460007980274], [-123.2890501615209, 42.71738044303926], [-123.28658837615454, 42.71738174426759], [-123.2841265917882, 42.717382991495896], [-123.28166480742179, 42.71738420872416], [-123.27920302205541, 42.71738534395244], [-123.27917315442934, 42.71373920872119], [-123.27914325880347, 42.71009304448989], [-123.28161879416906, 42.710074770259276], [-123.28409430153457, 42.71005649702866], [-123.28656983590002, 42.71003822279809], [-123.28904537126552, 42.710019948567464], [-123.2890477658931, 42.71370019580336]]]}, "properties": {"title": "Bummer Gulch", "description": "placer | serial OR106389221 | 20.0 ac | Active | qtr-sec OR 33 0330S 0050W 010 A SW | recorded~2024 (DB date, not legal located date) | src: BLM MLRS Not Closed | boundary approx (BLM quarter-section) | do not dig here (active claim)", "stroke": "#ff3300", "stroke-width": 2, "fill": "#ff3300", "fill-opacity": 0.05, "stroke-dasharray": "1,6"}}, {"type": "Feature", "geometry": {"type": "Polygon", "coordinates": [[[-123.25933236607693, 42.717280098787704], [-123.2593223987636, 42.71545086367107], [-123.2618221641432, 42.715492196442064], [-123.26432192952278, 42.715533530213015], [-123.26433081183522, 42.71735884332944], [-123.2618315884561, 42.71731947055858], [-123.25933236607693, 42.717280098787704]]]}, "properties": {"title": "Slutter Mine 4", "description": "placer | serial OR106392088 | 44.3 ac | Active | qtr-sec OR 33 0330S 0050W 011 A N2NESW | recorded~2024 (DB date, not legal located date) | src: BLM MLRS Not Closed | boundary approx (BLM quarter-section) | do not dig here (active claim)", "stroke": "#ff3300", "stroke-width": 2, "fill": "#ff3300", "fill-opacity": 0.05, "stroke-dasharray": "1,6"}}, {"type": "Feature", "geometry": {"type": "Polygon", "coordinates": [[[-123.2717824859541, 42.7174094996419], [-123.26930896558702, 42.71741746787175], [-123.26930624027693, 42.71560110775531], [-123.27177670564335, 42.715591459525704], [-123.2742471710097, 42.715581810296094], [-123.27425600732126, 42.717401531412115], [-123.2717824859541, 42.7174094996419]]]}, "properties": {"title": "Slutter Mine 2", "description": "placer | serial OR106392089 | 40.0 ac | Active | qtr-sec OR 33 0330S 0050W 010 A N2NESE | recorded~2024 (DB date, not legal located date) | src: BLM MLRS Not Closed | boundary approx (BLM quarter-section) | do not dig here (active claim)", "stroke": "#ff3300", "stroke-width": 2, "fill": "#ff3300", "fill-opacity": 0.05, "stroke-dasharray": "1,6"}}, {"type": "Feature", "geometry": {"type": "Polygon", "coordinates": [[[-123.26433081183522, 42.71735884332944], [-123.26432192952278, 42.715533530213015], [-123.26682169390229, 42.7155748639839], [-123.26932145928177, 42.71561619775486], [-123.26932925759344, 42.71743758887113], [-123.2668300342144, 42.7173982161003], [-123.26433081183522, 42.71735884332944]]]}, "properties": {"title": "Slutter mine 3", "description": "placer | serial OR106392090 | 61.56 ac | Active | qtr-sec OR 33 0330S 0050W 011 A N2NWSW | recorded~2024 (DB date, not legal located date) | src: BLM MLRS Not Closed | boundary approx (BLM quarter-section) | do not dig here (active claim)", "stroke": "#ff3300", "stroke-width": 2, "fill": "#ff3300", "fill-opacity": 0.05, "stroke-dasharray": "1,6"}}, {"type": "Feature", "geometry": {"type": "Polygon", "coordinates": [[[-123.58896460813754, 42.80026801142273], [-123.59366560383246, 42.80028026698544], [-123.59356543242139, 42.80379297721516], [-123.58892485473451, 42.80377566564662], [-123.58896460813754, 42.80026801142273]]]}, "properties": {"title": "Golden Gravels 2", "description": "placer | serial OR106392130 | 40.0 ac | Active | qtr-sec OR 33 0320S 0080W 012 A NWSE | recorded~2024 (DB date, not legal located date) | src: BLM MLRS Not Closed | boundary approx (BLM quarter-section) | do not dig here (active claim)", "stroke": "#ff3300", "stroke-width": 2, "fill": "#ff3300", "fill-opacity": 0.05, "stroke-dasharray": "1,6"}}, {"type": "Feature", "geometry": {"type": "Polygon", "coordinates": [[[-123.27796629302838, 42.71830749212632], [-123.27796626787182, 42.71738939106736], [-123.27920302205541, 42.71738534395244], [-123.27920213421197, 42.71830468301153], [-123.27796629302838, 42.71830749212632]]]}, "properties": {"title": "slutter mine 1", "description": "placer | serial OR106695314 | 20.0 ac | Filed | qtr-sec OR 33 0330S 0050W 010 NENENWSE | OR 33 0330S 0050W 010 NENWNWSE | OR 33 0330S 0050W 010 NWNENWSE | OR 33 0330S 0050W 010 NWNWNWSE | OR 33 0330S 0050W 010 SESESWNE | OR 33 0330S 0050W 010 SESWSWNE | OR 33 0330S 0050W 010 SWSESWNE | OR 33 0330S 0050W 010 SWSWSWNE | recorded~2024 (DB date, not legal located date) | src: BLM MLRS Not Closed | boundary approx (BLM quarter-section) | do not dig here (active claim)", "stroke": "#ff3300", "stroke-width": 2, "fill": "#ff3300", "fill-opacity": 0.05, "stroke-dasharray": "1,6"}}, {"type": "Feature", "geometry": {"type": "Polygon", "coordinates": [[[-123.12235996579261, 42.75936463420231], [-123.122143588379, 42.76298572345646], [-123.11715169763234, 42.76299284892011], [-123.11215980888552, 42.76299997638377], [-123.11240902731397, 42.75943647513013], [-123.11241310530447, 42.759377692125966], [-123.11264208273303, 42.755831658875316], [-123.11264732671997, 42.75575045286956], [-123.11761513648051, 42.75584535041493], [-123.12251512823062, 42.75593895196644], [-123.12235996579261, 42.75936463420231]]]}, "properties": {"title": "Morgan Mine", "description": "lode | serial OR106696444 | 20.66 ac | Active | qtr-sec OR 33 0320S 0040W 025 SE | recorded~2024 (DB date, not legal located date) | src: BLM MLRS Not Closed | boundary approx (BLM quarter-section) | do not dig here (active claim)", "stroke": "#ff3300", "stroke-width": 2, "fill": "#ff3300", "fill-opacity": 0.05, "stroke-dasharray": "1,6"}}, {"type": "Feature", "geometry": {"type": "Polygon", "coordinates": [[[-123.5844785132862, 42.86882319113784], [-123.57979528760731, 42.8688918295797], [-123.57973745197603, 42.86528539835938], [-123.57967959334496, 42.861679061138965], [-123.58439541702748, 42.86160397269378], [-123.58443695265679, 42.865213594915865], [-123.5844785132862, 42.86882319113784]]]}, "properties": {"title": "GOLDEN GRAVELS 3", "description": "placer | serial OR106697035 | 40.0 ac | Active | qtr-sec OR 33 0310S 0070W 019 L 1-2,NW | recorded~2024 (DB date, not legal located date) | src: BLM MLRS Not Closed | boundary approx (BLM quarter-section) | do not dig here (active claim)", "stroke": "#ff3300", "stroke-width": 2, "fill": "#ff3300", "fill-opacity": 0.05, "stroke-dasharray": "1,6"}}, {"type": "Feature", "geometry": {"type": "Polygon", "coordinates": [[[-123.57973745197603, 42.86528539835938], [-123.57979528760731, 42.8688918295797], [-123.57494239790361, 42.86896237703757], [-123.57489881127498, 42.865359136816046], [-123.57973745197603, 42.86528539835938]]]}, "properties": {"title": "Golden Gravels 4", "description": "placer | serial OR106697097 | 40.0 ac | Active | qtr-sec OR 33 0310S 0070W 019 NENW | recorded~2024 (DB date, not legal located date) | src: BLM MLRS Not Closed | boundary approx (BLM quarter-section) | do not dig here (active claim)", "stroke": "#ff3300", "stroke-width": 2, "fill": "#ff3300", "fill-opacity": 0.05, "stroke-dasharray": "1,6"}}, {"type": "Feature", "geometry": {"type": "Polygon", "coordinates": [[[-123.67759736609159, 42.817191167217516], [-123.68019499945434, 42.8170812369683], [-123.67978606671693, 42.81895566812341], [-123.67937713397956, 42.820830099278425], [-123.67687687862309, 42.82089337551565], [-123.67723712235731, 42.81904227136662], [-123.67759736609159, 42.817191167217516]]]}, "properties": {"title": "Cow 123", "description": "placer | serial OR106701466 | 20.0 ac | Active | qtr-sec OR 33 0320S 0080W 005 W2SWNW | recorded~2024 (DB date, not legal located date) | src: BLM MLRS Not Closed | boundary approx (BLM quarter-section) | do not dig here (active claim)", "stroke": "#ff3300", "stroke-width": 2, "fill": "#ff3300", "fill-opacity": 0.05, "stroke-dasharray": "1,6"}}, {"type": "Feature", "geometry": {"type": "Polygon", "coordinates": [[[-123.66118170479817, 42.81788468979228], [-123.66333740209944, 42.81779373658552], [-123.66300417834903, 42.81952804772482], [-123.66267095559861, 42.82126235886419], [-123.66042108627816, 42.821322466077895], [-123.66080139603814, 42.81960357793507], [-123.66118170479817, 42.81788468979228]]]}, "properties": {"title": "Cow 1234", "description": "placer | serial OR106704810 | 20.0 ac | Under Review | qtr-sec OR 33 0320S 0080W 005 E2SENE | recorded~2024 (DB date, not legal located date) | src: BLM MLRS Not Closed | boundary approx (BLM quarter-section) | do not dig here (active claim)", "stroke": "#ff3300", "stroke-width": 2, "fill": "#ff3300", "fill-opacity": 0.05, "stroke-dasharray": "1,6"}}, {"type": "Feature", "geometry": {"type": "Polygon", "coordinates": [[[-123.1682002123833, 42.69913671106013], [-123.17063122074843, 42.69914669883577], [-123.17063246305787, 42.70096410495313], [-123.17063371236736, 42.70278148807049], [-123.16819672000139, 42.7027715702955], [-123.16819846569231, 42.700954175177806], [-123.1682002123833, 42.69913671106013]]]}, "properties": {"title": "Grave Digger", "description": "placer | serial OR106713841 | 20.0 ac | Active | qtr-sec OR 33 0330S 0040W 015 A W2NWSW | recorded~2025 (DB date, not legal located date) | src: BLM MLRS Not Closed | boundary approx (BLM quarter-section) | do not dig here (active claim)", "stroke": "#ff3300", "stroke-width": 2, "fill": "#ff3300", "fill-opacity": 0.05, "stroke-dasharray": "1,6"}}, {"type": "Feature", "geometry": {"type": "Polygon", "coordinates": [[[-123.16580250230572, 42.72427245690659], [-123.17075914206185, 42.72436030345296], [-123.17068675566927, 42.727986314693766], [-123.17061434527682, 42.73161234993453], [-123.16568448153026, 42.73155721638798], [-123.16574348091791, 42.727914953147284], [-123.16580250230572, 42.72427245690659]]]}, "properties": {"title": "Last Chance", "description": "placer | serial OR106715355 | 80.0 ac | Filed | qtr-sec OR 33 0330S 0040W 003 A NWSW | OR 33 0330S 0040W 003 A SWSW | recorded~2025 (DB date, not legal located date) | src: BLM MLRS Not Closed | boundary approx (BLM quarter-section) | do not dig here (active claim)", "stroke": "#ff3300", "stroke-width": 2, "fill": "#ff3300", "fill-opacity": 0.05, "stroke-dasharray": "1,6"}}, {"type": "Feature", "geometry": {"type": "Polygon", "coordinates": [[[-123.28714597927207, 42.84019526807209], [-123.28217492754062, 42.840249774538684], [-123.277203899809, 42.840304281005324], [-123.27730094320687, 42.83671947976749], [-123.27739796260488, 42.83313465652958], [-123.28233432234724, 42.83317302607229], [-123.28727068208947, 42.8332113966149], [-123.28720833068071, 42.836703343843524], [-123.28714597927207, 42.84019526807209]]]}, "properties": {"title": "Fortune Branch Lode Claim 2", "description": "lode | serial OR106715603 | 20.66 ac | Active | qtr-sec OR 33 0310S 0050W 027 SW | OR 33 0310S 0050W 028 SE | OR 33 0310S 0050W 033 NE | OR 33 0310S 0050W 034 NW | recorded~2025 (DB date, not legal located date) | src: BLM MLRS Not Closed | boundary approx (BLM quarter-section) | do not dig here (active claim)", "stroke": "#ff3300", "stroke-width": 2, "fill": "#ff3300", "fill-opacity": 0.05, "stroke-dasharray": "1,6"}}, {"type": "Feature", "geometry": {"type": "Polygon", "coordinates": [[[-123.28747029052032, 42.84716826748652], [-123.28730812289614, 42.84368176727929], [-123.28714597927207, 42.84019526807209], [-123.29216504001307, 42.8401554766019], [-123.297184124754, 42.84011566213173], [-123.29727772337628, 42.8436511723483], [-123.29737132199877, 42.84718668356494], [-123.29242080625963, 42.847177463025744], [-123.28747029052032, 42.84716826748652]]]}, "properties": {"title": "Fortune Branch Lode Claim 1", "description": "lode | serial OR106715602 | 20.66 ac | Active | qtr-sec OR 33 0310S 0050W 027 SW | OR 33 0310S 0050W 028 SE | recorded~2025 (DB date, not legal located date) | src: BLM MLRS Not Closed | boundary approx (BLM quarter-section) | do not dig here (active claim)", "stroke": "#ff3300", "stroke-width": 2, "fill": "#ff3300", "fill-opacity": 0.05, "stroke-dasharray": "1,6"}}, {"type": "Feature", "geometry": {"type": "Polygon", "coordinates": [[[-123.18052651180935, 42.73777055741292], [-123.18158602196586, 42.73775971031398], [-123.18387091030333, 42.73773588810056], [-123.1855032865459, 42.737727786948625], [-123.186398893679, 42.737723412865336], [-123.19048214028543, 42.73770163348529], [-123.19121324739409, 42.73769814841723], [-123.1913176720178, 42.74126082763718], [-123.19139992866243, 42.7449646648682], [-123.19149642730588, 42.74864801809654], [-123.19151459446282, 42.74955094915305], [-123.19153276461977, 42.750453913209505], [-123.19155093477677, 42.751356853265996], [-123.1915691019337, 42.75225979732247], [-123.19158726809067, 42.753162734378925], [-123.19160543224764, 42.754065675435385], [-123.19162359640471, 42.754968615491855], [-123.19164176256164, 42.75587155054832], [-123.19042884638293, 42.75588632266181], [-123.18921591420421, 42.75590109277533], [-123.18800300602545, 42.755915862888855], [-123.18679008184668, 42.75593063500236], [-123.18436423848918, 42.75596017122935], [-123.18193839613163, 42.755989720456405], [-123.17948073976437, 42.75599074068454], [-123.17947698376382, 42.75599074268487], [-123.17701558639597, 42.75599177891336], [-123.17455429902861, 42.75599540514195], [-123.17215809967088, 42.75599893636453], [-123.17214310335741, 42.75417740424848], [-123.17212815004484, 42.75236107113279], [-123.17222969843893, 42.74872432588885], [-123.1721571748013, 42.74505362165882], [-123.1720846551638, 42.74138291442873], [-123.17195912453842, 42.73782841721105], [-123.17408187085745, 42.73783819901486], [-123.17554844307412, 42.73782308087788], [-123.17677188425492, 42.73781051076366], [-123.18052651180935, 42.73777055741292]]]}, "properties": {"title": "New CD Lode", "description": "lode | serial OR106723987 | 1332.42 ac | Active | qtr-sec OR 33 0320S 0040W 033 E NENW | recorded~2025 (DB date, not legal located date) | src: BLM MLRS Not Closed | boundary approx (BLM quarter-section) | do not dig here (active claim)", "stroke": "#ff3300", "stroke-width": 2, "fill": "#ff3300", "fill-opacity": 0.05, "stroke-dasharray": "1,6"}}, {"type": "Feature", "geometry": {"type": "Polygon", "coordinates": [[[-123.1608858139031, 42.702741790970435], [-123.16575975163532, 42.70276162852048], [-123.16819672000139, 42.7027715702955], [-123.17063371236736, 42.70278148807049], [-123.17063618098648, 42.70641630030515], [-123.17063867260579, 42.710051113539826], [-123.1657408228701, 42.71003129999219], [-123.16329191050222, 42.71002137821835], [-123.1608429971343, 42.710011463444474], [-123.16085370582647, 42.70819405632601], [-123.16086441651862, 42.70637662720748], [-123.1608858139031, 42.702741790970435]]]}, "properties": {"title": "Grave Creek Flats", "description": "placer | serial OR105816533 | 20.0 ac | Active | qtr-sec OR 33 0330S 0040W 015 A Remainder Aliquot Part NWNENW|OR 33 0330S 0040W 015 A SENW|OR 33 0330S 0040W 015 A NWNW|OR 33 0330S 0040W 015 A Remainder Aliquot Part NENENW|OR 33 0330S 0040W 015 A Remainder Aliquot Part SWNENW|OR 33 0330S 0040W 015 A Remainder Aliquot Part SENENW|OR 33 0330S 0040W 015 A SWNW|OR 33 0330S 0040W 015 A NW | recorded~2023 (DB date, not legal located date) | src: BLM MLRS Not Closed | boundary approx (BLM quarter-section) | do not dig here (active claim)", "stroke": "#ff3300", "stroke-width": 2, "fill": "#ff3300", "fill-opacity": 0.05, "stroke-dasharray": "1,6"}}, {"type": "Feature", "geometry": {"type": "Polygon", "coordinates": [[[-123.58428427504747, 42.80375819507797], [-123.58892485473451, 42.80377566564662], [-123.59356543242139, 42.80379297721516], [-123.59346365001998, 42.8073621314486], [-123.59336475162274, 42.81095231068296], [-123.5888345719497, 42.810920945103355], [-123.58430732828057, 42.81091057152475], [-123.58429428366352, 42.807333313301456], [-123.58428427504747, 42.80375819507797]]]}, "properties": {"title": "Bucket List", "description": "placer | serial OR106740296 | 40.0 ac | Filed | qtr-sec OR 33 0320S 0080W 012 A SENE | OR 33 0320S 0080W 012 A SWNE | OR 33 0320S 0080W 012 A NENE | OR 33 0320S 0080W 012 A NWNE | recorded~2025 (DB date, not legal located date) | src: BLM MLRS Not Closed | boundary approx (BLM quarter-section) | do not dig here (active claim)", "stroke": "#ff3300", "stroke-width": 2, "fill": "#ff3300", "fill-opacity": 0.05, "stroke-dasharray": "1,6"}}, {"type": "Feature", "geometry": {"type": "Polygon", "coordinates": [[[-123.68019499945434, 42.8170812369683], [-123.67937713397956, 42.820830099278425], [-123.67839359954486, 42.82495171562724], [-123.67369712985312, 42.82494245906498], [-123.66900213216282, 42.82494131250302], [-123.66941942155961, 42.8210818982233], [-123.66980443600309, 42.81752070896511], [-123.67499973172878, 42.81730109746674], [-123.68019499945434, 42.8170812369683]]]}, "properties": {"title": "CCMC 97", "description": "placer | serial OR106747660 | 20.0 ac | Active | qtr-sec OR 33 0320S 0080W 005 A SWNW | OR 33 0320S 0080W 005 A SENW | OR 33 0320S 0080W 005 L 3 | OR 33 0320S 0080W 005 L 4 | recorded~2025 (DB date, not legal located date) | src: BLM MLRS Not Closed | boundary approx (BLM quarter-section) | do not dig here (active claim)", "stroke": "#ff3300", "stroke-width": 2, "fill": "#ff3300", "fill-opacity": 0.05, "stroke-dasharray": "1,6"}}, {"type": "Feature", "geometry": {"type": "Polygon", "coordinates": [[[-123.22862313768992, 42.7535629929677], [-123.22862269573959, 42.75385393498643], [-123.22861959607481, 42.75581818711294], [-123.22623546871775, 42.7558110743338], [-123.22622085871558, 42.7558110303351], [-123.22617412208923, 42.752186824106516], [-123.2286145214541, 42.75219065788026], [-123.22862313768992, 42.7535629929677]]]}, "properties": {"title": "Bull Run 5", "description": "placer | serial OR106749699 | 20.0 ac | Active | qtr-sec OR 33 0320S 0040W 031 L 1 | recorded~2025 (DB date, not legal located date) | src: BLM MLRS Not Closed | boundary approx (BLM quarter-section) | do not dig here (active claim)", "stroke": "#ff3300", "stroke-width": 2, "fill": "#ff3300", "fill-opacity": 0.05, "stroke-dasharray": "1,6"}}, {"type": "Feature", "geometry": {"type": "Polygon", "coordinates": [[[-123.15233284965069, 42.78491449006914], [-123.1547692030172, 42.78492542684355], [-123.15720559038368, 42.78493636361788], [-123.15964195275009, 42.78494730039229], [-123.16207833211654, 42.784958237166684], [-123.16207256071483, 42.7884571493926], [-123.16206678731328, 42.791956058618496], [-123.157230239597, 42.79199934807067], [-123.15481195123878, 42.792021018296786], [-123.15239126387962, 42.79203961552291], [-123.15237778657291, 42.790260606409504], [-123.15236326826552, 42.78847856429602], [-123.15234802495806, 42.78669652318256], [-123.15233284965069, 42.78491449006914]]]}, "properties": {"title": "Whitehorse", "description": "placer | serial OR106750058 | 20.0 ac | Filed | qtr-sec OR 33 0320S 0040W 015 A NWSE | OR 33 0320S 0040W 015 A SWSE | OR 33 0320S 0040W 015 A NENESE | OR 33 0320S 0040W 015 A NWNESE | OR 33 0320S 0040W 015 A SWNESE | OR 33 0320S 0040W 015 A SENESE | OR 33 0320S 0040W 015 A NESESE | OR 33 0320S 0040W 015 A NWSESE | OR 33 0320S 0040W 015 A SWSESE | OR 33 0320S 0040W 015 A SESESE | recorded~2025 (DB date, not legal located date) | src: BLM MLRS Not Closed | boundary approx (BLM quarter-section) | do not dig here (active claim)", "stroke": "#ff3300", "stroke-width": 2, "fill": "#ff3300", "fill-opacity": 0.05, "stroke-dasharray": "1,6"}}, {"type": "Feature", "geometry": {"type": "Polygon", "coordinates": [[[-123.5493362227223, 42.77363987843867], [-123.54934122841767, 42.771859026326055], [-123.55175966378044, 42.77189325210311], [-123.55417807614315, 42.77192747788025], [-123.55418025344791, 42.773702880991856], [-123.55175824408508, 42.77367138021526], [-123.5493362227223, 42.77363987843867]]]}, "properties": {"title": "Piggy Bank", "description": "placer | serial OR106750061 | 40.0 ac | Active | qtr-sec OR 33 0320S 0070W 020 A S2NWSE | recorded~2025 (DB date, not legal located date) | src: BLM MLRS Not Closed | boundary approx (BLM quarter-section) | do not dig here (active claim)", "stroke": "#ff3300", "stroke-width": 2, "fill": "#ff3300", "fill-opacity": 0.05, "stroke-dasharray": "1,6"}}, {"type": "Feature", "geometry": {"type": "Polygon", "coordinates": [[[-123.56367228986856, 42.77382194611592], [-123.56372237557527, 42.7720684880009], [-123.56620379794082, 42.77206579376982], [-123.56868522030625, 42.7720631005387], [-123.56870054061257, 42.77383605964884], [-123.56618641524058, 42.77382900288238], [-123.56367228986856, 42.77382194611592]]]}, "properties": {"title": "Gold Ravine", "description": "placer | serial OR106750059 | 20.0 ac | Active | qtr-sec OR 33 0320S 0070W 019 A S2NESE | recorded~2025 (DB date, not legal located date) | src: BLM MLRS Not Closed | boundary approx (BLM quarter-section) | do not dig here (active claim)", "stroke": "#ff3300", "stroke-width": 2, "fill": "#ff3300", "fill-opacity": 0.05, "stroke-dasharray": "1,6"}}, {"type": "Feature", "geometry": {"type": "Polygon", "coordinates": [[[-123.58140065640833, 42.79669319590309], [-123.58424301983707, 42.79674971564183], [-123.58425473013993, 42.7985026397508], [-123.58426644044287, 42.800255562859746], [-123.58144744302322, 42.80023194212097], [-123.58142404971576, 42.798462569012045], [-123.58140065640833, 42.79669319590309]]]}, "properties": {"title": "Golden Gravels 1", "description": "placer | serial OR106750062 | 44.33 ac | Active | qtr-sec OR 33 0320S 0070W 007 A W2SWSW | recorded~2025 (DB date, not legal located date) | src: BLM MLRS Not Closed | boundary approx (BLM quarter-section) | do not dig here (active claim)", "stroke": "#ff3300", "stroke-width": 2, "fill": "#ff3300", "fill-opacity": 0.05, "stroke-dasharray": "1,6"}}, {"type": "Feature", "geometry": {"type": "Polygon", "coordinates": [[[-123.25937223433054, 42.72459698825409], [-123.26186716370775, 42.72462850202478], [-123.26186213301398, 42.726428160140806], [-123.26185710232028, 42.72822781725689], [-123.2618520866264, 42.730026371372794], [-123.26184707093257, 42.73182492348877], [-123.2593386355492, 42.73176908871782], [-123.25934701724509, 42.7299799536022], [-123.25935539894108, 42.728190818486475], [-123.25936381663576, 42.72639390337027], [-123.25937223433054, 42.72459698825409]]]}, "properties": {"title": "Southern Strip", "description": "placer | serial OR106750542 | 40.0 ac | Active | qtr-sec OR 33 0330S 0050W 002 A E2NESW | OR 33 0330S 0050W 002 A E2SESW | recorded~2025 (DB date, not legal located date) | src: BLM MLRS Not Closed | boundary approx (BLM quarter-section) | do not dig here (active claim)", "stroke": "#ff3300", "stroke-width": 2, "fill": "#ff3300", "fill-opacity": 0.05, "stroke-dasharray": "1,6"}}, {"type": "Feature", "geometry": {"type": "Polygon", "coordinates": [[[-123.59365865547441, 42.821463104314624], [-123.59375747909532, 42.82498529752616], [-123.59375837910095, 42.8250173635281], [-123.58905979940131, 42.82497619496377], [-123.58436172071279, 42.82499984640353], [-123.58436198470717, 42.8249671154014], [-123.58439061109969, 42.82141323317586], [-123.58442483249854, 42.81789081895174], [-123.58898971517463, 42.8179089715272], [-123.59356174886167, 42.81798564310568], [-123.59365865547441, 42.821463104314624]]]}, "properties": {"title": "Hillside Gold", "description": "placer | serial OR106750536 | 20.0 ac | Active | qtr-sec OR 33 0320S 0080W 001 A NE | recorded~2025 (DB date, not legal located date) | src: BLM MLRS Not Closed | boundary approx (BLM quarter-section) | do not dig here (active claim)", "stroke": "#ff3300", "stroke-width": 2, "fill": "#ff3300", "fill-opacity": 0.05, "stroke-dasharray": "1,6"}}, {"type": "Feature", "geometry": {"type": "Polygon", "coordinates": [[[-123.66347645990709, 42.81074644713247], [-123.66583830524085, 42.81066851890734], [-123.66575199653076, 42.812427112025176], [-123.66566568782072, 42.81418570614305], [-123.66340693050323, 42.81427011935899], [-123.66344169520517, 42.81250828324576], [-123.66347645990709, 42.81074644713247]]]}, "properties": {"title": "CCMC 007", "description": "placer | serial OR106753413 | 20.0 ac | Filed | qtr-sec OR 33 0320S 0080W 005 A W2SESE | recorded~2025 (DB date, not legal located date) | src: BLM MLRS Not Closed | boundary approx (BLM quarter-section) | do not dig here (active claim)", "stroke": "#ff3300", "stroke-width": 2, "fill": "#ff3300", "fill-opacity": 0.05, "stroke-dasharray": "1,6"}}, {"type": "Feature", "geometry": {"type": "Polygon", "coordinates": [[[-123.61281646926192, 42.80381910542254], [-123.61280171886558, 42.807342925644704], [-123.612791942476, 42.81090071786849], [-123.60796723276485, 42.81089767731811], [-123.6031427840537, 42.81089487476777], [-123.60317646344903, 42.80734972354239], [-123.6032137998491, 42.80382831931816], [-123.60801513455553, 42.80382382287033], [-123.61281646926192, 42.80381910542254]]]}, "properties": {"title": "CCMC 002", "description": "placer | serial OR106754388 | 20.0 ac | Filed | qtr-sec OR 33 0320S 0080W 011 A SWNE | OR 33 0320S 0080W 011 L 1 | OR 33 0320S 0080W 011 A NWNE | OR 33 0320S 0080W 011 A NENE | recorded~2025 (DB date, not legal located date) | src: BLM MLRS Not Closed | boundary approx (BLM quarter-section) | do not dig here (active claim)", "stroke": "#ff3300", "stroke-width": 2, "fill": "#ff3300", "fill-opacity": 0.05, "stroke-dasharray": "1,6"}}, {"type": "Feature", "geometry": {"type": "Polygon", "coordinates": [[[-123.13613227169081, 42.89235517248831], [-123.14108021544192, 42.892410885030316], [-123.14103850703624, 42.89589122425756], [-123.13607356228768, 42.89586501071909], [-123.13613227169081, 42.89235517248831]]]}, "properties": {"title": "JD'S MISERY", "description": "placer | serial OR106754581 | 40.0 ac | Active | qtr-sec OR 33 0310S 0040W 011 SWNE | recorded~2025 (DB date, not legal located date) | src: BLM MLRS Not Closed | boundary approx (BLM quarter-section) | do not dig here (active claim)", "stroke": "#ff3300", "stroke-width": 2, "fill": "#ff3300", "fill-opacity": 0.05, "stroke-dasharray": "1,6"}}, {"type": "Feature", "geometry": {"type": "Polygon", "coordinates": [[[-123.52832545217306, 42.835051120261745], [-123.52590273281761, 42.83506561448863], [-123.52591714551403, 42.833290420375675], [-123.52832053986666, 42.83327624015054], [-123.53072393421927, 42.83326194392549], [-123.5307481725285, 42.835036626034814], [-123.52832545217306, 42.835051120261745]]]}, "properties": {"title": "Knightsters Stash", "description": "placer | serial OR106751064 | 20.0 ac | Active | qtr-sec OR 33 0310S 0070W 033 A S2SENE | recorded~2025 (DB date, not legal located date) | src: BLM MLRS Not Closed | boundary approx (BLM quarter-section) | do not dig here (active claim)", "stroke": "#ff3300", "stroke-width": 2, "fill": "#ff3300", "fill-opacity": 0.05, "stroke-dasharray": "1,6"}}, {"type": "Feature", "geometry": {"type": "Polygon", "coordinates": [[[-123.17068579390798, 42.688278629127915], [-123.17192217109309, 42.68828036701361], [-123.17315854927817, 42.68828210489934], [-123.17439492646325, 42.68828384078505], [-123.17563132764838, 42.68828554367075], [-123.17810408201852, 42.688289035442125], [-123.18057686038863, 42.688292458213525], [-123.18058198300254, 42.69189791144606], [-123.18058454430953, 42.69370062556237], [-123.18058710661657, 42.695503340678606], [-123.17809751724488, 42.695505482909226], [-123.17560792887319, 42.695507625139776], [-123.17311834050145, 42.6955097673704], [-123.17062872812963, 42.69551190960095], [-123.17064299982415, 42.6937035834827], [-123.17065727251875, 42.69189525736449], [-123.17066440236601, 42.690991106305326], [-123.17067153321335, 42.69008695524621], [-123.1706786630607, 42.68918280418707], [-123.17068579390798, 42.688278629127915]]]}, "properties": {"title": "Fine Line", "description": "placer | serial OR106754583 | 20.0 ac | Filed | qtr-sec OR 33 0330S 0040W 021 A SWNE | OR 33 0330S 0040W 021 B NENWNE | OR 33 0330S 0040W 021 B NWNWNE | OR 33 0330S 0040W 021 B SWNWNE | OR 33 0330S 0040W 021 B SENWNE | OR 33 0330S 0040W 021 B NENENE | OR 33 0330S 0040W 021 B NWNENE | OR 33 0330S 0040W 021 B SWNENE | OR 33 0330S 0040W 021 B SENENE | OR 33 0330S 0040W 021 B NESESENE | OR 33 0330S 0040W 021 B NWSESENE | OR 33 0330S 0040W 021 B SWSESENE | OR 33 0330S 0040W 021 B SESESENE | OR 33 0330S 0040W 021 B NENESENE | OR 33 0330S 0040W 021 B NWNESENE | OR 33 0330S 0040W 021 B SWNESENE | OR 33 0330S 0040W 021 B SENESENE | OR 33 0330S 0040W 021 B NESWSENE | OR 33 0330S 0040W 021 B NWSWSENE | OR 33 0330S 0040W 021 B SWSWSENE | OR 33 0330S 0040W 021 B SESWSENE | OR 33 0330S 0040W 021 B NENWSENE | OR 33 0330S 0040W 021 B NWNWSENE | OR 33 0330S 0040W 021 B SWNWSENE | OR 33 0330S 0040W 021 B SENWSENE | recorded~2025 (DB date, not legal located date) | src: BLM MLRS Not Closed | boundary approx (BLM quarter-section) | do not dig here (active claim)", "stroke": "#ff3300", "stroke-width": 2, "fill": "#ff3300", "fill-opacity": 0.05, "stroke-dasharray": "1,6"}}, {"type": "Feature", "geometry": {"type": "Polygon", "coordinates": [[[-123.62241820047073, 42.79680869708839], [-123.62241558306735, 42.800282597306214], [-123.62241722267379, 42.80380911352697], [-123.62241883428037, 42.80733560174764], [-123.62242580689518, 42.81090431897045], [-123.61760369317834, 42.81086441841759], [-123.612791942476, 42.81090071786849], [-123.60796723276485, 42.81089767731811], [-123.6031427840537, 42.81089487476777], [-123.60317646344903, 42.80734972354239], [-123.6032137998491, 42.80382831931816], [-123.60325113524932, 42.80030688609385], [-123.60329264065723, 42.796825524871636], [-123.60806786135943, 42.79681891142629], [-123.61285021306308, 42.796814927980385], [-123.61762999975772, 42.796761799531666], [-123.62241820047073, 42.79680869708839]]]}, "properties": {"title": "CCMC 002", "description": "placer | serial OR106760221 | 20.0 ac | Active | qtr-sec OR 33 0320S 0080W 011 A E2SWNE | OR 33 0320S 0080W 011 GovernmentLot1 | OR 33 0320S 0080W 011 NWNE | OR 33 0320S 0080W 011 NENE | recorded~2025 (DB date, not legal located date) | src: BLM MLRS Not Closed | boundary approx (BLM quarter-section) | do not dig here (active claim)", "stroke": "#ff3300", "stroke-width": 2, "fill": "#ff3300", "fill-opacity": 0.05, "stroke-dasharray": "1,6"}}, {"type": "Feature", "geometry": {"type": "Polygon", "coordinates": [[[-123.13619120308394, 42.88878603025368], [-123.13152823938138, 42.888764482687264], [-123.131613644784, 42.88522675645203], [-123.13625016247704, 42.88521619301898], [-123.13619120308394, 42.88878603025368]]]}, "properties": {"title": "Shively 4", "description": "placer | serial OR106760764 | 20.0 ac | Active | qtr-sec OR 33 0310S 0040W 011 L 4 | recorded~2025 (DB date, not legal located date) | src: BLM MLRS Not Closed | boundary approx (BLM quarter-section) | do not dig here (active claim)", "stroke": "#ff3300", "stroke-width": 2, "fill": "#ff3300", "fill-opacity": 0.05, "stroke-dasharray": "1,6"}}, {"type": "Feature", "geometry": {"type": "Polygon", "coordinates": [[[-123.48694190526166, 42.91731844029819], [-123.48939867862465, 42.917314377068045], [-123.48956000796863, 42.91916242216895], [-123.4897214403129, 42.92101163926996], [-123.48732277395938, 42.92102055349499], [-123.48713121660992, 42.91916723939652], [-123.48694190526166, 42.91731844029819]]]}, "properties": {"title": "Gold Digger 1", "description": "placer | serial OR106762688 | 20.0 ac | Active | qtr-sec OR 33 0300S 0070W 035 A E2NESE | recorded~2025 (DB date, not legal located date) | src: BLM MLRS Not Closed | boundary approx (BLM quarter-section) | do not dig here (active claim)", "stroke": "#ff3300", "stroke-width": 2, "fill": "#ff3300", "fill-opacity": 0.05, "stroke-dasharray": "1,6"}}, {"type": "Feature", "geometry": {"type": "Polygon", "coordinates": [[[-123.50432383806455, 42.92441937411703], [-123.50190997871208, 42.92444643534472], [-123.50185370140335, 42.92271337524123], [-123.5042783477592, 42.92269658601325], [-123.50670351711508, 42.92267979178523], [-123.50673876541728, 42.92439322688937], [-123.50432383806455, 42.92441937411703]]]}, "properties": {"title": "Gold Digger 3", "description": "placer | serial OR106762690 | 77.34 ac | Active | qtr-sec OR 33 0300S 0070W 035 A N2SWNW | recorded~2025 (DB date, not legal located date) | src: BLM MLRS Not Closed | boundary approx (BLM quarter-section) | do not dig here (active claim)", "stroke": "#ff3300", "stroke-width": 2, "fill": "#ff3300", "fill-opacity": 0.05, "stroke-dasharray": "1,6"}}, {"type": "Feature", "geometry": {"type": "Polygon", "coordinates": [[[-123.60561855320876, 42.80385973809597], [-123.60801939356229, 42.803859276872146], [-123.60800638586291, 42.80561890698369], [-123.60799337816347, 42.80737853609518], [-123.60558681380896, 42.807378037319495], [-123.60560268350882, 42.80561888720774], [-123.60561855320876, 42.80385973809597]]]}, "properties": {"title": "CWMC 555", "description": "placer | serial OR106770199 | 20.0 ac | Active | qtr-sec OR 33 0320S 0080W 011 A W2SENE | recorded~2025 (DB date, not legal located date) | src: BLM MLRS Not Closed | boundary approx (BLM quarter-section) | do not dig here (active claim)", "stroke": "#ff3300", "stroke-width": 2, "fill": "#ff3300", "fill-opacity": 0.05, "stroke-dasharray": "1,6"}}, {"type": "Feature", "geometry": {"type": "Polygon", "coordinates": [[[-123.55574013133479, 42.876286766290754], [-123.55583270568792, 42.87825150740521], [-123.55592530204112, 42.88021622551961], [-123.55084731231447, 42.88035043000264], [-123.54576932158776, 42.880484424485665], [-123.54556093689202, 42.8766360832639], [-123.55065054561346, 42.876461435777316], [-123.55574013133479, 42.876286766290754]]]}, "properties": {"title": "Freedom 1", "description": "placer | serial OR106777107 | 120.0 ac | Filed | qtr-sec OR 33 0310S 0070W 017 A SWNE | OR 33 0310S 0070W 017 SENE | OR 33 0310S 0070W 017 SWNE | recorded~2026 (DB date, not legal located date) | src: BLM MLRS Not Closed | boundary approx (BLM quarter-section) | do not dig here (active claim)", "stroke": "#ff3300", "stroke-width": 2, "fill": "#ff3300", "fill-opacity": 0.05, "stroke-dasharray": "1,6"}}, {"type": "Feature", "geometry": {"type": "Polygon", "coordinates": [[[-123.61041580190873, 42.80382146364641], [-123.61281646926192, 42.80381910542254], [-123.61280909456373, 42.8055810155336], [-123.61280171886558, 42.807342925644704], [-123.6103953975115, 42.80734467386913], [-123.6104056002101, 42.80558306875778], [-123.61041580190873, 42.80382146364641]]]}, "properties": {"title": "CCMC 007", "description": "placer | serial OR106781557 | 20.0 ac | Active | qtr-sec OR 33 0320S 0080W 011 A W2SWNE | recorded~2026 (DB date, not legal located date) | src: BLM MLRS Not Closed | boundary approx (BLM quarter-section) | do not dig here (active claim)", "stroke": "#ff3300", "stroke-width": 2, "fill": "#ff3300", "fill-opacity": 0.05, "stroke-dasharray": "1,6"}}, {"type": "Feature", "geometry": {"type": "Polygon", "coordinates": [[[-123.52509370510995, 42.77344542068234], [-123.52519435782784, 42.77171343956372], [-123.52762441218856, 42.77172406033829], [-123.5300545125493, 42.77173472011285], [-123.52999132183915, 42.77347973922878], [-123.52754250147451, 42.7734625794556], [-123.52509370510995, 42.77344542068234]]]}, "properties": {"title": "RMPA Dads", "description": "placer | serial OR106782256 | 20.0 ac | Active | qtr-sec OR 33 0320S 0070W 021 A S2NESE | recorded~2026 (DB date, not legal located date) | src: BLM MLRS Not Closed | boundary approx (BLM quarter-section) | do not dig here (active claim)", "stroke": "#ff3300", "stroke-width": 2, "fill": "#ff3300", "fill-opacity": 0.05, "stroke-dasharray": "1,6"}}, {"type": "Feature", "geometry": {"type": "Polygon", "coordinates": [[[-123.31016249475306, 42.793928065977155], [-123.31256668111024, 42.79392387475325], [-123.31256388741811, 42.79572161186825], [-123.31256109372602, 42.79751934998325], [-123.31016085336914, 42.79752142820668], [-123.31016167406109, 42.79572474709188], [-123.31016249475306, 42.793928065977155]]]}, "properties": {"title": "Fortune Cookie 2", "description": "placer | serial OR106781594 | 20.0 ac | Active | qtr-sec OR 33 0320S 0050W 017 A W2NENE | recorded~2026 (DB date, not legal located date) | src: BLM MLRS Not Closed | boundary approx (BLM quarter-section) | do not dig here (active claim)", "stroke": "#ff3300", "stroke-width": 2, "fill": "#ff3300", "fill-opacity": 0.05, "stroke-dasharray": "1,6"}}, {"type": "Feature", "geometry": {"type": "Polygon", "coordinates": [[[-123.31015523013521, 42.79033085474817], [-123.3125544804906, 42.79032068052439], [-123.31256058080038, 42.79212227763883], [-123.31256668111024, 42.79392387475325], [-123.31016249475306, 42.793928065977155], [-123.31015886244414, 42.7921294608627], [-123.31015523013521, 42.79033085474817]]]}, "properties": {"title": "Fortune Cookie 1", "description": "placer | serial OR106781593 | 20.0 ac | Active | qtr-sec OR 33 0320S 0050W 017 A W2SENE | recorded~2026 (DB date, not legal located date) | src: BLM MLRS Not Closed | boundary approx (BLM quarter-section) | do not dig here (active claim)", "stroke": "#ff3300", "stroke-width": 2, "fill": "#ff3300", "fill-opacity": 0.05, "stroke-dasharray": "1,6"}}, {"type": "Feature", "geometry": {"type": "Polygon", "coordinates": [[[-123.29402886879537, 42.714643171402145], [-123.29653082916779, 42.714643028170165], [-123.29903278854012, 42.714642883938204], [-123.29901123869391, 42.71556378399927], [-123.29898968884773, 42.71648468406031], [-123.29649603547634, 42.71648311529139], [-123.2940023821049, 42.716481546522466], [-123.2940156259501, 42.71556235946233], [-123.29402886879537, 42.714643171402145]]]}, "properties": {"title": "Speaker Placer", "description": "placer | serial OR106783556 | 20.0 ac | Active | qtr-sec OR 33 0330S 0050W 009 A S2N2NWSE | OR 33 0330S 0050W 009 A N2S2NWSE | recorded~2026 (DB date, not legal located date) | src: BLM MLRS Not Closed | boundary approx (BLM quarter-section) | do not dig here (active claim)", "stroke": "#ff3300", "stroke-width": 2, "fill": "#ff3300", "fill-opacity": 0.05, "stroke-dasharray": "1,6"}}, {"type": "Feature", "geometry": {"type": "Polygon", "coordinates": [[[-123.26438093758412, 42.73928748873277], [-123.26318886040694, 42.73929014584351], [-123.26194087322004, 42.73928513595899], [-123.26069369603333, 42.73928012807435], [-123.25936393683415, 42.739274789197395], [-123.25935119118672, 42.73549372695581], [-123.2593386355492, 42.73176908871782], [-123.26435550631594, 42.7318807592597], [-123.26937774206822, 42.731903253795316], [-123.26939727970988, 42.73564554103366], [-123.2693955383324, 42.739293088267814], [-123.26815173814795, 42.73929818838355], [-123.26438093758412, 42.73928748873277]]]}, "properties": {"title": "Northern Strip 2", "description": "placer | serial OR106784313 | 20.0 ac | Active | qtr-sec OR 33 0330S 0050W 002 A SENW | OR 33 0330S 0050W 002 A SWNW | OR 33 0330S 0050W 002 L 3 | OR 33 0330S 0050W 002 L 4 | recorded~2026 (DB date, not legal located date) | src: BLM MLRS Not Closed | boundary approx (BLM quarter-section) | do not dig here (active claim)", "stroke": "#ff3300", "stroke-width": 2, "fill": "#ff3300", "fill-opacity": 0.05, "stroke-dasharray": "1,6"}}, {"type": "Feature", "geometry": {"type": "Polygon", "coordinates": [[[-123.26438093758412, 42.73928748873277], [-123.26318886040694, 42.73929014584351], [-123.26194087322004, 42.73928513595899], [-123.26069369603333, 42.73928012807435], [-123.25936393683415, 42.739274789197395], [-123.25935119118672, 42.73549372695581], [-123.2593386355492, 42.73176908871782], [-123.26435550631594, 42.7318807592597], [-123.26937774206822, 42.731903253795316], [-123.26939727970988, 42.73564554103366], [-123.2693955383324, 42.739293088267814], [-123.26815173814795, 42.73929818838355], [-123.26438093758412, 42.73928748873277]]]}, "properties": {"title": "Northern Strip 1", "description": "placer | serial OR106784312 | 20.0 ac | Active | qtr-sec OR 33 0330S 0050W 002 A SENW | OR 33 0330S 0050W 002 A SWNW | OR 33 0330S 0050W 002 L 3 | OR 33 0330S 0050W 002 L 4 | recorded~2026 (DB date, not legal located date) | src: BLM MLRS Not Closed | boundary approx (BLM quarter-section) | do not dig here (active claim)", "stroke": "#ff3300", "stroke-width": 2, "fill": "#ff3300", "fill-opacity": 0.05, "stroke-dasharray": "1,6"}}, {"type": "Feature", "geometry": {"type": "Polygon", "coordinates": [[[-123.60363444228443, 42.875619260772524], [-123.60361005594251, 42.87944766601397], [-123.60358567060076, 42.88327609825546], [-123.59883955591211, 42.88333928270317], [-123.5940934422233, 42.8834024941509], [-123.59408193956722, 42.87961722891535], [-123.59407043491137, 42.875831962679825], [-123.59885243859796, 42.87572569522615], [-123.60363444228443, 42.875619260772524]]]}, "properties": {"title": "Union Creek", "description": "placer | serial OR106786309 | 20.0 ac | Active | qtr-sec OR 33 0310S 0080W 013 A SWNW | OR 33 0310S 0080W 013 A SENW | OR 33 0310S 0080W 013 A NWNW | OR 33 0310S 0080W 013 A NENW | recorded~2026 (DB date, not legal located date) | src: BLM MLRS Not Closed | boundary approx (BLM quarter-section) | do not dig here (active claim)", "stroke": "#ff3300", "stroke-width": 2, "fill": "#ff3300", "fill-opacity": 0.05, "stroke-dasharray": "1,6"}}, {"type": "Feature", "geometry": {"type": "Polygon", "coordinates": [[[-123.4846210233423, 42.71623467082493], [-123.48952996707686, 42.71628641837258], [-123.49443891681135, 42.716338164920224], [-123.49444465043905, 42.72000977415237], [-123.49445038506681, 42.723681380384434], [-123.48950376430282, 42.72348948383156], [-123.48455715853872, 42.72329758827864], [-123.48458909194042, 42.719766131051784], [-123.4846210233423, 42.71623467082493]]]}, "properties": {"title": "GOLDEN RATTLER", "description": "placer | serial OR105222729 | 20.0 ac | Active | qtr-sec OR 33 0330S 0070W 011 A NWNE|OR 33 0330S 0070W 011 A SWNE|OR 33 0330S 0070W 011 A NENE|OR 33 0330S 0070W 011 A SENE | recorded~2021 (DB date, not legal located date) | src: BLM MLRS Not Closed | boundary approx (BLM quarter-section) | do not dig here (active claim)", "stroke": "#ff3300", "stroke-width": 2, "fill": "#ff3300", "fill-opacity": 0.05, "stroke-dasharray": "1,6"}}, {"type": "Feature", "geometry": {"type": "Polygon", "coordinates": [[[-123.50190997871208, 42.92444643534472], [-123.50432383806455, 42.92441937411703], [-123.50436920536968, 42.92614108622078], [-123.50441457167486, 42.92786275932449], [-123.50202242132904, 42.927909721551394], [-123.50196609502046, 42.92617773844803], [-123.50190997871208, 42.92444643534472]]]}, "properties": {"title": "Doe Gold", "description": "placer | serial OR106790222 | 20.0 ac | Active | qtr-sec OR 33 0300S 0070W 035 A E2NWNW | recorded~2026 (DB date, not legal located date) | src: BLM MLRS Not Closed | boundary approx (BLM quarter-section) | do not dig here (active claim)", "stroke": "#ff3300", "stroke-width": 2, "fill": "#ff3300", "fill-opacity": 0.05, "stroke-dasharray": "1,6"}}, {"type": "Feature", "geometry": {"type": "Polygon", "coordinates": [[[-123.21040601253618, 42.709988431852196], [-123.2128461018998, 42.70998474162593], [-123.21271550118604, 42.711779195753685], [-123.21258490147223, 42.71357365088143], [-123.2101660581118, 42.71357756310578], [-123.21028603582397, 42.711782996979004], [-123.21040601253618, 42.709988431852196]]]}, "properties": {"title": "Little Arctic", "description": "placer | serial OR106790969 | 20.0 ac | Active | qtr-sec OR 33 0330S 0040W 007 A E2SESE | recorded~2026 (DB date, not legal located date) | src: BLM MLRS Not Closed | boundary approx (BLM quarter-section) | do not dig here (active claim)", "stroke": "#ff3300", "stroke-width": 2, "fill": "#ff3300", "fill-opacity": 0.05, "stroke-dasharray": "1,6"}}, {"type": "Feature", "geometry": {"type": "Polygon", "coordinates": [[[-123.2128461018998, 42.70998474162593], [-123.21528619026343, 42.70998105039962], [-123.21514496754801, 42.71177539452837], [-123.21500374483263, 42.71356973865704], [-123.21258490147223, 42.71357365088143], [-123.21271550118604, 42.711779195753685], [-123.2128461018998, 42.70998474162593]]]}, "properties": {"title": "Flying Squirrel", "description": "placer | serial OR106790970 | 20.0 ac | Active | qtr-sec OR 33 0330S 0040W 007 A W2SESE | recorded~2026 (DB date, not legal located date) | src: BLM MLRS Not Closed | boundary approx (BLM quarter-section) | do not dig here (active claim)", "stroke": "#ff3300", "stroke-width": 2, "fill": "#ff3300", "fill-opacity": 0.05, "stroke-dasharray": "1,6"}}, {"type": "Feature", "geometry": {"type": "Polygon", "coordinates": [[[-123.56299510687329, 42.68081348431172], [-123.56793465860842, 42.68085500785639], [-123.57287396034572, 42.68091030940186], [-123.57278113198757, 42.68475813165357], [-123.57268829862954, 42.68860595290525], [-123.56763138288437, 42.688606319374315], [-123.56257446613901, 42.68860668584336], [-123.56278479350604, 42.684710086577546], [-123.56299510687329, 42.68081348431172]]]}, "properties": {"title": "GM1", "description": "lode | serial OR106801790 | 20.66 ac | Filed | qtr-sec OR 33 0330S 0070W 019 SE | recorded~2026 (DB date, not legal located date) | src: BLM MLRS Not Closed | boundary approx (BLM quarter-section) | do not dig here (active claim)", "stroke": "#ff3300", "stroke-width": 2, "fill": "#ff3300", "fill-opacity": 0.05, "stroke-dasharray": "1,6"}}, {"type": "Feature", "geometry": {"type": "Polygon", "coordinates": [[[-123.55815396315904, 42.680810362760425], [-123.56299510687329, 42.68081348431172], [-123.56793465860842, 42.68085500785639], [-123.57287396034572, 42.68091030940186], [-123.57278113198757, 42.68475813165357], [-123.57268829862954, 42.68860595290525], [-123.56763138288437, 42.688606319374315], [-123.56257446613901, 42.68860668584336], [-123.55779717240725, 42.688445642276285], [-123.55301989067533, 42.688284599709114], [-123.55316635905994, 42.6845459214591], [-123.5533128184447, 42.68080724020907], [-123.55815396315904, 42.680810362760425]]]}, "properties": {"title": "GM 3", "description": "lode | serial OR106801792 | 20.66 ac | Filed | qtr-sec OR 33 0330S 0070W 019 SE | OR 33 0330S 0070W 030 SW | OR 33 0330S 0070W 020 SW | recorded~2026 (DB date, not legal located date) | src: BLM MLRS Not Closed | boundary approx (BLM quarter-section) | do not dig here (active claim)", "stroke": "#ff3300", "stroke-width": 2, "fill": "#ff3300", "fill-opacity": 0.05, "stroke-dasharray": "1,6"}}, {"type": "Feature", "geometry": {"type": "Polygon", "coordinates": [[[-123.56299510687329, 42.68081348431172], [-123.56793465860842, 42.68085500785639], [-123.57287396034572, 42.68091030940186], [-123.57278113198757, 42.68475813165357], [-123.57268829862954, 42.68860595290525], [-123.56763138288437, 42.688606319374315], [-123.56257446613901, 42.68860668584336], [-123.56278479350604, 42.684710086577546], [-123.56299510687329, 42.68081348431172]]]}, "properties": {"title": "GM 2", "description": "lode | serial OR106801791 | 20.66 ac | Filed | qtr-sec OR 33 0330S 0070W 019 SE | recorded~2026 (DB date, not legal located date) | src: BLM MLRS Not Closed | boundary approx (BLM quarter-section) | do not dig here (active claim)", "stroke": "#ff3300", "stroke-width": 2, "fill": "#ff3300", "fill-opacity": 0.05, "stroke-dasharray": "1,6"}}, {"type": "Feature", "geometry": {"type": "Polygon", "coordinates": [[[-123.56299510687329, 42.68081348431172], [-123.56278479350604, 42.684710086577546], [-123.56257446613901, 42.68860668584336], [-123.55779717240725, 42.688445642276285], [-123.55301989067533, 42.688284599709114], [-123.55316635905994, 42.6845459214591], [-123.5533128184447, 42.68080724020907], [-123.55331848560658, 42.68], [-123.56300701049464, 42.68], [-123.56299510687329, 42.68081348431172]]]}, "properties": {"title": "GM 4", "description": "lode | serial OR106801793 | 320.0 ac | Filed | qtr-sec OR 33 0330S 0070W 020 SW | OR 33 0330S 0070W 029 NW | recorded~2026 (DB date, not legal located date) | src: BLM MLRS Not Closed | boundary approx (BLM quarter-section) | do not dig here (active claim)", "stroke": "#ff3300", "stroke-width": 2, "fill": "#ff3300", "fill-opacity": 0.05, "stroke-dasharray": "1,6"}}, {"type": "Feature", "geometry": {"type": "Polygon", "coordinates": [[[-123.56299510687329, 42.68081348431172], [-123.55815396315904, 42.680810362760425], [-123.5533128184447, 42.68080724020907], [-123.55331848560658, 42.68], [-123.56300701049464, 42.68], [-123.56299510687329, 42.68081348431172]]]}, "properties": {"title": "GM 5", "description": "lode | serial OR106801794 | 160.0 ac | Filed | qtr-sec OR 33 0330S 0070W 029 NW | recorded~2026 (DB date, not legal located date) | src: BLM MLRS Not Closed | boundary approx (BLM quarter-section) | do not dig here (active claim)", "stroke": "#ff3300", "stroke-width": 2, "fill": "#ff3300", "fill-opacity": 0.05, "stroke-dasharray": "1,6"}}, {"type": "Feature", "geometry": {"type": "Polygon", "coordinates": [[[-123.20265710908785, 42.73760554435002], [-123.20083844781897, 42.737621449519715], [-123.19951755162361, 42.73763295564296], [-123.19969541021429, 42.7350786834619], [-123.19981841493123, 42.733312243336655], [-123.19994141864828, 42.731545804211436], [-123.20220690998003, 42.731506836998896], [-123.20447237331169, 42.731467851786334], [-123.2067378396434, 42.73142888757378], [-123.20900330497504, 42.73138987636122], [-123.2088717322671, 42.73321715449109], [-123.20874016055926, 42.735044432620974], [-123.20855173598075, 42.73767890680809], [-123.20565016654132, 42.73764298607485], [-123.20403442229656, 42.7376228032234], [-123.20265710908785, 42.73760554435002]]]}, "properties": {"title": "Horseback Mine", "description": "lode | serial OR106819050 | 20.66 ac | Filed | qtr-sec OR 33 0330S 0040W 005 NW | recorded~2026 (DB date, not legal located date) | src: BLM MLRS Not Closed | boundary approx (BLM quarter-section) | do not dig here (active claim)", "stroke": "#ff3300", "stroke-width": 2, "fill": "#ff3300", "fill-opacity": 0.05, "stroke-dasharray": "1,6"}}, {"type": "Feature", "geometry": {"type": "Polygon", "coordinates": [[[-123.20265710908785, 42.73760554435002], [-123.20083844781897, 42.737621449519715], [-123.19951755162361, 42.73763295564296], [-123.19969541021429, 42.7350786834619], [-123.19981841493123, 42.733312243336655], [-123.19994141864828, 42.731545804211436], [-123.20220690998003, 42.731506836998896], [-123.20447237331169, 42.731467851786334], [-123.2067378396434, 42.73142888757378], [-123.20900330497504, 42.73138987636122], [-123.2088717322671, 42.73321715449109], [-123.20874016055926, 42.735044432620974], [-123.20855173598075, 42.73767890680809], [-123.20565016654132, 42.73764298607485], [-123.20403442229656, 42.7376228032234], [-123.20265710908785, 42.73760554435002]]]}, "properties": {"title": "Bam", "description": "lode | serial OR106819052 | 20.66 ac | Filed | qtr-sec OR 33 0330S 0040W 005 NW | recorded~2026 (DB date, not legal located date) | src: BLM MLRS Not Closed | boundary approx (BLM quarter-section) | do not dig here (active claim)", "stroke": "#ff3300", "stroke-width": 2, "fill": "#ff3300", "fill-opacity": 0.05, "stroke-dasharray": "1,6"}}, {"type": "Feature", "geometry": {"type": "Polygon", "coordinates": [[[-123.61762999975772, 42.796761799531666], [-123.62241820047073, 42.79680869708839], [-123.62241558306735, 42.800282597306214], [-123.62241722267379, 42.80380911352697], [-123.61761685996787, 42.80381421997477], [-123.61281646926192, 42.80381910542254], [-123.61283127565801, 42.80029331120014], [-123.61285021306308, 42.796814927980385], [-123.61762999975772, 42.796761799531666]]]}, "properties": {"title": "COW 1124", "description": "placer | serial OR106820768 | 20.0 ac | Filed | qtr-sec OR 33 0320S 0080W 011 SW | recorded~2026 (DB date, not legal located date) | src: BLM MLRS Not Closed | boundary approx (BLM quarter-section) | do not dig here (active claim)", "stroke": "#ff3300", "stroke-width": 2, "fill": "#ff3300", "fill-opacity": 0.05, "stroke-dasharray": "1,6"}}, {"type": "Feature", "geometry": {"type": "Polygon", "coordinates": [[[-123.56870054061257, 42.77383605964884], [-123.56868522030625, 42.7720631005387], [-123.57110195566251, 42.77206244831376], [-123.57352310802165, 42.77207494708919], [-123.57353275532637, 42.77384348619955], [-123.57111664696951, 42.77383977242419], [-123.56870054061257, 42.77383605964884]]]}, "properties": {"title": "Gold Pockets", "description": "placer | serial OR106815206 | 15.0 ac | Active | qtr-sec OR 33 0320S 0070W 019 A S2NWSE | recorded~2026 (DB date, not legal located date) | src: BLM MLRS Not Closed | boundary approx (BLM quarter-section) | do not dig here (active claim)", "stroke": "#ff3300", "stroke-width": 2, "fill": "#ff3300", "fill-opacity": 0.05, "stroke-dasharray": "1,6"}}, {"type": "Feature", "geometry": {"type": "Point", "coordinates": [-123.53230309249413, 42.74974929041654]}, "properties": {"title": "Placer - Victory", "description": "4 source record(s) merged within 75m | src: MILO, USMIN", "marker-color": "#000000", "marker-symbol": "circle"}}, {"type": "Feature", "geometry": {"type": "Point", "coordinates": [-123.38398523149453, 42.685889609260904]}, "properties": {"title": "Placer - Wolf Creek placers", "description": "3 source record(s) merged within 75m | src: MILO, MRDS, USMIN", "marker-color": "#000000", "marker-symbol": "circle"}}, {"type": "Feature", "geometry": {"type": "Point", "coordinates": [-123.44310054564512, 42.91343537099062]}, "properties": {"title": "Placer - Hackler and Heights placer", "description": "3 source record(s) merged within 75m | src: MILO, MRDS", "marker-color": "#000000", "marker-symbol": "circle"}}, {"type": "Feature", "geometry": {"type": "Point", "coordinates": [-123.52792711753132, 42.75007032381279]}, "properties": {"title": "Placer - open pit mine", "description": "2 source record(s) merged within 75m | src: MILO, USMIN", "marker-color": "#000000", "marker-symbol": "circle"}}, {"type": "Feature", "geometry": {"type": "Point", "coordinates": [-123.31034139352568, 42.71179900685959]}, "properties": {"title": "Placer - Speaker placer", "description": "2 source record(s) merged within 75m | src: MILO, USMIN", "marker-color": "#000000", "marker-symbol": "circle"}}, {"type": "Feature", "geometry": {"type": "Point", "coordinates": [-123.16587674642226, 42.797045426827985]}, "properties": {"title": "Placer - Whitehorse placer", "description": "2 source record(s) merged within 75m | src: MILO, MRDS", "marker-color": "#000000", "marker-symbol": "circle"}}, {"type": "Feature", "geometry": {"type": "Point", "coordinates": [-123.18531346697353, 42.77040052525144]}, "properties": {"title": "Placer - Hogum Creek", "description": "2 source record(s) merged within 75m | src: MILO, MRDS", "marker-color": "#000000", "marker-symbol": "circle"}}, {"type": "Feature", "geometry": {"type": "Point", "coordinates": [-123.26309245690788, 42.73483501414283]}, "properties": {"title": "Placer - Tennesse Gulch", "description": "2 source record(s) merged within 75m | src: MILO, MRDS", "marker-color": "#000000", "marker-symbol": "circle"}}, {"type": "Feature", "geometry": {"type": "Point", "coordinates": [-123.16034869795965, 42.70843994145015]}, "properties": {"title": "Placer - Last Chance Group placer", "description": "2 source record(s) merged within 75m | src: MILO, MRDS", "marker-color": "#000000", "marker-symbol": "circle"}}, {"type": "Feature", "geometry": {"type": "Point", "coordinates": [-123.351159, 42.685669]}, "properties": {"title": "Placer - Glendale", "description": "1 source record(s) merged within 75m | src: USMIN", "marker-color": "#000000", "marker-symbol": "circle"}}, {"type": "Feature", "geometry": {"type": "Point", "coordinates": [-123.43285687081149, 42.91317877977744]}, "properties": {"title": "Placer - Hackler Height placer", "description": "1 source record(s) merged within 75m | src: MILO", "marker-color": "#000000", "marker-symbol": "circle"}}, {"type": "Feature", "geometry": {"type": "Point", "coordinates": [-123.53431210365909, 42.75814360089032]}, "properties": {"title": "Placer - Oregon M and P Co.", "description": "1 source record(s) merged within 75m | src: MILO", "marker-color": "#000000", "marker-symbol": "circle"}}, {"type": "Feature", "geometry": {"type": "Point", "coordinates": [-123.24229884227444, 42.755128376444986]}, "properties": {"title": "Placer - Bull Run placers", "description": "1 source record(s) merged within 75m | src: MILO", "marker-color": "#000000", "marker-symbol": "circle"}}, {"type": "Feature", "geometry": {"type": "Point", "coordinates": [-123.34178904834562, 42.715446293391594]}, "properties": {"title": "Placer - Gilliam Placer", "description": "1 source record(s) merged within 75m | src: MILO", "marker-color": "#000000", "marker-symbol": "circle"}}, {"type": "Feature", "geometry": {"type": "Point", "coordinates": [-123.25757686165443, 42.7162386162379]}, "properties": {"title": "Placer - Gilbert Eri prospect", "description": "1 source record(s) merged within 75m | src: MILO", "marker-color": "#000000", "marker-symbol": "circle"}}, {"type": "Feature", "geometry": {"type": "Point", "coordinates": [-123.5327546862236, 42.752258607584395]}, "properties": {"title": "Placer - Tuller Placer", "description": "1 source record(s) merged within 75m | src: MILO", "marker-color": "#000000", "marker-symbol": "circle"}}, {"type": "Feature", "geometry": {"type": "Point", "coordinates": [-123.2039442165859, 42.69625252729637]}, "properties": {"title": "Shaft - King Mountain", "description": "9 source record(s) merged within 75m | src: MILO, USMIN", "marker-color": "#000000", "marker-symbol": "circle"}}, {"type": "Feature", "geometry": {"type": "Point", "coordinates": [-123.27841960932476, 42.69949964008904]}, "properties": {"title": "Adit - Golden", "description": "7 source record(s) merged within 75m | src: MILO, USMIN", "marker-color": "#000000", "marker-symbol": "circle"}}, {"type": "Feature", "geometry": {"type": "Point", "coordinates": [-123.1746319019724, 42.73610128251874]}, "properties": {"title": "Shaft - King Mountain", "description": "6 source record(s) merged within 75m | src: MILO, USMIN", "marker-color": "#000000", "marker-symbol": "circle"}}, {"type": "Feature", "geometry": {"type": "Point", "coordinates": [-123.20515937369247, 42.696195370372095]}, "properties": {"title": "Adit - King Mountain", "description": "6 source record(s) merged within 75m | src: MILO, USMIN", "marker-color": "#000000", "marker-symbol": "circle"}}, {"type": "Feature", "geometry": {"type": "Point", "coordinates": [-123.27382537553474, 42.693914094478714]}, "properties": {"title": "Adit - Golden", "description": "6 source record(s) merged within 75m | src: MILO, USMIN", "marker-color": "#000000", "marker-symbol": "circle"}}, {"type": "Feature", "geometry": {"type": "Point", "coordinates": [-123.60666322203512, 42.691078451992084]}, "properties": {"title": "Adit - Mount Reuben", "description": "5 source record(s) merged within 75m | src: MILO, USMIN", "marker-color": "#000000", "marker-symbol": "circle"}}, {"type": "Feature", "geometry": {"type": "Point", "coordinates": [-123.57720739480581, 42.71362329521545]}, "properties": {"title": "Adit - Mount Reuben", "description": "5 source record(s) merged within 75m | src: MILO, USMIN", "marker-color": "#000000", "marker-symbol": "circle"}}, {"type": "Feature", "geometry": {"type": "Point", "coordinates": [-123.27022698431662, 42.697162529333625]}, "properties": {"title": "Adit - Golden", "description": "5 source record(s) merged within 75m | src: MILO, USMIN", "marker-color": "#000000", "marker-symbol": "circle"}}, {"type": "Feature", "geometry": {"type": "Point", "coordinates": [-123.23582502340533, 42.71946010901098]}, "properties": {"title": "Adit - King Mountain", "description": "5 source record(s) merged within 75m | src: MILO, USMIN", "marker-color": "#000000", "marker-symbol": "circle"}}, {"type": "Feature", "geometry": {"type": "Point", "coordinates": [-123.27428664815045, 42.69201230293773]}, "properties": {"title": "Adit - Golden", "description": "5 source record(s) merged within 75m | src: MILO, USMIN", "marker-color": "#000000", "marker-symbol": "circle"}}, {"type": "Feature", "geometry": {"type": "Point", "coordinates": [-123.31371640511222, 42.91013375214722]}, "properties": {"title": "Adit - Canyonville", "description": "4 source record(s) merged within 75m | src: MILO, USMIN", "marker-color": "#000000", "marker-symbol": "circle"}}, {"type": "Feature", "geometry": {"type": "Point", "coordinates": [-123.33589807327547, 42.89077890606794]}, "properties": {"title": "Adit - Canyonville", "description": "4 source record(s) merged within 75m | src: MILO, USMIN", "marker-color": "#000000", "marker-symbol": "circle"}}, {"type": "Feature", "geometry": {"type": "Point", "coordinates": [-123.20220281028381, 42.71268950788073]}, "properties": {"title": "Adit - King Mountain", "description": "4 source record(s) merged within 75m | src: MILO, USMIN", "marker-color": "#000000", "marker-symbol": "circle"}}, {"type": "Feature", "geometry": {"type": "Point", "coordinates": [-123.62345779690892, 42.68270802590046]}, "properties": {"title": "Shaft - Mount Reuben", "description": "4 source record(s) merged within 75m | src: MILO, USMIN", "marker-color": "#000000", "marker-symbol": "circle"}}, {"type": "Feature", "geometry": {"type": "Point", "coordinates": [-123.62921312570785, 42.68199361018477]}, "properties": {"title": "Adit - Bunker Creek", "description": "4 source record(s) merged within 75m | src: MILO, USMIN", "marker-color": "#000000", "marker-symbol": "circle"}}, {"type": "Feature", "geometry": {"type": "Point", "coordinates": [-123.20097173280728, 42.73281850419894]}, "properties": {"title": "Adit - King Mountain", "description": "4 source record(s) merged within 75m | src: MILO, USMIN", "marker-color": "#000000", "marker-symbol": "circle"}}, {"type": "Feature", "geometry": {"type": "Point", "coordinates": [-123.31776858856439, 42.68244065934506]}, "properties": {"title": "Adit - Golden", "description": "4 source record(s) merged within 75m | src: MILO, USMIN", "marker-color": "#000000", "marker-symbol": "circle"}}, {"type": "Feature", "geometry": {"type": "Point", "coordinates": [-123.38298474352526, 42.855598273287825]}, "properties": {"title": "Adit - Mc Cullough Creek", "description": "3 source record(s) merged within 75m | src: MILO, USMIN", "marker-color": "#000000", "marker-symbol": "circle"}}, {"type": "Feature", "geometry": {"type": "Point", "coordinates": [-123.31671066832659, 42.907819618953965]}, "properties": {"title": "Adit - Canyonville", "description": "3 source record(s) merged within 75m | src: MILO, USMIN", "marker-color": "#000000", "marker-symbol": "circle"}}, {"type": "Feature", "geometry": {"type": "Point", "coordinates": [-123.60815763240186, 42.69824170263104]}, "properties": {"title": "Adit - Mount Reuben", "description": "3 source record(s) merged within 75m | src: MILO, USMIN", "marker-color": "#000000", "marker-symbol": "circle"}}, {"type": "Feature", "geometry": {"type": "Point", "coordinates": [-123.6313101076779, 42.68054334562179]}, "properties": {"title": "Adit - Bunker Creek", "description": "3 source record(s) merged within 75m | src: MILO, USMIN", "marker-color": "#000000", "marker-symbol": "circle"}}, {"type": "Feature", "geometry": {"type": "Point", "coordinates": [-123.32301896602003, 42.691641947652606]}, "properties": {"title": "Adit - Golden", "description": "3 source record(s) merged within 75m | src: MILO, USMIN", "marker-color": "#000000", "marker-symbol": "circle"}}, {"type": "Feature", "geometry": {"type": "Point", "coordinates": [-123.29598320590344, 42.68499170107802]}, "properties": {"title": "Adit - Golden", "description": "3 source record(s) merged within 75m | src: MILO, USMIN", "marker-color": "#000000", "marker-symbol": "circle"}}, {"type": "Feature", "geometry": {"type": "Point", "coordinates": [-123.2613243540444, 42.70761058666762]}, "properties": {"title": "Adit - Golden", "description": "3 source record(s) merged within 75m | src: MILO, USMIN", "marker-color": "#000000", "marker-symbol": "circle"}}, {"type": "Feature", "geometry": {"type": "Point", "coordinates": [-123.27275533617443, 42.690313763364685]}, "properties": {"title": "Adit - Glendale", "description": "3 source record(s) merged within 75m | src: MILO, USMIN", "marker-color": "#000000", "marker-symbol": "circle"}}, {"type": "Feature", "geometry": {"type": "Point", "coordinates": [-123.28545772545665, 42.68402678039663]}, "properties": {"title": "Adit - Golden", "description": "3 source record(s) merged within 75m | src: MILO, USMIN", "marker-color": "#000000", "marker-symbol": "circle"}}, {"type": "Feature", "geometry": {"type": "Point", "coordinates": [-123.32117010892861, 42.903749676412986]}, "properties": {"title": "Shaft - Canyonville", "description": "2 source record(s) merged within 75m | src: MILO, USMIN", "marker-color": "#000000", "marker-symbol": "circle"}}, {"type": "Feature", "geometry": {"type": "Point", "coordinates": [-123.2882055, 42.841770499999996]}, "properties": {"title": "Adit - Quines Creek", "description": "2 source record(s) merged within 75m | src: USMIN", "marker-color": "#000000", "marker-symbol": "circle"}}, {"type": "Feature", "geometry": {"type": "Point", "coordinates": [-123.32607289417112, 42.89578565425435]}, "properties": {"title": "Adit - Canyonville", "description": "2 source record(s) merged within 75m | src: MILO, USMIN", "marker-color": "#000000", "marker-symbol": "circle"}}, {"type": "Feature", "geometry": {"type": "Point", "coordinates": [-123.3371555, 42.890947499999996]}, "properties": {"title": "Adit - Canyonville", "description": "2 source record(s) merged within 75m | src: USMIN", "marker-color": "#000000", "marker-symbol": "circle"}}, {"type": "Feature", "geometry": {"type": "Point", "coordinates": [-123.3164695158065, 42.9055915981763]}, "properties": {"title": "Adit - Canyonville", "description": "2 source record(s) merged within 75m | src: MILO, USMIN", "marker-color": "#000000", "marker-symbol": "circle"}}, {"type": "Feature", "geometry": {"type": "Point", "coordinates": [-123.31451326472103, 42.91074458920391]}, "properties": {"title": "Adit - Canyonville", "description": "2 source record(s) merged within 75m | src: MILO, USMIN", "marker-color": "#000000", "marker-symbol": "circle"}}, {"type": "Feature", "geometry": {"type": "Point", "coordinates": [-123.31805625839748, 42.90528535809831]}, "properties": {"title": "Adit - Canyonville", "description": "2 source record(s) merged within 75m | src: MILO, USMIN", "marker-color": "#000000", "marker-symbol": "circle"}}, {"type": "Feature", "geometry": {"type": "Point", "coordinates": [-123.15752632320681, 42.78280975914495]}, "properties": {"title": "Adit - Starvout Creek", "description": "2 source record(s) merged within 75m | src: MILO, USMIN", "marker-color": "#000000", "marker-symbol": "circle"}}, {"type": "Feature", "geometry": {"type": "Point", "coordinates": [-123.2108184691068, 42.71191992924308]}, "properties": {"title": "Adit - King Mountain", "description": "2 source record(s) merged within 75m | src: MILO, USMIN", "marker-color": "#000000", "marker-symbol": "circle"}}, {"type": "Feature", "geometry": {"type": "Point", "coordinates": [-123.6091928440388, 42.69708940573861]}, "properties": {"title": "Adit - Mount Reuben", "description": "2 source record(s) merged within 75m | src: MILO, USMIN", "marker-color": "#000000", "marker-symbol": "circle"}}, {"type": "Feature", "geometry": {"type": "Point", "coordinates": [-123.2045645, 42.7329415]}, "properties": {"title": "Adit - King Mountain", "description": "2 source record(s) merged within 75m | src: USMIN", "marker-color": "#000000", "marker-symbol": "circle"}}, {"type": "Feature", "geometry": {"type": "Point", "coordinates": [-123.1935665, 42.704754]}, "properties": {"title": "Adit - King Mountain", "description": "2 source record(s) merged within 75m | src: USMIN", "marker-color": "#000000", "marker-symbol": "circle"}}, {"type": "Feature", "geometry": {"type": "Point", "coordinates": [-123.31456158841871, 42.68082073536742]}, "properties": {"title": "Shaft - Golden", "description": "2 source record(s) merged within 75m | src: MILO, USMIN", "marker-color": "#000000", "marker-symbol": "circle"}}, {"type": "Feature", "geometry": {"type": "Point", "coordinates": [-123.27368115357456, 42.694624289386496]}, "properties": {"title": "Adit - Golden", "description": "2 source record(s) merged within 75m | src: MILO, USMIN", "marker-color": "#000000", "marker-symbol": "circle"}}, {"type": "Feature", "geometry": {"type": "Point", "coordinates": [-123.28677835274159, 42.686245112259414]}, "properties": {"title": "Adit - Golden", "description": "2 source record(s) merged within 75m | src: MILO, USMIN", "marker-color": "#000000", "marker-symbol": "circle"}}, {"type": "Feature", "geometry": {"type": "Point", "coordinates": [-123.27374934313184, 42.68965548254012]}, "properties": {"title": "Adit - Golden", "description": "2 source record(s) merged within 75m | src: MILO, USMIN", "marker-color": "#000000", "marker-symbol": "circle"}}, {"type": "Feature", "geometry": {"type": "Point", "coordinates": [-123.26746800000001, 42.6973115]}, "properties": {"title": "Adit - Glendale", "description": "2 source record(s) merged within 75m | src: MRDS, USMIN", "marker-color": "#000000", "marker-symbol": "circle"}}, {"type": "Feature", "geometry": {"type": "Point", "coordinates": [-123.26814547013261, 42.698110729074585]}, "properties": {"title": "Adit - Golden", "description": "2 source record(s) merged within 75m | src: MILO, USMIN", "marker-color": "#000000", "marker-symbol": "circle"}}, {"type": "Feature", "geometry": {"type": "Point", "coordinates": [-123.2707685, 42.6958795]}, "properties": {"title": "Adit - Glendale", "description": "2 source record(s) merged within 75m | src: USMIN", "marker-color": "#000000", "marker-symbol": "circle"}}, {"type": "Feature", "geometry": {"type": "Point", "coordinates": [-123.32589825590475, 42.68843395341598]}, "properties": {"title": "Adit - Golden", "description": "2 source record(s) merged within 75m | src: MILO, USMIN", "marker-color": "#000000", "marker-symbol": "circle"}}, {"type": "Feature", "geometry": {"type": "Point", "coordinates": [-123.31566849999999, 42.680185]}, "properties": {"title": "Adit - Glendale", "description": "2 source record(s) merged within 75m | src: USMIN", "marker-color": "#000000", "marker-symbol": "circle"}}, {"type": "Feature", "geometry": {"type": "Point", "coordinates": [-123.29048978838608, 42.685307982403266]}, "properties": {"title": "Adit - Glendale", "description": "2 source record(s) merged within 75m | src: MILO, USMIN", "marker-color": "#000000", "marker-symbol": "circle"}}, {"type": "Feature", "geometry": {"type": "Point", "coordinates": [-123.383629, 42.854358]}, "properties": {"title": "Adit - Mc Cullough Creek", "description": "1 source record(s) merged within 75m | src: USMIN", "marker-color": "#000000", "marker-symbol": "circle"}}, {"type": "Feature", "geometry": {"type": "Point", "coordinates": [-123.315843, 42.904434]}, "properties": {"title": "Adit - Canyonville", "description": "1 source record(s) merged within 75m | src: USMIN", "marker-color": "#000000", "marker-symbol": "circle"}}, {"type": "Feature", "geometry": {"type": "Point", "coordinates": [-123.318425, 42.904506]}, "properties": {"title": "Adit - Canyonville", "description": "1 source record(s) merged within 75m | src: USMIN", "marker-color": "#000000", "marker-symbol": "circle"}}, {"type": "Feature", "geometry": {"type": "Point", "coordinates": [-123.188709, 42.696587]}, "properties": {"title": "Shaft - King Mountain", "description": "1 source record(s) merged within 75m | src: USMIN", "marker-color": "#000000", "marker-symbol": "circle"}}, {"type": "Feature", "geometry": {"type": "Point", "coordinates": [-123.200342, 42.707028]}, "properties": {"title": "Adit - King Mountain", "description": "1 source record(s) merged within 75m | src: USMIN", "marker-color": "#000000", "marker-symbol": "circle"}}, {"type": "Feature", "geometry": {"type": "Point", "coordinates": [-123.202796, 42.711507]}, "properties": {"title": "Adit - Wimer", "description": "1 source record(s) merged within 75m | src: USMIN", "marker-color": "#000000", "marker-symbol": "circle"}}, {"type": "Feature", "geometry": {"type": "Point", "coordinates": [-123.264406, 42.701769]}, "properties": {"title": "Adit - Glendale", "description": "1 source record(s) merged within 75m | src: USMIN", "marker-color": "#000000", "marker-symbol": "circle"}}, {"type": "Feature", "geometry": {"type": "Point", "coordinates": [-123.277093, 42.699583]}, "properties": {"title": "Adit - Glendale", "description": "1 source record(s) merged within 75m | src: USMIN", "marker-color": "#000000", "marker-symbol": "circle"}}, {"type": "Feature", "geometry": {"type": "Point", "coordinates": [-123.269692, 42.696328]}, "properties": {"title": "Adit - Glendale", "description": "1 source record(s) merged within 75m | src: USMIN", "marker-color": "#000000", "marker-symbol": "circle"}}, {"type": "Feature", "geometry": {"type": "Point", "coordinates": [-123.274217, 42.691395]}, "properties": {"title": "Adit - Glendale", "description": "1 source record(s) merged within 75m | src: USMIN", "marker-color": "#000000", "marker-symbol": "circle"}}, {"type": "Feature", "geometry": {"type": "Point", "coordinates": [-123.276901, 42.691934]}, "properties": {"title": "Adit - Glendale", "description": "1 source record(s) merged within 75m | src: USMIN", "marker-color": "#000000", "marker-symbol": "circle"}}, {"type": "Feature", "geometry": {"type": "Point", "coordinates": [-123.32418, 42.691468]}, "properties": {"title": "Adit - Glendale", "description": "1 source record(s) merged within 75m | src: USMIN", "marker-color": "#000000", "marker-symbol": "circle"}}, {"type": "Feature", "geometry": {"type": "Point", "coordinates": [-123.325581, 42.68984]}, "properties": {"title": "Adit - Glendale", "description": "1 source record(s) merged within 75m | src: USMIN", "marker-color": "#000000", "marker-symbol": "circle"}}, {"type": "Feature", "geometry": {"type": "Point", "coordinates": [-123.277868, 42.684228]}, "properties": {"title": "Adit - Glendale", "description": "1 source record(s) merged within 75m | src: USMIN", "marker-color": "#000000", "marker-symbol": "circle"}}, {"type": "Feature", "geometry": {"type": "Point", "coordinates": [-123.286051, 42.684909]}, "properties": {"title": "Adit - Glendale", "description": "1 source record(s) merged within 75m | src: USMIN", "marker-color": "#000000", "marker-symbol": "circle"}}, {"type": "Feature", "geometry": {"type": "Point", "coordinates": [-123.61015248851942, 42.68083113807567]}, "properties": {"title": "Pit - Mount Reuben", "description": "12 source record(s) merged within 75m | src: MILO, USMIN", "marker-color": "#000000", "marker-symbol": "circle"}}, {"type": "Feature", "geometry": {"type": "Point", "coordinates": [-123.38444542091088, 42.862411302813435]}, "properties": {"title": "Pit - Mc Cullough Creek", "description": "4 source record(s) merged within 75m | src: MILO, USMIN", "marker-color": "#000000", "marker-symbol": "circle"}}, {"type": "Feature", "geometry": {"type": "Point", "coordinates": [-123.38620211065592, 42.86197056363379]}, "properties": {"title": "Pit - Mc Cullough Creek", "description": "4 source record(s) merged within 75m | src: MILO, USMIN", "marker-color": "#000000", "marker-symbol": "circle"}}, {"type": "Feature", "geometry": {"type": "Point", "coordinates": [-123.59507358981632, 42.72146647625548]}, "properties": {"title": "Pit - Mount Reuben", "description": "3 source record(s) merged within 75m | src: MILO, USMIN", "marker-color": "#000000", "marker-symbol": "circle"}}, {"type": "Feature", "geometry": {"type": "Point", "coordinates": [-123.60340530638409, 42.71861827179237]}, "properties": {"title": "Pit - Mount Reuben", "description": "3 source record(s) merged within 75m | src: MILO, USMIN", "marker-color": "#000000", "marker-symbol": "circle"}}, {"type": "Feature", "geometry": {"type": "Point", "coordinates": [-123.26363016366122, 42.717331782017254]}, "properties": {"title": "Pit - Golden", "description": "3 source record(s) merged within 75m | src: MILO, USMIN", "marker-color": "#000000", "marker-symbol": "circle"}}, {"type": "Feature", "geometry": {"type": "Point", "coordinates": [-123.2706360365657, 42.7108406651078]}, "properties": {"title": "Pit - Golden", "description": "3 source record(s) merged within 75m | src: MILO, USMIN", "marker-color": "#000000", "marker-symbol": "circle"}}, {"type": "Feature", "geometry": {"type": "Point", "coordinates": [-123.27060127118348, 42.69025869961782]}, "properties": {"title": "Pit - Golden", "description": "3 source record(s) merged within 75m | src: MILO, USMIN", "marker-color": "#000000", "marker-symbol": "circle"}}, {"type": "Feature", "geometry": {"type": "Point", "coordinates": [-123.39527245550734, 42.85826033299285]}, "properties": {"title": "Mine - prospect", "description": "3 source record(s) merged within 75m | src: MILO", "marker-color": "#000000", "marker-symbol": "circle"}}, {"type": "Feature", "geometry": {"type": "Point", "coordinates": [-123.39464752287934, 42.856305769104296]}, "properties": {"title": "Mine - prospect", "description": "3 source record(s) merged within 75m | src: MILO", "marker-color": "#000000", "marker-symbol": "circle"}}, {"type": "Feature", "geometry": {"type": "Point", "coordinates": [-123.38976496352154, 42.85783597319881]}, "properties": {"title": "Mine - prospect", "description": "3 source record(s) merged within 75m | src: MILO", "marker-color": "#000000", "marker-symbol": "circle"}}, {"type": "Feature", "geometry": {"type": "Point", "coordinates": [-123.5504640118686, 42.77226070231346]}, "properties": {"title": "Pit - Rabbit Mountain", "description": "2 source record(s) merged within 75m | src: MILO, USMIN", "marker-color": "#000000", "marker-symbol": "circle"}}, {"type": "Feature", "geometry": {"type": "Point", "coordinates": [-123.346490131024, 42.889198722833825]}, "properties": {"title": "Pit - Canyonville", "description": "2 source record(s) merged within 75m | src: MILO, USMIN", "marker-color": "#000000", "marker-symbol": "circle"}}, {"type": "Feature", "geometry": {"type": "Point", "coordinates": [-123.30893414528936, 42.915436861386425]}, "properties": {"title": "Pit - Canyonville", "description": "2 source record(s) merged within 75m | src: MILO, USMIN", "marker-color": "#000000", "marker-symbol": "circle"}}, {"type": "Feature", "geometry": {"type": "Point", "coordinates": [-123.33546556450818, 42.89475372645565]}, "properties": {"title": "Pit - Canyonville", "description": "2 source record(s) merged within 75m | src: MILO, USMIN", "marker-color": "#000000", "marker-symbol": "circle"}}, {"type": "Feature", "geometry": {"type": "Point", "coordinates": [-123.31551524981674, 42.91687151574552]}, "properties": {"title": "Pit - Canyonville", "description": "2 source record(s) merged within 75m | src: MILO, USMIN", "marker-color": "#000000", "marker-symbol": "circle"}}, {"type": "Feature", "geometry": {"type": "Point", "coordinates": [-123.39319094883942, 42.84494353216378]}, "properties": {"title": "Pit - Mc Cullough Creek", "description": "2 source record(s) merged within 75m | src: MILO, USMIN", "marker-color": "#000000", "marker-symbol": "circle"}}, {"type": "Feature", "geometry": {"type": "Point", "coordinates": [-123.30780365824197, 42.91150354772976]}, "properties": {"title": "Pit - Canyonville", "description": "2 source record(s) merged within 75m | src: MILO, USMIN", "marker-color": "#000000", "marker-symbol": "circle"}}, {"type": "Feature", "geometry": {"type": "Point", "coordinates": [-123.17332498731339, 42.74096124385302]}, "properties": {"title": "Pit - King Mountain", "description": "2 source record(s) merged within 75m | src: MILO, USMIN", "marker-color": "#000000", "marker-symbol": "circle"}}, {"type": "Feature", "geometry": {"type": "Point", "coordinates": [-123.22803664316521, 42.75861233115581]}, "properties": {"title": "Pit - Starvout Creek", "description": "2 source record(s) merged within 75m | src: MILO, USMIN", "marker-color": "#000000", "marker-symbol": "circle"}}, {"type": "Feature", "geometry": {"type": "Point", "coordinates": [-123.61211790308519, 42.69875351162719]}, "properties": {"title": "Pit - Mount Reuben", "description": "2 source record(s) merged within 75m | src: MILO, USMIN", "marker-color": "#000000", "marker-symbol": "circle"}}, {"type": "Feature", "geometry": {"type": "Point", "coordinates": [-123.2111355182822, 42.69495411153132]}, "properties": {"title": "Pit - King Mountain", "description": "2 source record(s) merged within 75m | src: MILO, USMIN", "marker-color": "#000000", "marker-symbol": "circle"}}, {"type": "Feature", "geometry": {"type": "Point", "coordinates": [-123.2838912482421, 42.70493566583468]}, "properties": {"title": "Pit - Golden", "description": "2 source record(s) merged within 75m | src: MILO, USMIN", "marker-color": "#000000", "marker-symbol": "circle"}}, {"type": "Feature", "geometry": {"type": "Point", "coordinates": [-123.26332541739207, 42.70308225183297]}, "properties": {"title": "Pit - Glendale", "description": "2 source record(s) merged within 75m | src: MILO, USMIN", "marker-color": "#000000", "marker-symbol": "circle"}}, {"type": "Feature", "geometry": {"type": "Point", "coordinates": [-123.28823613578591, 42.68363238342069]}, "properties": {"title": "Pit - Glendale", "description": "2 source record(s) merged within 75m | src: MILO, USMIN", "marker-color": "#000000", "marker-symbol": "circle"}}, {"type": "Feature", "geometry": {"type": "Point", "coordinates": [-123.28875149999999, 42.683073]}, "properties": {"title": "Pit - Glendale", "description": "2 source record(s) merged within 75m | src: MRDS, USMIN", "marker-color": "#000000", "marker-symbol": "circle"}}, {"type": "Feature", "geometry": {"type": "Point", "coordinates": [-123.5304415521, 42.75101723012077]}, "properties": {"title": "Pit - Rabbit Mountain", "description": "2 source record(s) merged within 75m | src: MILO, USMIN", "marker-color": "#000000", "marker-symbol": "circle"}}, {"type": "Feature", "geometry": {"type": "Point", "coordinates": [-123.12337879998717, 42.88315130283486]}, "properties": {"title": "Mine - Miller", "description": "2 source record(s) merged within 75m | src: MILO, MRDS", "marker-color": "#000000", "marker-symbol": "circle"}}, {"type": "Feature", "geometry": {"type": "Point", "coordinates": [-123.55810127246839, 42.7742539174929]}, "properties": {"title": "Mine - gold mine", "description": "2 source record(s) merged within 75m | src: MILO, MRDS", "marker-color": "#000000", "marker-symbol": "circle"}}, {"type": "Feature", "geometry": {"type": "Point", "coordinates": [-123.19506061110074, 42.758439250032055]}, "properties": {"title": "Mine - gold mine", "description": "2 source record(s) merged within 75m | src: MILO, MRDS", "marker-color": "#000000", "marker-symbol": "circle"}}, {"type": "Feature", "geometry": {"type": "Point", "coordinates": [-123.20021301922208, 42.76401842843614]}, "properties": {"title": "Mine - Miser", "description": "2 source record(s) merged within 75m | src: MILO, MRDS", "marker-color": "#000000", "marker-symbol": "circle"}}, {"type": "Feature", "geometry": {"type": "Point", "coordinates": [-123.42449162975589, 42.724831431737464]}, "properties": {"title": "Mine - Willis", "description": "2 source record(s) merged within 75m | src: MILO, MRDS", "marker-color": "#000000", "marker-symbol": "circle"}}, {"type": "Feature", "geometry": {"type": "Point", "coordinates": [-123.16756179061188, 42.746228377378245]}, "properties": {"title": "Mine - Puzzer", "description": "2 source record(s) merged within 75m | src: MILO, MRDS", "marker-color": "#000000", "marker-symbol": "circle"}}, {"type": "Feature", "geometry": {"type": "Point", "coordinates": [-123.15558780768622, 42.711517775884076]}, "properties": {"title": "Mine - gold mine", "description": "2 source record(s) merged within 75m | src: MILO, MRDS", "marker-color": "#000000", "marker-symbol": "circle"}}, {"type": "Feature", "geometry": {"type": "Point", "coordinates": [-123.17448284341774, 42.68233375517673]}, "properties": {"title": "Mine - gold mine", "description": "2 source record(s) merged within 75m | src: MILO, MRDS", "marker-color": "#000000", "marker-symbol": "circle"}}, {"type": "Feature", "geometry": {"type": "Point", "coordinates": [-123.67949859524987, 42.68901404107346]}, "properties": {"title": "Mine - gold prospect", "description": "2 source record(s) merged within 75m | src: MILO, MRDS", "marker-color": "#000000", "marker-symbol": "circle"}}, {"type": "Feature", "geometry": {"type": "Point", "coordinates": [-123.58044743685295, 42.68100084889204]}, "properties": {"title": "Mine - Lawrence Mine", "description": "2 source record(s) merged within 75m | src: MILO", "marker-color": "#000000", "marker-symbol": "circle"}}, {"type": "Feature", "geometry": {"type": "Point", "coordinates": [-123.3489581460577, 42.681755858239015]}, "properties": {"title": "Mine - gold mine", "description": "2 source record(s) merged within 75m | src: MILO, MRDS", "marker-color": "#000000", "marker-symbol": "circle"}}, {"type": "Feature", "geometry": {"type": "Point", "coordinates": [-123.36199051310027, 42.68291075911813]}, "properties": {"title": "Mine - gold mine", "description": "2 source record(s) merged within 75m | src: MILO, MRDS", "marker-color": "#000000", "marker-symbol": "circle"}}, {"type": "Feature", "geometry": {"type": "Point", "coordinates": [-123.32535167605234, 42.68622845496564]}, "properties": {"title": "Mine - Victor", "description": "2 source record(s) merged within 75m | src: MILO, MRDS", "marker-color": "#000000", "marker-symbol": "circle"}}, {"type": "Feature", "geometry": {"type": "Point", "coordinates": [-123.39254011405868, 42.858258531154476]}, "properties": {"title": "Mine - prospect", "description": "2 source record(s) merged within 75m | src: MILO", "marker-color": "#000000", "marker-symbol": "circle"}}, {"type": "Feature", "geometry": {"type": "Point", "coordinates": [-123.38887193321982, 42.861106001622446]}, "properties": {"title": "Mine - prospect", "description": "2 source record(s) merged within 75m | src: MILO", "marker-color": "#000000", "marker-symbol": "circle"}}, {"type": "Feature", "geometry": {"type": "Point", "coordinates": [-123.27422999999999, 42.696505]}, "properties": {"title": "Mine - Gold Mine", "description": "2 source record(s) merged within 75m | src: MRDS", "marker-color": "#000000", "marker-symbol": "circle"}}, {"type": "Feature", "geometry": {"type": "Point", "coordinates": [-123.28807, 42.717029999999994]}, "properties": {"title": "Mine - Wolf Creek Logging and Mining Company", "description": "2 source record(s) merged within 75m | src: MRDS", "marker-color": "#000000", "marker-symbol": "circle"}}, {"type": "Feature", "geometry": {"type": "Point", "coordinates": [-123.269885, 42.871922]}, "properties": {"title": "Site - Quines Creek", "description": "1 source record(s) merged within 75m | src: USMIN", "marker-color": "#000000", "marker-symbol": "circle"}}, {"type": "Feature", "geometry": {"type": "Point", "coordinates": [-123.19445248820352, 42.70943040974643]}, "properties": {"title": "Site - King Mountain", "description": "1 source record(s) merged within 75m | src: USMIN", "marker-color": "#000000", "marker-symbol": "circle"}}, {"type": "Feature", "geometry": {"type": "Point", "coordinates": [-123.20802335733221, 42.69560278601425]}, "properties": {"title": "Site - King Mountain", "description": "1 source record(s) merged within 75m | src: USMIN", "marker-color": "#000000", "marker-symbol": "circle"}}, {"type": "Feature", "geometry": {"type": "Point", "coordinates": [-123.36528037322684, 42.95643406467382]}, "properties": {"title": "Site - Canyonville", "description": "1 source record(s) merged within 75m | src: USMIN", "marker-color": "#000000", "marker-symbol": "circle"}}, {"type": "Feature", "geometry": {"type": "Point", "coordinates": [-123.33912702294573, 42.681840208444434]}, "properties": {"title": "Site - Glendale", "description": "1 source record(s) merged within 75m | src: USMIN", "marker-color": "#000000", "marker-symbol": "circle"}}, {"type": "Feature", "geometry": {"type": "Point", "coordinates": [-123.28512573503308, 42.71747478396114]}, "properties": {"title": "Site - Glendale", "description": "1 source record(s) merged within 75m | src: USMIN", "marker-color": "#000000", "marker-symbol": "circle"}}, {"type": "Feature", "geometry": {"type": "Point", "coordinates": [-123.20104759026154, 42.712541206307385]}, "properties": {"title": "Site - King Mountain", "description": "1 source record(s) merged within 75m | src: USMIN", "marker-color": "#000000", "marker-symbol": "circle"}}, {"type": "Feature", "geometry": {"type": "Point", "coordinates": [-123.35029290674734, 42.96764578027174]}, "properties": {"title": "Site - Canyonville", "description": "1 source record(s) merged within 75m | src: USMIN", "marker-color": "#000000", "marker-symbol": "circle"}}, {"type": "Feature", "geometry": {"type": "Point", "coordinates": [-123.44590374092965, 42.955056462875895]}, "properties": {"title": "Site - Nickel Mtn.", "description": "1 source record(s) merged within 75m | src: USMIN", "marker-color": "#000000", "marker-symbol": "circle"}}, {"type": "Feature", "geometry": {"type": "Point", "coordinates": [-123.43084090858139, 42.93372058415563]}, "properties": {"title": "Site - Nickel Mtn.", "description": "1 source record(s) merged within 75m | src: USMIN", "marker-color": "#000000", "marker-symbol": "circle"}}, {"type": "Feature", "geometry": {"type": "Point", "coordinates": [-123.26135526015304, 42.735307456939914]}, "properties": {"title": "Site - Glendale", "description": "1 source record(s) merged within 75m | src: USMIN", "marker-color": "#000000", "marker-symbol": "circle"}}, {"type": "Feature", "geometry": {"type": "Point", "coordinates": [-123.25983635294517, 42.73499470849073]}, "properties": {"title": "Site - Glendale", "description": "1 source record(s) merged within 75m | src: USMIN", "marker-color": "#000000", "marker-symbol": "circle"}}, {"type": "Feature", "geometry": {"type": "Point", "coordinates": [-123.32438830686954, 42.68652255781238]}, "properties": {"title": "Site - Glendale", "description": "1 source record(s) merged within 75m | src: USMIN", "marker-color": "#000000", "marker-symbol": "circle"}}, {"type": "Feature", "geometry": {"type": "Point", "coordinates": [-123.3424225641082, 42.714922707822815]}, "properties": {"title": "Site - Glendale", "description": "1 source record(s) merged within 75m | src: USMIN", "marker-color": "#000000", "marker-symbol": "circle"}}, {"type": "Feature", "geometry": {"type": "Point", "coordinates": [-123.33819007475051, 42.90494518354271]}, "properties": {"title": "Mine - unnamed or NA", "description": "1 source record(s) merged within 75m | src: MILO", "marker-color": "#000000", "marker-symbol": "circle"}}, {"type": "Feature", "geometry": {"type": "Point", "coordinates": [-123.52242519975799, 42.760390477613846]}, "properties": {"title": "Mine - Douglas", "description": "1 source record(s) merged within 75m | src: MILO", "marker-color": "#000000", "marker-symbol": "circle"}}, {"type": "Feature", "geometry": {"type": "Point", "coordinates": [-123.44507818295264, 42.81956531979828]}, "properties": {"title": "Mine - Last Chance prospect", "description": "1 source record(s) merged within 75m | src: MILO", "marker-color": "#000000", "marker-symbol": "circle"}}, {"type": "Feature", "geometry": {"type": "Point", "coordinates": [-123.47572959585726, 42.78825530933642]}, "properties": {"title": "Mine - Grayback Mountain prospect", "description": "1 source record(s) merged within 75m | src: MILO", "marker-color": "#000000", "marker-symbol": "circle"}}, {"type": "Feature", "geometry": {"type": "Point", "coordinates": [-123.43780932283406, 42.79542798335406]}, "properties": {"title": "Mine - gold mine", "description": "1 source record(s) merged within 75m | src: MILO", "marker-color": "#000000", "marker-symbol": "circle"}}, {"type": "Feature", "geometry": {"type": "Point", "coordinates": [-123.43958131780245, 42.792761812664416]}, "properties": {"title": "Mine - gold mine", "description": "1 source record(s) merged within 75m | src: MILO", "marker-color": "#000000", "marker-symbol": "circle"}}, {"type": "Feature", "geometry": {"type": "Point", "coordinates": [-123.24952458554444, 42.75762693009109]}, "properties": {"title": "Mine - Indiana", "description": "1 source record(s) merged within 75m | src: MILO", "marker-color": "#000000", "marker-symbol": "circle"}}, {"type": "Feature", "geometry": {"type": "Point", "coordinates": [-123.18623350055672, 42.75140552972536]}, "properties": {"title": "Mine - Mildred", "description": "1 source record(s) merged within 75m | src: MILO", "marker-color": "#000000", "marker-symbol": "circle"}}, {"type": "Feature", "geometry": {"type": "Point", "coordinates": [-123.1809104672025, 42.751516080841775]}, "properties": {"title": "Mine - Cloudy Day", "description": "1 source record(s) merged within 75m | src: MILO", "marker-color": "#000000", "marker-symbol": "circle"}}, {"type": "Feature", "geometry": {"type": "Point", "coordinates": [-123.15482693915197, 42.74123907139334]}, "properties": {"title": "Mine - Green Mountain prospect", "description": "1 source record(s) merged within 75m | src: MILO", "marker-color": "#000000", "marker-symbol": "circle"}}, {"type": "Feature", "geometry": {"type": "Point", "coordinates": [-123.24118439787108, 42.750959088694394]}, "properties": {"title": "Mine - Union Leader", "description": "1 source record(s) merged within 75m | src: MILO", "marker-color": "#000000", "marker-symbol": "circle"}}, {"type": "Feature", "geometry": {"type": "Point", "coordinates": [-123.20229667320129, 42.7487391707492]}, "properties": {"title": "Mine - Starve Out", "description": "1 source record(s) merged within 75m | src: MILO", "marker-color": "#000000", "marker-symbol": "circle"}}, {"type": "Feature", "geometry": {"type": "Point", "coordinates": [-123.24729580044585, 42.73734796635398]}, "properties": {"title": "Mine - Quartzmill", "description": "1 source record(s) merged within 75m | src: MILO", "marker-color": "#000000", "marker-symbol": "circle"}}, {"type": "Feature", "geometry": {"type": "Point", "coordinates": [-123.25757686165443, 42.7162386162379]}, "properties": {"title": "SCOUT 1 - Placer bench", "description": "Gilbert Eri prospect (placer (heuristic: surface workings)) | agency: BLM | 141m to stream | cluster: 0 nearby | src: MILO", "marker-color": "#ff3300", "marker-symbol": "circle"}}, {"type": "Feature", "geometry": {"type": "Point", "coordinates": [-123.385877, 42.862185]}, "properties": {"title": "SCOUT 2 - Placer bench", "description": "USMIN Prospect Pit | agency: BLM | 128m to stream | cluster: 7 nearby | src: USMIN", "marker-color": "#ff3300", "marker-symbol": "circle"}}, {"type": "Feature", "geometry": {"type": "Point", "coordinates": [-123.608403, 42.698004]}, "properties": {"title": "SCOUT 3 - Placer bench", "description": "USMIN Prospect Pit | agency: BLM | 5m to stream | cluster: 6 nearby | src: USMIN", "marker-color": "#ff3300", "marker-symbol": "circle"}}, {"type": "Feature", "geometry": {"type": "Point", "coordinates": [-123.577453, 42.713288]}, "properties": {"title": "SCOUT 4 - Lode/unknown outcrop", "description": "USMIN Adit | agency: BLM | 8m to stream | cluster: 5 nearby | src: USMIN", "marker-color": "#ff3300", "marker-symbol": "circle"}}, {"type": "Feature", "geometry": {"type": "Point", "coordinates": [-123.318084, 42.68223]}, "properties": {"title": "SCOUT 5 - Lode/unknown outcrop", "description": "USMIN Adit | agency: BLM | 72m to stream | cluster: 3 nearby | src: USMIN", "marker-color": "#ff3300", "marker-symbol": "circle"}}, {"type": "Feature", "geometry": {"type": "Point", "coordinates": [-123.603354, 42.718559]}, "properties": {"title": "SCOUT 6 - Placer bench", "description": "USMIN Prospect Pit | agency: BLM | 5m to stream | cluster: 2 nearby | src: USMIN", "marker-color": "#ff3300", "marker-symbol": "circle"}}, {"type": "Feature", "geometry": {"type": "Point", "coordinates": [-123.261517, 42.707526]}, "properties": {"title": "SCOUT 7 - Lode/unknown outcrop", "description": "USMIN Adit | agency: BLM | 48m to stream | cluster: 2 nearby | src: USMIN", "marker-color": "#ff3300", "marker-symbol": "circle"}}, {"type": "Feature", "geometry": {"type": "Point", "coordinates": [-123.393184, 42.844941]}, "properties": {"title": "SCOUT 8 - Placer bench", "description": "USMIN Prospect Pit | agency: BLM | 59m to stream | cluster: 2 nearby | src: USMIN", "marker-color": "#ff3300", "marker-symbol": "circle"}}, {"type": "Feature", "geometry": {"type": "Point", "coordinates": [-123.211119, 42.694977]}, "properties": {"title": "SCOUT 9 - Placer bench", "description": "USMIN Prospect Pit | agency: BLM | 27m to stream | cluster: 1 nearby | src: USMIN", "marker-color": "#ff3300", "marker-symbol": "circle"}}, {"type": "Feature", "geometry": {"type": "Point", "coordinates": [-123.326234, 42.895894]}, "properties": {"title": "SCOUT 10 - Lode/unknown outcrop", "description": "USMIN Adit | agency: BLM | 46m to stream | cluster: 1 nearby | src: USMIN", "marker-color": "#ff3300", "marker-symbol": "circle"}}]}