<?xml version="1.0" encoding="UTF-8"?><kml xmlns="http://www.opengis.net/kml/2.2"><Document><name>cowcreek Other active claims</name><Style id="s0"><LineStyle><color>ff0033ff</color><width>2</width></LineStyle><PolyStyle><color>400033ff</color></PolyStyle></Style><Folder><name>Other active claims</name><Placemark><name>Windy Gap</name><description>lode | serial OR105788577 | 20.66 ac | Filed | qtr-sec OR 33 0330S 0080W 012 A NWNW|OR 33 0330S 0080W 012 A NENW|OR 33 0330S 0080W 012 A SENW|OR 33 0330S 0080W 012 A SWNW|OR 33 0330S 0080W 012 A NW | recorded~2022 (DB date, not legal located date) | src: BLM MLRS Not Closed | boundary approx (BLM q…</description><styleUrl>#s0</styleUrl><Polygon><outerBoundaryIs><LinearRing><coordinates>-123.592538,42.717322,0 -123.597462,42.717333,0 -123.602386,42.717344,0 -123.602386,42.720958,0 -123.602386,42.724571,0 -123.597457,42.724565,0 -123.592528,42.724559,0 -123.592533,42.720941,0 -123.592538,42.717322,0</coordinates></LinearRing></outerBoundaryIs></Polygon></Placemark><Placemark><name>The Vault</name><description>lode | serial OR105795358 | 20.66 ac | Active | qtr-sec OR 33 0330S 0040W 005 A NE|OR 33 0330S 0040W 005 A SWNE|OR 33 0330S 0040W 005 A SENE|OR 33 0330S 0040W 005 A Government Lot 1|OR 33 0330S 0040W 005 A Government Lot 2 | recorded~2022 (DB date, not legal located date) | src: BLM MLRS Not Closed…</description><styleUrl>#s0</styleUrl><Polygon><outerBoundaryIs><LinearRing><coordinates>-123.204891,42.724367,0 -123.209348,42.724254,0 -123.209176,42.727822,0 -123.209003,42.731390,0 -123.208872,42.733217,0 -123.208740,42.735044,0 -123.208552,42.737679,0 -123.205650,42.737643,0 -123.204034,42.737623,0 -123.202657,42.737606,0 -123.200838,42.737621,0 -123.199518,42.737633,0 -123.196025,42.737664,0 -123.194999,42.737673,0 -123.193263,42.737688,0 -123.191213,42.737698,0 -123.190482,42.737702,0 -123.190475,42.735171,0 -123.190469,42.733030,0 -123.190470,42.731708,0 -123.190494,42.728104,0 -123.190518,42.724500,0 -123.195476,42.724490,0 -123.200433,42.724480,0 -123.202662,42.724423,0 -123.204891,42.724367,0</coordinates></LinearRing></outerBoundaryIs></Polygon></Placemark><Placemark><name>Oro Grande</name><description>lode | serial OR105805591 | 20.66 ac | Active | qtr-sec OR 33 0350S 0050W 028 A SE|OR 33 0350S 0050W 028 A Remainder Aliquot Part NESESESE|OR 33 0350S 0050W 028 A NESE|OR 33 0350S 0050W 028 A NWSE|OR 33 0350S 0050W 028 A Remainder Aliquot Part NWSWSESE|OR 33 0350S 0050W 028 A Remainder Aliquot Part…</description><styleUrl>#s0</styleUrl><Polygon><outerBoundaryIs><LinearRing><coordinates>-123.309023,42.681134,0 -123.306768,42.681120,0 -123.304025,42.681102,0 -123.301551,42.681086,0 -123.299027,42.681067,0 -123.294109,42.681073,0 -123.291436,42.681083,0 -123.289178,42.681089,0 -123.289178,42.680254,0 -123.289177,42.680000,0 -123.309030,42.680000,0 -123.309023,42.681134,0</coordinates></LinearRing></outerBoundaryIs></Polygon></Placemark><Placemark><name>Trade Dollar</name><description>lode | serial OR105820978 | 20.66 ac | Active | qtr-sec OR 33 0330S 0080W 023 A Remainder Aliquot Part SENENE|OR 33 0330S 0080W 023 A NWNE|OR 33 0330S 0080W 023 A Remainder Aliquot Part SESENE|OR 33 0330S 0080W 023 A Remainder Aliquot Part NWNENE|OR 33 0330S 0080W 023 A Remainder Aliquot Part SWNEN…</description><styleUrl>#s0</styleUrl><Polygon><outerBoundaryIs><LinearRing><coordinates>-123.602388,42.690182,0 -123.602387,42.688357,0 -123.604842,42.688353,0 -123.607297,42.688349,0 -123.612206,42.688341,0 -123.612205,42.691985,0 -123.612205,42.695630,0 -123.607297,42.695642,0 -123.604844,42.695649,0 -123.602390,42.695655,0 -123.602389,42.693831,0 -123.602389,42.692006,0 -123.602388,42.690182,0</coordinates></LinearRing></outerBoundaryIs></Polygon></Placemark><Placemark><name>Blalock</name><description>lode | serial OR105832353 | 20.66 ac | Active | qtr-sec OR 33 0330S 0050W 021 A SW|OR 33 0330S 0050W 021 A NWSW|OR 33 0330S 0050W 021 A Government Lot 6|OR 33 0330S 0050W 021 A Government Lot 1|OR 33 0330S 0050W 021 A SW|OR 33 0330S 0050W 021 A SW|OR 33 0330S 0050W 021 A Government Lot 2|OR 33 0330…</description><styleUrl>#s0</styleUrl><Polygon><outerBoundaryIs><LinearRing><coordinates>-123.309022,42.684737,0 -123.309022,42.688341,0 -123.309036,42.691975,0 -123.309044,42.695609,0 -123.304103,42.695616,0 -123.299163,42.695624,0 -123.294142,42.695571,0 -123.289115,42.695519,0 -123.289128,42.692454,0 -123.289130,42.691908,0 -123.289136,42.690711,0 -123.289173,42.688298,0 -123.289176,42.684693,0 -123.289178,42.681089,0 -123.291436,42.681083,0 -123.294109,42.681073,0 -123.299027,42.681067,0 -123.301551,42.681086,0 -123.304025,42.681102,0 -123.306768,42.681120,0 -123.309023,42.681134,0 -123.309022,42.684737,0</coordinates></LinearRing></outerBoundaryIs></Polygon></Placemark><Placemark><name>CONTENTION</name><description>lode | serial ORMC142433 | 20.66 ac | Active | qtr-sec OR 33 0310S 0050W 007 A SW | recorded~2021 (DB date, not legal located date) | src: BLM MLRS Not Closed | boundary approx (BLM quarter-section) | do not dig here (active claim)</description><styleUrl>#s0</styleUrl><Polygon><outerBoundaryIs><LinearRing><coordinates>-123.347663,42.884147,0 -123.347639,42.886710,0 -123.347631,42.887610,0 -123.347606,42.890332,0 -123.347593,42.891073,0 -123.342928,42.891052,0 -123.338225,42.891031,0 -123.338165,42.887450,0 -123.338106,42.883869,0 -123.343019,42.884012,0 -123.347663,42.884147,0</coordinates></LinearRing></outerBoundaryIs></Polygon></Placemark><Placemark><name>FORGET ME NOT 2</name><description>lode | serial ORMC15700 | 20.66 ac | Active | qtr-sec OR 33 0330S 0050W 012 A NE | recorded~2021 (DB date, not legal located date) | src: BLM MLRS Not Closed | boundary approx (BLM quarter-section) | do not dig here (active claim)</description><styleUrl>#s0</styleUrl><Polygon><outerBoundaryIs><LinearRing><coordinates>-123.238621,42.720736,0 -123.238358,42.724404,0 -123.233388,42.724353,0 -123.228419,42.724303,0 -123.228726,42.720718,0 -123.229034,42.717132,0 -123.233959,42.717100,0 -123.238883,42.717068,0 -123.238621,42.720736,0</coordinates></LinearRing></outerBoundaryIs></Polygon></Placemark><Placemark><name>OLYMPIA</name><description>lode | serial ORMC157633 | 19.69 ac | Active | qtr-sec OR 33 0330S 0050W 014 A SW|OR 33 0330S 0050W 015 A SE|OR 33 0330S 0050W 022 A NE | recorded~2021 (DB date, not legal located date) | src: BLM MLRS Not Closed | boundary approx (BLM quarter-section) | do not dig here (active claim)</description><styleUrl>#s0</styleUrl><Polygon><outerBoundaryIs><LinearRing><coordinates>-123.279251,42.688317,0 -123.279255,42.691898,0 -123.279260,42.695479,0 -123.279234,42.699143,0 -123.279208,42.702807,0 -123.276735,42.702820,0 -123.274261,42.702833,0 -123.269315,42.702859,0 -123.264287,42.702750,0 -123.259259,42.702642,0 -123.259235,42.698953,0 -123.259210,42.695265,0 -123.264251,42.695423,0 -123.269292,42.695582,0 -123.269279,42.691959,0 -123.269270,42.689464,0 -123.269266,42.688335,0 -123.271030,42.688332,0 -123.274258,42.688326,0 -123.279251,42.688317,0</coordinates></LinearRing></outerBoundaryIs></Polygon></Placemark><Placemark><name>ROGUE GEM &amp; GEO 3</name><description>lode | serial ORMC160899 | 15.0 ac | Active | qtr-sec OR 33 0300S 0070W 034 A NW|OR 33 0300S 0070W 034 A NE|OR 33 0300S 0070W 034 A SW|OR 33 0300S 0070W 034 A SE | recorded~2021 (DB date, not legal located date) | src: BLM MLRS Not Closed | boundary approx (BLM quarter-section) | do not dig here (a…</description><styleUrl>#s0</styleUrl><Polygon><outerBoundaryIs><LinearRing><coordinates>-123.506662,42.917289,0 -123.506655,42.913611,0 -123.511589,42.913576,0 -123.516522,42.913540,0 -123.521471,42.913548,0 -123.523944,42.913554,0 -123.526419,42.913556,0 -123.526385,42.917166,0 -123.526377,42.918069,0 -123.526369,42.918971,0 -123.526360,42.919874,0 -123.526352,42.920776,0 -123.526232,42.924344,0 -123.526112,42.927913,0 -123.521358,42.927900,0 -123.516609,42.927891,0 -123.511708,42.927853,0 -123.506807,42.927816,0 -123.506773,42.926104,0 -123.506739,42.924393,0 -123.506668,42.920966,0 -123.506662,42.917289,0</coordinates></LinearRing></outerBoundaryIs></Polygon></Placemark><Placemark><name>DEWEY</name><description>lode | serial ORMC161037 | 20.66 ac | Active | qtr-sec OR 33 0330S 0050W 022 A NE|OR 33 0330S 0050W 023 A NW | recorded~2021 (DB date, not legal located date) | src: BLM MLRS Not Closed | boundary approx (BLM quarter-section) | do not dig here (active claim)</description><styleUrl>#s0</styleUrl><Polygon><outerBoundaryIs><LinearRing><coordinates>-123.264251,42.695423,0 -123.259210,42.695265,0 -123.259187,42.691683,0 -123.259165,42.688101,0 -123.264215,42.688218,0 -123.268191,42.688310,0 -123.269266,42.688335,0 -123.271030,42.688332,0 -123.274258,42.688326,0 -123.279251,42.688317,0 -123.279255,42.691898,0 -123.279260,42.695479,0 -123.274276,42.695531,0 -123.269292,42.695582,0 -123.264251,42.695423,0</coordinates></LinearRing></outerBoundaryIs></Polygon></Placemark><Placemark><name>OREL</name><description>lode | serial ORMC161038 | 20.66 ac | Active | qtr-sec OR 33 0330S 0050W 022 A NE|OR 33 0330S 0050W 023 A NW | recorded~2021 (DB date, not legal located date) | src: BLM MLRS Not Closed | boundary approx (BLM quarter-section) | do not dig here (active claim)</description><styleUrl>#s0</styleUrl><Polygon><outerBoundaryIs><LinearRing><coordinates>-123.264251,42.695423,0 -123.259210,42.695265,0 -123.259187,42.691683,0 -123.259165,42.688101,0 -123.264215,42.688218,0 -123.268191,42.688310,0 -123.269266,42.688335,0 -123.271030,42.688332,0 -123.274258,42.688326,0 -123.279251,42.688317,0 -123.279255,42.691898,0 -123.279260,42.695479,0 -123.274276,42.695531,0 -123.269292,42.695582,0 -123.264251,42.695423,0</coordinates></LinearRing></outerBoundaryIs></Polygon></Placemark><Placemark><name>SPOTTED FAWN</name><description>lode | serial ORMC161039 | 20.66 ac | Active | qtr-sec OR 33 0330S 0050W 022 A NE | recorded~2021 (DB date, not legal located date) | src: BLM MLRS Not Closed | boundary approx (BLM quarter-section) | do not dig here (active claim)</description><styleUrl>#s0</styleUrl><Polygon><outerBoundaryIs><LinearRing><coordinates>-123.279251,42.688317,0 -123.279255,42.691898,0 -123.279260,42.695479,0 -123.274276,42.695531,0 -123.269292,42.695582,0 -123.269279,42.691959,0 -123.269270,42.689464,0 -123.269266,42.688335,0 -123.271030,42.688332,0 -123.274258,42.688326,0 -123.279251,42.688317,0</coordinates></LinearRing></outerBoundaryIs></Polygon></Placemark><Placemark><name>FRANDOR II</name><description>lode | serial ORMC166409 | 20.66 ac | Active | qtr-sec OR 33 0330S 0050W 022 A SW | recorded~2021 (DB date, not legal located date) | src: BLM MLRS Not Closed | boundary approx (BLM quarter-section) | do not dig here (active claim)</description><styleUrl>#s0</styleUrl><Polygon><outerBoundaryIs><LinearRing><coordinates>-123.289176,42.684693,0 -123.289173,42.688298,0 -123.284212,42.688307,0 -123.279251,42.688317,0 -123.279246,42.684690,0 -123.279244,42.682876,0 -123.279241,42.681062,0 -123.281726,42.681069,0 -123.284210,42.681076,0 -123.289178,42.681089,0 -123.289176,42.684693,0</coordinates></LinearRing></outerBoundaryIs></Polygon></Placemark><Placemark><name>PYX</name><description>lode | serial ORMC170835 | 20.66 ac | Active | qtr-sec OR 33 0330S 0080W 023 A SE|OR 33 0330S 0080W 026 A NE | recorded~2021 (DB date, not legal located date) | src: BLM MLRS Not Closed | boundary approx (BLM quarter-section) | do not dig here (active claim)</description><styleUrl>#s0</styleUrl><Polygon><outerBoundaryIs><LinearRing><coordinates>-123.612207,42.681067,0 -123.612207,42.684704,0 -123.612206,42.688341,0 -123.607297,42.688349,0 -123.604842,42.688353,0 -123.602387,42.688357,0 -123.602386,42.686533,0 -123.602386,42.684708,0 -123.602385,42.682884,0 -123.602384,42.681059,0 -123.602384,42.680000,0 -123.612208,42.680000,0 -123.612207,42.681067,0</coordinates></LinearRing></outerBoundaryIs></Polygon></Placemark><Placemark><name>CHEROKEE 7</name><description>lode | serial ORMC170909 | 20.66 ac | Active | qtr-sec OR 33 0310S 0050W 007 A SW | recorded~2021 (DB date, not legal located date) | src: BLM MLRS Not Closed | boundary approx (BLM quarter-section) | do not dig here (active claim)</description><styleUrl>#s0</styleUrl><Polygon><outerBoundaryIs><LinearRing><coordinates>-123.347663,42.884147,0 -123.347639,42.886710,0 -123.347631,42.887610,0 -123.347606,42.890332,0 -123.347593,42.891073,0 -123.342928,42.891052,0 -123.338225,42.891031,0 -123.338165,42.887450,0 -123.338106,42.883869,0 -123.343019,42.884012,0 -123.347663,42.884147,0</coordinates></LinearRing></outerBoundaryIs></Polygon></Placemark><Placemark><name>SR HUCKLEBERRY</name><description>lode | serial ORMC171081 | 20.66 ac | Active | qtr-sec OR 33 0310S 0050W 007 A SE | recorded~2021 (DB date, not legal located date) | src: BLM MLRS Not Closed | boundary approx (BLM quarter-section) | do not dig here (active claim)</description><styleUrl>#s0</styleUrl><Polygon><outerBoundaryIs><LinearRing><coordinates>-123.338106,42.883869,0 -123.338165,42.887450,0 -123.338225,42.891031,0 -123.333479,42.891009,0 -123.328733,42.890987,0 -123.328492,42.887277,0 -123.328250,42.883567,0 -123.333178,42.883718,0 -123.338106,42.883869,0</coordinates></LinearRing></outerBoundaryIs></Polygon></Placemark><Placemark><name>COPPER KING</name><description>lode | serial ORMC171712 | 20.66 ac | Active | qtr-sec OR 33 0330S 0040W 017 A SW | recorded~2021 (DB date, not legal located date) | src: BLM MLRS Not Closed | boundary approx (BLM quarter-section) | do not dig here (active claim)</description><styleUrl>#s0</styleUrl><Polygon><outerBoundaryIs><LinearRing><coordinates>-123.200501,42.695406,0 -123.205479,42.695362,0 -123.210457,42.695318,0 -123.210429,42.698954,0 -123.210415,42.700772,0 -123.210401,42.702590,0 -123.207919,42.702610,0 -123.205437,42.702630,0 -123.202954,42.702651,0 -123.200472,42.702671,0 -123.200479,42.700855,0 -123.200487,42.699039,0 -123.200501,42.695406,0</coordinates></LinearRing></outerBoundaryIs></Polygon></Placemark><Placemark><name>FRANDOR 1</name><description>lode | serial ORMC175110 | 20.66 ac | Active | qtr-sec OR 33 0330S 0050W 022 A SW | recorded~2021 (DB date, not legal located date) | src: BLM MLRS Not Closed | boundary approx (BLM quarter-section) | do not dig here (active claim)</description><styleUrl>#s0</styleUrl><Polygon><outerBoundaryIs><LinearRing><coordinates>-123.289176,42.684693,0 -123.289173,42.688298,0 -123.284212,42.688307,0 -123.279251,42.688317,0 -123.279246,42.684690,0 -123.279244,42.682876,0 -123.279241,42.681062,0 -123.281726,42.681069,0 -123.284210,42.681076,0 -123.289178,42.681089,0 -123.289176,42.684693,0</coordinates></LinearRing></outerBoundaryIs></Polygon></Placemark><Placemark><name>FRANDOR 3</name><description>lode | serial ORMC175111 | 20.66 ac | Active | qtr-sec OR 33 0330S 0050W 022 A SW | recorded~2021 (DB date, not legal located date) | src: BLM MLRS Not Closed | boundary approx (BLM quarter-section) | do not dig here (active claim)</description><styleUrl>#s0</styleUrl><Polygon><outerBoundaryIs><LinearRing><coordinates>-123.289176,42.684693,0 -123.289173,42.688298,0 -123.284212,42.688307,0 -123.279251,42.688317,0 -123.279246,42.684690,0 -123.279244,42.682876,0 -123.279241,42.681062,0 -123.281726,42.681069,0 -123.284210,42.681076,0 -123.289178,42.681089,0 -123.289176,42.684693,0</coordinates></LinearRing></outerBoundaryIs></Polygon></Placemark><Placemark><name>FRANDOR 4</name><description>lode | serial ORMC175112 | 20.66 ac | Active | qtr-sec OR 33 0330S 0050W 022 A SW | recorded~2021 (DB date, not legal located date) | src: BLM MLRS Not Closed | boundary approx (BLM quarter-section) | do not dig here (active claim)</description><styleUrl>#s0</styleUrl><Polygon><outerBoundaryIs><LinearRing><coordinates>-123.289176,42.684693,0 -123.289173,42.688298,0 -123.284212,42.688307,0 -123.279251,42.688317,0 -123.279246,42.684690,0 -123.279244,42.682876,0 -123.279241,42.681062,0 -123.281726,42.681069,0 -123.284210,42.681076,0 -123.289178,42.681089,0 -123.289176,42.684693,0</coordinates></LinearRing></outerBoundaryIs></Polygon></Placemark><Placemark><name>FRANDOR 5</name><description>lode | serial ORMC175113 | 9.183 ac | Active | qtr-sec OR 33 0330S 0050W 022 A SW | recorded~2021 (DB date, not legal located date) | src: BLM MLRS Not Closed | boundary approx (BLM quarter-section) | do not dig here (active claim)</description><styleUrl>#s0</styleUrl><Polygon><outerBoundaryIs><LinearRing><coordinates>-123.289176,42.684693,0 -123.289173,42.688298,0 -123.284212,42.688307,0 -123.279251,42.688317,0 -123.279246,42.684690,0 -123.279244,42.682876,0 -123.279241,42.681062,0 -123.281726,42.681069,0 -123.284210,42.681076,0 -123.289178,42.681089,0 -123.289176,42.684693,0</coordinates></LinearRing></outerBoundaryIs></Polygon></Placemark><Placemark><name>HORSESHOE LOAD EXT 3</name><description>lode | serial ORMC176896 | 20.66 ac | Active | qtr-sec OR 33 0330S 0050W 028 A NW | recorded~2021 (DB date, not legal located date) | src: BLM MLRS Not Closed | boundary approx (BLM quarter-section) | do not dig here (active claim)</description><styleUrl>#s0</styleUrl><Polygon><outerBoundaryIs><LinearRing><coordinates>-123.309023,42.681134,0 -123.306768,42.681120,0 -123.304025,42.681102,0 -123.301551,42.681086,0 -123.299027,42.681067,0 -123.299027,42.680000,0 -123.309030,42.680000,0 -123.309023,42.681134,0</coordinates></LinearRing></outerBoundaryIs></Polygon></Placemark><Placemark><name>HORSESHOE LOAD EXT 4</name><description>lode | serial ORMC176897 | 20.66 ac | Active | qtr-sec OR 33 0330S 0050W 028 A NW|OR 33 0330S 0050W 028 A NE | recorded~2021 (DB date, not legal located date) | src: BLM MLRS Not Closed | boundary approx (BLM quarter-section) | do not dig here (active claim)</description><styleUrl>#s0</styleUrl><Polygon><outerBoundaryIs><LinearRing><coordinates>-123.309023,42.681134,0 -123.306768,42.681120,0 -123.304025,42.681102,0 -123.301551,42.681086,0 -123.299027,42.681067,0 -123.294109,42.681073,0 -123.291436,42.681083,0 -123.289178,42.681089,0 -123.289178,42.680254,0 -123.289177,42.680000,0 -123.309030,42.680000,0 -123.309023,42.681134,0</coordinates></LinearRing></outerBoundaryIs></Polygon></Placemark><Placemark><name>HORSESHOE LOAD EXT 5</name><description>lode | serial ORMC176898 | 20.66 ac | Active | qtr-sec OR 33 0330S 0050W 028 A NW|OR 33 0330S 0050W 028 A NE | recorded~2021 (DB date, not legal located date) | src: BLM MLRS Not Closed | boundary approx (BLM quarter-section) | do not dig here (active claim)</description><styleUrl>#s0</styleUrl><Polygon><outerBoundaryIs><LinearRing><coordinates>-123.309023,42.681134,0 -123.306768,42.681120,0 -123.304025,42.681102,0 -123.301551,42.681086,0 -123.299027,42.681067,0 -123.294109,42.681073,0 -123.291436,42.681083,0 -123.289178,42.681089,0 -123.289178,42.680254,0 -123.289177,42.680000,0 -123.309030,42.680000,0 -123.309023,42.681134,0</coordinates></LinearRing></outerBoundaryIs></Polygon></Placemark><Placemark><name>HORSESHOE LOAD EXT 6</name><description>lode | serial ORMC176899 | 20.66 ac | Active | qtr-sec OR 33 0330S 0050W 028 A NW|OR 33 0330S 0050W 028 A NE | recorded~2021 (DB date, not legal located date) | src: BLM MLRS Not Closed | boundary approx (BLM quarter-section) | do not dig here (active claim)</description><styleUrl>#s0</styleUrl><Polygon><outerBoundaryIs><LinearRing><coordinates>-123.309023,42.681134,0 -123.306768,42.681120,0 -123.304025,42.681102,0 -123.301551,42.681086,0 -123.299027,42.681067,0 -123.294109,42.681073,0 -123.291436,42.681083,0 -123.289178,42.681089,0 -123.289178,42.680254,0 -123.289177,42.680000,0 -123.309030,42.680000,0 -123.309023,42.681134,0</coordinates></LinearRing></outerBoundaryIs></Polygon></Placemark><Placemark><name>HORSESHOE LOAD EXT 7</name><description>lode | serial ORMC176900 | 20.66 ac | Active | qtr-sec OR 33 0330S 0050W 028 A NW|OR 33 0330S 0050W 028 A SW | recorded~2021 (DB date, not legal located date) | src: BLM MLRS Not Closed | boundary approx (BLM quarter-section) | do not dig here (active claim)</description><styleUrl>#s0</styleUrl><Polygon><outerBoundaryIs><LinearRing><coordinates>-123.309023,42.681134,0 -123.306768,42.681120,0 -123.304025,42.681102,0 -123.301551,42.681086,0 -123.299027,42.681067,0 -123.299027,42.680000,0 -123.309030,42.680000,0 -123.309023,42.681134,0</coordinates></LinearRing></outerBoundaryIs></Polygon></Placemark><Placemark><name>HORSESHOE LOAD EXT 8</name><description>lode | serial ORMC176901 | 20.66 ac | Active | qtr-sec OR 33 0330S 0050W 028 A NW|OR 33 0330S 0050W 028 A NE|OR 33 0330S 0050W 028 A SW|OR 33 0330S 0050W 028 A SE | recorded~2021 (DB date, not legal located date) | src: BLM MLRS Not Closed | boundary approx (BLM quarter-section) | do not dig here (…</description><styleUrl>#s0</styleUrl><Polygon><outerBoundaryIs><LinearRing><coordinates>-123.309023,42.681134,0 -123.306768,42.681120,0 -123.304025,42.681102,0 -123.301551,42.681086,0 -123.299027,42.681067,0 -123.294109,42.681073,0 -123.291436,42.681083,0 -123.289178,42.681089,0 -123.289178,42.680254,0 -123.289177,42.680000,0 -123.309030,42.680000,0 -123.309023,42.681134,0</coordinates></LinearRing></outerBoundaryIs></Polygon></Placemark><Placemark><name>IOWA</name><description>lode | serial ORMC18189 | 20.66 ac | Active | qtr-sec OR 33 0330S 0080W 022 A SE|OR 33 0330S 0080W 023 A SW | recorded~2021 (DB date, not legal located date) | src: BLM MLRS Not Closed | boundary approx (BLM quarter-section) | do not dig here (active claim)</description><styleUrl>#s0</styleUrl><Polygon><outerBoundaryIs><LinearRing><coordinates>-123.631871,42.688324,0 -123.626948,42.688325,0 -123.622026,42.688325,0 -123.617116,42.688333,0 -123.612206,42.688341,0 -123.612207,42.684704,0 -123.612207,42.681067,0 -123.617119,42.681071,0 -123.622030,42.681075,0 -123.623363,42.681073,0 -123.626949,42.681068,0 -123.629551,42.681064,0 -123.631093,42.681061,0 -123.631869,42.681060,0 -123.632635,42.681059,0 -123.631869,42.681654,0 -123.631870,42.684692,0 -123.631871,42.688324,0</coordinates></LinearRing></outerBoundaryIs></Polygon></Placemark><Placemark><name>IDAHO</name><description>lode | serial ORMC18190 | 20.66 ac | Active | qtr-sec OR 33 0330S 0080W 022 A SE|OR 33 0330S 0080W 023 A SW|OR 33 0330S 0080W 026 A NW|OR 33 0330S 0080W 027 A NE | recorded~2021 (DB date, not legal located date) | src: BLM MLRS Not Closed | boundary approx (BLM quarter-section) | do not dig here (a…</description><styleUrl>#s0</styleUrl><Polygon><outerBoundaryIs><LinearRing><coordinates>-123.636794,42.681050,0 -123.632635,42.681059,0 -123.631869,42.681654,0 -123.631870,42.684692,0 -123.631871,42.688324,0 -123.626948,42.688325,0 -123.622026,42.688325,0 -123.617116,42.688333,0 -123.612206,42.688341,0 -123.612207,42.684704,0 -123.612207,42.681067,0 -123.612208,42.680000,0 -123.636795,42.680000,0 -123.636794,42.681050,0</coordinates></LinearRing></outerBoundaryIs><innerBoundaryIs><LinearRing><coordinates>-123.633116,42.680685,0 -123.631869,42.680497,0 -123.631869,42.681060,0 -123.632635,42.681059,0 -123.633116,42.680685,0</coordinates></LinearRing></innerBoundaryIs></Polygon></Placemark><Placemark><name>BERKELEY</name><description>lode | serial ORMC18191 | 20.66 ac | Active | qtr-sec OR 33 0330S 0080W 023 A SW | recorded~2021 (DB date, not legal located date) | src: BLM MLRS Not Closed | boundary approx (BLM quarter-section) | do not dig here (active claim)</description><styleUrl>#s0</styleUrl><Polygon><outerBoundaryIs><LinearRing><coordinates>-123.622030,42.681075,0 -123.622030,42.682108,0 -123.622029,42.682565,0 -123.622029,42.683303,0 -123.622028,42.684700,0 -123.622027,42.685695,0 -123.622027,42.686123,0 -123.622026,42.688325,0 -123.617116,42.688333,0 -123.612206,42.688341,0 -123.612207,42.684704,0 -123.612207,42.681067,0 -123.617119,42.681071,0 -123.622030,42.681075,0</coordinates></LinearRing></outerBoundaryIs></Polygon></Placemark><Placemark><name>POSER</name><description>lode | serial ORMC18192 | 20.66 ac | Active | qtr-sec OR 33 0330S 0080W 022 A SE|OR 33 0330S 0080W 023 A NW|OR 33 0330S 0080W 023 A SW | recorded~2021 (DB date, not legal located date) | src: BLM MLRS Not Closed | boundary approx (BLM quarter-section) | do not dig here (active claim)</description><styleUrl>#s0</styleUrl><Polygon><outerBoundaryIs><LinearRing><coordinates>-123.631871,42.688324,0 -123.626948,42.688325,0 -123.622026,42.688325,0 -123.622023,42.691964,0 -123.622020,42.695604,0 -123.617112,42.695617,0 -123.612205,42.695630,0 -123.612205,42.691985,0 -123.612206,42.688341,0 -123.612207,42.684704,0 -123.612207,42.681067,0 -123.617119,42.681071,0 -123.622030,42.681075,0 -123.623363,42.681073,0 -123.626949,42.681068,0 -123.629551,42.681064,0 -123.631093,42.681061,0 -123.631869,42.681060,0 -123.632635,42.681059,0 -123.631869,42.681654,0 -123.631870,42.684692,0 -123.631871,42.688324,0</coordinates></LinearRing></outerBoundaryIs></Polygon></Placemark><Placemark><name>CONFIDENCE</name><description>lode | serial ORMC18193 | 20.66 ac | Active | qtr-sec OR 33 0330S 0080W 023 A NW|OR 33 0330S 0080W 023 A SW | recorded~2021 (DB date, not legal located date) | src: BLM MLRS Not Closed | boundary approx (BLM quarter-section) | do not dig here (active claim)</description><styleUrl>#s0</styleUrl><Polygon><outerBoundaryIs><LinearRing><coordinates>-123.622030,42.681075,0 -123.622030,42.682108,0 -123.622029,42.682565,0 -123.622029,42.683303,0 -123.622028,42.684700,0 -123.622027,42.685695,0 -123.622027,42.686123,0 -123.622026,42.688325,0 -123.622023,42.691964,0 -123.622020,42.695604,0 -123.617112,42.695617,0 -123.612205,42.695630,0 -123.612205,42.691985,0 -123.612206,42.688341,0 -123.612207,42.684704,0 -123.612207,42.681067,0 -123.617119,42.681071,0 -123.622030,42.681075,0</coordinates></LinearRing></outerBoundaryIs></Polygon></Placemark><Placemark><name>WASHINGTON</name><description>lode | serial ORMC18194 | 20.66 ac | Active | qtr-sec OR 33 0330S 0080W 027 A NW|OR 33 0330S 0080W 027 A SW | recorded~2021 (DB date, not legal located date) | src: BLM MLRS Not Closed | boundary approx (BLM quarter-section) | do not dig here (active claim)</description><styleUrl>#s0</styleUrl><Polygon><outerBoundaryIs><LinearRing><coordinates>-123.641720,42.681040,0 -123.636794,42.681050,0 -123.636795,42.680000,0 -123.641720,42.680000,0 -123.641720,42.681040,0</coordinates></LinearRing></outerBoundaryIs></Polygon></Placemark><Placemark><name>MONTANA</name><description>lode | serial ORMC18195 | 20.66 ac | Active | qtr-sec OR 33 0330S 0080W 027 A NW|OR 33 0330S 0080W 027 A NE | recorded~2021 (DB date, not legal located date) | src: BLM MLRS Not Closed | boundary approx (BLM quarter-section) | do not dig here (active claim)</description><styleUrl>#s0</styleUrl><Polygon><outerBoundaryIs><LinearRing><coordinates>-123.641720,42.681040,0 -123.636794,42.681050,0 -123.632635,42.681059,0 -123.631869,42.681060,0 -123.631093,42.681061,0 -123.629551,42.681064,0 -123.626949,42.681068,0 -123.623363,42.681073,0 -123.622030,42.681075,0 -123.622032,42.680000,0 -123.641720,42.680000,0 -123.641720,42.681040,0</coordinates></LinearRing></outerBoundaryIs></Polygon></Placemark><Placemark><name>COLORADO</name><description>lode | serial ORMC18196 | 20.66 ac | Active | qtr-sec OR 33 0330S 0080W 027 A NE|OR 33 0330S 0080W 027 A SE | recorded~2021 (DB date, not legal located date) | src: BLM MLRS Not Closed | boundary approx (BLM quarter-section) | do not dig here (active claim)</description><styleUrl>#s0</styleUrl><Polygon><outerBoundaryIs><LinearRing><coordinates>-123.636794,42.681050,0 -123.632635,42.681059,0 -123.633116,42.680685,0 -123.631869,42.680497,0 -123.631869,42.681060,0 -123.631093,42.681061,0 -123.629551,42.681064,0 -123.626949,42.681068,0 -123.623363,42.681073,0 -123.622030,42.681075,0 -123.622032,42.680000,0 -123.636795,42.680000,0 -123.636794,42.681050,0</coordinates></LinearRing></outerBoundaryIs></Polygon></Placemark><Placemark><name>NEVADA</name><description>lode | serial ORMC18197 | 20.66 ac | Active | qtr-sec OR 33 0330S 0080W 027 A NE | recorded~2021 (DB date, not legal located date) | src: BLM MLRS Not Closed | boundary approx (BLM quarter-section) | do not dig here (active claim)</description><styleUrl>#s0</styleUrl><Polygon><outerBoundaryIs><LinearRing><coordinates>-123.636794,42.681050,0 -123.632635,42.681059,0 -123.633116,42.680685,0 -123.631869,42.680497,0 -123.631869,42.681060,0 -123.631093,42.681061,0 -123.629551,42.681064,0 -123.626949,42.681068,0 -123.623363,42.681073,0 -123.622030,42.681075,0 -123.622032,42.680000,0 -123.636795,42.680000,0 -123.636794,42.681050,0</coordinates></LinearRing></outerBoundaryIs></Polygon></Placemark><Placemark><name>HAZEL</name><description>lode | serial ORMC18198 | 20.66 ac | Active | qtr-sec OR 33 0330S 0080W 023 A SW|OR 33 0330S 0080W 026 A NW|OR 33 0330S 0080W 027 A NE | recorded~2021 (DB date, not legal located date) | src: BLM MLRS Not Closed | boundary approx (BLM quarter-section) | do not dig here (active claim)</description><styleUrl>#s0</styleUrl><Polygon><outerBoundaryIs><LinearRing><coordinates>-123.636794,42.681050,0 -123.632635,42.681059,0 -123.633116,42.680685,0 -123.631869,42.680497,0 -123.631869,42.681060,0 -123.631093,42.681061,0 -123.629551,42.681064,0 -123.626949,42.681068,0 -123.623363,42.681073,0 -123.622030,42.681075,0 -123.622030,42.682108,0 -123.622029,42.682565,0 -123.622029,42.683303,0 -123.622028,42.684700,0 -123.622027,42.685695,0 -123.622027,42.686123,0 -123.622026,42.688325,0 -123.617116,42.688333,0 -123.612206,42.688341,0 -123.612207,42.684704,0 -123.612207,42.681067,0 -123.612208,42.680000,0 -123.636795,42.680000,0 -123.636794,42.681050,0</coordinates></LinearRing></outerBoundaryIs></Polygon></Placemark><Placemark><name>DAWN</name><description>lode | serial ORMC18199 | 20.66 ac | Active | qtr-sec OR 33 0330S 0080W 027 A NE | recorded~2021 (DB date, not legal located date) | src: BLM MLRS Not Closed | boundary approx (BLM quarter-section) | do not dig here (active claim)</description><styleUrl>#s0</styleUrl><Polygon><outerBoundaryIs><LinearRing><coordinates>-123.636794,42.681050,0 -123.632635,42.681059,0 -123.633116,42.680685,0 -123.631869,42.680497,0 -123.631869,42.681060,0 -123.631093,42.681061,0 -123.629551,42.681064,0 -123.626949,42.681068,0 -123.623363,42.681073,0 -123.622030,42.681075,0 -123.622032,42.680000,0 -123.636795,42.680000,0 -123.636794,42.681050,0</coordinates></LinearRing></outerBoundaryIs></Polygon></Placemark><Placemark><name>MARYLAND</name><description>lode | serial ORMC18200 | 20.66 ac | Active | qtr-sec OR 33 0330S 0080W 023 A SW | recorded~2021 (DB date, not legal located date) | src: BLM MLRS Not Closed | boundary approx (BLM quarter-section) | do not dig here (active claim)</description><styleUrl>#s0</styleUrl><Polygon><outerBoundaryIs><LinearRing><coordinates>-123.622030,42.681075,0 -123.622030,42.682108,0 -123.622029,42.682565,0 -123.622029,42.683303,0 -123.622028,42.684700,0 -123.622027,42.685695,0 -123.622027,42.686123,0 -123.622026,42.688325,0 -123.617116,42.688333,0 -123.612206,42.688341,0 -123.612207,42.684704,0 -123.612207,42.681067,0 -123.617119,42.681071,0 -123.622030,42.681075,0</coordinates></LinearRing></outerBoundaryIs></Polygon></Placemark><Placemark><name>HIGH ORE</name><description>lode | serial ORMC18201 | 20.66 ac | Active | qtr-sec OR 33 0330S 0080W 027 A NE|OR 33 0330S 0080W 027 A SE | recorded~2021 (DB date, not legal located date) | src: BLM MLRS Not Closed | boundary approx (BLM quarter-section) | do not dig here (active claim)</description><styleUrl>#s0</styleUrl><Polygon><outerBoundaryIs><LinearRing><coordinates>-123.636794,42.681050,0 -123.632635,42.681059,0 -123.633116,42.680685,0 -123.631869,42.680497,0 -123.631869,42.681060,0 -123.631093,42.681061,0 -123.629551,42.681064,0 -123.626949,42.681068,0 -123.623363,42.681073,0 -123.622030,42.681075,0 -123.622032,42.680000,0 -123.636795,42.680000,0 -123.636794,42.681050,0</coordinates></LinearRing></outerBoundaryIs></Polygon></Placemark><Placemark><name>UTAH</name><description>lode | serial ORMC18202 | 20.66 ac | Active | qtr-sec OR 33 0330S 0080W 027 A NW | recorded~2021 (DB date, not legal located date) | src: BLM MLRS Not Closed | boundary approx (BLM quarter-section) | do not dig here (active claim)</description><styleUrl>#s0</styleUrl><Polygon><outerBoundaryIs><LinearRing><coordinates>-123.641720,42.681040,0 -123.636794,42.681050,0 -123.636795,42.680000,0 -123.641720,42.680000,0 -123.641720,42.681040,0</coordinates></LinearRing></outerBoundaryIs></Polygon></Placemark><Placemark><name>HARD TIMES 1 SOUTH</name><description>lode | serial ORMC2386 | 20.66 ac | Active | qtr-sec OR 33 0330S 0050W 012 A NE|OR 33 0330S 0050W 012 A NW|OR 33 0330S 0050W 012 A SW|OR 33 0330S 0050W 012 A SE | recorded~2021 (DB date, not legal located date) | src: BLM MLRS Not Closed | boundary approx (BLM quarter-section) | do not dig here (ac…</description><styleUrl>#s0</styleUrl><Polygon><outerBoundaryIs><LinearRing><coordinates>-123.249310,42.717023,0 -123.249328,42.720718,0 -123.249345,42.724412,0 -123.243852,42.724408,0 -123.238358,42.724404,0 -123.233388,42.724353,0 -123.228419,42.724303,0 -123.228726,42.720718,0 -123.229034,42.717132,0 -123.229341,42.713547,0 -123.229649,42.709961,0 -123.234509,42.709933,0 -123.239370,42.709905,0 -123.244329,42.709838,0 -123.249289,42.709771,0 -123.249299,42.713397,0 -123.249310,42.717023,0</coordinates></LinearRing></outerBoundaryIs></Polygon></Placemark><Placemark><name>HARD TIMES 2 SOUTH</name><description>lode | serial ORMC2388 | 20.66 ac | Active | qtr-sec OR 33 0330S 0050W 012 A SW|OR 33 0330S 0050W 012 A SE | recorded~2021 (DB date, not legal located date) | src: BLM MLRS Not Closed | boundary approx (BLM quarter-section) | do not dig here (active claim)</description><styleUrl>#s0</styleUrl><Polygon><outerBoundaryIs><LinearRing><coordinates>-123.249310,42.717023,0 -123.244097,42.717046,0 -123.243619,42.717049,0 -123.238883,42.717068,0 -123.233959,42.717100,0 -123.229034,42.717132,0 -123.229341,42.713547,0 -123.229649,42.709961,0 -123.234509,42.709933,0 -123.239370,42.709905,0 -123.244329,42.709838,0 -123.249289,42.709771,0 -123.249299,42.713397,0 -123.249310,42.717023,0</coordinates></LinearRing></outerBoundaryIs></Polygon></Placemark><Placemark><name>FORGET ME NOT 4</name><description>lode | serial ORMC26076 | 20.66 ac | Active | qtr-sec OR 33 0330S 0050W 001 A SE | recorded~2021 (DB date, not legal located date) | src: BLM MLRS Not Closed | boundary approx (BLM quarter-section) | do not dig here (active claim)</description><styleUrl>#s0</styleUrl><Polygon><outerBoundaryIs><LinearRing><coordinates>-123.238358,42.724404,0 -123.238453,42.727980,0 -123.238549,42.731557,0 -123.233550,42.731550,0 -123.228552,42.731543,0 -123.228485,42.727923,0 -123.228419,42.724303,0 -123.233388,42.724353,0 -123.238358,42.724404,0</coordinates></LinearRing></outerBoundaryIs></Polygon></Placemark><Placemark><name>HARD TIMES</name><description>lode | serial ORMC55661 | 19.29 ac | Active | qtr-sec OR 33 0330S 0050W 012 A NW|OR 33 0330S 0050W 012 A NE | recorded~2021 (DB date, not legal located date) | src: BLM MLRS Not Closed | boundary approx (BLM quarter-section) | do not dig here (active claim)</description><styleUrl>#s0</styleUrl><Polygon><outerBoundaryIs><LinearRing><coordinates>-123.249310,42.717023,0 -123.249328,42.720718,0 -123.249345,42.724412,0 -123.243852,42.724408,0 -123.238358,42.724404,0 -123.233388,42.724353,0 -123.228419,42.724303,0 -123.228726,42.720718,0 -123.229034,42.717132,0 -123.233959,42.717100,0 -123.238883,42.717068,0 -123.244097,42.717046,0 -123.249310,42.717023,0</coordinates></LinearRing></outerBoundaryIs></Polygon></Placemark><Placemark><name>KANSAS JAYHAWK</name><description>lode | serial ORMC63648 | 20.66 ac | Active | qtr-sec OR 33 0330S 0080W 022 A SE|OR 33 0330S 0080W 027 A NE | recorded~2021 (DB date, not legal located date) | src: BLM MLRS Not Closed | boundary approx (BLM quarter-section) | do not dig here (active claim)</description><styleUrl>#s0</styleUrl><Polygon><outerBoundaryIs><LinearRing><coordinates>-123.636794,42.681050,0 -123.632635,42.681059,0 -123.631869,42.681654,0 -123.631870,42.684692,0 -123.631871,42.688324,0 -123.626948,42.688325,0 -123.622026,42.688325,0 -123.622027,42.686123,0 -123.622027,42.685695,0 -123.622028,42.684700,0 -123.622029,42.683303,0 -123.622029,42.682565,0 -123.622030,42.682108,0 -123.622030,42.681075,0 -123.622032,42.680000,0 -123.636795,42.680000,0 -123.636794,42.681050,0</coordinates></LinearRing></outerBoundaryIs><innerBoundaryIs><LinearRing><coordinates>-123.633116,42.680685,0 -123.631869,42.680497,0 -123.631869,42.681060,0 -123.632635,42.681059,0 -123.633116,42.680685,0</coordinates></LinearRing></innerBoundaryIs></Polygon></Placemark><Placemark><name>Oro Grande Two</name><description>lode | serial OR105805592 | 20.66 ac | Active | qtr-sec OR 33 0330S 0050W 027 A Government Lot 2|OR 33 0330S 0050W 027 A SESW|OR 33 0330S 0050W 027 A Government Lot 1|OR 33 0330S 0050W 027 A SW|OR 33 0330S 0050W 027 A SW|OR 33 0330S 0050W 027 A NESW|OR 33 0330S 0050W 027 A SW | recorded~2023 (DB da…</description><styleUrl>#s0</styleUrl><Polygon><outerBoundaryIs><LinearRing><coordinates>-123.289178,42.680254,0 -123.289178,42.681089,0 -123.284210,42.681076,0 -123.281726,42.681069,0 -123.279241,42.681062,0 -123.276757,42.681056,0 -123.274273,42.681049,0 -123.269305,42.681036,0 -123.269314,42.680000,0 -123.289177,42.680000,0 -123.289178,42.680254,0</coordinates></LinearRing></outerBoundaryIs></Polygon></Placemark><Placemark><name>Tibbet Springs</name><description>lode | serial OR106361899 | 20.66115702 ac | Active | qtr-sec OR 33 0330S 0080W 012 A SWNE1/4 | recorded~2024 (DB date, not legal located date) | src: BLM MLRS Not Closed | boundary approx (BLM quarter-section) | do not dig here (active claim)</description><styleUrl>#s0</styleUrl><Polygon><outerBoundaryIs><LinearRing><coordinates>-123.582263,42.710424,0 -123.582267,42.710058,0 -123.587632,42.710074,0 -123.592547,42.710088,0 -123.597466,42.710103,0 -123.602386,42.710118,0 -123.602386,42.713731,0 -123.602386,42.717344,0 -123.602386,42.720958,0 -123.602386,42.724571,0 -123.597457,42.724565,0 -123.592528,42.724559,0 -123.587607,42.724548,0 -123.582031,42.724535,0 -123.582105,42.721290,0 -123.582114,42.720917,0 -123.582187,42.717671,0 -123.582191,42.717298,0 -123.582225,42.714048,0 -123.582229,42.713679,0 -123.582263,42.710424,0</coordinates></LinearRing></outerBoundaryIs></Polygon></Placemark><Placemark><name>LOTSA GOLD</name><description>placer | serial OR105224619 | 20.0 ac | Active | qtr-sec OR 33 0310S 0070W 033 A SWNW|OR 33 0310S 0070W 033 A SWNW|OR 33 0310S 0070W 033 A SWNE|OR 33 0310S 0070W 033 A NENE|OR 33 0310S 0070W 033 A SENE|OR 33 0310S 0070W 033 A NWNE|OR 33 0310S 0070W 033 A NENE|OR 33 0310S 0070W 033 A SENE|OR 33 0310…</description><styleUrl>#s0</styleUrl><Polygon><outerBoundaryIs><LinearRing><coordinates>-123.535782,42.840329,0 -123.530821,42.840360,0 -123.528340,42.840376,0 -123.525859,42.840391,0 -123.525874,42.838616,0 -123.525888,42.836841,0 -123.525903,42.835066,0 -123.525917,42.833290,0 -123.528321,42.833276,0 -123.530724,42.833262,0 -123.535531,42.833233,0 -123.535656,42.836781,0 -123.540642,42.836775,0 -123.540691,42.840347,0 -123.535782,42.840329,0</coordinates></LinearRing></outerBoundaryIs></Polygon></Placemark><Placemark><name>New Beginnings</name><description>placer | serial OR105226487 | 20.0 ac | Active | qtr-sec OR 33 0310S 0070W 033 A SWNE | recorded~2021 (DB date, not legal located date) | src: BLM MLRS Not Closed | boundary approx (BLM quarter-section) | do not dig here (active claim)</description><styleUrl>#s0</styleUrl><Polygon><outerBoundaryIs><LinearRing><coordinates>-123.535531,42.833233,0 -123.535656,42.836781,0 -123.530772,42.836811,0 -123.530748,42.835037,0 -123.530724,42.833262,0 -123.535531,42.833233,0</coordinates></LinearRing></outerBoundaryIs></Polygon></Placemark><Placemark><name>West Fork Diggins</name><description>placer | serial OR105229048 | 18.84 ac | Active | qtr-sec OR 33 0320S 0080W 009 A NW | recorded~2021 (DB date, not legal located date) | src: BLM MLRS Not Closed | boundary approx (BLM quarter-section) | do not dig here (active claim)</description><styleUrl>#s0</styleUrl><Polygon><outerBoundaryIs><LinearRing><coordinates>-123.661115,42.810824,0 -123.656297,42.810844,0 -123.651480,42.810866,0 -123.651440,42.807374,0 -123.651400,42.803883,0 -123.656185,42.803851,0 -123.660970,42.803819,0 -123.661042,42.807322,0 -123.661115,42.810824,0</coordinates></LinearRing></outerBoundaryIs></Polygon></Placemark><Placemark><name>Golden Middle2</name><description>placer | serial OR105261178 | 40.0 ac | Under Review | qtr-sec OR 33 0310S 0060W 029 NWSW | recorded~2021 (DB date, not legal located date) | src: BLM MLRS Not Closed | boundary approx (BLM quarter-section) | do not dig here (active claim)</description><styleUrl>#s0</styleUrl><Polygon><outerBoundaryIs><LinearRing><coordinates>-123.442300,42.846562,0 -123.442289,42.844672,0 -123.447287,42.844775,0 -123.447531,42.848619,0 -123.442312,42.848450,0 -123.442300,42.846562,0</coordinates></LinearRing></outerBoundaryIs></Polygon></Placemark><Placemark><name>Golden Bell One</name><description>placer | serial OR105277543 | 20.0 ac | Active | qtr-sec OR 33 0310S 0070W 033 A SWNW|OR 33 0310S 0070W 033 A SENW|OR 33 0310S 0070W 033 A NENW|OR 33 0310S 0070W 033 A NWNW | recorded~2021 (DB date, not legal located date) | src: BLM MLRS Not Closed | boundary approx (BLM quarter-section) | do not …</description><styleUrl>#s0</styleUrl><Polygon><outerBoundaryIs><LinearRing><coordinates>-123.545655,42.833173,0 -123.545627,42.836769,0 -123.545599,42.840365,0 -123.540691,42.840347,0 -123.535782,42.840329,0 -123.535656,42.836781,0 -123.535531,42.833233,0 -123.540593,42.833203,0 -123.545655,42.833173,0</coordinates></LinearRing></outerBoundaryIs></Polygon></Placemark><Placemark><name>Boulder Creek</name><description>placer | serial OR105285895 | 20.0 ac | Active | qtr-sec OR 33 0300S 0080W 019 A SW | recorded~2021 (DB date, not legal located date) | src: BLM MLRS Not Closed | boundary approx (BLM quarter-section) | do not dig here (active claim)</description><styleUrl>#s0</styleUrl><Polygon><outerBoundaryIs><LinearRing><coordinates>-123.696166,42.945643,0 -123.691863,42.945705,0 -123.691828,42.942090,0 -123.691795,42.938471,0 -123.696094,42.938402,0 -123.700000,42.938339,0 -123.700000,42.945588,0 -123.696166,42.945643,0</coordinates></LinearRing></outerBoundaryIs></Polygon></Placemark><Placemark><name>Cow Creek Gold</name><description>placer | serial OR105288749 | 20.0 ac | Active | qtr-sec OR 33 0320S 0070W 020 A NWSW | recorded~2022 (DB date, not legal located date) | src: BLM MLRS Not Closed | boundary approx (BLM quarter-section) | do not dig here (active claim)</description><styleUrl>#s0</styleUrl><Polygon><outerBoundaryIs><LinearRing><coordinates>-123.559015,42.771996,0 -123.563722,42.772068,0 -123.563622,42.775575,0 -123.559034,42.775535,0 -123.559015,42.771996,0</coordinates></LinearRing></outerBoundaryIs></Polygon></Placemark><Placemark><name>Bull Run 3</name><description>placer | serial OR105766216 | 20.0 ac | Active | qtr-sec OR 33 0320S 0050W 025 A NWNE|OR 33 0320S 0050W 025 A SENE|OR 33 0320S 0050W 025 A SWNE|OR 33 0320S 0050W 025 A NENE | recorded~2022 (DB date, not legal located date) | src: BLM MLRS Not Closed | boundary approx (BLM quarter-section) | do not …</description><styleUrl>#s0</styleUrl><Polygon><outerBoundaryIs><LinearRing><coordinates>-123.237670,42.760914,0 -123.237916,42.764435,0 -123.238162,42.767956,0 -123.233377,42.768058,0 -123.228591,42.768160,0 -123.228600,42.767462,0 -123.228601,42.766681,0 -123.228604,42.764515,0 -123.228607,42.763058,0 -123.228611,42.760870,0 -123.233140,42.760892,0 -123.237670,42.760914,0</coordinates></LinearRing></outerBoundaryIs></Polygon></Placemark><Placemark><name>Golden Cowbell</name><description>placer | serial OR105792921 | 37.28 ac | Active | qtr-sec OR 33 0320S 0080W 002 A S2SENW | recorded~2022 (DB date, not legal located date) | src: BLM MLRS Not Closed | boundary approx (BLM quarter-section) | do not dig here (active claim)</description><styleUrl>#s0</styleUrl><Polygon><outerBoundaryIs><LinearRing><coordinates>-123.615026,42.819744,0 -123.612653,42.819765,0 -123.612681,42.818020,0 -123.615060,42.818003,0 -123.617440,42.817987,0 -123.617400,42.819723,0 -123.615026,42.819744,0</coordinates></LinearRing></outerBoundaryIs></Polygon></Placemark><Placemark><name>Grave Creek 1</name><description>placer | serial OR105799865 | 20.0 ac | Active | qtr-sec OR 33 0330S 0040W 015 A SW|OR 33 0330S 0040W 015 A Remainder Aliquot Part NWNWSW|OR 33 0330S 0040W 015 A NESW|OR 33 0330S 0040W 015 A SESW|OR 33 0330S 0040W 015 A Remainder Aliquot Part NENWSW|OR 33 0330S 0040W 015 A Remainder Aliquot Part SW…</description><styleUrl>#s0</styleUrl><Polygon><outerBoundaryIs><LinearRing><coordinates>-123.160929,42.695471,0 -123.165779,42.695492,0 -123.170629,42.695512,0 -123.170631,42.699147,0 -123.170632,42.700964,0 -123.170634,42.702781,0 -123.168197,42.702772,0 -123.165760,42.702762,0 -123.160886,42.702742,0 -123.160907,42.699107,0 -123.160929,42.695471,0</coordinates></LinearRing></outerBoundaryIs></Polygon></Placemark><Placemark><name>Middle Creek 1</name><description>placer | serial OR105799866 | 20.0 ac | Active | qtr-sec OR 33 0310S 0060W 029 A SESE|OR 33 0310S 0060W 029 A NWSE|OR 33 0310S 0060W 029 A NESE|OR 33 0310S 0060W 029 A SWSE|OR 33 0310S 0060W 029 A SE | recorded~2022 (DB date, not legal located date) | src: BLM MLRS Not Closed | boundary approx (BLM…</description><styleUrl>#s0</styleUrl><Polygon><outerBoundaryIs><LinearRing><coordinates>-123.426992,42.840800,0 -123.432240,42.840829,0 -123.437489,42.840859,0 -123.437291,42.844570,0 -123.437191,42.846427,0 -123.437093,42.848280,0 -123.432007,42.848115,0 -123.426922,42.847950,0 -123.426957,42.844375,0 -123.426992,42.840800,0</coordinates></LinearRing></outerBoundaryIs></Polygon></Placemark><Placemark><name>Tami's Treasure</name><description>placer | serial OR105803753 | 160.0 ac | Active | qtr-sec OR 33 0310S 0070W 031 A SE | recorded~2022 (DB date, not legal located date) | src: BLM MLRS Not Closed | boundary approx (BLM quarter-section) | do not dig here (active claim)</description><styleUrl>#s0</styleUrl><Polygon><outerBoundaryIs><LinearRing><coordinates>-123.574496,42.832632,0 -123.572182,42.832697,0 -123.569868,42.832762,0 -123.565240,42.832893,0 -123.565023,42.829050,0 -123.564807,42.825207,0 -123.569614,42.825148,0 -123.574422,42.825089,0 -123.574459,42.828861,0 -123.574496,42.832632,0</coordinates></LinearRing></outerBoundaryIs></Polygon></Placemark><Placemark><name>CC 2</name><description>placer | serial OR105803751 | 20.0 ac | Active | qtr-sec OR 33 0320S 0080W 009 A NE | recorded~2022 (DB date, not legal located date) | src: BLM MLRS Not Closed | boundary approx (BLM quarter-section) | do not dig here (active claim)</description><styleUrl>#s0</styleUrl><Polygon><outerBoundaryIs><LinearRing><coordinates>-123.651400,42.803883,0 -123.651440,42.807374,0 -123.651480,42.810866,0 -123.646663,42.810890,0 -123.641846,42.810914,0 -123.641839,42.807430,0 -123.641832,42.803946,0 -123.646616,42.803914,0 -123.651400,42.803883,0</coordinates></LinearRing></outerBoundaryIs></Polygon></Placemark><Placemark><name>Gold Rattler</name><description>placer | serial OR105817361 | 20.0 ac | Active | qtr-sec OR 33 0330S 0050W 009 A SE|OR 33 0330S 0050W 009 A NESE|OR 33 0330S 0050W 009 A NWSE|OR 33 0330S 0050W 009 A SESE|OR 33 0330S 0050W 009 A SWSE | recorded~2023 (DB date, not legal located date) | src: BLM MLRS Not Closed | boundary approx (BLM…</description><styleUrl>#s0</styleUrl><Polygon><outerBoundaryIs><LinearRing><coordinates>-123.289045,42.710020,0 -123.294095,42.710020,0 -123.299146,42.710020,0 -123.299057,42.713710,0 -123.299013,42.715560,0 -123.298969,42.717400,0 -123.294009,42.717390,0 -123.289050,42.717380,0 -123.289050,42.716460,0 -123.289048,42.713700,0 -123.289045,42.710020,0</coordinates></LinearRing></outerBoundaryIs></Polygon></Placemark><Placemark><name>Middle Creek 2</name><description>placer | serial OR105817469 | 20.0 ac | Active | qtr-sec OR 33 0310S 0060W 029 A SESENW|OR 33 0310S 0060W 029 A NWNE|OR 33 0310S 0060W 029 A NENE|OR 33 0310S 0060W 029 A NESENW|OR 33 0310S 0060W 029 A SENE|OR 33 0310S 0060W 029 A NWNW|OR 33 0310S 0060W 029 A NENW|OR 33 0310S 0060W 029 A SWNW|OR 33 …</description><styleUrl>#s0</styleUrl><Polygon><outerBoundaryIs><LinearRing><coordinates>-123.437489,42.840859,0 -123.442266,42.840895,0 -123.447043,42.840930,0 -123.447287,42.844775,0 -123.447531,42.848619,0 -123.447657,42.852125,0 -123.447782,42.855632,0 -123.442249,42.855486,0 -123.436715,42.855341,0 -123.431810,42.855266,0 -123.426905,42.855191,0 -123.426913,42.851570,0 -123.426922,42.847950,0 -123.426957,42.844375,0 -123.426992,42.840800,0 -123.432240,42.840829,0 -123.437489,42.840859,0</coordinates></LinearRing></outerBoundaryIs></Polygon></Placemark><Placemark><name>Echo Hill</name><description>placer | serial OR105818886 | 40.0 ac | Active | qtr-sec OR 33 0330S 0050W 026 A SWNW|OR 33 0330S 0050W 026 A NENW|OR 33 0330S 0050W 026 A NWNW|OR 33 0330S 0050W 026 A SENW|OR 33 0330S 0050W 026 A NW | recorded~2023 (DB date, not legal located date) | src: BLM MLRS Not Closed | boundary approx (BLM…</description><styleUrl>#s0</styleUrl><Polygon><outerBoundaryIs><LinearRing><coordinates>-123.269305,42.681036,0 -123.264212,42.680880,0 -123.259118,42.680724,0 -123.259129,42.680000,0 -123.269314,42.680000,0 -123.269305,42.681036,0</coordinates></LinearRing></outerBoundaryIs></Polygon></Placemark><Placemark><name>Underfed</name><description>placer | serial OR105818893 | 20.0 ac | Active | qtr-sec OR 33 0320S 0040W 029 A SWNE|OR 33 0320S 0040W 029 A NWNE|OR 33 0320S 0040W 029 A SWNE|OR 33 0320S 0040W 029 A NENE|OR 33 0320S 0040W 029 A SENE|OR 33 0320S 0040W 029 A NWNE|OR 33 0320S 0040W 029 A NE | recorded~2023 (DB date, not legal locat…</description><styleUrl>#s0</styleUrl><Polygon><outerBoundaryIs><LinearRing><coordinates>-123.201518,42.763136,0 -123.201545,42.764955,0 -123.201562,42.766773,0 -123.201578,42.768591,0 -123.201577,42.770408,0 -123.199149,42.770432,0 -123.199127,42.770432,0 -123.196692,42.770454,0 -123.196668,42.770455,0 -123.194223,42.770478,0 -123.191750,42.770500,0 -123.191741,42.768675,0 -123.191736,42.766844,0 -123.191720,42.765015,0 -123.191696,42.763186,0 -123.196617,42.763162,0 -123.199073,42.763149,0 -123.201518,42.763136,0</coordinates></LinearRing></outerBoundaryIs></Polygon></Placemark><Placemark><name>Captain Gold Stone</name><description>placer | serial OR105820412 | 20.0 ac | Active | qtr-sec OR 33 0320S 0070W 018 A NESE|OR 33 0320S 0070W 018 A SENW|OR 33 0320S 0070W 018 A NENE|OR 33 0320S 0070W 018 A SWNE|OR 33 0320S 0070W 018 A NWSE|OR 33 0320S 0070W 019 A SENW|OR 33 0320S 0070W 019 A NENW|OR 33 0320S 0070W 019 A NENW|OR 33 0320…</description><styleUrl>#s0</styleUrl><Polygon><outerBoundaryIs><LinearRing><coordinates>-123.583790,42.779210,0 -123.583790,42.779212,0 -123.584131,42.782731,0 -123.584133,42.782748,0 -123.584173,42.786233,0 -123.584196,42.789739,0 -123.584220,42.793244,0 -123.584243,42.796750,0 -123.578558,42.796637,0 -123.573447,42.796545,0 -123.568534,42.796589,0 -123.563609,42.796629,0 -123.563695,42.793134,0 -123.563780,42.789639,0 -123.563866,42.786144,0 -123.563951,42.782649,0 -123.563918,42.779121,0 -123.563622,42.775575,0 -123.563722,42.772068,0 -123.563823,42.768562,0 -123.568658,42.768543,0 -123.571075,42.768533,0 -123.573493,42.768524,0 -123.575910,42.768515,0 -123.578327,42.768505,0 -123.583428,42.768485,0 -123.583428,42.768488,0 -123.583439,42.772081,0 -123.583439,42.772084,0 -123.583450,42.775677,0 -123.583790,42.779210,0</coordinates></LinearRing></outerBoundaryIs></Polygon></Placemark><Placemark><name>Holy Cow I</name><description>placer | serial OR105820413 | 20.0 ac | Active | qtr-sec OR 33 0320S 0070W 019 A NW|OR 33 0320S 0070W 019 A SENW|OR 33 0320S 0070W 019 A NENW|OR 33 0320S 0070W 019 A NENW|OR 33 0320S 0070W 019 A Government Lot 1|OR 33 0320S 0070W 019 A Government Lot 2 | recorded~2023 (DB date, not legal located da…</description><styleUrl>#s0</styleUrl><Polygon><outerBoundaryIs><LinearRing><coordinates>-123.575910,42.768515,0 -123.578327,42.768505,0 -123.583428,42.768485,0 -123.583428,42.768488,0 -123.583439,42.772081,0 -123.583439,42.772084,0 -123.583450,42.775677,0 -123.583790,42.779210,0 -123.583790,42.779212,0 -123.584131,42.782731,0 -123.584133,42.782748,0 -123.578877,42.782733,0 -123.576142,42.782708,0 -123.573615,42.782721,0 -123.568777,42.782675,0 -123.563951,42.782649,0 -123.563918,42.779121,0 -123.563622,42.775575,0 -123.563722,42.772068,0 -123.563823,42.768562,0 -123.568658,42.768543,0 -123.571075,42.768533,0 -123.573493,42.768524,0 -123.575910,42.768515,0</coordinates></LinearRing></outerBoundaryIs></Polygon></Placemark><Placemark><name>Holy Cow II</name><description>placer | serial OR105820414 | 20.0 ac | Active | qtr-sec OR 33 0320S 0070W 019 A SW|OR 33 0320S 0070W 019 A NENESW|OR 33 0320S 0070W 019 A Government Lot 4|OR 33 0320S 0070W 019 A SWNESW|OR 33 0320S 0070W 019 A SENESW|OR 33 0320S 0070W 019 A SESW|OR 33 0320S 0070W 019 A NWNESW|OR 33 0320S 0070W 019…</description><styleUrl>#s0</styleUrl><Polygon><outerBoundaryIs><LinearRing><coordinates>-123.575910,42.768515,0 -123.578327,42.768505,0 -123.583428,42.768485,0 -123.583428,42.768488,0 -123.583439,42.772081,0 -123.583439,42.772084,0 -123.583450,42.775677,0 -123.583790,42.779210,0 -123.583790,42.779212,0 -123.584131,42.782731,0 -123.584133,42.782748,0 -123.578877,42.782733,0 -123.576142,42.782708,0 -123.573615,42.782721,0 -123.568777,42.782675,0 -123.563951,42.782649,0 -123.563918,42.779121,0 -123.563622,42.775575,0 -123.563722,42.772068,0 -123.563823,42.768562,0 -123.568658,42.768543,0 -123.571075,42.768533,0 -123.573493,42.768524,0 -123.575910,42.768515,0</coordinates></LinearRing></outerBoundaryIs></Polygon></Placemark><Placemark><name>Cow 10</name><description>placer | serial OR105822994 | 20.0 ac | Active | qtr-sec OR 33 0320S 0080W 009 A SWNW | recorded~2023 (DB date, not legal located date) | src: BLM MLRS Not Closed | boundary approx (BLM quarter-section) | do not dig here (active claim)</description><styleUrl>#s0</styleUrl><Polygon><outerBoundaryIs><LinearRing><coordinates>-123.660970,42.803819,0 -123.661042,42.807322,0 -123.656241,42.807348,0 -123.656185,42.803851,0 -123.660970,42.803819,0</coordinates></LinearRing></outerBoundaryIs></Polygon></Placemark><Placemark><name>Cow 11</name><description>placer | serial OR105822995 | 20.0 ac | Filed | qtr-sec OR 33 0320S 0080W 005 A NWSW|OR 33 0320S 0080W 005 A SWSW|OR 33 0320S 0080W 005 A SESW|OR 33 0320S 0080W 005 A SESE|OR 33 0320S 0080W 005 A NWSE|OR 33 0320S 0080W 005 A SENW|OR 33 0320S 0080W 005 A SWNE|OR 33 0320S 0080W 005 A SENE|OR 33 0320S…</description><styleUrl>#s0</styleUrl><Polygon><outerBoundaryIs><LinearRing><coordinates>-123.680009,42.810201,0 -123.680102,42.813641,0 -123.680195,42.817081,0 -123.679377,42.820830,0 -123.678394,42.824952,0 -123.673697,42.824942,0 -123.669002,42.824941,0 -123.664304,42.824973,0 -123.659606,42.825005,0 -123.660421,42.821322,0 -123.661182,42.817885,0 -123.661148,42.814355,0 -123.661115,42.810824,0 -123.665838,42.810669,0 -123.670562,42.810513,0 -123.675286,42.810357,0 -123.680009,42.810201,0</coordinates></LinearRing></outerBoundaryIs></Polygon></Placemark><Placemark><name>Grave Creek Meadow</name><description>placer | serial OR105823004 | 20.0 ac | Active | qtr-sec OR 33 0330S 0040W 015 A NE | recorded~2023 (DB date, not legal located date) | src: BLM MLRS Not Closed | boundary approx (BLM quarter-section) | do not dig here (active claim)</description><styleUrl>#s0</styleUrl><Polygon><outerBoundaryIs><LinearRing><coordinates>-123.160886,42.702742,0 -123.160864,42.706377,0 -123.160854,42.708194,0 -123.160843,42.710011,0 -123.158394,42.710002,0 -123.155945,42.709992,0 -123.151047,42.709972,0 -123.151093,42.706337,0 -123.151138,42.702701,0 -123.156012,42.702722,0 -123.160886,42.702742,0</coordinates></LinearRing></outerBoundaryIs></Polygon></Placemark><Placemark><name>LAWSON BAR</name><description>placer | serial ORMC154400 | 716.4 ac | Active | qtr-sec OR 33 0300S 0050W 019 A NENE | recorded~2021 (DB date, not legal located date) | src: BLM MLRS Not Closed | boundary approx (BLM quarter-section) | do not dig here (active claim)</description><styleUrl>#s0</styleUrl><Polygon><outerBoundaryIs><LinearRing><coordinates>-123.325510,42.955479,0 -123.325461,42.951867,0 -123.330778,42.951780,0 -123.330781,42.955378,0 -123.325510,42.955479,0</coordinates></LinearRing></outerBoundaryIs></Polygon></Placemark><Placemark><name>TJD 1</name><description>placer | serial ORMC155137 | 56.36 ac | Active | qtr-sec OR 33 0310S 0080W 035 A NW | recorded~2021 (DB date, not legal located date) | src: BLM MLRS Not Closed | boundary approx (BLM quarter-section) | do not dig here (active claim)</description><styleUrl>#s0</styleUrl><Polygon><outerBoundaryIs><LinearRing><coordinates>-123.617271,42.832123,0 -123.619646,42.832095,0 -123.622020,42.832066,0 -123.622045,42.835581,0 -123.622070,42.839095,0 -123.617271,42.839157,0 -123.612473,42.839219,0 -123.612498,42.835700,0 -123.612523,42.832181,0 -123.617271,42.832123,0</coordinates></LinearRing></outerBoundaryIs></Polygon></Placemark><Placemark><name>LITTLE FLORINA</name><description>placer | serial ORMC155402 | 40.0 ac | Active | qtr-sec OR 33 0320S 0040W 029 A SE | recorded~2021 (DB date, not legal located date) | src: BLM MLRS Not Closed | boundary approx (BLM quarter-section) | do not dig here (active claim)</description><styleUrl>#s0</styleUrl><Polygon><outerBoundaryIs><LinearRing><coordinates>-123.199073,42.763149,0 -123.196617,42.763162,0 -123.191696,42.763186,0 -123.191673,42.759529,0 -123.191642,42.755872,0 -123.194097,42.755865,0 -123.195324,42.755862,0 -123.196552,42.755859,0 -123.199006,42.755852,0 -123.200230,42.755849,0 -123.200234,42.755849,0 -123.201457,42.755846,0 -123.201495,42.759491,0 -123.201509,42.761314,0 -123.201518,42.763136,0 -123.199073,42.763149,0</coordinates></LinearRing></outerBoundaryIs></Polygon></Placemark><Placemark><name>GOLD FEVER</name><description>placer | serial ORMC155500 | 50.0 ac | Active | qtr-sec OR 33 0310S 0080W 011 A SE | recorded~2021 (DB date, not legal located date) | src: BLM MLRS Not Closed | boundary approx (BLM quarter-section) | do not dig here (active claim)</description><styleUrl>#s0</styleUrl><Polygon><outerBoundaryIs><LinearRing><coordinates>-123.612907,42.886778,0 -123.612954,42.890467,0 -123.608270,42.890501,0 -123.603586,42.890535,0 -123.603586,42.886906,0 -123.603586,42.883276,0 -123.608223,42.883182,0 -123.612861,42.883088,0 -123.612907,42.886778,0</coordinates></LinearRing></outerBoundaryIs></Polygon></Placemark><Placemark><name>TJD 2</name><description>placer | serial ORMC156535 | 160.0 ac | Active | qtr-sec OR 33 0330S 0040W 011 A NW|OR 33 0330S 0040W 011 A SW | recorded~2021 (DB date, not legal located date) | src: BLM MLRS Not Closed | boundary approx (BLM quarter-section) | do not dig here (active claim)</description><styleUrl>#s0</styleUrl><Polygon><outerBoundaryIs><LinearRing><coordinates>-123.150990,42.716990,0 -123.150961,42.720500,0 -123.150947,42.722254,0 -123.150933,42.724009,0 -123.148485,42.723974,0 -123.146038,42.723940,0 -123.141143,42.723871,0 -123.141249,42.720347,0 -123.141355,42.716822,0 -123.141464,42.713196,0 -123.141573,42.709570,0 -123.146310,42.709771,0 -123.151047,42.709972,0 -123.151019,42.713481,0 -123.150990,42.716990,0</coordinates></LinearRing></outerBoundaryIs></Polygon></Placemark><Placemark><name>FORGET ME NOT 2</name><description>placer | serial ORMC15703 | 20.0 ac | Active | qtr-sec OR 33 0330S 0050W 012 A NE | recorded~2021 (DB date, not legal located date) | src: BLM MLRS Not Closed | boundary approx (BLM quarter-section) | do not dig here (active claim)</description><styleUrl>#s0</styleUrl><Polygon><outerBoundaryIs><LinearRing><coordinates>-123.238621,42.720736,0 -123.238358,42.724404,0 -123.233388,42.724353,0 -123.228419,42.724303,0 -123.228726,42.720718,0 -123.229034,42.717132,0 -123.233959,42.717100,0 -123.238883,42.717068,0 -123.238621,42.720736,0</coordinates></LinearRing></outerBoundaryIs></Polygon></Placemark><Placemark><name>4 APPLE ASSOCIATION</name><description>placer | serial ORMC158749 | 78.9 ac | Active | qtr-sec OR 33 0320S 0040W 032 A NE|OR 33 0320S 0040W 033 A NW|OR 33 0320S 0040W 033 A SW | recorded~2021 (DB date, not legal located date) | src: BLM MLRS Not Closed | boundary approx (BLM quarter-section) | do not dig here (active claim)</description><styleUrl>#s0</styleUrl><Polygon><outerBoundaryIs><LinearRing><coordinates>-123.191496,42.748648,0 -123.192710,42.748642,0 -123.193924,42.748636,0 -123.195137,42.748630,0 -123.196351,42.748625,0 -123.201197,42.748599,0 -123.201333,42.752223,0 -123.201457,42.755846,0 -123.200234,42.755849,0 -123.200230,42.755849,0 -123.199006,42.755852,0 -123.196552,42.755859,0 -123.195324,42.755862,0 -123.194097,42.755865,0 -123.191642,42.755872,0 -123.190429,42.755886,0 -123.189216,42.755901,0 -123.188003,42.755916,0 -123.186790,42.755931,0 -123.184364,42.755960,0 -123.181938,42.755990,0 -123.181903,42.754164,0 -123.181868,42.752339,0 -123.181842,42.751007,0 -123.181827,42.750210,0 -123.181797,42.748689,0 -123.181726,42.745011,0 -123.181655,42.741332,0 -123.181586,42.737760,0 -123.183871,42.737736,0 -123.185503,42.737728,0 -123.186399,42.737723,0 -123.190482,42.737702,0 -123.191213,42.737698,0 -123.191318,42.741261,0 -123.191400,42.744965,0 -123.191496,42.748648,0</coordinates></LinearRing></outerBoundaryIs></Polygon></Placemark><Placemark><name>ROCKER BOX 1</name><description>placer | serial ORMC160088 | 20.0 ac | Active | qtr-sec OR 33 0300S 0070W 035 A SE | recorded~2021 (DB date, not legal located date) | src: BLM MLRS Not Closed | boundary approx (BLM quarter-section) | do not dig here (active claim)</description><styleUrl>#s0</styleUrl><Polygon><outerBoundaryIs><LinearRing><coordinates>-123.494101,42.913613,0 -123.496612,42.913613,0 -123.496690,42.915458,0 -123.496769,42.917304,0 -123.496927,42.920994,0 -123.492125,42.921007,0 -123.489721,42.921012,0 -123.487323,42.921021,0 -123.487131,42.919167,0 -123.486942,42.917318,0 -123.486569,42.913615,0 -123.491590,42.913614,0 -123.494101,42.913613,0</coordinates></LinearRing></outerBoundaryIs></Polygon></Placemark><Placemark><name>BOTTOMS UP</name><description>placer | serial ORMC160104 | 80.0 ac | Active | qtr-sec OR 33 0320S 0080W 013 A NE|OR 33 0320S 0080W 013 A SE | recorded~2021 (DB date, not legal located date) | src: BLM MLRS Not Closed | boundary approx (BLM quarter-section) | do not dig here (active claim)</description><styleUrl>#s0</styleUrl><Polygon><outerBoundaryIs><LinearRing><coordinates>-123.588954,42.782688,0 -123.593775,42.782627,0 -123.593777,42.786184,0 -123.593773,42.789744,0 -123.593770,42.793256,0 -123.593766,42.796768,0 -123.589004,42.796759,0 -123.584243,42.796750,0 -123.584220,42.793244,0 -123.584196,42.789739,0 -123.584173,42.786233,0 -123.584133,42.782748,0 -123.584144,42.782748,0 -123.588954,42.782688,0</coordinates></LinearRing></outerBoundaryIs></Polygon></Placemark><Placemark><name>R &amp; R</name><description>placer | serial ORMC160108 | 20.0 ac | Active | qtr-sec OR 33 0330S 0040W 029 A NW | recorded~2021 (DB date, not legal located date) | src: BLM MLRS Not Closed | boundary approx (BLM quarter-section) | do not dig here (active claim)</description><styleUrl>#s0</styleUrl><Polygon><outerBoundaryIs><LinearRing><coordinates>-123.210441,42.681017,0 -123.205537,42.681035,0 -123.200633,42.681054,0 -123.200626,42.680000,0 -123.210440,42.680000,0 -123.210441,42.681017,0</coordinates></LinearRing></outerBoundaryIs></Polygon></Placemark><Placemark><name>WEST CHEROKEE</name><description>placer | serial ORMC160499 | 100.0 ac | Active | qtr-sec OR 33 0330S 0050W 009 A NE|OR 33 0330S 0050W 009 A SE|OR 33 0330S 0050W 010 A NW|OR 33 0330S 0050W 010 A SW | recorded~2021 (DB date, not legal located date) | src: BLM MLRS Not Closed | boundary approx (BLM quarter-section) | do not dig here…</description><styleUrl>#s0</styleUrl><Polygon><outerBoundaryIs><LinearRing><coordinates>-123.286570,42.710038,0 -123.289045,42.710020,0 -123.294095,42.710020,0 -123.299146,42.710020,0 -123.299057,42.713710,0 -123.299013,42.715560,0 -123.298969,42.717400,0 -123.298946,42.718323,0 -123.298879,42.721073,0 -123.298789,42.724746,0 -123.293929,42.724737,0 -123.289069,42.724729,0 -123.284132,42.724734,0 -123.279196,42.724740,0 -123.279199,42.721063,0 -123.279201,42.719224,0 -123.279203,42.717385,0 -123.279173,42.713739,0 -123.279143,42.710093,0 -123.281619,42.710075,0 -123.284094,42.710056,0 -123.286570,42.710038,0</coordinates></LinearRing></outerBoundaryIs></Polygon></Placemark><Placemark><name>GOLD FORTUNE 1</name><description>placer | serial ORMC160883 | 160.0 ac | Active | qtr-sec OR 33 0320S 0050W 017 A SE | recorded~2021 (DB date, not legal located date) | src: BLM MLRS Not Closed | boundary approx (BLM quarter-section) | do not dig here (active claim)</description><styleUrl>#s0</styleUrl><Polygon><outerBoundaryIs><LinearRing><coordinates>-123.317309,42.783151,0 -123.317331,42.786726,0 -123.317353,42.790300,0 -123.312554,42.790321,0 -123.307756,42.790341,0 -123.307602,42.786708,0 -123.307448,42.783076,0 -123.312378,42.783114,0 -123.317309,42.783151,0</coordinates></LinearRing></outerBoundaryIs></Polygon></Placemark><Placemark><name>ROCK PILE</name><description>placer | serial ORMC162165 | 30.0 ac | Active | qtr-sec OR 33 0310S 0070W 007 A SE | recorded~2021 (DB date, not legal located date) | src: BLM MLRS Not Closed | boundary approx (BLM quarter-section) | do not dig here (active claim)</description><styleUrl>#s0</styleUrl><Polygon><outerBoundaryIs><LinearRing><coordinates>-123.570635,42.891280,0 -123.568212,42.891338,0 -123.565789,42.891396,0 -123.565797,42.889560,0 -123.565804,42.887724,0 -123.565812,42.885889,0 -123.565819,42.884053,0 -123.568194,42.883993,0 -123.570569,42.883933,0 -123.575318,42.883813,0 -123.575400,42.887488,0 -123.575481,42.891164,0 -123.570635,42.891280,0</coordinates></LinearRing></outerBoundaryIs></Polygon></Placemark><Placemark><name>BLUE BEAR</name><description>placer | serial ORMC162439 | 120.0 ac | Active | qtr-sec OR 33 0330S 0080W 022 A N2SWNE | OR 33 0330S 0080W 022 A E2NWNE | OR 33 0330S 0080W 022 A W2NENE | recorded~2021 (DB date, not legal located date) | src: BLM MLRS Not Closed | boundary approx (BLM quarter-section) | do not dig here (active cl…</description><styleUrl>#s0</styleUrl><Polygon><outerBoundaryIs><LinearRing><coordinates>-123.629410,42.691964,0 -123.629410,42.693784,0 -123.629410,42.695604,0 -123.626946,42.695604,0 -123.624483,42.695604,0 -123.624484,42.693784,0 -123.624485,42.691964,0 -123.626947,42.691964,0 -123.626948,42.690145,0 -123.629410,42.690144,0 -123.631871,42.690144,0 -123.631872,42.691964,0 -123.629410,42.691964,0</coordinates></LinearRing></outerBoundaryIs></Polygon></Placemark><Placemark><name>LUCKY STRIKE</name><description>placer | serial ORMC162440 | 60.0 ac | Active | qtr-sec OR 33 0330S 0080W 014 A NW|OR 33 0330S 0080W 014 A SW | recorded~2021 (DB date, not legal located date) | src: BLM MLRS Not Closed | boundary approx (BLM quarter-section) | do not dig here (active claim)</description><styleUrl>#s0</styleUrl><Polygon><outerBoundaryIs><LinearRing><coordinates>-123.622012,42.699228,0 -123.622005,42.702853,0 -123.621998,42.706478,0 -123.621991,42.710103,0 -123.617090,42.710106,0 -123.612188,42.710110,0 -123.612192,42.706490,0 -123.612197,42.702870,0 -123.612201,42.699250,0 -123.612205,42.695630,0 -123.617112,42.695617,0 -123.622020,42.695604,0 -123.622016,42.697416,0 -123.622012,42.699228,0</coordinates></LinearRing></outerBoundaryIs></Polygon></Placemark><Placemark><name>MOON HOUSE</name><description>placer | serial ORMC162441 | 60.0 ac | Active | qtr-sec OR 33 0330S 0080W 015 A SE|OR 33 0330S 0080W 022 A NE | recorded~2021 (DB date, not legal located date) | src: BLM MLRS Not Closed | boundary approx (BLM quarter-section) | do not dig here (active claim)</description><styleUrl>#s0</styleUrl><Polygon><outerBoundaryIs><LinearRing><coordinates>-123.631872,42.691964,0 -123.631873,42.695605,0 -123.631870,42.699227,0 -123.631867,42.702850,0 -123.626936,42.702852,0 -123.622005,42.702853,0 -123.622012,42.699228,0 -123.622016,42.697416,0 -123.622020,42.695604,0 -123.622023,42.691964,0 -123.622026,42.688325,0 -123.626948,42.688325,0 -123.631871,42.688324,0 -123.631872,42.691964,0</coordinates></LinearRing></outerBoundaryIs></Polygon></Placemark><Placemark><name>FOUR OUTLAWS</name><description>placer | serial ORMC162496 | 120.0 ac | Active | qtr-sec OR 33 0310S 0070W 017 A E2NWSW | OR 33 0310S 0070W 017 A SWSENW | OR 33 0310S 0070W 017 A W2NESW | OR 33 0310S 0070W 017 A SESWNW | recorded~2021 (DB date, not legal located date) | src: BLM MLRS Not Closed | boundary approx (BLM quarter-sect…</description><styleUrl>#s0</styleUrl><Polygon><outerBoundaryIs><LinearRing><coordinates>-123.562918,42.872599,0 -123.562989,42.874317,0 -123.563060,42.876035,0 -123.563144,42.878044,0 -123.560706,42.878113,0 -123.558269,42.878182,0 -123.558180,42.876203,0 -123.558101,42.874454,0 -123.558022,42.872706,0 -123.560470,42.872652,0 -123.562918,42.872599,0</coordinates></LinearRing></outerBoundaryIs></Polygon></Placemark><Placemark><name>MINERS REST</name><description>placer | serial ORMC163452 | 40.0 ac | Active | qtr-sec OR 33 0320S 0070W 028 A SE|OR 33 0320S 0070W 033 A NE | recorded~2021 (DB date, not legal located date) | src: BLM MLRS Not Closed | boundary approx (BLM quarter-section) | do not dig here (active claim)</description><styleUrl>#s0</styleUrl><Polygon><outerBoundaryIs><LinearRing><coordinates>-123.535119,42.748780,0 -123.535102,42.749856,0 -123.535089,42.750596,0 -123.535060,42.752411,0 -123.535030,42.754226,0 -123.535024,42.755967,0 -123.535018,42.757708,0 -123.535014,42.759447,0 -123.535010,42.761187,0 -123.532642,42.761184,0 -123.530274,42.761180,0 -123.526364,42.761175,0 -123.526067,42.761175,0 -123.525540,42.761174,0 -123.525541,42.761052,0 -123.525555,42.759390,0 -123.525563,42.758451,0 -123.525570,42.757606,0 -123.525588,42.754045,0 -123.525608,42.752258,0 -123.525629,42.750470,0 -123.525636,42.749854,0 -123.525670,42.746896,0 -123.530409,42.746930,0 -123.532779,42.746948,0 -123.535148,42.746965,0 -123.535119,42.748780,0</coordinates></LinearRing></outerBoundaryIs></Polygon></Placemark><Placemark><name>GOLD FORTUNE 4</name><description>placer | serial ORMC164246 | 160.0 ac | Active | qtr-sec OR 33 0320S 0050W 009 A NW|OR 33 0320S 0050W 009 A NE | recorded~2021 (DB date, not legal located date) | src: BLM MLRS Not Closed | boundary approx (BLM quarter-section) | do not dig here (active claim)</description><styleUrl>#s0</styleUrl><Polygon><outerBoundaryIs><LinearRing><coordinates>-123.293019,42.811803,0 -123.288155,42.811797,0 -123.288129,42.808219,0 -123.288104,42.804642,0 -123.293000,42.804650,0 -123.297896,42.804659,0 -123.302792,42.804667,0 -123.307688,42.804675,0 -123.307650,42.808249,0 -123.307612,42.811822,0 -123.302748,42.811816,0 -123.297884,42.811809,0 -123.293019,42.811803,0</coordinates></LinearRing></outerBoundaryIs></Polygon></Placemark><Placemark><name>GOLD FORTUNE 5</name><description>placer | serial ORMC164247 | 156.81 ac | Active | qtr-sec OR 33 0320S 0050W 004 A NE|OR 33 0320S 0050W 004 A SE | recorded~2021 (DB date, not legal located date) | src: BLM MLRS Not Closed | boundary approx (BLM quarter-section) | do not dig here (active claim)</description><styleUrl>#s0</styleUrl><Polygon><outerBoundaryIs><LinearRing><coordinates>-123.297625,42.819121,0 -123.297491,42.822819,0 -123.297369,42.826198,0 -123.292382,42.826213,0 -123.287395,42.826228,0 -123.287833,42.822797,0 -123.288306,42.819079,0 -123.288230,42.815435,0 -123.288155,42.811797,0 -123.293019,42.811803,0 -123.297884,42.811809,0 -123.297755,42.815492,0 -123.297625,42.819121,0</coordinates></LinearRing></outerBoundaryIs></Polygon></Placemark><Placemark><name>LOG CABIN FEVER 1A</name><description>placer | serial ORMC164365 | 24.95 ac | Active | qtr-sec OR 33 0330S 0050W 030 A NE | recorded~2021 (DB date, not legal located date) | src: BLM MLRS Not Closed | boundary approx (BLM quarter-section) | do not dig here (active claim)</description><styleUrl>#s0</styleUrl><Polygon><outerBoundaryIs><LinearRing><coordinates>-123.338874,42.680185,0 -123.338883,42.681246,0 -123.335449,42.681274,0 -123.333953,42.681276,0 -123.332860,42.681276,0 -123.331710,42.681277,0 -123.330753,42.681278,0 -123.330551,42.681278,0 -123.329161,42.681279,0 -123.329023,42.681279,0 -123.329024,42.681183,0 -123.329024,42.680981,0 -123.329024,42.680753,0 -123.329026,42.680000,0 -123.338873,42.680000,0 -123.338874,42.680185,0</coordinates></LinearRing></outerBoundaryIs></Polygon></Placemark><Placemark><name>LOG CABIN FEVER 2</name><description>placer | serial ORMC164499 | 36.31 ac | Active | qtr-sec OR 33 0330S 0050W 019 A SW|OR 33 0330S 0050W 019 A SE|OR 33 0330S 0050W 030 A NE | recorded~2021 (DB date, not legal located date) | src: BLM MLRS Not Closed | boundary approx (BLM quarter-section) | do not dig here (active claim)</description><styleUrl>#s0</styleUrl><Polygon><outerBoundaryIs><LinearRing><coordinates>-123.338874,42.680185,0 -123.338883,42.681246,0 -123.341304,42.681218,0 -123.342841,42.681200,0 -123.343767,42.681189,0 -123.347115,42.681150,0 -123.347123,42.682987,0 -123.347124,42.683088,0 -123.347129,42.684207,0 -123.347132,42.684825,0 -123.347148,42.688501,0 -123.343703,42.688509,0 -123.338764,42.688520,0 -123.333893,42.688531,0 -123.329021,42.688543,0 -123.329022,42.684911,0 -123.329023,42.682598,0 -123.329023,42.681409,0 -123.329023,42.681279,0 -123.329024,42.681183,0 -123.329024,42.680981,0 -123.329024,42.680753,0 -123.329026,42.680000,0 -123.338873,42.680000,0 -123.338874,42.680185,0</coordinates></LinearRing></outerBoundaryIs></Polygon></Placemark><Placemark><name>CLAIRE 1</name><description>placer | serial ORMC165078 | 10.0 ac | Active | qtr-sec OR 33 0320S 0070W 028 A SW | recorded~2021 (DB date, not legal located date) | src: BLM MLRS Not Closed | boundary approx (BLM quarter-section) | do not dig here (active claim)</description><styleUrl>#s0</styleUrl><Polygon><outerBoundaryIs><LinearRing><coordinates>-123.539850,42.754220,0 -123.544670,42.754214,0 -123.544630,42.757705,0 -123.544591,42.761196,0 -123.539807,42.761192,0 -123.537409,42.761189,0 -123.535010,42.761187,0 -123.535014,42.759447,0 -123.535018,42.757708,0 -123.535024,42.755967,0 -123.535030,42.754226,0 -123.537440,42.754223,0 -123.539850,42.754220,0</coordinates></LinearRing></outerBoundaryIs></Polygon></Placemark><Placemark><name>GORGEOUS WOMAN</name><description>placer | serial ORMC165535 | 159.63 ac | Active | qtr-sec OR 33 0330S 0070W 030 A NW|OR 33 0330S 0070W 030 A SW | recorded~2021 (DB date, not legal located date) | src: BLM MLRS Not Closed | boundary approx (BLM quarter-section) | do not dig here (active claim)</description><styleUrl>#s0</styleUrl><Polygon><outerBoundaryIs><LinearRing><coordinates>-123.582786,42.680942,0 -123.577814,42.680926,0 -123.572874,42.680910,0 -123.572882,42.680000,0 -123.582782,42.680000,0 -123.582786,42.680942,0</coordinates></LinearRing></outerBoundaryIs></Polygon></Placemark><Placemark><name>G &amp; R CLAIM 10</name><description>placer | serial ORMC167334 | 40.0 ac | Active | qtr-sec OR 33 0320S 0070W 021 A SE | recorded~2021 (DB date, not legal located date) | src: BLM MLRS Not Closed | boundary approx (BLM quarter-section) | do not dig here (active claim)</description><styleUrl>#s0</styleUrl><Polygon><outerBoundaryIs><LinearRing><coordinates>-123.534863,42.775272,0 -123.529928,42.775225,0 -123.527461,42.775201,0 -123.524993,42.775177,0 -123.525094,42.773445,0 -123.525194,42.771713,0 -123.525396,42.768249,0 -123.530181,42.768245,0 -123.534966,42.768240,0 -123.534940,42.769998,0 -123.534915,42.771756,0 -123.534863,42.775272,0</coordinates></LinearRing></outerBoundaryIs></Polygon></Placemark><Placemark><name>HE COMES ON A WHITE</name><description>placer | serial ORMC167436 | 40.0 ac | Active | qtr-sec OR 33 0320S 0040W 015 A NW | recorded~2021 (DB date, not legal located date) | src: BLM MLRS Not Closed | boundary approx (BLM quarter-section) | do not dig here (active claim)</description><styleUrl>#s0</styleUrl><Polygon><outerBoundaryIs><LinearRing><coordinates>-123.171815,42.799110,0 -123.166936,42.799174,0 -123.162050,42.799163,0 -123.162061,42.795593,0 -123.162067,42.791956,0 -123.166929,42.791912,0 -123.171788,42.791826,0 -123.171804,42.795492,0 -123.171815,42.799110,0</coordinates></LinearRing></outerBoundaryIs></Polygon></Placemark><Placemark><name>HORSE PLAY</name><description>placer | serial ORMC167616 | 40.0 ac | Active | qtr-sec OR 33 0320S 0040W 010 A SW | recorded~2021 (DB date, not legal located date) | src: BLM MLRS Not Closed | boundary approx (BLM quarter-section) | do not dig here (active claim)</description><styleUrl>#s0</styleUrl><Polygon><outerBoundaryIs><LinearRing><coordinates>-123.171766,42.806322,0 -123.166893,42.806432,0 -123.162010,42.806440,0 -123.162033,42.802835,0 -123.162050,42.799163,0 -123.166936,42.799174,0 -123.171815,42.799110,0 -123.171815,42.799189,0 -123.171784,42.802681,0 -123.171766,42.806322,0</coordinates></LinearRing></outerBoundaryIs></Polygon></Placemark><Placemark><name>SWEAT CAJ</name><description>placer | serial ORMC168672 | 72.92 ac | Active | qtr-sec OR 33 0300S 0040W 029 A SE | recorded~2021 (DB date, not legal located date) | src: BLM MLRS Not Closed | boundary approx (BLM quarter-section) | do not dig here (active claim)</description><styleUrl>#s0</styleUrl><Polygon><outerBoundaryIs><LinearRing><coordinates>-123.193742,42.933909,0 -123.189011,42.933899,0 -123.188937,42.930197,0 -123.188863,42.926494,0 -123.190775,42.926514,0 -123.193224,42.926548,0 -123.198119,42.926635,0 -123.198296,42.930277,0 -123.198473,42.933919,0 -123.193742,42.933909,0</coordinates></LinearRing></outerBoundaryIs></Polygon></Placemark><Placemark><name>HONEYSUCKLE</name><description>placer | serial ORMC169129 | 20.0 ac | Active | qtr-sec OR 33 0320S 0070W 021 A SE | recorded~2021 (DB date, not legal located date) | src: BLM MLRS Not Closed | boundary approx (BLM quarter-section) | do not dig here (active claim)</description><styleUrl>#s0</styleUrl><Polygon><outerBoundaryIs><LinearRing><coordinates>-123.534863,42.775272,0 -123.529928,42.775225,0 -123.527461,42.775201,0 -123.524993,42.775177,0 -123.525094,42.773445,0 -123.525194,42.771713,0 -123.525396,42.768249,0 -123.530181,42.768245,0 -123.534966,42.768240,0 -123.534940,42.769998,0 -123.534915,42.771756,0 -123.534863,42.775272,0</coordinates></LinearRing></outerBoundaryIs></Polygon></Placemark><Placemark><name>MEADOWS 1</name><description>placer | serial ORMC170963 | 42.42 ac | Active | qtr-sec OR 33 0310S 0050W 006 A SW|OR 33 0310S 0050W 007 A NW | recorded~2021 (DB date, not legal located date) | src: BLM MLRS Not Closed | boundary approx (BLM quarter-section) | do not dig here (active claim)</description><styleUrl>#s0</styleUrl><Polygon><outerBoundaryIs><LinearRing><coordinates>-123.347542,42.894166,0 -123.347534,42.894532,0 -123.347464,42.897636,0 -123.347457,42.897990,0 -123.347393,42.900821,0 -123.347382,42.901270,0 -123.347374,42.901545,0 -123.347282,42.904905,0 -123.347283,42.905099,0 -123.342585,42.905178,0 -123.337848,42.905259,0 -123.338096,42.901729,0 -123.338343,42.898199,0 -123.338284,42.894615,0 -123.338225,42.891031,0 -123.342928,42.891052,0 -123.347593,42.891073,0 -123.347545,42.893984,0 -123.347542,42.894166,0</coordinates></LinearRing></outerBoundaryIs></Polygon></Placemark><Placemark><name>BUSTED FLUSH</name><description>placer | serial ORMC171107 | 40.0 ac | Active | qtr-sec OR 33 0330S 0040W 021 A SE | recorded~2021 (DB date, not legal located date) | src: BLM MLRS Not Closed | boundary approx (BLM quarter-section) | do not dig here (active claim)</description><styleUrl>#s0</styleUrl><Polygon><outerBoundaryIs><LinearRing><coordinates>-123.180574,42.686502,0 -123.180577,42.688292,0 -123.178104,42.688289,0 -123.175631,42.688286,0 -123.174395,42.688284,0 -123.173159,42.688282,0 -123.171922,42.688280,0 -123.170686,42.688279,0 -123.170714,42.684662,0 -123.170743,42.681045,0 -123.175655,42.681087,0 -123.180567,42.681130,0 -123.180572,42.684711,0 -123.180574,42.686502,0</coordinates></LinearRing></outerBoundaryIs></Polygon></Placemark><Placemark><name>COW CREEK</name><description>placer | serial ORMC171403 | 20.0 ac | Active | qtr-sec OR 33 0300S 0070W 033 A SE | recorded~2021 (DB date, not legal located date) | src: BLM MLRS Not Closed | boundary approx (BLM quarter-section) | do not dig here (active claim)</description><styleUrl>#s0</styleUrl><Polygon><outerBoundaryIs><LinearRing><coordinates>-123.536049,42.917220,0 -123.535980,42.920750,0 -123.531166,42.920763,0 -123.526352,42.920776,0 -123.526360,42.919874,0 -123.526369,42.918971,0 -123.526377,42.918069,0 -123.526385,42.917166,0 -123.526419,42.913556,0 -123.531268,42.913623,0 -123.531486,42.913626,0 -123.536118,42.913690,0 -123.536049,42.917220,0</coordinates></LinearRing></outerBoundaryIs></Polygon></Placemark><Placemark><name>FIRST DREAM</name><description>placer | serial ORMC171673 | 39.86 ac | Active | qtr-sec OR 33 0330S 0080W 025 A NE | recorded~2021 (DB date, not legal located date) | src: BLM MLRS Not Closed | boundary approx (BLM quarter-section) | do not dig here (active claim)</description><styleUrl>#s0</styleUrl><Polygon><outerBoundaryIs><LinearRing><coordinates>-123.592582,42.681016,0 -123.587677,42.681000,0 -123.582785,42.680984,0 -123.582786,42.680942,0 -123.582782,42.680000,0 -123.592578,42.680000,0 -123.592582,42.681016,0</coordinates></LinearRing></outerBoundaryIs></Polygon></Placemark><Placemark><name>GOLDEN CATTLE</name><description>placer | serial ORMC172021 | 20.0 ac | Active | qtr-sec OR 33 0310S 0070W 017 A SE | recorded~2021 (DB date, not legal located date) | src: BLM MLRS Not Closed | boundary approx (BLM quarter-section) | do not dig here (active claim)</description><styleUrl>#s0</styleUrl><Polygon><outerBoundaryIs><LinearRing><coordinates>-123.550496,42.869277,0 -123.555408,42.869231,0 -123.555574,42.872759,0 -123.555657,42.874523,0 -123.555740,42.876287,0 -123.550651,42.876461,0 -123.545561,42.876636,0 -123.545572,42.872980,0 -123.545583,42.869323,0 -123.550496,42.869277,0</coordinates></LinearRing></outerBoundaryIs></Polygon></Placemark><Placemark><name>WHITEHORSE CREEK GOL</name><description>placer | serial ORMC172837 | 20.0 ac | Active | qtr-sec OR 33 0320S 0040W 009 A NE | recorded~2021 (DB date, not legal located date) | src: BLM MLRS Not Closed | boundary approx (BLM quarter-section) | do not dig here (active claim)</description><styleUrl>#s0</styleUrl><Polygon><outerBoundaryIs><LinearRing><coordinates>-123.181779,42.810162,0 -123.181754,42.811916,0 -123.179420,42.811946,0 -123.176744,42.811976,0 -123.174574,42.812001,0 -123.171734,42.812032,0 -123.171745,42.809977,0 -123.171766,42.806322,0 -123.176780,42.806512,0 -123.181785,42.806599,0 -123.181779,42.810162,0</coordinates></LinearRing></outerBoundaryIs></Polygon></Placemark><Placemark><name>GOLDEN BELL TWO</name><description>placer | serial ORMC173614 | 20.0 ac | Active | qtr-sec OR 33 0310S 0070W 033 A NW | recorded~2021 (DB date, not legal located date) | src: BLM MLRS Not Closed | boundary approx (BLM quarter-section) | do not dig here (active claim)</description><styleUrl>#s0</styleUrl><Polygon><outerBoundaryIs><LinearRing><coordinates>-123.545599,42.840365,0 -123.540691,42.840347,0 -123.535782,42.840329,0 -123.535656,42.836781,0 -123.535531,42.833233,0 -123.540593,42.833203,0 -123.545655,42.833173,0 -123.545627,42.836769,0 -123.545599,42.840365,0</coordinates></LinearRing></outerBoundaryIs></Polygon></Placemark><Placemark><name>UNION CREEK 2</name><description>placer | serial ORMC176757 | 20.0 ac | Active | qtr-sec OR 33 0310S 0080W 011 A NW | recorded~2021 (DB date, not legal located date) | src: BLM MLRS Not Closed | boundary approx (BLM quarter-section) | do not dig here (active claim)</description><styleUrl>#s0</styleUrl><Polygon><outerBoundaryIs><LinearRing><coordinates>-123.622501,42.897689,0 -123.617774,42.897715,0 -123.613046,42.897742,0 -123.613000,42.894105,0 -123.612977,42.892286,0 -123.612954,42.890467,0 -123.617735,42.890432,0 -123.622516,42.890397,0 -123.622509,42.894043,0 -123.622501,42.897689,0</coordinates></LinearRing></outerBoundaryIs></Polygon></Placemark><Placemark><name>UNION CREEK 3</name><description>placer | serial ORMC176758 | 20.0 ac | Active | qtr-sec OR 33 0310S 0080W 011 A NW | recorded~2021 (DB date, not legal located date) | src: BLM MLRS Not Closed | boundary approx (BLM quarter-section) | do not dig here (active claim)</description><styleUrl>#s0</styleUrl><Polygon><outerBoundaryIs><LinearRing><coordinates>-123.622501,42.897689,0 -123.617774,42.897715,0 -123.613046,42.897742,0 -123.613000,42.894105,0 -123.612977,42.892286,0 -123.612954,42.890467,0 -123.617735,42.890432,0 -123.622516,42.890397,0 -123.622509,42.894043,0 -123.622501,42.897689,0</coordinates></LinearRing></outerBoundaryIs></Polygon></Placemark><Placemark><name>UNION CREEK 4</name><description>placer | serial ORMC176759 | 20.0 ac | Active | qtr-sec OR 33 0310S 0080W 011 A NE | recorded~2021 (DB date, not legal located date) | src: BLM MLRS Not Closed | boundary approx (BLM quarter-section) | do not dig here (active claim)</description><styleUrl>#s0</styleUrl><Polygon><outerBoundaryIs><LinearRing><coordinates>-123.613000,42.894105,0 -123.613046,42.897742,0 -123.608317,42.897768,0 -123.603587,42.897794,0 -123.603587,42.894165,0 -123.603586,42.890535,0 -123.608270,42.890501,0 -123.612954,42.890467,0 -123.612977,42.892286,0 -123.613000,42.894105,0</coordinates></LinearRing></outerBoundaryIs></Polygon></Placemark><Placemark><name>KRN JASPER 1</name><description>placer | serial ORMC176940 | 20.0 ac | Active | qtr-sec OR 33 0310S 0080W 013 A NE | recorded~2021 (DB date, not legal located date) | src: BLM MLRS Not Closed | boundary approx (BLM quarter-section) | do not dig here (active claim)</description><styleUrl>#s0</styleUrl><Polygon><outerBoundaryIs><LinearRing><coordinates>-123.594070,42.875832,0 -123.594082,42.879617,0 -123.594093,42.883402,0 -123.589347,42.883466,0 -123.584601,42.883529,0 -123.584581,42.879786,0 -123.584571,42.877914,0 -123.584561,42.876043,0 -123.586939,42.875990,0 -123.589316,42.875937,0 -123.594070,42.875832,0</coordinates></LinearRing></outerBoundaryIs></Polygon></Placemark><Placemark><name>KRN JASPER 2</name><description>placer | serial ORMC176941 | 20.0 ac | Active | qtr-sec OR 33 0310S 0080W 013 A NE | recorded~2021 (DB date, not legal located date) | src: BLM MLRS Not Closed | boundary approx (BLM quarter-section) | do not dig here (active claim)</description><styleUrl>#s0</styleUrl><Polygon><outerBoundaryIs><LinearRing><coordinates>-123.594070,42.875832,0 -123.594082,42.879617,0 -123.594093,42.883402,0 -123.589347,42.883466,0 -123.584601,42.883529,0 -123.584581,42.879786,0 -123.584571,42.877914,0 -123.584561,42.876043,0 -123.586939,42.875990,0 -123.589316,42.875937,0 -123.594070,42.875832,0</coordinates></LinearRing></outerBoundaryIs></Polygon></Placemark><Placemark><name>KRN JASPER 3</name><description>placer | serial ORMC176942 | 20.0 ac | Active | qtr-sec OR 33 0310S 0080W 013 A NE | recorded~2021 (DB date, not legal located date) | src: BLM MLRS Not Closed | boundary approx (BLM quarter-section) | do not dig here (active claim)</description><styleUrl>#s0</styleUrl><Polygon><outerBoundaryIs><LinearRing><coordinates>-123.594070,42.875832,0 -123.594082,42.879617,0 -123.594093,42.883402,0 -123.589347,42.883466,0 -123.584601,42.883529,0 -123.584581,42.879786,0 -123.584571,42.877914,0 -123.584561,42.876043,0 -123.586939,42.875990,0 -123.589316,42.875937,0 -123.594070,42.875832,0</coordinates></LinearRing></outerBoundaryIs></Polygon></Placemark><Placemark><name>KRN JASPER 4</name><description>placer | serial ORMC176943 | 20.0 ac | Active | qtr-sec OR 33 0310S 0080W 013 A SE | recorded~2021 (DB date, not legal located date) | src: BLM MLRS Not Closed | boundary approx (BLM quarter-section) | do not dig here (active claim)</description><styleUrl>#s0</styleUrl><Polygon><outerBoundaryIs><LinearRing><coordinates>-123.586939,42.875990,0 -123.584561,42.876043,0 -123.584541,42.874238,0 -123.584520,42.872433,0 -123.584479,42.868823,0 -123.589263,42.868655,0 -123.594048,42.868486,0 -123.594059,42.872159,0 -123.594070,42.875832,0 -123.589316,42.875937,0 -123.586939,42.875990,0</coordinates></LinearRing></outerBoundaryIs></Polygon></Placemark><Placemark><name>LIGHTNING GOLD 1</name><description>placer | serial ORMC176950 | 80.0 ac | Active | qtr-sec OR 33 0320S 0070W 020 A S2NESW | OR 33 0320S 0070W 020 A S2NWSW | recorded~2021 (DB date, not legal located date) | src: BLM MLRS Not Closed | boundary approx (BLM quarter-section) | do not dig here (active claim)</description><styleUrl>#s0</styleUrl><Polygon><outerBoundaryIs><LinearRing><coordinates>-123.554180,42.773703,0 -123.554178,42.771927,0 -123.556596,42.771962,0 -123.559015,42.771996,0 -123.561369,42.772032,0 -123.563722,42.772068,0 -123.563672,42.773822,0 -123.561348,42.773794,0 -123.559024,42.773766,0 -123.556602,42.773734,0 -123.554180,42.773703,0</coordinates></LinearRing></outerBoundaryIs></Polygon></Placemark><Placemark><name>LIGHTNING GOLD 2</name><description>placer | serial ORMC176951 | 20.0 ac | Active | qtr-sec OR 33 0320S 0070W 020 A E2SWSE | recorded~2021 (DB date, not legal located date) | src: BLM MLRS Not Closed | boundary approx (BLM quarter-section) | do not dig here (active claim)</description><styleUrl>#s0</styleUrl><Polygon><outerBoundaryIs><LinearRing><coordinates>-123.549351,42.768297,0 -123.551763,42.768337,0 -123.551761,42.770115,0 -123.551760,42.771893,0 -123.549341,42.771859,0 -123.549346,42.770078,0 -123.549351,42.768297,0</coordinates></LinearRing></outerBoundaryIs></Polygon></Placemark><Placemark><name>SHINY GOLD</name><description>placer | serial ORMC176955 | 20.0 ac | Active | qtr-sec OR 33 0320S 0080W 002 A SE | recorded~2021 (DB date, not legal located date) | src: BLM MLRS Not Closed | boundary approx (BLM quarter-section) | do not dig here (active claim)</description><styleUrl>#s0</styleUrl><Polygon><outerBoundaryIs><LinearRing><coordinates>-123.612792,42.810901,0 -123.612735,42.814462,0 -123.612681,42.818020,0 -123.607888,42.818052,0 -123.603092,42.818089,0 -123.603117,42.814492,0 -123.603143,42.810895,0 -123.607967,42.810898,0 -123.612792,42.810901,0</coordinates></LinearRing></outerBoundaryIs></Polygon></Placemark><Placemark><name>TENNESSEE GULCH</name><description>placer | serial ORMC177440 | 100.0 ac | Active | qtr-sec OR 33 0320S 0050W 035 A SW | recorded~2021 (DB date, not legal located date) | src: BLM MLRS Not Closed | boundary approx (BLM quarter-section) | do not dig here (active claim)</description><styleUrl>#s0</styleUrl><Polygon><outerBoundaryIs><LinearRing><coordinates>-123.263189,42.739292,0 -123.264386,42.739295,0 -123.268170,42.739304,0 -123.267525,42.742964,0 -123.266880,42.746624,0 -123.262199,42.746590,0 -123.257518,42.746555,0 -123.257858,42.742973,0 -123.257864,42.742917,0 -123.258037,42.741098,0 -123.258209,42.739279,0 -123.259357,42.739283,0 -123.260693,42.739286,0 -123.261941,42.739289,0 -123.263189,42.739292,0</coordinates></LinearRing></outerBoundaryIs></Polygon></Placemark><Placemark><name>STAIRWAY TO GOLD</name><description>placer | serial ORMC178000 | 20.0 ac | Active | qtr-sec OR 33 0310S 0080W 035 A SWSW | recorded~2021 (DB date, not legal located date) | src: BLM MLRS Not Closed | boundary approx (BLM quarter-section) | do not dig here (active claim)</description><styleUrl>#s0</styleUrl><Polygon><outerBoundaryIs><LinearRing><coordinates>-123.621971,42.825036,0 -123.621995,42.828551,0 -123.619636,42.828564,0 -123.617276,42.828576,0 -123.617280,42.825029,0 -123.621971,42.825036,0</coordinates></LinearRing></outerBoundaryIs></Polygon></Placemark><Placemark><name>BLESSED MEADOWS 1</name><description>placer | serial ORMC178018 | 79.8 ac | Active | qtr-sec OR 33 0310S 0050W 006 A NW | recorded~2021 (DB date, not legal located date) | src: BLM MLRS Not Closed | boundary approx (BLM quarter-section) | do not dig here (active claim)</description><styleUrl>#s0</styleUrl><Polygon><outerBoundaryIs><LinearRing><coordinates>-123.342585,42.905178,0 -123.347283,42.905099,0 -123.347293,42.906169,0 -123.347307,42.908535,0 -123.347308,42.908632,0 -123.347330,42.912166,0 -123.342341,42.912270,0 -123.341863,42.912280,0 -123.337348,42.912375,0 -123.337598,42.908817,0 -123.337848,42.905259,0 -123.342585,42.905178,0</coordinates></LinearRing></outerBoundaryIs></Polygon></Placemark><Placemark><name>BLESSED MEADOWS 2</name><description>placer | serial ORMC178019 | 40.0 ac | Active | qtr-sec OR 33 0310S 0050W 006 A NW | recorded~2021 (DB date, not legal located date) | src: BLM MLRS Not Closed | boundary approx (BLM quarter-section) | do not dig here (active claim)</description><styleUrl>#s0</styleUrl><Polygon><outerBoundaryIs><LinearRing><coordinates>-123.342585,42.905178,0 -123.347283,42.905099,0 -123.347293,42.906169,0 -123.347307,42.908535,0 -123.347308,42.908632,0 -123.347330,42.912166,0 -123.342341,42.912270,0 -123.341863,42.912280,0 -123.337348,42.912375,0 -123.337598,42.908817,0 -123.337848,42.905259,0 -123.342585,42.905178,0</coordinates></LinearRing></outerBoundaryIs></Polygon></Placemark><Placemark><name>BLESSED MEADOWS 4</name><description>placer | serial ORMC178020 | 40.0 ac | Active | qtr-sec OR 33 0310S 0050W 006 A NW | recorded~2021 (DB date, not legal located date) | src: BLM MLRS Not Closed | boundary approx (BLM quarter-section) | do not dig here (active claim)</description><styleUrl>#s0</styleUrl><Polygon><outerBoundaryIs><LinearRing><coordinates>-123.342585,42.905178,0 -123.347283,42.905099,0 -123.347293,42.906169,0 -123.347307,42.908535,0 -123.347308,42.908632,0 -123.347330,42.912166,0 -123.342341,42.912270,0 -123.341863,42.912280,0 -123.337348,42.912375,0 -123.337598,42.908817,0 -123.337848,42.905259,0 -123.342585,42.905178,0</coordinates></LinearRing></outerBoundaryIs></Polygon></Placemark><Placemark><name>GOLD BALL</name><description>placer | serial ORMC178035 | 20.0 ac | Active | qtr-sec OR 33 0330S 0080W 022 A SE | recorded~2021 (DB date, not legal located date) | src: BLM MLRS Not Closed | boundary approx (BLM quarter-section) | do not dig here (active claim)</description><styleUrl>#s0</styleUrl><Polygon><outerBoundaryIs><LinearRing><coordinates>-123.631871,42.688324,0 -123.626948,42.688325,0 -123.622026,42.688325,0 -123.622027,42.686123,0 -123.622027,42.685695,0 -123.622028,42.684700,0 -123.622029,42.683303,0 -123.622029,42.682565,0 -123.622030,42.682108,0 -123.622030,42.681075,0 -123.623363,42.681073,0 -123.626949,42.681068,0 -123.629551,42.681064,0 -123.631093,42.681061,0 -123.631869,42.681060,0 -123.632635,42.681059,0 -123.631869,42.681654,0 -123.631870,42.684692,0 -123.631871,42.688324,0</coordinates></LinearRing></outerBoundaryIs></Polygon></Placemark><Placemark><name>GOLD BELT</name><description>placer | serial ORMC178036 | 20.0 ac | Active | qtr-sec OR 33 0330S 0080W 022 A SE | recorded~2021 (DB date, not legal located date) | src: BLM MLRS Not Closed | boundary approx (BLM quarter-section) | do not dig here (active claim)</description><styleUrl>#s0</styleUrl><Polygon><outerBoundaryIs><LinearRing><coordinates>-123.631871,42.688324,0 -123.626948,42.688325,0 -123.622026,42.688325,0 -123.622027,42.686123,0 -123.622027,42.685695,0 -123.622028,42.684700,0 -123.622029,42.683303,0 -123.622029,42.682565,0 -123.622030,42.682108,0 -123.622030,42.681075,0 -123.623363,42.681073,0 -123.626949,42.681068,0 -123.629551,42.681064,0 -123.631093,42.681061,0 -123.631869,42.681060,0 -123.632635,42.681059,0 -123.631869,42.681654,0 -123.631870,42.684692,0 -123.631871,42.688324,0</coordinates></LinearRing></outerBoundaryIs></Polygon></Placemark><Placemark><name>HOGUM 1</name><description>placer | serial ORMC23756 | 20.0 ac | Active | qtr-sec OR 33 0320S 0040W 021 A SW | recorded~2021 (DB date, not legal located date) | src: BLM MLRS Not Closed | boundary approx (BLM quarter-section) | do not dig here (active claim)</description><styleUrl>#s0</styleUrl><Polygon><outerBoundaryIs><LinearRing><coordinates>-123.191841,42.775958,0 -123.191866,42.777777,0 -123.189373,42.777753,0 -123.186912,42.777730,0 -123.186878,42.777730,0 -123.184387,42.777706,0 -123.181958,42.777683,0 -123.181920,42.775873,0 -123.181976,42.774067,0 -123.181965,42.773160,0 -123.181975,42.772255,0 -123.181985,42.771351,0 -123.182125,42.770406,0 -123.183217,42.770453,0 -123.184438,42.770460,0 -123.185659,42.770467,0 -123.186881,42.770474,0 -123.191750,42.770500,0 -123.191779,42.772320,0 -123.191816,42.774139,0 -123.191841,42.775958,0</coordinates></LinearRing></outerBoundaryIs></Polygon></Placemark><Placemark><name>HOGUM 2</name><description>placer | serial ORMC23757 | 20.0 ac | Active | qtr-sec OR 33 0320S 0040W 028 A NW | recorded~2021 (DB date, not legal located date) | src: BLM MLRS Not Closed | boundary approx (BLM quarter-section) | do not dig here (active claim)</description><styleUrl>#s0</styleUrl><Polygon><outerBoundaryIs><LinearRing><coordinates>-123.186881,42.770474,0 -123.185659,42.770467,0 -123.184438,42.770460,0 -123.183217,42.770453,0 -123.182125,42.770406,0 -123.181988,42.768632,0 -123.181981,42.766818,0 -123.181967,42.763190,0 -123.186566,42.763188,0 -123.186836,42.763188,0 -123.187470,42.763188,0 -123.191696,42.763186,0 -123.191720,42.765015,0 -123.191736,42.766844,0 -123.191741,42.768675,0 -123.191750,42.770500,0 -123.186881,42.770474,0</coordinates></LinearRing></outerBoundaryIs></Polygon></Placemark><Placemark><name>Goldopolis</name><description>placer | serial OR105801780 | 80.0 ac | Active | qtr-sec OR 33 0330S 0040W 021 RemainderAliquotPartNENENE | OR 33 0330S 0040W 021 RemainderAliquotPartNENESENE | OR 33 0330S 0040W 021 RemainderAliquotPartNENWNE | OR 33 0330S 0040W 021 RemainderAliquotPartNENWSENE | OR 33 0330S 0040W 021 RemainderAli…</description><styleUrl>#s0</styleUrl><Polygon><outerBoundaryIs><LinearRing><coordinates>-123.175620,42.691897,0 -123.175623,42.690994,0 -123.175625,42.690091,0 -123.175628,42.689188,0 -123.175631,42.688286,0 -123.178104,42.688289,0 -123.180577,42.688292,0 -123.180582,42.691898,0 -123.178101,42.691897,0 -123.175620,42.691897,0</coordinates></LinearRing></outerBoundaryIs></Polygon></Placemark><Placemark><name>Cow 1</name><description>placer | serial OR105810520 | 20.0 ac | Active | qtr-sec OR 33 0320S 0080W 009 A SE|OR 33 0320S 0080W 009 A NWSE|OR 33 0320S 0080W 009 A SWSE|OR 33 0320S 0080W 009 A SESE|OR 33 0320S 0080W 009 A Government Lot 15|OR 33 0320S 0080W 009 A NESE|OR 33 0320S 0080W 009 A Government Lot 8|OR 33 0320S 0080…</description><styleUrl>#s0</styleUrl><Polygon><outerBoundaryIs><LinearRing><coordinates>-123.651320,42.796897,0 -123.656071,42.796855,0 -123.660823,42.796813,0 -123.660896,42.800316,0 -123.660970,42.803819,0 -123.661042,42.807322,0 -123.661115,42.810824,0 -123.656297,42.810844,0 -123.651480,42.810866,0 -123.646663,42.810890,0 -123.641846,42.810914,0 -123.641839,42.807430,0 -123.641832,42.803946,0 -123.641825,42.800462,0 -123.641818,42.796978,0 -123.646569,42.796938,0 -123.651320,42.796897,0</coordinates></LinearRing></outerBoundaryIs></Polygon></Placemark><Placemark><name>Cow 2</name><description>placer | serial OR105810521 | 20.0 ac | Active | qtr-sec OR 33 0320S 0080W 009 A SE|OR 33 0320S 0080W 009 A NWSE|OR 33 0320S 0080W 009 A SWSE|OR 33 0320S 0080W 009 A SESE|OR 33 0320S 0080W 009 A Government Lot 15|OR 33 0320S 0080W 009 A NESE|OR 33 0320S 0080W 009 A Government Lot 8|OR 33 0320S 0080…</description><styleUrl>#s0</styleUrl><Polygon><outerBoundaryIs><LinearRing><coordinates>-123.651320,42.796897,0 -123.656071,42.796855,0 -123.660823,42.796813,0 -123.660896,42.800316,0 -123.660970,42.803819,0 -123.661042,42.807322,0 -123.661115,42.810824,0 -123.656297,42.810844,0 -123.651480,42.810866,0 -123.646663,42.810890,0 -123.641846,42.810914,0 -123.641839,42.807430,0 -123.641832,42.803946,0 -123.641825,42.800462,0 -123.641818,42.796978,0 -123.646569,42.796938,0 -123.651320,42.796897,0</coordinates></LinearRing></outerBoundaryIs></Polygon></Placemark><Placemark><name>COW 3</name><description>placer | serial OR105819658 | 273.22 ac | Active | qtr-sec OR 33 0320S 0080W 009 A NW | recorded~2023 (DB date, not legal located date) | src: BLM MLRS Not Closed | boundary approx (BLM quarter-section) | do not dig here (active claim)</description><styleUrl>#s0</styleUrl><Polygon><outerBoundaryIs><LinearRing><coordinates>-123.656297,42.810844,0 -123.651480,42.810866,0 -123.651440,42.807374,0 -123.651400,42.803883,0 -123.656185,42.803851,0 -123.660970,42.803819,0 -123.661042,42.807322,0 -123.661115,42.810824,0 -123.656297,42.810844,0</coordinates></LinearRing></outerBoundaryIs></Polygon></Placemark><Placemark><name>Two Hole</name><description>placer | serial OR106333449 | 2587.9 ac | Active | qtr-sec OR 33 0320S 0050W 025 Lot1 | OR 33 0320S 0050W 025 Lot2 | OR 33 0320S 0050W 025 Lot7 | OR 33 0320S 0050W 025 Lot8 | OR 33 0320S 0050W 025 A SW | recorded~2023 (DB date, not legal located date) | src: BLM MLRS Not Closed | boundary approx (B…</description><styleUrl>#s0</styleUrl><Polygon><outerBoundaryIs><LinearRing><coordinates>-123.242115,42.753921,0 -123.247050,42.753933,0 -123.247156,42.757338,0 -123.247271,42.760960,0 -123.242471,42.760937,0 -123.237670,42.760914,0 -123.237417,42.757284,0 -123.237181,42.753908,0 -123.237218,42.753908,0 -123.242115,42.753921,0</coordinates></LinearRing></outerBoundaryIs></Polygon></Placemark><Placemark><name>Lower Cow Creek 1</name><description>placer | serial OR106336493 | 40.0 ac | Active | qtr-sec OR 33 0310S 0070W 017 A NENW | recorded~2023 (DB date, not legal located date) | src: BLM MLRS Not Closed | boundary approx (BLM quarter-section) | do not dig here (active claim)</description><styleUrl>#s0</styleUrl><Polygon><outerBoundaryIs><LinearRing><coordinates>-123.558359,42.880162,0 -123.560792,42.880107,0 -123.560965,42.884099,0 -123.556110,42.884146,0 -123.555925,42.880216,0 -123.558359,42.880162,0</coordinates></LinearRing></outerBoundaryIs></Polygon></Placemark><Placemark><name>Bull Run 3</name><description>placer | serial OR106340875 | 2587.9 ac | Filed | qtr-sec OR 33 0320S 0050W 025 Lot1 | OR 33 0320S 0050W 025 Lot2 | OR 33 0320S 0050W 025 Lot7 | OR 33 0320S 0050W 025 Lot8 | OR 33 0320S 0050W 025 A SW | recorded~2023 (DB date, not legal located date) | src: BLM MLRS Not Closed | boundary approx (BL…</description><styleUrl>#s0</styleUrl><Polygon><outerBoundaryIs><LinearRing><coordinates>-123.242115,42.753921,0 -123.247050,42.753933,0 -123.247156,42.757338,0 -123.247271,42.760960,0 -123.242471,42.760937,0 -123.237670,42.760914,0 -123.237417,42.757284,0 -123.237181,42.753908,0 -123.237218,42.753908,0 -123.242115,42.753921,0</coordinates></LinearRing></outerBoundaryIs></Polygon></Placemark><Placemark><name>Bull Run 4</name><description>placer | serial OR106340876 | 2570.85 ac | Filed | qtr-sec OR 33 0320S 0050W 025 Lot3 | OR 33 0320S 0050W 025 Lot4 | OR 33 0320S 0050W 025 Lot5 | OR 33 0320S 0050W 025 Lot6 | OR 33 0320S 0050W 025 A SE | recorded~2023 (DB date, not legal located date) | src: BLM MLRS Not Closed | boundary approx (B…</description><styleUrl>#s0</styleUrl><Polygon><outerBoundaryIs><LinearRing><coordinates>-123.232195,42.753876,0 -123.232892,42.753877,0 -123.237181,42.753908,0 -123.237417,42.757284,0 -123.237670,42.760914,0 -123.233140,42.760892,0 -123.228611,42.760870,0 -123.228613,42.759438,0 -123.228617,42.757213,0 -123.228620,42.755818,0 -123.228623,42.753854,0 -123.232195,42.753876,0</coordinates></LinearRing></outerBoundaryIs></Polygon></Placemark><Placemark><name>Da Bull</name><description>placer | serial OR106341088 | 2587.9 ac | Active | qtr-sec OR 33 0320S 0050W 025 Lot1 | OR 33 0320S 0050W 025 Lot2 | OR 33 0320S 0050W 025 Lot7 | OR 33 0320S 0050W 025 Lot8 | OR 33 0320S 0050W 025 A SW | recorded~2023 (DB date, not legal located date) | src: BLM MLRS Not Closed | boundary approx (B…</description><styleUrl>#s0</styleUrl><Polygon><outerBoundaryIs><LinearRing><coordinates>-123.242115,42.753921,0 -123.247050,42.753933,0 -123.247156,42.757338,0 -123.247271,42.760960,0 -123.242471,42.760937,0 -123.237670,42.760914,0 -123.237417,42.757284,0 -123.237181,42.753908,0 -123.237218,42.753908,0 -123.242115,42.753921,0</coordinates></LinearRing></outerBoundaryIs></Polygon></Placemark><Placemark><name>Country Gold</name><description>placer | serial OR106345788 | 333.08 ac | Active | qtr-sec OR 33 0320S 0080W 005 A NE | OR 33 0320S 0080W 005 A NW | recorded~2024 (DB date, not legal located date) | src: BLM MLRS Not Closed | boundary approx (BLM quarter-section) | do not dig here (active claim)</description><styleUrl>#s0</styleUrl><Polygon><outerBoundaryIs><LinearRing><coordinates>-123.679377,42.820830,0 -123.678394,42.824952,0 -123.673697,42.824942,0 -123.669002,42.824941,0 -123.669419,42.821082,0 -123.669804,42.817521,0 -123.675000,42.817301,0 -123.680195,42.817081,0 -123.679377,42.820830,0</coordinates></LinearRing></outerBoundaryIs></Polygon></Placemark><Placemark><name>Bull Run 6</name><description>placer | serial OR106346986 | 40.0 ac | Active | qtr-sec OR 33 0320S 0040W 031 A N2NENW | recorded~2024 (DB date, not legal located date) | src: BLM MLRS Not Closed | boundary approx (BLM quarter-section) | do not dig here (active claim)</description><styleUrl>#s0</styleUrl><Polygon><outerBoundaryIs><LinearRing><coordinates>-123.221239,42.755797,0 -123.221201,42.753988,0 -123.223699,42.753993,0 -123.226197,42.753999,0 -123.226221,42.755811,0 -123.223730,42.755804,0 -123.221239,42.755797,0</coordinates></LinearRing></outerBoundaryIs></Polygon></Placemark><Placemark><name>Fortune 9A</name><description>placer | serial OR106349910 | 40.0 ac | Active | qtr-sec OR 33 0320S 0050W 009 A S2SWSW | recorded~2024 (DB date, not legal located date) | src: BLM MLRS Not Closed | boundary approx (BLM quarter-section) | do not dig here (active claim)</description><styleUrl>#s0</styleUrl><Polygon><outerBoundaryIs><LinearRing><coordinates>-123.302824,42.799302,0 -123.302834,42.797514,0 -123.305298,42.797519,0 -123.307761,42.797524,0 -123.307742,42.799311,0 -123.305283,42.799307,0 -123.302824,42.799302,0</coordinates></LinearRing></outerBoundaryIs></Polygon></Placemark><Placemark><name>RMPA Union</name><description>placer | serial OR106359320 | 20.0 ac | Active | qtr-sec OR 33 0310S 0080W 011 A NW | recorded~2024 (DB date, not legal located date) | src: BLM MLRS Not Closed | boundary approx (BLM quarter-section) | do not dig here (active claim)</description><styleUrl>#s0</styleUrl><Polygon><outerBoundaryIs><LinearRing><coordinates>-123.622501,42.897689,0 -123.617774,42.897715,0 -123.613046,42.897742,0 -123.613000,42.894105,0 -123.612977,42.892286,0 -123.612954,42.890467,0 -123.617735,42.890432,0 -123.622516,42.890397,0 -123.622509,42.894043,0 -123.622501,42.897689,0</coordinates></LinearRing></outerBoundaryIs></Polygon></Placemark><Placemark><name>Grave Creek Gold</name><description>placer | serial OR106361111 | 140.0 ac | Active | qtr-sec OR 33 0330S 0040W 003 A NE | recorded~2024 (DB date, not legal located date) | src: BLM MLRS Not Closed | boundary approx (BLM quarter-section) | do not dig here (active claim)</description><styleUrl>#s0</styleUrl><Polygon><outerBoundaryIs><LinearRing><coordinates>-123.160676,42.737772,0 -123.157017,42.737755,0 -123.155728,42.737749,0 -123.154701,42.737745,0 -123.152037,42.737727,0 -123.150781,42.737719,0 -123.150826,42.734994,0 -123.150887,42.731391,0 -123.155821,42.731446,0 -123.160755,42.731502,0 -123.160710,42.735095,0 -123.160676,42.737772,0</coordinates></LinearRing></outerBoundaryIs></Polygon></Placemark><Placemark><name>Painted Horse</name><description>placer | serial OR106363908 | 160.0 ac | Active | qtr-sec OR 33 0320S 0040W 015 A SE | recorded~2024 (DB date, not legal located date) | src: BLM MLRS Not Closed | boundary approx (BLM quarter-section) | do not dig here (active claim)</description><styleUrl>#s0</styleUrl><Polygon><outerBoundaryIs><LinearRing><coordinates>-123.157206,42.784936,0 -123.159642,42.784947,0 -123.162078,42.784958,0 -123.162073,42.788457,0 -123.162067,42.791956,0 -123.157230,42.791999,0 -123.154812,42.792021,0 -123.152391,42.792040,0 -123.152378,42.790261,0 -123.152363,42.788479,0 -123.152348,42.786697,0 -123.152333,42.784914,0 -123.154769,42.784925,0 -123.157206,42.784936,0</coordinates></LinearRing></outerBoundaryIs></Polygon></Placemark><Placemark><name>Horseshoe</name><description>placer | serial OR106363909 | 160.0 ac | Active | qtr-sec OR 33 0320S 0040W 015 A NW | recorded~2024 (DB date, not legal located date) | src: BLM MLRS Not Closed | boundary approx (BLM quarter-section) | do not dig here (active claim)</description><styleUrl>#s0</styleUrl><Polygon><outerBoundaryIs><LinearRing><coordinates>-123.171815,42.799110,0 -123.166936,42.799174,0 -123.162050,42.799163,0 -123.162061,42.795593,0 -123.162067,42.791956,0 -123.166929,42.791912,0 -123.171788,42.791826,0 -123.171804,42.795492,0 -123.171815,42.799110,0</coordinates></LinearRing></outerBoundaryIs></Polygon></Placemark><Placemark><name>Grave Digger Gold</name><description>placer | serial OR106367729 | 1438.4 ac | Active | qtr-sec OR 33 0330S 0040W 003 Lot1 | OR 33 0330S 0040W 003 Lot2 | OR 33 0330S 0040W 003 SENE | OR 33 0330S 0040W 003 SWNE | OR 33 0330S 0040W 003 A SE | recorded~2024 (DB date, not legal located date) | src: BLM MLRS Not Closed | boundary approx (B…</description><styleUrl>#s0</styleUrl><Polygon><outerBoundaryIs><LinearRing><coordinates>-123.160846,42.724185,0 -123.160800,42.727843,0 -123.160755,42.731502,0 -123.155821,42.731446,0 -123.150887,42.731391,0 -123.150910,42.727700,0 -123.150933,42.724009,0 -123.155889,42.724097,0 -123.160846,42.724185,0</coordinates></LinearRing></outerBoundaryIs></Polygon></Placemark><Placemark><name>Little Nugget</name><description>placer | serial OR106377475 | 60.0 ac | Filed | qtr-sec OR 33 0330S 0040W 019 A NE | OR 33 0330S 0040W 019 A SE | recorded~2024 (DB date, not legal located date) | src: BLM MLRS Not Closed | boundary approx (BLM quarter-section) | do not dig here (active claim)</description><styleUrl>#s0</styleUrl><Polygon><outerBoundaryIs><LinearRing><coordinates>-123.220196,42.688154,0 -123.218978,42.688155,0 -123.217759,42.688157,0 -123.216541,42.688159,0 -123.215323,42.688160,0 -123.210449,42.688167,0 -123.210445,42.684592,0 -123.210441,42.681017,0 -123.215348,42.680981,0 -123.220255,42.680945,0 -123.220226,42.684549,0 -123.220196,42.688154,0</coordinates></LinearRing></outerBoundaryIs></Polygon></Placemark><Placemark><name>Shively 1</name><description>placer | serial OR106384640 | 20.0 ac | Active | qtr-sec OR 33 0310S 0040W 011 A NW | recorded~2024 (DB date, not legal located date) | src: BLM MLRS Not Closed | boundary approx (BLM quarter-section) | do not dig here (active claim)</description><styleUrl>#s0</styleUrl><Polygon><outerBoundaryIs><LinearRing><coordinates>-123.146004,42.892466,0 -123.150928,42.892521,0 -123.150827,42.896116,0 -123.150727,42.899711,0 -123.145862,42.899541,0 -123.143429,42.899456,0 -123.140997,42.899372,0 -123.140996,42.897602,0 -123.141039,42.895891,0 -123.141080,42.892411,0 -123.146004,42.892466,0</coordinates></LinearRing></outerBoundaryIs></Polygon></Placemark><Placemark><name>Bummer Gulch</name><description>placer | serial OR106389221 | 20.0 ac | Active | qtr-sec OR 33 0330S 0050W 010 A SW | recorded~2024 (DB date, not legal located date) | src: BLM MLRS Not Closed | boundary approx (BLM quarter-section) | do not dig here (active claim)</description><styleUrl>#s0</styleUrl><Polygon><outerBoundaryIs><LinearRing><coordinates>-123.289048,42.713700,0 -123.289050,42.716460,0 -123.289050,42.717380,0 -123.286588,42.717382,0 -123.284127,42.717383,0 -123.281665,42.717384,0 -123.279203,42.717385,0 -123.279173,42.713739,0 -123.279143,42.710093,0 -123.281619,42.710075,0 -123.284094,42.710056,0 -123.286570,42.710038,0 -123.289045,42.710020,0 -123.289048,42.713700,0</coordinates></LinearRing></outerBoundaryIs></Polygon></Placemark><Placemark><name>Slutter Mine 4</name><description>placer | serial OR106392088 | 44.3 ac | Active | qtr-sec OR 33 0330S 0050W 011 A N2NESW | recorded~2024 (DB date, not legal located date) | src: BLM MLRS Not Closed | boundary approx (BLM quarter-section) | do not dig here (active claim)</description><styleUrl>#s0</styleUrl><Polygon><outerBoundaryIs><LinearRing><coordinates>-123.259332,42.717280,0 -123.259322,42.715451,0 -123.261822,42.715492,0 -123.264322,42.715534,0 -123.264331,42.717359,0 -123.261832,42.717319,0 -123.259332,42.717280,0</coordinates></LinearRing></outerBoundaryIs></Polygon></Placemark><Placemark><name>Slutter Mine 2</name><description>placer | serial OR106392089 | 40.0 ac | Active | qtr-sec OR 33 0330S 0050W 010 A N2NESE | recorded~2024 (DB date, not legal located date) | src: BLM MLRS Not Closed | boundary approx (BLM quarter-section) | do not dig here (active claim)</description><styleUrl>#s0</styleUrl><Polygon><outerBoundaryIs><LinearRing><coordinates>-123.271782,42.717409,0 -123.269309,42.717417,0 -123.269306,42.715601,0 -123.271777,42.715591,0 -123.274247,42.715582,0 -123.274256,42.717402,0 -123.271782,42.717409,0</coordinates></LinearRing></outerBoundaryIs></Polygon></Placemark><Placemark><name>Slutter mine 3</name><description>placer | serial OR106392090 | 61.56 ac | Active | qtr-sec OR 33 0330S 0050W 011 A N2NWSW | recorded~2024 (DB date, not legal located date) | src: BLM MLRS Not Closed | boundary approx (BLM quarter-section) | do not dig here (active claim)</description><styleUrl>#s0</styleUrl><Polygon><outerBoundaryIs><LinearRing><coordinates>-123.264331,42.717359,0 -123.264322,42.715534,0 -123.266822,42.715575,0 -123.269321,42.715616,0 -123.269329,42.717438,0 -123.266830,42.717398,0 -123.264331,42.717359,0</coordinates></LinearRing></outerBoundaryIs></Polygon></Placemark><Placemark><name>Golden Gravels 2</name><description>placer | serial OR106392130 | 40.0 ac | Active | qtr-sec OR 33 0320S 0080W 012 A NWSE | recorded~2024 (DB date, not legal located date) | src: BLM MLRS Not Closed | boundary approx (BLM quarter-section) | do not dig here (active claim)</description><styleUrl>#s0</styleUrl><Polygon><outerBoundaryIs><LinearRing><coordinates>-123.588965,42.800268,0 -123.593666,42.800280,0 -123.593565,42.803793,0 -123.588925,42.803776,0 -123.588965,42.800268,0</coordinates></LinearRing></outerBoundaryIs></Polygon></Placemark><Placemark><name>slutter mine 1</name><description>placer | serial OR106695314 | 20.0 ac | Filed | qtr-sec OR 33 0330S 0050W 010 NENENWSE | OR 33 0330S 0050W 010 NENWNWSE | OR 33 0330S 0050W 010 NWNENWSE | OR 33 0330S 0050W 010 NWNWNWSE | OR 33 0330S 0050W 010 SESESWNE | OR 33 0330S 0050W 010 SESWSWNE | OR 33 0330S 0050W 010 SWSESWNE | OR 33 0330S …</description><styleUrl>#s0</styleUrl><Polygon><outerBoundaryIs><LinearRing><coordinates>-123.277966,42.718307,0 -123.277966,42.717389,0 -123.279203,42.717385,0 -123.279202,42.718305,0 -123.277966,42.718307,0</coordinates></LinearRing></outerBoundaryIs></Polygon></Placemark><Placemark><name>Morgan Mine</name><description>lode | serial OR106696444 | 20.66 ac | Active | qtr-sec OR 33 0320S 0040W 025 SE | recorded~2024 (DB date, not legal located date) | src: BLM MLRS Not Closed | boundary approx (BLM quarter-section) | do not dig here (active claim)</description><styleUrl>#s0</styleUrl><Polygon><outerBoundaryIs><LinearRing><coordinates>-123.122360,42.759365,0 -123.122144,42.762986,0 -123.117152,42.762993,0 -123.112160,42.763000,0 -123.112409,42.759436,0 -123.112413,42.759378,0 -123.112642,42.755832,0 -123.112647,42.755750,0 -123.117615,42.755845,0 -123.122515,42.755939,0 -123.122360,42.759365,0</coordinates></LinearRing></outerBoundaryIs></Polygon></Placemark><Placemark><name>GOLDEN GRAVELS 3</name><description>placer | serial OR106697035 | 40.0 ac | Active | qtr-sec OR 33 0310S 0070W 019 L 1-2,NW | recorded~2024 (DB date, not legal located date) | src: BLM MLRS Not Closed | boundary approx (BLM quarter-section) | do not dig here (active claim)</description><styleUrl>#s0</styleUrl><Polygon><outerBoundaryIs><LinearRing><coordinates>-123.584479,42.868823,0 -123.579795,42.868892,0 -123.579737,42.865285,0 -123.579680,42.861679,0 -123.584395,42.861604,0 -123.584437,42.865214,0 -123.584479,42.868823,0</coordinates></LinearRing></outerBoundaryIs></Polygon></Placemark><Placemark><name>Golden Gravels 4</name><description>placer | serial OR106697097 | 40.0 ac | Active | qtr-sec OR 33 0310S 0070W 019 NENW | recorded~2024 (DB date, not legal located date) | src: BLM MLRS Not Closed | boundary approx (BLM quarter-section) | do not dig here (active claim)</description><styleUrl>#s0</styleUrl><Polygon><outerBoundaryIs><LinearRing><coordinates>-123.579737,42.865285,0 -123.579795,42.868892,0 -123.574942,42.868962,0 -123.574899,42.865359,0 -123.579737,42.865285,0</coordinates></LinearRing></outerBoundaryIs></Polygon></Placemark><Placemark><name>Cow 123</name><description>placer | serial OR106701466 | 20.0 ac | Active | qtr-sec OR 33 0320S 0080W 005 W2SWNW | recorded~2024 (DB date, not legal located date) | src: BLM MLRS Not Closed | boundary approx (BLM quarter-section) | do not dig here (active claim)</description><styleUrl>#s0</styleUrl><Polygon><outerBoundaryIs><LinearRing><coordinates>-123.677597,42.817191,0 -123.680195,42.817081,0 -123.679786,42.818956,0 -123.679377,42.820830,0 -123.676877,42.820893,0 -123.677237,42.819042,0 -123.677597,42.817191,0</coordinates></LinearRing></outerBoundaryIs></Polygon></Placemark><Placemark><name>Cow 1234</name><description>placer | serial OR106704810 | 20.0 ac | Under Review | qtr-sec OR 33 0320S 0080W 005 E2SENE | recorded~2024 (DB date, not legal located date) | src: BLM MLRS Not Closed | boundary approx (BLM quarter-section) | do not dig here (active claim)</description><styleUrl>#s0</styleUrl><Polygon><outerBoundaryIs><LinearRing><coordinates>-123.661182,42.817885,0 -123.663337,42.817794,0 -123.663004,42.819528,0 -123.662671,42.821262,0 -123.660421,42.821322,0 -123.660801,42.819604,0 -123.661182,42.817885,0</coordinates></LinearRing></outerBoundaryIs></Polygon></Placemark><Placemark><name>Grave Digger</name><description>placer | serial OR106713841 | 20.0 ac | Active | qtr-sec OR 33 0330S 0040W 015 A W2NWSW | recorded~2025 (DB date, not legal located date) | src: BLM MLRS Not Closed | boundary approx (BLM quarter-section) | do not dig here (active claim)</description><styleUrl>#s0</styleUrl><Polygon><outerBoundaryIs><LinearRing><coordinates>-123.168200,42.699137,0 -123.170631,42.699147,0 -123.170632,42.700964,0 -123.170634,42.702781,0 -123.168197,42.702772,0 -123.168198,42.700954,0 -123.168200,42.699137,0</coordinates></LinearRing></outerBoundaryIs></Polygon></Placemark><Placemark><name>Last Chance</name><description>placer | serial OR106715355 | 80.0 ac | Filed | qtr-sec OR 33 0330S 0040W 003 A NWSW | OR 33 0330S 0040W 003 A SWSW | recorded~2025 (DB date, not legal located date) | src: BLM MLRS Not Closed | boundary approx (BLM quarter-section) | do not dig here (active claim)</description><styleUrl>#s0</styleUrl><Polygon><outerBoundaryIs><LinearRing><coordinates>-123.165803,42.724272,0 -123.170759,42.724360,0 -123.170687,42.727986,0 -123.170614,42.731612,0 -123.165684,42.731557,0 -123.165743,42.727915,0 -123.165803,42.724272,0</coordinates></LinearRing></outerBoundaryIs></Polygon></Placemark><Placemark><name>Fortune Branch Lode Claim 2</name><description>lode | serial OR106715603 | 20.66 ac | Active | qtr-sec OR 33 0310S 0050W 027 SW | OR 33 0310S 0050W 028 SE | OR 33 0310S 0050W 033 NE | OR 33 0310S 0050W 034 NW | recorded~2025 (DB date, not legal located date) | src: BLM MLRS Not Closed | boundary approx (BLM quarter-section) | do not dig here (a…</description><styleUrl>#s0</styleUrl><Polygon><outerBoundaryIs><LinearRing><coordinates>-123.287146,42.840195,0 -123.282175,42.840250,0 -123.277204,42.840304,0 -123.277301,42.836719,0 -123.277398,42.833135,0 -123.282334,42.833173,0 -123.287271,42.833211,0 -123.287208,42.836703,0 -123.287146,42.840195,0</coordinates></LinearRing></outerBoundaryIs></Polygon></Placemark><Placemark><name>Fortune Branch Lode Claim 1</name><description>lode | serial OR106715602 | 20.66 ac | Active | qtr-sec OR 33 0310S 0050W 027 SW | OR 33 0310S 0050W 028 SE | recorded~2025 (DB date, not legal located date) | src: BLM MLRS Not Closed | boundary approx (BLM quarter-section) | do not dig here (active claim)</description><styleUrl>#s0</styleUrl><Polygon><outerBoundaryIs><LinearRing><coordinates>-123.287470,42.847168,0 -123.287308,42.843682,0 -123.287146,42.840195,0 -123.292165,42.840155,0 -123.297184,42.840116,0 -123.297278,42.843651,0 -123.297371,42.847187,0 -123.292421,42.847177,0 -123.287470,42.847168,0</coordinates></LinearRing></outerBoundaryIs></Polygon></Placemark><Placemark><name>New CD Lode</name><description>lode | serial OR106723987 | 1332.42 ac | Active | qtr-sec OR 33 0320S 0040W 033 E NENW | recorded~2025 (DB date, not legal located date) | src: BLM MLRS Not Closed | boundary approx (BLM quarter-section) | do not dig here (active claim)</description><styleUrl>#s0</styleUrl><Polygon><outerBoundaryIs><LinearRing><coordinates>-123.180527,42.737771,0 -123.181586,42.737760,0 -123.183871,42.737736,0 -123.185503,42.737728,0 -123.186399,42.737723,0 -123.190482,42.737702,0 -123.191213,42.737698,0 -123.191318,42.741261,0 -123.191400,42.744965,0 -123.191496,42.748648,0 -123.191515,42.749551,0 -123.191533,42.750454,0 -123.191551,42.751357,0 -123.191569,42.752260,0 -123.191587,42.753163,0 -123.191605,42.754066,0 -123.191624,42.754969,0 -123.191642,42.755872,0 -123.190429,42.755886,0 -123.189216,42.755901,0 -123.188003,42.755916,0 -123.186790,42.755931,0 -123.184364,42.755960,0 -123.181938,42.755990,0 -123.179481,42.755991,0 -123.179477,42.755991,0 -123.177016,42.755992,0 -123.174554,42.755995,0 -123.172158,42.755999,0 -123.172143,42.754177,0 -123.172128,42.752361,0 -123.172230,42.748724,0 -123.172157,42.745054,0 -123.172085,42.741383,0 -123.171959,42.737828,0 -123.174082,42.737838,0 -123.175548,42.737823,0 -123.176772,42.737811,0 -123.180527,42.737771,0</coordinates></LinearRing></outerBoundaryIs></Polygon></Placemark><Placemark><name>Grave Creek Flats</name><description>placer | serial OR105816533 | 20.0 ac | Active | qtr-sec OR 33 0330S 0040W 015 A Remainder Aliquot Part NWNENW|OR 33 0330S 0040W 015 A SENW|OR 33 0330S 0040W 015 A NWNW|OR 33 0330S 0040W 015 A Remainder Aliquot Part NENENW|OR 33 0330S 0040W 015 A Remainder Aliquot Part SWNENW|OR 33 0330S 0040W 015 …</description><styleUrl>#s0</styleUrl><Polygon><outerBoundaryIs><LinearRing><coordinates>-123.160886,42.702742,0 -123.165760,42.702762,0 -123.168197,42.702772,0 -123.170634,42.702781,0 -123.170636,42.706416,0 -123.170639,42.710051,0 -123.165741,42.710031,0 -123.163292,42.710021,0 -123.160843,42.710011,0 -123.160854,42.708194,0 -123.160864,42.706377,0 -123.160886,42.702742,0</coordinates></LinearRing></outerBoundaryIs></Polygon></Placemark><Placemark><name>Bucket List</name><description>placer | serial OR106740296 | 40.0 ac | Filed | qtr-sec OR 33 0320S 0080W 012 A SENE | OR 33 0320S 0080W 012 A SWNE | OR 33 0320S 0080W 012 A NENE | OR 33 0320S 0080W 012 A NWNE | recorded~2025 (DB date, not legal located date) | src: BLM MLRS Not Closed | boundary approx (BLM quarter-section) | do…</description><styleUrl>#s0</styleUrl><Polygon><outerBoundaryIs><LinearRing><coordinates>-123.584284,42.803758,0 -123.588925,42.803776,0 -123.593565,42.803793,0 -123.593464,42.807362,0 -123.593365,42.810952,0 -123.588835,42.810921,0 -123.584307,42.810911,0 -123.584294,42.807333,0 -123.584284,42.803758,0</coordinates></LinearRing></outerBoundaryIs></Polygon></Placemark><Placemark><name>CCMC 97</name><description>placer | serial OR106747660 | 20.0 ac | Active | qtr-sec OR 33 0320S 0080W 005 A SWNW | OR 33 0320S 0080W 005 A SENW | OR 33 0320S 0080W 005 L 3 | OR 33 0320S 0080W 005 L 4 | recorded~2025 (DB date, not legal located date) | src: BLM MLRS Not Closed | boundary approx (BLM quarter-section) | do not …</description><styleUrl>#s0</styleUrl><Polygon><outerBoundaryIs><LinearRing><coordinates>-123.680195,42.817081,0 -123.679377,42.820830,0 -123.678394,42.824952,0 -123.673697,42.824942,0 -123.669002,42.824941,0 -123.669419,42.821082,0 -123.669804,42.817521,0 -123.675000,42.817301,0 -123.680195,42.817081,0</coordinates></LinearRing></outerBoundaryIs></Polygon></Placemark><Placemark><name>Bull Run 5</name><description>placer | serial OR106749699 | 20.0 ac | Active | qtr-sec OR 33 0320S 0040W 031 L 1 | recorded~2025 (DB date, not legal located date) | src: BLM MLRS Not Closed | boundary approx (BLM quarter-section) | do not dig here (active claim)</description><styleUrl>#s0</styleUrl><Polygon><outerBoundaryIs><LinearRing><coordinates>-123.228623,42.753563,0 -123.228623,42.753854,0 -123.228620,42.755818,0 -123.226235,42.755811,0 -123.226221,42.755811,0 -123.226174,42.752187,0 -123.228615,42.752191,0 -123.228623,42.753563,0</coordinates></LinearRing></outerBoundaryIs></Polygon></Placemark><Placemark><name>Whitehorse</name><description>placer | serial OR106750058 | 20.0 ac | Filed | qtr-sec OR 33 0320S 0040W 015 A NWSE | OR 33 0320S 0040W 015 A SWSE | OR 33 0320S 0040W 015 A NENESE | OR 33 0320S 0040W 015 A NWNESE | OR 33 0320S 0040W 015 A SWNESE | OR 33 0320S 0040W 015 A SENESE | OR 33 0320S 0040W 015 A NESESE | OR 33 0320S 0040…</description><styleUrl>#s0</styleUrl><Polygon><outerBoundaryIs><LinearRing><coordinates>-123.152333,42.784914,0 -123.154769,42.784925,0 -123.157206,42.784936,0 -123.159642,42.784947,0 -123.162078,42.784958,0 -123.162073,42.788457,0 -123.162067,42.791956,0 -123.157230,42.791999,0 -123.154812,42.792021,0 -123.152391,42.792040,0 -123.152378,42.790261,0 -123.152363,42.788479,0 -123.152348,42.786697,0 -123.152333,42.784914,0</coordinates></LinearRing></outerBoundaryIs></Polygon></Placemark><Placemark><name>Piggy Bank</name><description>placer | serial OR106750061 | 40.0 ac | Active | qtr-sec OR 33 0320S 0070W 020 A S2NWSE | recorded~2025 (DB date, not legal located date) | src: BLM MLRS Not Closed | boundary approx (BLM quarter-section) | do not dig here (active claim)</description><styleUrl>#s0</styleUrl><Polygon><outerBoundaryIs><LinearRing><coordinates>-123.549336,42.773640,0 -123.549341,42.771859,0 -123.551760,42.771893,0 -123.554178,42.771927,0 -123.554180,42.773703,0 -123.551758,42.773671,0 -123.549336,42.773640,0</coordinates></LinearRing></outerBoundaryIs></Polygon></Placemark><Placemark><name>Gold Ravine</name><description>placer | serial OR106750059 | 20.0 ac | Active | qtr-sec OR 33 0320S 0070W 019 A S2NESE | recorded~2025 (DB date, not legal located date) | src: BLM MLRS Not Closed | boundary approx (BLM quarter-section) | do not dig here (active claim)</description><styleUrl>#s0</styleUrl><Polygon><outerBoundaryIs><LinearRing><coordinates>-123.563672,42.773822,0 -123.563722,42.772068,0 -123.566204,42.772066,0 -123.568685,42.772063,0 -123.568701,42.773836,0 -123.566186,42.773829,0 -123.563672,42.773822,0</coordinates></LinearRing></outerBoundaryIs></Polygon></Placemark><Placemark><name>Golden Gravels 1</name><description>placer | serial OR106750062 | 44.33 ac | Active | qtr-sec OR 33 0320S 0070W 007 A W2SWSW | recorded~2025 (DB date, not legal located date) | src: BLM MLRS Not Closed | boundary approx (BLM quarter-section) | do not dig here (active claim)</description><styleUrl>#s0</styleUrl><Polygon><outerBoundaryIs><LinearRing><coordinates>-123.581401,42.796693,0 -123.584243,42.796750,0 -123.584255,42.798503,0 -123.584266,42.800256,0 -123.581447,42.800232,0 -123.581424,42.798463,0 -123.581401,42.796693,0</coordinates></LinearRing></outerBoundaryIs></Polygon></Placemark><Placemark><name>Southern Strip</name><description>placer | serial OR106750542 | 40.0 ac | Active | qtr-sec OR 33 0330S 0050W 002 A E2NESW | OR 33 0330S 0050W 002 A E2SESW | recorded~2025 (DB date, not legal located date) | src: BLM MLRS Not Closed | boundary approx (BLM quarter-section) | do not dig here (active claim)</description><styleUrl>#s0</styleUrl><Polygon><outerBoundaryIs><LinearRing><coordinates>-123.259372,42.724597,0 -123.261867,42.724629,0 -123.261862,42.726428,0 -123.261857,42.728228,0 -123.261852,42.730026,0 -123.261847,42.731825,0 -123.259339,42.731769,0 -123.259347,42.729980,0 -123.259355,42.728191,0 -123.259364,42.726394,0 -123.259372,42.724597,0</coordinates></LinearRing></outerBoundaryIs></Polygon></Placemark><Placemark><name>Hillside Gold</name><description>placer | serial OR106750536 | 20.0 ac | Active | qtr-sec OR 33 0320S 0080W 001 A NE | recorded~2025 (DB date, not legal located date) | src: BLM MLRS Not Closed | boundary approx (BLM quarter-section) | do not dig here (active claim)</description><styleUrl>#s0</styleUrl><Polygon><outerBoundaryIs><LinearRing><coordinates>-123.593659,42.821463,0 -123.593757,42.824985,0 -123.593758,42.825017,0 -123.589060,42.824976,0 -123.584362,42.825000,0 -123.584362,42.824967,0 -123.584391,42.821413,0 -123.584425,42.817891,0 -123.588990,42.817909,0 -123.593562,42.817986,0 -123.593659,42.821463,0</coordinates></LinearRing></outerBoundaryIs></Polygon></Placemark><Placemark><name>CCMC 007</name><description>placer | serial OR106753413 | 20.0 ac | Filed | qtr-sec OR 33 0320S 0080W 005 A W2SESE | recorded~2025 (DB date, not legal located date) | src: BLM MLRS Not Closed | boundary approx (BLM quarter-section) | do not dig here (active claim)</description><styleUrl>#s0</styleUrl><Polygon><outerBoundaryIs><LinearRing><coordinates>-123.663476,42.810746,0 -123.665838,42.810669,0 -123.665752,42.812427,0 -123.665666,42.814186,0 -123.663407,42.814270,0 -123.663442,42.812508,0 -123.663476,42.810746,0</coordinates></LinearRing></outerBoundaryIs></Polygon></Placemark><Placemark><name>CCMC 002</name><description>placer | serial OR106754388 | 20.0 ac | Filed | qtr-sec OR 33 0320S 0080W 011 A SWNE | OR 33 0320S 0080W 011 L 1 | OR 33 0320S 0080W 011 A NWNE | OR 33 0320S 0080W 011 A NENE | recorded~2025 (DB date, not legal located date) | src: BLM MLRS Not Closed | boundary approx (BLM quarter-section) | do no…</description><styleUrl>#s0</styleUrl><Polygon><outerBoundaryIs><LinearRing><coordinates>-123.612816,42.803819,0 -123.612802,42.807343,0 -123.612792,42.810901,0 -123.607967,42.810898,0 -123.603143,42.810895,0 -123.603176,42.807350,0 -123.603214,42.803828,0 -123.608015,42.803824,0 -123.612816,42.803819,0</coordinates></LinearRing></outerBoundaryIs></Polygon></Placemark><Placemark><name>JD'S MISERY</name><description>placer | serial OR106754581 | 40.0 ac | Active | qtr-sec OR 33 0310S 0040W 011 SWNE | recorded~2025 (DB date, not legal located date) | src: BLM MLRS Not Closed | boundary approx (BLM quarter-section) | do not dig here (active claim)</description><styleUrl>#s0</styleUrl><Polygon><outerBoundaryIs><LinearRing><coordinates>-123.136132,42.892355,0 -123.141080,42.892411,0 -123.141039,42.895891,0 -123.136074,42.895865,0 -123.136132,42.892355,0</coordinates></LinearRing></outerBoundaryIs></Polygon></Placemark><Placemark><name>Knightsters Stash</name><description>placer | serial OR106751064 | 20.0 ac | Active | qtr-sec OR 33 0310S 0070W 033 A S2SENE | recorded~2025 (DB date, not legal located date) | src: BLM MLRS Not Closed | boundary approx (BLM quarter-section) | do not dig here (active claim)</description><styleUrl>#s0</styleUrl><Polygon><outerBoundaryIs><LinearRing><coordinates>-123.528325,42.835051,0 -123.525903,42.835066,0 -123.525917,42.833290,0 -123.528321,42.833276,0 -123.530724,42.833262,0 -123.530748,42.835037,0 -123.528325,42.835051,0</coordinates></LinearRing></outerBoundaryIs></Polygon></Placemark><Placemark><name>Fine Line</name><description>placer | serial OR106754583 | 20.0 ac | Filed | qtr-sec OR 33 0330S 0040W 021 A SWNE | OR 33 0330S 0040W 021 B NENWNE | OR 33 0330S 0040W 021 B NWNWNE | OR 33 0330S 0040W 021 B SWNWNE | OR 33 0330S 0040W 021 B SENWNE | OR 33 0330S 0040W 021 B NENENE | OR 33 0330S 0040W 021 B NWNENE | OR 33 0330S 00…</description><styleUrl>#s0</styleUrl><Polygon><outerBoundaryIs><LinearRing><coordinates>-123.170686,42.688279,0 -123.171922,42.688280,0 -123.173159,42.688282,0 -123.174395,42.688284,0 -123.175631,42.688286,0 -123.178104,42.688289,0 -123.180577,42.688292,0 -123.180582,42.691898,0 -123.180585,42.693701,0 -123.180587,42.695503,0 -123.178098,42.695505,0 -123.175608,42.695508,0 -123.173118,42.695510,0 -123.170629,42.695512,0 -123.170643,42.693704,0 -123.170657,42.691895,0 -123.170664,42.690991,0 -123.170672,42.690087,0 -123.170679,42.689183,0 -123.170686,42.688279,0</coordinates></LinearRing></outerBoundaryIs></Polygon></Placemark><Placemark><name>CCMC 002</name><description>placer | serial OR106760221 | 20.0 ac | Active | qtr-sec OR 33 0320S 0080W 011 A E2SWNE | OR 33 0320S 0080W 011 GovernmentLot1 | OR 33 0320S 0080W 011 NWNE | OR 33 0320S 0080W 011 NENE | recorded~2025 (DB date, not legal located date) | src: BLM MLRS Not Closed | boundary approx (BLM quarter-sectio…</description><styleUrl>#s0</styleUrl><Polygon><outerBoundaryIs><LinearRing><coordinates>-123.622418,42.796809,0 -123.622416,42.800283,0 -123.622417,42.803809,0 -123.622419,42.807336,0 -123.622426,42.810904,0 -123.617604,42.810864,0 -123.612792,42.810901,0 -123.607967,42.810898,0 -123.603143,42.810895,0 -123.603176,42.807350,0 -123.603214,42.803828,0 -123.603251,42.800307,0 -123.603293,42.796826,0 -123.608068,42.796819,0 -123.612850,42.796815,0 -123.617630,42.796762,0 -123.622418,42.796809,0</coordinates></LinearRing></outerBoundaryIs></Polygon></Placemark><Placemark><name>Shively 4</name><description>placer | serial OR106760764 | 20.0 ac | Active | qtr-sec OR 33 0310S 0040W 011 L 4 | recorded~2025 (DB date, not legal located date) | src: BLM MLRS Not Closed | boundary approx (BLM quarter-section) | do not dig here (active claim)</description><styleUrl>#s0</styleUrl><Polygon><outerBoundaryIs><LinearRing><coordinates>-123.136191,42.888786,0 -123.131528,42.888764,0 -123.131614,42.885227,0 -123.136250,42.885216,0 -123.136191,42.888786,0</coordinates></LinearRing></outerBoundaryIs></Polygon></Placemark><Placemark><name>Gold Digger 1</name><description>placer | serial OR106762688 | 20.0 ac | Active | qtr-sec OR 33 0300S 0070W 035 A E2NESE | recorded~2025 (DB date, not legal located date) | src: BLM MLRS Not Closed | boundary approx (BLM quarter-section) | do not dig here (active claim)</description><styleUrl>#s0</styleUrl><Polygon><outerBoundaryIs><LinearRing><coordinates>-123.486942,42.917318,0 -123.489399,42.917314,0 -123.489560,42.919162,0 -123.489721,42.921012,0 -123.487323,42.921021,0 -123.487131,42.919167,0 -123.486942,42.917318,0</coordinates></LinearRing></outerBoundaryIs></Polygon></Placemark><Placemark><name>Gold Digger 3</name><description>placer | serial OR106762690 | 77.34 ac | Active | qtr-sec OR 33 0300S 0070W 035 A N2SWNW | recorded~2025 (DB date, not legal located date) | src: BLM MLRS Not Closed | boundary approx (BLM quarter-section) | do not dig here (active claim)</description><styleUrl>#s0</styleUrl><Polygon><outerBoundaryIs><LinearRing><coordinates>-123.504324,42.924419,0 -123.501910,42.924446,0 -123.501854,42.922713,0 -123.504278,42.922697,0 -123.506704,42.922680,0 -123.506739,42.924393,0 -123.504324,42.924419,0</coordinates></LinearRing></outerBoundaryIs></Polygon></Placemark><Placemark><name>CWMC 555</name><description>placer | serial OR106770199 | 20.0 ac | Active | qtr-sec OR 33 0320S 0080W 011 A W2SENE | recorded~2025 (DB date, not legal located date) | src: BLM MLRS Not Closed | boundary approx (BLM quarter-section) | do not dig here (active claim)</description><styleUrl>#s0</styleUrl><Polygon><outerBoundaryIs><LinearRing><coordinates>-123.605619,42.803860,0 -123.608019,42.803859,0 -123.608006,42.805619,0 -123.607993,42.807379,0 -123.605587,42.807378,0 -123.605603,42.805619,0 -123.605619,42.803860,0</coordinates></LinearRing></outerBoundaryIs></Polygon></Placemark><Placemark><name>Freedom 1</name><description>placer | serial OR106777107 | 120.0 ac | Filed | qtr-sec OR 33 0310S 0070W 017 A SWNE | OR 33 0310S 0070W 017 SENE | OR 33 0310S 0070W 017 SWNE | recorded~2026 (DB date, not legal located date) | src: BLM MLRS Not Closed | boundary approx (BLM quarter-section) | do not dig here (active claim)</description><styleUrl>#s0</styleUrl><Polygon><outerBoundaryIs><LinearRing><coordinates>-123.555740,42.876287,0 -123.555833,42.878252,0 -123.555925,42.880216,0 -123.550847,42.880350,0 -123.545769,42.880484,0 -123.545561,42.876636,0 -123.550651,42.876461,0 -123.555740,42.876287,0</coordinates></LinearRing></outerBoundaryIs></Polygon></Placemark><Placemark><name>CCMC 007</name><description>placer | serial OR106781557 | 20.0 ac | Active | qtr-sec OR 33 0320S 0080W 011 A W2SWNE | recorded~2026 (DB date, not legal located date) | src: BLM MLRS Not Closed | boundary approx (BLM quarter-section) | do not dig here (active claim)</description><styleUrl>#s0</styleUrl><Polygon><outerBoundaryIs><LinearRing><coordinates>-123.610416,42.803821,0 -123.612816,42.803819,0 -123.612809,42.805581,0 -123.612802,42.807343,0 -123.610395,42.807345,0 -123.610406,42.805583,0 -123.610416,42.803821,0</coordinates></LinearRing></outerBoundaryIs></Polygon></Placemark><Placemark><name>RMPA Dads</name><description>placer | serial OR106782256 | 20.0 ac | Active | qtr-sec OR 33 0320S 0070W 021 A S2NESE | recorded~2026 (DB date, not legal located date) | src: BLM MLRS Not Closed | boundary approx (BLM quarter-section) | do not dig here (active claim)</description><styleUrl>#s0</styleUrl><Polygon><outerBoundaryIs><LinearRing><coordinates>-123.525094,42.773445,0 -123.525194,42.771713,0 -123.527624,42.771724,0 -123.530055,42.771735,0 -123.529991,42.773480,0 -123.527543,42.773463,0 -123.525094,42.773445,0</coordinates></LinearRing></outerBoundaryIs></Polygon></Placemark><Placemark><name>Fortune Cookie 2</name><description>placer | serial OR106781594 | 20.0 ac | Active | qtr-sec OR 33 0320S 0050W 017 A W2NENE | recorded~2026 (DB date, not legal located date) | src: BLM MLRS Not Closed | boundary approx (BLM quarter-section) | do not dig here (active claim)</description><styleUrl>#s0</styleUrl><Polygon><outerBoundaryIs><LinearRing><coordinates>-123.310162,42.793928,0 -123.312567,42.793924,0 -123.312564,42.795722,0 -123.312561,42.797519,0 -123.310161,42.797521,0 -123.310162,42.795725,0 -123.310162,42.793928,0</coordinates></LinearRing></outerBoundaryIs></Polygon></Placemark><Placemark><name>Fortune Cookie 1</name><description>placer | serial OR106781593 | 20.0 ac | Active | qtr-sec OR 33 0320S 0050W 017 A W2SENE | recorded~2026 (DB date, not legal located date) | src: BLM MLRS Not Closed | boundary approx (BLM quarter-section) | do not dig here (active claim)</description><styleUrl>#s0</styleUrl><Polygon><outerBoundaryIs><LinearRing><coordinates>-123.310155,42.790331,0 -123.312554,42.790321,0 -123.312561,42.792122,0 -123.312567,42.793924,0 -123.310162,42.793928,0 -123.310159,42.792129,0 -123.310155,42.790331,0</coordinates></LinearRing></outerBoundaryIs></Polygon></Placemark><Placemark><name>Speaker Placer</name><description>placer | serial OR106783556 | 20.0 ac | Active | qtr-sec OR 33 0330S 0050W 009 A S2N2NWSE | OR 33 0330S 0050W 009 A N2S2NWSE | recorded~2026 (DB date, not legal located date) | src: BLM MLRS Not Closed | boundary approx (BLM quarter-section) | do not dig here (active claim)</description><styleUrl>#s0</styleUrl><Polygon><outerBoundaryIs><LinearRing><coordinates>-123.294029,42.714643,0 -123.296531,42.714643,0 -123.299033,42.714643,0 -123.299011,42.715564,0 -123.298990,42.716485,0 -123.296496,42.716483,0 -123.294002,42.716482,0 -123.294016,42.715562,0 -123.294029,42.714643,0</coordinates></LinearRing></outerBoundaryIs></Polygon></Placemark><Placemark><name>Northern Strip 2</name><description>placer | serial OR106784313 | 20.0 ac | Active | qtr-sec OR 33 0330S 0050W 002 A SENW | OR 33 0330S 0050W 002 A SWNW | OR 33 0330S 0050W 002 L 3 | OR 33 0330S 0050W 002 L 4 | recorded~2026 (DB date, not legal located date) | src: BLM MLRS Not Closed | boundary approx (BLM quarter-section) | do not …</description><styleUrl>#s0</styleUrl><Polygon><outerBoundaryIs><LinearRing><coordinates>-123.264381,42.739287,0 -123.263189,42.739290,0 -123.261941,42.739285,0 -123.260694,42.739280,0 -123.259364,42.739275,0 -123.259351,42.735494,0 -123.259339,42.731769,0 -123.264356,42.731881,0 -123.269378,42.731903,0 -123.269397,42.735646,0 -123.269396,42.739293,0 -123.268152,42.739298,0 -123.264381,42.739287,0</coordinates></LinearRing></outerBoundaryIs></Polygon></Placemark><Placemark><name>Northern Strip 1</name><description>placer | serial OR106784312 | 20.0 ac | Active | qtr-sec OR 33 0330S 0050W 002 A SENW | OR 33 0330S 0050W 002 A SWNW | OR 33 0330S 0050W 002 L 3 | OR 33 0330S 0050W 002 L 4 | recorded~2026 (DB date, not legal located date) | src: BLM MLRS Not Closed | boundary approx (BLM quarter-section) | do not …</description><styleUrl>#s0</styleUrl><Polygon><outerBoundaryIs><LinearRing><coordinates>-123.264381,42.739287,0 -123.263189,42.739290,0 -123.261941,42.739285,0 -123.260694,42.739280,0 -123.259364,42.739275,0 -123.259351,42.735494,0 -123.259339,42.731769,0 -123.264356,42.731881,0 -123.269378,42.731903,0 -123.269397,42.735646,0 -123.269396,42.739293,0 -123.268152,42.739298,0 -123.264381,42.739287,0</coordinates></LinearRing></outerBoundaryIs></Polygon></Placemark><Placemark><name>Union Creek</name><description>placer | serial OR106786309 | 20.0 ac | Active | qtr-sec OR 33 0310S 0080W 013 A SWNW | OR 33 0310S 0080W 013 A SENW | OR 33 0310S 0080W 013 A NWNW | OR 33 0310S 0080W 013 A NENW | recorded~2026 (DB date, not legal located date) | src: BLM MLRS Not Closed | boundary approx (BLM quarter-section) | d…</description><styleUrl>#s0</styleUrl><Polygon><outerBoundaryIs><LinearRing><coordinates>-123.603634,42.875619,0 -123.603610,42.879448,0 -123.603586,42.883276,0 -123.598840,42.883339,0 -123.594093,42.883402,0 -123.594082,42.879617,0 -123.594070,42.875832,0 -123.598852,42.875726,0 -123.603634,42.875619,0</coordinates></LinearRing></outerBoundaryIs></Polygon></Placemark><Placemark><name>GOLDEN RATTLER</name><description>placer | serial OR105222729 | 20.0 ac | Active | qtr-sec OR 33 0330S 0070W 011 A NWNE|OR 33 0330S 0070W 011 A SWNE|OR 33 0330S 0070W 011 A NENE|OR 33 0330S 0070W 011 A SENE | recorded~2021 (DB date, not legal located date) | src: BLM MLRS Not Closed | boundary approx (BLM quarter-section) | do not …</description><styleUrl>#s0</styleUrl><Polygon><outerBoundaryIs><LinearRing><coordinates>-123.484621,42.716235,0 -123.489530,42.716286,0 -123.494439,42.716338,0 -123.494445,42.720010,0 -123.494450,42.723681,0 -123.489504,42.723489,0 -123.484557,42.723298,0 -123.484589,42.719766,0 -123.484621,42.716235,0</coordinates></LinearRing></outerBoundaryIs></Polygon></Placemark><Placemark><name>Doe Gold</name><description>placer | serial OR106790222 | 20.0 ac | Active | qtr-sec OR 33 0300S 0070W 035 A E2NWNW | recorded~2026 (DB date, not legal located date) | src: BLM MLRS Not Closed | boundary approx (BLM quarter-section) | do not dig here (active claim)</description><styleUrl>#s0</styleUrl><Polygon><outerBoundaryIs><LinearRing><coordinates>-123.501910,42.924446,0 -123.504324,42.924419,0 -123.504369,42.926141,0 -123.504415,42.927863,0 -123.502022,42.927910,0 -123.501966,42.926178,0 -123.501910,42.924446,0</coordinates></LinearRing></outerBoundaryIs></Polygon></Placemark><Placemark><name>Little Arctic</name><description>placer | serial OR106790969 | 20.0 ac | Active | qtr-sec OR 33 0330S 0040W 007 A E2SESE | recorded~2026 (DB date, not legal located date) | src: BLM MLRS Not Closed | boundary approx (BLM quarter-section) | do not dig here (active claim)</description><styleUrl>#s0</styleUrl><Polygon><outerBoundaryIs><LinearRing><coordinates>-123.210406,42.709988,0 -123.212846,42.709985,0 -123.212716,42.711779,0 -123.212585,42.713574,0 -123.210166,42.713578,0 -123.210286,42.711783,0 -123.210406,42.709988,0</coordinates></LinearRing></outerBoundaryIs></Polygon></Placemark><Placemark><name>Flying Squirrel</name><description>placer | serial OR106790970 | 20.0 ac | Active | qtr-sec OR 33 0330S 0040W 007 A W2SESE | recorded~2026 (DB date, not legal located date) | src: BLM MLRS Not Closed | boundary approx (BLM quarter-section) | do not dig here (active claim)</description><styleUrl>#s0</styleUrl><Polygon><outerBoundaryIs><LinearRing><coordinates>-123.212846,42.709985,0 -123.215286,42.709981,0 -123.215145,42.711775,0 -123.215004,42.713570,0 -123.212585,42.713574,0 -123.212716,42.711779,0 -123.212846,42.709985,0</coordinates></LinearRing></outerBoundaryIs></Polygon></Placemark><Placemark><name>GM1</name><description>lode | serial OR106801790 | 20.66 ac | Filed | qtr-sec OR 33 0330S 0070W 019 SE | recorded~2026 (DB date, not legal located date) | src: BLM MLRS Not Closed | boundary approx (BLM quarter-section) | do not dig here (active claim)</description><styleUrl>#s0</styleUrl><Polygon><outerBoundaryIs><LinearRing><coordinates>-123.562995,42.680813,0 -123.567935,42.680855,0 -123.572874,42.680910,0 -123.572781,42.684758,0 -123.572688,42.688606,0 -123.567631,42.688606,0 -123.562574,42.688607,0 -123.562785,42.684710,0 -123.562995,42.680813,0</coordinates></LinearRing></outerBoundaryIs></Polygon></Placemark><Placemark><name>GM 3</name><description>lode | serial OR106801792 | 20.66 ac | Filed | qtr-sec OR 33 0330S 0070W 019 SE | OR 33 0330S 0070W 030 SW | OR 33 0330S 0070W 020 SW | recorded~2026 (DB date, not legal located date) | src: BLM MLRS Not Closed | boundary approx (BLM quarter-section) | do not dig here (active claim)</description><styleUrl>#s0</styleUrl><Polygon><outerBoundaryIs><LinearRing><coordinates>-123.558154,42.680810,0 -123.562995,42.680813,0 -123.567935,42.680855,0 -123.572874,42.680910,0 -123.572781,42.684758,0 -123.572688,42.688606,0 -123.567631,42.688606,0 -123.562574,42.688607,0 -123.557797,42.688446,0 -123.553020,42.688285,0 -123.553166,42.684546,0 -123.553313,42.680807,0 -123.558154,42.680810,0</coordinates></LinearRing></outerBoundaryIs></Polygon></Placemark><Placemark><name>GM 2</name><description>lode | serial OR106801791 | 20.66 ac | Filed | qtr-sec OR 33 0330S 0070W 019 SE | recorded~2026 (DB date, not legal located date) | src: BLM MLRS Not Closed | boundary approx (BLM quarter-section) | do not dig here (active claim)</description><styleUrl>#s0</styleUrl><Polygon><outerBoundaryIs><LinearRing><coordinates>-123.562995,42.680813,0 -123.567935,42.680855,0 -123.572874,42.680910,0 -123.572781,42.684758,0 -123.572688,42.688606,0 -123.567631,42.688606,0 -123.562574,42.688607,0 -123.562785,42.684710,0 -123.562995,42.680813,0</coordinates></LinearRing></outerBoundaryIs></Polygon></Placemark><Placemark><name>GM 4</name><description>lode | serial OR106801793 | 320.0 ac | Filed | qtr-sec OR 33 0330S 0070W 020 SW | OR 33 0330S 0070W 029 NW | recorded~2026 (DB date, not legal located date) | src: BLM MLRS Not Closed | boundary approx (BLM quarter-section) | do not dig here (active claim)</description><styleUrl>#s0</styleUrl><Polygon><outerBoundaryIs><LinearRing><coordinates>-123.562995,42.680813,0 -123.562785,42.684710,0 -123.562574,42.688607,0 -123.557797,42.688446,0 -123.553020,42.688285,0 -123.553166,42.684546,0 -123.553313,42.680807,0 -123.553318,42.680000,0 -123.563007,42.680000,0 -123.562995,42.680813,0</coordinates></LinearRing></outerBoundaryIs></Polygon></Placemark><Placemark><name>GM 5</name><description>lode | serial OR106801794 | 160.0 ac | Filed | qtr-sec OR 33 0330S 0070W 029 NW | recorded~2026 (DB date, not legal located date) | src: BLM MLRS Not Closed | boundary approx (BLM quarter-section) | do not dig here (active claim)</description><styleUrl>#s0</styleUrl><Polygon><outerBoundaryIs><LinearRing><coordinates>-123.562995,42.680813,0 -123.558154,42.680810,0 -123.553313,42.680807,0 -123.553318,42.680000,0 -123.563007,42.680000,0 -123.562995,42.680813,0</coordinates></LinearRing></outerBoundaryIs></Polygon></Placemark><Placemark><name>Horseback Mine</name><description>lode | serial OR106819050 | 20.66 ac | Filed | qtr-sec OR 33 0330S 0040W 005 NW | recorded~2026 (DB date, not legal located date) | src: BLM MLRS Not Closed | boundary approx (BLM quarter-section) | do not dig here (active claim)</description><styleUrl>#s0</styleUrl><Polygon><outerBoundaryIs><LinearRing><coordinates>-123.202657,42.737606,0 -123.200838,42.737621,0 -123.199518,42.737633,0 -123.199695,42.735079,0 -123.199818,42.733312,0 -123.199941,42.731546,0 -123.202207,42.731507,0 -123.204472,42.731468,0 -123.206738,42.731429,0 -123.209003,42.731390,0 -123.208872,42.733217,0 -123.208740,42.735044,0 -123.208552,42.737679,0 -123.205650,42.737643,0 -123.204034,42.737623,0 -123.202657,42.737606,0</coordinates></LinearRing></outerBoundaryIs></Polygon></Placemark><Placemark><name>Bam</name><description>lode | serial OR106819052 | 20.66 ac | Filed | qtr-sec OR 33 0330S 0040W 005 NW | recorded~2026 (DB date, not legal located date) | src: BLM MLRS Not Closed | boundary approx (BLM quarter-section) | do not dig here (active claim)</description><styleUrl>#s0</styleUrl><Polygon><outerBoundaryIs><LinearRing><coordinates>-123.202657,42.737606,0 -123.200838,42.737621,0 -123.199518,42.737633,0 -123.199695,42.735079,0 -123.199818,42.733312,0 -123.199941,42.731546,0 -123.202207,42.731507,0 -123.204472,42.731468,0 -123.206738,42.731429,0 -123.209003,42.731390,0 -123.208872,42.733217,0 -123.208740,42.735044,0 -123.208552,42.737679,0 -123.205650,42.737643,0 -123.204034,42.737623,0 -123.202657,42.737606,0</coordinates></LinearRing></outerBoundaryIs></Polygon></Placemark><Placemark><name>COW 1124</name><description>placer | serial OR106820768 | 20.0 ac | Filed | qtr-sec OR 33 0320S 0080W 011 SW | recorded~2026 (DB date, not legal located date) | src: BLM MLRS Not Closed | boundary approx (BLM quarter-section) | do not dig here (active claim)</description><styleUrl>#s0</styleUrl><Polygon><outerBoundaryIs><LinearRing><coordinates>-123.617630,42.796762,0 -123.622418,42.796809,0 -123.622416,42.800283,0 -123.622417,42.803809,0 -123.617617,42.803814,0 -123.612816,42.803819,0 -123.612831,42.800293,0 -123.612850,42.796815,0 -123.617630,42.796762,0</coordinates></LinearRing></outerBoundaryIs></Polygon></Placemark><Placemark><name>Gold Pockets</name><description>placer | serial OR106815206 | 15.0 ac | Active | qtr-sec OR 33 0320S 0070W 019 A S2NWSE | recorded~2026 (DB date, not legal located date) | src: BLM MLRS Not Closed | boundary approx (BLM quarter-section) | do not dig here (active claim)</description><styleUrl>#s0</styleUrl><Polygon><outerBoundaryIs><LinearRing><coordinates>-123.568701,42.773836,0 -123.568685,42.772063,0 -123.571102,42.772062,0 -123.573523,42.772075,0 -123.573533,42.773843,0 -123.571117,42.773840,0 -123.568701,42.773836,0</coordinates></LinearRing></outerBoundaryIs></Polygon></Placemark></Folder></Document></kml>