<?xml version="1.0" encoding="UTF-8"?><kml xmlns="http://www.opengis.net/kml/2.2"><Document><name>Cow Creek byway (Glendale to Riddle), Dads Creek, Whitehorse Creek</name><Style id="my_claim"><IconStyle><color>ff00a5ff</color><scale>1.0</scale><Icon><href>http://maps.google.com/mapfiles/kml/paddle/orange-circle.png</href></Icon></IconStyle></Style><Style id="public_site"><IconStyle><color>ff008000</color><scale>1.0</scale><Icon><href>http://maps.google.com/mapfiles/kml/paddle/grn-circle.png</href></Icon></IconStyle></Style><Style id="usmin"><IconStyle><color>ff000000</color><scale>0.7</scale><Icon><href>http://maps.google.com/mapfiles/kml/shapes/placemark_circle.png</href></Icon></IconStyle></Style><Style id="usmin_polygon"><LineStyle><color>ff000000</color><width>2</width></LineStyle><PolyStyle><color>40000000</color></PolyStyle></Style><Style id="milo_gold"><IconStyle><color>ff00d7ff</color><scale>1.0</scale><Icon><href>http://maps.google.com/mapfiles/kml/shapes/mining.png</href></Icon></IconStyle></Style><Style id="site_other"><IconStyle><color>ff808080</color><scale>0.8</scale><Icon><href>http://maps.google.com/mapfiles/kml/shapes/placemark_circle.png</href></Icon></IconStyle></Style><Style id="active_claim"><LineStyle><color>ff0000ff</color><width>2</width></LineStyle><PolyStyle><color>660000ff</color></PolyStyle></Style><Style id="density_low"><LineStyle><color>ff00ffff</color><width>2</width></LineStyle><PolyStyle><color>9900ffff</color></PolyStyle></Style><Style id="density_med"><LineStyle><color>ff00a5ff</color><width>2</width></LineStyle><PolyStyle><color>9900a5ff</color></PolyStyle></Style><Style id="density_high"><LineStyle><color>ff0000ff</color><width>2</width></LineStyle><PolyStyle><color>990000ff</color></PolyStyle></Style><Style id="open_ground"><IconStyle><color>ff00ff00</color><scale>1.1</scale><Icon><href>http://maps.google.com/mapfiles/kml/shapes/star.png</href></Icon></IconStyle></Style><Folder><name>My claims &amp; public sites</name><Placemark><name>WVM #3 Dads Creek [APPROX quarter-section]</name><description>WVM | serial ORMC159208 | placer | 40.0 ac | Active | APPROX (BLM quarter-section) | src: BLM MLRS</description><styleUrl>#my_claim</styleUrl><Polygon><outerBoundaryIs><LinearRing><coordinates>-123.544517,42.770004,0 -123.544504,42.771790,0 -123.544480,42.775363,0 -123.539672,42.775318,0 -123.534863,42.775272,0 -123.534915,42.771756,0 -123.534940,42.769998,0 -123.534966,42.768240,0 -123.537357,42.768234,0 -123.538552,42.768231,0 -123.539747,42.768229,0 -123.542138,42.768223,0 -123.544529,42.768218,0 -123.544517,42.770004,0</coordinates></LinearRing></outerBoundaryIs></Polygon></Placemark><Placemark><name>WVM #4 Dads Creek [APPROX quarter-section]</name><description>WVM | serial ORMC161475 | placer | 40.0 ac | Active | APPROX (BLM quarter-section) | src: BLM MLRS</description><styleUrl>#my_claim</styleUrl><Polygon><outerBoundaryIs><LinearRing><coordinates>-123.515697,42.782235,0 -123.515656,42.784052,0 -123.515615,42.785870,0 -123.515532,42.789506,0 -123.513051,42.789466,0 -123.510570,42.789426,0 -123.505608,42.789345,0 -123.505674,42.785726,0 -123.505708,42.783917,0 -123.505741,42.782107,0 -123.508230,42.782139,0 -123.510719,42.782171,0 -123.513208,42.782203,0 -123.515697,42.782235,0</coordinates></LinearRing></outerBoundaryIs></Polygon></Placemark><Placemark><name>WVM #5 Dads Creek [APPROX quarter-section]</name><description>WVM | serial ORMC161445 | placer | 40.0 ac | Active | APPROX (BLM quarter-section) | src: BLM MLRS</description><styleUrl>#my_claim</styleUrl><Polygon><outerBoundaryIs><LinearRing><coordinates>-123.515697,42.782235,0 -123.515656,42.784052,0 -123.515615,42.785870,0 -123.515532,42.789506,0 -123.513051,42.789466,0 -123.510570,42.789426,0 -123.505608,42.789345,0 -123.505674,42.785726,0 -123.505708,42.783917,0 -123.505741,42.782107,0 -123.508230,42.782139,0 -123.510719,42.782171,0 -123.513208,42.782203,0 -123.515697,42.782235,0</coordinates></LinearRing></outerBoundaryIs></Polygon></Placemark><Placemark><name>Pure White Gold (Whitehorse Cr) [APPROX quarter-section]</name><description>WVM | serial ORMC172749 | placer | 16.69 ac | Active | APPROX (BLM quarter-section) | src: BLM MLRS</description><styleUrl>#my_claim</styleUrl><Polygon><outerBoundaryIs><LinearRing><coordinates>-123.181779,42.810162,0 -123.181754,42.811916,0 -123.179420,42.811946,0 -123.176744,42.811976,0 -123.174574,42.812001,0 -123.171734,42.812032,0 -123.171745,42.809977,0 -123.171766,42.806322,0 -123.176780,42.806512,0 -123.181785,42.806599,0 -123.181779,42.810162,0</coordinates></LinearRing></outerBoundaryIs></Polygon></Placemark><Placemark><name>Cow Creek Recreational Gold Panning Area</name><description>public | serial n/a | precision: published | published site</description><styleUrl>#public_site</styleUrl><Point><coordinates>-123.618000,42.829600,0</coordinates></Point></Placemark></Folder><Folder><name>Historical workings (USMIN)</name><Placemark><name>Open Pit Mine</name><description>USMIN Open Pit Mine | topo: Nickel Mtn. (1986) 1:24000 | src: USGS USMIN</description><styleUrl>#usmin</styleUrl><Point><coordinates>-123.477584,42.922289,0</coordinates></Point></Placemark><Placemark><name>Open Pit Mine</name><description>USMIN Open Pit Mine | topo: Mount Reuben (1989) 1:24000 | src: USGS USMIN</description><styleUrl>#usmin</styleUrl><Point><coordinates>-123.532241,42.749496,0</coordinates></Point></Placemark><Placemark><name>Open Pit Mine</name><description>USMIN Open Pit Mine | topo: Nickel Mtn. (1986) 1:24000 | src: USGS USMIN</description><styleUrl>#usmin</styleUrl><Point><coordinates>-123.477232,42.927067,0</coordinates></Point></Placemark><Placemark><name>Open Pit Mine</name><description>USMIN Open Pit Mine | topo: Rabbit Mountain (1990) 1:24000 | src: USGS USMIN</description><styleUrl>#usmin</styleUrl><Point><coordinates>-123.532325,42.750056,0</coordinates></Point></Placemark><Placemark><name>Prospect Pit</name><description>USMIN Prospect Pit | topo: Rabbit Mountain (1990) 1:24000 | src: USGS USMIN</description><styleUrl>#usmin</styleUrl><Point><coordinates>-123.550457,42.772258,0</coordinates></Point></Placemark><Placemark><name>Prospect Pit</name><description>USMIN Prospect Pit | topo: Nickel Mtn. (1986) 1:24000 | src: USGS USMIN</description><styleUrl>#usmin</styleUrl><Point><coordinates>-123.481943,42.921366,0</coordinates></Point></Placemark><Placemark><name>Prospect Pit</name><description>USMIN Prospect Pit | topo: Nickel Mtn. (1986) 1:24000 | src: USGS USMIN</description><styleUrl>#usmin</styleUrl><Point><coordinates>-123.481334,42.921366,0</coordinates></Point></Placemark><Placemark><name>Prospect Pit</name><description>USMIN Prospect Pit | topo: Canyonville (1954) 1:62500 | src: USGS USMIN</description><styleUrl>#usmin</styleUrl><Point><coordinates>-123.477227,42.926661,0</coordinates></Point></Placemark><Placemark><name>Prospect Pit</name><description>USMIN Prospect Pit | topo: Dutchman Butte (1946) 1:62500 | src: USGS USMIN</description><styleUrl>#usmin</styleUrl><Point><coordinates>-123.527745,42.757439,0</coordinates></Point></Placemark><Placemark><name>Prospect Pit</name><description>USMIN Prospect Pit | topo: Dutchman Butte (1946) 1:62500 | src: USGS USMIN</description><styleUrl>#usmin</styleUrl><Point><coordinates>-123.528116,42.755326,0</coordinates></Point></Placemark><Placemark><name>Gravel/Borrow Pit - Undifferentiated</name><description>USMIN Gravel/Borrow Pit - Undifferentiated | topo: Canyonville (1986) 1:24000 | src: USGS USMIN</description><styleUrl>#usmin</styleUrl><Point><coordinates>-123.270136,42.941225,0</coordinates></Point></Placemark><Placemark><name>Mine Shaft</name><description>USMIN Mine Shaft | topo: Canyonville (1986) 1:24000 | src: USGS USMIN</description><styleUrl>#usmin</styleUrl><Point><coordinates>-123.321142,42.903773,0</coordinates></Point></Placemark><Placemark><name>Open Pit Mine</name><description>USMIN Open Pit Mine | topo: Nickel Mtn. (1986) 1:24000 | src: USGS USMIN</description><styleUrl>#usmin</styleUrl><Point><coordinates>-123.488082,42.929257,0</coordinates></Point></Placemark><Placemark><name>Open Pit Mine</name><description>USMIN Open Pit Mine | topo: Nickel Mtn. (1986) 1:24000 | src: USGS USMIN</description><styleUrl>#usmin</styleUrl><Point><coordinates>-123.435194,42.965683,0</coordinates></Point></Placemark><Placemark><name>Open Pit Mine</name><description>USMIN Open Pit Mine | topo: Nickel Mtn. (1986) 1:24000 | src: USGS USMIN</description><styleUrl>#usmin</styleUrl><Point><coordinates>-123.429961,42.957871,0</coordinates></Point></Placemark><Placemark><name>Open Pit Mine</name><description>USMIN Open Pit Mine | topo: Canyonville (1986) 1:24000 | src: USGS USMIN</description><styleUrl>#usmin</styleUrl><Point><coordinates>-123.346474,42.889207,0</coordinates></Point></Placemark><Placemark><name>Open Pit Mine</name><description>USMIN Open Pit Mine | topo: Nickel Mtn. (1986) 1:24000 | src: USGS USMIN</description><styleUrl>#usmin</styleUrl><Point><coordinates>-123.443120,42.952426,0</coordinates></Point></Placemark><Placemark><name>Open Pit Mine</name><description>USMIN Open Pit Mine | topo: Quines Creek (1986) 1:24000 | src: USGS USMIN</description><styleUrl>#usmin</styleUrl><Point><coordinates>-123.339738,42.792595,0</coordinates></Point></Placemark><Placemark><name>Prospect Pit</name><description>USMIN Prospect Pit | topo: Canyonville (1986) 1:24000 | src: USGS USMIN</description><styleUrl>#usmin</styleUrl><Point><coordinates>-123.308938,42.915438,0</coordinates></Point></Placemark><Placemark><name>Prospect Pit</name><description>USMIN Prospect Pit | topo: Nickel Mtn. (1986) 1:24000 | src: USGS USMIN</description><styleUrl>#usmin</styleUrl><Point><coordinates>-123.476537,42.928609,0</coordinates></Point></Placemark><Placemark><name>Prospect Pit</name><description>USMIN Prospect Pit | topo: Canyonville (1986) 1:24000 | src: USGS USMIN</description><styleUrl>#usmin</styleUrl><Point><coordinates>-123.335477,42.894758,0</coordinates></Point></Placemark><Placemark><name>Prospect Pit</name><description>USMIN Prospect Pit | topo: Nickel Mtn. (1986) 1:24000 | src: USGS USMIN</description><styleUrl>#usmin</styleUrl><Point><coordinates>-123.475376,42.929142,0</coordinates></Point></Placemark><Placemark><name>Prospect Pit</name><description>USMIN Prospect Pit | topo: Canyonville (1986) 1:24000 | src: USGS USMIN</description><styleUrl>#usmin</styleUrl><Point><coordinates>-123.315508,42.916879,0</coordinates></Point></Placemark><Placemark><name>Prospect Pit</name><description>USMIN Prospect Pit | topo: Mc Cullough Creek (1986) 1:24000 | src: USGS USMIN</description><styleUrl>#usmin</styleUrl><Point><coordinates>-123.382964,42.857569,0</coordinates></Point></Placemark><Placemark><name>Prospect Pit</name><description>USMIN Prospect Pit | topo: Mc Cullough Creek (1986) 1:24000 | src: USGS USMIN</description><styleUrl>#usmin</styleUrl><Point><coordinates>-123.384706,42.862566,0</coordinates></Point></Placemark><Placemark><name>Prospect Pit</name><description>USMIN Prospect Pit | topo: Mc Cullough Creek (1986) 1:24000 | src: USGS USMIN</description><styleUrl>#usmin</styleUrl><Point><coordinates>-123.384249,42.862280,0</coordinates></Point></Placemark><Placemark><name>Prospect Pit</name><description>USMIN Prospect Pit | topo: Mc Cullough Creek (1986) 1:24000 | src: USGS USMIN</description><styleUrl>#usmin</styleUrl><Point><coordinates>-123.393184,42.844941,0</coordinates></Point></Placemark><Placemark><name>Prospect Pit</name><description>USMIN Prospect Pit | topo: Canyonville (1986) 1:24000 | src: USGS USMIN</description><styleUrl>#usmin</styleUrl><Point><coordinates>-123.307767,42.911504,0</coordinates></Point></Placemark><Placemark><name>Prospect Pit</name><description>USMIN Prospect Pit | topo: Mc Cullough Creek (1986) 1:24000 | src: USGS USMIN</description><styleUrl>#usmin</styleUrl><Point><coordinates>-123.385877,42.862185,0</coordinates></Point></Placemark><Placemark><name>Quarry - Rock</name><description>USMIN Quarry - Rock | topo: Quines Creek (1986) 1:24000 | src: USGS USMIN</description><styleUrl>#usmin</styleUrl><Point><coordinates>-123.269885,42.871922,0</coordinates></Point></Placemark><Placemark><name>Prospect Pit</name><description>USMIN Prospect Pit | topo: Canyonville (1954) 1:62500 | src: USGS USMIN</description><styleUrl>#usmin</styleUrl><Point><coordinates>-123.474986,42.929452,0</coordinates></Point></Placemark><Placemark><name>Prospect Pit</name><description>USMIN Prospect Pit | topo: Canyonville (1954) 1:62500 | src: USGS USMIN</description><styleUrl>#usmin</styleUrl><Point><coordinates>-123.386327,42.861810,0</coordinates></Point></Placemark><Placemark><name>Prospect Pit</name><description>USMIN Prospect Pit | topo: Canyonville (1954) 1:62500 | src: USGS USMIN</description><styleUrl>#usmin</styleUrl><Point><coordinates>-123.383696,42.853516,0</coordinates></Point></Placemark><Placemark><name>Prospect Pit</name><description>USMIN Prospect Pit | topo: Canyonville (1954) 1:62500 | src: USGS USMIN</description><styleUrl>#usmin</styleUrl><Point><coordinates>-123.475132,42.928161,0</coordinates></Point></Placemark><Placemark><name>Prospect Pit</name><description>USMIN Prospect Pit | topo: Canyonville (1954) 1:62500 | src: USGS USMIN</description><styleUrl>#usmin</styleUrl><Point><coordinates>-123.482786,42.920983,0</coordinates></Point></Placemark><Placemark><name>Prospect Pit</name><description>USMIN Prospect Pit | topo: Canyonville (1954) 1:62500 | src: USGS USMIN</description><styleUrl>#usmin</styleUrl><Point><coordinates>-123.476845,42.928301,0</coordinates></Point></Placemark><Placemark><name>Prospect Pit</name><description>USMIN Prospect Pit | topo: Canyonville (1954) 1:62500 | src: USGS USMIN</description><styleUrl>#usmin</styleUrl><Point><coordinates>-123.481654,42.920953,0</coordinates></Point></Placemark><Placemark><name>Adit</name><description>USMIN Adit | topo: Quines Creek (1986) 1:24000 | src: USGS USMIN</description><styleUrl>#usmin</styleUrl><Point><coordinates>-123.288127,42.841884,0</coordinates></Point></Placemark><Placemark><name>Adit</name><description>USMIN Adit | topo: Quines Creek (1986) 1:24000 | src: USGS USMIN</description><styleUrl>#usmin</styleUrl><Point><coordinates>-123.288284,42.841657,0</coordinates></Point></Placemark><Placemark><name>Adit</name><description>USMIN Adit | topo: Canyonville (1954) 1:62500 | src: USGS USMIN</description><styleUrl>#usmin</styleUrl><Point><coordinates>-123.326234,42.895894,0</coordinates></Point></Placemark><Placemark><name>Adit</name><description>USMIN Adit | topo: Canyonville (1986) 1:24000 | src: USGS USMIN</description><styleUrl>#usmin</styleUrl><Point><coordinates>-123.313836,42.910045,0</coordinates></Point></Placemark><Placemark><name>Adit</name><description>USMIN Adit | topo: Mc Cullough Creek (1986) 1:24000 | src: USGS USMIN</description><styleUrl>#usmin</styleUrl><Point><coordinates>-123.383046,42.855523,0</coordinates></Point></Placemark><Placemark><name>Adit</name><description>USMIN Adit | topo: Mc Cullough Creek (1986) 1:24000 | src: USGS USMIN</description><styleUrl>#usmin</styleUrl><Point><coordinates>-123.383629,42.854358,0</coordinates></Point></Placemark><Placemark><name>Adit</name><description>USMIN Adit | topo: Canyonville (1986) 1:24000 | src: USGS USMIN</description><styleUrl>#usmin</styleUrl><Point><coordinates>-123.335810,42.890688,0</coordinates></Point></Placemark><Placemark><name>Adit</name><description>USMIN Adit | topo: Canyonville (1986) 1:24000 | src: USGS USMIN</description><styleUrl>#usmin</styleUrl><Point><coordinates>-123.335970,42.890892,0</coordinates></Point></Placemark><Placemark><name>Adit</name><description>USMIN Adit | topo: Canyonville (1954) 1:62500 | src: USGS USMIN</description><styleUrl>#usmin</styleUrl><Point><coordinates>-123.337254,42.891247,0</coordinates></Point></Placemark><Placemark><name>Adit</name><description>USMIN Adit | topo: Canyonville (1954) 1:62500 | src: USGS USMIN</description><styleUrl>#usmin</styleUrl><Point><coordinates>-123.315843,42.904434,0</coordinates></Point></Placemark><Placemark><name>Adit</name><description>USMIN Adit | topo: Canyonville (1954) 1:62500 | src: USGS USMIN</description><styleUrl>#usmin</styleUrl><Point><coordinates>-123.337057,42.890648,0</coordinates></Point></Placemark><Placemark><name>Adit</name><description>USMIN Adit | topo: Canyonville (1954) 1:62500 | src: USGS USMIN</description><styleUrl>#usmin</styleUrl><Point><coordinates>-123.313764,42.909959,0</coordinates></Point></Placemark><Placemark><name>Adit</name><description>USMIN Adit | topo: Canyonville (1954) 1:62500 | src: USGS USMIN</description><styleUrl>#usmin</styleUrl><Point><coordinates>-123.382848,42.855744,0</coordinates></Point></Placemark><Placemark><name>Adit</name><description>USMIN Adit | topo: Canyonville (1954) 1:62500 | src: USGS USMIN</description><styleUrl>#usmin</styleUrl><Point><coordinates>-123.313416,42.910481,0</coordinates></Point></Placemark><Placemark><name>Adit</name><description>USMIN Adit | topo: Canyonville (1986) 1:24000 | src: USGS USMIN</description><styleUrl>#usmin</styleUrl><Point><coordinates>-123.316437,42.905606,0</coordinates></Point></Placemark><Placemark><name>Adit</name><description>USMIN Adit | topo: Canyonville (1986) 1:24000 | src: USGS USMIN</description><styleUrl>#usmin</styleUrl><Point><coordinates>-123.314500,42.910770,0</coordinates></Point></Placemark><Placemark><name>Adit</name><description>USMIN Adit | topo: Canyonville (1986) 1:24000 | src: USGS USMIN</description><styleUrl>#usmin</styleUrl><Point><coordinates>-123.318035,42.905312,0</coordinates></Point></Placemark><Placemark><name>Adit</name><description>USMIN Adit | topo: Canyonville (1986) 1:24000 | src: USGS USMIN</description><styleUrl>#usmin</styleUrl><Point><coordinates>-123.316468,42.907837,0</coordinates></Point></Placemark><Placemark><name>Adit</name><description>USMIN Adit | topo: Canyonville (1954) 1:62500 | src: USGS USMIN</description><styleUrl>#usmin</styleUrl><Point><coordinates>-123.317157,42.907776,0</coordinates></Point></Placemark><Placemark><name>Adit</name><description>USMIN Adit | topo: Canyonville (1954) 1:62500 | src: USGS USMIN</description><styleUrl>#usmin</styleUrl><Point><coordinates>-123.318425,42.904506,0</coordinates></Point></Placemark><Placemark><name>Mine Shaft</name><description>USMIN Mine Shaft | topo: King Mountain (1983) 1:24000 | src: USGS USMIN</description><styleUrl>#usmin</styleUrl><Point><coordinates>-123.188709,42.696587,0</coordinates></Point></Placemark><Placemark><name>Mine Shaft</name><description>USMIN Mine Shaft | topo: King Mountain (1983) 1:24000 | src: USGS USMIN</description><styleUrl>#usmin</styleUrl><Point><coordinates>-123.174856,42.736406,0</coordinates></Point></Placemark><Placemark><name>Mine Shaft</name><description>USMIN Mine Shaft | topo: King Mountain (1983) 1:24000 | src: USGS USMIN</description><styleUrl>#usmin</styleUrl><Point><coordinates>-123.203870,42.695974,0</coordinates></Point></Placemark><Placemark><name>Prospect Pit</name><description>USMIN Prospect Pit | topo: King Mountain (1983) 1:24000 | src: USGS USMIN</description><styleUrl>#usmin</styleUrl><Point><coordinates>-123.173394,42.740974,0</coordinates></Point></Placemark><Placemark><name>Prospect Pit</name><description>USMIN Prospect Pit | topo: Starvout Creek (1986) 1:24000 | src: USGS USMIN</description><styleUrl>#usmin</styleUrl><Point><coordinates>-123.227854,42.758722,0</coordinates></Point></Placemark><Placemark><name>Prospect Pit</name><description>USMIN Prospect Pit | topo: King Mountain (1983) 1:24000 | src: USGS USMIN</description><styleUrl>#usmin</styleUrl><Point><coordinates>-123.204228,42.696500,0</coordinates></Point></Placemark><Placemark><name>Prospect Pit</name><description>USMIN Prospect Pit | topo: King Mountain (1983) 1:24000 | src: USGS USMIN</description><styleUrl>#usmin</styleUrl><Point><coordinates>-123.204639,42.696484,0</coordinates></Point></Placemark><Placemark><name>Prospect Pit</name><description>USMIN Prospect Pit | topo: King Mountain (1983) 1:24000 | src: USGS USMIN</description><styleUrl>#usmin</styleUrl><Point><coordinates>-123.205340,42.696043,0</coordinates></Point></Placemark><Placemark><name>Prospect Pit</name><description>USMIN Prospect Pit | topo: Skeleton Mtn. (1983) 1:24000 | src: USGS USMIN</description><styleUrl>#usmin</styleUrl><Point><coordinates>-123.117855,42.744261,0</coordinates></Point></Placemark><Placemark><name>Prospect Pit</name><description>USMIN Prospect Pit | topo: King Mountain (1983) 1:24000 | src: USGS USMIN</description><styleUrl>#usmin</styleUrl><Point><coordinates>-123.203779,42.696538,0</coordinates></Point></Placemark><Placemark><name>Open Pit Mine</name><description>USMIN Open Pit Mine | topo: Days Creek (1954) 1:62500 | src: USGS USMIN</description><styleUrl>#usmin</styleUrl><Point><coordinates>-123.122023,42.881712,0</coordinates></Point></Placemark><Placemark><name>Adit</name><description>USMIN Adit | topo: Starvout Creek (1986) 1:24000 | src: USGS USMIN</description><styleUrl>#usmin</styleUrl><Point><coordinates>-123.157584,42.782894,0</coordinates></Point></Placemark><Placemark><name>Adit</name><description>USMIN Adit | topo: King Mountain (1983) 1:24000 | src: USGS USMIN</description><styleUrl>#usmin</styleUrl><Point><coordinates>-123.210827,42.711955,0</coordinates></Point></Placemark><Placemark><name>Adit</name><description>USMIN Adit | topo: King Mountain (1983) 1:24000 | src: USGS USMIN</description><styleUrl>#usmin</styleUrl><Point><coordinates>-123.201804,42.712601,0</coordinates></Point></Placemark><Placemark><name>Adit</name><description>USMIN Adit | topo: King Mountain (1983) 1:24000 | src: USGS USMIN</description><styleUrl>#usmin</styleUrl><Point><coordinates>-123.204845,42.696302,0</coordinates></Point></Placemark><Placemark><name>Mine Shaft</name><description>USMIN Mine Shaft | topo: Mount Reuben (1989) 1:24000 | src: USGS USMIN</description><styleUrl>#usmin</styleUrl><Point><coordinates>-123.623432,42.682467,0</coordinates></Point></Placemark><Placemark><name>Prospect Pit</name><description>USMIN Prospect Pit | topo: Mount Reuben (1989) 1:24000 | src: USGS USMIN</description><styleUrl>#usmin</styleUrl><Point><coordinates>-123.610062,42.680561,0</coordinates></Point></Placemark><Placemark><name>Prospect Pit</name><description>USMIN Prospect Pit | topo: Mount Reuben (1989) 1:24000 | src: USGS USMIN</description><styleUrl>#usmin</styleUrl><Point><coordinates>-123.610130,42.680709,0</coordinates></Point></Placemark><Placemark><name>Prospect Pit</name><description>USMIN Prospect Pit | topo: Mount Reuben (1989) 1:24000 | src: USGS USMIN</description><styleUrl>#usmin</styleUrl><Point><coordinates>-123.595042,42.721434,0</coordinates></Point></Placemark><Placemark><name>Prospect Pit</name><description>USMIN Prospect Pit | topo: Mount Reuben (1989) 1:24000 | src: USGS USMIN</description><styleUrl>#usmin</styleUrl><Point><coordinates>-123.612124,42.698775,0</coordinates></Point></Placemark><Placemark><name>Prospect Pit</name><description>USMIN Prospect Pit | topo: Mount Reuben (1989) 1:24000 | src: USGS USMIN</description><styleUrl>#usmin</styleUrl><Point><coordinates>-123.603354,42.718559,0</coordinates></Point></Placemark><Placemark><name>Prospect Pit</name><description>USMIN Prospect Pit | topo: Mount Reuben (1989) 1:24000 | src: USGS USMIN</description><styleUrl>#usmin</styleUrl><Point><coordinates>-123.609982,42.680652,0</coordinates></Point></Placemark><Placemark><name>Prospect Pit</name><description>USMIN Prospect Pit | topo: Mount Reuben (1989) 1:24000 | src: USGS USMIN</description><styleUrl>#usmin</styleUrl><Point><coordinates>-123.609838,42.681087,0</coordinates></Point></Placemark><Placemark><name>Prospect Pit</name><description>USMIN Prospect Pit | topo: Mount Reuben (1989) 1:24000 | src: USGS USMIN</description><styleUrl>#usmin</styleUrl><Point><coordinates>-123.609990,42.680722,0</coordinates></Point></Placemark><Placemark><name>Prospect Pit</name><description>USMIN Prospect Pit | topo: Mount Reuben (1989) 1:24000 | src: USGS USMIN</description><styleUrl>#usmin</styleUrl><Point><coordinates>-123.610290,42.680846,0</coordinates></Point></Placemark><Placemark><name>Prospect Pit</name><description>USMIN Prospect Pit | topo: Mount Reuben (1989) 1:24000 | src: USGS USMIN</description><styleUrl>#usmin</styleUrl><Point><coordinates>-123.606461,42.690952,0</coordinates></Point></Placemark><Placemark><name>Prospect Pit</name><description>USMIN Prospect Pit | topo: Mount Reuben (1989) 1:24000 | src: USGS USMIN</description><styleUrl>#usmin</styleUrl><Point><coordinates>-123.608403,42.698004,0</coordinates></Point></Placemark><Placemark><name>Prospect Pit</name><description>USMIN Prospect Pit | topo: Mount Reuben (1989) 1:24000 | src: USGS USMIN</description><styleUrl>#usmin</styleUrl><Point><coordinates>-123.623336,42.682980,0</coordinates></Point></Placemark><Placemark><name>Open Pit Mine</name><description>USMIN Open Pit Mine | topo: Galice (1946) 1:62500 | src: USGS USMIN</description><styleUrl>#usmin</styleUrl><Point><coordinates>-123.576696,42.714482,0</coordinates></Point></Placemark><Placemark><name>Open Pit Mine</name><description>USMIN Open Pit Mine | topo: Galice (1946) 1:62500 | src: USGS USMIN</description><styleUrl>#usmin</styleUrl><Point><coordinates>-123.631514,42.680401,0</coordinates></Point></Placemark><Placemark><name>Open Pit Mine</name><description>USMIN Open Pit Mine | topo: Galice (1946) 1:62500 | src: USGS USMIN</description><styleUrl>#usmin</styleUrl><Point><coordinates>-123.577018,42.713636,0</coordinates></Point></Placemark><Placemark><name>Prospect Pit</name><description>USMIN Prospect Pit | topo: Galice (1946) 1:62500 | src: USGS USMIN</description><styleUrl>#usmin</styleUrl><Point><coordinates>-123.608766,42.699277,0</coordinates></Point></Placemark><Placemark><name>Prospect Pit</name><description>USMIN Prospect Pit | topo: Galice (1946) 1:62500 | src: USGS USMIN</description><styleUrl>#usmin</styleUrl><Point><coordinates>-123.603422,42.718780,0</coordinates></Point></Placemark><Placemark><name>Prospect Pit</name><description>USMIN Prospect Pit | topo: Galice (1946) 1:62500 | src: USGS USMIN</description><styleUrl>#usmin</styleUrl><Point><coordinates>-123.600431,42.721224,0</coordinates></Point></Placemark><Placemark><name>Prospect Pit</name><description>USMIN Prospect Pit | topo: Galice (1946) 1:62500 | src: USGS USMIN</description><styleUrl>#usmin</styleUrl><Point><coordinates>-123.610434,42.680824,0</coordinates></Point></Placemark><Placemark><name>Prospect Pit</name><description>USMIN Prospect Pit | topo: Galice (1946) 1:62500 | src: USGS USMIN</description><styleUrl>#usmin</styleUrl><Point><coordinates>-123.595264,42.721616,0</coordinates></Point></Placemark><Placemark><name>Prospect Pit</name><description>USMIN Prospect Pit | topo: Galice (1946) 1:62500 | src: USGS USMIN</description><styleUrl>#usmin</styleUrl><Point><coordinates>-123.625319,42.681100,0</coordinates></Point></Placemark><Placemark><name>Prospect Pit</name><description>USMIN Prospect Pit | topo: Galice (1946) 1:62500 | src: USGS USMIN</description><styleUrl>#usmin</styleUrl><Point><coordinates>-123.607130,42.691185,0</coordinates></Point></Placemark><Placemark><name>Prospect Pit</name><description>USMIN Prospect Pit | topo: Galice (1946) 1:62500 | src: USGS USMIN</description><styleUrl>#usmin</styleUrl><Point><coordinates>-123.594408,42.722524,0</coordinates></Point></Placemark><Placemark><name>Prospect Pit</name><description>USMIN Prospect Pit | topo: Galice (1946) 1:62500 | src: USGS USMIN</description><styleUrl>#usmin</styleUrl><Point><coordinates>-123.609890,42.697940,0</coordinates></Point></Placemark><Placemark><name>Adit</name><description>USMIN Adit | topo: Mount Reuben (1989) 1:24000 | src: USGS USMIN</description><styleUrl>#usmin</styleUrl><Point><coordinates>-123.577058,42.714018,0</coordinates></Point></Placemark><Placemark><name>Adit</name><description>USMIN Adit | topo: Bunker Creek (1989) 1:24000 | src: USGS USMIN</description><styleUrl>#usmin</styleUrl><Point><coordinates>-123.629171,42.681972,0</coordinates></Point></Placemark><Placemark><name>Adit</name><description>USMIN Adit | topo: Mount Reuben (1989) 1:24000 | src: USGS USMIN</description><styleUrl>#usmin</styleUrl><Point><coordinates>-123.606604,42.691199,0</coordinates></Point></Placemark><Placemark><name>Adit</name><description>USMIN Adit | topo: Bunker Creek (1989) 1:24000 | src: USGS USMIN</description><styleUrl>#usmin</styleUrl><Point><coordinates>-123.629260,42.682108,0</coordinates></Point></Placemark><Placemark><name>Adit</name><description>USMIN Adit | topo: Bunker Creek (1989) 1:24000 | src: USGS USMIN</description><styleUrl>#usmin</styleUrl><Point><coordinates>-123.631220,42.680681,0</coordinates></Point></Placemark><Placemark><name>Adit</name><description>USMIN Adit | topo: Mount Reuben (1989) 1:24000 | src: USGS USMIN</description><styleUrl>#usmin</styleUrl><Point><coordinates>-123.609107,42.697119,0</coordinates></Point></Placemark><Placemark><name>Adit</name><description>USMIN Adit | topo: Mount Reuben (1989) 1:24000 | src: USGS USMIN</description><styleUrl>#usmin</styleUrl><Point><coordinates>-123.577453,42.713288,0</coordinates></Point></Placemark><Placemark><name>Adit</name><description>USMIN Adit | topo: Mount Reuben (1989) 1:24000 | src: USGS USMIN</description><styleUrl>#usmin</styleUrl><Point><coordinates>-123.607984,42.698376,0</coordinates></Point></Placemark><Placemark><name>Mine Shaft</name><description>USMIN Mine Shaft | topo: King Mountain (1983) 1:24000 | src: USGS USMIN</description><styleUrl>#usmin</styleUrl><Point><coordinates>-123.174833,42.736101,0</coordinates></Point></Placemark><Placemark><name>Mine Shaft</name><description>USMIN Mine Shaft | topo: King Mountain (1983) 1:24000 | src: USGS USMIN</description><styleUrl>#usmin</styleUrl><Point><coordinates>-123.203505,42.695959,0</coordinates></Point></Placemark><Placemark><name>Open Pit Mine</name><description>USMIN Open Pit Mine | topo: King Mountain (1983) 1:24000 | src: USGS USMIN</description><styleUrl>#usmin</styleUrl><Point><coordinates>-123.202592,42.712818,0</coordinates></Point></Placemark><Placemark><name>Prospect Pit</name><description>USMIN Prospect Pit | topo: King Mountain (1983) 1:24000 | src: USGS USMIN</description><styleUrl>#usmin</styleUrl><Point><coordinates>-123.196247,42.731571,0</coordinates></Point></Placemark><Placemark><name>Prospect Pit</name><description>USMIN Prospect Pit | topo: King Mountain (1983) 1:24000 | src: USGS USMIN</description><styleUrl>#usmin</styleUrl><Point><coordinates>-123.204515,42.733029,0</coordinates></Point></Placemark><Placemark><name>Prospect Pit</name><description>USMIN Prospect Pit | topo: King Mountain (1983) 1:24000 | src: USGS USMIN</description><styleUrl>#usmin</styleUrl><Point><coordinates>-123.193695,42.704611,0</coordinates></Point></Placemark><Placemark><name>Prospect Pit</name><description>USMIN Prospect Pit | topo: Skeleton Mtn. (1983) 1:24000 | src: USGS USMIN</description><styleUrl>#usmin</styleUrl><Point><coordinates>-123.117688,42.744748,0</coordinates></Point></Placemark><Placemark><name>Prospect Pit</name><description>USMIN Prospect Pit | topo: King Mountain (1983) 1:24000 | src: USGS USMIN</description><styleUrl>#usmin</styleUrl><Point><coordinates>-123.187167,42.719613,0</coordinates></Point></Placemark><Placemark><name>Prospect Pit</name><description>USMIN Prospect Pit | topo: Skeleton Mtn. (1983) 1:24000 | src: USGS USMIN</description><styleUrl>#usmin</styleUrl><Point><coordinates>-123.118129,42.743758,0</coordinates></Point></Placemark><Placemark><name>Prospect Pit</name><description>USMIN Prospect Pit | topo: King Mountain (1983) 1:24000 | src: USGS USMIN</description><styleUrl>#usmin</styleUrl><Point><coordinates>-123.211119,42.694977,0</coordinates></Point></Placemark><Placemark><name>Prospect Pit</name><description>USMIN Prospect Pit | topo: Wimer (1954) 1:62500 | src: USGS USMIN</description><styleUrl>#usmin</styleUrl><Point><coordinates>-123.116994,42.744369,0</coordinates></Point></Placemark><Placemark><name>Adit</name><description>USMIN Adit | topo: King Mountain (1983) 1:24000 | src: USGS USMIN</description><styleUrl>#usmin</styleUrl><Point><coordinates>-123.201173,42.732679,0</coordinates></Point></Placemark><Placemark><name>Adit</name><description>USMIN Adit | topo: King Mountain (1983) 1:24000 | src: USGS USMIN</description><styleUrl>#usmin</styleUrl><Point><coordinates>-123.193438,42.704897,0</coordinates></Point></Placemark><Placemark><name>Adit</name><description>USMIN Adit | topo: King Mountain (1983) 1:24000 | src: USGS USMIN</description><styleUrl>#usmin</styleUrl><Point><coordinates>-123.200777,42.732976,0</coordinates></Point></Placemark><Placemark><name>Adit</name><description>USMIN Adit | topo: King Mountain (1983) 1:24000 | src: USGS USMIN</description><styleUrl>#usmin</styleUrl><Point><coordinates>-123.204614,42.732854,0</coordinates></Point></Placemark><Placemark><name>Adit</name><description>USMIN Adit | topo: King Mountain (1983) 1:24000 | src: USGS USMIN</description><styleUrl>#usmin</styleUrl><Point><coordinates>-123.174186,42.735789,0</coordinates></Point></Placemark><Placemark><name>Adit</name><description>USMIN Adit | topo: King Mountain (1983) 1:24000 | src: USGS USMIN</description><styleUrl>#usmin</styleUrl><Point><coordinates>-123.200342,42.707028,0</coordinates></Point></Placemark><Placemark><name>Adit</name><description>USMIN Adit | topo: Wimer (1954) 1:62500 | src: USGS USMIN</description><styleUrl>#usmin</styleUrl><Point><coordinates>-123.202796,42.711507,0</coordinates></Point></Placemark><Placemark><name>Gravel/Borrow Pit - Undifferentiated</name><description>USMIN Gravel/Borrow Pit - Undifferentiated | topo: Golden (1986) 1:24000 | src: USGS USMIN</description><styleUrl>#usmin</styleUrl><Point><coordinates>-123.338967,42.702186,0</coordinates></Point></Placemark><Placemark><name>Mine Shaft</name><description>USMIN Mine Shaft | topo: Golden (1986) 1:24000 | src: USGS USMIN</description><styleUrl>#usmin</styleUrl><Point><coordinates>-123.314558,42.680846,0</coordinates></Point></Placemark><Placemark><name>Open Pit Mine</name><description>USMIN Open Pit Mine | topo: Quines Creek (1986) 1:24000 | src: USGS USMIN</description><styleUrl>#usmin</styleUrl><Point><coordinates>-123.335147,42.756155,0</coordinates></Point></Placemark><Placemark><name>Open Pit Mine</name><description>USMIN Open Pit Mine | topo: Golden (1986) 1:24000 | src: USGS USMIN</description><styleUrl>#usmin</styleUrl><Point><coordinates>-123.263843,42.717472,0</coordinates></Point></Placemark><Placemark><name>Open Pit Mine</name><description>USMIN Open Pit Mine | topo: Golden (1986) 1:24000 | src: USGS USMIN</description><styleUrl>#usmin</styleUrl><Point><coordinates>-123.270622,42.710830,0</coordinates></Point></Placemark><Placemark><name>Prospect Pit</name><description>USMIN Prospect Pit | topo: Golden (1986) 1:24000 | src: USGS USMIN</description><styleUrl>#usmin</styleUrl><Point><coordinates>-123.346103,42.732641,0</coordinates></Point></Placemark><Placemark><name>Prospect Pit</name><description>USMIN Prospect Pit | topo: King Mountain (1983) 1:24000 | src: USGS USMIN</description><styleUrl>#usmin</styleUrl><Point><coordinates>-123.231283,42.701692,0</coordinates></Point></Placemark><Placemark><name>Prospect Pit</name><description>USMIN Prospect Pit | topo: Golden (1986) 1:24000 | src: USGS USMIN</description><styleUrl>#usmin</styleUrl><Point><coordinates>-123.281842,42.684269,0</coordinates></Point></Placemark><Placemark><name>Prospect Pit</name><description>USMIN Prospect Pit | topo: Golden (1986) 1:24000 | src: USGS USMIN</description><styleUrl>#usmin</styleUrl><Point><coordinates>-123.283904,42.704904,0</coordinates></Point></Placemark><Placemark><name>Prospect Pit</name><description>USMIN Prospect Pit | topo: King Mountain (1983) 1:24000 | src: USGS USMIN</description><styleUrl>#usmin</styleUrl><Point><coordinates>-123.230656,42.695605,0</coordinates></Point></Placemark><Placemark><name>Prospect Pit</name><description>USMIN Prospect Pit | topo: Golden (1986) 1:24000 | src: USGS USMIN</description><styleUrl>#usmin</styleUrl><Point><coordinates>-123.269754,42.694233,0</coordinates></Point></Placemark><Placemark><name>Prospect Pit</name><description>USMIN Prospect Pit | topo: Golden (1986) 1:24000 | src: USGS USMIN</description><styleUrl>#usmin</styleUrl><Point><coordinates>-123.270547,42.690395,0</coordinates></Point></Placemark><Placemark><name>Prospect Pit</name><description>USMIN Prospect Pit | topo: King Mountain (1983) 1:24000 | src: USGS USMIN</description><styleUrl>#usmin</styleUrl><Point><coordinates>-123.231307,42.696370,0</coordinates></Point></Placemark><Placemark><name>Open Pit Mine</name><description>USMIN Open Pit Mine | topo: Glendale (1954) 1:62500 | src: USGS USMIN</description><styleUrl>#usmin</styleUrl><Point><coordinates>-123.263186,42.717127,0</coordinates></Point></Placemark><Placemark><name>Open Pit Mine</name><description>USMIN Open Pit Mine | topo: Glendale (1954) 1:62500 | src: USGS USMIN</description><styleUrl>#usmin</styleUrl><Point><coordinates>-123.270701,42.710912,0</coordinates></Point></Placemark><Placemark><name>Open Pit Mine</name><description>USMIN Open Pit Mine | topo: Glendale (1954) 1:62500 | src: USGS USMIN</description><styleUrl>#usmin</styleUrl><Point><coordinates>-123.326105,42.687776,0</coordinates></Point></Placemark><Placemark><name>Open Pit Mine</name><description>USMIN Open Pit Mine | topo: Glendale (1954) 1:62500 | src: USGS USMIN</description><styleUrl>#usmin</styleUrl><Point><coordinates>-123.325360,42.687044,0</coordinates></Point></Placemark><Placemark><name>Open Pit Mine</name><description>USMIN Open Pit Mine | topo: Glendale (1954) 1:62500 | src: USGS USMIN</description><styleUrl>#usmin</styleUrl><Point><coordinates>-123.263517,42.702982,0</coordinates></Point></Placemark><Placemark><name>Placer Mine</name><description>USMIN Placer Mine | topo: Glendale (1954) 1:62500 | src: USGS USMIN</description><styleUrl>#usmin</styleUrl><Point><coordinates>-123.351159,42.685669,0</coordinates></Point></Placemark><Placemark><name>Prospect Pit</name><description>USMIN Prospect Pit | topo: Glendale (1954) 1:62500 | src: USGS USMIN</description><styleUrl>#usmin</styleUrl><Point><coordinates>-123.324244,42.690294,0</coordinates></Point></Placemark><Placemark><name>Prospect Pit</name><description>USMIN Prospect Pit | topo: Glendale (1954) 1:62500 | src: USGS USMIN</description><styleUrl>#usmin</styleUrl><Point><coordinates>-123.269953,42.697398,0</coordinates></Point></Placemark><Placemark><name>Prospect Pit</name><description>USMIN Prospect Pit | topo: Glendale (1954) 1:62500 | src: USGS USMIN</description><styleUrl>#usmin</styleUrl><Point><coordinates>-123.323015,42.691320,0</coordinates></Point></Placemark><Placemark><name>Prospect Pit</name><description>USMIN Prospect Pit | topo: Glendale (1954) 1:62500 | src: USGS USMIN</description><styleUrl>#usmin</styleUrl><Point><coordinates>-123.278997,42.699175,0</coordinates></Point></Placemark><Placemark><name>Prospect Pit</name><description>USMIN Prospect Pit | topo: Glendale (1954) 1:62500 | src: USGS USMIN</description><styleUrl>#usmin</styleUrl><Point><coordinates>-123.277692,42.698704,0</coordinates></Point></Placemark><Placemark><name>Prospect Pit</name><description>USMIN Prospect Pit | topo: Glendale (1954) 1:62500 | src: USGS USMIN</description><styleUrl>#usmin</styleUrl><Point><coordinates>-123.288054,42.683513,0</coordinates></Point></Placemark><Placemark><name>Prospect Pit</name><description>USMIN Prospect Pit | topo: Glendale (1954) 1:62500 | src: USGS USMIN</description><styleUrl>#usmin</styleUrl><Point><coordinates>-123.289153,42.683226,0</coordinates></Point></Placemark><Placemark><name>Prospect Pit</name><description>USMIN Prospect Pit | topo: Glendale (1954) 1:62500 | src: USGS USMIN</description><styleUrl>#usmin</styleUrl><Point><coordinates>-123.263230,42.703887,0</coordinates></Point></Placemark><Placemark><name>Prospect Pit</name><description>USMIN Prospect Pit | topo: Glendale (1954) 1:62500 | src: USGS USMIN</description><styleUrl>#usmin</styleUrl><Point><coordinates>-123.270729,42.690042,0</coordinates></Point></Placemark><Placemark><name>Prospect Pit</name><description>USMIN Prospect Pit | topo: Wimer (1954) 1:62500 | src: USGS USMIN</description><styleUrl>#usmin</styleUrl><Point><coordinates>-123.230651,42.701796,0</coordinates></Point></Placemark><Placemark><name>Prospect Pit</name><description>USMIN Prospect Pit | topo: Glendale (1954) 1:62500 | src: USGS USMIN</description><styleUrl>#usmin</styleUrl><Point><coordinates>-123.269469,42.694112,0</coordinates></Point></Placemark><Placemark><name>Prospect Pit</name><description>USMIN Prospect Pit | topo: Glendale (1954) 1:62500 | src: USGS USMIN</description><styleUrl>#usmin</styleUrl><Point><coordinates>-123.272822,42.688531,0</coordinates></Point></Placemark><Placemark><name>Prospect Pit</name><description>USMIN Prospect Pit | topo: Glendale (1954) 1:62500 | src: USGS USMIN</description><styleUrl>#usmin</styleUrl><Point><coordinates>-123.262027,42.716983,0</coordinates></Point></Placemark><Placemark><name>Adit</name><description>USMIN Adit | topo: Golden (1986) 1:24000 | src: USGS USMIN</description><styleUrl>#usmin</styleUrl><Point><coordinates>-123.273740,42.693844,0</coordinates></Point></Placemark><Placemark><name>Adit</name><description>USMIN Adit | topo: Golden (1986) 1:24000 | src: USGS USMIN</description><styleUrl>#usmin</styleUrl><Point><coordinates>-123.273669,42.694604,0</coordinates></Point></Placemark><Placemark><name>Adit</name><description>USMIN Adit | topo: Golden (1986) 1:24000 | src: USGS USMIN</description><styleUrl>#usmin</styleUrl><Point><coordinates>-123.273911,42.693924,0</coordinates></Point></Placemark><Placemark><name>Adit</name><description>USMIN Adit | topo: Golden (1986) 1:24000 | src: USGS USMIN</description><styleUrl>#usmin</styleUrl><Point><coordinates>-123.295993,42.684905,0</coordinates></Point></Placemark><Placemark><name>Adit</name><description>USMIN Adit | topo: Golden (1986) 1:24000 | src: USGS USMIN</description><styleUrl>#usmin</styleUrl><Point><coordinates>-123.317885,42.682742,0</coordinates></Point></Placemark><Placemark><name>Adit</name><description>USMIN Adit | topo: Glendale (1954) 1:62500 | src: USGS USMIN</description><styleUrl>#usmin</styleUrl><Point><coordinates>-123.318084,42.682230,0</coordinates></Point></Placemark><Placemark><name>Adit</name><description>USMIN Adit | topo: Golden (1986) 1:24000 | src: USGS USMIN</description><styleUrl>#usmin</styleUrl><Point><coordinates>-123.286783,42.686241,0</coordinates></Point></Placemark><Placemark><name>Adit</name><description>USMIN Adit | topo: Golden (1986) 1:24000 | src: USGS USMIN</description><styleUrl>#usmin</styleUrl><Point><coordinates>-123.273808,42.694073,0</coordinates></Point></Placemark><Placemark><name>Adit</name><description>USMIN Adit | topo: Glendale (1954) 1:62500 | src: USGS USMIN</description><styleUrl>#usmin</styleUrl><Point><coordinates>-123.317284,42.682120,0</coordinates></Point></Placemark><Placemark><name>Adit</name><description>USMIN Adit | topo: Glendale (1954) 1:62500 | src: USGS USMIN</description><styleUrl>#usmin</styleUrl><Point><coordinates>-123.264406,42.701769,0</coordinates></Point></Placemark><Placemark><name>Adit</name><description>USMIN Adit | topo: Golden (1986) 1:24000 | src: USGS USMIN</description><styleUrl>#usmin</styleUrl><Point><coordinates>-123.261250,42.707678,0</coordinates></Point></Placemark><Placemark><name>Adit</name><description>USMIN Adit | topo: Glendale (1954) 1:62500 | src: USGS USMIN</description><styleUrl>#usmin</styleUrl><Point><coordinates>-123.272980,42.690053,0</coordinates></Point></Placemark><Placemark><name>Adit</name><description>USMIN Adit | topo: Golden (1986) 1:24000 | src: USGS USMIN</description><styleUrl>#usmin</styleUrl><Point><coordinates>-123.273774,42.689666,0</coordinates></Point></Placemark><Placemark><name>Adit</name><description>USMIN Adit | topo: Golden (1986) 1:24000 | src: USGS USMIN</description><styleUrl>#usmin</styleUrl><Point><coordinates>-123.272662,42.690473,0</coordinates></Point></Placemark><Placemark><name>Adit</name><description>USMIN Adit | topo: Glendale (1954) 1:62500 | src: USGS USMIN</description><styleUrl>#usmin</styleUrl><Point><coordinates>-123.261517,42.707526,0</coordinates></Point></Placemark><Placemark><name>Adit</name><description>USMIN Adit | topo: Glendale (1954) 1:62500 | src: USGS USMIN</description><styleUrl>#usmin</styleUrl><Point><coordinates>-123.267686,42.697303,0</coordinates></Point></Placemark><Placemark><name>Adit</name><description>USMIN Adit | topo: Golden (1986) 1:24000 | src: USGS USMIN</description><styleUrl>#usmin</styleUrl><Point><coordinates>-123.278479,42.699397,0</coordinates></Point></Placemark><Placemark><name>Adit</name><description>USMIN Adit | topo: Golden (1986) 1:24000 | src: USGS USMIN</description><styleUrl>#usmin</styleUrl><Point><coordinates>-123.268120,42.698055,0</coordinates></Point></Placemark><Placemark><name>Adit</name><description>USMIN Adit | topo: Golden (1986) 1:24000 | src: USGS USMIN</description><styleUrl>#usmin</styleUrl><Point><coordinates>-123.270153,42.697122,0</coordinates></Point></Placemark><Placemark><name>Adit</name><description>USMIN Adit | topo: Golden (1986) 1:24000 | src: USGS USMIN</description><styleUrl>#usmin</styleUrl><Point><coordinates>-123.278211,42.699480,0</coordinates></Point></Placemark><Placemark><name>Adit</name><description>USMIN Adit | topo: Golden (1986) 1:24000 | src: USGS USMIN</description><styleUrl>#usmin</styleUrl><Point><coordinates>-123.270428,42.697008,0</coordinates></Point></Placemark><Placemark><name>Adit</name><description>USMIN Adit | topo: Glendale (1954) 1:62500 | src: USGS USMIN</description><styleUrl>#usmin</styleUrl><Point><coordinates>-123.270418,42.696023,0</coordinates></Point></Placemark><Placemark><name>Adit</name><description>USMIN Adit | topo: Glendale (1954) 1:62500 | src: USGS USMIN</description><styleUrl>#usmin</styleUrl><Point><coordinates>-123.271119,42.695736,0</coordinates></Point></Placemark><Placemark><name>Adit</name><description>USMIN Adit | topo: Glendale (1954) 1:62500 | src: USGS USMIN</description><styleUrl>#usmin</styleUrl><Point><coordinates>-123.278520,42.699494,0</coordinates></Point></Placemark><Placemark><name>Adit</name><description>USMIN Adit | topo: Glendale (1954) 1:62500 | src: USGS USMIN</description><styleUrl>#usmin</styleUrl><Point><coordinates>-123.277093,42.699583,0</coordinates></Point></Placemark><Placemark><name>Adit</name><description>USMIN Adit | topo: Glendale (1954) 1:62500 | src: USGS USMIN</description><styleUrl>#usmin</styleUrl><Point><coordinates>-123.269692,42.696328,0</coordinates></Point></Placemark><Placemark><name>Adit</name><description>USMIN Adit | topo: Glendale (1954) 1:62500 | src: USGS USMIN</description><styleUrl>#usmin</styleUrl><Point><coordinates>-123.278048,42.699901,0</coordinates></Point></Placemark><Placemark><name>Adit</name><description>USMIN Adit | topo: King Mountain (1983) 1:24000 | src: USGS USMIN</description><styleUrl>#usmin</styleUrl><Point><coordinates>-123.235720,42.719645,0</coordinates></Point></Placemark><Placemark><name>Adit</name><description>USMIN Adit | topo: King Mountain (1983) 1:24000 | src: USGS USMIN</description><styleUrl>#usmin</styleUrl><Point><coordinates>-123.235682,42.719378,0</coordinates></Point></Placemark><Placemark><name>Adit</name><description>USMIN Adit | topo: Wimer (1954) 1:62500 | src: USGS USMIN</description><styleUrl>#usmin</styleUrl><Point><coordinates>-123.236175,42.719330,0</coordinates></Point></Placemark><Placemark><name>Adit</name><description>USMIN Adit | topo: Golden (1986) 1:24000 | src: USGS USMIN</description><styleUrl>#usmin</styleUrl><Point><coordinates>-123.285466,42.683949,0</coordinates></Point></Placemark><Placemark><name>Adit</name><description>USMIN Adit | topo: Golden (1986) 1:24000 | src: USGS USMIN</description><styleUrl>#usmin</styleUrl><Point><coordinates>-123.274276,42.692270,0</coordinates></Point></Placemark><Placemark><name>Adit</name><description>USMIN Adit | topo: Golden (1986) 1:24000 | src: USGS USMIN</description><styleUrl>#usmin</styleUrl><Point><coordinates>-123.325907,42.688453,0</coordinates></Point></Placemark><Placemark><name>Adit</name><description>USMIN Adit | topo: Golden (1986) 1:24000 | src: USGS USMIN</description><styleUrl>#usmin</styleUrl><Point><coordinates>-123.274581,42.691889,0</coordinates></Point></Placemark><Placemark><name>Adit</name><description>USMIN Adit | topo: Glendale (1954) 1:62500 | src: USGS USMIN</description><styleUrl>#usmin</styleUrl><Point><coordinates>-123.315981,42.680294,0</coordinates></Point></Placemark><Placemark><name>Adit</name><description>USMIN Adit | topo: Glendale (1954) 1:62500 | src: USGS USMIN</description><styleUrl>#usmin</styleUrl><Point><coordinates>-123.274217,42.691395,0</coordinates></Point></Placemark><Placemark><name>Adit</name><description>USMIN Adit | topo: Glendale (1954) 1:62500 | src: USGS USMIN</description><styleUrl>#usmin</styleUrl><Point><coordinates>-123.276901,42.691934,0</coordinates></Point></Placemark><Placemark><name>Adit</name><description>USMIN Adit | topo: Glendale (1954) 1:62500 | src: USGS USMIN</description><styleUrl>#usmin</styleUrl><Point><coordinates>-123.324180,42.691468,0</coordinates></Point></Placemark><Placemark><name>Adit</name><description>USMIN Adit | topo: Glendale (1954) 1:62500 | src: USGS USMIN</description><styleUrl>#usmin</styleUrl><Point><coordinates>-123.273752,42.691849,0</coordinates></Point></Placemark><Placemark><name>Adit</name><description>USMIN Adit | topo: Golden (1986) 1:24000 | src: USGS USMIN</description><styleUrl>#usmin</styleUrl><Point><coordinates>-123.322972,42.691811,0</coordinates></Point></Placemark><Placemark><name>Adit</name><description>USMIN Adit | topo: Glendale (1954) 1:62500 | src: USGS USMIN</description><styleUrl>#usmin</styleUrl><Point><coordinates>-123.285435,42.684236,0</coordinates></Point></Placemark><Placemark><name>Adit</name><description>USMIN Adit | topo: Glendale (1954) 1:62500 | src: USGS USMIN</description><styleUrl>#usmin</styleUrl><Point><coordinates>-123.315356,42.680076,0</coordinates></Point></Placemark><Placemark><name>Adit</name><description>USMIN Adit | topo: Glendale (1954) 1:62500 | src: USGS USMIN</description><styleUrl>#usmin</styleUrl><Point><coordinates>-123.295942,42.685169,0</coordinates></Point></Placemark><Placemark><name>Adit</name><description>USMIN Adit | topo: Glendale (1954) 1:62500 | src: USGS USMIN</description><styleUrl>#usmin</styleUrl><Point><coordinates>-123.325581,42.689840,0</coordinates></Point></Placemark><Placemark><name>Adit</name><description>USMIN Adit | topo: Glendale (1954) 1:62500 | src: USGS USMIN</description><styleUrl>#usmin</styleUrl><Point><coordinates>-123.290475,42.685213,0</coordinates></Point></Placemark><Placemark><name>Adit</name><description>USMIN Adit | topo: Glendale (1954) 1:62500 | src: USGS USMIN</description><styleUrl>#usmin</styleUrl><Point><coordinates>-123.277868,42.684228,0</coordinates></Point></Placemark><Placemark><name>Adit</name><description>USMIN Adit | topo: Glendale (1954) 1:62500 | src: USGS USMIN</description><styleUrl>#usmin</styleUrl><Point><coordinates>-123.286051,42.684909,0</coordinates></Point></Placemark><Placemark><name>Open Pit Mine</name><description>USMIN Open Pit Mine | topo: Rabbit Mountain (1990) 1:24000 | src: USGS USMIN</description><styleUrl>#usmin</styleUrl><Point><coordinates>-123.527939,42.750105,0</coordinates></Point></Placemark><Placemark><name>Open Pit Mine</name><description>USMIN Open Pit Mine | topo: Rabbit Mountain (1990) 1:24000 | src: USGS USMIN</description><styleUrl>#usmin</styleUrl><Point><coordinates>-123.530451,42.751076,0</coordinates></Point></Placemark><Placemark><name>Prospect Pit</name><description>USMIN Prospect Pit | topo: Galice (1946) 1:62500 | src: USGS USMIN</description><styleUrl>#usmin</styleUrl><Point><coordinates>-123.560713,42.681012,0</coordinates></Point></Placemark><Placemark><name>Tailings - Undifferentiated</name><description>USMIN Tailings - Undifferentiated | topo: King Mountain (1983) 1:24000 | src: USGS USMIN</description><styleUrl>#usmin_polygon</styleUrl><Polygon><outerBoundaryIs><LinearRing><coordinates>-123.194485,42.709266,0 -123.194619,42.709294,0 -123.194676,42.709351,0 -123.194685,42.709380,0 -123.194695,42.709465,0 -123.194609,42.709551,0 -123.194504,42.709608,0 -123.194400,42.709608,0 -123.194276,42.709570,0 -123.194228,42.709446,0 -123.194238,42.709361,0 -123.194286,42.709275,0 -123.194352,42.709266,0 -123.194485,42.709266,0</coordinates></LinearRing></outerBoundaryIs></Polygon></Placemark><Placemark><name>Tailings - Undifferentiated</name><description>USMIN Tailings - Undifferentiated | topo: King Mountain (1983) 1:24000 | src: USGS USMIN</description><styleUrl>#usmin_polygon</styleUrl><Polygon><outerBoundaryIs><LinearRing><coordinates>-123.208296,42.695403,0 -123.208336,42.695454,0 -123.208245,42.695529,0 -123.208188,42.695580,0 -123.208142,42.695654,0 -123.208125,42.695734,0 -123.208125,42.695780,0 -123.208102,42.695820,0 -123.207999,42.695826,0 -123.207913,42.695814,0 -123.207851,42.695786,0 -123.207828,42.695723,0 -123.207805,42.695677,0 -123.207788,42.695632,0 -123.207805,42.695529,0 -123.207862,42.695483,0 -123.208005,42.695437,0 -123.208062,42.695437,0 -123.208142,42.695420,0 -123.208205,42.695403,0 -123.208250,42.695403,0 -123.208296,42.695403,0</coordinates></LinearRing></outerBoundaryIs></Polygon></Placemark><Placemark><name>Open Pit Mine</name><description>USMIN Open Pit Mine | topo: Nickel Mtn. (1986) 1:24000 | src: USGS USMIN</description><styleUrl>#usmin_polygon</styleUrl><Polygon><outerBoundaryIs><LinearRing><coordinates>-123.430361,42.960497,0 -123.430199,42.960513,0 -123.430059,42.960513,0 -123.429968,42.960524,0 -123.429838,42.960529,0 -123.429649,42.960480,0 -123.429509,42.960437,0 -123.429428,42.960373,0 -123.429417,42.960275,0 -123.429636,42.960147,0 -123.429691,42.960082,0 -123.429686,42.959994,0 -123.429515,42.959909,0 -123.429520,42.959817,0 -123.429585,42.959742,0 -123.429676,42.959688,0 -123.429833,42.959677,0 -123.429962,42.959671,0 -123.430011,42.959628,0 -123.429957,42.959542,0 -123.429941,42.959472,0 -123.429968,42.959418,0 -123.430027,42.959364,0 -123.430102,42.959299,0 -123.430038,42.959235,0 -123.429989,42.959197,0 -123.429903,42.959170,0 -123.429795,42.959143,0 -123.429676,42.959121,0 -123.429595,42.959121,0 -123.429455,42.959138,0 -123.429320,42.959154,0 -123.429191,42.959165,0 -123.429089,42.959197,0 -123.428964,42.959208,0 -123.428857,42.959208,0 -123.428727,42.959192,0 -123.428641,42.959165,0 -123.428555,42.959138,0 -123.428436,42.959121,0 -123.428296,42.959138,0 -123.428183,42.959154,0 -123.428064,42.959175,0 -123.427961,42.959197,0 -123.427864,42.959213,0 -123.427794,42.959208,0 -123.427740,42.959197,0 -123.427686,42.959192,0 -123.427600,42.959165,0 -123.427535,42.959121,0 -123.427492,42.959051,0 -123.427444,42.958997,0 -123.427374,42.958884,0 -123.427271,42.958873,0 -123.427152,42.958879,0 -123.427023,42.958873,0 -123.426667,42.958555,0 -123.426656,42.958453,0 -123.426656,42.958383,0 -123.426683,42.958248,0 -123.426716,42.958145,0 -123.426732,42.958037,0 -123.426770,42.957962,0 -123.426829,42.957870,0 -123.426877,42.957714,0 -123.426813,42.957649,0 -123.426710,42.957595,0 -123.426651,42.957531,0 -123.426597,42.957460,0 -123.426586,42.957374,0 -123.426624,42.957304,0 -123.426678,42.957266,0 -123.426748,42.957212,0 -123.426807,42.957153,0 -123.426904,42.957078,0 -123.426996,42.957051,0 -123.427131,42.957061,0 -123.427244,42.957078,0 -123.427336,42.957088,0 -123.427449,42.957121,0 -123.427573,42.957164,0 -123.427649,42.957277,0 -123.427659,42.957342,0 -123.427697,42.957439,0 -123.427719,42.957520,0 -123.427810,42.957611,0 -123.427886,42.957660,0 -123.427961,42.957741,0 -123.428085,42.957784,0 -123.428253,42.957843,0 -123.428371,42.957908,0 -123.428414,42.957930,0 -123.428506,42.957951,0 -123.428614,42.957951,0 -123.428722,42.957913,0 -123.428797,42.957903,0 -123.428873,42.957843,0 -123.428927,42.957800,0 -123.429013,42.957725,0 -123.429099,42.957703,0 -123.429191,42.957649,0 -123.429250,42.957579,0 -123.429320,42.957536,0 -123.429434,42.957471,0 -123.429542,42.957406,0 -123.429639,42.957353,0 -123.429741,42.957304,0 -123.429806,42.957266,0 -123.429935,42.957212,0 -123.430032,42.957158,0 -123.430124,42.957164,0 -123.430216,42.957185,0 -123.430334,42.957218,0 -123.430399,42.957261,0 -123.430507,42.957315,0 -123.430593,42.957347,0 -123.430760,42.957347,0 -123.430868,42.957347,0 -123.431003,42.957261,0 -123.431100,42.957212,0 -123.431262,42.957164,0 -123.431343,42.957196,0 -123.431440,42.957175,0 -123.431542,42.957142,0 -123.431639,42.957121,0 -123.431699,42.957072,0 -123.431807,42.957018,0 -123.431904,42.957040,0 -123.432033,42.957083,0 -123.432114,42.957180,0 -123.432173,42.957229,0 -123.432238,42.957304,0 -123.432281,42.957347,0 -123.432324,42.957396,0 -123.432394,42.957493,0 -123.432411,42.957590,0 -123.432427,42.957671,0 -123.432443,42.957730,0 -123.432486,42.957859,0 -123.432421,42.957913,0 -123.432400,42.958097,0 -123.432384,42.958264,0 -123.432378,42.958329,0 -123.432405,42.958458,0 -123.432416,42.958539,0 -123.432443,42.958582,0 -123.432497,42.958598,0 -123.432648,42.958561,0 -123.432734,42.958517,0 -123.432810,42.958485,0 -123.432880,42.958442,0 -123.432944,42.958383,0 -123.433025,42.958339,0 -123.433128,42.958275,0 -123.433187,42.958215,0 -123.433279,42.958140,0 -123.433370,42.958108,0 -123.433511,42.958081,0 -123.433683,42.958021,0 -123.433770,42.957967,0 -123.433926,42.957957,0 -123.434023,42.957951,0 -123.434147,42.957962,0 -123.434233,42.957989,0 -123.434314,42.958054,0 -123.434363,42.958135,0 -123.434357,42.958237,0 -123.434309,42.958350,0 -123.434255,42.958437,0 -123.434228,42.958534,0 -123.434131,42.958685,0 -123.433915,42.958873,0 -123.433532,42.959208,0 -123.432265,42.960195,0 -123.431656,42.960669,0 -123.431294,42.960933,0 -123.431213,42.960933,0 -123.431089,42.960928,0 -123.430998,42.960874,0 -123.430890,42.960745,0 -123.430863,42.960685,0 -123.430820,42.960637,0 -123.430750,42.960572,0 -123.430652,42.960524,0 -123.430561,42.960518,0 -123.430464,42.960513,0 -123.430361,42.960497,0</coordinates></LinearRing></outerBoundaryIs></Polygon></Placemark><Placemark><name>Open Pit Mine</name><description>USMIN Open Pit Mine | topo: Nickel Mtn. (1986) 1:24000 | src: USGS USMIN</description><styleUrl>#usmin_polygon</styleUrl><Polygon><outerBoundaryIs><LinearRing><coordinates>-123.426065,42.974956,0 -123.425886,42.975002,0 -123.425783,42.975033,0 -123.425680,42.975052,0 -123.425536,42.975029,0 -123.425414,42.974968,0 -123.425273,42.974880,0 -123.425182,42.974793,0 -123.425014,42.974728,0 -123.424847,42.974667,0 -123.424729,42.974610,0 -123.424630,42.974606,0 -123.424477,42.974568,0 -123.424356,42.974496,0 -123.424192,42.974412,0 -123.424066,42.974359,0 -123.423929,42.974313,0 -123.423792,42.974283,0 -123.423606,42.974267,0 -123.423328,42.974279,0 -123.423088,42.974271,0 -123.422871,42.974271,0 -123.422650,42.974241,0 -123.422353,42.974180,0 -123.422216,42.974138,0 -123.421869,42.974039,0 -123.421683,42.973986,0 -123.421466,42.973875,0 -123.421344,42.973822,0 -123.421207,42.973780,0 -123.421108,42.973746,0 -123.420937,42.973719,0 -123.420777,42.973711,0 -123.420651,42.973689,0 -123.420434,42.973677,0 -123.420282,42.973700,0 -123.420103,42.973696,0 -123.419977,42.973711,0 -123.419856,42.973731,0 -123.419650,42.973719,0 -123.419505,42.973711,0 -123.419410,42.973700,0 -123.419254,42.973708,0 -123.419132,42.973696,0 -123.418991,42.973677,0 -123.418927,42.973711,0 -123.418888,42.973826,0 -123.418866,42.973883,0 -123.418854,42.973959,0 -123.418820,42.974066,0 -123.418736,42.974130,0 -123.418691,42.974146,0 -123.418592,42.974130,0 -123.418489,42.974107,0 -123.418322,42.974009,0 -123.418118,42.973928,0 -123.417989,42.973857,0 -123.417846,42.973790,0 -123.417723,42.973729,0 -123.417642,42.973691,0 -123.417508,42.973624,0 -123.417375,42.973553,0 -123.417275,42.973491,0 -123.417190,42.973405,0 -123.417123,42.973300,0 -123.417090,42.973238,0 -123.417028,42.973181,0 -123.416956,42.973067,0 -123.416890,42.972996,0 -123.416852,42.972929,0 -123.416847,42.972858,0 -123.416880,42.972805,0 -123.417018,42.972786,0 -123.417085,42.972834,0 -123.417137,42.972910,0 -123.417175,42.972953,0 -123.417242,42.972981,0 -123.417313,42.973015,0 -123.417408,42.973034,0 -123.417485,42.973058,0 -123.417585,42.973053,0 -123.417665,42.973053,0 -123.417789,42.973053,0 -123.417884,42.973043,0 -123.417970,42.973034,0 -123.418056,42.973039,0 -123.418194,42.973001,0 -123.418237,42.972948,0 -123.418260,42.972877,0 -123.418260,42.972810,0 -123.418208,42.972744,0 -123.418156,42.972696,0 -123.418103,42.972610,0 -123.418065,42.972563,0 -123.418075,42.972487,0 -123.418127,42.972415,0 -123.418217,42.972415,0 -123.418308,42.972434,0 -123.418403,42.972463,0 -123.418551,42.972491,0 -123.418655,42.972506,0 -123.418698,42.972453,0 -123.418703,42.972377,0 -123.418717,42.972301,0 -123.418770,42.972230,0 -123.418812,42.972139,0 -123.418884,42.971996,0 -123.418941,42.971901,0 -123.419041,42.971735,0 -123.419174,42.971706,0 -123.419341,42.971706,0 -123.419436,42.971711,0 -123.419502,42.971758,0 -123.419488,42.971830,0 -123.419441,42.971949,0 -123.419364,42.972096,0 -123.419326,42.972215,0 -123.419341,42.972253,0 -123.419388,42.972201,0 -123.419498,42.972077,0 -123.419612,42.971973,0 -123.419769,42.971697,0 -123.419907,42.971506,0 -123.420102,42.971340,0 -123.420240,42.971178,0 -123.420411,42.971007,0 -123.420545,42.970876,0 -123.420722,42.970762,0 -123.420853,42.970693,0 -123.421099,42.970591,0 -123.421304,42.970499,0 -123.421578,42.970431,0 -123.421864,42.970288,0 -123.422269,42.970122,0 -123.422503,42.970059,0 -123.422738,42.970008,0 -123.423057,42.969905,0 -123.423303,42.969842,0 -123.423514,42.969797,0 -123.423520,42.969734,0 -123.423514,42.969683,0 -123.423457,42.969643,0 -123.423383,42.969591,0 -123.423291,42.969517,0 -123.423211,42.969466,0 -123.423160,42.969380,0 -123.423057,42.969289,0 -123.422960,42.969180,0 -123.422892,42.969077,0 -123.422795,42.968940,0 -123.422749,42.968883,0 -123.422658,42.968717,0 -123.422572,42.968626,0 -123.422481,42.968535,0 -123.422401,42.968409,0 -123.422332,42.968261,0 -123.422349,42.968106,0 -123.422383,42.968009,0 -123.422452,42.967918,0 -123.422515,42.967787,0 -123.422418,42.967724,0 -123.422326,42.967672,0 -123.422224,42.967558,0 -123.422086,42.967507,0 -123.421932,42.967461,0 -123.421772,42.967461,0 -123.421647,42.967461,0 -123.421567,42.967415,0 -123.421395,42.967290,0 -123.421310,42.967244,0 -123.421167,42.967176,0 -123.421030,42.967118,0 -123.420882,42.967010,0 -123.420836,42.966953,0 -123.420767,42.966827,0 -123.420756,42.966702,0 -123.420819,42.966622,0 -123.420893,42.966605,0 -123.421053,42.966587,0 -123.421213,42.966553,0 -123.421316,42.966565,0 -123.421424,42.966616,0 -123.421493,42.966616,0 -123.421573,42.966593,0 -123.421652,42.966582,0 -123.421750,42.966576,0 -123.421909,42.966633,0 -123.422047,42.966719,0 -123.422138,42.966770,0 -123.422275,42.966896,0 -123.422395,42.967010,0 -123.422515,42.967107,0 -123.422635,42.967073,0 -123.422783,42.967016,0 -123.422943,42.966970,0 -123.423103,42.966890,0 -123.423291,42.966810,0 -123.423371,42.966753,0 -123.423486,42.966610,0 -123.423497,42.966473,0 -123.423497,42.966405,0 -123.423440,42.966245,0 -123.423400,42.966153,0 -123.423343,42.966073,0 -123.423251,42.965976,0 -123.423223,42.965839,0 -123.423160,42.965605,0 -123.423183,42.965371,0 -123.423229,42.965251,0 -123.423274,42.965045,0 -123.423394,42.964886,0 -123.423526,42.964828,0 -123.423668,42.964754,0 -123.423891,42.964680,0 -123.424022,42.964663,0 -123.424137,42.964737,0 -123.424245,42.964794,0 -123.424365,42.964908,0 -123.424496,42.965006,0 -123.424616,42.965097,0 -123.424782,42.965188,0 -123.424913,42.965320,0 -123.424942,42.965388,0 -123.424919,42.965457,0 -123.424856,42.965514,0 -123.424719,42.965571,0 -123.424565,42.965611,0 -123.424445,42.965657,0 -123.424291,42.965708,0 -123.424108,42.965765,0 -123.423954,42.965845,0 -123.423897,42.965896,0 -123.423868,42.966028,0 -123.423863,42.966165,0 -123.423897,42.966296,0 -123.423965,42.966422,0 -123.424062,42.966599,0 -123.424165,42.966810,0 -123.424239,42.966930,0 -123.424268,42.966884,0 -123.424211,42.966764,0 -123.424188,42.966656,0 -123.424194,42.966513,0 -123.424188,42.966376,0 -123.424274,42.966268,0 -123.424331,42.966216,0 -123.424422,42.966296,0 -123.424514,42.966399,0 -123.424599,42.966525,0 -123.424651,42.966667,0 -123.424691,42.966810,0 -123.424719,42.966941,0 -123.424713,42.967027,0 -123.424736,42.967153,0 -123.424731,42.967256,0 -123.424719,42.967393,0 -123.424691,42.967558,0 -123.424679,42.967690,0 -123.424628,42.967912,0 -123.424593,42.968055,0 -123.424508,42.968249,0 -123.424422,42.968392,0 -123.424382,42.968563,0 -123.424354,42.968832,0 -123.424354,42.969003,0 -123.424376,42.969140,0 -123.424445,42.969306,0 -123.424456,42.969420,0 -123.424474,42.969528,0 -123.424479,42.969631,0 -123.424462,42.969808,0 -123.424462,42.969888,0 -123.424502,42.969962,0 -123.424554,42.970094,0 -123.424645,42.970191,0 -123.424696,42.970259,0 -123.424810,42.970305,0 -123.424982,42.970334,0 -123.425119,42.970374,0 -123.425319,42.970419,0 -123.425404,42.970442,0 -123.425473,42.970505,0 -123.425564,42.970631,0 -123.425627,42.970750,0 -123.425758,42.970848,0 -123.425878,42.970939,0 -123.425975,42.971013,0 -123.426135,42.971082,0 -123.426232,42.971145,0 -123.426290,42.971270,0 -123.426324,42.971350,0 -123.426290,42.971441,0 -123.426215,42.971556,0 -123.426153,42.971653,0 -123.426090,42.971738,0 -123.426033,42.971813,0 -123.425998,42.971875,0 -123.425975,42.971957,0 -123.425966,42.972029,0 -123.425961,42.972095,0 -123.425952,42.972167,0 -123.425942,42.972276,0 -123.425923,42.972357,0 -123.425861,42.972471,0 -123.425780,42.972523,0 -123.425633,42.972519,0 -123.425509,42.972481,0 -123.425333,42.972405,0 -123.425190,42.972357,0 -123.425043,42.972314,0 -123.424952,42.972262,0 -123.424824,42.972228,0 -123.424667,42.972167,0 -123.424567,42.972152,0 -123.424438,42.972148,0 -123.424357,42.972143,0 -123.424258,42.972157,0 -123.424134,42.972176,0 -123.424024,42.972200,0 -123.423929,42.972228,0 -123.423739,42.972300,0 -123.423701,42.972352,0 -123.423639,42.972400,0 -123.423591,42.972462,0 -123.423515,42.972538,0 -123.423429,42.972614,0 -123.423372,42.972681,0 -123.423296,42.972819,0 -123.423239,42.972918,0 -123.423258,42.972966,0 -123.423315,42.973028,0 -123.423401,42.973090,0 -123.423501,42.973142,0 -123.423615,42.973180,0 -123.423729,42.973214,0 -123.423829,42.973233,0 -123.423991,42.973261,0 -123.424120,42.973271,0 -123.424248,42.973261,0 -123.424334,42.973261,0 -123.424391,42.973309,0 -123.424415,42.973371,0 -123.424434,42.973509,0 -123.424453,42.973599,0 -123.424457,42.973694,0 -123.424476,42.973827,0 -123.424524,42.973894,0 -123.424614,42.973913,0 -123.424738,42.973913,0 -123.424867,42.973942,0 -123.424957,42.973989,0 -123.425133,42.974070,0 -123.425205,42.974118,0 -123.425333,42.974151,0 -123.425476,42.974180,0 -123.425590,42.974180,0 -123.425761,42.974132,0 -123.425895,42.974070,0 -123.425995,42.974013,0 -123.426128,42.973899,0 -123.426247,42.973775,0 -123.426323,42.973632,0 -123.426337,42.973518,0 -123.426290,42.973404,0 -123.426251,42.973304,0 -123.426223,42.973180,0 -123.426237,42.973080,0 -123.426266,42.972971,0 -123.426375,42.972861,0 -123.426475,42.972814,0 -123.426661,42.972771,0 -123.426742,42.972733,0 -123.426875,42.972685,0 -123.426984,42.972628,0 -123.427061,42.972576,0 -123.427103,42.972514,0 -123.427160,42.972424,0 -123.427175,42.972362,0 -123.427165,42.972238,0 -123.427232,42.972162,0 -123.427341,42.972128,0 -123.427403,42.972057,0 -123.427427,42.971995,0 -123.427408,42.971876,0 -123.427337,42.971743,0 -123.427313,42.971676,0 -123.427360,42.971600,0 -123.427379,42.971453,0 -123.427379,42.971329,0 -123.427375,42.971177,0 -123.427360,42.971048,0 -123.427351,42.970905,0 -123.427317,42.970777,0 -123.427284,42.970644,0 -123.427265,42.970520,0 -123.427265,42.970382,0 -123.427289,42.970244,0 -123.427294,42.970139,0 -123.427275,42.970030,0 -123.427265,42.969897,0 -123.427275,42.969801,0 -123.427341,42.969473,0 -123.427332,42.969335,0 -123.427303,42.969264,0 -123.427289,42.969154,0 -123.427356,42.968945,0 -123.427446,42.968778,0 -123.427527,42.968693,0 -123.427703,42.968583,0 -123.427793,42.968531,0 -123.427946,42.968474,0 -123.428103,42.968459,0 -123.428336,42.968412,0 -123.428460,42.968378,0 -123.428507,42.968326,0 -123.428403,42.968331,0 -123.428265,42.968374,0 -123.428136,42.968397,0 -123.427965,42.968440,0 -123.427841,42.968474,0 -123.427703,42.968521,0 -123.427603,42.968526,0 -123.427446,42.968540,0 -123.427246,42.968521,0 -123.427041,42.968436,0 -123.426937,42.968402,0 -123.426842,42.968388,0 -123.426775,42.968293,0 -123.426765,42.968226,0 -123.426756,42.968117,0 -123.426780,42.968012,0 -123.426789,42.967893,0 -123.426799,42.967755,0 -123.426756,42.967608,0 -123.426765,42.967484,0 -123.426737,42.967355,0 -123.426713,42.967260,0 -123.426642,42.967198,0 -123.426618,42.967141,0 -123.426623,42.967075,0 -123.426651,42.966994,0 -123.426632,42.966889,0 -123.426585,42.966846,0 -123.426537,42.966784,0 -123.426409,42.966680,0 -123.426342,42.966594,0 -123.426266,42.966532,0 -123.426113,42.966427,0 -123.426033,42.966351,0 -123.425985,42.966251,0 -123.426009,42.966208,0 -123.426099,42.966180,0 -123.426194,42.966170,0 -123.426271,42.966180,0 -123.426323,42.966199,0 -123.426409,42.966237,0 -123.426485,42.966256,0 -123.426604,42.966237,0 -123.426661,42.966185,0 -123.426713,42.966123,0 -123.426756,42.966042,0 -123.426827,42.965961,0 -123.426903,42.965890,0 -123.427022,42.965832,0 -123.427122,42.965794,0 -123.427279,42.965790,0 -123.427417,42.965756,0 -123.427494,42.965737,0 -123.427565,42.965685,0 -123.427522,42.965637,0 -123.427375,42.965585,0 -123.427251,42.965575,0 -123.427046,42.965556,0 -123.426794,42.965552,0 -123.426637,42.965533,0 -123.426432,42.965523,0 -123.426423,42.965480,0 -123.426451,42.965366,0 -123.426480,42.965285,0 -123.426499,42.965195,0 -123.426570,42.965095,0 -123.426623,42.965023,0 -123.426713,42.964938,0 -123.426775,42.964866,0 -123.426780,42.964776,0 -123.426756,42.964709,0 -123.426742,42.964614,0 -123.426727,42.964509,0 -123.426723,42.964429,0 -123.426713,42.964267,0 -123.426742,42.964129,0 -123.426799,42.964005,0 -123.426903,42.963891,0 -123.426965,42.963796,0 -123.426970,42.963724,0 -123.427070,42.963634,0 -123.427141,42.963558,0 -123.427322,42.963405,0 -123.427422,42.963339,0 -123.427494,42.963286,0 -123.427751,42.963153,0 -123.427884,42.963139,0 -123.428012,42.963134,0 -123.428165,42.963134,0 -123.428255,42.963115,0 -123.428331,42.963087,0 -123.428498,42.962963,0 -123.428640,42.962896,0 -123.428731,42.962830,0 -123.428878,42.962801,0 -123.429026,42.962749,0 -123.429164,42.962701,0 -123.429335,42.962677,0 -123.429473,42.962658,0 -123.429630,42.962644,0 -123.429764,42.962649,0 -123.429935,42.962687,0 -123.430059,42.962730,0 -123.430168,42.962763,0 -123.430301,42.962811,0 -123.430416,42.962858,0 -123.430496,42.962910,0 -123.430558,42.962958,0 -123.430611,42.963029,0 -123.430663,42.963153,0 -123.430706,42.963253,0 -123.430711,42.963344,0 -123.430696,42.963405,0 -123.430663,42.963458,0 -123.430639,42.963515,0 -123.430592,42.963591,0 -123.430558,42.963639,0 -123.430506,42.963691,0 -123.430444,42.963724,0 -123.430377,42.963743,0 -123.430292,42.963777,0 -123.430163,42.963848,0 -123.430087,42.963896,0 -123.430073,42.963934,0 -123.430116,42.963934,0 -123.430187,42.963919,0 -123.430387,42.963900,0 -123.430549,42.963862,0 -123.430706,42.963815,0 -123.430849,42.963786,0 -123.430953,42.963786,0 -123.431172,42.963748,0 -123.431386,42.963715,0 -123.431501,42.963686,0 -123.431624,42.963643,0 -123.431758,42.963605,0 -123.431962,42.963548,0 -123.432095,42.963520,0 -123.432272,42.963496,0 -123.432424,42.963453,0 -123.432576,42.963424,0 -123.432762,42.963358,0 -123.432971,42.963286,0 -123.433190,42.963220,0 -123.433390,42.963163,0 -123.433452,42.963134,0 -123.433552,42.963082,0 -123.433595,42.962996,0 -123.433628,42.962915,0 -123.433575,42.962891,0 -123.433514,42.962844,0 -123.433447,42.962753,0 -123.433409,42.962649,0 -123.433361,42.962573,0 -123.433366,42.962463,0 -123.433371,42.962325,0 -123.433418,42.962220,0 -123.433495,42.962087,0 -123.433585,42.961911,0 -123.433652,42.961849,0 -123.433785,42.961697,0 -123.433842,42.961626,0 -123.433937,42.961535,0 -123.434037,42.961454,0 -123.434147,42.961359,0 -123.434218,42.961340,0 -123.434332,42.961283,0 -123.434465,42.961269,0 -123.434665,42.961250,0 -123.434860,42.961240,0 -123.434970,42.961240,0 -123.435070,42.961140,0 -123.435174,42.961059,0 -123.435274,42.961007,0 -123.435417,42.960955,0 -123.435503,42.960902,0 -123.435636,42.960836,0 -123.435736,42.960774,0 -123.435898,42.960707,0 -123.436069,42.960617,0 -123.436217,42.960569,0 -123.436350,42.960526,0 -123.436455,42.960498,0 -123.436564,42.960483,0 -123.436716,42.960498,0 -123.436869,42.960512,0 -123.437007,42.960536,0 -123.437164,42.960593,0 -123.437268,42.960588,0 -123.437354,42.960588,0 -123.437554,42.960512,0 -123.437754,42.960398,0 -123.437973,42.960307,0 -123.438149,42.960226,0 -123.438268,42.960160,0 -123.438439,42.960060,0 -123.438510,42.959974,0 -123.438606,42.959860,0 -123.438696,42.959746,0 -123.438806,42.959617,0 -123.438910,42.959484,0 -123.438996,42.959360,0 -123.439124,42.959246,0 -123.439239,42.959160,0 -123.439367,42.959070,0 -123.439486,42.958980,0 -123.439615,42.958903,0 -123.439738,42.958837,0 -123.439833,42.958784,0 -123.440000,42.958742,0 -123.440152,42.958685,0 -123.440343,42.958637,0 -123.440490,42.958585,0 -123.440642,42.958556,0 -123.440785,42.958556,0 -123.440909,42.958542,0 -123.441066,42.958504,0 -123.441190,42.958456,0 -123.441280,42.958447,0 -123.441352,42.958461,0 -123.441485,42.958475,0 -123.441580,42.958489,0 -123.441680,42.958499,0 -123.441789,42.958527,0 -123.441908,42.958542,0 -123.442004,42.958561,0 -123.442151,42.958580,0 -123.442275,42.958632,0 -123.442394,42.958646,0 -123.442489,42.958694,0 -123.442598,42.958742,0 -123.442722,42.958799,0 -123.442822,42.958789,0 -123.443003,42.958799,0 -123.443169,42.958799,0 -123.443236,42.958780,0 -123.443327,42.958761,0 -123.443417,42.958732,0 -123.443512,42.958704,0 -123.443588,42.958651,0 -123.443650,42.958613,0 -123.443821,42.958580,0 -123.443969,42.958532,0 -123.444040,42.958504,0 -123.444164,42.958499,0 -123.444264,42.958504,0 -123.444497,42.958537,0 -123.444611,42.958566,0 -123.444683,42.958594,0 -123.444730,42.958661,0 -123.444730,42.958732,0 -123.444749,42.958889,0 -123.444759,42.959018,0 -123.444792,42.959127,0 -123.444840,42.959218,0 -123.444873,42.959308,0 -123.444935,42.959317,0 -123.445006,42.959308,0 -123.445092,42.959289,0 -123.445225,42.959289,0 -123.445340,42.959275,0 -123.445269,42.959211,0 -123.445145,42.959115,0 -123.445059,42.959063,0 -123.445059,42.958997,0 -123.445059,42.958849,0 -123.445074,42.958716,0 -123.445126,42.958630,0 -123.445188,42.958516,0 -123.445278,42.958454,0 -123.445383,42.958378,0 -123.445464,42.958316,0 -123.445626,42.958230,0 -123.445764,42.958154,0 -123.445883,42.958111,0 -123.446002,42.958073,0 -123.446163,42.958064,0 -123.446287,42.958040,0 -123.446425,42.958049,0 -123.446606,42.958064,0 -123.446711,42.958092,0 -123.446896,42.958145,0 -123.447020,42.958178,0 -123.447220,42.958273,0 -123.447391,42.958359,0 -123.447572,42.958454,0 -123.447705,42.958554,0 -123.447891,42.958687,0 -123.447924,42.958835,0 -123.447986,42.958835,0 -123.448134,42.958849,0 -123.448238,42.958835,0 -123.448362,42.958806,0 -123.448552,42.958797,0 -123.448705,42.958792,0 -123.448847,42.958844,0 -123.448995,42.958939,0 -123.449133,42.959049,0 -123.449276,42.959154,0 -123.449380,42.959253,0 -123.449438,42.959330,0 -123.449461,42.959415,0 -123.449485,42.959539,0 -123.449442,42.959648,0 -123.449376,42.959772,0 -123.449333,42.959867,0 -123.449352,42.959991,0 -123.449390,42.960101,0 -123.449390,42.960224,0 -123.449438,42.960248,0 -123.449499,42.960220,0 -123.449580,42.960186,0 -123.449666,42.960148,0 -123.449714,42.960115,0 -123.449823,42.960096,0 -123.449942,42.960091,0 -123.450099,42.960077,0 -123.450251,42.960091,0 -123.450375,42.960158,0 -123.450442,42.960234,0 -123.450580,42.960329,0 -123.450732,42.960434,0 -123.450732,42.960648,0 -123.450708,42.960962,0 -123.450699,42.961100,0 -123.450646,42.961295,0 -123.450580,42.961385,0 -123.450513,42.961500,0 -123.450494,42.961552,0 -123.450437,42.961709,0 -123.450408,42.961790,0 -123.450346,42.961966,0 -123.450356,42.962056,0 -123.450370,42.962152,0 -123.450413,42.962247,0 -123.450442,42.962356,0 -123.450456,42.962480,0 -123.450432,42.962666,0 -123.450427,42.962770,0 -123.450432,42.962927,0 -123.450423,42.963042,0 -123.450385,42.963180,0 -123.450366,42.963403,0 -123.450318,42.963546,0 -123.450261,42.963670,0 -123.450208,42.963817,0 -123.450062,42.964076,0 -123.449976,42.964123,0 -123.449847,42.964123,0 -123.449671,42.964114,0 -123.449567,42.964095,0 -123.449495,42.964047,0 -123.449429,42.964009,0 -123.449338,42.963976,0 -123.449262,42.963962,0 -123.449176,42.963990,0 -123.449138,42.964066,0 -123.449105,42.964123,0 -123.449062,42.964185,0 -123.449015,42.964238,0 -123.448953,42.964285,0 -123.448896,42.964347,0 -123.448853,42.964409,0 -123.448777,42.964495,0 -123.448686,42.964595,0 -123.448629,42.964647,0 -123.448672,42.964656,0 -123.448758,42.964666,0 -123.448891,42.964680,0 -123.449019,42.964675,0 -123.449110,42.964642,0 -123.449229,42.964647,0 -123.449329,42.964675,0 -123.449438,42.964752,0 -123.449600,42.964852,0 -123.449724,42.964961,0 -123.449852,42.965085,0 -123.449890,42.965185,0 -123.449885,42.965318,0 -123.449876,42.965432,0 -123.449814,42.965546,0 -123.449619,42.965646,0 -123.449491,42.965699,0 -123.449338,42.965741,0 -123.449210,42.965780,0 -123.449086,42.965841,0 -123.448972,42.965908,0 -123.448905,42.966003,0 -123.448858,42.966103,0 -123.448815,42.966203,0 -123.448739,42.966303,0 -123.448658,42.966365,0 -123.448596,42.966479,0 -123.448524,42.966551,0 -123.448448,42.966622,0 -123.448439,42.966674,0 -123.448548,42.966717,0 -123.448729,42.966717,0 -123.448843,42.966679,0 -123.448967,42.966622,0 -123.449076,42.966589,0 -123.449300,42.966598,0 -123.449414,42.966593,0 -123.449590,42.966589,0 -123.449733,42.966570,0 -123.449881,42.966584,0 -123.450057,42.966627,0 -123.450209,42.966641,0 -123.450347,42.966669,0 -123.450480,42.966698,0 -123.450666,42.966731,0 -123.450804,42.966750,0 -123.450904,42.966793,0 -123.451028,42.966836,0 -123.451113,42.966941,0 -123.451094,42.967141,0 -123.450975,42.967260,0 -123.450909,42.967326,0 -123.450852,42.967417,0 -123.450771,42.967502,0 -123.450699,42.967626,0 -123.450661,42.967716,0 -123.450566,42.967835,0 -123.450509,42.967907,0 -123.450442,42.968011,0 -123.450366,42.968111,0 -123.450276,42.968188,0 -123.450176,42.968254,0 -123.450085,42.968297,0 -123.450000,42.968340,0 -123.449857,42.968378,0 -123.449662,42.968345,0 -123.449538,42.968245,0 -123.449448,42.968126,0 -123.449338,42.967997,0 -123.449224,42.967888,0 -123.449076,42.967750,0 -123.448915,42.967664,0 -123.448729,42.967569,0 -123.448543,42.967517,0 -123.448401,42.967459,0 -123.448258,42.967417,0 -123.447925,42.967407,0 -123.447744,42.967407,0 -123.447501,42.967393,0 -123.447268,42.967398,0 -123.447201,42.967426,0 -123.447201,42.967488,0 -123.447206,42.967588,0 -123.447220,42.967707,0 -123.447235,42.967807,0 -123.447268,42.967883,0 -123.447316,42.967912,0 -123.447392,42.967907,0 -123.447492,42.967897,0 -123.447558,42.967859,0 -123.447744,42.967859,0 -123.447944,42.967902,0 -123.448115,42.967950,0 -123.448225,42.968083,0 -123.448329,42.968188,0 -123.448472,42.968230,0 -123.448582,42.968268,0 -123.448743,42.968278,0 -123.448853,42.968373,0 -123.448872,42.968530,0 -123.448786,42.968721,0 -123.448739,42.968892,0 -123.448610,42.969035,0 -123.448496,42.969125,0 -123.448386,42.969215,0 -123.448253,42.969325,0 -123.448077,42.969382,0 -123.447915,42.969415,0 -123.447796,42.969420,0 -123.447692,42.969425,0 -123.447516,42.969434,0 -123.447311,42.969434,0 -123.447135,42.969430,0 -123.446978,42.969392,0 -123.446835,42.969382,0 -123.446730,42.969349,0 -123.446735,42.969263,0 -123.446764,42.969187,0 -123.446797,42.969111,0 -123.446816,42.968987,0 -123.446835,42.968892,0 -123.446835,42.968759,0 -123.446830,42.968644,0 -123.446816,42.968421,0 -123.446754,42.968216,0 -123.446683,42.968035,0 -123.446611,42.967883,0 -123.446564,42.967774,0 -123.446488,42.967674,0 -123.446335,42.967569,0 -123.446297,42.967364,0 -123.446245,42.967069,0 -123.446240,42.966836,0 -123.446254,42.966612,0 -123.446259,42.966365,0 -123.446226,42.966156,0 -123.446259,42.965846,0 -123.446264,42.965589,0 -123.446326,42.965413,0 -123.446373,42.965256,0 -123.446411,42.965147,0 -123.446445,42.964928,0 -123.446426,42.964737,0 -123.446397,42.964542,0 -123.446369,42.964366,0 -123.446321,42.964219,0 -123.446221,42.964142,0 -123.446121,42.964085,0 -123.445959,42.964081,0 -123.445802,42.964138,0 -123.445683,42.964223,0 -123.445531,42.964395,0 -123.445322,42.964528,0 -123.445193,42.964633,0 -123.445046,42.964709,0 -123.444908,42.964790,0 -123.444789,42.964866,0 -123.444727,42.964971,0 -123.444646,42.965061,0 -123.444536,42.965213,0 -123.444503,42.965404,0 -123.444489,42.965680,0 -123.444494,42.965818,0 -123.444513,42.965922,0 -123.444565,42.966037,0 -123.444622,42.966165,0 -123.444708,42.966341,0 -123.444703,42.966536,0 -123.444608,42.966731,0 -123.444494,42.967031,0 -123.444489,42.967250,0 -123.444470,42.967421,0 -123.444446,42.967678,0 -123.444403,42.967873,0 -123.444360,42.967992,0 -123.444327,42.968088,0 -123.444270,42.968221,0 -123.444203,42.968354,0 -123.444146,42.968464,0 -123.444132,42.968535,0 -123.444032,42.968682,0 -123.443952,42.968759,0 -123.443892,42.968822,0 -123.443801,42.968968,0 -123.443726,42.969053,0 -123.443681,42.969116,0 -123.443609,42.969253,0 -123.443566,42.969322,0 -123.443509,42.969442,0 -123.443452,42.969579,0 -123.443406,42.969679,0 -123.443341,42.969799,0 -123.443324,42.969890,0 -123.443315,42.969973,0 -123.443329,42.970124,0 -123.443318,42.970236,0 -123.443244,42.970361,0 -123.443189,42.970401,0 -123.443072,42.970435,0 -123.442947,42.970450,0 -123.442881,42.970458,0 -123.442701,42.970447,0 -123.442607,42.970418,0 -123.442538,42.970381,0 -123.442516,42.970324,0 -123.442521,42.970196,0 -123.442478,42.970050,0 -123.442419,42.969990,0 -123.442307,42.969933,0 -123.442207,42.969933,0 -123.442133,42.969913,0 -123.442059,42.969896,0 -123.441976,42.969879,0 -123.441862,42.969836,0 -123.441767,42.969784,0 -123.441665,42.969710,0 -123.441588,42.969659,0 -123.441462,42.969610,0 -123.441356,42.969576,0 -123.441265,42.969550,0 -123.441128,42.969507,0 -123.440928,42.969487,0 -123.440839,42.969482,0 -123.440728,42.969433,0 -123.440600,42.969359,0 -123.440508,42.969348,0 -123.440463,42.969362,0 -123.440500,42.969405,0 -123.440580,42.969487,0 -123.440603,42.969527,0 -123.440671,42.969593,0 -123.440705,42.969656,0 -123.440771,42.969753,0 -123.440851,42.969867,0 -123.440917,42.969976,0 -123.440985,42.970136,0 -123.441022,42.970218,0 -123.441048,42.970310,0 -123.441079,42.970421,0 -123.441116,42.970553,0 -123.441136,42.970655,0 -123.441145,42.970750,0 -123.441151,42.970838,0 -123.441174,42.970955,0 -123.441208,42.971041,0 -123.441271,42.971146,0 -123.441288,42.971261,0 -123.441339,42.971369,0 -123.441379,42.971549,0 -123.441365,42.971692,0 -123.441345,42.971789,0 -123.441345,42.971937,0 -123.441362,42.972531,0 -123.441371,42.972660,0 -123.441391,42.972820,0 -123.441385,42.973091,0 -123.441371,42.973188,0 -123.441376,42.973325,0 -123.441356,42.973468,0 -123.441311,42.973559,0 -123.441265,42.973633,0 -123.441208,42.973688,0 -123.441105,42.973782,0 -123.441065,42.973848,0 -123.441011,42.973902,0 -123.440937,42.973970,0 -123.440862,42.974030,0 -123.440831,42.974073,0 -123.440751,42.974173,0 -123.440705,42.974247,0 -123.440671,42.974310,0 -123.440611,42.974379,0 -123.440528,42.974461,0 -123.440423,42.974544,0 -123.440351,42.974610,0 -123.440297,42.974659,0 -123.440248,42.974707,0 -123.440168,42.974733,0 -123.440077,42.974721,0 -123.440014,42.974701,0 -123.439974,42.974690,0 -123.439920,42.974621,0 -123.439897,42.974607,0 -123.439900,42.974459,0 -123.439931,42.974416,0 -123.439966,42.974327,0 -123.439997,42.974259,0 -123.440000,42.974176,0 -123.440003,42.974119,0 -123.439980,42.974050,0 -123.439943,42.974013,0 -123.439912,42.973990,0 -123.439849,42.973990,0 -123.439777,42.973968,0 -123.439732,42.973925,0 -123.439720,42.973876,0 -123.439723,42.973808,0 -123.439774,42.973753,0 -123.439832,42.973699,0 -123.439903,42.973608,0 -123.439991,42.973522,0 -123.440066,42.973468,0 -123.440180,42.973379,0 -123.440283,42.973308,0 -123.440411,42.973239,0 -123.440520,42.973208,0 -123.440662,42.973188,0 -123.440771,42.973159,0 -123.440831,42.973142,0 -123.440894,42.973111,0 -123.440919,42.973062,0 -123.440911,42.973014,0 -123.440885,42.972908,0 -123.440839,42.972785,0 -123.440791,42.972654,0 -123.440717,42.972571,0 -123.440620,42.972511,0 -123.440537,42.972446,0 -123.440440,42.972386,0 -123.440326,42.972340,0 -123.440157,42.972266,0 -123.440063,42.972186,0 -123.439857,42.972066,0 -123.439749,42.972000,0 -123.439655,42.971997,0 -123.439517,42.971997,0 -123.439400,42.972009,0 -123.439295,42.972034,0 -123.439229,42.972066,0 -123.439178,42.972129,0 -123.439092,42.972209,0 -123.439046,42.972263,0 -123.438984,42.972366,0 -123.438926,42.972460,0 -123.438841,42.972580,0 -123.438744,42.972643,0 -123.438629,42.972748,0 -123.438501,42.972800,0 -123.438372,42.972828,0 -123.438253,42.972845,0 -123.438175,42.972857,0 -123.438081,42.972854,0 -123.437921,42.972843,0 -123.437827,42.972825,0 -123.437747,42.972814,0 -123.437687,42.972788,0 -123.437579,42.972714,0 -123.437493,42.972654,0 -123.437467,42.972594,0 -123.437467,42.972486,0 -123.437467,42.972386,0 -123.437467,42.972257,0 -123.437462,42.972160,0 -123.437427,42.972097,0 -123.437365,42.972003,0 -123.437287,42.971915,0 -123.437213,42.971823,0 -123.437116,42.971695,0 -123.437033,42.971589,0 -123.436962,42.971475,0 -123.436868,42.971298,0 -123.436751,42.971112,0 -123.436705,42.971038,0 -123.436662,42.970958,0 -123.436616,42.970898,0 -123.436574,42.970801,0 -123.436559,42.970715,0 -123.436545,42.970635,0 -123.436514,42.970544,0 -123.436485,42.970467,0 -123.436465,42.970441,0 -123.436398,42.970335,0 -123.436329,42.970247,0 -123.436272,42.970198,0 -123.436260,42.970076,0 -123.436146,42.969939,0 -123.436055,42.969855,0 -123.436002,42.969805,0 -123.435952,42.969821,0 -123.435853,42.969870,0 -123.435712,42.969920,0 -123.435541,42.969988,0 -123.435324,42.970068,0 -123.435118,42.970159,0 -123.434924,42.970247,0 -123.434829,42.970293,0 -123.434726,42.970346,0 -123.434681,42.970392,0 -123.434540,42.970548,0 -123.434414,42.970662,0 -123.434307,42.970765,0 -123.434227,42.970829,0 -123.434113,42.970917,0 -123.433980,42.970963,0 -123.433862,42.971020,0 -123.433763,42.971031,0 -123.433496,42.971031,0 -123.433272,42.971031,0 -123.433127,42.971001,0 -123.433024,42.970974,0 -123.432956,42.971027,0 -123.433009,42.971104,0 -123.433108,42.971203,0 -123.433230,42.971416,0 -123.433238,42.971625,0 -123.433188,42.971804,0 -123.433135,42.971918,0 -123.433101,42.972014,0 -123.433017,42.972139,0 -123.432944,42.972280,0 -123.432861,42.972417,0 -123.432735,42.972489,0 -123.432640,42.972527,0 -123.432469,42.972512,0 -123.432343,42.972493,0 -123.432099,42.972444,0 -123.431863,42.972417,0 -123.431673,42.972341,0 -123.431429,42.972276,0 -123.431315,42.972211,0 -123.431182,42.972143,0 -123.430972,42.972010,0 -123.430805,42.971911,0 -123.430710,42.971865,0 -123.430576,42.971777,0 -123.430447,42.971675,0 -123.430382,42.971599,0 -123.430337,42.971496,0 -123.430279,42.971382,0 -123.430291,42.971279,0 -123.430295,42.971206,0 -123.430298,42.971081,0 -123.430352,42.970955,0 -123.430409,42.970868,0 -123.430436,42.970795,0 -123.430489,42.970715,0 -123.430611,42.970635,0 -123.430679,42.970571,0 -123.430702,42.970533,0 -123.430752,42.970506,0 -123.430877,42.970456,0 -123.430991,42.970407,0 -123.431117,42.970365,0 -123.431399,42.970338,0 -123.431616,42.970388,0 -123.431757,42.970434,0 -123.431897,42.970479,0 -123.431977,42.970506,0 -123.432172,42.970620,0 -123.432301,42.970685,0 -123.432366,42.970711,0 -123.432423,42.970704,0 -123.432442,42.970666,0 -123.432415,42.970593,0 -123.432411,42.970529,0 -123.432419,42.970483,0 -123.432442,42.970384,0 -123.432438,42.970331,0 -123.432419,42.970258,0 -123.432370,42.970186,0 -123.432244,42.970106,0 -123.432134,42.970038,0 -123.432035,42.970015,0 -123.431897,42.969992,0 -123.431635,42.970000,0 -123.431410,42.969996,0 -123.431265,42.970003,0 -123.431117,42.970045,0 -123.431041,42.970099,0 -123.430927,42.970144,0 -123.430778,42.970205,0 -123.430656,42.970308,0 -123.430538,42.970388,0 -123.430447,42.970464,0 -123.430378,42.970491,0 -123.430260,42.970544,0 -123.430154,42.970487,0 -123.430120,42.970403,0 -123.430112,42.970285,0 -123.430085,42.970106,0 -123.430059,42.970053,0 -123.429998,42.969996,0 -123.429914,42.969897,0 -123.429857,42.969824,0 -123.429746,42.969744,0 -123.429651,42.969642,0 -123.429579,42.969615,0 -123.429453,42.969626,0 -123.429358,42.969653,0 -123.429240,42.969710,0 -123.429057,42.969840,0 -123.428981,42.969901,0 -123.428928,42.970003,0 -123.428905,42.970102,0 -123.428894,42.970194,0 -123.428871,42.970316,0 -123.428859,42.970437,0 -123.428818,42.970639,0 -123.428787,42.970738,0 -123.428795,42.970913,0 -123.428760,42.971046,0 -123.428745,42.971180,0 -123.428730,42.971324,0 -123.428715,42.971454,0 -123.428726,42.971720,0 -123.428696,42.971827,0 -123.428654,42.971880,0 -123.428543,42.971926,0 -123.428342,42.971964,0 -123.428106,42.971979,0 -123.427965,42.971968,0 -123.427767,42.972033,0 -123.427744,42.972101,0 -123.427691,42.972246,0 -123.427645,42.972398,0 -123.427611,42.972653,0 -123.427599,42.973000,0 -123.427592,42.973110,0 -123.427569,42.973342,0 -123.427668,42.973384,0 -123.427824,42.973384,0 -123.427957,42.973395,0 -123.428113,42.973415,0 -123.428300,42.973437,0 -123.428482,42.973544,0 -123.428639,42.973632,0 -123.428772,42.973723,0 -123.428901,42.973791,0 -123.429095,42.973826,0 -123.429198,42.973833,0 -123.429305,42.973845,0 -123.429438,42.973852,0 -123.429575,42.973852,0 -123.429651,42.973864,0 -123.429804,42.973879,0 -123.429895,42.973909,0 -123.429979,42.973978,0 -123.429994,42.974039,0 -123.429982,42.974111,0 -123.429929,42.974168,0 -123.429864,42.974218,0 -123.429849,42.974271,0 -123.429910,42.974264,0 -123.429971,42.974233,0 -123.430036,42.974203,0 -123.430081,42.974138,0 -123.430123,42.974062,0 -123.430302,42.974088,0 -123.430401,42.974119,0 -123.430436,42.974153,0 -123.430474,42.974184,0 -123.430565,42.974302,0 -123.430706,42.974435,0 -123.430851,42.974553,0 -123.430930,42.974621,0 -123.431022,42.974663,0 -123.431068,42.974797,0 -123.431033,42.974903,0 -123.430984,42.974998,0 -123.430934,42.975033,0 -123.430862,42.975071,0 -123.430786,42.975093,0 -123.430637,42.975124,0 -123.430462,42.975189,0 -123.430340,42.975208,0 -123.430219,42.975223,0 -123.430112,42.975246,0 -123.429948,42.975246,0 -123.429868,42.975231,0 -123.429754,42.975253,0 -123.429590,42.975212,0 -123.429434,42.975154,0 -123.429373,42.975105,0 -123.429324,42.975040,0 -123.429286,42.974949,0 -123.429263,42.974880,0 -123.429236,42.974873,0 -123.429179,42.974888,0 -123.429145,42.974956,0 -123.429054,42.975033,0 -123.428974,42.975090,0 -123.428825,42.975185,0 -123.428738,42.975261,0 -123.428639,42.975310,0 -123.428585,42.975349,0 -123.428463,42.975390,0 -123.428304,42.975413,0 -123.428045,42.975425,0 -123.427885,42.975425,0 -123.427729,42.975409,0 -123.427573,42.975394,0 -123.427428,42.975387,0 -123.427158,42.975352,0 -123.426868,42.975314,0 -123.426606,42.975250,0 -123.426400,42.975192,0 -123.426282,42.975151,0 -123.426267,42.975036,0 -123.426202,42.974960,0 -123.426065,42.974956,0</coordinates></LinearRing></outerBoundaryIs></Polygon></Placemark><Placemark><name>Tailings - Undifferentiated</name><description>USMIN Tailings - Undifferentiated | topo: Canyonville (1986) 1:24000 | src: USGS USMIN</description><styleUrl>#usmin_polygon</styleUrl><Polygon><outerBoundaryIs><LinearRing><coordinates>-123.362821,42.956092,0 -123.362889,42.956001,0 -123.362958,42.955921,0 -123.363061,42.955863,0 -123.363140,42.955823,0 -123.363272,42.955829,0 -123.363352,42.955863,0 -123.363397,42.955938,0 -123.363449,42.955995,0 -123.363512,42.956098,0 -123.363609,42.956166,0 -123.363780,42.956166,0 -123.363940,42.956166,0 -123.364037,42.956126,0 -123.364151,42.956109,0 -123.364271,42.956080,0 -123.364431,42.956052,0 -123.364557,42.956012,0 -123.364694,42.955961,0 -123.364751,42.955932,0 -123.364774,42.955869,0 -123.364814,42.955789,0 -123.364859,42.955721,0 -123.364865,42.955612,0 -123.364854,42.955538,0 -123.364871,42.955458,0 -123.364899,42.955407,0 -123.364939,42.955287,0 -123.365002,42.955195,0 -123.365071,42.954893,0 -123.365094,42.954767,0 -123.365133,42.954619,0 -123.365133,42.954453,0 -123.365128,42.954390,0 -123.365133,42.954179,0 -123.365116,42.954105,0 -123.365116,42.954007,0 -123.365191,42.953945,0 -123.365373,42.953933,0 -123.365550,42.953985,0 -123.365762,42.954053,0 -123.365939,42.954053,0 -123.366041,42.954065,0 -123.366167,42.954156,0 -123.366944,42.954761,0 -123.367241,42.954984,0 -123.367549,42.955224,0 -123.367698,42.955389,0 -123.367892,42.955549,0 -123.368075,42.955646,0 -123.368166,42.955715,0 -123.368212,42.955829,0 -123.367075,42.956931,0 -123.366390,42.957582,0 -123.366019,42.957982,0 -123.365819,42.958171,0 -123.365436,42.958502,0 -123.365402,42.958513,0 -123.365368,42.958536,0 -123.365333,42.958548,0 -123.365231,42.958593,0 -123.365162,42.958605,0 -123.365071,42.958616,0 -123.364979,42.958616,0 -123.364848,42.958616,0 -123.364791,42.958587,0 -123.364660,42.958513,0 -123.364562,42.958450,0 -123.364482,42.958382,0 -123.364357,42.958302,0 -123.364237,42.958228,0 -123.364117,42.958165,0 -123.364014,42.958136,0 -123.363837,42.958022,0 -123.363780,42.957994,0 -123.363694,42.957942,0 -123.363529,42.957851,0 -123.363443,42.957805,0 -123.363346,42.957754,0 -123.363198,42.957691,0 -123.363135,42.957651,0 -123.362952,42.957548,0 -123.362844,42.957480,0 -123.362735,42.957422,0 -123.362632,42.957388,0 -123.362495,42.957320,0 -123.362392,42.957251,0 -123.362232,42.957148,0 -123.362061,42.957057,0 -123.361987,42.956977,0 -123.361970,42.956897,0 -123.362067,42.956811,0 -123.362118,42.956726,0 -123.362255,42.956617,0 -123.362335,42.956566,0 -123.362467,42.956469,0 -123.362575,42.956372,0 -123.362661,42.956280,0 -123.362741,42.956195,0 -123.362821,42.956092,0</coordinates></LinearRing></outerBoundaryIs></Polygon></Placemark><Placemark><name>Tailings - Placer</name><description>USMIN Tailings - Placer | topo: Glendale (1954) 1:62500 | src: USGS USMIN</description><styleUrl>#usmin_polygon</styleUrl><Polygon><outerBoundaryIs><LinearRing><coordinates>-123.346278,42.683731,0 -123.345943,42.683784,0 -123.345829,42.683693,0 -123.345639,42.683327,0 -123.345349,42.683221,0 -123.345075,42.683160,0 -123.344702,42.683145,0 -123.344184,42.683221,0 -123.343750,42.683358,0 -123.343293,42.683442,0 -123.343012,42.683404,0 -123.342639,42.683244,0 -123.342410,42.683137,0 -123.342045,42.683137,0 -123.341694,42.683198,0 -123.341306,42.683297,0 -123.341001,42.683320,0 -123.340423,42.683396,0 -123.340050,42.683358,0 -123.339905,42.683206,0 -123.339524,42.683145,0 -123.339113,42.683053,0 -123.338793,42.683031,0 -123.338413,42.682977,0 -123.337811,42.682871,0 -123.337682,42.682840,0 -123.337133,42.682406,0 -123.336517,42.682345,0 -123.335877,42.682269,0 -123.335451,42.682132,0 -123.334872,42.682109,0 -123.334369,42.681957,0 -123.333897,42.681919,0 -123.333402,42.681805,0 -123.333136,42.681919,0 -123.332671,42.681789,0 -123.332405,42.681690,0 -123.332017,42.681591,0 -123.331613,42.681538,0 -123.331331,42.681500,0 -123.330989,42.681500,0 -123.330646,42.681538,0 -123.330220,42.681447,0 -123.330113,42.681333,0 -123.329709,42.680929,0 -123.329664,42.680640,0 -123.329352,42.680571,0 -123.328940,42.680548,0 -123.328567,42.680503,0 -123.328179,42.680396,0 -123.328110,42.680312,0 -123.327899,42.680000,0 -123.332358,42.680000,0 -123.332397,42.680008,0 -123.332831,42.680206,0 -123.333760,42.680320,0 -123.334217,42.680579,0 -123.334750,42.680830,0 -123.335314,42.681081,0 -123.335641,42.681264,0 -123.335953,42.681409,0 -123.336440,42.681409,0 -123.336768,42.681607,0 -123.336852,42.681675,0 -123.337270,42.681751,0 -123.337773,42.681926,0 -123.338138,42.682140,0 -123.338572,42.682170,0 -123.339128,42.682193,0 -123.339448,42.682170,0 -123.339981,42.682132,0 -123.340484,42.682140,0 -123.340963,42.682140,0 -123.341359,42.682147,0 -123.341831,42.682079,0 -123.342273,42.682033,0 -123.342760,42.682041,0 -123.343118,42.682064,0 -123.343552,42.682041,0 -123.343750,42.681827,0 -123.344169,42.681774,0 -123.344534,42.681805,0 -123.344778,42.681584,0 -123.345174,42.681546,0 -123.345387,42.681492,0 -123.345730,42.681492,0 -123.346095,42.681485,0 -123.346430,42.681500,0 -123.346529,42.681713,0 -123.347009,42.681675,0 -123.347306,42.681645,0 -123.347862,42.681645,0 -123.348349,42.681355,0 -123.348669,42.681363,0 -123.349210,42.681454,0 -123.349514,42.681409,0 -123.349941,42.681850,0 -123.349986,42.682102,0 -123.349720,42.682132,0 -123.349187,42.682185,0 -123.348951,42.682322,0 -123.348661,42.682399,0 -123.348311,42.682558,0 -123.348205,42.682840,0 -123.347885,42.683145,0 -123.347725,42.683426,0 -123.347557,42.683670,0 -123.347390,42.683830,0 -123.347009,42.683899,0 -123.346628,42.683891,0 -123.346278,42.683731,0</coordinates></LinearRing></outerBoundaryIs></Polygon></Placemark><Placemark><name>Tailings - Placer</name><description>USMIN Tailings - Placer | topo: Glendale (1954) 1:62500 | src: USGS USMIN</description><styleUrl>#usmin_polygon</styleUrl><Polygon><outerBoundaryIs><LinearRing><coordinates>-123.308264,42.712020,0 -123.308149,42.711810,0 -123.308049,42.711595,0 -123.307997,42.711443,0 -123.307687,42.711386,0 -123.307163,42.711559,0 -123.306896,42.711622,0 -123.306482,42.711627,0 -123.306136,42.711648,0 -123.306125,42.711176,0 -123.306178,42.711103,0 -123.306545,42.711077,0 -123.306917,42.710982,0 -123.307399,42.710972,0 -123.307714,42.711087,0 -123.307991,42.711134,0 -123.308248,42.711464,0 -123.308568,42.711475,0 -123.308893,42.711475,0 -123.309176,42.711842,0 -123.309496,42.712135,0 -123.309821,42.711926,0 -123.310135,42.711842,0 -123.310486,42.711721,0 -123.310555,42.711323,0 -123.310591,42.711145,0 -123.310570,42.710930,0 -123.310675,42.710893,0 -123.310984,42.710946,0 -123.311404,42.711024,0 -123.311592,42.711145,0 -123.311954,42.711160,0 -123.312316,42.711270,0 -123.312704,42.711423,0 -123.312615,42.711837,0 -123.312945,42.712109,0 -123.313071,42.712345,0 -123.313018,42.712576,0 -123.312788,42.712628,0 -123.312342,42.712502,0 -123.312007,42.712177,0 -123.311813,42.711873,0 -123.311530,42.711847,0 -123.311011,42.712010,0 -123.311378,42.712162,0 -123.311582,42.712350,0 -123.311404,42.712502,0 -123.311110,42.712549,0 -123.310570,42.712549,0 -123.310088,42.712549,0 -123.309679,42.712576,0 -123.309307,42.712623,0 -123.309024,42.712712,0 -123.308888,42.712502,0 -123.308594,42.712345,0 -123.308290,42.712329,0 -123.308264,42.712020,0</coordinates></LinearRing></outerBoundaryIs></Polygon></Placemark><Placemark><name>Tailings - Placer</name><description>USMIN Tailings - Placer | topo: Glendale (1954) 1:62500 | src: USGS USMIN</description><styleUrl>#usmin_polygon</styleUrl><Polygon><outerBoundaryIs><LinearRing><coordinates>-123.382051,42.686860,0 -123.382319,42.686698,0 -123.382556,42.686623,0 -123.382793,42.686401,0 -123.382920,42.686224,0 -123.382675,42.686046,0 -123.382568,42.685844,0 -123.382647,42.685604,0 -123.382920,42.685331,0 -123.383169,42.685240,0 -123.383552,42.685094,0 -123.383982,42.685074,0 -123.384338,42.685090,0 -123.384709,42.685094,0 -123.385136,42.685054,0 -123.385460,42.685137,0 -123.385610,42.685402,0 -123.385847,42.685414,0 -123.386202,42.685453,0 -123.386183,42.685659,0 -123.386163,42.685935,0 -123.386123,42.686006,0 -123.385803,42.686093,0 -123.385499,42.686121,0 -123.385191,42.686370,0 -123.384899,42.686504,0 -123.384559,42.686698,0 -123.384334,42.686820,0 -123.383931,42.686982,0 -123.383532,42.686931,0 -123.383275,42.687140,0 -123.382861,42.687278,0 -123.382422,42.687393,0 -123.382075,42.687006,0 -123.382051,42.686860,0</coordinates></LinearRing></outerBoundaryIs></Polygon></Placemark><Placemark><name>Tailings - Undifferentiated</name><description>USMIN Tailings - Undifferentiated | topo: Glendale (1954) 1:62500 | src: USGS USMIN</description><styleUrl>#usmin_polygon</styleUrl><Polygon><outerBoundaryIs><LinearRing><coordinates>-123.288089,42.716130,0 -123.288421,42.716534,0 -123.288527,42.716750,0 -123.288174,42.716840,0 -123.287813,42.716967,0 -123.287570,42.717129,0 -123.287349,42.717244,0 -123.286835,42.717278,0 -123.286325,42.717393,0 -123.285755,42.717584,0 -123.285466,42.717690,0 -123.285151,42.717852,0 -123.284811,42.718013,0 -123.284453,42.718196,0 -123.284126,42.718311,0 -123.283705,42.718519,0 -123.283348,42.718605,0 -123.282935,42.718711,0 -123.282595,42.718804,0 -123.282587,42.718809,0 -123.282348,42.718902,0 -123.282119,42.718953,0 -123.281447,42.718536,0 -123.281413,42.718502,0 -123.281728,42.718375,0 -123.282068,42.718264,0 -123.282132,42.718132,0 -123.282293,42.718107,0 -123.282565,42.718052,0 -123.282769,42.718047,0 -123.282910,42.717979,0 -123.283063,42.717933,0 -123.283297,42.717899,0 -123.283446,42.717869,0 -123.283535,42.717822,0 -123.283816,42.717643,0 -123.283973,42.717503,0 -123.284113,42.717350,0 -123.284368,42.717252,0 -123.284785,42.717116,0 -123.285032,42.716984,0 -123.285295,42.716878,0 -123.285521,42.716665,0 -123.285848,42.716665,0 -123.286061,42.716555,0 -123.286210,42.716440,0 -123.286435,42.716389,0 -123.286775,42.716389,0 -123.287090,42.716355,0 -123.287307,42.716304,0 -123.287545,42.716261,0 -123.287813,42.716189,0 -123.288089,42.716130,0</coordinates></LinearRing></outerBoundaryIs></Polygon></Placemark><Placemark><name>Tailings - Undifferentiated</name><description>USMIN Tailings - Undifferentiated | topo: King Mountain (1983) 1:24000 | src: USGS USMIN</description><styleUrl>#usmin_polygon</styleUrl><Polygon><outerBoundaryIs><LinearRing><coordinates>-123.201024,42.712278,0 -123.201144,42.712341,0 -123.201190,42.712392,0 -123.201241,42.712529,0 -123.201241,42.712649,0 -123.201224,42.712729,0 -123.201173,42.712781,0 -123.201081,42.712769,0 -123.200927,42.712729,0 -123.200887,42.712684,0 -123.200853,42.712529,0 -123.200836,42.712449,0 -123.200859,42.712387,0 -123.200961,42.712324,0 -123.200984,42.712312,0 -123.201024,42.712278,0</coordinates></LinearRing></outerBoundaryIs></Polygon></Placemark><Placemark><name>Disturbed Surface</name><description>USMIN Disturbed Surface | topo: Canyonville (1986) 1:24000 | src: USGS USMIN</description><styleUrl>#usmin_polygon</styleUrl><Polygon><outerBoundaryIs><LinearRing><coordinates>-123.350065,42.968473,0 -123.349840,42.968481,0 -123.349623,42.968454,0 -123.349543,42.968454,0 -123.349452,42.968416,0 -123.349326,42.968355,0 -123.349220,42.968309,0 -123.349170,42.968260,0 -123.349136,42.968199,0 -123.349117,42.968123,0 -123.349071,42.968043,0 -123.349029,42.967982,0 -123.348957,42.967895,0 -123.348919,42.967811,0 -123.348877,42.967719,0 -123.348870,42.967624,0 -123.348847,42.967556,0 -123.348850,42.967464,0 -123.348896,42.967373,0 -123.348965,42.967232,0 -123.348988,42.967183,0 -123.349033,42.967122,0 -123.349136,42.967038,0 -123.349220,42.966966,0 -123.349296,42.966901,0 -123.349387,42.966878,0 -123.349612,42.966848,0 -123.349852,42.966840,0 -123.350023,42.966867,0 -123.350130,42.966821,0 -123.350255,42.966790,0 -123.350385,42.966745,0 -123.350503,42.966787,0 -123.350606,42.966836,0 -123.350682,42.966859,0 -123.350743,42.966901,0 -123.350815,42.966954,0 -123.350899,42.967011,0 -123.350937,42.967057,0 -123.351013,42.967103,0 -123.351093,42.967122,0 -123.351230,42.967118,0 -123.351325,42.967160,0 -123.351428,42.967183,0 -123.351595,42.967266,0 -123.351653,42.967327,0 -123.351637,42.967388,0 -123.351641,42.967434,0 -123.351645,42.967457,0 -123.351626,42.967472,0 -123.351618,42.967537,0 -123.351645,42.967563,0 -123.351694,42.967582,0 -123.351771,42.967609,0 -123.351820,42.967636,0 -123.351881,42.967693,0 -123.351915,42.967708,0 -123.351949,42.967750,0 -123.352003,42.967841,0 -123.351991,42.967902,0 -123.351988,42.968013,0 -123.351976,42.968077,0 -123.351934,42.968131,0 -123.351854,42.968176,0 -123.351771,42.968214,0 -123.351668,42.968256,0 -123.351542,42.968279,0 -123.351432,42.968298,0 -123.351382,42.968298,0 -123.351268,42.968268,0 -123.351131,42.968245,0 -123.351081,42.968207,0 -123.351055,42.968153,0 -123.351055,42.968100,0 -123.351055,42.968016,0 -123.351051,42.967952,0 -123.351070,42.967895,0 -123.351036,42.967841,0 -123.350975,42.967784,0 -123.350937,42.967803,0 -123.350910,42.967906,0 -123.350895,42.967948,0 -123.350861,42.968016,0 -123.350804,42.968085,0 -123.350720,42.968195,0 -123.350655,42.968256,0 -123.350594,42.968332,0 -123.350469,42.968408,0 -123.350415,42.968435,0 -123.350301,42.968481,0 -123.350202,42.968496,0 -123.350065,42.968473,0</coordinates></LinearRing></outerBoundaryIs></Polygon></Placemark><Placemark><name>Gravel/Borrow Pit - Undifferentiated</name><description>USMIN Gravel/Borrow Pit - Undifferentiated | topo: Canyonville (1986) 1:24000 | src: USGS USMIN</description><styleUrl>#usmin_polygon</styleUrl><Polygon><outerBoundaryIs><LinearRing><coordinates>-123.268092,42.940140,0 -123.268446,42.940163,0 -123.268629,42.940169,0 -123.269114,42.940226,0 -123.269280,42.940266,0 -123.269497,42.940289,0 -123.269662,42.940346,0 -123.269742,42.940386,0 -123.269868,42.940403,0 -123.269953,42.940460,0 -123.270056,42.940489,0 -123.270159,42.940512,0 -123.270330,42.940529,0 -123.270462,42.940540,0 -123.270582,42.940574,0 -123.270679,42.940603,0 -123.270810,42.940666,0 -123.270953,42.940740,0 -123.271096,42.940809,0 -123.271233,42.940871,0 -123.271307,42.940900,0 -123.271364,42.940991,0 -123.271370,42.941163,0 -123.271398,42.941328,0 -123.271398,42.941465,0 -123.271324,42.941585,0 -123.271233,42.941631,0 -123.271164,42.941637,0 -123.271061,42.941654,0 -123.270936,42.941671,0 -123.270856,42.941677,0 -123.270753,42.941705,0 -123.270547,42.941745,0 -123.270450,42.941756,0 -123.270365,42.941774,0 -123.270279,42.941842,0 -123.270165,42.941928,0 -123.270016,42.941945,0 -123.269913,42.941968,0 -123.269816,42.941991,0 -123.269679,42.941996,0 -123.269582,42.941996,0 -123.269457,42.942036,0 -123.269331,42.942082,0 -123.269205,42.942099,0 -123.269091,42.942133,0 -123.268983,42.942156,0 -123.268766,42.942133,0 -123.268606,42.942088,0 -123.268514,42.942036,0 -123.268480,42.941974,0 -123.268480,42.941888,0 -123.268451,42.941728,0 -123.268423,42.941659,0 -123.268411,42.941500,0 -123.268429,42.941380,0 -123.268429,42.941294,0 -123.268434,42.941197,0 -123.268434,42.941100,0 -123.268411,42.940997,0 -123.268377,42.940900,0 -123.268320,42.940837,0 -123.268132,42.940614,0 -123.267909,42.940523,0 -123.267806,42.940443,0 -123.267721,42.940357,0 -123.267692,42.940260,0 -123.267698,42.940180,0 -123.267875,42.940163,0 -123.268092,42.940140,0</coordinates></LinearRing></outerBoundaryIs></Polygon></Placemark><Placemark><name>Open Pit Mine</name><description>USMIN Open Pit Mine | topo: Nickel Mtn. (1986) 1:24000 | src: USGS USMIN</description><styleUrl>#usmin_polygon</styleUrl><Polygon><outerBoundaryIs><LinearRing><coordinates>-123.433040,42.975020,0 -123.433011,42.975089,0 -123.432897,42.975117,0 -123.432788,42.975140,0 -123.432686,42.975083,0 -123.432623,42.975009,0 -123.432549,42.974974,0 -123.432463,42.974957,0 -123.432372,42.974923,0 -123.432183,42.974809,0 -123.431955,42.974609,0 -123.431766,42.974483,0 -123.431623,42.974398,0 -123.431578,42.974380,0 -123.431298,42.974049,0 -123.431052,42.973752,0 -123.431087,42.973638,0 -123.431218,42.973524,0 -123.431406,42.973478,0 -123.431578,42.973427,0 -123.431812,42.973341,0 -123.432006,42.973301,0 -123.432172,42.973278,0 -123.432349,42.973255,0 -123.432480,42.973244,0 -123.432634,42.973210,0 -123.432806,42.973153,0 -123.432954,42.973118,0 -123.433097,42.973084,0 -123.433251,42.973038,0 -123.433394,42.973061,0 -123.433457,42.973118,0 -123.433811,42.973124,0 -123.433971,42.973118,0 -123.434096,42.973135,0 -123.434188,42.973158,0 -123.434285,42.973210,0 -123.434353,42.973250,0 -123.434330,42.973290,0 -123.434285,42.973324,0 -123.434222,42.973347,0 -123.434125,42.973353,0 -123.434033,42.973353,0 -123.433948,42.973307,0 -123.433839,42.973324,0 -123.433811,42.973381,0 -123.433828,42.973472,0 -123.433816,42.973604,0 -123.433775,42.973732,0 -123.433756,42.973856,0 -123.433723,42.973999,0 -123.433690,42.974208,0 -123.433699,42.974346,0 -123.433756,42.974479,0 -123.433766,42.974560,0 -123.433775,42.974670,0 -123.433761,42.974755,0 -123.433713,42.974841,0 -123.433632,42.974874,0 -123.433662,42.975117,0 -123.433531,42.975180,0 -123.433405,42.975186,0 -123.433348,42.975163,0 -123.433240,42.975106,0 -123.433114,42.975026,0 -123.433040,42.975020,0</coordinates></LinearRing></outerBoundaryIs></Polygon></Placemark><Placemark><name>Tailings - Undifferentiated</name><description>USMIN Tailings - Undifferentiated | topo: Nickel Mtn. (1986) 1:24000 | src: USGS USMIN</description><styleUrl>#usmin_polygon</styleUrl><Polygon><outerBoundaryIs><LinearRing><coordinates>-123.443826,42.956330,0 -123.443815,42.956216,0 -123.443820,42.956141,0 -123.443809,42.956021,0 -123.443792,42.955930,0 -123.443820,42.955833,0 -123.443843,42.955776,0 -123.443803,42.955742,0 -123.443666,42.955650,0 -123.443598,42.955616,0 -123.443558,42.955547,0 -123.443512,42.955468,0 -123.443444,42.955319,0 -123.443449,42.955216,0 -123.443426,42.955136,0 -123.443409,42.955073,0 -123.443392,42.954994,0 -123.443346,42.954954,0 -123.443278,42.954942,0 -123.443181,42.954965,0 -123.442947,42.955062,0 -123.442804,42.955119,0 -123.442695,42.955165,0 -123.442581,42.955211,0 -123.442478,42.955245,0 -123.442341,42.955285,0 -123.442204,42.955313,0 -123.442079,42.955365,0 -123.441947,42.955365,0 -123.441884,42.955325,0 -123.442004,42.955216,0 -123.442113,42.955171,0 -123.442124,42.955119,0 -123.442147,42.955005,0 -123.442159,42.954936,0 -123.442136,42.954839,0 -123.442176,42.954788,0 -123.442216,42.954759,0 -123.442284,42.954725,0 -123.442404,42.954691,0 -123.442518,42.954674,0 -123.442633,42.954622,0 -123.442724,42.954582,0 -123.442792,42.954554,0 -123.442895,42.954491,0 -123.442941,42.954462,0 -123.442981,42.954388,0 -123.443038,42.954308,0 -123.443107,42.954240,0 -123.443164,42.954160,0 -123.443249,42.954068,0 -123.443341,42.954017,0 -123.443455,42.953943,0 -123.443506,42.953874,0 -123.443426,42.953766,0 -123.443483,42.953657,0 -123.443586,42.953549,0 -123.443700,42.953492,0 -123.443826,42.953497,0 -123.443940,42.953514,0 -123.444089,42.953509,0 -123.444209,42.953457,0 -123.444380,42.953366,0 -123.444483,42.953303,0 -123.444603,42.953240,0 -123.444683,42.953183,0 -123.444803,42.953086,0 -123.444917,42.953012,0 -123.445014,42.952938,0 -123.445100,42.952892,0 -123.445168,42.952858,0 -123.445271,42.952829,0 -123.445357,42.952852,0 -123.445448,42.952886,0 -123.445522,42.952961,0 -123.445556,42.953069,0 -123.445602,42.953189,0 -123.445596,42.953269,0 -123.445631,42.953320,0 -123.445739,42.953366,0 -123.445859,42.953366,0 -123.445968,42.953372,0 -123.446053,42.953395,0 -123.446219,42.953435,0 -123.446327,42.953474,0 -123.446453,42.953480,0 -123.446613,42.953474,0 -123.446739,42.953446,0 -123.446847,42.953435,0 -123.446967,42.953429,0 -123.447036,42.953435,0 -123.447070,42.953509,0 -123.447138,42.953612,0 -123.447173,42.953720,0 -123.447190,42.953783,0 -123.447241,42.953897,0 -123.447235,42.953971,0 -123.447270,42.954068,0 -123.447333,42.954108,0 -123.447458,42.954165,0 -123.447612,42.954211,0 -123.447732,42.954234,0 -123.447852,42.954240,0 -123.448012,42.954285,0 -123.448092,42.954280,0 -123.448280,42.954268,0 -123.448497,42.954274,0 -123.448595,42.954263,0 -123.448743,42.954274,0 -123.448869,42.954360,0 -123.448989,42.954405,0 -123.449069,42.954428,0 -123.449308,42.954485,0 -123.449343,42.954525,0 -123.449371,42.954622,0 -123.449417,42.954702,0 -123.449423,42.954828,0 -123.449423,42.954914,0 -123.449377,42.955016,0 -123.449314,42.955096,0 -123.449257,42.955188,0 -123.449194,42.955239,0 -123.449069,42.955439,0 -123.449011,42.955587,0 -123.448943,42.955736,0 -123.448897,42.955844,0 -123.448874,42.955902,0 -123.448909,42.956004,0 -123.448931,42.956070,0 -123.448960,42.956187,0 -123.448989,42.956291,0 -123.448943,42.956407,0 -123.448803,42.956483,0 -123.448483,42.956564,0 -123.448309,42.956588,0 -123.448018,42.956570,0 -123.447797,42.956564,0 -123.447530,42.956530,0 -123.447361,42.956495,0 -123.447204,42.956483,0 -123.447123,42.956448,0 -123.447018,42.956442,0 -123.446792,42.956442,0 -123.446658,42.956431,0 -123.446484,42.956419,0 -123.446362,42.956413,0 -123.446251,42.956419,0 -123.446139,42.956427,0 -123.446082,42.956455,0 -123.446030,42.956473,0 -123.445911,42.956524,0 -123.445802,42.956570,0 -123.445739,42.956610,0 -123.445654,42.956684,0 -123.445579,42.956747,0 -123.445511,42.956798,0 -123.445431,42.956838,0 -123.445339,42.956889,0 -123.445231,42.956952,0 -123.445111,42.956969,0 -123.444968,42.956992,0 -123.444774,42.957015,0 -123.444648,42.957038,0 -123.444454,42.956998,0 -123.444306,42.956969,0 -123.444169,42.956889,0 -123.444077,42.956804,0 -123.443963,42.956730,0 -123.443883,42.956570,0 -123.443843,42.956450,0 -123.443826,42.956330,0</coordinates></LinearRing></outerBoundaryIs></Polygon></Placemark><Placemark><name>Tailings - Undifferentiated</name><description>USMIN Tailings - Undifferentiated | topo: Nickel Mtn. (1986) 1:24000 | src: USGS USMIN</description><styleUrl>#usmin_polygon</styleUrl><Polygon><outerBoundaryIs><LinearRing><coordinates>-123.431986,42.939666,0 -123.431929,42.939556,0 -123.431886,42.939404,0 -123.431829,42.939261,0 -123.431805,42.939080,0 -123.431772,42.938990,0 -123.431767,42.938828,0 -123.431805,42.938681,0 -123.431819,42.938519,0 -123.431781,42.938381,0 -123.431700,42.938295,0 -123.431586,42.938286,0 -123.431481,42.938300,0 -123.431382,42.938343,0 -123.431234,42.938386,0 -123.431129,42.938386,0 -123.431006,42.938386,0 -123.430853,42.938386,0 -123.430734,42.938390,0 -123.430606,42.938419,0 -123.430463,42.938476,0 -123.430287,42.938524,0 -123.430059,42.938595,0 -123.429873,42.938604,0 -123.429792,42.938690,0 -123.429725,42.938742,0 -123.429573,42.938738,0 -123.429321,42.938662,0 -123.429197,42.938666,0 -123.429045,42.938676,0 -123.428874,42.938676,0 -123.428697,42.938723,0 -123.428564,42.938776,0 -123.428450,42.938828,0 -123.428355,42.938861,0 -123.428245,42.938885,0 -123.428112,42.938909,0 -123.427946,42.938909,0 -123.427855,42.938928,0 -123.427793,42.938952,0 -123.427727,42.938966,0 -123.427679,42.938961,0 -123.427750,42.938890,0 -123.427869,42.938823,0 -123.427903,42.938771,0 -123.427917,42.938666,0 -123.427969,42.938566,0 -123.428003,42.938490,0 -123.428136,42.938443,0 -123.428274,42.938371,0 -123.428264,42.938295,0 -123.428222,42.938157,0 -123.428150,42.938048,0 -123.428074,42.937938,0 -123.428022,42.937872,0 -123.427808,42.937834,0 -123.427527,42.937848,0 -123.427327,42.937910,0 -123.427198,42.937929,0 -123.426970,42.937952,0 -123.426737,42.938024,0 -123.426527,42.938029,0 -123.426247,42.938029,0 -123.425956,42.938033,0 -123.425718,42.938033,0 -123.425457,42.938033,0 -123.425238,42.938067,0 -123.425024,42.938071,0 -123.424776,42.938081,0 -123.424586,42.938090,0 -123.424448,42.938076,0 -123.424338,42.938043,0 -123.424172,42.937957,0 -123.424086,42.937876,0 -123.424019,42.937729,0 -123.423972,42.937591,0 -123.423948,42.937486,0 -123.423915,42.937362,0 -123.423896,42.937258,0 -123.423886,42.937143,0 -123.423867,42.937053,0 -123.423862,42.936986,0 -123.423810,42.936882,0 -123.423753,42.936796,0 -123.423663,42.936734,0 -123.423605,42.936710,0 -123.423553,42.936696,0 -123.423444,42.936653,0 -123.423458,42.936539,0 -123.423463,42.936396,0 -123.423525,42.936277,0 -123.423586,42.936168,0 -123.423624,42.936077,0 -123.423696,42.935978,0 -123.423758,42.935887,0 -123.423839,42.935744,0 -123.423896,42.935682,0 -123.424058,42.935487,0 -123.424119,42.935425,0 -123.424191,42.935383,0 -123.424181,42.935316,0 -123.424138,42.935230,0 -123.424086,42.935145,0 -123.424005,42.935149,0 -123.423962,42.935192,0 -123.423920,42.935264,0 -123.423896,42.935349,0 -123.423886,42.935425,0 -123.423834,42.935573,0 -123.423805,42.935659,0 -123.423724,42.935740,0 -123.423663,42.935816,0 -123.423629,42.935892,0 -123.423586,42.935939,0 -123.423496,42.935987,0 -123.423420,42.936025,0 -123.423344,42.936096,0 -123.423268,42.936192,0 -123.423158,42.936282,0 -123.423111,42.936334,0 -123.423039,42.936425,0 -123.422815,42.936596,0 -123.422749,42.936649,0 -123.422658,42.936715,0 -123.422597,42.936753,0 -123.422468,42.936815,0 -123.422335,42.936815,0 -123.422216,42.936806,0 -123.422073,42.936753,0 -123.421940,42.936696,0 -123.421845,42.936629,0 -123.421735,42.936539,0 -123.421669,42.936439,0 -123.421578,42.936315,0 -123.421512,42.936192,0 -123.421473,42.936096,0 -123.421397,42.936049,0 -123.421259,42.935897,0 -123.421112,42.935797,0 -123.421021,42.935702,0 -123.420912,42.935583,0 -123.420869,42.935483,0 -123.420817,42.935335,0 -123.420807,42.935164,0 -123.420802,42.935030,0 -123.420798,42.934740,0 -123.420821,42.934569,0 -123.420836,42.934398,0 -123.420831,42.934331,0 -123.420879,42.934241,0 -123.420950,42.934145,0 -123.421007,42.934093,0 -123.421031,42.934041,0 -123.421083,42.933960,0 -123.421145,42.933860,0 -123.421245,42.933779,0 -123.421383,42.933693,0 -123.421559,42.933631,0 -123.421688,42.933560,0 -123.421740,42.933512,0 -123.421935,42.933422,0 -123.422064,42.933365,0 -123.422268,42.933332,0 -123.422440,42.933279,0 -123.422578,42.933265,0 -123.422649,42.933222,0 -123.422620,42.933194,0 -123.422549,42.933155,0 -123.422454,42.933122,0 -123.422401,42.933084,0 -123.422306,42.932998,0 -123.422259,42.932956,0 -123.422206,42.932837,0 -123.422211,42.932737,0 -123.422221,42.932680,0 -123.422263,42.932613,0 -123.422292,42.932542,0 -123.422330,42.932465,0 -123.422330,42.932375,0 -123.422325,42.932294,0 -123.422311,42.932213,0 -123.422278,42.932109,0 -123.422297,42.932070,0 -123.422325,42.932032,0 -123.422363,42.931999,0 -123.422454,42.932009,0 -123.422635,42.932009,0 -123.422792,42.931999,0 -123.422887,42.931980,0 -123.422992,42.931937,0 -123.423134,42.931928,0 -123.423244,42.931918,0 -123.423377,42.931913,0 -123.423563,42.931904,0 -123.423653,42.931937,0 -123.423767,42.931990,0 -123.423834,42.932075,0 -123.423853,42.932147,0 -123.423872,42.932285,0 -123.423905,42.932389,0 -123.423929,42.932465,0 -123.423948,42.932570,0 -123.423943,42.932656,0 -123.423920,42.932737,0 -123.423858,42.932803,0 -123.423820,42.932879,0 -123.423796,42.932927,0 -123.423782,42.932975,0 -123.423791,42.933056,0 -123.423824,42.933084,0 -123.423862,42.933094,0 -123.423953,42.933089,0 -123.424029,42.933075,0 -123.424129,42.933051,0 -123.424196,42.933041,0 -123.424272,42.933017,0 -123.424376,42.933018,0 -123.424491,42.933064,0 -123.424611,42.933081,0 -123.424708,42.933098,0 -123.424793,42.933116,0 -123.424856,42.933104,0 -123.424919,42.933076,0 -123.425005,42.933007,0 -123.425016,42.932933,0 -123.425016,42.932876,0 -123.425016,42.932784,0 -123.425016,42.932699,0 -123.425005,42.932619,0 -123.424993,42.932533,0 -123.424993,42.932464,0 -123.425005,42.932419,0 -123.425022,42.932362,0 -123.425073,42.932316,0 -123.425153,42.932265,0 -123.425256,42.932236,0 -123.425353,42.932202,0 -123.425433,42.932168,0 -123.425490,42.932122,0 -123.425519,42.932042,0 -123.425519,42.931973,0 -123.425519,42.931888,0 -123.425524,42.931825,0 -123.425541,42.931796,0 -123.425598,42.931768,0 -123.425678,42.931813,0 -123.425781,42.931842,0 -123.425838,42.931842,0 -123.425918,42.931842,0 -123.425975,42.931853,0 -123.426061,42.931899,0 -123.426130,42.931933,0 -123.426204,42.932002,0 -123.426249,42.932042,0 -123.426369,42.932093,0 -123.426438,42.932105,0 -123.426529,42.932110,0 -123.426621,42.932110,0 -123.426758,42.932116,0 -123.426821,42.932139,0 -123.426901,42.932213,0 -123.426963,42.932265,0 -123.427032,42.932339,0 -123.427038,42.932385,0 -123.427038,42.932470,0 -123.427055,42.932556,0 -123.427072,42.932636,0 -123.426992,42.932647,0 -123.426815,42.932624,0 -123.426666,42.932647,0 -123.426541,42.932670,0 -123.426449,42.932681,0 -123.426335,42.932693,0 -123.426221,42.932693,0 -123.426044,42.932699,0 -123.425867,42.932733,0 -123.425593,42.932750,0 -123.425364,42.932790,0 -123.425347,42.932824,0 -123.425319,42.932944,0 -123.425302,42.933018,0 -123.425290,42.933081,0 -123.425273,42.933195,0 -123.425296,42.933304,0 -123.425307,42.933384,0 -123.425341,42.933412,0 -123.425467,42.933492,0 -123.425576,42.933544,0 -123.425684,42.933578,0 -123.425753,42.933624,0 -123.425827,42.933652,0 -123.425941,42.933761,0 -123.426067,42.933818,0 -123.426112,42.933909,0 -123.426084,42.933944,0 -123.426027,42.933949,0 -123.425924,42.933949,0 -123.425827,42.933944,0 -123.425747,42.933904,0 -123.425661,42.933875,0 -123.425593,42.933824,0 -123.425496,42.933761,0 -123.425347,42.933681,0 -123.425256,42.933624,0 -123.425124,42.933601,0 -123.425027,42.933624,0 -123.424976,42.933635,0 -123.424713,42.933732,0 -123.424725,42.933795,0 -123.424759,42.933835,0 -123.424822,42.933926,0 -123.424850,42.933984,0 -123.424907,42.934166,0 -123.424936,42.934229,0 -123.424953,42.934315,0 -123.424976,42.934435,0 -123.424999,42.934652,0 -123.425062,42.934823,0 -123.425050,42.934960,0 -123.425033,42.935057,0 -123.425010,42.935183,0 -123.424987,42.935291,0 -123.424953,42.935468,0 -123.425022,42.935480,0 -123.425182,42.935491,0 -123.425319,42.935503,0 -123.425444,42.935520,0 -123.425576,42.935485,0 -123.425684,42.935406,0 -123.425724,42.935297,0 -123.425736,42.935160,0 -123.425798,42.935011,0 -123.425833,42.934914,0 -123.425895,42.934703,0 -123.425953,42.934566,0 -123.426015,42.934480,0 -123.426112,42.934406,0 -123.426227,42.934338,0 -123.426358,42.934275,0 -123.426529,42.934218,0 -123.426689,42.934183,0 -123.426883,42.934115,0 -123.427055,42.934092,0 -123.427215,42.934075,0 -123.427420,42.934058,0 -123.427592,42.934024,0 -123.427763,42.933966,0 -123.427940,42.933978,0 -123.428060,42.933955,0 -123.428255,42.933941,0 -123.428502,42.933936,0 -123.428626,42.933912,0 -123.428755,42.933898,0 -123.428864,42.933865,0 -123.429012,42.933841,0 -123.429235,42.933812,0 -123.429440,42.933784,0 -123.429573,42.933779,0 -123.429721,42.933831,0 -123.429840,42.933888,0 -123.429959,42.933955,0 -123.430049,42.934012,0 -123.430144,42.934041,0 -123.430420,42.934103,0 -123.430496,42.934079,0 -123.430639,42.934060,0 -123.430763,42.934003,0 -123.430901,42.933984,0 -123.430987,42.933950,0 -123.431106,42.933888,0 -123.431186,42.933836,0 -123.431324,42.933765,0 -123.431434,42.933698,0 -123.431686,42.933684,0 -123.431886,42.933655,0 -123.432072,42.933622,0 -123.432219,42.933589,0 -123.432386,42.933560,0 -123.432547,42.933460,0 -123.432562,42.933255,0 -123.432666,42.933179,0 -123.432757,42.933089,0 -123.432866,42.933037,0 -123.432933,42.932951,0 -123.433004,42.932822,0 -123.433047,42.932680,0 -123.433123,42.932561,0 -123.433133,42.932451,0 -123.433233,42.932256,0 -123.433314,42.932109,0 -123.433385,42.931947,0 -123.433418,42.931785,0 -123.433518,42.931552,0 -123.433599,42.931319,0 -123.433613,42.931138,0 -123.433642,42.930857,0 -123.433652,42.930752,0 -123.433661,42.930571,0 -123.433623,42.930429,0 -123.433566,42.930333,0 -123.433514,42.930234,0 -123.433447,42.930148,0 -123.433337,42.930072,0 -123.433190,42.929896,0 -123.433119,42.929824,0 -123.433023,42.929781,0 -123.432933,42.929762,0 -123.432738,42.929753,0 -123.432619,42.929748,0 -123.432448,42.929748,0 -123.432348,42.929753,0 -123.432233,42.929748,0 -123.432081,42.929753,0 -123.431924,42.929777,0 -123.431767,42.929777,0 -123.431700,42.929772,0 -123.431567,42.929796,0 -123.431439,42.929810,0 -123.431382,42.929867,0 -123.431253,42.929957,0 -123.431186,42.930015,0 -123.431067,42.930062,0 -123.430972,42.930110,0 -123.430901,42.930138,0 -123.430839,42.930153,0 -123.430720,42.930214,0 -123.430706,42.930281,0 -123.430634,42.930329,0 -123.430577,42.930357,0 -123.430439,42.930429,0 -123.430387,42.930405,0 -123.430344,42.930357,0 -123.430311,42.930305,0 -123.430311,42.930243,0 -123.430330,42.930119,0 -123.430382,42.930010,0 -123.430420,42.929910,0 -123.430473,42.929815,0 -123.430525,42.929643,0 -123.430577,42.929496,0 -123.430644,42.929301,0 -123.430639,42.929177,0 -123.430672,42.929029,0 -123.430725,42.928811,0 -123.430739,42.928668,0 -123.430796,42.928449,0 -123.430849,42.928325,0 -123.430868,42.928144,0 -123.430882,42.928016,0 -123.430882,42.927921,0 -123.430901,42.927768,0 -123.430920,42.927630,0 -123.430967,42.927535,0 -123.430987,42.927435,0 -123.431034,42.927273,0 -123.431039,42.927116,0 -123.431125,42.926940,0 -123.431220,42.926812,0 -123.431324,42.926736,0 -123.431439,42.926693,0 -123.431615,42.926655,0 -123.431738,42.926607,0 -123.431929,42.926560,0 -123.432053,42.926522,0 -123.432267,42.926460,0 -123.432528,42.926379,0 -123.432714,42.926331,0 -123.432876,42.926279,0 -123.433161,42.926241,0 -123.433328,42.926169,0 -123.433680,42.926069,0 -123.433842,42.926036,0 -123.434051,42.925950,0 -123.434256,42.925922,0 -123.434437,42.925865,0 -123.434660,42.925822,0 -123.434808,42.925770,0 -123.435003,42.925717,0 -123.435151,42.925689,0 -123.435331,42.925660,0 -123.435469,42.925613,0 -123.435631,42.925565,0 -123.435845,42.925498,0 -123.436150,42.925394,0 -123.436469,42.925327,0 -123.436607,42.925284,0 -123.436807,42.925241,0 -123.436983,42.925213,0 -123.437159,42.925232,0 -123.437335,42.925232,0 -123.437487,42.925227,0 -123.437687,42.925189,0 -123.437925,42.925151,0 -123.438125,42.925146,0 -123.438396,42.925132,0 -123.438615,42.925089,0 -123.438967,42.925070,0 -123.439205,42.925037,0 -123.439462,42.925027,0 -123.439653,42.925008,0 -123.439867,42.924980,0 -123.440090,42.924980,0 -123.440381,42.924937,0 -123.440633,42.924961,0 -123.441071,42.924984,0 -123.441137,42.925037,0 -123.441071,42.925099,0 -123.440971,42.925165,0 -123.440837,42.925237,0 -123.440704,42.925332,0 -123.440623,42.925413,0 -123.440585,42.925484,0 -123.440542,42.925575,0 -123.440495,42.925617,0 -123.440438,42.925670,0 -123.440347,42.925741,0 -123.440219,42.925870,0 -123.440138,42.925946,0 -123.440052,42.926036,0 -123.440028,42.926150,0 -123.440067,42.926355,0 -123.440005,42.926483,0 -123.439929,42.926560,0 -123.439862,42.926660,0 -123.439814,42.926774,0 -123.439795,42.926902,0 -123.439800,42.927002,0 -123.439805,42.927074,0 -123.439814,42.927140,0 -123.439819,42.927288,0 -123.439776,42.927364,0 -123.439672,42.927445,0 -123.439505,42.927526,0 -123.439415,42.927673,0 -123.439177,42.927778,0 -123.439020,42.927840,0 -123.438853,42.927868,0 -123.438720,42.927925,0 -123.438434,42.928035,0 -123.438163,42.928130,0 -123.438006,42.928225,0 -123.437816,42.928316,0 -123.437592,42.928416,0 -123.437425,42.928454,0 -123.437245,42.928530,0 -123.437092,42.928554,0 -123.436983,42.928568,0 -123.436869,42.928596,0 -123.436721,42.928625,0 -123.436516,42.928615,0 -123.436317,42.928630,0 -123.435993,42.928630,0 -123.435831,42.928620,0 -123.435703,42.928673,0 -123.435427,42.928782,0 -123.435312,42.928872,0 -123.435117,42.929034,0 -123.434951,42.929172,0 -123.434817,42.929263,0 -123.434689,42.929344,0 -123.434470,42.929458,0 -123.434337,42.929567,0 -123.434208,42.929691,0 -123.434132,42.929739,0 -123.434085,42.929867,0 -123.433980,42.930081,0 -123.433970,42.930224,0 -123.433989,42.930386,0 -123.434008,42.930495,0 -123.434042,42.930619,0 -123.434070,42.930719,0 -123.434099,42.930843,0 -123.434146,42.931076,0 -123.434075,42.931200,0 -123.434042,42.931266,0 -123.433985,42.931390,0 -123.433894,42.931490,0 -123.433837,42.931671,0 -123.433813,42.931742,0 -123.433747,42.931937,0 -123.433694,42.932061,0 -123.433566,42.932280,0 -123.433480,42.932404,0 -123.433428,42.932651,0 -123.433423,42.932741,0 -123.433499,42.932813,0 -123.433561,42.932884,0 -123.433585,42.932922,0 -123.433585,42.933017,0 -123.433571,42.933117,0 -123.433537,42.933198,0 -123.433475,42.933313,0 -123.433442,42.933446,0 -123.433390,42.933598,0 -123.433385,42.933669,0 -123.433399,42.933831,0 -123.433461,42.933884,0 -123.433566,42.933955,0 -123.433642,42.934012,0 -123.433718,42.934083,0 -123.433761,42.934136,0 -123.433809,42.934212,0 -123.433956,42.934336,0 -123.434070,42.934388,0 -123.434146,42.934421,0 -123.434256,42.934464,0 -123.434375,42.934521,0 -123.434446,42.934555,0 -123.434603,42.934612,0 -123.434775,42.934631,0 -123.434884,42.934731,0 -123.434960,42.934778,0 -123.435151,42.934902,0 -123.435284,42.934916,0 -123.435422,42.934916,0 -123.435574,42.934912,0 -123.435736,42.934907,0 -123.435850,42.934902,0 -123.436002,42.934873,0 -123.436231,42.934897,0 -123.436350,42.934912,0 -123.436459,42.934954,0 -123.436569,42.935011,0 -123.436621,42.935054,0 -123.436569,42.935116,0 -123.436459,42.935192,0 -123.436412,42.935235,0 -123.436350,42.935321,0 -123.436198,42.935459,0 -123.436064,42.935464,0 -123.436036,42.935406,0 -123.435964,42.935349,0 -123.435898,42.935292,0 -123.435822,42.935259,0 -123.435712,42.935197,0 -123.435550,42.935197,0 -123.435398,42.935207,0 -123.435255,42.935207,0 -123.435089,42.935221,0 -123.434894,42.935221,0 -123.434775,42.935221,0 -123.434660,42.935249,0 -123.434580,42.935278,0 -123.434465,42.935368,0 -123.434418,42.935425,0 -123.434308,42.935525,0 -123.434227,42.935597,0 -123.434051,42.935725,0 -123.433918,42.935782,0 -123.433780,42.935863,0 -123.433699,42.935878,0 -123.433675,42.935930,0 -123.433652,42.936049,0 -123.433656,42.936116,0 -123.433680,42.936173,0 -123.433761,42.936268,0 -123.433847,42.936339,0 -123.433904,42.936477,0 -123.433975,42.936544,0 -123.434061,42.936625,0 -123.434137,42.936744,0 -123.434146,42.936834,0 -123.434123,42.936901,0 -123.434056,42.936986,0 -123.434004,42.937091,0 -123.433923,42.937196,0 -123.433813,42.937286,0 -123.433799,42.937372,0 -123.433709,42.937481,0 -123.433613,42.937577,0 -123.433575,42.937676,0 -123.433552,42.937757,0 -123.433542,42.937872,0 -123.433518,42.937933,0 -123.433385,42.938076,0 -123.433323,42.938133,0 -123.433280,42.938209,0 -123.433218,42.938309,0 -123.433180,42.938405,0 -123.433171,42.938519,0 -123.433209,42.938628,0 -123.433266,42.938752,0 -123.433342,42.938890,0 -123.433452,42.939018,0 -123.433499,42.939190,0 -123.433594,42.939314,0 -123.433680,42.939509,0 -123.433751,42.939656,0 -123.433813,42.939699,0 -123.433980,42.939728,0 -123.434113,42.939761,0 -123.434251,42.939770,0 -123.434351,42.939775,0 -123.434413,42.939770,0 -123.434527,42.939770,0 -123.434570,42.939761,0 -123.434665,42.939780,0 -123.434727,42.939851,0 -123.434775,42.939918,0 -123.434875,42.940013,0 -123.435041,42.940118,0 -123.435132,42.940189,0 -123.435270,42.940313,0 -123.435365,42.940418,0 -123.435493,42.940537,0 -123.435503,42.940598,0 -123.435479,42.940689,0 -123.435450,42.940765,0 -123.435369,42.940936,0 -123.435227,42.941098,0 -123.435070,42.941279,0 -123.434984,42.941398,0 -123.434927,42.941522,0 -123.434879,42.941631,0 -123.434870,42.941760,0 -123.434836,42.941841,0 -123.434741,42.942017,0 -123.434632,42.942188,0 -123.434541,42.942264,0 -123.434437,42.942359,0 -123.434375,42.942421,0 -123.434223,42.942502,0 -123.434085,42.942569,0 -123.433989,42.942621,0 -123.433918,42.942716,0 -123.433861,42.942811,0 -123.433875,42.942911,0 -123.433885,42.943040,0 -123.433889,42.943140,0 -123.433937,42.943259,0 -123.433870,42.943335,0 -123.433775,42.943392,0 -123.433637,42.943473,0 -123.433556,42.943511,0 -123.433299,42.943558,0 -123.433257,42.943606,0 -123.433180,42.943620,0 -123.432995,42.943620,0 -123.432857,42.943625,0 -123.432738,42.943563,0 -123.432666,42.943535,0 -123.432590,42.943444,0 -123.432533,42.943354,0 -123.432452,42.943202,0 -123.432457,42.943102,0 -123.432409,42.942959,0 -123.432367,42.942749,0 -123.432300,42.942621,0 -123.432248,42.942545,0 -123.432162,42.942431,0 -123.432072,42.942321,0 -123.431957,42.942097,0 -123.431876,42.941959,0 -123.431924,42.941788,0 -123.431934,42.941626,0 -123.431967,42.941450,0 -123.432005,42.941312,0 -123.432095,42.941160,0 -123.432110,42.941046,0 -123.432157,42.940889,0 -123.432143,42.940784,0 -123.432114,42.940656,0 -123.432095,42.940494,0 -123.432048,42.940356,0 -123.432010,42.940237,0 -123.431976,42.940089,0 -123.432019,42.939942,0 -123.432014,42.939785,0 -123.431986,42.939666,0</coordinates></LinearRing></outerBoundaryIs></Polygon></Placemark><Placemark><name>Tailings - Undifferentiated</name><description>USMIN Tailings - Undifferentiated | topo: King Mountain (1983) 1:24000 | src: USGS USMIN</description><styleUrl>#usmin_polygon</styleUrl><Polygon><outerBoundaryIs><LinearRing><coordinates>-123.205823,42.696151,0 -123.206012,42.696174,0 -123.206069,42.696243,0 -123.206040,42.696288,0 -123.205977,42.696334,0 -123.205858,42.696357,0 -123.205635,42.696322,0 -123.205606,42.696265,0 -123.205618,42.696214,0 -123.205720,42.696151,0 -123.205823,42.696151,0</coordinates></LinearRing></outerBoundaryIs></Polygon></Placemark><Placemark><name>Tailings - Placer</name><description>USMIN Tailings - Placer | topo: Glendale (1954) 1:62500 | src: USGS USMIN</description><styleUrl>#usmin_polygon</styleUrl><Polygon><outerBoundaryIs><LinearRing><coordinates>-123.260944,42.731039,0 -123.261157,42.731089,0 -123.261170,42.731302,0 -123.261257,42.731627,0 -123.261232,42.731915,0 -123.261145,42.732353,0 -123.261094,42.732678,0 -123.261132,42.733054,0 -123.261282,42.733479,0 -123.261470,42.733942,0 -123.261645,42.734242,0 -123.261795,42.734492,0 -123.261883,42.734680,0 -123.261420,42.734818,0 -123.261420,42.735043,0 -123.261632,42.735556,0 -123.261820,42.735981,0 -123.262083,42.736544,0 -123.262195,42.736957,0 -123.262371,42.737282,0 -123.262508,42.737858,0 -123.262708,42.738446,0 -123.262971,42.739122,0 -123.262233,42.739384,0 -123.261983,42.739209,0 -123.261783,42.738997,0 -123.261570,42.738821,0 -123.261220,42.738383,0 -123.261420,42.738071,0 -123.261445,42.737758,0 -123.261545,42.737508,0 -123.261470,42.737295,0 -123.261420,42.737007,0 -123.261195,42.736432,0 -123.261069,42.736106,0 -123.261019,42.735919,0 -123.260907,42.735668,0 -123.260819,42.735418,0 -123.260757,42.735293,0 -123.260657,42.735105,0 -123.260657,42.735055,0 -123.260707,42.734555,0 -123.260544,42.734292,0 -123.260456,42.733817,0 -123.260331,42.733366,0 -123.260206,42.732991,0 -123.260206,42.732678,0 -123.260181,42.732153,0 -123.260156,42.731865,0 -123.260131,42.731690,0 -123.260331,42.731239,0 -123.260944,42.731039,0</coordinates></LinearRing></outerBoundaryIs></Polygon></Placemark><Placemark><name>Tailings - Placer</name><description>USMIN Tailings - Placer | topo: Glendale (1954) 1:62500 | src: USGS USMIN</description><styleUrl>#usmin_polygon</styleUrl><Polygon><outerBoundaryIs><LinearRing><coordinates>-123.259593,42.733617,0 -123.259768,42.733679,0 -123.259906,42.733904,0 -123.259981,42.734217,0 -123.259981,42.734743,0 -123.260069,42.735068,0 -123.260119,42.735443,0 -123.260331,42.735869,0 -123.260569,42.736369,0 -123.260794,42.737107,0 -123.260544,42.737145,0 -123.260444,42.736744,0 -123.260256,42.736382,0 -123.259906,42.735756,0 -123.259693,42.735306,0 -123.259418,42.734818,0 -123.259230,42.734480,0 -123.259080,42.734117,0 -123.259030,42.733842,0 -123.259143,42.733754,0 -123.259593,42.733617,0</coordinates></LinearRing></outerBoundaryIs></Polygon></Placemark><Placemark><name>Tailings - Placer</name><description>USMIN Tailings - Placer | topo: Glendale (1954) 1:62500 | src: USGS USMIN</description><styleUrl>#usmin_polygon</styleUrl><Polygon><outerBoundaryIs><LinearRing><coordinates>-123.320887,42.687604,0 -123.321225,42.687499,0 -123.321663,42.687338,0 -123.322288,42.687183,0 -123.322582,42.687139,0 -123.323025,42.687061,0 -123.323512,42.686812,0 -123.323756,42.686773,0 -123.324049,42.686668,0 -123.324426,42.686402,0 -123.324764,42.686258,0 -123.325256,42.685943,0 -123.325683,42.685538,0 -123.325960,42.685350,0 -123.326264,42.685084,0 -123.326635,42.684901,0 -123.326890,42.684602,0 -123.327040,42.684425,0 -123.327178,42.684110,0 -123.327339,42.683755,0 -123.327621,42.683495,0 -123.327970,42.683567,0 -123.327577,42.683977,0 -123.327510,42.684170,0 -123.327311,42.684558,0 -123.327051,42.684813,0 -123.326696,42.685095,0 -123.326414,42.685295,0 -123.326137,42.685649,0 -123.325766,42.685898,0 -123.325915,42.686136,0 -123.325777,42.686391,0 -123.325633,42.686629,0 -123.325179,42.686950,0 -123.324852,42.687116,0 -123.324382,42.687288,0 -123.324182,42.687382,0 -123.323844,42.687471,0 -123.323440,42.687548,0 -123.322997,42.687703,0 -123.322604,42.687803,0 -123.322266,42.687947,0 -123.321657,42.687637,0 -123.321297,42.687737,0 -123.321020,42.687770,0 -123.320693,42.687958,0 -123.320555,42.687881,0 -123.320887,42.687604,0</coordinates></LinearRing></outerBoundaryIs></Polygon></Placemark><Placemark><name>Tailings - Undifferentiated</name><description>USMIN Tailings - Undifferentiated | topo: Glendale (1954) 1:62500 | src: USGS USMIN</description><styleUrl>#usmin_polygon</styleUrl><Polygon><outerBoundaryIs><LinearRing><coordinates>-123.341584,42.714708,0 -123.341799,42.714752,0 -123.341965,42.714664,0 -123.342500,42.714384,0 -123.342742,42.714322,0 -123.343092,42.714235,0 -123.343342,42.714077,0 -123.343693,42.713985,0 -123.344057,42.714011,0 -123.344605,42.714261,0 -123.344614,42.714441,0 -123.344588,42.714507,0 -123.344281,42.714634,0 -123.344092,42.714822,0 -123.343645,42.714998,0 -123.343360,42.715112,0 -123.343057,42.715199,0 -123.342351,42.715397,0 -123.342066,42.715511,0 -123.341632,42.715603,0 -123.341317,42.715712,0 -123.340821,42.715835,0 -123.340650,42.715870,0 -123.340115,42.715594,0 -123.340027,42.715506,0 -123.340032,42.715410,0 -123.340242,42.715226,0 -123.340497,42.715204,0 -123.340646,42.715116,0 -123.340970,42.715112,0 -123.341233,42.715028,0 -123.341584,42.714708,0</coordinates></LinearRing></outerBoundaryIs></Polygon></Placemark></Folder><Folder><name>Mine &amp; prospect sites (MILO/MRDS, gold)</name><Placemark><name>Hackler Height placer</name><description>MILO gold | gold | placer | discovered ? | prod started ? | size: n/a | src: DOGAMI MILO-4 ID_07751</description><styleUrl>#milo_gold</styleUrl><Point><coordinates>-123.432857,42.913179,0</coordinates></Point></Placemark><Placemark><name>Hackler and Heights placer</name><description>MILO gold | gold | placer | discovered ? | prod started ? | size: n/a | src: DOGAMI MILO-4 ID_07752</description><styleUrl>#milo_gold</styleUrl><Point><coordinates>-123.443142,42.913456,0</coordinates></Point></Placemark><Placemark><name>unnamed or NA</name><description>MILO gold | gold | unknown | discovered ? | prod started ? | size: n/a | src: DOGAMI MILO-4 ID_07765</description><styleUrl>#milo_gold</styleUrl><Point><coordinates>-123.338190,42.904945,0</coordinates></Point></Placemark><Placemark><name>Gold Bluff Mine</name><description>MILO gold | gold | lode | discovered ? | prod started ? | size: small | src: DOGAMI MILO-4 ID_07766</description><styleUrl>#milo_gold</styleUrl><Point><coordinates>-123.316502,42.905577,0</coordinates></Point></Placemark><Placemark><name>Levan's Ledge</name><description>MILO gold | gold, copper, silver | lode | discovered ? | prod started ? | size: small | src: DOGAMI MILO-4 ID_07767</description><styleUrl>#milo_gold</styleUrl><Point><coordinates>-123.314527,42.910719,0</coordinates></Point></Placemark><Placemark><name>Sweetbriar</name><description>MILO gold | gold, copper | lode | discovered ? | prod started ? | size: n/a | src: DOGAMI MILO-4 ID_07768</description><styleUrl>#milo_gold</styleUrl><Point><coordinates>-123.325912,42.895677,0</coordinates></Point></Placemark><Placemark><name>Huckleberry Mine</name><description>MILO gold | gold, silver | lode | discovered ? | prod started ? | size: small | src: DOGAMI MILO-4 ID_07769</description><styleUrl>#milo_gold</styleUrl><Point><coordinates>-123.335995,42.890876,0</coordinates></Point></Placemark><Placemark><name>Beaver Spring</name><description>MILO gold | copper, silver, gold, zinc | lode | discovered ? | prod started ? | size: n/a | src: DOGAMI MILO-4 ID_07770</description><styleUrl>#milo_gold</styleUrl><Point><coordinates>-123.346506,42.889190,0</coordinates></Point></Placemark><Placemark><name>Miller</name><description>MILO gold | gold | unknown | discovered ? | prod started ? | size: n/a | src: DOGAMI MILO-4 ID_07783</description><styleUrl>#milo_gold</styleUrl><Point><coordinates>-123.123408,42.883183,0</coordinates></Point></Placemark><Placemark><name>gold mine</name><description>MILO gold | gold | unknown | discovered ? | prod started ? | size: n/a | src: DOGAMI MILO-4 ID_07806</description><styleUrl>#milo_gold</styleUrl><Point><coordinates>-123.558143,42.774288,0</coordinates></Point></Placemark><Placemark><name>Oregon M and P Co.</name><description>MILO gold | gold, platinum | placer | discovered ? | prod started ? | size: small | src: DOGAMI MILO-4 ID_07808</description><styleUrl>#milo_gold</styleUrl><Point><coordinates>-123.534312,42.758144,0</coordinates></Point></Placemark><Placemark><name>Douglas</name><description>MILO gold | gold | lode | discovered ? | prod started ? | size: small | src: DOGAMI MILO-4 ID_07810</description><styleUrl>#milo_gold</styleUrl><Point><coordinates>-123.522425,42.760390,0</coordinates></Point></Placemark><Placemark><name>Diamond Butte</name><description>MILO gold | gold, silver | unknown | discovered ? | prod started ? | size: n/a | src: DOGAMI MILO-4 ID_07811</description><styleUrl>#milo_gold</styleUrl><Point><coordinates>-123.530432,42.750958,0</coordinates></Point></Placemark><Placemark><name>Silver Peak</name><description>MILO gold | copper, zinc, gold, silver, lead, barium | lode | discovered ? | prod started ? | size: small | src: DOGAMI MILO-4 ID_07812</description><styleUrl>#milo_gold</styleUrl><Point><coordinates>-123.383060,42.855528,0</coordinates></Point></Placemark><Placemark><name>Golden Gate</name><description>MILO gold | gold, copper, silver, barium | lode | discovered ? | prod started ? | size: small | src: DOGAMI MILO-4 ID_07814</description><styleUrl>#milo_gold</styleUrl><Point><coordinates>-123.385804,42.862141,0</coordinates></Point></Placemark><Placemark><name>Last Chance prospect</name><description>MILO gold | gold | lode | discovered ? | prod started ? | size: n/a | src: DOGAMI MILO-4 ID_07818</description><styleUrl>#milo_gold</styleUrl><Point><coordinates>-123.445078,42.819565,0</coordinates></Point></Placemark><Placemark><name>Grayback Mountain prospect</name><description>MILO gold | gold | lode | discovered ? | prod started ? | size: n/a | src: DOGAMI MILO-4 ID_07819</description><styleUrl>#milo_gold</styleUrl><Point><coordinates>-123.475730,42.788255,0</coordinates></Point></Placemark><Placemark><name>gold mine</name><description>MILO gold | gold | unknown | discovered ? | prod started ? | size: n/a | src: DOGAMI MILO-4 ID_07820</description><styleUrl>#milo_gold</styleUrl><Point><coordinates>-123.437809,42.795428,0</coordinates></Point></Placemark><Placemark><name>gold mine</name><description>MILO gold | gold | unknown | discovered ? | prod started ? | size: n/a | src: DOGAMI MILO-4 ID_07821</description><styleUrl>#milo_gold</styleUrl><Point><coordinates>-123.439581,42.792762,0</coordinates></Point></Placemark><Placemark><name>Whitehorse placer</name><description>MILO gold | gold | placer | discovered ? | prod started ? | size: small | src: DOGAMI MILO-4 ID_07828</description><styleUrl>#milo_gold</styleUrl><Point><coordinates>-123.165903,42.797071,0</coordinates></Point></Placemark><Placemark><name>Hogum Creek</name><description>MILO gold | gold | placer | discovered ? | prod started ? | size: n/a | src: DOGAMI MILO-4 ID_07829</description><styleUrl>#milo_gold</styleUrl><Point><coordinates>-123.185077,42.770681,0</coordinates></Point></Placemark><Placemark><name>gold mine</name><description>MILO gold | gold | unknown | discovered ? | prod started ? | size: n/a | src: DOGAMI MILO-4 ID_07831</description><styleUrl>#milo_gold</styleUrl><Point><coordinates>-123.195071,42.758459,0</coordinates></Point></Placemark><Placemark><name>Miser</name><description>MILO gold | gold | unknown | discovered ? | prod started ? | size: n/a | src: DOGAMI MILO-4 ID_07832</description><styleUrl>#milo_gold</styleUrl><Point><coordinates>-123.200076,42.764017,0</coordinates></Point></Placemark><Placemark><name>Indiana</name><description>MILO gold | gold, silver | unknown | discovered ? | prod started ? | size: n/a | src: DOGAMI MILO-4 ID_07833</description><styleUrl>#milo_gold</styleUrl><Point><coordinates>-123.249525,42.757627,0</coordinates></Point></Placemark><Placemark><name>Bull Run placers</name><description>MILO gold | gold, silver | placer | discovered ? | prod started ? | size: n/a | src: DOGAMI MILO-4 ID_07834</description><styleUrl>#milo_gold</styleUrl><Point><coordinates>-123.242299,42.755128,0</coordinates></Point></Placemark><Placemark><name>Mildred</name><description>MILO gold | gold | lode | discovered ? | prod started ? | size: n/a | src: DOGAMI MILO-4 ID_07835</description><styleUrl>#milo_gold</styleUrl><Point><coordinates>-123.186234,42.751406,0</coordinates></Point></Placemark><Placemark><name>Cloudy Day</name><description>MILO gold | gold, silver, copper, arsenic | lode | discovered ? | prod started ? | size: small | src: DOGAMI MILO-4 ID_07836</description><styleUrl>#milo_gold</styleUrl><Point><coordinates>-123.180910,42.751516,0</coordinates></Point></Placemark><Placemark><name>Green Mountain prospect</name><description>MILO gold | gold, silver, copper | lode | discovered ? | prod started ? | size: small | src: DOGAMI MILO-4 ID_07837</description><styleUrl>#milo_gold</styleUrl><Point><coordinates>-123.154827,42.741239,0</coordinates></Point></Placemark><Placemark><name>Union Leader</name><description>MILO gold | gold, silver | unknown | discovered ? | prod started ? | size: n/a | src: DOGAMI MILO-4 ID_07838</description><styleUrl>#milo_gold</styleUrl><Point><coordinates>-123.241184,42.750959,0</coordinates></Point></Placemark><Placemark><name>Victory</name><description>MILO gold | gold, chromium | placer | discovered ? | prod started ? | size: small | src: DOGAMI MILO-4 ID_07863</description><styleUrl>#milo_gold</styleUrl><Point><coordinates>-123.532309,42.749466,0</coordinates></Point></Placemark><Placemark><name>Willis</name><description>MILO gold | gold | lode | discovered ? | prod started ? | size: n/a | src: DOGAMI MILO-4 ID_07867</description><styleUrl>#milo_gold</styleUrl><Point><coordinates>-123.424523,42.724843,0</coordinates></Point></Placemark><Placemark><name>Tennesse Gulch</name><description>MILO gold | gold | placer | discovered ? | prod started ? | size: n/a | src: DOGAMI MILO-4 ID_07868</description><styleUrl>#milo_gold</styleUrl><Point><coordinates>-123.263135,42.734850,0</coordinates></Point></Placemark><Placemark><name>Starve Out</name><description>MILO gold | gold, chromium | lode | discovered ? | prod started ? | size: n/a | src: DOGAMI MILO-4 ID_07870</description><styleUrl>#milo_gold</styleUrl><Point><coordinates>-123.202297,42.748739,0</coordinates></Point></Placemark><Placemark><name>Puzzer</name><description>MILO gold | gold | lode | discovered ? | prod started ? | size: n/a | src: DOGAMI MILO-4 ID_07872</description><styleUrl>#milo_gold</styleUrl><Point><coordinates>-123.167574,42.746237,0</coordinates></Point></Placemark><Placemark><name>Quartzmill</name><description>MILO gold | gold | lode | discovered ? | prod started ? | size: n/a | src: DOGAMI MILO-4 ID_07875</description><styleUrl>#milo_gold</styleUrl><Point><coordinates>-123.247296,42.737348,0</coordinates></Point></Placemark><Placemark><name>Curtis</name><description>MILO gold | gold | lode | discovered ? | prod started ? | size: n/a | src: DOGAMI MILO-4 ID_07877</description><styleUrl>#milo_gold</styleUrl><Point><coordinates>-123.201166,42.732672,0</coordinates></Point></Placemark><Placemark><name>Warner</name><description>MILO gold | gold, silver | unknown | discovered ? | prod started ? | size: n/a | src: DOGAMI MILO-4 ID_07879</description><styleUrl>#milo_gold</styleUrl><Point><coordinates>-123.185908,42.733461,0</coordinates></Point></Placemark><Placemark><name>Forget-Me-Not</name><description>MILO gold | gold, silver, copper | lode | discovered ? | prod started ? | size: small | src: DOGAMI MILO-4 ID_07880</description><styleUrl>#milo_gold</styleUrl><Point><coordinates>-123.235799,42.719620,0</coordinates></Point></Placemark><Placemark><name>Flying Squirrel</name><description>MILO gold | gold | unknown | discovered ? | prod started ? | size: n/a | src: DOGAMI MILO-4 ID_07881</description><styleUrl>#milo_gold</styleUrl><Point><coordinates>-123.219516,42.717905,0</coordinates></Point></Placemark><Placemark><name>Warner</name><description>MILO gold | gold, silver, copper, arsenic, zinc | lode | discovered ? | prod started ? | size: n/a | src: DOGAMI MILO-4 ID_08451</description><styleUrl>#milo_gold</styleUrl><Point><coordinates>-123.174870,42.736411,0</coordinates></Point></Placemark><Placemark><name>Bunce prospect</name><description>MILO gold | gold | lode | discovered ? | prod started ? | size: n/a | src: DOGAMI MILO-4 ID_08452</description><styleUrl>#milo_gold</styleUrl><Point><coordinates>-123.186183,42.728738,0</coordinates></Point></Placemark><Placemark><name>Last Chance Property</name><description>MILO gold | gold | unknown | discovered ? | prod started ? | size: n/a | src: DOGAMI MILO-4 ID_08453</description><styleUrl>#milo_gold</styleUrl><Point><coordinates>-123.168997,42.732320,0</coordinates></Point></Placemark><Placemark><name>Little Arctic</name><description>MILO gold | gold, silver, arsenic | lode | discovered ? | prod started ? | size: n/a | src: DOGAMI MILO-4 ID_08454</description><styleUrl>#milo_gold</styleUrl><Point><coordinates>-123.202668,42.712760,0</coordinates></Point></Placemark><Placemark><name>gold mine</name><description>MILO gold | gold | unknown | discovered ? | prod started ? | size: n/a | src: DOGAMI MILO-4 ID_08455</description><styleUrl>#milo_gold</styleUrl><Point><coordinates>-123.155626,42.711516,0</coordinates></Point></Placemark><Placemark><name>Mountain View</name><description>MILO gold | gold, copper | lode | discovered ? | prod started ? | size: n/a | src: DOGAMI MILO-4 ID_08460</description><styleUrl>#milo_gold</styleUrl><Point><coordinates>-123.203501,42.695927,0</coordinates></Point></Placemark><Placemark><name>Last Chance Group placer</name><description>MILO gold | gold | placer | discovered ? | prod started ? | size: n/a | src: DOGAMI MILO-4 ID_08463</description><styleUrl>#milo_gold</styleUrl><Point><coordinates>-123.160347,42.708460,0</coordinates></Point></Placemark><Placemark><name>McTimmons Mine</name><description>MILO gold | gold | lode | discovered ? | prod started ? | size: small | src: DOGAMI MILO-4 ID_08464</description><styleUrl>#milo_gold</styleUrl><Point><coordinates>-123.215907,42.687071,0</coordinates></Point></Placemark><Placemark><name>gold mine</name><description>MILO gold | gold | unknown | discovered ? | prod started ? | size: n/a | src: DOGAMI MILO-4 ID_08466</description><styleUrl>#milo_gold</styleUrl><Point><coordinates>-123.174516,42.682348,0</coordinates></Point></Placemark><Placemark><name>gold prospect</name><description>MILO gold | gold | unknown | discovered ? | prod started ? | size: n/a | src: DOGAMI MILO-4 ID_09106</description><styleUrl>#milo_gold</styleUrl><Point><coordinates>-123.679537,42.689008,0</coordinates></Point></Placemark><Placemark><name>Benton</name><description>MILO gold | gold, silver, copper, zinc, molybdenum | lode | discovered ? | prod started ? | size: n/a | src: DOGAMI MILO-4 ID_09108</description><styleUrl>#milo_gold</styleUrl><Point><coordinates>-123.631196,42.680548,0</coordinates></Point></Placemark><Placemark><name>Tibbett Springs Mine</name><description>MILO gold | gold, copper, silver | lode | discovered ? | prod started ? | size: n/a | src: DOGAMI MILO-4 ID_09115</description><styleUrl>#milo_gold</styleUrl><Point><coordinates>-123.591193,42.721785,0</coordinates></Point></Placemark><Placemark><name>Mount Reuben</name><description>MILO gold | gold, silver, uranium | lode | discovered ? | prod started ? | size: small | src: DOGAMI MILO-4 ID_09116</description><styleUrl>#milo_gold</styleUrl><Point><coordinates>-123.594915,42.721349,0</coordinates></Point></Placemark><Placemark><name>Baker Mine</name><description>MILO gold | gold | lode | discovered ? | prod started ? | size: n/a | src: DOGAMI MILO-4 ID_09117</description><styleUrl>#milo_gold</styleUrl><Point><coordinates>-123.577420,42.713249,0</coordinates></Point></Placemark><Placemark><name>Looney Mine</name><description>MILO gold | gold | lode | discovered ? | prod started ? | size: n/a | src: DOGAMI MILO-4 ID_09118</description><styleUrl>#milo_gold</styleUrl><Point><coordinates>-123.609279,42.697060,0</coordinates></Point></Placemark><Placemark><name>Trade Dollar Mine</name><description>MILO gold | gold | lode | discovered ? | prod started ? | size: small | src: DOGAMI MILO-4 ID_09119</description><styleUrl>#milo_gold</styleUrl><Point><coordinates>-123.606622,42.691155,0</coordinates></Point></Placemark><Placemark><name>Poorman North Mine</name><description>MILO gold | gold | lode | discovered ? | prod started ? | size: small | src: DOGAMI MILO-4 ID_09120</description><styleUrl>#milo_gold</styleUrl><Point><coordinates>-123.613975,42.691229,0</coordinates></Point></Placemark><Placemark><name>Scotty</name><description>MILO gold | gold, copper, silver | lode | discovered ? | prod started ? | size: n/a | src: DOGAMI MILO-4 ID_09121</description><styleUrl>#milo_gold</styleUrl><Point><coordinates>-123.617034,42.691229,0</coordinates></Point></Placemark><Placemark><name>Lawrence Mine</name><description>MILO gold | gold | lode | discovered ? | prod started ? | size: n/a | src: DOGAMI MILO-4 ID_09122</description><styleUrl>#milo_gold</styleUrl><Point><coordinates>-123.580398,42.681053,0</coordinates></Point></Placemark><Placemark><name>Sugar Loaf</name><description>MILO gold | gold, silver | unknown | discovered ? | prod started ? | size: n/a | src: DOGAMI MILO-4 ID_09123</description><styleUrl>#milo_gold</styleUrl><Point><coordinates>-123.571753,42.689841,0</coordinates></Point></Placemark><Placemark><name>Rainbow</name><description>MILO gold | copper, gold, silver | lode | discovered ? | prod started ? | size: n/a | src: DOGAMI MILO-4 ID_09124</description><styleUrl>#milo_gold</styleUrl><Point><coordinates>-123.557859,42.685953,0</coordinates></Point></Placemark><Placemark><name>Pyx Mine</name><description>MILO gold | gold, copper | lode | discovered ? | prod started ? | size: n/a | src: DOGAMI MILO-4 ID_09125</description><styleUrl>#milo_gold</styleUrl><Point><coordinates>-123.609994,42.681192,0</coordinates></Point></Placemark><Placemark><name>Wolf Creek placers</name><description>MILO gold | gold | placer | discovered ? | prod started ? | size: n/a | src: DOGAMI MILO-4 ID_09135</description><styleUrl>#milo_gold</styleUrl><Point><coordinates>-123.383963,42.685401,0</coordinates></Point></Placemark><Placemark><name>Speaker placer</name><description>MILO gold | gold | placer | discovered ? | prod started ? | size: n/a | src: DOGAMI MILO-4 ID_09138</description><styleUrl>#milo_gold</styleUrl><Point><coordinates>-123.310637,42.711792,0</coordinates></Point></Placemark><Placemark><name>Big Slide Lode</name><description>MILO gold | gold | lode | discovered ? | prod started ? | size: n/a | src: DOGAMI MILO-4 ID_09139</description><styleUrl>#milo_gold</styleUrl><Point><coordinates>-123.270585,42.710780,0</coordinates></Point></Placemark><Placemark><name>Wolf Creek Logging and Mining Co.</name><description>MILO gold | gold | unknown | discovered ? | prod started ? | size: n/a | src: DOGAMI MILO-4 ID_09140</description><styleUrl>#milo_gold</styleUrl><Point><coordinates>-123.283832,42.718247,0</coordinates></Point></Placemark><Placemark><name>Lazy Daze Mine</name><description>MILO gold | gold | unknown | discovered ? | prod started ? | size: n/a | src: DOGAMI MILO-4 ID_09141</description><styleUrl>#milo_gold</styleUrl><Point><coordinates>-123.278134,42.714291,0</coordinates></Point></Placemark><Placemark><name>Sluter Mine</name><description>MILO gold | gold | lode | discovered ? | prod started ? | size: n/a | src: DOGAMI MILO-4 ID_09142</description><styleUrl>#milo_gold</styleUrl><Point><coordinates>-123.263861,42.717396,0</coordinates></Point></Placemark><Placemark><name>gold mine</name><description>MILO gold | gold | unknown | discovered ? | prod started ? | size: n/a | src: DOGAMI MILO-4 ID_09144</description><styleUrl>#milo_gold</styleUrl><Point><coordinates>-123.270423,42.697074,0</coordinates></Point></Placemark><Placemark><name>Silent Friend Mine</name><description>MILO gold | gold, silver, copper, arsenic | lode | discovered ? | prod started ? | size: n/a | src: DOGAMI MILO-4 ID_09145</description><styleUrl>#milo_gold</styleUrl><Point><coordinates>-123.278177,42.699578,0</coordinates></Point></Placemark><Placemark><name>Golden Glow</name><description>MILO gold | gold, silver | unknown | discovered ? | prod started ? | size: n/a | src: DOGAMI MILO-4 ID_09146</description><styleUrl>#milo_gold</styleUrl><Point><coordinates>-123.285043,42.696006,0</coordinates></Point></Placemark><Placemark><name>Sunset Mine</name><description>MILO gold | gold | lode | discovered ? | prod started ? | size: n/a | src: DOGAMI MILO-4 ID_09147</description><styleUrl>#milo_gold</styleUrl><Point><coordinates>-123.261206,42.707628,0</coordinates></Point></Placemark><Placemark><name>Golden Ring Mine</name><description>MILO gold | gold | lode | discovered ? | prod started ? | size: n/a | src: DOGAMI MILO-4 ID_09148</description><styleUrl>#milo_gold</styleUrl><Point><coordinates>-123.263134,42.703183,0</coordinates></Point></Placemark><Placemark><name>Lazy Man</name><description>MILO gold | gold | lode | discovered ? | prod started ? | size: n/a | src: DOGAMI MILO-4 ID_09149</description><styleUrl>#milo_gold</styleUrl><Point><coordinates>-123.268171,42.698166,0</coordinates></Point></Placemark><Placemark><name>gold mine</name><description>MILO gold | gold | unknown | discovered ? | prod started ? | size: n/a | src: DOGAMI MILO-4 ID_09150</description><styleUrl>#milo_gold</styleUrl><Point><coordinates>-123.348966,42.681792,0</coordinates></Point></Placemark><Placemark><name>gold mine</name><description>MILO gold | gold | unknown | discovered ? | prod started ? | size: n/a | src: DOGAMI MILO-4 ID_09151</description><styleUrl>#milo_gold</styleUrl><Point><coordinates>-123.362021,42.682902,0</coordinates></Point></Placemark><Placemark><name>Macabee Mine</name><description>MILO gold | gold, copper, silver | lode | discovered ? | prod started ? | size: n/a | src: DOGAMI MILO-4 ID_09152</description><styleUrl>#milo_gold</styleUrl><Point><coordinates>-123.317821,42.682671,0</coordinates></Point></Placemark><Placemark><name>Morning Mine</name><description>MILO gold | gold | lode | discovered ? | prod started ? | size: n/a | src: DOGAMI MILO-4 ID_09153</description><styleUrl>#milo_gold</styleUrl><Point><coordinates>-123.323070,42.691795,0</coordinates></Point></Placemark><Placemark><name>Jackpot Mine</name><description>MILO gold | gold | lode | discovered ? | prod started ? | size: n/a | src: DOGAMI MILO-4 ID_09154</description><styleUrl>#milo_gold</styleUrl><Point><coordinates>-123.325890,42.688415,0</coordinates></Point></Placemark><Placemark><name>Victor</name><description>MILO gold | gold | lode | discovered ? | prod started ? | size: n/a | src: DOGAMI MILO-4 ID_09155</description><styleUrl>#milo_gold</styleUrl><Point><coordinates>-123.325353,42.686237,0</coordinates></Point></Placemark><Placemark><name>Coyote Mine</name><description>MILO gold | gold, silver, arsenic, copper | lode | discovered ? | prod started ? | size: n/a | src: DOGAMI MILO-4 ID_09156</description><styleUrl>#milo_gold</styleUrl><Point><coordinates>-123.296015,42.684901,0</coordinates></Point></Placemark><Placemark><name>Florene Mine</name><description>MILO gold | gold | lode | discovered ? | prod started ? | size: n/a | src: DOGAMI MILO-4 ID_09157</description><styleUrl>#milo_gold</styleUrl><Point><coordinates>-123.290505,42.685403,0</coordinates></Point></Placemark><Placemark><name>Cougar Mine</name><description>MILO gold | gold | lode | discovered ? | prod started ? | size: small | src: DOGAMI MILO-4 ID_09158</description><styleUrl>#milo_gold</styleUrl><Point><coordinates>-123.274569,42.691829,0</coordinates></Point></Placemark><Placemark><name>Spotted Fawn</name><description>MILO gold | gold, silver, copper | lode | discovered ? | prod started ? | size: n/a | src: DOGAMI MILO-4 ID_09159</description><styleUrl>#milo_gold</styleUrl><Point><coordinates>-123.273725,42.689645,0</coordinates></Point></Placemark><Placemark><name>Dorothea</name><description>MILO gold | gold, silver | lode | discovered ? | prod started ? | size: small | src: DOGAMI MILO-4 ID_09160</description><styleUrl>#milo_gold</styleUrl><Point><coordinates>-123.285472,42.683895,0</coordinates></Point></Placemark><Placemark><name>Fandora Mine</name><description>MILO gold | gold | lode | discovered ? | prod started ? | size: n/a | src: DOGAMI MILO-4 ID_09161</description><styleUrl>#milo_gold</styleUrl><Point><coordinates>-123.278712,42.683638,0</coordinates></Point></Placemark><Placemark><name>Gold Coin</name><description>MILO gold | gold | unknown | discovered ? | prod started ? | size: n/a | src: DOGAMI MILO-4 ID_09164</description><styleUrl>#milo_gold</styleUrl><Point><coordinates>-123.288418,42.683752,0</coordinates></Point></Placemark><Placemark><name>Jantzen</name><description>MILO gold | gold, chromium | lode | discovered ? | prod started ? | size: n/a | src: DOGAMI MILO-4 ID_09166</description><styleUrl>#milo_gold</styleUrl><Point><coordinates>-123.263683,42.683461,0</coordinates></Point></Placemark><Placemark><name>Windy Gap Mine</name><description>MILO gold | gold | lode | discovered ? | prod started ? | size: n/a | src: DOGAMI MILO-4 ID_09203</description><styleUrl>#milo_gold</styleUrl><Point><coordinates>-123.603440,42.718516,0</coordinates></Point></Placemark><Placemark><name>unnamed or NA</name><description>MILO gold | gold | lode | discovered ? | prod started ? | size: n/a | src: DOGAMI MILO-4 ID_18260</description><styleUrl>#milo_gold</styleUrl><Point><coordinates>-123.576636,42.898628,0</coordinates></Point></Placemark><Placemark><name>prospect</name><description>MILO gold | gold, copper, silver | unknown | discovered ? | prod started ? | size: n/a | src: DOGAMI MILO-4 ID_18297</description><styleUrl>#milo_gold</styleUrl><Point><coordinates>-123.315522,42.916864,0</coordinates></Point></Placemark><Placemark><name>prospect</name><description>MILO gold | gold, copper, silver | unknown | discovered ? | prod started ? | size: n/a | src: DOGAMI MILO-4 ID_18298</description><styleUrl>#milo_gold</styleUrl><Point><coordinates>-123.308930,42.915436,0</coordinates></Point></Placemark><Placemark><name>unnamed or NA</name><description>MILO gold | gold | lode | discovered ? | prod started ? | size: n/a | src: DOGAMI MILO-4 ID_18300</description><styleUrl>#milo_gold</styleUrl><Point><coordinates>-123.318078,42.905259,0</coordinates></Point></Placemark><Placemark><name>unnamed or NA</name><description>MILO gold | gold | lode | discovered ? | prod started ? | size: n/a | src: DOGAMI MILO-4 ID_18301</description><styleUrl>#milo_gold</styleUrl><Point><coordinates>-123.321198,42.903726,0</coordinates></Point></Placemark><Placemark><name>unnamed or NA</name><description>MILO gold | gold | lode | discovered ? | prod started ? | size: n/a | src: DOGAMI MILO-4 ID_18302</description><styleUrl>#milo_gold</styleUrl><Point><coordinates>-123.316507,42.907846,0</coordinates></Point></Placemark><Placemark><name>Huckleberry Mine</name><description>MILO gold | gold, silver | lode | discovered ? | prod started ? | size: small | src: DOGAMI MILO-4 ID_18303</description><styleUrl>#milo_gold</styleUrl><Point><coordinates>-123.335817,42.890659,0</coordinates></Point></Placemark><Placemark><name>prospect</name><description>MILO gold | gold, silver | unknown | discovered ? | prod started ? | size: n/a | src: DOGAMI MILO-4 ID_18304</description><styleUrl>#milo_gold</styleUrl><Point><coordinates>-123.335454,42.894749,0</coordinates></Point></Placemark><Placemark><name>unnamed or NA</name><description>MILO gold | gold, chromium | placer | discovered ? | prod started ? | size: n/a | src: DOGAMI MILO-4 ID_18345</description><styleUrl>#milo_gold</styleUrl><Point><coordinates>-123.532337,42.749979,0</coordinates></Point></Placemark><Placemark><name>open pit mine</name><description>MILO gold | gold, chromium | placer | discovered ? | prod started ? | size: n/a | src: DOGAMI MILO-4 ID_18346</description><styleUrl>#milo_gold</styleUrl><Point><coordinates>-123.527915,42.750036,0</coordinates></Point></Placemark><Placemark><name>prospect</name><description>MILO gold | gold | unknown | discovered ? | prod started ? | size: n/a | src: DOGAMI MILO-4 ID_18347</description><styleUrl>#milo_gold</styleUrl><Point><coordinates>-123.550471,42.772263,0</coordinates></Point></Placemark><Placemark><name>prospect</name><description>MILO gold | gold, copper, silver, barium | unknown | discovered ? | prod started ? | size: n/a | src: DOGAMI MILO-4 ID_18350</description><styleUrl>#milo_gold</styleUrl><Point><coordinates>-123.384626,42.862542,0</coordinates></Point></Placemark><Placemark><name>prospect</name><description>MILO gold | gold, copper, silver, barium | unknown | discovered ? | prod started ? | size: n/a | src: DOGAMI MILO-4 ID_18351</description><styleUrl>#milo_gold</styleUrl><Point><coordinates>-123.384201,42.862257,0</coordinates></Point></Placemark><Placemark><name>prospect</name><description>MILO gold | gold, copper, silver, barium | unknown | discovered ? | prod started ? | size: n/a | src: DOGAMI MILO-4 ID_18352</description><styleUrl>#milo_gold</styleUrl><Point><coordinates>-123.393198,42.844946,0</coordinates></Point></Placemark><Placemark><name>Curtis</name><description>MILO gold | gold | lode | discovered ? | prod started ? | size: n/a | src: DOGAMI MILO-4 ID_18398</description><styleUrl>#milo_gold</styleUrl><Point><coordinates>-123.200771,42.732947,0</coordinates></Point></Placemark><Placemark><name>Forget-Me-Not</name><description>MILO gold | gold, silver, copper | lode | discovered ? | prod started ? | size: small | src: DOGAMI MILO-4 ID_18399</description><styleUrl>#milo_gold</styleUrl><Point><coordinates>-123.235749,42.719327,0</coordinates></Point></Placemark><Placemark><name>mine</name><description>MILO gold | gold, silver, arsenic | lode | discovered ? | prod started ? | size: n/a | src: DOGAMI MILO-4 ID_18400</description><styleUrl>#milo_gold</styleUrl><Point><coordinates>-123.210810,42.711885,0</coordinates></Point></Placemark><Placemark><name>Mountain View</name><description>MILO gold | gold, copper | lode | discovered ? | prod started ? | size: n/a | src: DOGAMI MILO-4 ID_19045</description><styleUrl>#milo_gold</styleUrl><Point><coordinates>-123.203907,42.695917,0</coordinates></Point></Placemark><Placemark><name>Mountain View</name><description>MILO gold | gold, copper | lode | discovered ? | prod started ? | size: n/a | src: DOGAMI MILO-4 ID_19046</description><styleUrl>#milo_gold</styleUrl><Point><coordinates>-123.204883,42.696215,0</coordinates></Point></Placemark><Placemark><name>Mountain View</name><description>MILO gold | gold, copper | lode | discovered ? | prod started ? | size: n/a | src: DOGAMI MILO-4 ID_19047</description><styleUrl>#milo_gold</styleUrl><Point><coordinates>-123.204680,42.696410,0</coordinates></Point></Placemark><Placemark><name>Mountain View</name><description>MILO gold | gold, copper | lode | discovered ? | prod started ? | size: n/a | src: DOGAMI MILO-4 ID_19048</description><styleUrl>#milo_gold</styleUrl><Point><coordinates>-123.204263,42.696468,0</coordinates></Point></Placemark><Placemark><name>Mountain View</name><description>MILO gold | gold, copper | lode | discovered ? | prod started ? | size: n/a | src: DOGAMI MILO-4 ID_19049</description><styleUrl>#milo_gold</styleUrl><Point><coordinates>-123.203807,42.696506,0</coordinates></Point></Placemark><Placemark><name>Mountain View</name><description>MILO gold | gold, copper | lode | discovered ? | prod started ? | size: n/a | src: DOGAMI MILO-4 ID_19050</description><styleUrl>#milo_gold</styleUrl><Point><coordinates>-123.205376,42.695952,0</coordinates></Point></Placemark><Placemark><name>Mountain View</name><description>MILO gold | gold, copper | lode | discovered ? | prod started ? | size: n/a | src: DOGAMI MILO-4 ID_19051</description><styleUrl>#milo_gold</styleUrl><Point><coordinates>-123.211152,42.694931,0</coordinates></Point></Placemark><Placemark><name>Warner</name><description>MILO gold | gold, silver, copper, arsenic, zinc | lode | discovered ? | prod started ? | size: n/a | src: DOGAMI MILO-4 ID_19306</description><styleUrl>#milo_gold</styleUrl><Point><coordinates>-123.174847,42.736106,0</coordinates></Point></Placemark><Placemark><name>Little Arctic</name><description>MILO gold | gold, silver, arsenic | lode | discovered ? | prod started ? | size: n/a | src: DOGAMI MILO-4 ID_19309</description><styleUrl>#milo_gold</styleUrl><Point><coordinates>-123.201748,42.712579,0</coordinates></Point></Placemark><Placemark><name>Baker Mine</name><description>MILO gold | gold | lode | discovered ? | prod started ? | size: n/a | src: DOGAMI MILO-4 ID_19363</description><styleUrl>#milo_gold</styleUrl><Point><coordinates>-123.577088,42.713926,0</coordinates></Point></Placemark><Placemark><name>mine</name><description>MILO gold | gold | lode | discovered ? | prod started ? | size: n/a | src: DOGAMI MILO-4 ID_19364</description><styleUrl>#milo_gold</styleUrl><Point><coordinates>-123.608086,42.698345,0</coordinates></Point></Placemark><Placemark><name>prospect</name><description>MILO gold | gold | unknown | discovered ? | prod started ? | size: n/a | src: DOGAMI MILO-4 ID_19365</description><styleUrl>#milo_gold</styleUrl><Point><coordinates>-123.612112,42.698732,0</coordinates></Point></Placemark><Placemark><name>mine</name><description>MILO gold | gold, silver, copper, zinc, molybdenum | lode | discovered ? | prod started ? | size: n/a | src: DOGAMI MILO-4 ID_19366</description><styleUrl>#milo_gold</styleUrl><Point><coordinates>-123.623586,42.682358,0</coordinates></Point></Placemark><Placemark><name>prospect</name><description>MILO gold | gold, copper | unknown | discovered ? | prod started ? | size: n/a | src: DOGAMI MILO-4 ID_19367</description><styleUrl>#milo_gold</styleUrl><Point><coordinates>-123.610381,42.681003,0</coordinates></Point></Placemark><Placemark><name>Silent Friend Mine</name><description>MILO gold | gold, silver, copper, arsenic | lode | discovered ? | prod started ? | size: n/a | src: DOGAMI MILO-4 ID_19375</description><styleUrl>#milo_gold</styleUrl><Point><coordinates>-123.278505,42.699472,0</coordinates></Point></Placemark><Placemark><name>unnamed or NA</name><description>MILO gold | gold, silver, copper | lode | discovered ? | prod started ? | size: n/a | src: DOGAMI MILO-4 ID_19376</description><styleUrl>#milo_gold</styleUrl><Point><coordinates>-123.272624,42.690415,0</coordinates></Point></Placemark><Placemark><name>prospect</name><description>MILO gold | gold, silver, copper | lode | discovered ? | prod started ? | size: n/a | src: DOGAMI MILO-4 ID_19377</description><styleUrl>#milo_gold</styleUrl><Point><coordinates>-123.270528,42.690339,0</coordinates></Point></Placemark><Placemark><name>Cougar Mine</name><description>MILO gold | gold | lode | discovered ? | prod started ? | size: small | src: DOGAMI MILO-4 ID_19378</description><styleUrl>#milo_gold</styleUrl><Point><coordinates>-123.274255,42.692225,0</coordinates></Point></Placemark><Placemark><name>Anaconda</name><description>MILO gold | gold | unknown | discovered ? | prod started ? | size: n/a | src: DOGAMI MILO-4 ID_19379</description><styleUrl>#milo_gold</styleUrl><Point><coordinates>-123.314565,42.680795,0</coordinates></Point></Placemark><Placemark><name>unnamed or NA</name><description>MILO gold | gold, silver, copper, zinc, molybdenum | lode | discovered ? | prod started ? | size: n/a | src: DOGAMI MILO-4 ID_19841</description><styleUrl>#milo_gold</styleUrl><Point><coordinates>-123.629273,42.682013,0</coordinates></Point></Placemark><Placemark><name>unnamed or NA</name><description>MILO gold | gold, silver, copper, zinc, molybdenum | lode | discovered ? | prod started ? | size: n/a | src: DOGAMI MILO-4 ID_19842</description><styleUrl>#milo_gold</styleUrl><Point><coordinates>-123.629148,42.681881,0</coordinates></Point></Placemark><Placemark><name>prospect</name><description>MILO gold | gold | lode | discovered ? | prod started ? | size: small | src: DOGAMI MILO-4 ID_19845</description><styleUrl>#milo_gold</styleUrl><Point><coordinates>-123.606499,42.690901,0</coordinates></Point></Placemark><Placemark><name>prospect</name><description>MILO gold | gold, copper | unknown | discovered ? | prod started ? | size: n/a | src: DOGAMI MILO-4 ID_19848</description><styleUrl>#milo_gold</styleUrl><Point><coordinates>-123.610304,42.680851,0</coordinates></Point></Placemark><Placemark><name>gold mine</name><description>MILO gold | gold | unknown | discovered ? | prod started ? | size: n/a | src: DOGAMI MILO-4 ID_19860</description><styleUrl>#milo_gold</styleUrl><Point><coordinates>-123.270178,42.697210,0</coordinates></Point></Placemark><Placemark><name>unnamed or NA</name><description>MILO gold | gold, silver, copper | lode | discovered ? | prod started ? | size: n/a | src: DOGAMI MILO-4 ID_19862</description><styleUrl>#milo_gold</styleUrl><Point><coordinates>-123.273715,42.693766,0</coordinates></Point></Placemark><Placemark><name>unnamed or NA</name><description>MILO gold | gold, silver, copper | lode | discovered ? | prod started ? | size: n/a | src: DOGAMI MILO-4 ID_19863</description><styleUrl>#milo_gold</styleUrl><Point><coordinates>-123.273939,42.693838,0</coordinates></Point></Placemark><Placemark><name>unnamed or NA</name><description>MILO gold | gold, silver, copper | lode | discovered ? | prod started ? | size: n/a | src: DOGAMI MILO-4 ID_19864</description><styleUrl>#milo_gold</styleUrl><Point><coordinates>-123.273840,42.694040,0</coordinates></Point></Placemark><Placemark><name>unnamed or NA</name><description>MILO gold | gold, silver, copper | lode | discovered ? | prod started ? | size: n/a | src: DOGAMI MILO-4 ID_19865</description><styleUrl>#milo_gold</styleUrl><Point><coordinates>-123.273693,42.694645,0</coordinates></Point></Placemark><Placemark><name>Gilliam Placer</name><description>MILO gold | gold | placer | discovered ? | prod started ? | size: n/a | src: DOGAMI MILO-4 ID_19868</description><styleUrl>#milo_gold</styleUrl><Point><coordinates>-123.341789,42.715446,0</coordinates></Point></Placemark><Placemark><name>Gilbert Eri prospect</name><description>MILO gold | gold | placer (heuristic: surface workings) | discovered ? | prod started ? | size: Small | src: DOGAMI MILO-4 ID_19869</description><styleUrl>#milo_gold</styleUrl><Point><coordinates>-123.257577,42.716239,0</coordinates></Point></Placemark><Placemark><name>mine</name><description>MILO gold | gold, silver, copper | lode | discovered ? | prod started ? | size: n/a | src: DOGAMI MILO-4 ID_21209</description><styleUrl>#milo_gold</styleUrl><Point><coordinates>-123.286774,42.686249,0</coordinates></Point></Placemark><Placemark><name>unnamed or NA</name><description>MILO gold | gold, silver, copper, zinc, molybdenum | lode | discovered ? | prod started ? | size: n/a | src: DOGAMI MILO-4 ID_21244</description><styleUrl>#milo_gold</styleUrl><Point><coordinates>-123.623478,42.683027,0</coordinates></Point></Placemark><Placemark><name>prospect</name><description>MILO gold | gold, silver, copper | lode | discovered ? | prod started ? | size: n/a | src: DOGAMI MILO-4 ID_22392</description><styleUrl>#milo_gold</styleUrl><Point><coordinates>-123.283878,42.704967,0</coordinates></Point></Placemark><Placemark><name>prospect</name><description>MILO gold | gold | unknown | discovered ? | prod started ? | size: n/a | src: DOGAMI MILO-4 ID_22394</description><styleUrl>#milo_gold</styleUrl><Point><coordinates>-123.173256,42.740948,0</coordinates></Point></Placemark><Placemark><name>prospect</name><description>MILO gold | gold | unknown | discovered ? | prod started ? | size: n/a | src: DOGAMI MILO-4 ID_22397</description><styleUrl>#milo_gold</styleUrl><Point><coordinates>-123.228219,42.758503,0</coordinates></Point></Placemark><Placemark><name>mine</name><description>MILO gold | gold | unknown | discovered ? | prod started ? | size: n/a | src: DOGAMI MILO-4 ID_22398</description><styleUrl>#milo_gold</styleUrl><Point><coordinates>-123.157469,42.782726,0</coordinates></Point></Placemark><Placemark><name>prospect</name><description>MILO gold | gold, copper, silver, barium | lode | discovered ? | prod started ? | size: n/a | src: DOGAMI MILO-4 ID_23047</description><styleUrl>#milo_gold</styleUrl><Point><coordinates>-123.392215,42.858271,0</coordinates></Point></Placemark><Placemark><name>Middle Creek</name><description>MILO gold | gold, copper, silver, barium | lode | discovered ? | prod started ? | size: n/a | src: DOGAMI MILO-4 ID_23048</description><styleUrl>#milo_gold</styleUrl><Point><coordinates>-123.393287,42.857333,0</coordinates></Point></Placemark><Placemark><name>prospect</name><description>MILO gold | gold, copper, silver, barium | lode | discovered ? | prod started ? | size: n/a | src: DOGAMI MILO-4 ID_23049</description><styleUrl>#milo_gold</styleUrl><Point><coordinates>-123.395117,42.858388,0</coordinates></Point></Placemark><Placemark><name>prospect</name><description>MILO gold | gold, copper, silver, barium | lode | discovered ? | prod started ? | size: n/a | src: DOGAMI MILO-4 ID_23050</description><styleUrl>#milo_gold</styleUrl><Point><coordinates>-123.395353,42.858261,0</coordinates></Point></Placemark><Placemark><name>prospect</name><description>MILO gold | gold, copper, silver, barium | lode | discovered ? | prod started ? | size: n/a | src: DOGAMI MILO-4 ID_23051</description><styleUrl>#milo_gold</styleUrl><Point><coordinates>-123.395347,42.858132,0</coordinates></Point></Placemark><Placemark><name>prospect</name><description>MILO gold | gold, copper, silver, barium | lode | discovered ? | prod started ? | size: n/a | src: DOGAMI MILO-4 ID_23052</description><styleUrl>#milo_gold</styleUrl><Point><coordinates>-123.392865,42.858247,0</coordinates></Point></Placemark><Placemark><name>prospect</name><description>MILO gold | gold, copper, silver, barium | lode | discovered ? | prod started ? | size: n/a | src: DOGAMI MILO-4 ID_23053</description><styleUrl>#milo_gold</styleUrl><Point><coordinates>-123.394454,42.856325,0</coordinates></Point></Placemark><Placemark><name>prospect</name><description>MILO gold | gold, copper, silver, barium | lode | discovered ? | prod started ? | size: n/a | src: DOGAMI MILO-4 ID_23054</description><styleUrl>#milo_gold</styleUrl><Point><coordinates>-123.394676,42.856298,0</coordinates></Point></Placemark><Placemark><name>prospect</name><description>MILO gold | gold, copper, silver, barium | lode | discovered ? | prod started ? | size: n/a | src: DOGAMI MILO-4 ID_23055</description><styleUrl>#milo_gold</styleUrl><Point><coordinates>-123.394812,42.856294,0</coordinates></Point></Placemark><Placemark><name>prospect</name><description>MILO gold | gold, copper, silver, barium | lode | discovered ? | prod started ? | size: n/a | src: DOGAMI MILO-4 ID_23056</description><styleUrl>#milo_gold</styleUrl><Point><coordinates>-123.389682,42.857936,0</coordinates></Point></Placemark><Placemark><name>prospect</name><description>MILO gold | gold, copper, silver, barium | lode | discovered ? | prod started ? | size: n/a | src: DOGAMI MILO-4 ID_23057</description><styleUrl>#milo_gold</styleUrl><Point><coordinates>-123.389775,42.857833,0</coordinates></Point></Placemark><Placemark><name>prospect</name><description>MILO gold | gold, copper, silver, barium | lode | discovered ? | prod started ? | size: n/a | src: DOGAMI MILO-4 ID_23058</description><styleUrl>#milo_gold</styleUrl><Point><coordinates>-123.389838,42.857739,0</coordinates></Point></Placemark><Placemark><name>prospect</name><description>MILO gold | gold, copper, silver, barium | lode | discovered ? | prod started ? | size: n/a | src: DOGAMI MILO-4 ID_23059</description><styleUrl>#milo_gold</styleUrl><Point><coordinates>-123.390330,42.860507,0</coordinates></Point></Placemark><Placemark><name>prospect</name><description>MILO gold | gold, copper, silver, barium | lode | discovered ? | prod started ? | size: n/a | src: DOGAMI MILO-4 ID_23060</description><styleUrl>#milo_gold</styleUrl><Point><coordinates>-123.388840,42.861039,0</coordinates></Point></Placemark><Placemark><name>prospect</name><description>MILO gold | gold, copper, silver, barium | lode | discovered ? | prod started ? | size: n/a | src: DOGAMI MILO-4 ID_23061</description><styleUrl>#milo_gold</styleUrl><Point><coordinates>-123.388904,42.861173,0</coordinates></Point></Placemark><Placemark><name>prospect</name><description>MILO gold | gold, copper, silver, barium | lode | discovered ? | prod started ? | size: n/a | src: DOGAMI MILO-4 ID_23062</description><styleUrl>#milo_gold</styleUrl><Point><coordinates>-123.392262,42.857433,0</coordinates></Point></Placemark><Placemark><name>prospect</name><description>MILO gold | gold, copper, silver, barium | unknown | discovered ? | prod started ? | size: n/a | src: DOGAMI MILO-4 ID_23063</description><styleUrl>#milo_gold</styleUrl><Point><coordinates>-123.386800,42.861747,0</coordinates></Point></Placemark><Placemark><name>prospect</name><description>MILO gold | gold, copper, silver, barium | unknown | discovered ? | prod started ? | size: n/a | src: DOGAMI MILO-4 ID_23064</description><styleUrl>#milo_gold</styleUrl><Point><coordinates>-123.393773,42.844115,0</coordinates></Point></Placemark><Placemark><name>prospect</name><description>MILO gold | gold, copper, silver, barium | unknown | discovered ? | prod started ? | size: n/a | src: DOGAMI MILO-4 ID_23065</description><styleUrl>#milo_gold</styleUrl><Point><coordinates>-123.391819,42.846387,0</coordinates></Point></Placemark><Placemark><name>prospect</name><description>MILO gold | gold, copper | unknown | discovered ? | prod started ? | size: n/a | src: DOGAMI MILO-4 ID_23076</description><styleUrl>#milo_gold</styleUrl><Point><coordinates>-123.610240,42.680786,0</coordinates></Point></Placemark><Placemark><name>prospect</name><description>MILO gold | gold, copper | unknown | discovered ? | prod started ? | size: n/a | src: DOGAMI MILO-4 ID_23077</description><styleUrl>#milo_gold</styleUrl><Point><coordinates>-123.610184,42.680741,0</coordinates></Point></Placemark><Placemark><name>Lawrence Mine</name><description>MILO gold | gold | lode | discovered ? | prod started ? | size: n/a | src: DOGAMI MILO-4 ID_23098</description><styleUrl>#milo_gold</styleUrl><Point><coordinates>-123.580497,42.680949,0</coordinates></Point></Placemark><Placemark><name>unnamed or NA</name><description>MILO gold | gold | lode | discovered ? | prod started ? | size: n/a | src: DOGAMI MILO-4 ID_23316</description><styleUrl>#milo_gold</styleUrl><Point><coordinates>-123.313850,42.910050,0</coordinates></Point></Placemark><Placemark><name>unnamed or NA</name><description>MILO gold | gold | lode | discovered ? | prod started ? | size: n/a | src: DOGAMI MILO-4 ID_23317</description><styleUrl>#milo_gold</styleUrl><Point><coordinates>-123.307840,42.911503,0</coordinates></Point></Placemark><Placemark><name>Tuller Placer</name><description>MILO gold | gold, chromium | placer | discovered ? | prod started ? | size: n/a | src: DOGAMI MILO-4 ID_23328</description><styleUrl>#milo_gold</styleUrl><Point><coordinates>-123.532755,42.752259,0</coordinates></Point></Placemark><Placemark><name>Warner</name><description>MILO gold | gold, silver, copper, arsenic, zinc | lode | discovered ? | prod started ? | size: n/a | src: DOGAMI MILO-4 ID_23579</description><styleUrl>#milo_gold</styleUrl><Point><coordinates>-123.174200,42.735794,0</coordinates></Point></Placemark><Placemark><name>Bull Run Placers</name><description>MRDS gold occurrence | status: Past Producer | commodities: AU | src: https://mrdata.usgs.gov/mrds/show-mrds.php?dep_id=10176905</description><styleUrl>#site_other</styleUrl><Point><coordinates>-123.237850,42.756520,0</coordinates></Point></Placemark><Placemark><name>Unnamed Prospect</name><description>MRDS gold occurrence | status: Unknown | commodities: AU | src: https://mrdata.usgs.gov/mrds/show-mrds.php?dep_id=10201787</description><styleUrl>#site_other</styleUrl><Point><coordinates>-123.439460,42.791720,0</coordinates></Point></Placemark><Placemark><name>Whitehouse Placer</name><description>MRDS gold occurrence | status: Past Producer | commodities: AU | src: https://mrdata.usgs.gov/mrds/show-mrds.php?dep_id=10249604</description><styleUrl>#site_other</styleUrl><Point><coordinates>-123.165850,42.797020,0</coordinates></Point></Placemark><Placemark><name>Unnamed Prospect</name><description>MRDS gold occurrence | status: Unknown | commodities: AU | src: https://mrdata.usgs.gov/mrds/show-mrds.php?dep_id=10298456</description><styleUrl>#site_other</styleUrl><Point><coordinates>-123.439460,42.795620,0</coordinates></Point></Placemark><Placemark><name>Lazy Man Mine</name><description>MRDS gold occurrence | status: Prospect | commodities: AU | src: https://mrdata.usgs.gov/mrds/show-mrds.php?dep_id=10152970</description><styleUrl>#site_other</styleUrl><Point><coordinates>-123.267250,42.697320,0</coordinates></Point></Placemark><Placemark><name>Forsythe Placer</name><description>MRDS gold occurrence | status: Past Producer | commodities: AU | src: https://mrdata.usgs.gov/mrds/show-mrds.php?dep_id=10225226</description><styleUrl>#site_other</styleUrl><Point><coordinates>-123.363360,42.684820,0</coordinates></Point></Placemark><Placemark><name>Unnamed Prospect</name><description>MRDS gold occurrence | status: Prospect | commodities: AU | src: https://mrdata.usgs.gov/mrds/show-mrds.php?dep_id=10274511</description><styleUrl>#site_other</styleUrl><Point><coordinates>-123.558060,42.774220,0</coordinates></Point></Placemark><Placemark><name>Hackler &amp; Heights Placer</name><description>MRDS gold occurrence | status: Past Producer | commodities: AU | src: https://mrdata.usgs.gov/mrds/show-mrds.php?dep_id=10052845</description><styleUrl>#site_other</styleUrl><Point><coordinates>-123.443100,42.913430,0</coordinates></Point></Placemark><Placemark><name>Hackler Height Placer</name><description>MRDS gold occurrence | status: Past Producer | commodities: AU | src: https://mrdata.usgs.gov/mrds/show-mrds.php?dep_id=10249873</description><styleUrl>#site_other</styleUrl><Point><coordinates>-123.443060,42.913420,0</coordinates></Point></Placemark><Placemark><name>Tennessee Bar</name><description>MRDS gold occurrence | status: Past Producer | commodities: AU | src: https://mrdata.usgs.gov/mrds/show-mrds.php?dep_id=10053323</description><styleUrl>#site_other</styleUrl><Point><coordinates>-123.569770,42.683430,0</coordinates></Point></Placemark><Placemark><name>Victor Mine</name><description>MRDS gold occurrence | status: Unknown | commodities: AU | src: https://mrdata.usgs.gov/mrds/show-mrds.php?dep_id=10128377</description><styleUrl>#site_other</styleUrl><Point><coordinates>-123.325350,42.686220,0</coordinates></Point></Placemark><Placemark><name>Curtis</name><description>MRDS gold occurrence | status: Occurrence | commodities: AU | src: https://mrdata.usgs.gov/mrds/show-mrds.php?dep_id=10042939</description><styleUrl>#site_other</styleUrl><Point><coordinates>-123.204760,42.728990,0</coordinates></Point></Placemark><Placemark><name>Miser Mine</name><description>MRDS gold occurrence | status: Prospect | commodities: AU | src: https://mrdata.usgs.gov/mrds/show-mrds.php?dep_id=10152562</description><styleUrl>#site_other</styleUrl><Point><coordinates>-123.200350,42.764020,0</coordinates></Point></Placemark><Placemark><name>Gold Coin Mine</name><description>MRDS gold occurrence | status: Unknown | commodities: AU | src: https://mrdata.usgs.gov/mrds/show-mrds.php?dep_id=10153021</description><styleUrl>#site_other</styleUrl><Point><coordinates>-123.288350,42.682920,0</coordinates></Point></Placemark><Placemark><name>Mildred Mine</name><description>MRDS gold occurrence | status: Past Producer | commodities: AU | src: https://mrdata.usgs.gov/mrds/show-mrds.php?dep_id=10249636</description><styleUrl>#site_other</styleUrl><Point><coordinates>-123.188350,42.752920,0</coordinates></Point></Placemark><Placemark><name>Hogum Hydraulic Mine</name><description>MRDS gold occurrence | status: Past Producer | commodities: AU | src: https://mrdata.usgs.gov/mrds/show-mrds.php?dep_id=10256694</description><styleUrl>#site_other</styleUrl><Point><coordinates>-123.185550,42.770120,0</coordinates></Point></Placemark><Placemark><name>Unnamed Prospect</name><description>MRDS gold occurrence | status: Prospect | commodities: AU | src: https://mrdata.usgs.gov/mrds/show-mrds.php?dep_id=10152549</description><styleUrl>#site_other</styleUrl><Point><coordinates>-123.679460,42.689020,0</coordinates></Point></Placemark><Placemark><name>Willis Mine</name><description>MRDS gold occurrence | status: Prospect | commodities: AU | src: https://mrdata.usgs.gov/mrds/show-mrds.php?dep_id=10177124</description><styleUrl>#site_other</styleUrl><Point><coordinates>-123.424460,42.724820,0</coordinates></Point></Placemark><Placemark><name>Douglas Mine</name><description>MRDS gold occurrence | status: Past Producer | commodities: AU | src: https://mrdata.usgs.gov/mrds/show-mrds.php?dep_id=10200643</description><styleUrl>#site_other</styleUrl><Point><coordinates>-123.521460,42.764520,0</coordinates></Point></Placemark><Placemark><name>Gold Mine</name><description>MRDS gold occurrence | status: Past Producer | commodities: AU | src: https://mrdata.usgs.gov/mrds/show-mrds.php?dep_id=10099114</description><styleUrl>#site_other</styleUrl><Point><coordinates>-123.274210,42.696490,0</coordinates></Point></Placemark><Placemark><name>Douglas</name><description>MRDS gold occurrence | status: Producer | commodities: AU | src: https://mrdata.usgs.gov/mrds/show-mrds.php?dep_id=10042958</description><styleUrl>#site_other</styleUrl><Point><coordinates>-123.517550,42.763990,0</coordinates></Point></Placemark><Placemark><name>Miller Mine</name><description>MRDS gold occurrence | status: Prospect | commodities: AU | src: https://mrdata.usgs.gov/mrds/show-mrds.php?dep_id=10225858</description><styleUrl>#site_other</styleUrl><Point><coordinates>-123.123350,42.883120,0</coordinates></Point></Placemark><Placemark><name>Unnamed Prospect</name><description>MRDS gold occurrence | status: Unknown | commodities: AU | src: https://mrdata.usgs.gov/mrds/show-mrds.php?dep_id=10128547</description><styleUrl>#site_other</styleUrl><Point><coordinates>-123.348950,42.681720,0</coordinates></Point></Placemark><Placemark><name>Aman Ranch</name><description>MRDS gold occurrence | status: Past Producer | commodities: AU | src: https://mrdata.usgs.gov/mrds/show-mrds.php?dep_id=10128697</description><styleUrl>#site_other</styleUrl><Point><coordinates>-123.383960,42.686220,0</coordinates></Point></Placemark><Placemark><name>Unnamed Prospect</name><description>MRDS gold occurrence | status: Unknown | commodities: AU | src: https://mrdata.usgs.gov/mrds/show-mrds.php?dep_id=10298396</description><styleUrl>#site_other</styleUrl><Point><coordinates>-123.361960,42.682920,0</coordinates></Point></Placemark><Placemark><name>Payne Placer</name><description>MRDS gold occurrence | status: Occurrence | commodities: AU | src: https://mrdata.usgs.gov/mrds/show-mrds.php?dep_id=10032166</description><styleUrl>#site_other</styleUrl><Point><coordinates>-123.351980,42.683150,0</coordinates></Point></Placemark><Placemark><name>Wolf Creek Logging and Mining Company</name><description>MRDS gold occurrence | status: Occurrence | commodities: AU | src: https://mrdata.usgs.gov/mrds/show-mrds.php?dep_id=10032175</description><styleUrl>#site_other</styleUrl><Point><coordinates>-123.288090,42.717040,0</coordinates></Point></Placemark><Placemark><name>Mctimmons Placer</name><description>MRDS gold occurrence | status: Prospect | commodities: AU | src: https://mrdata.usgs.gov/mrds/show-mrds.php?dep_id=10128563</description><styleUrl>#site_other</styleUrl><Point><coordinates>-123.212850,42.690920,0</coordinates></Point></Placemark><Placemark><name>Puzzler Mine</name><description>MRDS gold occurrence | status: Past Producer | commodities: AU | src: https://mrdata.usgs.gov/mrds/show-mrds.php?dep_id=10177118</description><styleUrl>#site_other</styleUrl><Point><coordinates>-123.167550,42.746220,0</coordinates></Point></Placemark><Placemark><name>Indiana Placer</name><description>MRDS gold occurrence | status: Occurrence | commodities: AU | src: https://mrdata.usgs.gov/mrds/show-mrds.php?dep_id=10177269</description><styleUrl>#site_other</styleUrl><Point><coordinates>-123.244450,42.756520,0</coordinates></Point></Placemark><Placemark><name>Last Chance Group</name><description>MRDS gold occurrence | status: Past Producer | commodities: AU | src: https://mrdata.usgs.gov/mrds/show-mrds.php?dep_id=10225502</description><styleUrl>#site_other</styleUrl><Point><coordinates>-123.160350,42.708420,0</coordinates></Point></Placemark><Placemark><name>Tennessee Bulch</name><description>MRDS gold occurrence | status: Prospect | commodities: AU | src: https://mrdata.usgs.gov/mrds/show-mrds.php?dep_id=10250112</description><styleUrl>#site_other</styleUrl><Point><coordinates>-123.263050,42.734820,0</coordinates></Point></Placemark><Placemark><name>Unnamed Prospect</name><description>MRDS gold occurrence | status: Occurrence | commodities: AU | src: https://mrdata.usgs.gov/mrds/show-mrds.php?dep_id=10273878</description><styleUrl>#site_other</styleUrl><Point><coordinates>-123.174450,42.682320,0</coordinates></Point></Placemark><Placemark><name>Unnamed Prospect</name><description>MRDS gold occurrence | status: Occurrence | commodities: AU | src: https://mrdata.usgs.gov/mrds/show-mrds.php?dep_id=10274116</description><styleUrl>#site_other</styleUrl><Point><coordinates>-123.155550,42.711520,0</coordinates></Point></Placemark><Placemark><name>Wolf Creek Logging and Mining Co.</name><description>MRDS gold occurrence | status: Unknown | commodities: AU | src: https://mrdata.usgs.gov/mrds/show-mrds.php?dep_id=10274626</description><styleUrl>#site_other</styleUrl><Point><coordinates>-123.288050,42.717020,0</coordinates></Point></Placemark><Placemark><name>Unnamed Prospect</name><description>MRDS gold occurrence | status: Unknown | commodities: AU | src: https://mrdata.usgs.gov/mrds/show-mrds.php?dep_id=10298183</description><styleUrl>#site_other</styleUrl><Point><coordinates>-123.274250,42.696520,0</coordinates></Point></Placemark><Placemark><name>Quartzmill Mine</name><description>MRDS gold occurrence | status: Past Producer | commodities: AU | src: https://mrdata.usgs.gov/mrds/show-mrds.php?dep_id=10298227</description><styleUrl>#site_other</styleUrl><Point><coordinates>-123.251750,42.734220,0</coordinates></Point></Placemark><Placemark><name>Unnamed Pit</name><description>MRDS gold occurrence | status: Occurrence | commodities: AU | src: https://mrdata.usgs.gov/mrds/show-mrds.php?dep_id=10298321</description><styleUrl>#site_other</styleUrl><Point><coordinates>-123.195050,42.758420,0</coordinates></Point></Placemark></Folder><Folder><name>Active mining claims (BLM MLRS)</name><Placemark><name>Windy Gap [APPROX quarter-section]</name><description>lode | serial OR105788577 | 20.66 ac | Filed | qtr-sec OR 33 0330S 0080W 012 A NWNW|OR 33 0330S 0080W 012 A NENW|OR 33 0330S 0080W 012 A SENW|OR 33 0330S 0080W 012 A SWNW|OR 33 0330S 0080W 012 A NW | recorded~2022 (DB date, not legal located date) | src: BLM MLRS Not Closed | APPROX (BLM quarter-se…</description><styleUrl>#active_claim</styleUrl><Polygon><outerBoundaryIs><LinearRing><coordinates>-123.592538,42.717322,0 -123.597462,42.717333,0 -123.602386,42.717344,0 -123.602386,42.720958,0 -123.602386,42.724571,0 -123.597457,42.724565,0 -123.592528,42.724559,0 -123.592533,42.720941,0 -123.592538,42.717322,0</coordinates></LinearRing></outerBoundaryIs></Polygon></Placemark><Placemark><name>The Vault [APPROX quarter-section]</name><description>lode | serial OR105795358 | 20.66 ac | Active | qtr-sec OR 33 0330S 0040W 005 A NE|OR 33 0330S 0040W 005 A SWNE|OR 33 0330S 0040W 005 A SENE|OR 33 0330S 0040W 005 A Government Lot 1|OR 33 0330S 0040W 005 A Government Lot 2 | recorded~2022 (DB date, not legal located date) | src: BLM MLRS Not Closed…</description><styleUrl>#active_claim</styleUrl><Polygon><outerBoundaryIs><LinearRing><coordinates>-123.204891,42.724367,0 -123.209348,42.724254,0 -123.209176,42.727822,0 -123.209003,42.731390,0 -123.208872,42.733217,0 -123.208740,42.735044,0 -123.208552,42.737679,0 -123.205650,42.737643,0 -123.204034,42.737623,0 -123.202657,42.737606,0 -123.200838,42.737621,0 -123.199518,42.737633,0 -123.196025,42.737664,0 -123.194999,42.737673,0 -123.193263,42.737688,0 -123.191213,42.737698,0 -123.190482,42.737702,0 -123.190475,42.735171,0 -123.190469,42.733030,0 -123.190470,42.731708,0 -123.190494,42.728104,0 -123.190518,42.724500,0 -123.195476,42.724490,0 -123.200433,42.724480,0 -123.202662,42.724423,0 -123.204891,42.724367,0</coordinates></LinearRing></outerBoundaryIs></Polygon></Placemark><Placemark><name>Oro Grande [APPROX quarter-section]</name><description>lode | serial OR105805591 | 20.66 ac | Active | qtr-sec OR 33 0350S 0050W 028 A SE|OR 33 0350S 0050W 028 A Remainder Aliquot Part NESESESE|OR 33 0350S 0050W 028 A NESE|OR 33 0350S 0050W 028 A NWSE|OR 33 0350S 0050W 028 A Remainder Aliquot Part NWSWSESE|OR 33 0350S 0050W 028 A Remainder Aliquot Part…</description><styleUrl>#active_claim</styleUrl><Polygon><outerBoundaryIs><LinearRing><coordinates>-123.309023,42.681134,0 -123.306768,42.681120,0 -123.304025,42.681102,0 -123.301551,42.681086,0 -123.299027,42.681067,0 -123.294109,42.681073,0 -123.291436,42.681083,0 -123.289178,42.681089,0 -123.289178,42.680254,0 -123.289177,42.680000,0 -123.309030,42.680000,0 -123.309023,42.681134,0</coordinates></LinearRing></outerBoundaryIs></Polygon></Placemark><Placemark><name>Trade Dollar [APPROX quarter-section]</name><description>lode | serial OR105820978 | 20.66 ac | Active | qtr-sec OR 33 0330S 0080W 023 A Remainder Aliquot Part SENENE|OR 33 0330S 0080W 023 A NWNE|OR 33 0330S 0080W 023 A Remainder Aliquot Part SESENE|OR 33 0330S 0080W 023 A Remainder Aliquot Part NWNENE|OR 33 0330S 0080W 023 A Remainder Aliquot Part SWNEN…</description><styleUrl>#active_claim</styleUrl><Polygon><outerBoundaryIs><LinearRing><coordinates>-123.602388,42.690182,0 -123.602387,42.688357,0 -123.604842,42.688353,0 -123.607297,42.688349,0 -123.612206,42.688341,0 -123.612205,42.691985,0 -123.612205,42.695630,0 -123.607297,42.695642,0 -123.604844,42.695649,0 -123.602390,42.695655,0 -123.602389,42.693831,0 -123.602389,42.692006,0 -123.602388,42.690182,0</coordinates></LinearRing></outerBoundaryIs></Polygon></Placemark><Placemark><name>Blalock [APPROX quarter-section]</name><description>lode | serial OR105832353 | 20.66 ac | Active | qtr-sec OR 33 0330S 0050W 021 A SW|OR 33 0330S 0050W 021 A NWSW|OR 33 0330S 0050W 021 A Government Lot 6|OR 33 0330S 0050W 021 A Government Lot 1|OR 33 0330S 0050W 021 A SW|OR 33 0330S 0050W 021 A SW|OR 33 0330S 0050W 021 A Government Lot 2|OR 33 0330…</description><styleUrl>#active_claim</styleUrl><Polygon><outerBoundaryIs><LinearRing><coordinates>-123.309022,42.684737,0 -123.309022,42.688341,0 -123.309036,42.691975,0 -123.309044,42.695609,0 -123.304103,42.695616,0 -123.299163,42.695624,0 -123.294142,42.695571,0 -123.289115,42.695519,0 -123.289128,42.692454,0 -123.289130,42.691908,0 -123.289136,42.690711,0 -123.289173,42.688298,0 -123.289176,42.684693,0 -123.289178,42.681089,0 -123.291436,42.681083,0 -123.294109,42.681073,0 -123.299027,42.681067,0 -123.301551,42.681086,0 -123.304025,42.681102,0 -123.306768,42.681120,0 -123.309023,42.681134,0 -123.309022,42.684737,0</coordinates></LinearRing></outerBoundaryIs></Polygon></Placemark><Placemark><name>CONTENTION [APPROX quarter-section]</name><description>lode | serial ORMC142433 | 20.66 ac | Active | qtr-sec OR 33 0310S 0050W 007 A SW | recorded~2021 (DB date, not legal located date) | src: BLM MLRS Not Closed | APPROX (BLM quarter-section)</description><styleUrl>#active_claim</styleUrl><Polygon><outerBoundaryIs><LinearRing><coordinates>-123.347663,42.884147,0 -123.347639,42.886710,0 -123.347631,42.887610,0 -123.347606,42.890332,0 -123.347593,42.891073,0 -123.342928,42.891052,0 -123.338225,42.891031,0 -123.338165,42.887450,0 -123.338106,42.883869,0 -123.343019,42.884012,0 -123.347663,42.884147,0</coordinates></LinearRing></outerBoundaryIs></Polygon></Placemark><Placemark><name>FORGET ME NOT #2 [APPROX quarter-section]</name><description>lode | serial ORMC15700 | 20.66 ac | Active | qtr-sec OR 33 0330S 0050W 012 A NE | recorded~2021 (DB date, not legal located date) | src: BLM MLRS Not Closed | APPROX (BLM quarter-section)</description><styleUrl>#active_claim</styleUrl><Polygon><outerBoundaryIs><LinearRing><coordinates>-123.238621,42.720736,0 -123.238358,42.724404,0 -123.233388,42.724353,0 -123.228419,42.724303,0 -123.228726,42.720718,0 -123.229034,42.717132,0 -123.233959,42.717100,0 -123.238883,42.717068,0 -123.238621,42.720736,0</coordinates></LinearRing></outerBoundaryIs></Polygon></Placemark><Placemark><name>OLYMPIA [APPROX quarter-section]</name><description>lode | serial ORMC157633 | 19.69 ac | Active | qtr-sec OR 33 0330S 0050W 014 A SW|OR 33 0330S 0050W 015 A SE|OR 33 0330S 0050W 022 A NE | recorded~2021 (DB date, not legal located date) | src: BLM MLRS Not Closed | APPROX (BLM quarter-section)</description><styleUrl>#active_claim</styleUrl><Polygon><outerBoundaryIs><LinearRing><coordinates>-123.279251,42.688317,0 -123.279255,42.691898,0 -123.279260,42.695479,0 -123.279234,42.699143,0 -123.279208,42.702807,0 -123.276735,42.702820,0 -123.274261,42.702833,0 -123.269315,42.702859,0 -123.264287,42.702750,0 -123.259259,42.702642,0 -123.259235,42.698953,0 -123.259210,42.695265,0 -123.264251,42.695423,0 -123.269292,42.695582,0 -123.269279,42.691959,0 -123.269270,42.689464,0 -123.269266,42.688335,0 -123.271030,42.688332,0 -123.274258,42.688326,0 -123.279251,42.688317,0</coordinates></LinearRing></outerBoundaryIs></Polygon></Placemark><Placemark><name>ROGUE GEM &amp; GEO #3 [APPROX quarter-section]</name><description>lode | serial ORMC160899 | 15.0 ac | Active | qtr-sec OR 33 0300S 0070W 034 A NW|OR 33 0300S 0070W 034 A NE|OR 33 0300S 0070W 034 A SW|OR 33 0300S 0070W 034 A SE | recorded~2021 (DB date, not legal located date) | src: BLM MLRS Not Closed | APPROX (BLM quarter-section)</description><styleUrl>#active_claim</styleUrl><Polygon><outerBoundaryIs><LinearRing><coordinates>-123.506662,42.917289,0 -123.506655,42.913611,0 -123.511589,42.913576,0 -123.516522,42.913540,0 -123.521471,42.913548,0 -123.523944,42.913554,0 -123.526419,42.913556,0 -123.526385,42.917166,0 -123.526377,42.918069,0 -123.526369,42.918971,0 -123.526360,42.919874,0 -123.526352,42.920776,0 -123.526232,42.924344,0 -123.526112,42.927913,0 -123.521358,42.927900,0 -123.516609,42.927891,0 -123.511708,42.927853,0 -123.506807,42.927816,0 -123.506773,42.926104,0 -123.506739,42.924393,0 -123.506668,42.920966,0 -123.506662,42.917289,0</coordinates></LinearRing></outerBoundaryIs></Polygon></Placemark><Placemark><name>DEWEY [APPROX quarter-section]</name><description>lode | serial ORMC161037 | 20.66 ac | Active | qtr-sec OR 33 0330S 0050W 022 A NE|OR 33 0330S 0050W 023 A NW | recorded~2021 (DB date, not legal located date) | src: BLM MLRS Not Closed | APPROX (BLM quarter-section)</description><styleUrl>#active_claim</styleUrl><Polygon><outerBoundaryIs><LinearRing><coordinates>-123.264251,42.695423,0 -123.259210,42.695265,0 -123.259187,42.691683,0 -123.259165,42.688101,0 -123.264215,42.688218,0 -123.268191,42.688310,0 -123.269266,42.688335,0 -123.271030,42.688332,0 -123.274258,42.688326,0 -123.279251,42.688317,0 -123.279255,42.691898,0 -123.279260,42.695479,0 -123.274276,42.695531,0 -123.269292,42.695582,0 -123.264251,42.695423,0</coordinates></LinearRing></outerBoundaryIs></Polygon></Placemark><Placemark><name>OREL [APPROX quarter-section]</name><description>lode | serial ORMC161038 | 20.66 ac | Active | qtr-sec OR 33 0330S 0050W 022 A NE|OR 33 0330S 0050W 023 A NW | recorded~2021 (DB date, not legal located date) | src: BLM MLRS Not Closed | APPROX (BLM quarter-section)</description><styleUrl>#active_claim</styleUrl><Polygon><outerBoundaryIs><LinearRing><coordinates>-123.264251,42.695423,0 -123.259210,42.695265,0 -123.259187,42.691683,0 -123.259165,42.688101,0 -123.264215,42.688218,0 -123.268191,42.688310,0 -123.269266,42.688335,0 -123.271030,42.688332,0 -123.274258,42.688326,0 -123.279251,42.688317,0 -123.279255,42.691898,0 -123.279260,42.695479,0 -123.274276,42.695531,0 -123.269292,42.695582,0 -123.264251,42.695423,0</coordinates></LinearRing></outerBoundaryIs></Polygon></Placemark><Placemark><name>SPOTTED FAWN [APPROX quarter-section]</name><description>lode | serial ORMC161039 | 20.66 ac | Active | qtr-sec OR 33 0330S 0050W 022 A NE | recorded~2021 (DB date, not legal located date) | src: BLM MLRS Not Closed | APPROX (BLM quarter-section)</description><styleUrl>#active_claim</styleUrl><Polygon><outerBoundaryIs><LinearRing><coordinates>-123.279251,42.688317,0 -123.279255,42.691898,0 -123.279260,42.695479,0 -123.274276,42.695531,0 -123.269292,42.695582,0 -123.269279,42.691959,0 -123.269270,42.689464,0 -123.269266,42.688335,0 -123.271030,42.688332,0 -123.274258,42.688326,0 -123.279251,42.688317,0</coordinates></LinearRing></outerBoundaryIs></Polygon></Placemark><Placemark><name>FRANDOR II [APPROX quarter-section]</name><description>lode | serial ORMC166409 | 20.66 ac | Active | qtr-sec OR 33 0330S 0050W 022 A SW | recorded~2021 (DB date, not legal located date) | src: BLM MLRS Not Closed | APPROX (BLM quarter-section)</description><styleUrl>#active_claim</styleUrl><Polygon><outerBoundaryIs><LinearRing><coordinates>-123.289176,42.684693,0 -123.289173,42.688298,0 -123.284212,42.688307,0 -123.279251,42.688317,0 -123.279246,42.684690,0 -123.279244,42.682876,0 -123.279241,42.681062,0 -123.281726,42.681069,0 -123.284210,42.681076,0 -123.289178,42.681089,0 -123.289176,42.684693,0</coordinates></LinearRing></outerBoundaryIs></Polygon></Placemark><Placemark><name>PYX [APPROX quarter-section]</name><description>lode | serial ORMC170835 | 20.66 ac | Active | qtr-sec OR 33 0330S 0080W 023 A SE|OR 33 0330S 0080W 026 A NE | recorded~2021 (DB date, not legal located date) | src: BLM MLRS Not Closed | APPROX (BLM quarter-section)</description><styleUrl>#active_claim</styleUrl><Polygon><outerBoundaryIs><LinearRing><coordinates>-123.612207,42.681067,0 -123.612207,42.684704,0 -123.612206,42.688341,0 -123.607297,42.688349,0 -123.604842,42.688353,0 -123.602387,42.688357,0 -123.602386,42.686533,0 -123.602386,42.684708,0 -123.602385,42.682884,0 -123.602384,42.681059,0 -123.602384,42.680000,0 -123.612208,42.680000,0 -123.612207,42.681067,0</coordinates></LinearRing></outerBoundaryIs></Polygon></Placemark><Placemark><name>CHEROKEE 7 [APPROX quarter-section]</name><description>lode | serial ORMC170909 | 20.66 ac | Active | qtr-sec OR 33 0310S 0050W 007 A SW | recorded~2021 (DB date, not legal located date) | src: BLM MLRS Not Closed | APPROX (BLM quarter-section)</description><styleUrl>#active_claim</styleUrl><Polygon><outerBoundaryIs><LinearRing><coordinates>-123.347663,42.884147,0 -123.347639,42.886710,0 -123.347631,42.887610,0 -123.347606,42.890332,0 -123.347593,42.891073,0 -123.342928,42.891052,0 -123.338225,42.891031,0 -123.338165,42.887450,0 -123.338106,42.883869,0 -123.343019,42.884012,0 -123.347663,42.884147,0</coordinates></LinearRing></outerBoundaryIs></Polygon></Placemark><Placemark><name>SR HUCKLEBERRY [APPROX quarter-section]</name><description>lode | serial ORMC171081 | 20.66 ac | Active | qtr-sec OR 33 0310S 0050W 007 A SE | recorded~2021 (DB date, not legal located date) | src: BLM MLRS Not Closed | APPROX (BLM quarter-section)</description><styleUrl>#active_claim</styleUrl><Polygon><outerBoundaryIs><LinearRing><coordinates>-123.338106,42.883869,0 -123.338165,42.887450,0 -123.338225,42.891031,0 -123.333479,42.891009,0 -123.328733,42.890987,0 -123.328492,42.887277,0 -123.328250,42.883567,0 -123.333178,42.883718,0 -123.338106,42.883869,0</coordinates></LinearRing></outerBoundaryIs></Polygon></Placemark><Placemark><name>COPPER KING [APPROX quarter-section]</name><description>lode | serial ORMC171712 | 20.66 ac | Active | qtr-sec OR 33 0330S 0040W 017 A SW | recorded~2021 (DB date, not legal located date) | src: BLM MLRS Not Closed | APPROX (BLM quarter-section)</description><styleUrl>#active_claim</styleUrl><Polygon><outerBoundaryIs><LinearRing><coordinates>-123.200501,42.695406,0 -123.205479,42.695362,0 -123.210457,42.695318,0 -123.210429,42.698954,0 -123.210415,42.700772,0 -123.210401,42.702590,0 -123.207919,42.702610,0 -123.205437,42.702630,0 -123.202954,42.702651,0 -123.200472,42.702671,0 -123.200479,42.700855,0 -123.200487,42.699039,0 -123.200501,42.695406,0</coordinates></LinearRing></outerBoundaryIs></Polygon></Placemark><Placemark><name>FRANDOR 1 [APPROX quarter-section]</name><description>lode | serial ORMC175110 | 20.66 ac | Active | qtr-sec OR 33 0330S 0050W 022 A SW | recorded~2021 (DB date, not legal located date) | src: BLM MLRS Not Closed | APPROX (BLM quarter-section)</description><styleUrl>#active_claim</styleUrl><Polygon><outerBoundaryIs><LinearRing><coordinates>-123.289176,42.684693,0 -123.289173,42.688298,0 -123.284212,42.688307,0 -123.279251,42.688317,0 -123.279246,42.684690,0 -123.279244,42.682876,0 -123.279241,42.681062,0 -123.281726,42.681069,0 -123.284210,42.681076,0 -123.289178,42.681089,0 -123.289176,42.684693,0</coordinates></LinearRing></outerBoundaryIs></Polygon></Placemark><Placemark><name>FRANDOR 3 [APPROX quarter-section]</name><description>lode | serial ORMC175111 | 20.66 ac | Active | qtr-sec OR 33 0330S 0050W 022 A SW | recorded~2021 (DB date, not legal located date) | src: BLM MLRS Not Closed | APPROX (BLM quarter-section)</description><styleUrl>#active_claim</styleUrl><Polygon><outerBoundaryIs><LinearRing><coordinates>-123.289176,42.684693,0 -123.289173,42.688298,0 -123.284212,42.688307,0 -123.279251,42.688317,0 -123.279246,42.684690,0 -123.279244,42.682876,0 -123.279241,42.681062,0 -123.281726,42.681069,0 -123.284210,42.681076,0 -123.289178,42.681089,0 -123.289176,42.684693,0</coordinates></LinearRing></outerBoundaryIs></Polygon></Placemark><Placemark><name>FRANDOR 4 [APPROX quarter-section]</name><description>lode | serial ORMC175112 | 20.66 ac | Active | qtr-sec OR 33 0330S 0050W 022 A SW | recorded~2021 (DB date, not legal located date) | src: BLM MLRS Not Closed | APPROX (BLM quarter-section)</description><styleUrl>#active_claim</styleUrl><Polygon><outerBoundaryIs><LinearRing><coordinates>-123.289176,42.684693,0 -123.289173,42.688298,0 -123.284212,42.688307,0 -123.279251,42.688317,0 -123.279246,42.684690,0 -123.279244,42.682876,0 -123.279241,42.681062,0 -123.281726,42.681069,0 -123.284210,42.681076,0 -123.289178,42.681089,0 -123.289176,42.684693,0</coordinates></LinearRing></outerBoundaryIs></Polygon></Placemark><Placemark><name>FRANDOR 5 [APPROX quarter-section]</name><description>lode | serial ORMC175113 | 9.183 ac | Active | qtr-sec OR 33 0330S 0050W 022 A SW | recorded~2021 (DB date, not legal located date) | src: BLM MLRS Not Closed | APPROX (BLM quarter-section)</description><styleUrl>#active_claim</styleUrl><Polygon><outerBoundaryIs><LinearRing><coordinates>-123.289176,42.684693,0 -123.289173,42.688298,0 -123.284212,42.688307,0 -123.279251,42.688317,0 -123.279246,42.684690,0 -123.279244,42.682876,0 -123.279241,42.681062,0 -123.281726,42.681069,0 -123.284210,42.681076,0 -123.289178,42.681089,0 -123.289176,42.684693,0</coordinates></LinearRing></outerBoundaryIs></Polygon></Placemark><Placemark><name>HORSESHOE LOAD EXT 3 [APPROX quarter-section]</name><description>lode | serial ORMC176896 | 20.66 ac | Active | qtr-sec OR 33 0330S 0050W 028 A NW | recorded~2021 (DB date, not legal located date) | src: BLM MLRS Not Closed | APPROX (BLM quarter-section)</description><styleUrl>#active_claim</styleUrl><Polygon><outerBoundaryIs><LinearRing><coordinates>-123.309023,42.681134,0 -123.306768,42.681120,0 -123.304025,42.681102,0 -123.301551,42.681086,0 -123.299027,42.681067,0 -123.299027,42.680000,0 -123.309030,42.680000,0 -123.309023,42.681134,0</coordinates></LinearRing></outerBoundaryIs></Polygon></Placemark><Placemark><name>HORSESHOE LOAD EXT 4 [APPROX quarter-section]</name><description>lode | serial ORMC176897 | 20.66 ac | Active | qtr-sec OR 33 0330S 0050W 028 A NW|OR 33 0330S 0050W 028 A NE | recorded~2021 (DB date, not legal located date) | src: BLM MLRS Not Closed | APPROX (BLM quarter-section)</description><styleUrl>#active_claim</styleUrl><Polygon><outerBoundaryIs><LinearRing><coordinates>-123.309023,42.681134,0 -123.306768,42.681120,0 -123.304025,42.681102,0 -123.301551,42.681086,0 -123.299027,42.681067,0 -123.294109,42.681073,0 -123.291436,42.681083,0 -123.289178,42.681089,0 -123.289178,42.680254,0 -123.289177,42.680000,0 -123.309030,42.680000,0 -123.309023,42.681134,0</coordinates></LinearRing></outerBoundaryIs></Polygon></Placemark><Placemark><name>HORSESHOE LOAD EXT 5 [APPROX quarter-section]</name><description>lode | serial ORMC176898 | 20.66 ac | Active | qtr-sec OR 33 0330S 0050W 028 A NW|OR 33 0330S 0050W 028 A NE | recorded~2021 (DB date, not legal located date) | src: BLM MLRS Not Closed | APPROX (BLM quarter-section)</description><styleUrl>#active_claim</styleUrl><Polygon><outerBoundaryIs><LinearRing><coordinates>-123.309023,42.681134,0 -123.306768,42.681120,0 -123.304025,42.681102,0 -123.301551,42.681086,0 -123.299027,42.681067,0 -123.294109,42.681073,0 -123.291436,42.681083,0 -123.289178,42.681089,0 -123.289178,42.680254,0 -123.289177,42.680000,0 -123.309030,42.680000,0 -123.309023,42.681134,0</coordinates></LinearRing></outerBoundaryIs></Polygon></Placemark><Placemark><name>HORSESHOE LOAD EXT 6 [APPROX quarter-section]</name><description>lode | serial ORMC176899 | 20.66 ac | Active | qtr-sec OR 33 0330S 0050W 028 A NW|OR 33 0330S 0050W 028 A NE | recorded~2021 (DB date, not legal located date) | src: BLM MLRS Not Closed | APPROX (BLM quarter-section)</description><styleUrl>#active_claim</styleUrl><Polygon><outerBoundaryIs><LinearRing><coordinates>-123.309023,42.681134,0 -123.306768,42.681120,0 -123.304025,42.681102,0 -123.301551,42.681086,0 -123.299027,42.681067,0 -123.294109,42.681073,0 -123.291436,42.681083,0 -123.289178,42.681089,0 -123.289178,42.680254,0 -123.289177,42.680000,0 -123.309030,42.680000,0 -123.309023,42.681134,0</coordinates></LinearRing></outerBoundaryIs></Polygon></Placemark><Placemark><name>HORSESHOE LOAD EXT 7 [APPROX quarter-section]</name><description>lode | serial ORMC176900 | 20.66 ac | Active | qtr-sec OR 33 0330S 0050W 028 A NW|OR 33 0330S 0050W 028 A SW | recorded~2021 (DB date, not legal located date) | src: BLM MLRS Not Closed | APPROX (BLM quarter-section)</description><styleUrl>#active_claim</styleUrl><Polygon><outerBoundaryIs><LinearRing><coordinates>-123.309023,42.681134,0 -123.306768,42.681120,0 -123.304025,42.681102,0 -123.301551,42.681086,0 -123.299027,42.681067,0 -123.299027,42.680000,0 -123.309030,42.680000,0 -123.309023,42.681134,0</coordinates></LinearRing></outerBoundaryIs></Polygon></Placemark><Placemark><name>HORSESHOE LOAD EXT 8 [APPROX quarter-section]</name><description>lode | serial ORMC176901 | 20.66 ac | Active | qtr-sec OR 33 0330S 0050W 028 A NW|OR 33 0330S 0050W 028 A NE|OR 33 0330S 0050W 028 A SW|OR 33 0330S 0050W 028 A SE | recorded~2021 (DB date, not legal located date) | src: BLM MLRS Not Closed | APPROX (BLM quarter-section)</description><styleUrl>#active_claim</styleUrl><Polygon><outerBoundaryIs><LinearRing><coordinates>-123.309023,42.681134,0 -123.306768,42.681120,0 -123.304025,42.681102,0 -123.301551,42.681086,0 -123.299027,42.681067,0 -123.294109,42.681073,0 -123.291436,42.681083,0 -123.289178,42.681089,0 -123.289178,42.680254,0 -123.289177,42.680000,0 -123.309030,42.680000,0 -123.309023,42.681134,0</coordinates></LinearRing></outerBoundaryIs></Polygon></Placemark><Placemark><name>IOWA [APPROX quarter-section]</name><description>lode | serial ORMC18189 | 20.66 ac | Active | qtr-sec OR 33 0330S 0080W 022 A SE|OR 33 0330S 0080W 023 A SW | recorded~2021 (DB date, not legal located date) | src: BLM MLRS Not Closed | APPROX (BLM quarter-section)</description><styleUrl>#active_claim</styleUrl><Polygon><outerBoundaryIs><LinearRing><coordinates>-123.631871,42.688324,0 -123.626948,42.688325,0 -123.622026,42.688325,0 -123.617116,42.688333,0 -123.612206,42.688341,0 -123.612207,42.684704,0 -123.612207,42.681067,0 -123.617119,42.681071,0 -123.622030,42.681075,0 -123.623363,42.681073,0 -123.626949,42.681068,0 -123.629551,42.681064,0 -123.631093,42.681061,0 -123.631869,42.681060,0 -123.632635,42.681059,0 -123.631869,42.681654,0 -123.631870,42.684692,0 -123.631871,42.688324,0</coordinates></LinearRing></outerBoundaryIs></Polygon></Placemark><Placemark><name>IDAHO [APPROX quarter-section]</name><description>lode | serial ORMC18190 | 20.66 ac | Active | qtr-sec OR 33 0330S 0080W 022 A SE|OR 33 0330S 0080W 023 A SW|OR 33 0330S 0080W 026 A NW|OR 33 0330S 0080W 027 A NE | recorded~2021 (DB date, not legal located date) | src: BLM MLRS Not Closed | APPROX (BLM quarter-section)</description><styleUrl>#active_claim</styleUrl><Polygon><outerBoundaryIs><LinearRing><coordinates>-123.636794,42.681050,0 -123.632635,42.681059,0 -123.631869,42.681654,0 -123.631870,42.684692,0 -123.631871,42.688324,0 -123.626948,42.688325,0 -123.622026,42.688325,0 -123.617116,42.688333,0 -123.612206,42.688341,0 -123.612207,42.684704,0 -123.612207,42.681067,0 -123.612208,42.680000,0 -123.636795,42.680000,0 -123.636794,42.681050,0</coordinates></LinearRing></outerBoundaryIs><innerBoundaryIs><LinearRing><coordinates>-123.633116,42.680685,0 -123.631869,42.680497,0 -123.631869,42.681060,0 -123.632635,42.681059,0 -123.633116,42.680685,0</coordinates></LinearRing></innerBoundaryIs></Polygon></Placemark><Placemark><name>BERKELEY [APPROX quarter-section]</name><description>lode | serial ORMC18191 | 20.66 ac | Active | qtr-sec OR 33 0330S 0080W 023 A SW | recorded~2021 (DB date, not legal located date) | src: BLM MLRS Not Closed | APPROX (BLM quarter-section)</description><styleUrl>#active_claim</styleUrl><Polygon><outerBoundaryIs><LinearRing><coordinates>-123.622030,42.681075,0 -123.622030,42.682108,0 -123.622029,42.682565,0 -123.622029,42.683303,0 -123.622028,42.684700,0 -123.622027,42.685695,0 -123.622027,42.686123,0 -123.622026,42.688325,0 -123.617116,42.688333,0 -123.612206,42.688341,0 -123.612207,42.684704,0 -123.612207,42.681067,0 -123.617119,42.681071,0 -123.622030,42.681075,0</coordinates></LinearRing></outerBoundaryIs></Polygon></Placemark><Placemark><name>POSER [APPROX quarter-section]</name><description>lode | serial ORMC18192 | 20.66 ac | Active | qtr-sec OR 33 0330S 0080W 022 A SE|OR 33 0330S 0080W 023 A NW|OR 33 0330S 0080W 023 A SW | recorded~2021 (DB date, not legal located date) | src: BLM MLRS Not Closed | APPROX (BLM quarter-section)</description><styleUrl>#active_claim</styleUrl><Polygon><outerBoundaryIs><LinearRing><coordinates>-123.631871,42.688324,0 -123.626948,42.688325,0 -123.622026,42.688325,0 -123.622023,42.691964,0 -123.622020,42.695604,0 -123.617112,42.695617,0 -123.612205,42.695630,0 -123.612205,42.691985,0 -123.612206,42.688341,0 -123.612207,42.684704,0 -123.612207,42.681067,0 -123.617119,42.681071,0 -123.622030,42.681075,0 -123.623363,42.681073,0 -123.626949,42.681068,0 -123.629551,42.681064,0 -123.631093,42.681061,0 -123.631869,42.681060,0 -123.632635,42.681059,0 -123.631869,42.681654,0 -123.631870,42.684692,0 -123.631871,42.688324,0</coordinates></LinearRing></outerBoundaryIs></Polygon></Placemark><Placemark><name>CONFIDENCE [APPROX quarter-section]</name><description>lode | serial ORMC18193 | 20.66 ac | Active | qtr-sec OR 33 0330S 0080W 023 A NW|OR 33 0330S 0080W 023 A SW | recorded~2021 (DB date, not legal located date) | src: BLM MLRS Not Closed | APPROX (BLM quarter-section)</description><styleUrl>#active_claim</styleUrl><Polygon><outerBoundaryIs><LinearRing><coordinates>-123.622030,42.681075,0 -123.622030,42.682108,0 -123.622029,42.682565,0 -123.622029,42.683303,0 -123.622028,42.684700,0 -123.622027,42.685695,0 -123.622027,42.686123,0 -123.622026,42.688325,0 -123.622023,42.691964,0 -123.622020,42.695604,0 -123.617112,42.695617,0 -123.612205,42.695630,0 -123.612205,42.691985,0 -123.612206,42.688341,0 -123.612207,42.684704,0 -123.612207,42.681067,0 -123.617119,42.681071,0 -123.622030,42.681075,0</coordinates></LinearRing></outerBoundaryIs></Polygon></Placemark><Placemark><name>WASHINGTON [APPROX quarter-section]</name><description>lode | serial ORMC18194 | 20.66 ac | Active | qtr-sec OR 33 0330S 0080W 027 A NW|OR 33 0330S 0080W 027 A SW | recorded~2021 (DB date, not legal located date) | src: BLM MLRS Not Closed | APPROX (BLM quarter-section)</description><styleUrl>#active_claim</styleUrl><Polygon><outerBoundaryIs><LinearRing><coordinates>-123.641720,42.681040,0 -123.636794,42.681050,0 -123.636795,42.680000,0 -123.641720,42.680000,0 -123.641720,42.681040,0</coordinates></LinearRing></outerBoundaryIs></Polygon></Placemark><Placemark><name>MONTANA [APPROX quarter-section]</name><description>lode | serial ORMC18195 | 20.66 ac | Active | qtr-sec OR 33 0330S 0080W 027 A NW|OR 33 0330S 0080W 027 A NE | recorded~2021 (DB date, not legal located date) | src: BLM MLRS Not Closed | APPROX (BLM quarter-section)</description><styleUrl>#active_claim</styleUrl><Polygon><outerBoundaryIs><LinearRing><coordinates>-123.641720,42.681040,0 -123.636794,42.681050,0 -123.632635,42.681059,0 -123.631869,42.681060,0 -123.631093,42.681061,0 -123.629551,42.681064,0 -123.626949,42.681068,0 -123.623363,42.681073,0 -123.622030,42.681075,0 -123.622032,42.680000,0 -123.641720,42.680000,0 -123.641720,42.681040,0</coordinates></LinearRing></outerBoundaryIs></Polygon></Placemark><Placemark><name>COLORADO [APPROX quarter-section]</name><description>lode | serial ORMC18196 | 20.66 ac | Active | qtr-sec OR 33 0330S 0080W 027 A NE|OR 33 0330S 0080W 027 A SE | recorded~2021 (DB date, not legal located date) | src: BLM MLRS Not Closed | APPROX (BLM quarter-section)</description><styleUrl>#active_claim</styleUrl><Polygon><outerBoundaryIs><LinearRing><coordinates>-123.636794,42.681050,0 -123.632635,42.681059,0 -123.633116,42.680685,0 -123.631869,42.680497,0 -123.631869,42.681060,0 -123.631093,42.681061,0 -123.629551,42.681064,0 -123.626949,42.681068,0 -123.623363,42.681073,0 -123.622030,42.681075,0 -123.622032,42.680000,0 -123.636795,42.680000,0 -123.636794,42.681050,0</coordinates></LinearRing></outerBoundaryIs></Polygon></Placemark><Placemark><name>NEVADA [APPROX quarter-section]</name><description>lode | serial ORMC18197 | 20.66 ac | Active | qtr-sec OR 33 0330S 0080W 027 A NE | recorded~2021 (DB date, not legal located date) | src: BLM MLRS Not Closed | APPROX (BLM quarter-section)</description><styleUrl>#active_claim</styleUrl><Polygon><outerBoundaryIs><LinearRing><coordinates>-123.636794,42.681050,0 -123.632635,42.681059,0 -123.633116,42.680685,0 -123.631869,42.680497,0 -123.631869,42.681060,0 -123.631093,42.681061,0 -123.629551,42.681064,0 -123.626949,42.681068,0 -123.623363,42.681073,0 -123.622030,42.681075,0 -123.622032,42.680000,0 -123.636795,42.680000,0 -123.636794,42.681050,0</coordinates></LinearRing></outerBoundaryIs></Polygon></Placemark><Placemark><name>HAZEL [APPROX quarter-section]</name><description>lode | serial ORMC18198 | 20.66 ac | Active | qtr-sec OR 33 0330S 0080W 023 A SW|OR 33 0330S 0080W 026 A NW|OR 33 0330S 0080W 027 A NE | recorded~2021 (DB date, not legal located date) | src: BLM MLRS Not Closed | APPROX (BLM quarter-section)</description><styleUrl>#active_claim</styleUrl><Polygon><outerBoundaryIs><LinearRing><coordinates>-123.636794,42.681050,0 -123.632635,42.681059,0 -123.633116,42.680685,0 -123.631869,42.680497,0 -123.631869,42.681060,0 -123.631093,42.681061,0 -123.629551,42.681064,0 -123.626949,42.681068,0 -123.623363,42.681073,0 -123.622030,42.681075,0 -123.622030,42.682108,0 -123.622029,42.682565,0 -123.622029,42.683303,0 -123.622028,42.684700,0 -123.622027,42.685695,0 -123.622027,42.686123,0 -123.622026,42.688325,0 -123.617116,42.688333,0 -123.612206,42.688341,0 -123.612207,42.684704,0 -123.612207,42.681067,0 -123.612208,42.680000,0 -123.636795,42.680000,0 -123.636794,42.681050,0</coordinates></LinearRing></outerBoundaryIs></Polygon></Placemark><Placemark><name>DAWN [APPROX quarter-section]</name><description>lode | serial ORMC18199 | 20.66 ac | Active | qtr-sec OR 33 0330S 0080W 027 A NE | recorded~2021 (DB date, not legal located date) | src: BLM MLRS Not Closed | APPROX (BLM quarter-section)</description><styleUrl>#active_claim</styleUrl><Polygon><outerBoundaryIs><LinearRing><coordinates>-123.636794,42.681050,0 -123.632635,42.681059,0 -123.633116,42.680685,0 -123.631869,42.680497,0 -123.631869,42.681060,0 -123.631093,42.681061,0 -123.629551,42.681064,0 -123.626949,42.681068,0 -123.623363,42.681073,0 -123.622030,42.681075,0 -123.622032,42.680000,0 -123.636795,42.680000,0 -123.636794,42.681050,0</coordinates></LinearRing></outerBoundaryIs></Polygon></Placemark><Placemark><name>MARYLAND [APPROX quarter-section]</name><description>lode | serial ORMC18200 | 20.66 ac | Active | qtr-sec OR 33 0330S 0080W 023 A SW | recorded~2021 (DB date, not legal located date) | src: BLM MLRS Not Closed | APPROX (BLM quarter-section)</description><styleUrl>#active_claim</styleUrl><Polygon><outerBoundaryIs><LinearRing><coordinates>-123.622030,42.681075,0 -123.622030,42.682108,0 -123.622029,42.682565,0 -123.622029,42.683303,0 -123.622028,42.684700,0 -123.622027,42.685695,0 -123.622027,42.686123,0 -123.622026,42.688325,0 -123.617116,42.688333,0 -123.612206,42.688341,0 -123.612207,42.684704,0 -123.612207,42.681067,0 -123.617119,42.681071,0 -123.622030,42.681075,0</coordinates></LinearRing></outerBoundaryIs></Polygon></Placemark><Placemark><name>HIGH ORE [APPROX quarter-section]</name><description>lode | serial ORMC18201 | 20.66 ac | Active | qtr-sec OR 33 0330S 0080W 027 A NE|OR 33 0330S 0080W 027 A SE | recorded~2021 (DB date, not legal located date) | src: BLM MLRS Not Closed | APPROX (BLM quarter-section)</description><styleUrl>#active_claim</styleUrl><Polygon><outerBoundaryIs><LinearRing><coordinates>-123.636794,42.681050,0 -123.632635,42.681059,0 -123.633116,42.680685,0 -123.631869,42.680497,0 -123.631869,42.681060,0 -123.631093,42.681061,0 -123.629551,42.681064,0 -123.626949,42.681068,0 -123.623363,42.681073,0 -123.622030,42.681075,0 -123.622032,42.680000,0 -123.636795,42.680000,0 -123.636794,42.681050,0</coordinates></LinearRing></outerBoundaryIs></Polygon></Placemark><Placemark><name>UTAH [APPROX quarter-section]</name><description>lode | serial ORMC18202 | 20.66 ac | Active | qtr-sec OR 33 0330S 0080W 027 A NW | recorded~2021 (DB date, not legal located date) | src: BLM MLRS Not Closed | APPROX (BLM quarter-section)</description><styleUrl>#active_claim</styleUrl><Polygon><outerBoundaryIs><LinearRing><coordinates>-123.641720,42.681040,0 -123.636794,42.681050,0 -123.636795,42.680000,0 -123.641720,42.680000,0 -123.641720,42.681040,0</coordinates></LinearRing></outerBoundaryIs></Polygon></Placemark><Placemark><name>HARD TIMES #1 SOUTH [APPROX quarter-section]</name><description>lode | serial ORMC2386 | 20.66 ac | Active | qtr-sec OR 33 0330S 0050W 012 A NE|OR 33 0330S 0050W 012 A NW|OR 33 0330S 0050W 012 A SW|OR 33 0330S 0050W 012 A SE | recorded~2021 (DB date, not legal located date) | src: BLM MLRS Not Closed | APPROX (BLM quarter-section)</description><styleUrl>#active_claim</styleUrl><Polygon><outerBoundaryIs><LinearRing><coordinates>-123.249310,42.717023,0 -123.249328,42.720718,0 -123.249345,42.724412,0 -123.243852,42.724408,0 -123.238358,42.724404,0 -123.233388,42.724353,0 -123.228419,42.724303,0 -123.228726,42.720718,0 -123.229034,42.717132,0 -123.229341,42.713547,0 -123.229649,42.709961,0 -123.234509,42.709933,0 -123.239370,42.709905,0 -123.244329,42.709838,0 -123.249289,42.709771,0 -123.249299,42.713397,0 -123.249310,42.717023,0</coordinates></LinearRing></outerBoundaryIs></Polygon></Placemark><Placemark><name>HARD TIMES #2 SOUTH [APPROX quarter-section]</name><description>lode | serial ORMC2388 | 20.66 ac | Active | qtr-sec OR 33 0330S 0050W 012 A SW|OR 33 0330S 0050W 012 A SE | recorded~2021 (DB date, not legal located date) | src: BLM MLRS Not Closed | APPROX (BLM quarter-section)</description><styleUrl>#active_claim</styleUrl><Polygon><outerBoundaryIs><LinearRing><coordinates>-123.249310,42.717023,0 -123.244097,42.717046,0 -123.243619,42.717049,0 -123.238883,42.717068,0 -123.233959,42.717100,0 -123.229034,42.717132,0 -123.229341,42.713547,0 -123.229649,42.709961,0 -123.234509,42.709933,0 -123.239370,42.709905,0 -123.244329,42.709838,0 -123.249289,42.709771,0 -123.249299,42.713397,0 -123.249310,42.717023,0</coordinates></LinearRing></outerBoundaryIs></Polygon></Placemark><Placemark><name>FORGET ME NOT #4 [APPROX quarter-section]</name><description>lode | serial ORMC26076 | 20.66 ac | Active | qtr-sec OR 33 0330S 0050W 001 A SE | recorded~2021 (DB date, not legal located date) | src: BLM MLRS Not Closed | APPROX (BLM quarter-section)</description><styleUrl>#active_claim</styleUrl><Polygon><outerBoundaryIs><LinearRing><coordinates>-123.238358,42.724404,0 -123.238453,42.727980,0 -123.238549,42.731557,0 -123.233550,42.731550,0 -123.228552,42.731543,0 -123.228485,42.727923,0 -123.228419,42.724303,0 -123.233388,42.724353,0 -123.238358,42.724404,0</coordinates></LinearRing></outerBoundaryIs></Polygon></Placemark><Placemark><name>HARD TIMES [APPROX quarter-section]</name><description>lode | serial ORMC55661 | 19.29 ac | Active | qtr-sec OR 33 0330S 0050W 012 A NW|OR 33 0330S 0050W 012 A NE | recorded~2021 (DB date, not legal located date) | src: BLM MLRS Not Closed | APPROX (BLM quarter-section)</description><styleUrl>#active_claim</styleUrl><Polygon><outerBoundaryIs><LinearRing><coordinates>-123.249310,42.717023,0 -123.249328,42.720718,0 -123.249345,42.724412,0 -123.243852,42.724408,0 -123.238358,42.724404,0 -123.233388,42.724353,0 -123.228419,42.724303,0 -123.228726,42.720718,0 -123.229034,42.717132,0 -123.233959,42.717100,0 -123.238883,42.717068,0 -123.244097,42.717046,0 -123.249310,42.717023,0</coordinates></LinearRing></outerBoundaryIs></Polygon></Placemark><Placemark><name>KANSAS JAYHAWK [APPROX quarter-section]</name><description>lode | serial ORMC63648 | 20.66 ac | Active | qtr-sec OR 33 0330S 0080W 022 A SE|OR 33 0330S 0080W 027 A NE | recorded~2021 (DB date, not legal located date) | src: BLM MLRS Not Closed | APPROX (BLM quarter-section)</description><styleUrl>#active_claim</styleUrl><Polygon><outerBoundaryIs><LinearRing><coordinates>-123.636794,42.681050,0 -123.632635,42.681059,0 -123.631869,42.681654,0 -123.631870,42.684692,0 -123.631871,42.688324,0 -123.626948,42.688325,0 -123.622026,42.688325,0 -123.622027,42.686123,0 -123.622027,42.685695,0 -123.622028,42.684700,0 -123.622029,42.683303,0 -123.622029,42.682565,0 -123.622030,42.682108,0 -123.622030,42.681075,0 -123.622032,42.680000,0 -123.636795,42.680000,0 -123.636794,42.681050,0</coordinates></LinearRing></outerBoundaryIs><innerBoundaryIs><LinearRing><coordinates>-123.633116,42.680685,0 -123.631869,42.680497,0 -123.631869,42.681060,0 -123.632635,42.681059,0 -123.633116,42.680685,0</coordinates></LinearRing></innerBoundaryIs></Polygon></Placemark><Placemark><name>Oro Grande Two [APPROX quarter-section]</name><description>lode | serial OR105805592 | 20.66 ac | Active | qtr-sec OR 33 0330S 0050W 027 A Government Lot 2|OR 33 0330S 0050W 027 A SESW|OR 33 0330S 0050W 027 A Government Lot 1|OR 33 0330S 0050W 027 A SW|OR 33 0330S 0050W 027 A SW|OR 33 0330S 0050W 027 A NESW|OR 33 0330S 0050W 027 A SW | recorded~2023 (DB da…</description><styleUrl>#active_claim</styleUrl><Polygon><outerBoundaryIs><LinearRing><coordinates>-123.289178,42.680254,0 -123.289178,42.681089,0 -123.284210,42.681076,0 -123.281726,42.681069,0 -123.279241,42.681062,0 -123.276757,42.681056,0 -123.274273,42.681049,0 -123.269305,42.681036,0 -123.269314,42.680000,0 -123.289177,42.680000,0 -123.289178,42.680254,0</coordinates></LinearRing></outerBoundaryIs></Polygon></Placemark><Placemark><name>Tibbet Springs [APPROX quarter-section]</name><description>lode | serial OR106361899 | 20.66115702 ac | Active | qtr-sec OR 33 0330S 0080W 012 A SWNE1/4 | recorded~2024 (DB date, not legal located date) | src: BLM MLRS Not Closed | APPROX (BLM quarter-section)</description><styleUrl>#active_claim</styleUrl><Polygon><outerBoundaryIs><LinearRing><coordinates>-123.582263,42.710424,0 -123.582267,42.710058,0 -123.587632,42.710074,0 -123.592547,42.710088,0 -123.597466,42.710103,0 -123.602386,42.710118,0 -123.602386,42.713731,0 -123.602386,42.717344,0 -123.602386,42.720958,0 -123.602386,42.724571,0 -123.597457,42.724565,0 -123.592528,42.724559,0 -123.587607,42.724548,0 -123.582031,42.724535,0 -123.582105,42.721290,0 -123.582114,42.720917,0 -123.582187,42.717671,0 -123.582191,42.717298,0 -123.582225,42.714048,0 -123.582229,42.713679,0 -123.582263,42.710424,0</coordinates></LinearRing></outerBoundaryIs></Polygon></Placemark><Placemark><name>LOTSA GOLD [APPROX quarter-section]</name><description>placer | serial OR105224619 | 20.0 ac | Active | qtr-sec OR 33 0310S 0070W 033 A SWNW|OR 33 0310S 0070W 033 A SWNW|OR 33 0310S 0070W 033 A SWNE|OR 33 0310S 0070W 033 A NENE|OR 33 0310S 0070W 033 A SENE|OR 33 0310S 0070W 033 A NWNE|OR 33 0310S 0070W 033 A NENE|OR 33 0310S 0070W 033 A SENE|OR 33 0310…</description><styleUrl>#active_claim</styleUrl><Polygon><outerBoundaryIs><LinearRing><coordinates>-123.535782,42.840329,0 -123.530821,42.840360,0 -123.528340,42.840376,0 -123.525859,42.840391,0 -123.525874,42.838616,0 -123.525888,42.836841,0 -123.525903,42.835066,0 -123.525917,42.833290,0 -123.528321,42.833276,0 -123.530724,42.833262,0 -123.535531,42.833233,0 -123.535656,42.836781,0 -123.540642,42.836775,0 -123.540691,42.840347,0 -123.535782,42.840329,0</coordinates></LinearRing></outerBoundaryIs></Polygon></Placemark><Placemark><name>New Beginnings [APPROX quarter-section]</name><description>placer | serial OR105226487 | 20.0 ac | Active | qtr-sec OR 33 0310S 0070W 033 A SWNE | recorded~2021 (DB date, not legal located date) | src: BLM MLRS Not Closed | APPROX (BLM quarter-section)</description><styleUrl>#active_claim</styleUrl><Polygon><outerBoundaryIs><LinearRing><coordinates>-123.535531,42.833233,0 -123.535656,42.836781,0 -123.530772,42.836811,0 -123.530748,42.835037,0 -123.530724,42.833262,0 -123.535531,42.833233,0</coordinates></LinearRing></outerBoundaryIs></Polygon></Placemark><Placemark><name>West Fork Diggins [APPROX quarter-section]</name><description>placer | serial OR105229048 | 18.84 ac | Active | qtr-sec OR 33 0320S 0080W 009 A NW | recorded~2021 (DB date, not legal located date) | src: BLM MLRS Not Closed | APPROX (BLM quarter-section)</description><styleUrl>#active_claim</styleUrl><Polygon><outerBoundaryIs><LinearRing><coordinates>-123.661115,42.810824,0 -123.656297,42.810844,0 -123.651480,42.810866,0 -123.651440,42.807374,0 -123.651400,42.803883,0 -123.656185,42.803851,0 -123.660970,42.803819,0 -123.661042,42.807322,0 -123.661115,42.810824,0</coordinates></LinearRing></outerBoundaryIs></Polygon></Placemark><Placemark><name>Golden Middle2 [APPROX quarter-section]</name><description>placer | serial OR105261178 | 40.0 ac | Under Review | qtr-sec OR 33 0310S 0060W 029 NWSW | recorded~2021 (DB date, not legal located date) | src: BLM MLRS Not Closed | APPROX (BLM quarter-section)</description><styleUrl>#active_claim</styleUrl><Polygon><outerBoundaryIs><LinearRing><coordinates>-123.442300,42.846562,0 -123.442289,42.844672,0 -123.447287,42.844775,0 -123.447531,42.848619,0 -123.442312,42.848450,0 -123.442300,42.846562,0</coordinates></LinearRing></outerBoundaryIs></Polygon></Placemark><Placemark><name>Golden Bell One [APPROX quarter-section]</name><description>placer | serial OR105277543 | 20.0 ac | Active | qtr-sec OR 33 0310S 0070W 033 A SWNW|OR 33 0310S 0070W 033 A SENW|OR 33 0310S 0070W 033 A NENW|OR 33 0310S 0070W 033 A NWNW | recorded~2021 (DB date, not legal located date) | src: BLM MLRS Not Closed | APPROX (BLM quarter-section)</description><styleUrl>#active_claim</styleUrl><Polygon><outerBoundaryIs><LinearRing><coordinates>-123.545655,42.833173,0 -123.545627,42.836769,0 -123.545599,42.840365,0 -123.540691,42.840347,0 -123.535782,42.840329,0 -123.535656,42.836781,0 -123.535531,42.833233,0 -123.540593,42.833203,0 -123.545655,42.833173,0</coordinates></LinearRing></outerBoundaryIs></Polygon></Placemark><Placemark><name>Boulder Creek [APPROX quarter-section]</name><description>placer | serial OR105285895 | 20.0 ac | Active | qtr-sec OR 33 0300S 0080W 019 A SW | recorded~2021 (DB date, not legal located date) | src: BLM MLRS Not Closed | APPROX (BLM quarter-section)</description><styleUrl>#active_claim</styleUrl><Polygon><outerBoundaryIs><LinearRing><coordinates>-123.696166,42.945643,0 -123.691863,42.945705,0 -123.691828,42.942090,0 -123.691795,42.938471,0 -123.696094,42.938402,0 -123.700000,42.938339,0 -123.700000,42.945588,0 -123.696166,42.945643,0</coordinates></LinearRing></outerBoundaryIs></Polygon></Placemark><Placemark><name>Cow Creek Gold [APPROX quarter-section]</name><description>placer | serial OR105288749 | 20.0 ac | Active | qtr-sec OR 33 0320S 0070W 020 A NWSW | recorded~2022 (DB date, not legal located date) | src: BLM MLRS Not Closed | APPROX (BLM quarter-section)</description><styleUrl>#active_claim</styleUrl><Polygon><outerBoundaryIs><LinearRing><coordinates>-123.559015,42.771996,0 -123.563722,42.772068,0 -123.563622,42.775575,0 -123.559034,42.775535,0 -123.559015,42.771996,0</coordinates></LinearRing></outerBoundaryIs></Polygon></Placemark><Placemark><name>Bull Run 3 [APPROX quarter-section]</name><description>placer | serial OR105766216 | 20.0 ac | Active | qtr-sec OR 33 0320S 0050W 025 A NWNE|OR 33 0320S 0050W 025 A SENE|OR 33 0320S 0050W 025 A SWNE|OR 33 0320S 0050W 025 A NENE | recorded~2022 (DB date, not legal located date) | src: BLM MLRS Not Closed | APPROX (BLM quarter-section)</description><styleUrl>#active_claim</styleUrl><Polygon><outerBoundaryIs><LinearRing><coordinates>-123.237670,42.760914,0 -123.237916,42.764435,0 -123.238162,42.767956,0 -123.233377,42.768058,0 -123.228591,42.768160,0 -123.228600,42.767462,0 -123.228601,42.766681,0 -123.228604,42.764515,0 -123.228607,42.763058,0 -123.228611,42.760870,0 -123.233140,42.760892,0 -123.237670,42.760914,0</coordinates></LinearRing></outerBoundaryIs></Polygon></Placemark><Placemark><name>Golden Cowbell [APPROX quarter-section]</name><description>placer | serial OR105792921 | 37.28 ac | Active | qtr-sec OR 33 0320S 0080W 002 A S2SENW | recorded~2022 (DB date, not legal located date) | src: BLM MLRS Not Closed | APPROX (BLM quarter-section)</description><styleUrl>#active_claim</styleUrl><Polygon><outerBoundaryIs><LinearRing><coordinates>-123.615026,42.819744,0 -123.612653,42.819765,0 -123.612681,42.818020,0 -123.615060,42.818003,0 -123.617440,42.817987,0 -123.617400,42.819723,0 -123.615026,42.819744,0</coordinates></LinearRing></outerBoundaryIs></Polygon></Placemark><Placemark><name>Grave Creek 1 [APPROX quarter-section]</name><description>placer | serial OR105799865 | 20.0 ac | Active | qtr-sec OR 33 0330S 0040W 015 A SW|OR 33 0330S 0040W 015 A Remainder Aliquot Part NWNWSW|OR 33 0330S 0040W 015 A NESW|OR 33 0330S 0040W 015 A SESW|OR 33 0330S 0040W 015 A Remainder Aliquot Part NENWSW|OR 33 0330S 0040W 015 A Remainder Aliquot Part SW…</description><styleUrl>#active_claim</styleUrl><Polygon><outerBoundaryIs><LinearRing><coordinates>-123.160929,42.695471,0 -123.165779,42.695492,0 -123.170629,42.695512,0 -123.170631,42.699147,0 -123.170632,42.700964,0 -123.170634,42.702781,0 -123.168197,42.702772,0 -123.165760,42.702762,0 -123.160886,42.702742,0 -123.160907,42.699107,0 -123.160929,42.695471,0</coordinates></LinearRing></outerBoundaryIs></Polygon></Placemark><Placemark><name>Middle Creek 1 [APPROX quarter-section]</name><description>placer | serial OR105799866 | 20.0 ac | Active | qtr-sec OR 33 0310S 0060W 029 A SESE|OR 33 0310S 0060W 029 A NWSE|OR 33 0310S 0060W 029 A NESE|OR 33 0310S 0060W 029 A SWSE|OR 33 0310S 0060W 029 A SE | recorded~2022 (DB date, not legal located date) | src: BLM MLRS Not Closed | APPROX (BLM quarter-…</description><styleUrl>#active_claim</styleUrl><Polygon><outerBoundaryIs><LinearRing><coordinates>-123.426992,42.840800,0 -123.432240,42.840829,0 -123.437489,42.840859,0 -123.437291,42.844570,0 -123.437191,42.846427,0 -123.437093,42.848280,0 -123.432007,42.848115,0 -123.426922,42.847950,0 -123.426957,42.844375,0 -123.426992,42.840800,0</coordinates></LinearRing></outerBoundaryIs></Polygon></Placemark><Placemark><name>Tami's Treasure [APPROX quarter-section]</name><description>placer | serial OR105803753 | 160.0 ac | Active | qtr-sec OR 33 0310S 0070W 031 A SE | recorded~2022 (DB date, not legal located date) | src: BLM MLRS Not Closed | APPROX (BLM quarter-section)</description><styleUrl>#active_claim</styleUrl><Polygon><outerBoundaryIs><LinearRing><coordinates>-123.574496,42.832632,0 -123.572182,42.832697,0 -123.569868,42.832762,0 -123.565240,42.832893,0 -123.565023,42.829050,0 -123.564807,42.825207,0 -123.569614,42.825148,0 -123.574422,42.825089,0 -123.574459,42.828861,0 -123.574496,42.832632,0</coordinates></LinearRing></outerBoundaryIs></Polygon></Placemark><Placemark><name>CC #2 [APPROX quarter-section]</name><description>placer | serial OR105803751 | 20.0 ac | Active | qtr-sec OR 33 0320S 0080W 009 A NE | recorded~2022 (DB date, not legal located date) | src: BLM MLRS Not Closed | APPROX (BLM quarter-section)</description><styleUrl>#active_claim</styleUrl><Polygon><outerBoundaryIs><LinearRing><coordinates>-123.651400,42.803883,0 -123.651440,42.807374,0 -123.651480,42.810866,0 -123.646663,42.810890,0 -123.641846,42.810914,0 -123.641839,42.807430,0 -123.641832,42.803946,0 -123.646616,42.803914,0 -123.651400,42.803883,0</coordinates></LinearRing></outerBoundaryIs></Polygon></Placemark><Placemark><name>Gold Rattler [APPROX quarter-section]</name><description>placer | serial OR105817361 | 20.0 ac | Active | qtr-sec OR 33 0330S 0050W 009 A SE|OR 33 0330S 0050W 009 A NESE|OR 33 0330S 0050W 009 A NWSE|OR 33 0330S 0050W 009 A SESE|OR 33 0330S 0050W 009 A SWSE | recorded~2023 (DB date, not legal located date) | src: BLM MLRS Not Closed | APPROX (BLM quarter-…</description><styleUrl>#active_claim</styleUrl><Polygon><outerBoundaryIs><LinearRing><coordinates>-123.289045,42.710020,0 -123.294095,42.710020,0 -123.299146,42.710020,0 -123.299057,42.713710,0 -123.299013,42.715560,0 -123.298969,42.717400,0 -123.294009,42.717390,0 -123.289050,42.717380,0 -123.289050,42.716460,0 -123.289048,42.713700,0 -123.289045,42.710020,0</coordinates></LinearRing></outerBoundaryIs></Polygon></Placemark><Placemark><name>Middle Creek 2 [APPROX quarter-section]</name><description>placer | serial OR105817469 | 20.0 ac | Active | qtr-sec OR 33 0310S 0060W 029 A SESENW|OR 33 0310S 0060W 029 A NWNE|OR 33 0310S 0060W 029 A NENE|OR 33 0310S 0060W 029 A NESENW|OR 33 0310S 0060W 029 A SENE|OR 33 0310S 0060W 029 A NWNW|OR 33 0310S 0060W 029 A NENW|OR 33 0310S 0060W 029 A SWNW|OR 33 …</description><styleUrl>#active_claim</styleUrl><Polygon><outerBoundaryIs><LinearRing><coordinates>-123.437489,42.840859,0 -123.442266,42.840895,0 -123.447043,42.840930,0 -123.447287,42.844775,0 -123.447531,42.848619,0 -123.447657,42.852125,0 -123.447782,42.855632,0 -123.442249,42.855486,0 -123.436715,42.855341,0 -123.431810,42.855266,0 -123.426905,42.855191,0 -123.426913,42.851570,0 -123.426922,42.847950,0 -123.426957,42.844375,0 -123.426992,42.840800,0 -123.432240,42.840829,0 -123.437489,42.840859,0</coordinates></LinearRing></outerBoundaryIs></Polygon></Placemark><Placemark><name>Echo Hill [APPROX quarter-section]</name><description>placer | serial OR105818886 | 40.0 ac | Active | qtr-sec OR 33 0330S 0050W 026 A SWNW|OR 33 0330S 0050W 026 A NENW|OR 33 0330S 0050W 026 A NWNW|OR 33 0330S 0050W 026 A SENW|OR 33 0330S 0050W 026 A NW | recorded~2023 (DB date, not legal located date) | src: BLM MLRS Not Closed | APPROX (BLM quarter-…</description><styleUrl>#active_claim</styleUrl><Polygon><outerBoundaryIs><LinearRing><coordinates>-123.269305,42.681036,0 -123.264212,42.680880,0 -123.259118,42.680724,0 -123.259129,42.680000,0 -123.269314,42.680000,0 -123.269305,42.681036,0</coordinates></LinearRing></outerBoundaryIs></Polygon></Placemark><Placemark><name>Underfed [APPROX quarter-section]</name><description>placer | serial OR105818893 | 20.0 ac | Active | qtr-sec OR 33 0320S 0040W 029 A SWNE|OR 33 0320S 0040W 029 A NWNE|OR 33 0320S 0040W 029 A SWNE|OR 33 0320S 0040W 029 A NENE|OR 33 0320S 0040W 029 A SENE|OR 33 0320S 0040W 029 A NWNE|OR 33 0320S 0040W 029 A NE | recorded~2023 (DB date, not legal locat…</description><styleUrl>#active_claim</styleUrl><Polygon><outerBoundaryIs><LinearRing><coordinates>-123.201518,42.763136,0 -123.201545,42.764955,0 -123.201562,42.766773,0 -123.201578,42.768591,0 -123.201577,42.770408,0 -123.199149,42.770432,0 -123.199127,42.770432,0 -123.196692,42.770454,0 -123.196668,42.770455,0 -123.194223,42.770478,0 -123.191750,42.770500,0 -123.191741,42.768675,0 -123.191736,42.766844,0 -123.191720,42.765015,0 -123.191696,42.763186,0 -123.196617,42.763162,0 -123.199073,42.763149,0 -123.201518,42.763136,0</coordinates></LinearRing></outerBoundaryIs></Polygon></Placemark><Placemark><name>Captain Gold Stone [APPROX quarter-section]</name><description>placer | serial OR105820412 | 20.0 ac | Active | qtr-sec OR 33 0320S 0070W 018 A NESE|OR 33 0320S 0070W 018 A SENW|OR 33 0320S 0070W 018 A NENE|OR 33 0320S 0070W 018 A SWNE|OR 33 0320S 0070W 018 A NWSE|OR 33 0320S 0070W 019 A SENW|OR 33 0320S 0070W 019 A NENW|OR 33 0320S 0070W 019 A NENW|OR 33 0320…</description><styleUrl>#active_claim</styleUrl><Polygon><outerBoundaryIs><LinearRing><coordinates>-123.583790,42.779210,0 -123.583790,42.779212,0 -123.584131,42.782731,0 -123.584133,42.782748,0 -123.584173,42.786233,0 -123.584196,42.789739,0 -123.584220,42.793244,0 -123.584243,42.796750,0 -123.578558,42.796637,0 -123.573447,42.796545,0 -123.568534,42.796589,0 -123.563609,42.796629,0 -123.563695,42.793134,0 -123.563780,42.789639,0 -123.563866,42.786144,0 -123.563951,42.782649,0 -123.563918,42.779121,0 -123.563622,42.775575,0 -123.563722,42.772068,0 -123.563823,42.768562,0 -123.568658,42.768543,0 -123.571075,42.768533,0 -123.573493,42.768524,0 -123.575910,42.768515,0 -123.578327,42.768505,0 -123.583428,42.768485,0 -123.583428,42.768488,0 -123.583439,42.772081,0 -123.583439,42.772084,0 -123.583450,42.775677,0 -123.583790,42.779210,0</coordinates></LinearRing></outerBoundaryIs></Polygon></Placemark><Placemark><name>Holy Cow I [APPROX quarter-section]</name><description>placer | serial OR105820413 | 20.0 ac | Active | qtr-sec OR 33 0320S 0070W 019 A NW|OR 33 0320S 0070W 019 A SENW|OR 33 0320S 0070W 019 A NENW|OR 33 0320S 0070W 019 A NENW|OR 33 0320S 0070W 019 A Government Lot 1|OR 33 0320S 0070W 019 A Government Lot 2 | recorded~2023 (DB date, not legal located da…</description><styleUrl>#active_claim</styleUrl><Polygon><outerBoundaryIs><LinearRing><coordinates>-123.575910,42.768515,0 -123.578327,42.768505,0 -123.583428,42.768485,0 -123.583428,42.768488,0 -123.583439,42.772081,0 -123.583439,42.772084,0 -123.583450,42.775677,0 -123.583790,42.779210,0 -123.583790,42.779212,0 -123.584131,42.782731,0 -123.584133,42.782748,0 -123.578877,42.782733,0 -123.576142,42.782708,0 -123.573615,42.782721,0 -123.568777,42.782675,0 -123.563951,42.782649,0 -123.563918,42.779121,0 -123.563622,42.775575,0 -123.563722,42.772068,0 -123.563823,42.768562,0 -123.568658,42.768543,0 -123.571075,42.768533,0 -123.573493,42.768524,0 -123.575910,42.768515,0</coordinates></LinearRing></outerBoundaryIs></Polygon></Placemark><Placemark><name>Holy Cow II [APPROX quarter-section]</name><description>placer | serial OR105820414 | 20.0 ac | Active | qtr-sec OR 33 0320S 0070W 019 A SW|OR 33 0320S 0070W 019 A NENESW|OR 33 0320S 0070W 019 A Government Lot 4|OR 33 0320S 0070W 019 A SWNESW|OR 33 0320S 0070W 019 A SENESW|OR 33 0320S 0070W 019 A SESW|OR 33 0320S 0070W 019 A NWNESW|OR 33 0320S 0070W 019…</description><styleUrl>#active_claim</styleUrl><Polygon><outerBoundaryIs><LinearRing><coordinates>-123.575910,42.768515,0 -123.578327,42.768505,0 -123.583428,42.768485,0 -123.583428,42.768488,0 -123.583439,42.772081,0 -123.583439,42.772084,0 -123.583450,42.775677,0 -123.583790,42.779210,0 -123.583790,42.779212,0 -123.584131,42.782731,0 -123.584133,42.782748,0 -123.578877,42.782733,0 -123.576142,42.782708,0 -123.573615,42.782721,0 -123.568777,42.782675,0 -123.563951,42.782649,0 -123.563918,42.779121,0 -123.563622,42.775575,0 -123.563722,42.772068,0 -123.563823,42.768562,0 -123.568658,42.768543,0 -123.571075,42.768533,0 -123.573493,42.768524,0 -123.575910,42.768515,0</coordinates></LinearRing></outerBoundaryIs></Polygon></Placemark><Placemark><name>Cow # 10 [APPROX quarter-section]</name><description>placer | serial OR105822994 | 20.0 ac | Active | qtr-sec OR 33 0320S 0080W 009 A SWNW | recorded~2023 (DB date, not legal located date) | src: BLM MLRS Not Closed | APPROX (BLM quarter-section)</description><styleUrl>#active_claim</styleUrl><Polygon><outerBoundaryIs><LinearRing><coordinates>-123.660970,42.803819,0 -123.661042,42.807322,0 -123.656241,42.807348,0 -123.656185,42.803851,0 -123.660970,42.803819,0</coordinates></LinearRing></outerBoundaryIs></Polygon></Placemark><Placemark><name>Cow  # 11 [APPROX quarter-section]</name><description>placer | serial OR105822995 | 20.0 ac | Filed | qtr-sec OR 33 0320S 0080W 005 A NWSW|OR 33 0320S 0080W 005 A SWSW|OR 33 0320S 0080W 005 A SESW|OR 33 0320S 0080W 005 A SESE|OR 33 0320S 0080W 005 A NWSE|OR 33 0320S 0080W 005 A SENW|OR 33 0320S 0080W 005 A SWNE|OR 33 0320S 0080W 005 A SENE|OR 33 0320S…</description><styleUrl>#active_claim</styleUrl><Polygon><outerBoundaryIs><LinearRing><coordinates>-123.680009,42.810201,0 -123.680102,42.813641,0 -123.680195,42.817081,0 -123.679377,42.820830,0 -123.678394,42.824952,0 -123.673697,42.824942,0 -123.669002,42.824941,0 -123.664304,42.824973,0 -123.659606,42.825005,0 -123.660421,42.821322,0 -123.661182,42.817885,0 -123.661148,42.814355,0 -123.661115,42.810824,0 -123.665838,42.810669,0 -123.670562,42.810513,0 -123.675286,42.810357,0 -123.680009,42.810201,0</coordinates></LinearRing></outerBoundaryIs></Polygon></Placemark><Placemark><name>Grave Creek Meadow [APPROX quarter-section]</name><description>placer | serial OR105823004 | 20.0 ac | Active | qtr-sec OR 33 0330S 0040W 015 A NE | recorded~2023 (DB date, not legal located date) | src: BLM MLRS Not Closed | APPROX (BLM quarter-section)</description><styleUrl>#active_claim</styleUrl><Polygon><outerBoundaryIs><LinearRing><coordinates>-123.160886,42.702742,0 -123.160864,42.706377,0 -123.160854,42.708194,0 -123.160843,42.710011,0 -123.158394,42.710002,0 -123.155945,42.709992,0 -123.151047,42.709972,0 -123.151093,42.706337,0 -123.151138,42.702701,0 -123.156012,42.702722,0 -123.160886,42.702742,0</coordinates></LinearRing></outerBoundaryIs></Polygon></Placemark><Placemark><name>LAWSON BAR [APPROX quarter-section]</name><description>placer | serial ORMC154400 | 716.4 ac | Active | qtr-sec OR 33 0300S 0050W 019 A NENE | recorded~2021 (DB date, not legal located date) | src: BLM MLRS Not Closed | APPROX (BLM quarter-section)</description><styleUrl>#active_claim</styleUrl><Polygon><outerBoundaryIs><LinearRing><coordinates>-123.325510,42.955479,0 -123.325461,42.951867,0 -123.330778,42.951780,0 -123.330781,42.955378,0 -123.325510,42.955479,0</coordinates></LinearRing></outerBoundaryIs></Polygon></Placemark><Placemark><name>TJD #1 [APPROX quarter-section]</name><description>placer | serial ORMC155137 | 56.36 ac | Active | qtr-sec OR 33 0310S 0080W 035 A NW | recorded~2021 (DB date, not legal located date) | src: BLM MLRS Not Closed | APPROX (BLM quarter-section)</description><styleUrl>#active_claim</styleUrl><Polygon><outerBoundaryIs><LinearRing><coordinates>-123.617271,42.832123,0 -123.619646,42.832095,0 -123.622020,42.832066,0 -123.622045,42.835581,0 -123.622070,42.839095,0 -123.617271,42.839157,0 -123.612473,42.839219,0 -123.612498,42.835700,0 -123.612523,42.832181,0 -123.617271,42.832123,0</coordinates></LinearRing></outerBoundaryIs></Polygon></Placemark><Placemark><name>LITTLE FLORINA [APPROX quarter-section]</name><description>placer | serial ORMC155402 | 40.0 ac | Active | qtr-sec OR 33 0320S 0040W 029 A SE | recorded~2021 (DB date, not legal located date) | src: BLM MLRS Not Closed | APPROX (BLM quarter-section)</description><styleUrl>#active_claim</styleUrl><Polygon><outerBoundaryIs><LinearRing><coordinates>-123.199073,42.763149,0 -123.196617,42.763162,0 -123.191696,42.763186,0 -123.191673,42.759529,0 -123.191642,42.755872,0 -123.194097,42.755865,0 -123.195324,42.755862,0 -123.196552,42.755859,0 -123.199006,42.755852,0 -123.200230,42.755849,0 -123.200234,42.755849,0 -123.201457,42.755846,0 -123.201495,42.759491,0 -123.201509,42.761314,0 -123.201518,42.763136,0 -123.199073,42.763149,0</coordinates></LinearRing></outerBoundaryIs></Polygon></Placemark><Placemark><name>GOLD FEVER [APPROX quarter-section]</name><description>placer | serial ORMC155500 | 50.0 ac | Active | qtr-sec OR 33 0310S 0080W 011 A SE | recorded~2021 (DB date, not legal located date) | src: BLM MLRS Not Closed | APPROX (BLM quarter-section)</description><styleUrl>#active_claim</styleUrl><Polygon><outerBoundaryIs><LinearRing><coordinates>-123.612907,42.886778,0 -123.612954,42.890467,0 -123.608270,42.890501,0 -123.603586,42.890535,0 -123.603586,42.886906,0 -123.603586,42.883276,0 -123.608223,42.883182,0 -123.612861,42.883088,0 -123.612907,42.886778,0</coordinates></LinearRing></outerBoundaryIs></Polygon></Placemark><Placemark><name>TJD #2 [APPROX quarter-section]</name><description>placer | serial ORMC156535 | 160.0 ac | Active | qtr-sec OR 33 0330S 0040W 011 A NW|OR 33 0330S 0040W 011 A SW | recorded~2021 (DB date, not legal located date) | src: BLM MLRS Not Closed | APPROX (BLM quarter-section)</description><styleUrl>#active_claim</styleUrl><Polygon><outerBoundaryIs><LinearRing><coordinates>-123.150990,42.716990,0 -123.150961,42.720500,0 -123.150947,42.722254,0 -123.150933,42.724009,0 -123.148485,42.723974,0 -123.146038,42.723940,0 -123.141143,42.723871,0 -123.141249,42.720347,0 -123.141355,42.716822,0 -123.141464,42.713196,0 -123.141573,42.709570,0 -123.146310,42.709771,0 -123.151047,42.709972,0 -123.151019,42.713481,0 -123.150990,42.716990,0</coordinates></LinearRing></outerBoundaryIs></Polygon></Placemark><Placemark><name>FORGET ME NOT #2 [APPROX quarter-section]</name><description>placer | serial ORMC15703 | 20.0 ac | Active | qtr-sec OR 33 0330S 0050W 012 A NE | recorded~2021 (DB date, not legal located date) | src: BLM MLRS Not Closed | APPROX (BLM quarter-section)</description><styleUrl>#active_claim</styleUrl><Polygon><outerBoundaryIs><LinearRing><coordinates>-123.238621,42.720736,0 -123.238358,42.724404,0 -123.233388,42.724353,0 -123.228419,42.724303,0 -123.228726,42.720718,0 -123.229034,42.717132,0 -123.233959,42.717100,0 -123.238883,42.717068,0 -123.238621,42.720736,0</coordinates></LinearRing></outerBoundaryIs></Polygon></Placemark><Placemark><name>4 APPLE ASSOCIATION [APPROX quarter-section]</name><description>placer | serial ORMC158749 | 78.9 ac | Active | qtr-sec OR 33 0320S 0040W 032 A NE|OR 33 0320S 0040W 033 A NW|OR 33 0320S 0040W 033 A SW | recorded~2021 (DB date, not legal located date) | src: BLM MLRS Not Closed | APPROX (BLM quarter-section)</description><styleUrl>#active_claim</styleUrl><Polygon><outerBoundaryIs><LinearRing><coordinates>-123.191496,42.748648,0 -123.192710,42.748642,0 -123.193924,42.748636,0 -123.195137,42.748630,0 -123.196351,42.748625,0 -123.201197,42.748599,0 -123.201333,42.752223,0 -123.201457,42.755846,0 -123.200234,42.755849,0 -123.200230,42.755849,0 -123.199006,42.755852,0 -123.196552,42.755859,0 -123.195324,42.755862,0 -123.194097,42.755865,0 -123.191642,42.755872,0 -123.190429,42.755886,0 -123.189216,42.755901,0 -123.188003,42.755916,0 -123.186790,42.755931,0 -123.184364,42.755960,0 -123.181938,42.755990,0 -123.181903,42.754164,0 -123.181868,42.752339,0 -123.181842,42.751007,0 -123.181827,42.750210,0 -123.181797,42.748689,0 -123.181726,42.745011,0 -123.181655,42.741332,0 -123.181586,42.737760,0 -123.183871,42.737736,0 -123.185503,42.737728,0 -123.186399,42.737723,0 -123.190482,42.737702,0 -123.191213,42.737698,0 -123.191318,42.741261,0 -123.191400,42.744965,0 -123.191496,42.748648,0</coordinates></LinearRing></outerBoundaryIs></Polygon></Placemark><Placemark><name>WVM #3 [APPROX quarter-section]</name><description>placer | serial ORMC159208 | 40.0 ac | Active | qtr-sec OR 33 0320S 0070W 021 A SW | recorded~2021 (DB date, not legal located date) | src: BLM MLRS Not Closed | APPROX (BLM quarter-section)</description><styleUrl>#active_claim</styleUrl><Polygon><outerBoundaryIs><LinearRing><coordinates>-123.544517,42.770004,0 -123.544504,42.771790,0 -123.544480,42.775363,0 -123.539672,42.775318,0 -123.534863,42.775272,0 -123.534915,42.771756,0 -123.534940,42.769998,0 -123.534966,42.768240,0 -123.537357,42.768234,0 -123.538552,42.768231,0 -123.539747,42.768229,0 -123.542138,42.768223,0 -123.544529,42.768218,0 -123.544517,42.770004,0</coordinates></LinearRing></outerBoundaryIs></Polygon></Placemark><Placemark><name>ROCKER BOX #1 [APPROX quarter-section]</name><description>placer | serial ORMC160088 | 20.0 ac | Active | qtr-sec OR 33 0300S 0070W 035 A SE | recorded~2021 (DB date, not legal located date) | src: BLM MLRS Not Closed | APPROX (BLM quarter-section)</description><styleUrl>#active_claim</styleUrl><Polygon><outerBoundaryIs><LinearRing><coordinates>-123.494101,42.913613,0 -123.496612,42.913613,0 -123.496690,42.915458,0 -123.496769,42.917304,0 -123.496927,42.920994,0 -123.492125,42.921007,0 -123.489721,42.921012,0 -123.487323,42.921021,0 -123.487131,42.919167,0 -123.486942,42.917318,0 -123.486569,42.913615,0 -123.491590,42.913614,0 -123.494101,42.913613,0</coordinates></LinearRing></outerBoundaryIs></Polygon></Placemark><Placemark><name>BOTTOMS UP [APPROX quarter-section]</name><description>placer | serial ORMC160104 | 80.0 ac | Active | qtr-sec OR 33 0320S 0080W 013 A NE|OR 33 0320S 0080W 013 A SE | recorded~2021 (DB date, not legal located date) | src: BLM MLRS Not Closed | APPROX (BLM quarter-section)</description><styleUrl>#active_claim</styleUrl><Polygon><outerBoundaryIs><LinearRing><coordinates>-123.588954,42.782688,0 -123.593775,42.782627,0 -123.593777,42.786184,0 -123.593773,42.789744,0 -123.593770,42.793256,0 -123.593766,42.796768,0 -123.589004,42.796759,0 -123.584243,42.796750,0 -123.584220,42.793244,0 -123.584196,42.789739,0 -123.584173,42.786233,0 -123.584133,42.782748,0 -123.584144,42.782748,0 -123.588954,42.782688,0</coordinates></LinearRing></outerBoundaryIs></Polygon></Placemark><Placemark><name>R &amp; R [APPROX quarter-section]</name><description>placer | serial ORMC160108 | 20.0 ac | Active | qtr-sec OR 33 0330S 0040W 029 A NW | recorded~2021 (DB date, not legal located date) | src: BLM MLRS Not Closed | APPROX (BLM quarter-section)</description><styleUrl>#active_claim</styleUrl><Polygon><outerBoundaryIs><LinearRing><coordinates>-123.210441,42.681017,0 -123.205537,42.681035,0 -123.200633,42.681054,0 -123.200626,42.680000,0 -123.210440,42.680000,0 -123.210441,42.681017,0</coordinates></LinearRing></outerBoundaryIs></Polygon></Placemark><Placemark><name>WEST CHEROKEE [APPROX quarter-section]</name><description>placer | serial ORMC160499 | 100.0 ac | Active | qtr-sec OR 33 0330S 0050W 009 A NE|OR 33 0330S 0050W 009 A SE|OR 33 0330S 0050W 010 A NW|OR 33 0330S 0050W 010 A SW | recorded~2021 (DB date, not legal located date) | src: BLM MLRS Not Closed | APPROX (BLM quarter-section)</description><styleUrl>#active_claim</styleUrl><Polygon><outerBoundaryIs><LinearRing><coordinates>-123.286570,42.710038,0 -123.289045,42.710020,0 -123.294095,42.710020,0 -123.299146,42.710020,0 -123.299057,42.713710,0 -123.299013,42.715560,0 -123.298969,42.717400,0 -123.298946,42.718323,0 -123.298879,42.721073,0 -123.298789,42.724746,0 -123.293929,42.724737,0 -123.289069,42.724729,0 -123.284132,42.724734,0 -123.279196,42.724740,0 -123.279199,42.721063,0 -123.279201,42.719224,0 -123.279203,42.717385,0 -123.279173,42.713739,0 -123.279143,42.710093,0 -123.281619,42.710075,0 -123.284094,42.710056,0 -123.286570,42.710038,0</coordinates></LinearRing></outerBoundaryIs></Polygon></Placemark><Placemark><name>GOLD FORTUNE #1 [APPROX quarter-section]</name><description>placer | serial ORMC160883 | 160.0 ac | Active | qtr-sec OR 33 0320S 0050W 017 A SE | recorded~2021 (DB date, not legal located date) | src: BLM MLRS Not Closed | APPROX (BLM quarter-section)</description><styleUrl>#active_claim</styleUrl><Polygon><outerBoundaryIs><LinearRing><coordinates>-123.317309,42.783151,0 -123.317331,42.786726,0 -123.317353,42.790300,0 -123.312554,42.790321,0 -123.307756,42.790341,0 -123.307602,42.786708,0 -123.307448,42.783076,0 -123.312378,42.783114,0 -123.317309,42.783151,0</coordinates></LinearRing></outerBoundaryIs></Polygon></Placemark><Placemark><name>WVM #5 [APPROX quarter-section]</name><description>placer | serial ORMC161445 | 40.0 ac | Active | qtr-sec OR 33 0320S 0070W 015 A SE | recorded~2021 (DB date, not legal located date) | src: BLM MLRS Not Closed | APPROX (BLM quarter-section)</description><styleUrl>#active_claim</styleUrl><Polygon><outerBoundaryIs><LinearRing><coordinates>-123.515697,42.782235,0 -123.515656,42.784052,0 -123.515615,42.785870,0 -123.515532,42.789506,0 -123.513051,42.789466,0 -123.510570,42.789426,0 -123.505608,42.789345,0 -123.505674,42.785726,0 -123.505708,42.783917,0 -123.505741,42.782107,0 -123.508230,42.782139,0 -123.510719,42.782171,0 -123.513208,42.782203,0 -123.515697,42.782235,0</coordinates></LinearRing></outerBoundaryIs></Polygon></Placemark><Placemark><name>WVM #4 [APPROX quarter-section]</name><description>placer | serial ORMC161475 | 40.0 ac | Active | qtr-sec OR 33 0320S 0070W 015 A SE | recorded~2021 (DB date, not legal located date) | src: BLM MLRS Not Closed | APPROX (BLM quarter-section)</description><styleUrl>#active_claim</styleUrl><Polygon><outerBoundaryIs><LinearRing><coordinates>-123.515697,42.782235,0 -123.515656,42.784052,0 -123.515615,42.785870,0 -123.515532,42.789506,0 -123.513051,42.789466,0 -123.510570,42.789426,0 -123.505608,42.789345,0 -123.505674,42.785726,0 -123.505708,42.783917,0 -123.505741,42.782107,0 -123.508230,42.782139,0 -123.510719,42.782171,0 -123.513208,42.782203,0 -123.515697,42.782235,0</coordinates></LinearRing></outerBoundaryIs></Polygon></Placemark><Placemark><name>ROCK PILE [APPROX quarter-section]</name><description>placer | serial ORMC162165 | 30.0 ac | Active | qtr-sec OR 33 0310S 0070W 007 A SE | recorded~2021 (DB date, not legal located date) | src: BLM MLRS Not Closed | APPROX (BLM quarter-section)</description><styleUrl>#active_claim</styleUrl><Polygon><outerBoundaryIs><LinearRing><coordinates>-123.570635,42.891280,0 -123.568212,42.891338,0 -123.565789,42.891396,0 -123.565797,42.889560,0 -123.565804,42.887724,0 -123.565812,42.885889,0 -123.565819,42.884053,0 -123.568194,42.883993,0 -123.570569,42.883933,0 -123.575318,42.883813,0 -123.575400,42.887488,0 -123.575481,42.891164,0 -123.570635,42.891280,0</coordinates></LinearRing></outerBoundaryIs></Polygon></Placemark><Placemark><name>BLUE BEAR [APPROX quarter-section]</name><description>placer | serial ORMC162439 | 120.0 ac | Active | qtr-sec OR 33 0330S 0080W 022 A N2SWNE | OR 33 0330S 0080W 022 A E2NWNE | OR 33 0330S 0080W 022 A W2NENE | recorded~2021 (DB date, not legal located date) | src: BLM MLRS Not Closed | APPROX (BLM quarter-section)</description><styleUrl>#active_claim</styleUrl><Polygon><outerBoundaryIs><LinearRing><coordinates>-123.629410,42.691964,0 -123.629410,42.693784,0 -123.629410,42.695604,0 -123.626946,42.695604,0 -123.624483,42.695604,0 -123.624484,42.693784,0 -123.624485,42.691964,0 -123.626947,42.691964,0 -123.626948,42.690145,0 -123.629410,42.690144,0 -123.631871,42.690144,0 -123.631872,42.691964,0 -123.629410,42.691964,0</coordinates></LinearRing></outerBoundaryIs></Polygon></Placemark><Placemark><name>LUCKY STRIKE [APPROX quarter-section]</name><description>placer | serial ORMC162440 | 60.0 ac | Active | qtr-sec OR 33 0330S 0080W 014 A NW|OR 33 0330S 0080W 014 A SW | recorded~2021 (DB date, not legal located date) | src: BLM MLRS Not Closed | APPROX (BLM quarter-section)</description><styleUrl>#active_claim</styleUrl><Polygon><outerBoundaryIs><LinearRing><coordinates>-123.622012,42.699228,0 -123.622005,42.702853,0 -123.621998,42.706478,0 -123.621991,42.710103,0 -123.617090,42.710106,0 -123.612188,42.710110,0 -123.612192,42.706490,0 -123.612197,42.702870,0 -123.612201,42.699250,0 -123.612205,42.695630,0 -123.617112,42.695617,0 -123.622020,42.695604,0 -123.622016,42.697416,0 -123.622012,42.699228,0</coordinates></LinearRing></outerBoundaryIs></Polygon></Placemark><Placemark><name>MOON HOUSE [APPROX quarter-section]</name><description>placer | serial ORMC162441 | 60.0 ac | Active | qtr-sec OR 33 0330S 0080W 015 A SE|OR 33 0330S 0080W 022 A NE | recorded~2021 (DB date, not legal located date) | src: BLM MLRS Not Closed | APPROX (BLM quarter-section)</description><styleUrl>#active_claim</styleUrl><Polygon><outerBoundaryIs><LinearRing><coordinates>-123.631872,42.691964,0 -123.631873,42.695605,0 -123.631870,42.699227,0 -123.631867,42.702850,0 -123.626936,42.702852,0 -123.622005,42.702853,0 -123.622012,42.699228,0 -123.622016,42.697416,0 -123.622020,42.695604,0 -123.622023,42.691964,0 -123.622026,42.688325,0 -123.626948,42.688325,0 -123.631871,42.688324,0 -123.631872,42.691964,0</coordinates></LinearRing></outerBoundaryIs></Polygon></Placemark><Placemark><name>FOUR OUTLAWS [APPROX quarter-section]</name><description>placer | serial ORMC162496 | 120.0 ac | Active | qtr-sec OR 33 0310S 0070W 017 A E2NWSW | OR 33 0310S 0070W 017 A SWSENW | OR 33 0310S 0070W 017 A W2NESW | OR 33 0310S 0070W 017 A SESWNW | recorded~2021 (DB date, not legal located date) | src: BLM MLRS Not Closed | APPROX (BLM quarter-section)</description><styleUrl>#active_claim</styleUrl><Polygon><outerBoundaryIs><LinearRing><coordinates>-123.562918,42.872599,0 -123.562989,42.874317,0 -123.563060,42.876035,0 -123.563144,42.878044,0 -123.560706,42.878113,0 -123.558269,42.878182,0 -123.558180,42.876203,0 -123.558101,42.874454,0 -123.558022,42.872706,0 -123.560470,42.872652,0 -123.562918,42.872599,0</coordinates></LinearRing></outerBoundaryIs></Polygon></Placemark><Placemark><name>MINERS REST [APPROX quarter-section]</name><description>placer | serial ORMC163452 | 40.0 ac | Active | qtr-sec OR 33 0320S 0070W 028 A SE|OR 33 0320S 0070W 033 A NE | recorded~2021 (DB date, not legal located date) | src: BLM MLRS Not Closed | APPROX (BLM quarter-section)</description><styleUrl>#active_claim</styleUrl><Polygon><outerBoundaryIs><LinearRing><coordinates>-123.535119,42.748780,0 -123.535102,42.749856,0 -123.535089,42.750596,0 -123.535060,42.752411,0 -123.535030,42.754226,0 -123.535024,42.755967,0 -123.535018,42.757708,0 -123.535014,42.759447,0 -123.535010,42.761187,0 -123.532642,42.761184,0 -123.530274,42.761180,0 -123.526364,42.761175,0 -123.526067,42.761175,0 -123.525540,42.761174,0 -123.525541,42.761052,0 -123.525555,42.759390,0 -123.525563,42.758451,0 -123.525570,42.757606,0 -123.525588,42.754045,0 -123.525608,42.752258,0 -123.525629,42.750470,0 -123.525636,42.749854,0 -123.525670,42.746896,0 -123.530409,42.746930,0 -123.532779,42.746948,0 -123.535148,42.746965,0 -123.535119,42.748780,0</coordinates></LinearRing></outerBoundaryIs></Polygon></Placemark><Placemark><name>GOLD FORTUNE 4 [APPROX quarter-section]</name><description>placer | serial ORMC164246 | 160.0 ac | Active | qtr-sec OR 33 0320S 0050W 009 A NW|OR 33 0320S 0050W 009 A NE | recorded~2021 (DB date, not legal located date) | src: BLM MLRS Not Closed | APPROX (BLM quarter-section)</description><styleUrl>#active_claim</styleUrl><Polygon><outerBoundaryIs><LinearRing><coordinates>-123.293019,42.811803,0 -123.288155,42.811797,0 -123.288129,42.808219,0 -123.288104,42.804642,0 -123.293000,42.804650,0 -123.297896,42.804659,0 -123.302792,42.804667,0 -123.307688,42.804675,0 -123.307650,42.808249,0 -123.307612,42.811822,0 -123.302748,42.811816,0 -123.297884,42.811809,0 -123.293019,42.811803,0</coordinates></LinearRing></outerBoundaryIs></Polygon></Placemark><Placemark><name>GOLD FORTUNE 5 [APPROX quarter-section]</name><description>placer | serial ORMC164247 | 156.81 ac | Active | qtr-sec OR 33 0320S 0050W 004 A NE|OR 33 0320S 0050W 004 A SE | recorded~2021 (DB date, not legal located date) | src: BLM MLRS Not Closed | APPROX (BLM quarter-section)</description><styleUrl>#active_claim</styleUrl><Polygon><outerBoundaryIs><LinearRing><coordinates>-123.297625,42.819121,0 -123.297491,42.822819,0 -123.297369,42.826198,0 -123.292382,42.826213,0 -123.287395,42.826228,0 -123.287833,42.822797,0 -123.288306,42.819079,0 -123.288230,42.815435,0 -123.288155,42.811797,0 -123.293019,42.811803,0 -123.297884,42.811809,0 -123.297755,42.815492,0 -123.297625,42.819121,0</coordinates></LinearRing></outerBoundaryIs></Polygon></Placemark><Placemark><name>LOG CABIN FEVER #1A [APPROX quarter-section]</name><description>placer | serial ORMC164365 | 24.95 ac | Active | qtr-sec OR 33 0330S 0050W 030 A NE | recorded~2021 (DB date, not legal located date) | src: BLM MLRS Not Closed | APPROX (BLM quarter-section)</description><styleUrl>#active_claim</styleUrl><Polygon><outerBoundaryIs><LinearRing><coordinates>-123.338874,42.680185,0 -123.338883,42.681246,0 -123.335449,42.681274,0 -123.333953,42.681276,0 -123.332860,42.681276,0 -123.331710,42.681277,0 -123.330753,42.681278,0 -123.330551,42.681278,0 -123.329161,42.681279,0 -123.329023,42.681279,0 -123.329024,42.681183,0 -123.329024,42.680981,0 -123.329024,42.680753,0 -123.329026,42.680000,0 -123.338873,42.680000,0 -123.338874,42.680185,0</coordinates></LinearRing></outerBoundaryIs></Polygon></Placemark><Placemark><name>LOG CABIN FEVER #2 [APPROX quarter-section]</name><description>placer | serial ORMC164499 | 36.31 ac | Active | qtr-sec OR 33 0330S 0050W 019 A SW|OR 33 0330S 0050W 019 A SE|OR 33 0330S 0050W 030 A NE | recorded~2021 (DB date, not legal located date) | src: BLM MLRS Not Closed | APPROX (BLM quarter-section)</description><styleUrl>#active_claim</styleUrl><Polygon><outerBoundaryIs><LinearRing><coordinates>-123.338874,42.680185,0 -123.338883,42.681246,0 -123.341304,42.681218,0 -123.342841,42.681200,0 -123.343767,42.681189,0 -123.347115,42.681150,0 -123.347123,42.682987,0 -123.347124,42.683088,0 -123.347129,42.684207,0 -123.347132,42.684825,0 -123.347148,42.688501,0 -123.343703,42.688509,0 -123.338764,42.688520,0 -123.333893,42.688531,0 -123.329021,42.688543,0 -123.329022,42.684911,0 -123.329023,42.682598,0 -123.329023,42.681409,0 -123.329023,42.681279,0 -123.329024,42.681183,0 -123.329024,42.680981,0 -123.329024,42.680753,0 -123.329026,42.680000,0 -123.338873,42.680000,0 -123.338874,42.680185,0</coordinates></LinearRing></outerBoundaryIs></Polygon></Placemark><Placemark><name>CLAIRE 1 [APPROX quarter-section]</name><description>placer | serial ORMC165078 | 10.0 ac | Active | qtr-sec OR 33 0320S 0070W 028 A SW | recorded~2021 (DB date, not legal located date) | src: BLM MLRS Not Closed | APPROX (BLM quarter-section)</description><styleUrl>#active_claim</styleUrl><Polygon><outerBoundaryIs><LinearRing><coordinates>-123.539850,42.754220,0 -123.544670,42.754214,0 -123.544630,42.757705,0 -123.544591,42.761196,0 -123.539807,42.761192,0 -123.537409,42.761189,0 -123.535010,42.761187,0 -123.535014,42.759447,0 -123.535018,42.757708,0 -123.535024,42.755967,0 -123.535030,42.754226,0 -123.537440,42.754223,0 -123.539850,42.754220,0</coordinates></LinearRing></outerBoundaryIs></Polygon></Placemark><Placemark><name>GORGEOUS WOMAN [APPROX quarter-section]</name><description>placer | serial ORMC165535 | 159.63 ac | Active | qtr-sec OR 33 0330S 0070W 030 A NW|OR 33 0330S 0070W 030 A SW | recorded~2021 (DB date, not legal located date) | src: BLM MLRS Not Closed | APPROX (BLM quarter-section)</description><styleUrl>#active_claim</styleUrl><Polygon><outerBoundaryIs><LinearRing><coordinates>-123.582786,42.680942,0 -123.577814,42.680926,0 -123.572874,42.680910,0 -123.572882,42.680000,0 -123.582782,42.680000,0 -123.582786,42.680942,0</coordinates></LinearRing></outerBoundaryIs></Polygon></Placemark><Placemark><name>G &amp; R CLAIM 10 [APPROX quarter-section]</name><description>placer | serial ORMC167334 | 40.0 ac | Active | qtr-sec OR 33 0320S 0070W 021 A SE | recorded~2021 (DB date, not legal located date) | src: BLM MLRS Not Closed | APPROX (BLM quarter-section)</description><styleUrl>#active_claim</styleUrl><Polygon><outerBoundaryIs><LinearRing><coordinates>-123.534863,42.775272,0 -123.529928,42.775225,0 -123.527461,42.775201,0 -123.524993,42.775177,0 -123.525094,42.773445,0 -123.525194,42.771713,0 -123.525396,42.768249,0 -123.530181,42.768245,0 -123.534966,42.768240,0 -123.534940,42.769998,0 -123.534915,42.771756,0 -123.534863,42.775272,0</coordinates></LinearRing></outerBoundaryIs></Polygon></Placemark><Placemark><name>HE COMES ON A WHITE [APPROX quarter-section]</name><description>placer | serial ORMC167436 | 40.0 ac | Active | qtr-sec OR 33 0320S 0040W 015 A NW | recorded~2021 (DB date, not legal located date) | src: BLM MLRS Not Closed | APPROX (BLM quarter-section)</description><styleUrl>#active_claim</styleUrl><Polygon><outerBoundaryIs><LinearRing><coordinates>-123.171815,42.799110,0 -123.166936,42.799174,0 -123.162050,42.799163,0 -123.162061,42.795593,0 -123.162067,42.791956,0 -123.166929,42.791912,0 -123.171788,42.791826,0 -123.171804,42.795492,0 -123.171815,42.799110,0</coordinates></LinearRing></outerBoundaryIs></Polygon></Placemark><Placemark><name>HORSE PLAY [APPROX quarter-section]</name><description>placer | serial ORMC167616 | 40.0 ac | Active | qtr-sec OR 33 0320S 0040W 010 A SW | recorded~2021 (DB date, not legal located date) | src: BLM MLRS Not Closed | APPROX (BLM quarter-section)</description><styleUrl>#active_claim</styleUrl><Polygon><outerBoundaryIs><LinearRing><coordinates>-123.171766,42.806322,0 -123.166893,42.806432,0 -123.162010,42.806440,0 -123.162033,42.802835,0 -123.162050,42.799163,0 -123.166936,42.799174,0 -123.171815,42.799110,0 -123.171815,42.799189,0 -123.171784,42.802681,0 -123.171766,42.806322,0</coordinates></LinearRing></outerBoundaryIs></Polygon></Placemark><Placemark><name>SWEAT CAJ [APPROX quarter-section]</name><description>placer | serial ORMC168672 | 72.92 ac | Active | qtr-sec OR 33 0300S 0040W 029 A SE | recorded~2021 (DB date, not legal located date) | src: BLM MLRS Not Closed | APPROX (BLM quarter-section)</description><styleUrl>#active_claim</styleUrl><Polygon><outerBoundaryIs><LinearRing><coordinates>-123.193742,42.933909,0 -123.189011,42.933899,0 -123.188937,42.930197,0 -123.188863,42.926494,0 -123.190775,42.926514,0 -123.193224,42.926548,0 -123.198119,42.926635,0 -123.198296,42.930277,0 -123.198473,42.933919,0 -123.193742,42.933909,0</coordinates></LinearRing></outerBoundaryIs></Polygon></Placemark><Placemark><name>HONEYSUCKLE [APPROX quarter-section]</name><description>placer | serial ORMC169129 | 20.0 ac | Active | qtr-sec OR 33 0320S 0070W 021 A SE | recorded~2021 (DB date, not legal located date) | src: BLM MLRS Not Closed | APPROX (BLM quarter-section)</description><styleUrl>#active_claim</styleUrl><Polygon><outerBoundaryIs><LinearRing><coordinates>-123.534863,42.775272,0 -123.529928,42.775225,0 -123.527461,42.775201,0 -123.524993,42.775177,0 -123.525094,42.773445,0 -123.525194,42.771713,0 -123.525396,42.768249,0 -123.530181,42.768245,0 -123.534966,42.768240,0 -123.534940,42.769998,0 -123.534915,42.771756,0 -123.534863,42.775272,0</coordinates></LinearRing></outerBoundaryIs></Polygon></Placemark><Placemark><name>MEADOWS #1 [APPROX quarter-section]</name><description>placer | serial ORMC170963 | 42.42 ac | Active | qtr-sec OR 33 0310S 0050W 006 A SW|OR 33 0310S 0050W 007 A NW | recorded~2021 (DB date, not legal located date) | src: BLM MLRS Not Closed | APPROX (BLM quarter-section)</description><styleUrl>#active_claim</styleUrl><Polygon><outerBoundaryIs><LinearRing><coordinates>-123.347542,42.894166,0 -123.347534,42.894532,0 -123.347464,42.897636,0 -123.347457,42.897990,0 -123.347393,42.900821,0 -123.347382,42.901270,0 -123.347374,42.901545,0 -123.347282,42.904905,0 -123.347283,42.905099,0 -123.342585,42.905178,0 -123.337848,42.905259,0 -123.338096,42.901729,0 -123.338343,42.898199,0 -123.338284,42.894615,0 -123.338225,42.891031,0 -123.342928,42.891052,0 -123.347593,42.891073,0 -123.347545,42.893984,0 -123.347542,42.894166,0</coordinates></LinearRing></outerBoundaryIs></Polygon></Placemark><Placemark><name>BUSTED FLUSH [APPROX quarter-section]</name><description>placer | serial ORMC171107 | 40.0 ac | Active | qtr-sec OR 33 0330S 0040W 021 A SE | recorded~2021 (DB date, not legal located date) | src: BLM MLRS Not Closed | APPROX (BLM quarter-section)</description><styleUrl>#active_claim</styleUrl><Polygon><outerBoundaryIs><LinearRing><coordinates>-123.180574,42.686502,0 -123.180577,42.688292,0 -123.178104,42.688289,0 -123.175631,42.688286,0 -123.174395,42.688284,0 -123.173159,42.688282,0 -123.171922,42.688280,0 -123.170686,42.688279,0 -123.170714,42.684662,0 -123.170743,42.681045,0 -123.175655,42.681087,0 -123.180567,42.681130,0 -123.180572,42.684711,0 -123.180574,42.686502,0</coordinates></LinearRing></outerBoundaryIs></Polygon></Placemark><Placemark><name>COW CREEK [APPROX quarter-section]</name><description>placer | serial ORMC171403 | 20.0 ac | Active | qtr-sec OR 33 0300S 0070W 033 A SE | recorded~2021 (DB date, not legal located date) | src: BLM MLRS Not Closed | APPROX (BLM quarter-section)</description><styleUrl>#active_claim</styleUrl><Polygon><outerBoundaryIs><LinearRing><coordinates>-123.536049,42.917220,0 -123.535980,42.920750,0 -123.531166,42.920763,0 -123.526352,42.920776,0 -123.526360,42.919874,0 -123.526369,42.918971,0 -123.526377,42.918069,0 -123.526385,42.917166,0 -123.526419,42.913556,0 -123.531268,42.913623,0 -123.531486,42.913626,0 -123.536118,42.913690,0 -123.536049,42.917220,0</coordinates></LinearRing></outerBoundaryIs></Polygon></Placemark><Placemark><name>FIRST DREAM [APPROX quarter-section]</name><description>placer | serial ORMC171673 | 39.86 ac | Active | qtr-sec OR 33 0330S 0080W 025 A NE | recorded~2021 (DB date, not legal located date) | src: BLM MLRS Not Closed | APPROX (BLM quarter-section)</description><styleUrl>#active_claim</styleUrl><Polygon><outerBoundaryIs><LinearRing><coordinates>-123.592582,42.681016,0 -123.587677,42.681000,0 -123.582785,42.680984,0 -123.582786,42.680942,0 -123.582782,42.680000,0 -123.592578,42.680000,0 -123.592582,42.681016,0</coordinates></LinearRing></outerBoundaryIs></Polygon></Placemark><Placemark><name>GOLDEN CATTLE [APPROX quarter-section]</name><description>placer | serial ORMC172021 | 20.0 ac | Active | qtr-sec OR 33 0310S 0070W 017 A SE | recorded~2021 (DB date, not legal located date) | src: BLM MLRS Not Closed | APPROX (BLM quarter-section)</description><styleUrl>#active_claim</styleUrl><Polygon><outerBoundaryIs><LinearRing><coordinates>-123.550496,42.869277,0 -123.555408,42.869231,0 -123.555574,42.872759,0 -123.555657,42.874523,0 -123.555740,42.876287,0 -123.550651,42.876461,0 -123.545561,42.876636,0 -123.545572,42.872980,0 -123.545583,42.869323,0 -123.550496,42.869277,0</coordinates></LinearRing></outerBoundaryIs></Polygon></Placemark><Placemark><name>PURE WHITE GOLD [APPROX quarter-section]</name><description>placer | serial ORMC172749 | 16.69 ac | Active | qtr-sec OR 33 0320S 0040W 009 A NE | recorded~2021 (DB date, not legal located date) | src: BLM MLRS Not Closed | APPROX (BLM quarter-section)</description><styleUrl>#active_claim</styleUrl><Polygon><outerBoundaryIs><LinearRing><coordinates>-123.181779,42.810162,0 -123.181754,42.811916,0 -123.179420,42.811946,0 -123.176744,42.811976,0 -123.174574,42.812001,0 -123.171734,42.812032,0 -123.171745,42.809977,0 -123.171766,42.806322,0 -123.176780,42.806512,0 -123.181785,42.806599,0 -123.181779,42.810162,0</coordinates></LinearRing></outerBoundaryIs></Polygon></Placemark><Placemark><name>WHITEHORSE CREEK GOL [APPROX quarter-section]</name><description>placer | serial ORMC172837 | 20.0 ac | Active | qtr-sec OR 33 0320S 0040W 009 A NE | recorded~2021 (DB date, not legal located date) | src: BLM MLRS Not Closed | APPROX (BLM quarter-section)</description><styleUrl>#active_claim</styleUrl><Polygon><outerBoundaryIs><LinearRing><coordinates>-123.181779,42.810162,0 -123.181754,42.811916,0 -123.179420,42.811946,0 -123.176744,42.811976,0 -123.174574,42.812001,0 -123.171734,42.812032,0 -123.171745,42.809977,0 -123.171766,42.806322,0 -123.176780,42.806512,0 -123.181785,42.806599,0 -123.181779,42.810162,0</coordinates></LinearRing></outerBoundaryIs></Polygon></Placemark><Placemark><name>GOLDEN BELL TWO [APPROX quarter-section]</name><description>placer | serial ORMC173614 | 20.0 ac | Active | qtr-sec OR 33 0310S 0070W 033 A NW | recorded~2021 (DB date, not legal located date) | src: BLM MLRS Not Closed | APPROX (BLM quarter-section)</description><styleUrl>#active_claim</styleUrl><Polygon><outerBoundaryIs><LinearRing><coordinates>-123.545599,42.840365,0 -123.540691,42.840347,0 -123.535782,42.840329,0 -123.535656,42.836781,0 -123.535531,42.833233,0 -123.540593,42.833203,0 -123.545655,42.833173,0 -123.545627,42.836769,0 -123.545599,42.840365,0</coordinates></LinearRing></outerBoundaryIs></Polygon></Placemark><Placemark><name>UNION CREEK 2 [APPROX quarter-section]</name><description>placer | serial ORMC176757 | 20.0 ac | Active | qtr-sec OR 33 0310S 0080W 011 A NW | recorded~2021 (DB date, not legal located date) | src: BLM MLRS Not Closed | APPROX (BLM quarter-section)</description><styleUrl>#active_claim</styleUrl><Polygon><outerBoundaryIs><LinearRing><coordinates>-123.622501,42.897689,0 -123.617774,42.897715,0 -123.613046,42.897742,0 -123.613000,42.894105,0 -123.612977,42.892286,0 -123.612954,42.890467,0 -123.617735,42.890432,0 -123.622516,42.890397,0 -123.622509,42.894043,0 -123.622501,42.897689,0</coordinates></LinearRing></outerBoundaryIs></Polygon></Placemark><Placemark><name>UNION CREEK 3 [APPROX quarter-section]</name><description>placer | serial ORMC176758 | 20.0 ac | Active | qtr-sec OR 33 0310S 0080W 011 A NW | recorded~2021 (DB date, not legal located date) | src: BLM MLRS Not Closed | APPROX (BLM quarter-section)</description><styleUrl>#active_claim</styleUrl><Polygon><outerBoundaryIs><LinearRing><coordinates>-123.622501,42.897689,0 -123.617774,42.897715,0 -123.613046,42.897742,0 -123.613000,42.894105,0 -123.612977,42.892286,0 -123.612954,42.890467,0 -123.617735,42.890432,0 -123.622516,42.890397,0 -123.622509,42.894043,0 -123.622501,42.897689,0</coordinates></LinearRing></outerBoundaryIs></Polygon></Placemark><Placemark><name>UNION CREEK 4 [APPROX quarter-section]</name><description>placer | serial ORMC176759 | 20.0 ac | Active | qtr-sec OR 33 0310S 0080W 011 A NE | recorded~2021 (DB date, not legal located date) | src: BLM MLRS Not Closed | APPROX (BLM quarter-section)</description><styleUrl>#active_claim</styleUrl><Polygon><outerBoundaryIs><LinearRing><coordinates>-123.613000,42.894105,0 -123.613046,42.897742,0 -123.608317,42.897768,0 -123.603587,42.897794,0 -123.603587,42.894165,0 -123.603586,42.890535,0 -123.608270,42.890501,0 -123.612954,42.890467,0 -123.612977,42.892286,0 -123.613000,42.894105,0</coordinates></LinearRing></outerBoundaryIs></Polygon></Placemark><Placemark><name>KRN JASPER #1 [APPROX quarter-section]</name><description>placer | serial ORMC176940 | 20.0 ac | Active | qtr-sec OR 33 0310S 0080W 013 A NE | recorded~2021 (DB date, not legal located date) | src: BLM MLRS Not Closed | APPROX (BLM quarter-section)</description><styleUrl>#active_claim</styleUrl><Polygon><outerBoundaryIs><LinearRing><coordinates>-123.594070,42.875832,0 -123.594082,42.879617,0 -123.594093,42.883402,0 -123.589347,42.883466,0 -123.584601,42.883529,0 -123.584581,42.879786,0 -123.584571,42.877914,0 -123.584561,42.876043,0 -123.586939,42.875990,0 -123.589316,42.875937,0 -123.594070,42.875832,0</coordinates></LinearRing></outerBoundaryIs></Polygon></Placemark><Placemark><name>KRN JASPER #2 [APPROX quarter-section]</name><description>placer | serial ORMC176941 | 20.0 ac | Active | qtr-sec OR 33 0310S 0080W 013 A NE | recorded~2021 (DB date, not legal located date) | src: BLM MLRS Not Closed | APPROX (BLM quarter-section)</description><styleUrl>#active_claim</styleUrl><Polygon><outerBoundaryIs><LinearRing><coordinates>-123.594070,42.875832,0 -123.594082,42.879617,0 -123.594093,42.883402,0 -123.589347,42.883466,0 -123.584601,42.883529,0 -123.584581,42.879786,0 -123.584571,42.877914,0 -123.584561,42.876043,0 -123.586939,42.875990,0 -123.589316,42.875937,0 -123.594070,42.875832,0</coordinates></LinearRing></outerBoundaryIs></Polygon></Placemark><Placemark><name>KRN JASPER #3 [APPROX quarter-section]</name><description>placer | serial ORMC176942 | 20.0 ac | Active | qtr-sec OR 33 0310S 0080W 013 A NE | recorded~2021 (DB date, not legal located date) | src: BLM MLRS Not Closed | APPROX (BLM quarter-section)</description><styleUrl>#active_claim</styleUrl><Polygon><outerBoundaryIs><LinearRing><coordinates>-123.594070,42.875832,0 -123.594082,42.879617,0 -123.594093,42.883402,0 -123.589347,42.883466,0 -123.584601,42.883529,0 -123.584581,42.879786,0 -123.584571,42.877914,0 -123.584561,42.876043,0 -123.586939,42.875990,0 -123.589316,42.875937,0 -123.594070,42.875832,0</coordinates></LinearRing></outerBoundaryIs></Polygon></Placemark><Placemark><name>KRN JASPER #4 [APPROX quarter-section]</name><description>placer | serial ORMC176943 | 20.0 ac | Active | qtr-sec OR 33 0310S 0080W 013 A SE | recorded~2021 (DB date, not legal located date) | src: BLM MLRS Not Closed | APPROX (BLM quarter-section)</description><styleUrl>#active_claim</styleUrl><Polygon><outerBoundaryIs><LinearRing><coordinates>-123.586939,42.875990,0 -123.584561,42.876043,0 -123.584541,42.874238,0 -123.584520,42.872433,0 -123.584479,42.868823,0 -123.589263,42.868655,0 -123.594048,42.868486,0 -123.594059,42.872159,0 -123.594070,42.875832,0 -123.589316,42.875937,0 -123.586939,42.875990,0</coordinates></LinearRing></outerBoundaryIs></Polygon></Placemark><Placemark><name>LIGHTNING GOLD 1 [APPROX quarter-section]</name><description>placer | serial ORMC176950 | 80.0 ac | Active | qtr-sec OR 33 0320S 0070W 020 A S2NESW | OR 33 0320S 0070W 020 A S2NWSW | recorded~2021 (DB date, not legal located date) | src: BLM MLRS Not Closed | APPROX (BLM quarter-section)</description><styleUrl>#active_claim</styleUrl><Polygon><outerBoundaryIs><LinearRing><coordinates>-123.554180,42.773703,0 -123.554178,42.771927,0 -123.556596,42.771962,0 -123.559015,42.771996,0 -123.561369,42.772032,0 -123.563722,42.772068,0 -123.563672,42.773822,0 -123.561348,42.773794,0 -123.559024,42.773766,0 -123.556602,42.773734,0 -123.554180,42.773703,0</coordinates></LinearRing></outerBoundaryIs></Polygon></Placemark><Placemark><name>LIGHTNING GOLD 2 [APPROX quarter-section]</name><description>placer | serial ORMC176951 | 20.0 ac | Active | qtr-sec OR 33 0320S 0070W 020 A E2SWSE | recorded~2021 (DB date, not legal located date) | src: BLM MLRS Not Closed | APPROX (BLM quarter-section)</description><styleUrl>#active_claim</styleUrl><Polygon><outerBoundaryIs><LinearRing><coordinates>-123.549351,42.768297,0 -123.551763,42.768337,0 -123.551761,42.770115,0 -123.551760,42.771893,0 -123.549341,42.771859,0 -123.549346,42.770078,0 -123.549351,42.768297,0</coordinates></LinearRing></outerBoundaryIs></Polygon></Placemark><Placemark><name>SHINY GOLD [APPROX quarter-section]</name><description>placer | serial ORMC176955 | 20.0 ac | Active | qtr-sec OR 33 0320S 0080W 002 A SE | recorded~2021 (DB date, not legal located date) | src: BLM MLRS Not Closed | APPROX (BLM quarter-section)</description><styleUrl>#active_claim</styleUrl><Polygon><outerBoundaryIs><LinearRing><coordinates>-123.612792,42.810901,0 -123.612735,42.814462,0 -123.612681,42.818020,0 -123.607888,42.818052,0 -123.603092,42.818089,0 -123.603117,42.814492,0 -123.603143,42.810895,0 -123.607967,42.810898,0 -123.612792,42.810901,0</coordinates></LinearRing></outerBoundaryIs></Polygon></Placemark><Placemark><name>TENNESSEE GULCH [APPROX quarter-section]</name><description>placer | serial ORMC177440 | 100.0 ac | Active | qtr-sec OR 33 0320S 0050W 035 A SW | recorded~2021 (DB date, not legal located date) | src: BLM MLRS Not Closed | APPROX (BLM quarter-section)</description><styleUrl>#active_claim</styleUrl><Polygon><outerBoundaryIs><LinearRing><coordinates>-123.263189,42.739292,0 -123.264386,42.739295,0 -123.268170,42.739304,0 -123.267525,42.742964,0 -123.266880,42.746624,0 -123.262199,42.746590,0 -123.257518,42.746555,0 -123.257858,42.742973,0 -123.257864,42.742917,0 -123.258037,42.741098,0 -123.258209,42.739279,0 -123.259357,42.739283,0 -123.260693,42.739286,0 -123.261941,42.739289,0 -123.263189,42.739292,0</coordinates></LinearRing></outerBoundaryIs></Polygon></Placemark><Placemark><name>STAIRWAY TO GOLD [APPROX quarter-section]</name><description>placer | serial ORMC178000 | 20.0 ac | Active | qtr-sec OR 33 0310S 0080W 035 A SWSW | recorded~2021 (DB date, not legal located date) | src: BLM MLRS Not Closed | APPROX (BLM quarter-section)</description><styleUrl>#active_claim</styleUrl><Polygon><outerBoundaryIs><LinearRing><coordinates>-123.621971,42.825036,0 -123.621995,42.828551,0 -123.619636,42.828564,0 -123.617276,42.828576,0 -123.617280,42.825029,0 -123.621971,42.825036,0</coordinates></LinearRing></outerBoundaryIs></Polygon></Placemark><Placemark><name>BLESSED MEADOWS #1 [APPROX quarter-section]</name><description>placer | serial ORMC178018 | 79.8 ac | Active | qtr-sec OR 33 0310S 0050W 006 A NW | recorded~2021 (DB date, not legal located date) | src: BLM MLRS Not Closed | APPROX (BLM quarter-section)</description><styleUrl>#active_claim</styleUrl><Polygon><outerBoundaryIs><LinearRing><coordinates>-123.342585,42.905178,0 -123.347283,42.905099,0 -123.347293,42.906169,0 -123.347307,42.908535,0 -123.347308,42.908632,0 -123.347330,42.912166,0 -123.342341,42.912270,0 -123.341863,42.912280,0 -123.337348,42.912375,0 -123.337598,42.908817,0 -123.337848,42.905259,0 -123.342585,42.905178,0</coordinates></LinearRing></outerBoundaryIs></Polygon></Placemark><Placemark><name>BLESSED MEADOWS #2 [APPROX quarter-section]</name><description>placer | serial ORMC178019 | 40.0 ac | Active | qtr-sec OR 33 0310S 0050W 006 A NW | recorded~2021 (DB date, not legal located date) | src: BLM MLRS Not Closed | APPROX (BLM quarter-section)</description><styleUrl>#active_claim</styleUrl><Polygon><outerBoundaryIs><LinearRing><coordinates>-123.342585,42.905178,0 -123.347283,42.905099,0 -123.347293,42.906169,0 -123.347307,42.908535,0 -123.347308,42.908632,0 -123.347330,42.912166,0 -123.342341,42.912270,0 -123.341863,42.912280,0 -123.337348,42.912375,0 -123.337598,42.908817,0 -123.337848,42.905259,0 -123.342585,42.905178,0</coordinates></LinearRing></outerBoundaryIs></Polygon></Placemark><Placemark><name>BLESSED MEADOWS #4 [APPROX quarter-section]</name><description>placer | serial ORMC178020 | 40.0 ac | Active | qtr-sec OR 33 0310S 0050W 006 A NW | recorded~2021 (DB date, not legal located date) | src: BLM MLRS Not Closed | APPROX (BLM quarter-section)</description><styleUrl>#active_claim</styleUrl><Polygon><outerBoundaryIs><LinearRing><coordinates>-123.342585,42.905178,0 -123.347283,42.905099,0 -123.347293,42.906169,0 -123.347307,42.908535,0 -123.347308,42.908632,0 -123.347330,42.912166,0 -123.342341,42.912270,0 -123.341863,42.912280,0 -123.337348,42.912375,0 -123.337598,42.908817,0 -123.337848,42.905259,0 -123.342585,42.905178,0</coordinates></LinearRing></outerBoundaryIs></Polygon></Placemark><Placemark><name>GOLD BALL [APPROX quarter-section]</name><description>placer | serial ORMC178035 | 20.0 ac | Active | qtr-sec OR 33 0330S 0080W 022 A SE | recorded~2021 (DB date, not legal located date) | src: BLM MLRS Not Closed | APPROX (BLM quarter-section)</description><styleUrl>#active_claim</styleUrl><Polygon><outerBoundaryIs><LinearRing><coordinates>-123.631871,42.688324,0 -123.626948,42.688325,0 -123.622026,42.688325,0 -123.622027,42.686123,0 -123.622027,42.685695,0 -123.622028,42.684700,0 -123.622029,42.683303,0 -123.622029,42.682565,0 -123.622030,42.682108,0 -123.622030,42.681075,0 -123.623363,42.681073,0 -123.626949,42.681068,0 -123.629551,42.681064,0 -123.631093,42.681061,0 -123.631869,42.681060,0 -123.632635,42.681059,0 -123.631869,42.681654,0 -123.631870,42.684692,0 -123.631871,42.688324,0</coordinates></LinearRing></outerBoundaryIs></Polygon></Placemark><Placemark><name>GOLD BELT [APPROX quarter-section]</name><description>placer | serial ORMC178036 | 20.0 ac | Active | qtr-sec OR 33 0330S 0080W 022 A SE | recorded~2021 (DB date, not legal located date) | src: BLM MLRS Not Closed | APPROX (BLM quarter-section)</description><styleUrl>#active_claim</styleUrl><Polygon><outerBoundaryIs><LinearRing><coordinates>-123.631871,42.688324,0 -123.626948,42.688325,0 -123.622026,42.688325,0 -123.622027,42.686123,0 -123.622027,42.685695,0 -123.622028,42.684700,0 -123.622029,42.683303,0 -123.622029,42.682565,0 -123.622030,42.682108,0 -123.622030,42.681075,0 -123.623363,42.681073,0 -123.626949,42.681068,0 -123.629551,42.681064,0 -123.631093,42.681061,0 -123.631869,42.681060,0 -123.632635,42.681059,0 -123.631869,42.681654,0 -123.631870,42.684692,0 -123.631871,42.688324,0</coordinates></LinearRing></outerBoundaryIs></Polygon></Placemark><Placemark><name>HOGUM #1 [APPROX quarter-section]</name><description>placer | serial ORMC23756 | 20.0 ac | Active | qtr-sec OR 33 0320S 0040W 021 A SW | recorded~2021 (DB date, not legal located date) | src: BLM MLRS Not Closed | APPROX (BLM quarter-section)</description><styleUrl>#active_claim</styleUrl><Polygon><outerBoundaryIs><LinearRing><coordinates>-123.191841,42.775958,0 -123.191866,42.777777,0 -123.189373,42.777753,0 -123.186912,42.777730,0 -123.186878,42.777730,0 -123.184387,42.777706,0 -123.181958,42.777683,0 -123.181920,42.775873,0 -123.181976,42.774067,0 -123.181965,42.773160,0 -123.181975,42.772255,0 -123.181985,42.771351,0 -123.182125,42.770406,0 -123.183217,42.770453,0 -123.184438,42.770460,0 -123.185659,42.770467,0 -123.186881,42.770474,0 -123.191750,42.770500,0 -123.191779,42.772320,0 -123.191816,42.774139,0 -123.191841,42.775958,0</coordinates></LinearRing></outerBoundaryIs></Polygon></Placemark><Placemark><name>HOGUM #2 [APPROX quarter-section]</name><description>placer | serial ORMC23757 | 20.0 ac | Active | qtr-sec OR 33 0320S 0040W 028 A NW | recorded~2021 (DB date, not legal located date) | src: BLM MLRS Not Closed | APPROX (BLM quarter-section)</description><styleUrl>#active_claim</styleUrl><Polygon><outerBoundaryIs><LinearRing><coordinates>-123.186881,42.770474,0 -123.185659,42.770467,0 -123.184438,42.770460,0 -123.183217,42.770453,0 -123.182125,42.770406,0 -123.181988,42.768632,0 -123.181981,42.766818,0 -123.181967,42.763190,0 -123.186566,42.763188,0 -123.186836,42.763188,0 -123.187470,42.763188,0 -123.191696,42.763186,0 -123.191720,42.765015,0 -123.191736,42.766844,0 -123.191741,42.768675,0 -123.191750,42.770500,0 -123.186881,42.770474,0</coordinates></LinearRing></outerBoundaryIs></Polygon></Placemark><Placemark><name>Goldopolis [APPROX quarter-section]</name><description>placer | serial OR105801780 | 80.0 ac | Active | qtr-sec OR 33 0330S 0040W 021 RemainderAliquotPartNENENE | OR 33 0330S 0040W 021 RemainderAliquotPartNENESENE | OR 33 0330S 0040W 021 RemainderAliquotPartNENWNE | OR 33 0330S 0040W 021 RemainderAliquotPartNENWSENE | OR 33 0330S 0040W 021 RemainderAli…</description><styleUrl>#active_claim</styleUrl><Polygon><outerBoundaryIs><LinearRing><coordinates>-123.175620,42.691897,0 -123.175623,42.690994,0 -123.175625,42.690091,0 -123.175628,42.689188,0 -123.175631,42.688286,0 -123.178104,42.688289,0 -123.180577,42.688292,0 -123.180582,42.691898,0 -123.178101,42.691897,0 -123.175620,42.691897,0</coordinates></LinearRing></outerBoundaryIs></Polygon></Placemark><Placemark><name>Cow #1 [APPROX quarter-section]</name><description>placer | serial OR105810520 | 20.0 ac | Active | qtr-sec OR 33 0320S 0080W 009 A SE|OR 33 0320S 0080W 009 A NWSE|OR 33 0320S 0080W 009 A SWSE|OR 33 0320S 0080W 009 A SESE|OR 33 0320S 0080W 009 A Government Lot 15|OR 33 0320S 0080W 009 A NESE|OR 33 0320S 0080W 009 A Government Lot 8|OR 33 0320S 0080…</description><styleUrl>#active_claim</styleUrl><Polygon><outerBoundaryIs><LinearRing><coordinates>-123.651320,42.796897,0 -123.656071,42.796855,0 -123.660823,42.796813,0 -123.660896,42.800316,0 -123.660970,42.803819,0 -123.661042,42.807322,0 -123.661115,42.810824,0 -123.656297,42.810844,0 -123.651480,42.810866,0 -123.646663,42.810890,0 -123.641846,42.810914,0 -123.641839,42.807430,0 -123.641832,42.803946,0 -123.641825,42.800462,0 -123.641818,42.796978,0 -123.646569,42.796938,0 -123.651320,42.796897,0</coordinates></LinearRing></outerBoundaryIs></Polygon></Placemark><Placemark><name>Cow #2 [APPROX quarter-section]</name><description>placer | serial OR105810521 | 20.0 ac | Active | qtr-sec OR 33 0320S 0080W 009 A SE|OR 33 0320S 0080W 009 A NWSE|OR 33 0320S 0080W 009 A SWSE|OR 33 0320S 0080W 009 A SESE|OR 33 0320S 0080W 009 A Government Lot 15|OR 33 0320S 0080W 009 A NESE|OR 33 0320S 0080W 009 A Government Lot 8|OR 33 0320S 0080…</description><styleUrl>#active_claim</styleUrl><Polygon><outerBoundaryIs><LinearRing><coordinates>-123.651320,42.796897,0 -123.656071,42.796855,0 -123.660823,42.796813,0 -123.660896,42.800316,0 -123.660970,42.803819,0 -123.661042,42.807322,0 -123.661115,42.810824,0 -123.656297,42.810844,0 -123.651480,42.810866,0 -123.646663,42.810890,0 -123.641846,42.810914,0 -123.641839,42.807430,0 -123.641832,42.803946,0 -123.641825,42.800462,0 -123.641818,42.796978,0 -123.646569,42.796938,0 -123.651320,42.796897,0</coordinates></LinearRing></outerBoundaryIs></Polygon></Placemark><Placemark><name>COW # 3 [APPROX quarter-section]</name><description>placer | serial OR105819658 | 273.22 ac | Active | qtr-sec OR 33 0320S 0080W 009 A NW | recorded~2023 (DB date, not legal located date) | src: BLM MLRS Not Closed | APPROX (BLM quarter-section)</description><styleUrl>#active_claim</styleUrl><Polygon><outerBoundaryIs><LinearRing><coordinates>-123.656297,42.810844,0 -123.651480,42.810866,0 -123.651440,42.807374,0 -123.651400,42.803883,0 -123.656185,42.803851,0 -123.660970,42.803819,0 -123.661042,42.807322,0 -123.661115,42.810824,0 -123.656297,42.810844,0</coordinates></LinearRing></outerBoundaryIs></Polygon></Placemark><Placemark><name>Two Hole [APPROX quarter-section]</name><description>placer | serial OR106333449 | 2587.9 ac | Active | qtr-sec OR 33 0320S 0050W 025 Lot1 | OR 33 0320S 0050W 025 Lot2 | OR 33 0320S 0050W 025 Lot7 | OR 33 0320S 0050W 025 Lot8 | OR 33 0320S 0050W 025 A SW | recorded~2023 (DB date, not legal located date) | src: BLM MLRS Not Closed | APPROX (BLM quarte…</description><styleUrl>#active_claim</styleUrl><Polygon><outerBoundaryIs><LinearRing><coordinates>-123.242115,42.753921,0 -123.247050,42.753933,0 -123.247156,42.757338,0 -123.247271,42.760960,0 -123.242471,42.760937,0 -123.237670,42.760914,0 -123.237417,42.757284,0 -123.237181,42.753908,0 -123.237218,42.753908,0 -123.242115,42.753921,0</coordinates></LinearRing></outerBoundaryIs></Polygon></Placemark><Placemark><name>Lower Cow Creek 1 [APPROX quarter-section]</name><description>placer | serial OR106336493 | 40.0 ac | Active | qtr-sec OR 33 0310S 0070W 017 A NENW | recorded~2023 (DB date, not legal located date) | src: BLM MLRS Not Closed | APPROX (BLM quarter-section)</description><styleUrl>#active_claim</styleUrl><Polygon><outerBoundaryIs><LinearRing><coordinates>-123.558359,42.880162,0 -123.560792,42.880107,0 -123.560965,42.884099,0 -123.556110,42.884146,0 -123.555925,42.880216,0 -123.558359,42.880162,0</coordinates></LinearRing></outerBoundaryIs></Polygon></Placemark><Placemark><name>Bull Run #3 [APPROX quarter-section]</name><description>placer | serial OR106340875 | 2587.9 ac | Filed | qtr-sec OR 33 0320S 0050W 025 Lot1 | OR 33 0320S 0050W 025 Lot2 | OR 33 0320S 0050W 025 Lot7 | OR 33 0320S 0050W 025 Lot8 | OR 33 0320S 0050W 025 A SW | recorded~2023 (DB date, not legal located date) | src: BLM MLRS Not Closed | APPROX (BLM quarter…</description><styleUrl>#active_claim</styleUrl><Polygon><outerBoundaryIs><LinearRing><coordinates>-123.242115,42.753921,0 -123.247050,42.753933,0 -123.247156,42.757338,0 -123.247271,42.760960,0 -123.242471,42.760937,0 -123.237670,42.760914,0 -123.237417,42.757284,0 -123.237181,42.753908,0 -123.237218,42.753908,0 -123.242115,42.753921,0</coordinates></LinearRing></outerBoundaryIs></Polygon></Placemark><Placemark><name>Bull Run #4 [APPROX quarter-section]</name><description>placer | serial OR106340876 | 2570.85 ac | Filed | qtr-sec OR 33 0320S 0050W 025 Lot3 | OR 33 0320S 0050W 025 Lot4 | OR 33 0320S 0050W 025 Lot5 | OR 33 0320S 0050W 025 Lot6 | OR 33 0320S 0050W 025 A SE | recorded~2023 (DB date, not legal located date) | src: BLM MLRS Not Closed | APPROX (BLM quarte…</description><styleUrl>#active_claim</styleUrl><Polygon><outerBoundaryIs><LinearRing><coordinates>-123.232195,42.753876,0 -123.232892,42.753877,0 -123.237181,42.753908,0 -123.237417,42.757284,0 -123.237670,42.760914,0 -123.233140,42.760892,0 -123.228611,42.760870,0 -123.228613,42.759438,0 -123.228617,42.757213,0 -123.228620,42.755818,0 -123.228623,42.753854,0 -123.232195,42.753876,0</coordinates></LinearRing></outerBoundaryIs></Polygon></Placemark><Placemark><name>Da Bull [APPROX quarter-section]</name><description>placer | serial OR106341088 | 2587.9 ac | Active | qtr-sec OR 33 0320S 0050W 025 Lot1 | OR 33 0320S 0050W 025 Lot2 | OR 33 0320S 0050W 025 Lot7 | OR 33 0320S 0050W 025 Lot8 | OR 33 0320S 0050W 025 A SW | recorded~2023 (DB date, not legal located date) | src: BLM MLRS Not Closed | APPROX (BLM quarte…</description><styleUrl>#active_claim</styleUrl><Polygon><outerBoundaryIs><LinearRing><coordinates>-123.242115,42.753921,0 -123.247050,42.753933,0 -123.247156,42.757338,0 -123.247271,42.760960,0 -123.242471,42.760937,0 -123.237670,42.760914,0 -123.237417,42.757284,0 -123.237181,42.753908,0 -123.237218,42.753908,0 -123.242115,42.753921,0</coordinates></LinearRing></outerBoundaryIs></Polygon></Placemark><Placemark><name>Country Gold [APPROX quarter-section]</name><description>placer | serial OR106345788 | 333.08 ac | Active | qtr-sec OR 33 0320S 0080W 005 A NE | OR 33 0320S 0080W 005 A NW | recorded~2024 (DB date, not legal located date) | src: BLM MLRS Not Closed | APPROX (BLM quarter-section)</description><styleUrl>#active_claim</styleUrl><Polygon><outerBoundaryIs><LinearRing><coordinates>-123.679377,42.820830,0 -123.678394,42.824952,0 -123.673697,42.824942,0 -123.669002,42.824941,0 -123.669419,42.821082,0 -123.669804,42.817521,0 -123.675000,42.817301,0 -123.680195,42.817081,0 -123.679377,42.820830,0</coordinates></LinearRing></outerBoundaryIs></Polygon></Placemark><Placemark><name>Bull Run #6 [APPROX quarter-section]</name><description>placer | serial OR106346986 | 40.0 ac | Active | qtr-sec OR 33 0320S 0040W 031 A N2NENW | recorded~2024 (DB date, not legal located date) | src: BLM MLRS Not Closed | APPROX (BLM quarter-section)</description><styleUrl>#active_claim</styleUrl><Polygon><outerBoundaryIs><LinearRing><coordinates>-123.221239,42.755797,0 -123.221201,42.753988,0 -123.223699,42.753993,0 -123.226197,42.753999,0 -123.226221,42.755811,0 -123.223730,42.755804,0 -123.221239,42.755797,0</coordinates></LinearRing></outerBoundaryIs></Polygon></Placemark><Placemark><name>Fortune 9A [APPROX quarter-section]</name><description>placer | serial OR106349910 | 40.0 ac | Active | qtr-sec OR 33 0320S 0050W 009 A S2SWSW | recorded~2024 (DB date, not legal located date) | src: BLM MLRS Not Closed | APPROX (BLM quarter-section)</description><styleUrl>#active_claim</styleUrl><Polygon><outerBoundaryIs><LinearRing><coordinates>-123.302824,42.799302,0 -123.302834,42.797514,0 -123.305298,42.797519,0 -123.307761,42.797524,0 -123.307742,42.799311,0 -123.305283,42.799307,0 -123.302824,42.799302,0</coordinates></LinearRing></outerBoundaryIs></Polygon></Placemark><Placemark><name>RMPA Union [APPROX quarter-section]</name><description>placer | serial OR106359320 | 20.0 ac | Active | qtr-sec OR 33 0310S 0080W 011 A NW | recorded~2024 (DB date, not legal located date) | src: BLM MLRS Not Closed | APPROX (BLM quarter-section)</description><styleUrl>#active_claim</styleUrl><Polygon><outerBoundaryIs><LinearRing><coordinates>-123.622501,42.897689,0 -123.617774,42.897715,0 -123.613046,42.897742,0 -123.613000,42.894105,0 -123.612977,42.892286,0 -123.612954,42.890467,0 -123.617735,42.890432,0 -123.622516,42.890397,0 -123.622509,42.894043,0 -123.622501,42.897689,0</coordinates></LinearRing></outerBoundaryIs></Polygon></Placemark><Placemark><name>Grave Creek Gold [APPROX quarter-section]</name><description>placer | serial OR106361111 | 140.0 ac | Active | qtr-sec OR 33 0330S 0040W 003 A NE | recorded~2024 (DB date, not legal located date) | src: BLM MLRS Not Closed | APPROX (BLM quarter-section)</description><styleUrl>#active_claim</styleUrl><Polygon><outerBoundaryIs><LinearRing><coordinates>-123.160676,42.737772,0 -123.157017,42.737755,0 -123.155728,42.737749,0 -123.154701,42.737745,0 -123.152037,42.737727,0 -123.150781,42.737719,0 -123.150826,42.734994,0 -123.150887,42.731391,0 -123.155821,42.731446,0 -123.160755,42.731502,0 -123.160710,42.735095,0 -123.160676,42.737772,0</coordinates></LinearRing></outerBoundaryIs></Polygon></Placemark><Placemark><name>Painted Horse [APPROX quarter-section]</name><description>placer | serial OR106363908 | 160.0 ac | Active | qtr-sec OR 33 0320S 0040W 015 A SE | recorded~2024 (DB date, not legal located date) | src: BLM MLRS Not Closed | APPROX (BLM quarter-section)</description><styleUrl>#active_claim</styleUrl><Polygon><outerBoundaryIs><LinearRing><coordinates>-123.157206,42.784936,0 -123.159642,42.784947,0 -123.162078,42.784958,0 -123.162073,42.788457,0 -123.162067,42.791956,0 -123.157230,42.791999,0 -123.154812,42.792021,0 -123.152391,42.792040,0 -123.152378,42.790261,0 -123.152363,42.788479,0 -123.152348,42.786697,0 -123.152333,42.784914,0 -123.154769,42.784925,0 -123.157206,42.784936,0</coordinates></LinearRing></outerBoundaryIs></Polygon></Placemark><Placemark><name>Horseshoe [APPROX quarter-section]</name><description>placer | serial OR106363909 | 160.0 ac | Active | qtr-sec OR 33 0320S 0040W 015 A NW | recorded~2024 (DB date, not legal located date) | src: BLM MLRS Not Closed | APPROX (BLM quarter-section)</description><styleUrl>#active_claim</styleUrl><Polygon><outerBoundaryIs><LinearRing><coordinates>-123.171815,42.799110,0 -123.166936,42.799174,0 -123.162050,42.799163,0 -123.162061,42.795593,0 -123.162067,42.791956,0 -123.166929,42.791912,0 -123.171788,42.791826,0 -123.171804,42.795492,0 -123.171815,42.799110,0</coordinates></LinearRing></outerBoundaryIs></Polygon></Placemark><Placemark><name>Grave Digger Gold [APPROX quarter-section]</name><description>placer | serial OR106367729 | 1438.4 ac | Active | qtr-sec OR 33 0330S 0040W 003 Lot1 | OR 33 0330S 0040W 003 Lot2 | OR 33 0330S 0040W 003 SENE | OR 33 0330S 0040W 003 SWNE | OR 33 0330S 0040W 003 A SE | recorded~2024 (DB date, not legal located date) | src: BLM MLRS Not Closed | APPROX (BLM quarte…</description><styleUrl>#active_claim</styleUrl><Polygon><outerBoundaryIs><LinearRing><coordinates>-123.160846,42.724185,0 -123.160800,42.727843,0 -123.160755,42.731502,0 -123.155821,42.731446,0 -123.150887,42.731391,0 -123.150910,42.727700,0 -123.150933,42.724009,0 -123.155889,42.724097,0 -123.160846,42.724185,0</coordinates></LinearRing></outerBoundaryIs></Polygon></Placemark><Placemark><name>Little Nugget [APPROX quarter-section]</name><description>placer | serial OR106377475 | 60.0 ac | Filed | qtr-sec OR 33 0330S 0040W 019 A NE | OR 33 0330S 0040W 019 A SE | recorded~2024 (DB date, not legal located date) | src: BLM MLRS Not Closed | APPROX (BLM quarter-section)</description><styleUrl>#active_claim</styleUrl><Polygon><outerBoundaryIs><LinearRing><coordinates>-123.220196,42.688154,0 -123.218978,42.688155,0 -123.217759,42.688157,0 -123.216541,42.688159,0 -123.215323,42.688160,0 -123.210449,42.688167,0 -123.210445,42.684592,0 -123.210441,42.681017,0 -123.215348,42.680981,0 -123.220255,42.680945,0 -123.220226,42.684549,0 -123.220196,42.688154,0</coordinates></LinearRing></outerBoundaryIs></Polygon></Placemark><Placemark><name>Shively 1 [APPROX quarter-section]</name><description>placer | serial OR106384640 | 20.0 ac | Active | qtr-sec OR 33 0310S 0040W 011 A NW | recorded~2024 (DB date, not legal located date) | src: BLM MLRS Not Closed | APPROX (BLM quarter-section)</description><styleUrl>#active_claim</styleUrl><Polygon><outerBoundaryIs><LinearRing><coordinates>-123.146004,42.892466,0 -123.150928,42.892521,0 -123.150827,42.896116,0 -123.150727,42.899711,0 -123.145862,42.899541,0 -123.143429,42.899456,0 -123.140997,42.899372,0 -123.140996,42.897602,0 -123.141039,42.895891,0 -123.141080,42.892411,0 -123.146004,42.892466,0</coordinates></LinearRing></outerBoundaryIs></Polygon></Placemark><Placemark><name>Bummer Gulch [APPROX quarter-section]</name><description>placer | serial OR106389221 | 20.0 ac | Active | qtr-sec OR 33 0330S 0050W 010 A SW | recorded~2024 (DB date, not legal located date) | src: BLM MLRS Not Closed | APPROX (BLM quarter-section)</description><styleUrl>#active_claim</styleUrl><Polygon><outerBoundaryIs><LinearRing><coordinates>-123.289048,42.713700,0 -123.289050,42.716460,0 -123.289050,42.717380,0 -123.286588,42.717382,0 -123.284127,42.717383,0 -123.281665,42.717384,0 -123.279203,42.717385,0 -123.279173,42.713739,0 -123.279143,42.710093,0 -123.281619,42.710075,0 -123.284094,42.710056,0 -123.286570,42.710038,0 -123.289045,42.710020,0 -123.289048,42.713700,0</coordinates></LinearRing></outerBoundaryIs></Polygon></Placemark><Placemark><name>Slutter Mine  4 [APPROX quarter-section]</name><description>placer | serial OR106392088 | 44.3 ac | Active | qtr-sec OR 33 0330S 0050W 011 A N2NESW | recorded~2024 (DB date, not legal located date) | src: BLM MLRS Not Closed | APPROX (BLM quarter-section)</description><styleUrl>#active_claim</styleUrl><Polygon><outerBoundaryIs><LinearRing><coordinates>-123.259332,42.717280,0 -123.259322,42.715451,0 -123.261822,42.715492,0 -123.264322,42.715534,0 -123.264331,42.717359,0 -123.261832,42.717319,0 -123.259332,42.717280,0</coordinates></LinearRing></outerBoundaryIs></Polygon></Placemark><Placemark><name>Slutter Mine 2 [APPROX quarter-section]</name><description>placer | serial OR106392089 | 40.0 ac | Active | qtr-sec OR 33 0330S 0050W 010 A N2NESE | recorded~2024 (DB date, not legal located date) | src: BLM MLRS Not Closed | APPROX (BLM quarter-section)</description><styleUrl>#active_claim</styleUrl><Polygon><outerBoundaryIs><LinearRing><coordinates>-123.271782,42.717409,0 -123.269309,42.717417,0 -123.269306,42.715601,0 -123.271777,42.715591,0 -123.274247,42.715582,0 -123.274256,42.717402,0 -123.271782,42.717409,0</coordinates></LinearRing></outerBoundaryIs></Polygon></Placemark><Placemark><name>Slutter mine 3 [APPROX quarter-section]</name><description>placer | serial OR106392090 | 61.56 ac | Active | qtr-sec OR 33 0330S 0050W 011 A N2NWSW | recorded~2024 (DB date, not legal located date) | src: BLM MLRS Not Closed | APPROX (BLM quarter-section)</description><styleUrl>#active_claim</styleUrl><Polygon><outerBoundaryIs><LinearRing><coordinates>-123.264331,42.717359,0 -123.264322,42.715534,0 -123.266822,42.715575,0 -123.269321,42.715616,0 -123.269329,42.717438,0 -123.266830,42.717398,0 -123.264331,42.717359,0</coordinates></LinearRing></outerBoundaryIs></Polygon></Placemark><Placemark><name>Golden Gravels 2 [APPROX quarter-section]</name><description>placer | serial OR106392130 | 40.0 ac | Active | qtr-sec OR 33 0320S 0080W 012 A NWSE | recorded~2024 (DB date, not legal located date) | src: BLM MLRS Not Closed | APPROX (BLM quarter-section)</description><styleUrl>#active_claim</styleUrl><Polygon><outerBoundaryIs><LinearRing><coordinates>-123.588965,42.800268,0 -123.593666,42.800280,0 -123.593565,42.803793,0 -123.588925,42.803776,0 -123.588965,42.800268,0</coordinates></LinearRing></outerBoundaryIs></Polygon></Placemark><Placemark><name>slutter mine 1 [APPROX quarter-section]</name><description>placer | serial OR106695314 | 20.0 ac | Filed | qtr-sec OR 33 0330S 0050W 010 NENENWSE | OR 33 0330S 0050W 010 NENWNWSE | OR 33 0330S 0050W 010 NWNENWSE | OR 33 0330S 0050W 010 NWNWNWSE | OR 33 0330S 0050W 010 SESESWNE | OR 33 0330S 0050W 010 SESWSWNE | OR 33 0330S 0050W 010 SWSESWNE | OR 33 0330S …</description><styleUrl>#active_claim</styleUrl><Polygon><outerBoundaryIs><LinearRing><coordinates>-123.277966,42.718307,0 -123.277966,42.717389,0 -123.279203,42.717385,0 -123.279202,42.718305,0 -123.277966,42.718307,0</coordinates></LinearRing></outerBoundaryIs></Polygon></Placemark><Placemark><name>Morgan Mine [APPROX quarter-section]</name><description>lode | serial OR106696444 | 20.66 ac | Active | qtr-sec OR 33 0320S 0040W 025 SE | recorded~2024 (DB date, not legal located date) | src: BLM MLRS Not Closed | APPROX (BLM quarter-section)</description><styleUrl>#active_claim</styleUrl><Polygon><outerBoundaryIs><LinearRing><coordinates>-123.122360,42.759365,0 -123.122144,42.762986,0 -123.117152,42.762993,0 -123.112160,42.763000,0 -123.112409,42.759436,0 -123.112413,42.759378,0 -123.112642,42.755832,0 -123.112647,42.755750,0 -123.117615,42.755845,0 -123.122515,42.755939,0 -123.122360,42.759365,0</coordinates></LinearRing></outerBoundaryIs></Polygon></Placemark><Placemark><name>GOLDEN GRAVELS 3 [APPROX quarter-section]</name><description>placer | serial OR106697035 | 40.0 ac | Active | qtr-sec OR 33 0310S 0070W 019 L 1-2,NW | recorded~2024 (DB date, not legal located date) | src: BLM MLRS Not Closed | APPROX (BLM quarter-section)</description><styleUrl>#active_claim</styleUrl><Polygon><outerBoundaryIs><LinearRing><coordinates>-123.584479,42.868823,0 -123.579795,42.868892,0 -123.579737,42.865285,0 -123.579680,42.861679,0 -123.584395,42.861604,0 -123.584437,42.865214,0 -123.584479,42.868823,0</coordinates></LinearRing></outerBoundaryIs></Polygon></Placemark><Placemark><name>Golden Gravels 4 [APPROX quarter-section]</name><description>placer | serial OR106697097 | 40.0 ac | Active | qtr-sec OR 33 0310S 0070W 019 NENW | recorded~2024 (DB date, not legal located date) | src: BLM MLRS Not Closed | APPROX (BLM quarter-section)</description><styleUrl>#active_claim</styleUrl><Polygon><outerBoundaryIs><LinearRing><coordinates>-123.579737,42.865285,0 -123.579795,42.868892,0 -123.574942,42.868962,0 -123.574899,42.865359,0 -123.579737,42.865285,0</coordinates></LinearRing></outerBoundaryIs></Polygon></Placemark><Placemark><name>Cow # 123 [APPROX quarter-section]</name><description>placer | serial OR106701466 | 20.0 ac | Active | qtr-sec OR 33 0320S 0080W 005 W2SWNW | recorded~2024 (DB date, not legal located date) | src: BLM MLRS Not Closed | APPROX (BLM quarter-section)</description><styleUrl>#active_claim</styleUrl><Polygon><outerBoundaryIs><LinearRing><coordinates>-123.677597,42.817191,0 -123.680195,42.817081,0 -123.679786,42.818956,0 -123.679377,42.820830,0 -123.676877,42.820893,0 -123.677237,42.819042,0 -123.677597,42.817191,0</coordinates></LinearRing></outerBoundaryIs></Polygon></Placemark><Placemark><name>Cow # 1234 [APPROX quarter-section]</name><description>placer | serial OR106704810 | 20.0 ac | Under Review | qtr-sec OR 33 0320S 0080W 005 E2SENE | recorded~2024 (DB date, not legal located date) | src: BLM MLRS Not Closed | APPROX (BLM quarter-section)</description><styleUrl>#active_claim</styleUrl><Polygon><outerBoundaryIs><LinearRing><coordinates>-123.661182,42.817885,0 -123.663337,42.817794,0 -123.663004,42.819528,0 -123.662671,42.821262,0 -123.660421,42.821322,0 -123.660801,42.819604,0 -123.661182,42.817885,0</coordinates></LinearRing></outerBoundaryIs></Polygon></Placemark><Placemark><name>Grave Digger [APPROX quarter-section]</name><description>placer | serial OR106713841 | 20.0 ac | Active | qtr-sec OR 33 0330S 0040W 015 A W2NWSW | recorded~2025 (DB date, not legal located date) | src: BLM MLRS Not Closed | APPROX (BLM quarter-section)</description><styleUrl>#active_claim</styleUrl><Polygon><outerBoundaryIs><LinearRing><coordinates>-123.168200,42.699137,0 -123.170631,42.699147,0 -123.170632,42.700964,0 -123.170634,42.702781,0 -123.168197,42.702772,0 -123.168198,42.700954,0 -123.168200,42.699137,0</coordinates></LinearRing></outerBoundaryIs></Polygon></Placemark><Placemark><name>Last Chance [APPROX quarter-section]</name><description>placer | serial OR106715355 | 80.0 ac | Filed | qtr-sec OR 33 0330S 0040W 003 A NWSW | OR 33 0330S 0040W 003 A SWSW | recorded~2025 (DB date, not legal located date) | src: BLM MLRS Not Closed | APPROX (BLM quarter-section)</description><styleUrl>#active_claim</styleUrl><Polygon><outerBoundaryIs><LinearRing><coordinates>-123.165803,42.724272,0 -123.170759,42.724360,0 -123.170687,42.727986,0 -123.170614,42.731612,0 -123.165684,42.731557,0 -123.165743,42.727915,0 -123.165803,42.724272,0</coordinates></LinearRing></outerBoundaryIs></Polygon></Placemark><Placemark><name>Fortune Branch Lode Claim 2 [APPROX quarter-section]</name><description>lode | serial OR106715603 | 20.66 ac | Active | qtr-sec OR 33 0310S 0050W 027 SW | OR 33 0310S 0050W 028 SE | OR 33 0310S 0050W 033 NE | OR 33 0310S 0050W 034 NW | recorded~2025 (DB date, not legal located date) | src: BLM MLRS Not Closed | APPROX (BLM quarter-section)</description><styleUrl>#active_claim</styleUrl><Polygon><outerBoundaryIs><LinearRing><coordinates>-123.287146,42.840195,0 -123.282175,42.840250,0 -123.277204,42.840304,0 -123.277301,42.836719,0 -123.277398,42.833135,0 -123.282334,42.833173,0 -123.287271,42.833211,0 -123.287208,42.836703,0 -123.287146,42.840195,0</coordinates></LinearRing></outerBoundaryIs></Polygon></Placemark><Placemark><name>Fortune Branch Lode Claim 1 [APPROX quarter-section]</name><description>lode | serial OR106715602 | 20.66 ac | Active | qtr-sec OR 33 0310S 0050W 027 SW | OR 33 0310S 0050W 028 SE | recorded~2025 (DB date, not legal located date) | src: BLM MLRS Not Closed | APPROX (BLM quarter-section)</description><styleUrl>#active_claim</styleUrl><Polygon><outerBoundaryIs><LinearRing><coordinates>-123.287470,42.847168,0 -123.287308,42.843682,0 -123.287146,42.840195,0 -123.292165,42.840155,0 -123.297184,42.840116,0 -123.297278,42.843651,0 -123.297371,42.847187,0 -123.292421,42.847177,0 -123.287470,42.847168,0</coordinates></LinearRing></outerBoundaryIs></Polygon></Placemark><Placemark><name>New CD Lode [APPROX quarter-section]</name><description>lode | serial OR106723987 | 1332.42 ac | Active | qtr-sec OR 33 0320S 0040W 033 E NENW | recorded~2025 (DB date, not legal located date) | src: BLM MLRS Not Closed | APPROX (BLM quarter-section)</description><styleUrl>#active_claim</styleUrl><Polygon><outerBoundaryIs><LinearRing><coordinates>-123.180527,42.737771,0 -123.181586,42.737760,0 -123.183871,42.737736,0 -123.185503,42.737728,0 -123.186399,42.737723,0 -123.190482,42.737702,0 -123.191213,42.737698,0 -123.191318,42.741261,0 -123.191400,42.744965,0 -123.191496,42.748648,0 -123.191515,42.749551,0 -123.191533,42.750454,0 -123.191551,42.751357,0 -123.191569,42.752260,0 -123.191587,42.753163,0 -123.191605,42.754066,0 -123.191624,42.754969,0 -123.191642,42.755872,0 -123.190429,42.755886,0 -123.189216,42.755901,0 -123.188003,42.755916,0 -123.186790,42.755931,0 -123.184364,42.755960,0 -123.181938,42.755990,0 -123.179481,42.755991,0 -123.179477,42.755991,0 -123.177016,42.755992,0 -123.174554,42.755995,0 -123.172158,42.755999,0 -123.172143,42.754177,0 -123.172128,42.752361,0 -123.172230,42.748724,0 -123.172157,42.745054,0 -123.172085,42.741383,0 -123.171959,42.737828,0 -123.174082,42.737838,0 -123.175548,42.737823,0 -123.176772,42.737811,0 -123.180527,42.737771,0</coordinates></LinearRing></outerBoundaryIs></Polygon></Placemark><Placemark><name>Grave Creek Flats [APPROX quarter-section]</name><description>placer | serial OR105816533 | 20.0 ac | Active | qtr-sec OR 33 0330S 0040W 015 A Remainder Aliquot Part NWNENW|OR 33 0330S 0040W 015 A SENW|OR 33 0330S 0040W 015 A NWNW|OR 33 0330S 0040W 015 A Remainder Aliquot Part NENENW|OR 33 0330S 0040W 015 A Remainder Aliquot Part SWNENW|OR 33 0330S 0040W 015 …</description><styleUrl>#active_claim</styleUrl><Polygon><outerBoundaryIs><LinearRing><coordinates>-123.160886,42.702742,0 -123.165760,42.702762,0 -123.168197,42.702772,0 -123.170634,42.702781,0 -123.170636,42.706416,0 -123.170639,42.710051,0 -123.165741,42.710031,0 -123.163292,42.710021,0 -123.160843,42.710011,0 -123.160854,42.708194,0 -123.160864,42.706377,0 -123.160886,42.702742,0</coordinates></LinearRing></outerBoundaryIs></Polygon></Placemark><Placemark><name>Bucket List [APPROX quarter-section]</name><description>placer | serial OR106740296 | 40.0 ac | Filed | qtr-sec OR 33 0320S 0080W 012 A SENE | OR 33 0320S 0080W 012 A SWNE | OR 33 0320S 0080W 012 A NENE | OR 33 0320S 0080W 012 A NWNE | recorded~2025 (DB date, not legal located date) | src: BLM MLRS Not Closed | APPROX (BLM quarter-section)</description><styleUrl>#active_claim</styleUrl><Polygon><outerBoundaryIs><LinearRing><coordinates>-123.584284,42.803758,0 -123.588925,42.803776,0 -123.593565,42.803793,0 -123.593464,42.807362,0 -123.593365,42.810952,0 -123.588835,42.810921,0 -123.584307,42.810911,0 -123.584294,42.807333,0 -123.584284,42.803758,0</coordinates></LinearRing></outerBoundaryIs></Polygon></Placemark><Placemark><name>CCMC # 97 [APPROX quarter-section]</name><description>placer | serial OR106747660 | 20.0 ac | Active | qtr-sec OR 33 0320S 0080W 005 A SWNW | OR 33 0320S 0080W 005 A SENW | OR 33 0320S 0080W 005 L 3 | OR 33 0320S 0080W 005 L 4 | recorded~2025 (DB date, not legal located date) | src: BLM MLRS Not Closed | APPROX (BLM quarter-section)</description><styleUrl>#active_claim</styleUrl><Polygon><outerBoundaryIs><LinearRing><coordinates>-123.680195,42.817081,0 -123.679377,42.820830,0 -123.678394,42.824952,0 -123.673697,42.824942,0 -123.669002,42.824941,0 -123.669419,42.821082,0 -123.669804,42.817521,0 -123.675000,42.817301,0 -123.680195,42.817081,0</coordinates></LinearRing></outerBoundaryIs></Polygon></Placemark><Placemark><name>Bull Run #5 [APPROX quarter-section]</name><description>placer | serial OR106749699 | 20.0 ac | Active | qtr-sec OR 33 0320S 0040W 031 L 1 | recorded~2025 (DB date, not legal located date) | src: BLM MLRS Not Closed | APPROX (BLM quarter-section)</description><styleUrl>#active_claim</styleUrl><Polygon><outerBoundaryIs><LinearRing><coordinates>-123.228623,42.753563,0 -123.228623,42.753854,0 -123.228620,42.755818,0 -123.226235,42.755811,0 -123.226221,42.755811,0 -123.226174,42.752187,0 -123.228615,42.752191,0 -123.228623,42.753563,0</coordinates></LinearRing></outerBoundaryIs></Polygon></Placemark><Placemark><name>Whitehorse [APPROX quarter-section]</name><description>placer | serial OR106750058 | 20.0 ac | Filed | qtr-sec OR 33 0320S 0040W 015 A NWSE | OR 33 0320S 0040W 015 A SWSE | OR 33 0320S 0040W 015 A NENESE | OR 33 0320S 0040W 015 A NWNESE | OR 33 0320S 0040W 015 A SWNESE | OR 33 0320S 0040W 015 A SENESE | OR 33 0320S 0040W 015 A NESESE | OR 33 0320S 0040…</description><styleUrl>#active_claim</styleUrl><Polygon><outerBoundaryIs><LinearRing><coordinates>-123.152333,42.784914,0 -123.154769,42.784925,0 -123.157206,42.784936,0 -123.159642,42.784947,0 -123.162078,42.784958,0 -123.162073,42.788457,0 -123.162067,42.791956,0 -123.157230,42.791999,0 -123.154812,42.792021,0 -123.152391,42.792040,0 -123.152378,42.790261,0 -123.152363,42.788479,0 -123.152348,42.786697,0 -123.152333,42.784914,0</coordinates></LinearRing></outerBoundaryIs></Polygon></Placemark><Placemark><name>Piggy Bank [APPROX quarter-section]</name><description>placer | serial OR106750061 | 40.0 ac | Active | qtr-sec OR 33 0320S 0070W 020 A S2NWSE | recorded~2025 (DB date, not legal located date) | src: BLM MLRS Not Closed | APPROX (BLM quarter-section)</description><styleUrl>#active_claim</styleUrl><Polygon><outerBoundaryIs><LinearRing><coordinates>-123.549336,42.773640,0 -123.549341,42.771859,0 -123.551760,42.771893,0 -123.554178,42.771927,0 -123.554180,42.773703,0 -123.551758,42.773671,0 -123.549336,42.773640,0</coordinates></LinearRing></outerBoundaryIs></Polygon></Placemark><Placemark><name>Gold Ravine [APPROX quarter-section]</name><description>placer | serial OR106750059 | 20.0 ac | Active | qtr-sec OR 33 0320S 0070W 019 A S2NESE | recorded~2025 (DB date, not legal located date) | src: BLM MLRS Not Closed | APPROX (BLM quarter-section)</description><styleUrl>#active_claim</styleUrl><Polygon><outerBoundaryIs><LinearRing><coordinates>-123.563672,42.773822,0 -123.563722,42.772068,0 -123.566204,42.772066,0 -123.568685,42.772063,0 -123.568701,42.773836,0 -123.566186,42.773829,0 -123.563672,42.773822,0</coordinates></LinearRing></outerBoundaryIs></Polygon></Placemark><Placemark><name>Golden Gravels 1 [APPROX quarter-section]</name><description>placer | serial OR106750062 | 44.33 ac | Active | qtr-sec OR 33 0320S 0070W 007 A W2SWSW | recorded~2025 (DB date, not legal located date) | src: BLM MLRS Not Closed | APPROX (BLM quarter-section)</description><styleUrl>#active_claim</styleUrl><Polygon><outerBoundaryIs><LinearRing><coordinates>-123.581401,42.796693,0 -123.584243,42.796750,0 -123.584255,42.798503,0 -123.584266,42.800256,0 -123.581447,42.800232,0 -123.581424,42.798463,0 -123.581401,42.796693,0</coordinates></LinearRing></outerBoundaryIs></Polygon></Placemark><Placemark><name>Southern Strip [APPROX quarter-section]</name><description>placer | serial OR106750542 | 40.0 ac | Active | qtr-sec OR 33 0330S 0050W 002 A E2NESW | OR 33 0330S 0050W 002 A E2SESW | recorded~2025 (DB date, not legal located date) | src: BLM MLRS Not Closed | APPROX (BLM quarter-section)</description><styleUrl>#active_claim</styleUrl><Polygon><outerBoundaryIs><LinearRing><coordinates>-123.259372,42.724597,0 -123.261867,42.724629,0 -123.261862,42.726428,0 -123.261857,42.728228,0 -123.261852,42.730026,0 -123.261847,42.731825,0 -123.259339,42.731769,0 -123.259347,42.729980,0 -123.259355,42.728191,0 -123.259364,42.726394,0 -123.259372,42.724597,0</coordinates></LinearRing></outerBoundaryIs></Polygon></Placemark><Placemark><name>Hillside Gold [APPROX quarter-section]</name><description>placer | serial OR106750536 | 20.0 ac | Active | qtr-sec OR 33 0320S 0080W 001 A NE | recorded~2025 (DB date, not legal located date) | src: BLM MLRS Not Closed | APPROX (BLM quarter-section)</description><styleUrl>#active_claim</styleUrl><Polygon><outerBoundaryIs><LinearRing><coordinates>-123.593659,42.821463,0 -123.593757,42.824985,0 -123.593758,42.825017,0 -123.589060,42.824976,0 -123.584362,42.825000,0 -123.584362,42.824967,0 -123.584391,42.821413,0 -123.584425,42.817891,0 -123.588990,42.817909,0 -123.593562,42.817986,0 -123.593659,42.821463,0</coordinates></LinearRing></outerBoundaryIs></Polygon></Placemark><Placemark><name>CCMC # 007 [APPROX quarter-section]</name><description>placer | serial OR106753413 | 20.0 ac | Filed | qtr-sec OR 33 0320S 0080W 005 A W2SESE | recorded~2025 (DB date, not legal located date) | src: BLM MLRS Not Closed | APPROX (BLM quarter-section)</description><styleUrl>#active_claim</styleUrl><Polygon><outerBoundaryIs><LinearRing><coordinates>-123.663476,42.810746,0 -123.665838,42.810669,0 -123.665752,42.812427,0 -123.665666,42.814186,0 -123.663407,42.814270,0 -123.663442,42.812508,0 -123.663476,42.810746,0</coordinates></LinearRing></outerBoundaryIs></Polygon></Placemark><Placemark><name>CCMC # 002 [APPROX quarter-section]</name><description>placer | serial OR106754388 | 20.0 ac | Filed | qtr-sec OR 33 0320S 0080W 011 A SWNE | OR 33 0320S 0080W 011 L 1 | OR 33 0320S 0080W 011 A NWNE | OR 33 0320S 0080W 011 A NENE | recorded~2025 (DB date, not legal located date) | src: BLM MLRS Not Closed | APPROX (BLM quarter-section)</description><styleUrl>#active_claim</styleUrl><Polygon><outerBoundaryIs><LinearRing><coordinates>-123.612816,42.803819,0 -123.612802,42.807343,0 -123.612792,42.810901,0 -123.607967,42.810898,0 -123.603143,42.810895,0 -123.603176,42.807350,0 -123.603214,42.803828,0 -123.608015,42.803824,0 -123.612816,42.803819,0</coordinates></LinearRing></outerBoundaryIs></Polygon></Placemark><Placemark><name>JD'S MISERY [APPROX quarter-section]</name><description>placer | serial OR106754581 | 40.0 ac | Active | qtr-sec OR 33 0310S 0040W 011 SWNE | recorded~2025 (DB date, not legal located date) | src: BLM MLRS Not Closed | APPROX (BLM quarter-section)</description><styleUrl>#active_claim</styleUrl><Polygon><outerBoundaryIs><LinearRing><coordinates>-123.136132,42.892355,0 -123.141080,42.892411,0 -123.141039,42.895891,0 -123.136074,42.895865,0 -123.136132,42.892355,0</coordinates></LinearRing></outerBoundaryIs></Polygon></Placemark><Placemark><name>Knightsters Stash [APPROX quarter-section]</name><description>placer | serial OR106751064 | 20.0 ac | Active | qtr-sec OR 33 0310S 0070W 033 A S2SENE | recorded~2025 (DB date, not legal located date) | src: BLM MLRS Not Closed | APPROX (BLM quarter-section)</description><styleUrl>#active_claim</styleUrl><Polygon><outerBoundaryIs><LinearRing><coordinates>-123.528325,42.835051,0 -123.525903,42.835066,0 -123.525917,42.833290,0 -123.528321,42.833276,0 -123.530724,42.833262,0 -123.530748,42.835037,0 -123.528325,42.835051,0</coordinates></LinearRing></outerBoundaryIs></Polygon></Placemark><Placemark><name>Fine Line [APPROX quarter-section]</name><description>placer | serial OR106754583 | 20.0 ac | Filed | qtr-sec OR 33 0330S 0040W 021 A SWNE | OR 33 0330S 0040W 021 B NENWNE | OR 33 0330S 0040W 021 B NWNWNE | OR 33 0330S 0040W 021 B SWNWNE | OR 33 0330S 0040W 021 B SENWNE | OR 33 0330S 0040W 021 B NENENE | OR 33 0330S 0040W 021 B NWNENE | OR 33 0330S 00…</description><styleUrl>#active_claim</styleUrl><Polygon><outerBoundaryIs><LinearRing><coordinates>-123.170686,42.688279,0 -123.171922,42.688280,0 -123.173159,42.688282,0 -123.174395,42.688284,0 -123.175631,42.688286,0 -123.178104,42.688289,0 -123.180577,42.688292,0 -123.180582,42.691898,0 -123.180585,42.693701,0 -123.180587,42.695503,0 -123.178098,42.695505,0 -123.175608,42.695508,0 -123.173118,42.695510,0 -123.170629,42.695512,0 -123.170643,42.693704,0 -123.170657,42.691895,0 -123.170664,42.690991,0 -123.170672,42.690087,0 -123.170679,42.689183,0 -123.170686,42.688279,0</coordinates></LinearRing></outerBoundaryIs></Polygon></Placemark><Placemark><name>CCMC # 002 [APPROX quarter-section]</name><description>placer | serial OR106760221 | 20.0 ac | Active | qtr-sec OR 33 0320S 0080W 011 A E2SWNE | OR 33 0320S 0080W 011 GovernmentLot1 | OR 33 0320S 0080W 011 NWNE | OR 33 0320S 0080W 011 NENE | recorded~2025 (DB date, not legal located date) | src: BLM MLRS Not Closed | APPROX (BLM quarter-section)</description><styleUrl>#active_claim</styleUrl><Polygon><outerBoundaryIs><LinearRing><coordinates>-123.622418,42.796809,0 -123.622416,42.800283,0 -123.622417,42.803809,0 -123.622419,42.807336,0 -123.622426,42.810904,0 -123.617604,42.810864,0 -123.612792,42.810901,0 -123.607967,42.810898,0 -123.603143,42.810895,0 -123.603176,42.807350,0 -123.603214,42.803828,0 -123.603251,42.800307,0 -123.603293,42.796826,0 -123.608068,42.796819,0 -123.612850,42.796815,0 -123.617630,42.796762,0 -123.622418,42.796809,0</coordinates></LinearRing></outerBoundaryIs></Polygon></Placemark><Placemark><name>Shively 4 [APPROX quarter-section]</name><description>placer | serial OR106760764 | 20.0 ac | Active | qtr-sec OR 33 0310S 0040W 011 L 4 | recorded~2025 (DB date, not legal located date) | src: BLM MLRS Not Closed | APPROX (BLM quarter-section)</description><styleUrl>#active_claim</styleUrl><Polygon><outerBoundaryIs><LinearRing><coordinates>-123.136191,42.888786,0 -123.131528,42.888764,0 -123.131614,42.885227,0 -123.136250,42.885216,0 -123.136191,42.888786,0</coordinates></LinearRing></outerBoundaryIs></Polygon></Placemark><Placemark><name>Gold Digger 1 [APPROX quarter-section]</name><description>placer | serial OR106762688 | 20.0 ac | Active | qtr-sec OR 33 0300S 0070W 035 A E2NESE | recorded~2025 (DB date, not legal located date) | src: BLM MLRS Not Closed | APPROX (BLM quarter-section)</description><styleUrl>#active_claim</styleUrl><Polygon><outerBoundaryIs><LinearRing><coordinates>-123.486942,42.917318,0 -123.489399,42.917314,0 -123.489560,42.919162,0 -123.489721,42.921012,0 -123.487323,42.921021,0 -123.487131,42.919167,0 -123.486942,42.917318,0</coordinates></LinearRing></outerBoundaryIs></Polygon></Placemark><Placemark><name>Gold Digger 3 [APPROX quarter-section]</name><description>placer | serial OR106762690 | 77.34 ac | Active | qtr-sec OR 33 0300S 0070W 035 A N2SWNW | recorded~2025 (DB date, not legal located date) | src: BLM MLRS Not Closed | APPROX (BLM quarter-section)</description><styleUrl>#active_claim</styleUrl><Polygon><outerBoundaryIs><LinearRing><coordinates>-123.504324,42.924419,0 -123.501910,42.924446,0 -123.501854,42.922713,0 -123.504278,42.922697,0 -123.506704,42.922680,0 -123.506739,42.924393,0 -123.504324,42.924419,0</coordinates></LinearRing></outerBoundaryIs></Polygon></Placemark><Placemark><name>CWMC # 555 [APPROX quarter-section]</name><description>placer | serial OR106770199 | 20.0 ac | Active | qtr-sec OR 33 0320S 0080W 011 A W2SENE | recorded~2025 (DB date, not legal located date) | src: BLM MLRS Not Closed | APPROX (BLM quarter-section)</description><styleUrl>#active_claim</styleUrl><Polygon><outerBoundaryIs><LinearRing><coordinates>-123.605619,42.803860,0 -123.608019,42.803859,0 -123.608006,42.805619,0 -123.607993,42.807379,0 -123.605587,42.807378,0 -123.605603,42.805619,0 -123.605619,42.803860,0</coordinates></LinearRing></outerBoundaryIs></Polygon></Placemark><Placemark><name>Freedom 1 [APPROX quarter-section]</name><description>placer | serial OR106777107 | 120.0 ac | Filed | qtr-sec OR 33 0310S 0070W 017 A SWNE | OR 33 0310S 0070W 017 SENE | OR 33 0310S 0070W 017 SWNE | recorded~2026 (DB date, not legal located date) | src: BLM MLRS Not Closed | APPROX (BLM quarter-section)</description><styleUrl>#active_claim</styleUrl><Polygon><outerBoundaryIs><LinearRing><coordinates>-123.555740,42.876287,0 -123.555833,42.878252,0 -123.555925,42.880216,0 -123.550847,42.880350,0 -123.545769,42.880484,0 -123.545561,42.876636,0 -123.550651,42.876461,0 -123.555740,42.876287,0</coordinates></LinearRing></outerBoundaryIs></Polygon></Placemark><Placemark><name>CCMC # 007 [APPROX quarter-section]</name><description>placer | serial OR106781557 | 20.0 ac | Active | qtr-sec OR 33 0320S 0080W 011 A W2SWNE | recorded~2026 (DB date, not legal located date) | src: BLM MLRS Not Closed | APPROX (BLM quarter-section)</description><styleUrl>#active_claim</styleUrl><Polygon><outerBoundaryIs><LinearRing><coordinates>-123.610416,42.803821,0 -123.612816,42.803819,0 -123.612809,42.805581,0 -123.612802,42.807343,0 -123.610395,42.807345,0 -123.610406,42.805583,0 -123.610416,42.803821,0</coordinates></LinearRing></outerBoundaryIs></Polygon></Placemark><Placemark><name>RMPA Dads [APPROX quarter-section]</name><description>placer | serial OR106782256 | 20.0 ac | Active | qtr-sec OR 33 0320S 0070W 021 A S2NESE | recorded~2026 (DB date, not legal located date) | src: BLM MLRS Not Closed | APPROX (BLM quarter-section)</description><styleUrl>#active_claim</styleUrl><Polygon><outerBoundaryIs><LinearRing><coordinates>-123.525094,42.773445,0 -123.525194,42.771713,0 -123.527624,42.771724,0 -123.530055,42.771735,0 -123.529991,42.773480,0 -123.527543,42.773463,0 -123.525094,42.773445,0</coordinates></LinearRing></outerBoundaryIs></Polygon></Placemark><Placemark><name>Fortune Cookie 2 [APPROX quarter-section]</name><description>placer | serial OR106781594 | 20.0 ac | Active | qtr-sec OR 33 0320S 0050W 017 A W2NENE | recorded~2026 (DB date, not legal located date) | src: BLM MLRS Not Closed | APPROX (BLM quarter-section)</description><styleUrl>#active_claim</styleUrl><Polygon><outerBoundaryIs><LinearRing><coordinates>-123.310162,42.793928,0 -123.312567,42.793924,0 -123.312564,42.795722,0 -123.312561,42.797519,0 -123.310161,42.797521,0 -123.310162,42.795725,0 -123.310162,42.793928,0</coordinates></LinearRing></outerBoundaryIs></Polygon></Placemark><Placemark><name>Fortune Cookie 1 [APPROX quarter-section]</name><description>placer | serial OR106781593 | 20.0 ac | Active | qtr-sec OR 33 0320S 0050W 017 A W2SENE | recorded~2026 (DB date, not legal located date) | src: BLM MLRS Not Closed | APPROX (BLM quarter-section)</description><styleUrl>#active_claim</styleUrl><Polygon><outerBoundaryIs><LinearRing><coordinates>-123.310155,42.790331,0 -123.312554,42.790321,0 -123.312561,42.792122,0 -123.312567,42.793924,0 -123.310162,42.793928,0 -123.310159,42.792129,0 -123.310155,42.790331,0</coordinates></LinearRing></outerBoundaryIs></Polygon></Placemark><Placemark><name>Speaker Placer [APPROX quarter-section]</name><description>placer | serial OR106783556 | 20.0 ac | Active | qtr-sec OR 33 0330S 0050W 009 A S2N2NWSE | OR 33 0330S 0050W 009 A N2S2NWSE | recorded~2026 (DB date, not legal located date) | src: BLM MLRS Not Closed | APPROX (BLM quarter-section)</description><styleUrl>#active_claim</styleUrl><Polygon><outerBoundaryIs><LinearRing><coordinates>-123.294029,42.714643,0 -123.296531,42.714643,0 -123.299033,42.714643,0 -123.299011,42.715564,0 -123.298990,42.716485,0 -123.296496,42.716483,0 -123.294002,42.716482,0 -123.294016,42.715562,0 -123.294029,42.714643,0</coordinates></LinearRing></outerBoundaryIs></Polygon></Placemark><Placemark><name>Northern Strip 2 [APPROX quarter-section]</name><description>placer | serial OR106784313 | 20.0 ac | Active | qtr-sec OR 33 0330S 0050W 002 A SENW | OR 33 0330S 0050W 002 A SWNW | OR 33 0330S 0050W 002 L 3 | OR 33 0330S 0050W 002 L 4 | recorded~2026 (DB date, not legal located date) | src: BLM MLRS Not Closed | APPROX (BLM quarter-section)</description><styleUrl>#active_claim</styleUrl><Polygon><outerBoundaryIs><LinearRing><coordinates>-123.264381,42.739287,0 -123.263189,42.739290,0 -123.261941,42.739285,0 -123.260694,42.739280,0 -123.259364,42.739275,0 -123.259351,42.735494,0 -123.259339,42.731769,0 -123.264356,42.731881,0 -123.269378,42.731903,0 -123.269397,42.735646,0 -123.269396,42.739293,0 -123.268152,42.739298,0 -123.264381,42.739287,0</coordinates></LinearRing></outerBoundaryIs></Polygon></Placemark><Placemark><name>Northern Strip 1 [APPROX quarter-section]</name><description>placer | serial OR106784312 | 20.0 ac | Active | qtr-sec OR 33 0330S 0050W 002 A SENW | OR 33 0330S 0050W 002 A SWNW | OR 33 0330S 0050W 002 L 3 | OR 33 0330S 0050W 002 L 4 | recorded~2026 (DB date, not legal located date) | src: BLM MLRS Not Closed | APPROX (BLM quarter-section)</description><styleUrl>#active_claim</styleUrl><Polygon><outerBoundaryIs><LinearRing><coordinates>-123.264381,42.739287,0 -123.263189,42.739290,0 -123.261941,42.739285,0 -123.260694,42.739280,0 -123.259364,42.739275,0 -123.259351,42.735494,0 -123.259339,42.731769,0 -123.264356,42.731881,0 -123.269378,42.731903,0 -123.269397,42.735646,0 -123.269396,42.739293,0 -123.268152,42.739298,0 -123.264381,42.739287,0</coordinates></LinearRing></outerBoundaryIs></Polygon></Placemark><Placemark><name>Union Creek [APPROX quarter-section]</name><description>placer | serial OR106786309 | 20.0 ac | Active | qtr-sec OR 33 0310S 0080W 013 A SWNW | OR 33 0310S 0080W 013 A SENW | OR 33 0310S 0080W 013 A NWNW | OR 33 0310S 0080W 013 A NENW | recorded~2026 (DB date, not legal located date) | src: BLM MLRS Not Closed | APPROX (BLM quarter-section)</description><styleUrl>#active_claim</styleUrl><Polygon><outerBoundaryIs><LinearRing><coordinates>-123.603634,42.875619,0 -123.603610,42.879448,0 -123.603586,42.883276,0 -123.598840,42.883339,0 -123.594093,42.883402,0 -123.594082,42.879617,0 -123.594070,42.875832,0 -123.598852,42.875726,0 -123.603634,42.875619,0</coordinates></LinearRing></outerBoundaryIs></Polygon></Placemark><Placemark><name>GOLDEN RATTLER [APPROX quarter-section]</name><description>placer | serial OR105222729 | 20.0 ac | Active | qtr-sec OR 33 0330S 0070W 011 A NWNE|OR 33 0330S 0070W 011 A SWNE|OR 33 0330S 0070W 011 A NENE|OR 33 0330S 0070W 011 A SENE | recorded~2021 (DB date, not legal located date) | src: BLM MLRS Not Closed | APPROX (BLM quarter-section)</description><styleUrl>#active_claim</styleUrl><Polygon><outerBoundaryIs><LinearRing><coordinates>-123.484621,42.716235,0 -123.489530,42.716286,0 -123.494439,42.716338,0 -123.494445,42.720010,0 -123.494450,42.723681,0 -123.489504,42.723489,0 -123.484557,42.723298,0 -123.484589,42.719766,0 -123.484621,42.716235,0</coordinates></LinearRing></outerBoundaryIs></Polygon></Placemark><Placemark><name>Doe Gold [APPROX quarter-section]</name><description>placer | serial OR106790222 | 20.0 ac | Active | qtr-sec OR 33 0300S 0070W 035 A E2NWNW | recorded~2026 (DB date, not legal located date) | src: BLM MLRS Not Closed | APPROX (BLM quarter-section)</description><styleUrl>#active_claim</styleUrl><Polygon><outerBoundaryIs><LinearRing><coordinates>-123.501910,42.924446,0 -123.504324,42.924419,0 -123.504369,42.926141,0 -123.504415,42.927863,0 -123.502022,42.927910,0 -123.501966,42.926178,0 -123.501910,42.924446,0</coordinates></LinearRing></outerBoundaryIs></Polygon></Placemark><Placemark><name>Little Arctic [APPROX quarter-section]</name><description>placer | serial OR106790969 | 20.0 ac | Active | qtr-sec OR 33 0330S 0040W 007 A E2SESE | recorded~2026 (DB date, not legal located date) | src: BLM MLRS Not Closed | APPROX (BLM quarter-section)</description><styleUrl>#active_claim</styleUrl><Polygon><outerBoundaryIs><LinearRing><coordinates>-123.210406,42.709988,0 -123.212846,42.709985,0 -123.212716,42.711779,0 -123.212585,42.713574,0 -123.210166,42.713578,0 -123.210286,42.711783,0 -123.210406,42.709988,0</coordinates></LinearRing></outerBoundaryIs></Polygon></Placemark><Placemark><name>Flying Squirrel [APPROX quarter-section]</name><description>placer | serial OR106790970 | 20.0 ac | Active | qtr-sec OR 33 0330S 0040W 007 A W2SESE | recorded~2026 (DB date, not legal located date) | src: BLM MLRS Not Closed | APPROX (BLM quarter-section)</description><styleUrl>#active_claim</styleUrl><Polygon><outerBoundaryIs><LinearRing><coordinates>-123.212846,42.709985,0 -123.215286,42.709981,0 -123.215145,42.711775,0 -123.215004,42.713570,0 -123.212585,42.713574,0 -123.212716,42.711779,0 -123.212846,42.709985,0</coordinates></LinearRing></outerBoundaryIs></Polygon></Placemark><Placemark><name>GM1 [APPROX quarter-section]</name><description>lode | serial OR106801790 | 20.66 ac | Filed | qtr-sec OR 33 0330S 0070W 019 SE | recorded~2026 (DB date, not legal located date) | src: BLM MLRS Not Closed | APPROX (BLM quarter-section)</description><styleUrl>#active_claim</styleUrl><Polygon><outerBoundaryIs><LinearRing><coordinates>-123.562995,42.680813,0 -123.567935,42.680855,0 -123.572874,42.680910,0 -123.572781,42.684758,0 -123.572688,42.688606,0 -123.567631,42.688606,0 -123.562574,42.688607,0 -123.562785,42.684710,0 -123.562995,42.680813,0</coordinates></LinearRing></outerBoundaryIs></Polygon></Placemark><Placemark><name>GM 3 [APPROX quarter-section]</name><description>lode | serial OR106801792 | 20.66 ac | Filed | qtr-sec OR 33 0330S 0070W 019 SE | OR 33 0330S 0070W 030 SW | OR 33 0330S 0070W 020 SW | recorded~2026 (DB date, not legal located date) | src: BLM MLRS Not Closed | APPROX (BLM quarter-section)</description><styleUrl>#active_claim</styleUrl><Polygon><outerBoundaryIs><LinearRing><coordinates>-123.558154,42.680810,0 -123.562995,42.680813,0 -123.567935,42.680855,0 -123.572874,42.680910,0 -123.572781,42.684758,0 -123.572688,42.688606,0 -123.567631,42.688606,0 -123.562574,42.688607,0 -123.557797,42.688446,0 -123.553020,42.688285,0 -123.553166,42.684546,0 -123.553313,42.680807,0 -123.558154,42.680810,0</coordinates></LinearRing></outerBoundaryIs></Polygon></Placemark><Placemark><name>GM 2 [APPROX quarter-section]</name><description>lode | serial OR106801791 | 20.66 ac | Filed | qtr-sec OR 33 0330S 0070W 019 SE | recorded~2026 (DB date, not legal located date) | src: BLM MLRS Not Closed | APPROX (BLM quarter-section)</description><styleUrl>#active_claim</styleUrl><Polygon><outerBoundaryIs><LinearRing><coordinates>-123.562995,42.680813,0 -123.567935,42.680855,0 -123.572874,42.680910,0 -123.572781,42.684758,0 -123.572688,42.688606,0 -123.567631,42.688606,0 -123.562574,42.688607,0 -123.562785,42.684710,0 -123.562995,42.680813,0</coordinates></LinearRing></outerBoundaryIs></Polygon></Placemark><Placemark><name>GM 4 [APPROX quarter-section]</name><description>lode | serial OR106801793 | 320.0 ac | Filed | qtr-sec OR 33 0330S 0070W 020 SW | OR 33 0330S 0070W 029 NW | recorded~2026 (DB date, not legal located date) | src: BLM MLRS Not Closed | APPROX (BLM quarter-section)</description><styleUrl>#active_claim</styleUrl><Polygon><outerBoundaryIs><LinearRing><coordinates>-123.562995,42.680813,0 -123.562785,42.684710,0 -123.562574,42.688607,0 -123.557797,42.688446,0 -123.553020,42.688285,0 -123.553166,42.684546,0 -123.553313,42.680807,0 -123.553318,42.680000,0 -123.563007,42.680000,0 -123.562995,42.680813,0</coordinates></LinearRing></outerBoundaryIs></Polygon></Placemark><Placemark><name>GM 5 [APPROX quarter-section]</name><description>lode | serial OR106801794 | 160.0 ac | Filed | qtr-sec OR 33 0330S 0070W 029 NW | recorded~2026 (DB date, not legal located date) | src: BLM MLRS Not Closed | APPROX (BLM quarter-section)</description><styleUrl>#active_claim</styleUrl><Polygon><outerBoundaryIs><LinearRing><coordinates>-123.562995,42.680813,0 -123.558154,42.680810,0 -123.553313,42.680807,0 -123.553318,42.680000,0 -123.563007,42.680000,0 -123.562995,42.680813,0</coordinates></LinearRing></outerBoundaryIs></Polygon></Placemark><Placemark><name>Horseback Mine [APPROX quarter-section]</name><description>lode | serial OR106819050 | 20.66 ac | Filed | qtr-sec OR 33 0330S 0040W 005 NW | recorded~2026 (DB date, not legal located date) | src: BLM MLRS Not Closed | APPROX (BLM quarter-section)</description><styleUrl>#active_claim</styleUrl><Polygon><outerBoundaryIs><LinearRing><coordinates>-123.202657,42.737606,0 -123.200838,42.737621,0 -123.199518,42.737633,0 -123.199695,42.735079,0 -123.199818,42.733312,0 -123.199941,42.731546,0 -123.202207,42.731507,0 -123.204472,42.731468,0 -123.206738,42.731429,0 -123.209003,42.731390,0 -123.208872,42.733217,0 -123.208740,42.735044,0 -123.208552,42.737679,0 -123.205650,42.737643,0 -123.204034,42.737623,0 -123.202657,42.737606,0</coordinates></LinearRing></outerBoundaryIs></Polygon></Placemark><Placemark><name>Bam [APPROX quarter-section]</name><description>lode | serial OR106819052 | 20.66 ac | Filed | qtr-sec OR 33 0330S 0040W 005 NW | recorded~2026 (DB date, not legal located date) | src: BLM MLRS Not Closed | APPROX (BLM quarter-section)</description><styleUrl>#active_claim</styleUrl><Polygon><outerBoundaryIs><LinearRing><coordinates>-123.202657,42.737606,0 -123.200838,42.737621,0 -123.199518,42.737633,0 -123.199695,42.735079,0 -123.199818,42.733312,0 -123.199941,42.731546,0 -123.202207,42.731507,0 -123.204472,42.731468,0 -123.206738,42.731429,0 -123.209003,42.731390,0 -123.208872,42.733217,0 -123.208740,42.735044,0 -123.208552,42.737679,0 -123.205650,42.737643,0 -123.204034,42.737623,0 -123.202657,42.737606,0</coordinates></LinearRing></outerBoundaryIs></Polygon></Placemark><Placemark><name>COW 1124 [APPROX quarter-section]</name><description>placer | serial OR106820768 | 20.0 ac | Filed | qtr-sec OR 33 0320S 0080W 011 SW | recorded~2026 (DB date, not legal located date) | src: BLM MLRS Not Closed | APPROX (BLM quarter-section)</description><styleUrl>#active_claim</styleUrl><Polygon><outerBoundaryIs><LinearRing><coordinates>-123.617630,42.796762,0 -123.622418,42.796809,0 -123.622416,42.800283,0 -123.622417,42.803809,0 -123.617617,42.803814,0 -123.612816,42.803819,0 -123.612831,42.800293,0 -123.612850,42.796815,0 -123.617630,42.796762,0</coordinates></LinearRing></outerBoundaryIs></Polygon></Placemark><Placemark><name>Gold Pockets [APPROX quarter-section]</name><description>placer | serial OR106815206 | 15.0 ac | Active | qtr-sec OR 33 0320S 0070W 019 A S2NWSE | recorded~2026 (DB date, not legal located date) | src: BLM MLRS Not Closed | APPROX (BLM quarter-section)</description><styleUrl>#active_claim</styleUrl><Polygon><outerBoundaryIs><LinearRing><coordinates>-123.568701,42.773836,0 -123.568685,42.772063,0 -123.571102,42.772062,0 -123.573523,42.772075,0 -123.573533,42.773843,0 -123.571117,42.773840,0 -123.568701,42.773836,0</coordinates></LinearRing></outerBoundaryIs></Polygon></Placemark></Folder><Folder><name>Past claim density (closed placer, 500m hex)</name><Placemark><name>Closed-claim density: 5</name><description>Closed placer claims (record-date proxy): 5 total | by decade: 2020s:5 | src: BLM MLRS Closed</description><styleUrl>#density_low</styleUrl><Polygon><outerBoundaryIs><LinearRing><coordinates>-123.546887,42.893939,0 -123.549950,42.897829,0 -123.556074,42.897829,0 -123.559136,42.893939,0 -123.556074,42.890049,0 -123.549950,42.890049,0 -123.546887,42.893939,0</coordinates></LinearRing></outerBoundaryIs></Polygon></Placemark><Placemark><name>Closed-claim density: 10</name><description>Closed placer claims (record-date proxy): 10 total | by decade: 2020s:10 | src: BLM MLRS Closed</description><styleUrl>#density_med</styleUrl><Polygon><outerBoundaryIs><LinearRing><coordinates>-123.546887,42.909498,0 -123.549950,42.913388,0 -123.556074,42.913388,0 -123.559136,42.909498,0 -123.556074,42.905608,0 -123.549950,42.905608,0 -123.546887,42.909498,0</coordinates></LinearRing></outerBoundaryIs></Polygon></Placemark><Placemark><name>Closed-claim density: 6</name><description>Closed placer claims (record-date proxy): 6 total | by decade: 2020s:6 | src: BLM MLRS Closed</description><styleUrl>#density_med</styleUrl><Polygon><outerBoundaryIs><LinearRing><coordinates>-123.537701,42.905608,0 -123.540763,42.909498,0 -123.546887,42.909498,0 -123.549950,42.905608,0 -123.546887,42.901719,0 -123.540763,42.901719,0 -123.537701,42.905608,0</coordinates></LinearRing></outerBoundaryIs></Polygon></Placemark><Placemark><name>Closed-claim density: 8</name><description>Closed placer claims (record-date proxy): 8 total | by decade: 2020s:8 | src: BLM MLRS Closed</description><styleUrl>#density_med</styleUrl><Polygon><outerBoundaryIs><LinearRing><coordinates>-123.537701,42.913388,0 -123.540763,42.917278,0 -123.546887,42.917278,0 -123.549950,42.913388,0 -123.546887,42.909498,0 -123.540763,42.909498,0 -123.537701,42.913388,0</coordinates></LinearRing></outerBoundaryIs></Polygon></Placemark><Placemark><name>Closed-claim density: 5</name><description>Closed placer claims (record-date proxy): 5 total | by decade: 2020s:5 | src: BLM MLRS Closed</description><styleUrl>#density_low</styleUrl><Polygon><outerBoundaryIs><LinearRing><coordinates>-123.528514,42.893939,0 -123.531576,42.897829,0 -123.537701,42.897829,0 -123.540763,42.893939,0 -123.537701,42.890049,0 -123.531576,42.890049,0 -123.528514,42.893939,0</coordinates></LinearRing></outerBoundaryIs></Polygon></Placemark><Placemark><name>Closed-claim density: 8</name><description>Closed placer claims (record-date proxy): 8 total | by decade: 2020s:8 | src: BLM MLRS Closed</description><styleUrl>#density_med</styleUrl><Polygon><outerBoundaryIs><LinearRing><coordinates>-123.528514,42.925057,0 -123.531576,42.928947,0 -123.537701,42.928947,0 -123.540763,42.925057,0 -123.537701,42.921168,0 -123.531576,42.921168,0 -123.528514,42.925057,0</coordinates></LinearRing></outerBoundaryIs></Polygon></Placemark><Placemark><name>Closed-claim density: 26</name><description>Closed placer claims (record-date proxy): 26 total | by decade: 2020s:26 | src: BLM MLRS Closed</description><styleUrl>#density_high</styleUrl><Polygon><outerBoundaryIs><LinearRing><coordinates>-123.519327,42.905608,0 -123.522389,42.909498,0 -123.528514,42.909498,0 -123.531576,42.905608,0 -123.528514,42.901719,0 -123.522389,42.901719,0 -123.519327,42.905608,0</coordinates></LinearRing></outerBoundaryIs></Polygon></Placemark><Placemark><name>Closed-claim density: 8</name><description>Closed placer claims (record-date proxy): 8 total | by decade: 2020s:8 | src: BLM MLRS Closed</description><styleUrl>#density_med</styleUrl><Polygon><outerBoundaryIs><LinearRing><coordinates>-123.510140,42.909498,0 -123.513202,42.913388,0 -123.519327,42.913388,0 -123.522389,42.909498,0 -123.519327,42.905608,0 -123.513202,42.905608,0 -123.510140,42.909498,0</coordinates></LinearRing></outerBoundaryIs></Polygon></Placemark><Placemark><name>Closed-claim density: 4</name><description>Closed placer claims (record-date proxy): 4 total | by decade: 2020s:4 | src: BLM MLRS Closed</description><styleUrl>#density_low</styleUrl><Polygon><outerBoundaryIs><LinearRing><coordinates>-123.500953,42.905608,0 -123.504016,42.909498,0 -123.510140,42.909498,0 -123.513202,42.905608,0 -123.510140,42.901719,0 -123.504016,42.901719,0 -123.500953,42.905608,0</coordinates></LinearRing></outerBoundaryIs></Polygon></Placemark><Placemark><name>Closed-claim density: 11</name><description>Closed placer claims (record-date proxy): 11 total | by decade: 2020s:11 | src: BLM MLRS Closed</description><styleUrl>#density_high</styleUrl><Polygon><outerBoundaryIs><LinearRing><coordinates>-123.491767,42.893939,0 -123.494829,42.897829,0 -123.500953,42.897829,0 -123.504016,42.893939,0 -123.500953,42.890049,0 -123.494829,42.890049,0 -123.491767,42.893939,0</coordinates></LinearRing></outerBoundaryIs></Polygon></Placemark><Placemark><name>Closed-claim density: 26</name><description>Closed placer claims (record-date proxy): 26 total | by decade: 2020s:26 | src: BLM MLRS Closed</description><styleUrl>#density_high</styleUrl><Polygon><outerBoundaryIs><LinearRing><coordinates>-123.473393,42.909498,0 -123.476455,42.913388,0 -123.482580,42.913388,0 -123.485642,42.909498,0 -123.482580,42.905608,0 -123.476455,42.905608,0 -123.473393,42.909498,0</coordinates></LinearRing></outerBoundaryIs></Polygon></Placemark><Placemark><name>Closed-claim density: 13</name><description>Closed placer claims (record-date proxy): 13 total | by decade: 2020s:13 | src: BLM MLRS Closed</description><styleUrl>#density_high</styleUrl><Polygon><outerBoundaryIs><LinearRing><coordinates>-123.473393,42.932837,0 -123.476455,42.936727,0 -123.482580,42.936727,0 -123.485642,42.932837,0 -123.482580,42.928947,0 -123.476455,42.928947,0 -123.473393,42.932837,0</coordinates></LinearRing></outerBoundaryIs></Polygon></Placemark><Placemark><name>Closed-claim density: 7</name><description>Closed placer claims (record-date proxy): 7 total | by decade: 2020s:7 | src: BLM MLRS Closed</description><styleUrl>#density_med</styleUrl><Polygon><outerBoundaryIs><LinearRing><coordinates>-123.473393,42.940617,0 -123.476455,42.944507,0 -123.482580,42.944507,0 -123.485642,42.940617,0 -123.482580,42.936727,0 -123.476455,42.936727,0 -123.473393,42.940617,0</coordinates></LinearRing></outerBoundaryIs></Polygon></Placemark><Placemark><name>Closed-claim density: 6</name><description>Closed placer claims (record-date proxy): 6 total | by decade: 2020s:6 | src: BLM MLRS Closed</description><styleUrl>#density_med</styleUrl><Polygon><outerBoundaryIs><LinearRing><coordinates>-123.455020,42.948396,0 -123.458082,42.952286,0 -123.464206,42.952286,0 -123.467269,42.948396,0 -123.464206,42.944507,0 -123.458082,42.944507,0 -123.455020,42.948396,0</coordinates></LinearRing></outerBoundaryIs></Polygon></Placemark><Placemark><name>Closed-claim density: 6</name><description>Closed placer claims (record-date proxy): 6 total | by decade: 2020s:6 | src: BLM MLRS Closed</description><styleUrl>#density_med</styleUrl><Polygon><outerBoundaryIs><LinearRing><coordinates>-123.455020,42.956176,0 -123.458082,42.960066,0 -123.464206,42.960066,0 -123.467269,42.956176,0 -123.464206,42.952286,0 -123.458082,42.952286,0 -123.455020,42.956176,0</coordinates></LinearRing></outerBoundaryIs></Polygon></Placemark><Placemark><name>Closed-claim density: 5</name><description>Closed placer claims (record-date proxy): 5 total | by decade: 2020s:5 | src: BLM MLRS Closed</description><styleUrl>#density_low</styleUrl><Polygon><outerBoundaryIs><LinearRing><coordinates>-123.455020,42.963956,0 -123.458082,42.967845,0 -123.464206,42.967845,0 -123.467269,42.963956,0 -123.464206,42.960066,0 -123.458082,42.960066,0 -123.455020,42.963956,0</coordinates></LinearRing></outerBoundaryIs></Polygon></Placemark><Placemark><name>Closed-claim density: 7</name><description>Closed placer claims (record-date proxy): 7 total | by decade: 2020s:7 | src: BLM MLRS Closed</description><styleUrl>#density_med</styleUrl><Polygon><outerBoundaryIs><LinearRing><coordinates>-123.445833,42.944507,0 -123.448895,42.948396,0 -123.455020,42.948396,0 -123.458082,42.944507,0 -123.455020,42.940617,0 -123.448895,42.940617,0 -123.445833,42.944507,0</coordinates></LinearRing></outerBoundaryIs></Polygon></Placemark><Placemark><name>Closed-claim density: 5</name><description>Closed placer claims (record-date proxy): 5 total | by decade: 2020s:5 | src: BLM MLRS Closed</description><styleUrl>#density_low</styleUrl><Polygon><outerBoundaryIs><LinearRing><coordinates>-123.445833,42.952286,0 -123.448895,42.956176,0 -123.455020,42.956176,0 -123.458082,42.952286,0 -123.455020,42.948396,0 -123.448895,42.948396,0 -123.445833,42.952286,0</coordinates></LinearRing></outerBoundaryIs></Polygon></Placemark><Placemark><name>Closed-claim density: 6</name><description>Closed placer claims (record-date proxy): 6 total | by decade: 2020s:6 | src: BLM MLRS Closed</description><styleUrl>#density_med</styleUrl><Polygon><outerBoundaryIs><LinearRing><coordinates>-123.445833,42.960066,0 -123.448895,42.963956,0 -123.455020,42.963956,0 -123.458082,42.960066,0 -123.455020,42.956176,0 -123.448895,42.956176,0 -123.445833,42.960066,0</coordinates></LinearRing></outerBoundaryIs></Polygon></Placemark><Placemark><name>Closed-claim density: 4</name><description>Closed placer claims (record-date proxy): 4 total | by decade: 2020s:4 | src: BLM MLRS Closed</description><styleUrl>#density_low</styleUrl><Polygon><outerBoundaryIs><LinearRing><coordinates>-123.445833,42.983405,0 -123.448895,42.987294,0 -123.455020,42.987294,0 -123.458082,42.983405,0 -123.455020,42.979515,0 -123.448895,42.979515,0 -123.445833,42.983405,0</coordinates></LinearRing></outerBoundaryIs></Polygon></Placemark><Placemark><name>Closed-claim density: 8</name><description>Closed placer claims (record-date proxy): 8 total | by decade: 2020s:8 | src: BLM MLRS Closed</description><styleUrl>#density_med</styleUrl><Polygon><outerBoundaryIs><LinearRing><coordinates>-123.418273,42.979515,0 -123.421335,42.983405,0 -123.427459,42.983405,0 -123.430522,42.979515,0 -123.427459,42.975625,0 -123.421335,42.975625,0 -123.418273,42.979515,0</coordinates></LinearRing></outerBoundaryIs></Polygon></Placemark><Placemark><name>Closed-claim density: 14</name><description>Closed placer claims (record-date proxy): 14 total | by decade: 2020s:14 | src: BLM MLRS Closed</description><styleUrl>#density_high</styleUrl><Polygon><outerBoundaryIs><LinearRing><coordinates>-123.409086,42.975625,0 -123.412148,42.979515,0 -123.418273,42.979515,0 -123.421335,42.975625,0 -123.418273,42.971735,0 -123.412148,42.971735,0 -123.409086,42.975625,0</coordinates></LinearRing></outerBoundaryIs></Polygon></Placemark><Placemark><name>Closed-claim density: 8</name><description>Closed placer claims (record-date proxy): 8 total | by decade: 2020s:8 | src: BLM MLRS Closed</description><styleUrl>#density_med</styleUrl><Polygon><outerBoundaryIs><LinearRing><coordinates>-123.409086,42.983405,0 -123.412148,42.987294,0 -123.418273,42.987294,0 -123.421335,42.983405,0 -123.418273,42.979515,0 -123.412148,42.979515,0 -123.409086,42.983405,0</coordinates></LinearRing></outerBoundaryIs></Polygon></Placemark><Placemark><name>Closed-claim density: 6</name><description>Closed placer claims (record-date proxy): 6 total | by decade: 2020s:6 | src: BLM MLRS Closed</description><styleUrl>#density_med</styleUrl><Polygon><outerBoundaryIs><LinearRing><coordinates>-123.372339,42.975625,0 -123.375401,42.979515,0 -123.381526,42.979515,0 -123.384588,42.975625,0 -123.381526,42.971735,0 -123.375401,42.971735,0 -123.372339,42.975625,0</coordinates></LinearRing></outerBoundaryIs></Polygon></Placemark><Placemark><name>Closed-claim density: 10</name><description>Closed placer claims (record-date proxy): 10 total | by decade: 2020s:10 | src: BLM MLRS Closed</description><styleUrl>#density_med</styleUrl><Polygon><outerBoundaryIs><LinearRing><coordinates>-123.372339,42.983405,0 -123.375401,42.987294,0 -123.381526,42.987294,0 -123.384588,42.983405,0 -123.381526,42.979515,0 -123.375401,42.979515,0 -123.372339,42.983405,0</coordinates></LinearRing></outerBoundaryIs></Polygon></Placemark></Folder><Folder><name>Open ground to sample</name><Placemark><name>OPEN-cowcreek-01</name><description>Gilbert Eri prospect (placer (heuristic: surface workings)) | agency: BLM | 141m to stream | cluster: 0 nearby | src: MILO</description><styleUrl>#open_ground</styleUrl><Point><coordinates>-123.257577,42.716239,0</coordinates></Point></Placemark><Placemark><name>OPEN-cowcreek-02</name><description>USMIN Prospect Pit | agency: BLM | 128m to stream | cluster: 7 nearby | src: USMIN</description><styleUrl>#open_ground</styleUrl><Point><coordinates>-123.385877,42.862185,0</coordinates></Point></Placemark><Placemark><name>OPEN-cowcreek-03</name><description>USMIN Prospect Pit | agency: BLM | 5m to stream | cluster: 6 nearby | src: USMIN</description><styleUrl>#open_ground</styleUrl><Point><coordinates>-123.608403,42.698004,0</coordinates></Point></Placemark><Placemark><name>OPEN-cowcreek-04</name><description>USMIN Prospect Pit | agency: BLM | 18m to stream | cluster: 6 nearby | src: USMIN</description><styleUrl>#open_ground</styleUrl><Point><coordinates>-123.608766,42.699277,0</coordinates></Point></Placemark><Placemark><name>OPEN-cowcreek-05</name><description>USMIN Adit | agency: BLM | 37m to stream | cluster: 6 nearby | src: USMIN</description><styleUrl>#open_ground</styleUrl><Point><coordinates>-123.607984,42.698376,0</coordinates></Point></Placemark><Placemark><name>OPEN-cowcreek-06</name><description>USMIN Adit | agency: BLM | 82m to stream | cluster: 6 nearby | src: USMIN</description><styleUrl>#open_ground</styleUrl><Point><coordinates>-123.609107,42.697119,0</coordinates></Point></Placemark><Placemark><name>OPEN-cowcreek-07</name><description>USMIN Prospect Pit | agency: BLM | 124m to stream | cluster: 6 nearby | src: USMIN</description><styleUrl>#open_ground</styleUrl><Point><coordinates>-123.609890,42.697940,0</coordinates></Point></Placemark><Placemark><name>OPEN-cowcreek-08</name><description>USMIN Adit | agency: BLM | 8m to stream | cluster: 5 nearby | src: USMIN</description><styleUrl>#open_ground</styleUrl><Point><coordinates>-123.577453,42.713288,0</coordinates></Point></Placemark><Placemark><name>OPEN-cowcreek-09</name><description>USMIN Adit | agency: BLM | 23m to stream | cluster: 5 nearby | src: USMIN</description><styleUrl>#open_ground</styleUrl><Point><coordinates>-123.577058,42.714018,0</coordinates></Point></Placemark><Placemark><name>OPEN-cowcreek-10</name><description>USMIN Prospect Pit | agency: BLM | 100m to stream | cluster: 5 nearby | src: USMIN</description><styleUrl>#open_ground</styleUrl><Point><coordinates>-123.384706,42.862566,0</coordinates></Point></Placemark><Placemark><name>OPEN-cowcreek-11</name><description>USMIN Prospect Pit | agency: BLM | 148m to stream | cluster: 5 nearby | src: USMIN</description><styleUrl>#open_ground</styleUrl><Point><coordinates>-123.384249,42.862280,0</coordinates></Point></Placemark><Placemark><name>OPEN-cowcreek-12</name><description>USMIN Adit | agency: BLM | 72m to stream | cluster: 3 nearby | src: USMIN</description><styleUrl>#open_ground</styleUrl><Point><coordinates>-123.318084,42.682230,0</coordinates></Point></Placemark><Placemark><name>OPEN-cowcreek-13</name><description>USMIN Adit | agency: BLM | 115m to stream | cluster: 3 nearby | src: USMIN</description><styleUrl>#open_ground</styleUrl><Point><coordinates>-123.317284,42.682120,0</coordinates></Point></Placemark><Placemark><name>OPEN-cowcreek-14</name><description>USMIN Adit | agency: BLM | 130m to stream | cluster: 3 nearby | src: USMIN</description><styleUrl>#open_ground</styleUrl><Point><coordinates>-123.317885,42.682742,0</coordinates></Point></Placemark><Placemark><name>OPEN-cowcreek-15</name><description>USMIN Prospect Pit | agency: BLM | 5m to stream | cluster: 2 nearby | src: USMIN</description><styleUrl>#open_ground</styleUrl><Point><coordinates>-123.603354,42.718559,0</coordinates></Point></Placemark><Placemark><name>OPEN-cowcreek-16</name><description>USMIN Prospect Pit | agency: BLM | 24m to stream | cluster: 2 nearby | src: USMIN</description><styleUrl>#open_ground</styleUrl><Point><coordinates>-123.603422,42.718780,0</coordinates></Point></Placemark><Placemark><name>OPEN-cowcreek-17</name><description>USMIN Adit | agency: BLM | 48m to stream | cluster: 2 nearby | src: USMIN</description><styleUrl>#open_ground</styleUrl><Point><coordinates>-123.261517,42.707526,0</coordinates></Point></Placemark><Placemark><name>OPEN-cowcreek-18</name><description>USMIN Prospect Pit | agency: BLM | 59m to stream | cluster: 2 nearby | src: USMIN</description><styleUrl>#open_ground</styleUrl><Point><coordinates>-123.393184,42.844941,0</coordinates></Point></Placemark><Placemark><name>OPEN-cowcreek-19</name><description>USMIN Adit | agency: BLM | 73m to stream | cluster: 2 nearby | src: USMIN</description><styleUrl>#open_ground</styleUrl><Point><coordinates>-123.261250,42.707678,0</coordinates></Point></Placemark><Placemark><name>OPEN-cowcreek-20</name><description>USMIN Prospect Pit | agency: BLM | 27m to stream | cluster: 1 nearby | src: USMIN</description><styleUrl>#open_ground</styleUrl><Point><coordinates>-123.211119,42.694977,0</coordinates></Point></Placemark><Placemark><name>OPEN-cowcreek-21</name><description>USMIN Adit | agency: BLM | 46m to stream | cluster: 1 nearby | src: USMIN</description><styleUrl>#open_ground</styleUrl><Point><coordinates>-123.326234,42.895894,0</coordinates></Point></Placemark><Placemark><name>OPEN-cowcreek-22</name><description>USMIN Prospect Pit | agency: BLM | 107m to stream | cluster: 1 nearby | src: USMIN</description><styleUrl>#open_ground</styleUrl><Point><coordinates>-123.382964,42.857569,0</coordinates></Point></Placemark><Placemark><name>OPEN-cowcreek-23</name><description>USMIN Prospect Pit | agency: BLM | 138m to stream | cluster: 1 nearby | src: USMIN</description><styleUrl>#open_ground</styleUrl><Point><coordinates>-123.335477,42.894758,0</coordinates></Point></Placemark><Placemark><name>OPEN-cowcreek-24</name><description>USMIN Adit | agency: BLM | 148m to stream | cluster: 1 nearby | src: USMIN</description><styleUrl>#open_ground</styleUrl><Point><coordinates>-123.382848,42.855744,0</coordinates></Point></Placemark><Placemark><name>OPEN-cowcreek-25</name><description>USMIN Adit | agency: BLM | 74m to stream | cluster: 0 nearby | NEAR ACTIVE CLAIM (&lt;50m, approx) | src: USMIN</description><styleUrl>#open_ground</styleUrl><Point><coordinates>-123.337254,42.891247,0</coordinates></Point></Placemark></Folder></Document></kml>