<?xml version="1.0" encoding="UTF-8"?><gpx version="1.1" creator="gold-overlays" xmlns="http://www.topografix.com/GPX/1/1" xmlns:xsi="http://www.w3.org/2001/XMLSchema-instance" xsi:schemaLocation="http://www.topografix.com/GPX/1/1 http://www.topografix.com/GPX/1/1/gpx.xsd"><metadata><name>Cow Creek byway (Glendale to Riddle), Dads Creek, Whitehorse Creek</name></metadata><wpt lat="42.829600" lon="-123.618000"><name>Cow Creek Recreational Gold Panning Area</name><desc>public | serial n/a | precision: published | published site</desc><sym>Flag, Green</sym></wpt><wpt lat="42.922289" lon="-123.477584"><name>Open Pit Mine</name><desc>USMIN Open Pit Mine | topo: Nickel Mtn. (1986) 1:24000 | src: USGS USMIN</desc><sym>Dot</sym></wpt><wpt lat="42.749496" lon="-123.532241"><name>Open Pit Mine</name><desc>USMIN Open Pit Mine | topo: Mount Reuben (1989) 1:24000 | src: USGS USMIN</desc><sym>Dot</sym></wpt><wpt lat="42.927067" lon="-123.477232"><name>Open Pit Mine</name><desc>USMIN Open Pit Mine | topo: Nickel Mtn. (1986) 1:24000 | src: USGS USMIN</desc><sym>Dot</sym></wpt><wpt lat="42.750056" lon="-123.532325"><name>Open Pit Mine</name><desc>USMIN Open Pit Mine | topo: Rabbit Mountain (1990) 1:24000 | src: USGS USMIN</desc><sym>Dot</sym></wpt><wpt lat="42.772258" lon="-123.550457"><name>Prospect Pit</name><desc>USMIN Prospect Pit | topo: Rabbit Mountain (1990) 1:24000 | src: USGS USMIN</desc><sym>Dot</sym></wpt><wpt lat="42.921366" lon="-123.481943"><name>Prospect Pit</name><desc>USMIN Prospect Pit | topo: Nickel Mtn. (1986) 1:24000 | src: USGS USMIN</desc><sym>Dot</sym></wpt><wpt lat="42.921366" lon="-123.481334"><name>Prospect Pit</name><desc>USMIN Prospect Pit | topo: Nickel Mtn. (1986) 1:24000 | src: USGS USMIN</desc><sym>Dot</sym></wpt><wpt lat="42.926661" lon="-123.477227"><name>Prospect Pit</name><desc>USMIN Prospect Pit | topo: Canyonville (1954) 1:62500 | src: USGS USMIN</desc><sym>Dot</sym></wpt><wpt lat="42.757439" lon="-123.527745"><name>Prospect Pit</name><desc>USMIN Prospect Pit | topo: Dutchman Butte (1946) 1:62500 | src: USGS USMIN</desc><sym>Dot</sym></wpt><wpt lat="42.755326" lon="-123.528116"><name>Prospect Pit</name><desc>USMIN Prospect Pit | topo: Dutchman Butte (1946) 1:62500 | src: USGS USMIN</desc><sym>Dot</sym></wpt><wpt lat="42.941225" lon="-123.270136"><name>Gravel/Borrow Pit - Undifferentiated</name><desc>USMIN Gravel/Borrow Pit - Undifferentiated | topo: Canyonville (1986) 1:24000 | src: USGS USMIN</desc><sym>Dot</sym></wpt><wpt lat="42.903773" lon="-123.321142"><name>Mine Shaft</name><desc>USMIN Mine Shaft | topo: Canyonville (1986) 1:24000 | src: USGS USMIN</desc><sym>Dot</sym></wpt><wpt lat="42.929257" lon="-123.488082"><name>Open Pit Mine</name><desc>USMIN Open Pit Mine | topo: Nickel Mtn. (1986) 1:24000 | src: USGS USMIN</desc><sym>Dot</sym></wpt><wpt lat="42.965683" lon="-123.435194"><name>Open Pit Mine</name><desc>USMIN Open Pit Mine | topo: Nickel Mtn. (1986) 1:24000 | src: USGS USMIN</desc><sym>Dot</sym></wpt><wpt lat="42.957871" lon="-123.429961"><name>Open Pit Mine</name><desc>USMIN Open Pit Mine | topo: Nickel Mtn. (1986) 1:24000 | src: USGS USMIN</desc><sym>Dot</sym></wpt><wpt lat="42.889207" lon="-123.346474"><name>Open Pit Mine</name><desc>USMIN Open Pit Mine | topo: Canyonville (1986) 1:24000 | src: USGS USMIN</desc><sym>Dot</sym></wpt><wpt lat="42.952426" lon="-123.443120"><name>Open Pit Mine</name><desc>USMIN Open Pit Mine | topo: Nickel Mtn. (1986) 1:24000 | src: USGS USMIN</desc><sym>Dot</sym></wpt><wpt lat="42.792595" lon="-123.339738"><name>Open Pit Mine</name><desc>USMIN Open Pit Mine | topo: Quines Creek (1986) 1:24000 | src: USGS USMIN</desc><sym>Dot</sym></wpt><wpt lat="42.915438" lon="-123.308938"><name>Prospect Pit</name><desc>USMIN Prospect Pit | topo: Canyonville (1986) 1:24000 | src: USGS USMIN</desc><sym>Dot</sym></wpt><wpt lat="42.928609" lon="-123.476537"><name>Prospect Pit</name><desc>USMIN Prospect Pit | topo: Nickel Mtn. (1986) 1:24000 | src: USGS USMIN</desc><sym>Dot</sym></wpt><wpt lat="42.894758" lon="-123.335477"><name>Prospect Pit</name><desc>USMIN Prospect Pit | topo: Canyonville (1986) 1:24000 | src: USGS USMIN</desc><sym>Dot</sym></wpt><wpt lat="42.929142" lon="-123.475376"><name>Prospect Pit</name><desc>USMIN Prospect Pit | topo: Nickel Mtn. (1986) 1:24000 | src: USGS USMIN</desc><sym>Dot</sym></wpt><wpt lat="42.916879" lon="-123.315508"><name>Prospect Pit</name><desc>USMIN Prospect Pit | topo: Canyonville (1986) 1:24000 | src: USGS USMIN</desc><sym>Dot</sym></wpt><wpt lat="42.857569" lon="-123.382964"><name>Prospect Pit</name><desc>USMIN Prospect Pit | topo: Mc Cullough Creek (1986) 1:24000 | src: USGS USMIN</desc><sym>Dot</sym></wpt><wpt lat="42.862566" lon="-123.384706"><name>Prospect Pit</name><desc>USMIN Prospect Pit | topo: Mc Cullough Creek (1986) 1:24000 | src: USGS USMIN</desc><sym>Dot</sym></wpt><wpt lat="42.862280" lon="-123.384249"><name>Prospect Pit</name><desc>USMIN Prospect Pit | topo: Mc Cullough Creek (1986) 1:24000 | src: USGS USMIN</desc><sym>Dot</sym></wpt><wpt lat="42.844941" lon="-123.393184"><name>Prospect Pit</name><desc>USMIN Prospect Pit | topo: Mc Cullough Creek (1986) 1:24000 | src: USGS USMIN</desc><sym>Dot</sym></wpt><wpt lat="42.911504" lon="-123.307767"><name>Prospect Pit</name><desc>USMIN Prospect Pit | topo: Canyonville (1986) 1:24000 | src: USGS USMIN</desc><sym>Dot</sym></wpt><wpt lat="42.862185" lon="-123.385877"><name>Prospect Pit</name><desc>USMIN Prospect Pit | topo: Mc Cullough Creek (1986) 1:24000 | src: USGS USMIN</desc><sym>Dot</sym></wpt><wpt lat="42.871922" lon="-123.269885"><name>Quarry - Rock</name><desc>USMIN Quarry - Rock | topo: Quines Creek (1986) 1:24000 | src: USGS USMIN</desc><sym>Dot</sym></wpt><wpt lat="42.929452" lon="-123.474986"><name>Prospect Pit</name><desc>USMIN Prospect Pit | topo: Canyonville (1954) 1:62500 | src: USGS USMIN</desc><sym>Dot</sym></wpt><wpt lat="42.861810" lon="-123.386327"><name>Prospect Pit</name><desc>USMIN Prospect Pit | topo: Canyonville (1954) 1:62500 | src: USGS USMIN</desc><sym>Dot</sym></wpt><wpt lat="42.853516" lon="-123.383696"><name>Prospect Pit</name><desc>USMIN Prospect Pit | topo: Canyonville (1954) 1:62500 | src: USGS USMIN</desc><sym>Dot</sym></wpt><wpt lat="42.928161" lon="-123.475132"><name>Prospect Pit</name><desc>USMIN Prospect Pit | topo: Canyonville (1954) 1:62500 | src: USGS USMIN</desc><sym>Dot</sym></wpt><wpt lat="42.920983" lon="-123.482786"><name>Prospect Pit</name><desc>USMIN Prospect Pit | topo: Canyonville (1954) 1:62500 | src: USGS USMIN</desc><sym>Dot</sym></wpt><wpt lat="42.928301" lon="-123.476845"><name>Prospect Pit</name><desc>USMIN Prospect Pit | topo: Canyonville (1954) 1:62500 | src: USGS USMIN</desc><sym>Dot</sym></wpt><wpt lat="42.920953" lon="-123.481654"><name>Prospect Pit</name><desc>USMIN Prospect Pit | topo: Canyonville (1954) 1:62500 | src: USGS USMIN</desc><sym>Dot</sym></wpt><wpt lat="42.841884" lon="-123.288127"><name>Adit</name><desc>USMIN Adit | topo: Quines Creek (1986) 1:24000 | src: USGS USMIN</desc><sym>Dot</sym></wpt><wpt lat="42.841657" lon="-123.288284"><name>Adit</name><desc>USMIN Adit | topo: Quines Creek (1986) 1:24000 | src: USGS USMIN</desc><sym>Dot</sym></wpt><wpt lat="42.895894" lon="-123.326234"><name>Adit</name><desc>USMIN Adit | topo: Canyonville (1954) 1:62500 | src: USGS USMIN</desc><sym>Dot</sym></wpt><wpt lat="42.910045" lon="-123.313836"><name>Adit</name><desc>USMIN Adit | topo: Canyonville (1986) 1:24000 | src: USGS USMIN</desc><sym>Dot</sym></wpt><wpt lat="42.855523" lon="-123.383046"><name>Adit</name><desc>USMIN Adit | topo: Mc Cullough Creek (1986) 1:24000 | src: USGS USMIN</desc><sym>Dot</sym></wpt><wpt lat="42.854358" lon="-123.383629"><name>Adit</name><desc>USMIN Adit | topo: Mc Cullough Creek (1986) 1:24000 | src: USGS USMIN</desc><sym>Dot</sym></wpt><wpt lat="42.890688" lon="-123.335810"><name>Adit</name><desc>USMIN Adit | topo: Canyonville (1986) 1:24000 | src: USGS USMIN</desc><sym>Dot</sym></wpt><wpt lat="42.890892" lon="-123.335970"><name>Adit</name><desc>USMIN Adit | topo: Canyonville (1986) 1:24000 | src: USGS USMIN</desc><sym>Dot</sym></wpt><wpt lat="42.891247" lon="-123.337254"><name>Adit</name><desc>USMIN Adit | topo: Canyonville (1954) 1:62500 | src: USGS USMIN</desc><sym>Dot</sym></wpt><wpt lat="42.904434" lon="-123.315843"><name>Adit</name><desc>USMIN Adit | topo: Canyonville (1954) 1:62500 | src: USGS USMIN</desc><sym>Dot</sym></wpt><wpt lat="42.890648" lon="-123.337057"><name>Adit</name><desc>USMIN Adit | topo: Canyonville (1954) 1:62500 | src: USGS USMIN</desc><sym>Dot</sym></wpt><wpt lat="42.909959" lon="-123.313764"><name>Adit</name><desc>USMIN Adit | topo: Canyonville (1954) 1:62500 | src: USGS USMIN</desc><sym>Dot</sym></wpt><wpt lat="42.855744" lon="-123.382848"><name>Adit</name><desc>USMIN Adit | topo: Canyonville (1954) 1:62500 | src: USGS USMIN</desc><sym>Dot</sym></wpt><wpt lat="42.910481" lon="-123.313416"><name>Adit</name><desc>USMIN Adit | topo: Canyonville (1954) 1:62500 | src: USGS USMIN</desc><sym>Dot</sym></wpt><wpt lat="42.905606" lon="-123.316437"><name>Adit</name><desc>USMIN Adit | topo: Canyonville (1986) 1:24000 | src: USGS USMIN</desc><sym>Dot</sym></wpt><wpt lat="42.910770" lon="-123.314500"><name>Adit</name><desc>USMIN Adit | topo: Canyonville (1986) 1:24000 | src: USGS USMIN</desc><sym>Dot</sym></wpt><wpt lat="42.905312" lon="-123.318035"><name>Adit</name><desc>USMIN Adit | topo: Canyonville (1986) 1:24000 | src: USGS USMIN</desc><sym>Dot</sym></wpt><wpt lat="42.907837" lon="-123.316468"><name>Adit</name><desc>USMIN Adit | topo: Canyonville (1986) 1:24000 | src: USGS USMIN</desc><sym>Dot</sym></wpt><wpt lat="42.907776" lon="-123.317157"><name>Adit</name><desc>USMIN Adit | topo: Canyonville (1954) 1:62500 | src: USGS USMIN</desc><sym>Dot</sym></wpt><wpt lat="42.904506" lon="-123.318425"><name>Adit</name><desc>USMIN Adit | topo: Canyonville (1954) 1:62500 | src: USGS USMIN</desc><sym>Dot</sym></wpt><wpt lat="42.696587" lon="-123.188709"><name>Mine Shaft</name><desc>USMIN Mine Shaft | topo: King Mountain (1983) 1:24000 | src: USGS USMIN</desc><sym>Dot</sym></wpt><wpt lat="42.736406" lon="-123.174856"><name>Mine Shaft</name><desc>USMIN Mine Shaft | topo: King Mountain (1983) 1:24000 | src: USGS USMIN</desc><sym>Dot</sym></wpt><wpt lat="42.695974" lon="-123.203870"><name>Mine Shaft</name><desc>USMIN Mine Shaft | topo: King Mountain (1983) 1:24000 | src: USGS USMIN</desc><sym>Dot</sym></wpt><wpt lat="42.740974" lon="-123.173394"><name>Prospect Pit</name><desc>USMIN Prospect Pit | topo: King Mountain (1983) 1:24000 | src: USGS USMIN</desc><sym>Dot</sym></wpt><wpt lat="42.758722" lon="-123.227854"><name>Prospect Pit</name><desc>USMIN Prospect Pit | topo: Starvout Creek (1986) 1:24000 | src: USGS USMIN</desc><sym>Dot</sym></wpt><wpt lat="42.696500" lon="-123.204228"><name>Prospect Pit</name><desc>USMIN Prospect Pit | topo: King Mountain (1983) 1:24000 | src: USGS USMIN</desc><sym>Dot</sym></wpt><wpt lat="42.696484" lon="-123.204639"><name>Prospect Pit</name><desc>USMIN Prospect Pit | topo: King Mountain (1983) 1:24000 | src: USGS USMIN</desc><sym>Dot</sym></wpt><wpt lat="42.696043" lon="-123.205340"><name>Prospect Pit</name><desc>USMIN Prospect Pit | topo: King Mountain (1983) 1:24000 | src: USGS USMIN</desc><sym>Dot</sym></wpt><wpt lat="42.744261" lon="-123.117855"><name>Prospect Pit</name><desc>USMIN Prospect Pit | topo: Skeleton Mtn. (1983) 1:24000 | src: USGS USMIN</desc><sym>Dot</sym></wpt><wpt lat="42.696538" lon="-123.203779"><name>Prospect Pit</name><desc>USMIN Prospect Pit | topo: King Mountain (1983) 1:24000 | src: USGS USMIN</desc><sym>Dot</sym></wpt><wpt lat="42.881712" lon="-123.122023"><name>Open Pit Mine</name><desc>USMIN Open Pit Mine | topo: Days Creek (1954) 1:62500 | src: USGS USMIN</desc><sym>Dot</sym></wpt><wpt lat="42.782894" lon="-123.157584"><name>Adit</name><desc>USMIN Adit | topo: Starvout Creek (1986) 1:24000 | src: USGS USMIN</desc><sym>Dot</sym></wpt><wpt lat="42.711955" lon="-123.210827"><name>Adit</name><desc>USMIN Adit | topo: King Mountain (1983) 1:24000 | src: USGS USMIN</desc><sym>Dot</sym></wpt><wpt lat="42.712601" lon="-123.201804"><name>Adit</name><desc>USMIN Adit | topo: King Mountain (1983) 1:24000 | src: USGS USMIN</desc><sym>Dot</sym></wpt><wpt lat="42.696302" lon="-123.204845"><name>Adit</name><desc>USMIN Adit | topo: King Mountain (1983) 1:24000 | src: USGS USMIN</desc><sym>Dot</sym></wpt><wpt lat="42.682467" lon="-123.623432"><name>Mine Shaft</name><desc>USMIN Mine Shaft | topo: Mount Reuben (1989) 1:24000 | src: USGS USMIN</desc><sym>Dot</sym></wpt><wpt lat="42.680561" lon="-123.610062"><name>Prospect Pit</name><desc>USMIN Prospect Pit | topo: Mount Reuben (1989) 1:24000 | src: USGS USMIN</desc><sym>Dot</sym></wpt><wpt lat="42.680709" lon="-123.610130"><name>Prospect Pit</name><desc>USMIN Prospect Pit | topo: Mount Reuben (1989) 1:24000 | src: USGS USMIN</desc><sym>Dot</sym></wpt><wpt lat="42.721434" lon="-123.595042"><name>Prospect Pit</name><desc>USMIN Prospect Pit | topo: Mount Reuben (1989) 1:24000 | src: USGS USMIN</desc><sym>Dot</sym></wpt><wpt lat="42.698775" lon="-123.612124"><name>Prospect Pit</name><desc>USMIN Prospect Pit | topo: Mount Reuben (1989) 1:24000 | src: USGS USMIN</desc><sym>Dot</sym></wpt><wpt lat="42.718559" lon="-123.603354"><name>Prospect Pit</name><desc>USMIN Prospect Pit | topo: Mount Reuben (1989) 1:24000 | src: USGS USMIN</desc><sym>Dot</sym></wpt><wpt lat="42.680652" lon="-123.609982"><name>Prospect Pit</name><desc>USMIN Prospect Pit | topo: Mount Reuben (1989) 1:24000 | src: USGS USMIN</desc><sym>Dot</sym></wpt><wpt lat="42.681087" lon="-123.609838"><name>Prospect Pit</name><desc>USMIN Prospect Pit | topo: Mount Reuben (1989) 1:24000 | src: USGS USMIN</desc><sym>Dot</sym></wpt><wpt lat="42.680722" lon="-123.609990"><name>Prospect Pit</name><desc>USMIN Prospect Pit | topo: Mount Reuben (1989) 1:24000 | src: USGS USMIN</desc><sym>Dot</sym></wpt><wpt lat="42.680846" lon="-123.610290"><name>Prospect Pit</name><desc>USMIN Prospect Pit | topo: Mount Reuben (1989) 1:24000 | src: USGS USMIN</desc><sym>Dot</sym></wpt><wpt lat="42.690952" lon="-123.606461"><name>Prospect Pit</name><desc>USMIN Prospect Pit | topo: Mount Reuben (1989) 1:24000 | src: USGS USMIN</desc><sym>Dot</sym></wpt><wpt lat="42.698004" lon="-123.608403"><name>Prospect Pit</name><desc>USMIN Prospect Pit | topo: Mount Reuben (1989) 1:24000 | src: USGS USMIN</desc><sym>Dot</sym></wpt><wpt lat="42.682980" lon="-123.623336"><name>Prospect Pit</name><desc>USMIN Prospect Pit | topo: Mount Reuben (1989) 1:24000 | src: USGS USMIN</desc><sym>Dot</sym></wpt><wpt lat="42.714482" lon="-123.576696"><name>Open Pit Mine</name><desc>USMIN Open Pit Mine | topo: Galice (1946) 1:62500 | src: USGS USMIN</desc><sym>Dot</sym></wpt><wpt lat="42.680401" lon="-123.631514"><name>Open Pit Mine</name><desc>USMIN Open Pit Mine | topo: Galice (1946) 1:62500 | src: USGS USMIN</desc><sym>Dot</sym></wpt><wpt lat="42.713636" lon="-123.577018"><name>Open Pit Mine</name><desc>USMIN Open Pit Mine | topo: Galice (1946) 1:62500 | src: USGS USMIN</desc><sym>Dot</sym></wpt><wpt lat="42.699277" lon="-123.608766"><name>Prospect Pit</name><desc>USMIN Prospect Pit | topo: Galice (1946) 1:62500 | src: USGS USMIN</desc><sym>Dot</sym></wpt><wpt lat="42.718780" lon="-123.603422"><name>Prospect Pit</name><desc>USMIN Prospect Pit | topo: Galice (1946) 1:62500 | src: USGS USMIN</desc><sym>Dot</sym></wpt><wpt lat="42.721224" lon="-123.600431"><name>Prospect Pit</name><desc>USMIN Prospect Pit | topo: Galice (1946) 1:62500 | src: USGS USMIN</desc><sym>Dot</sym></wpt><wpt lat="42.680824" lon="-123.610434"><name>Prospect Pit</name><desc>USMIN Prospect Pit | topo: Galice (1946) 1:62500 | src: USGS USMIN</desc><sym>Dot</sym></wpt><wpt lat="42.721616" lon="-123.595264"><name>Prospect Pit</name><desc>USMIN Prospect Pit | topo: Galice (1946) 1:62500 | src: USGS USMIN</desc><sym>Dot</sym></wpt><wpt lat="42.681100" lon="-123.625319"><name>Prospect Pit</name><desc>USMIN Prospect Pit | topo: Galice (1946) 1:62500 | src: USGS USMIN</desc><sym>Dot</sym></wpt><wpt lat="42.691185" lon="-123.607130"><name>Prospect Pit</name><desc>USMIN Prospect Pit | topo: Galice (1946) 1:62500 | src: USGS USMIN</desc><sym>Dot</sym></wpt><wpt lat="42.722524" lon="-123.594408"><name>Prospect Pit</name><desc>USMIN Prospect Pit | topo: Galice (1946) 1:62500 | src: USGS USMIN</desc><sym>Dot</sym></wpt><wpt lat="42.697940" lon="-123.609890"><name>Prospect Pit</name><desc>USMIN Prospect Pit | topo: Galice (1946) 1:62500 | src: USGS USMIN</desc><sym>Dot</sym></wpt><wpt lat="42.714018" lon="-123.577058"><name>Adit</name><desc>USMIN Adit | topo: Mount Reuben (1989) 1:24000 | src: USGS USMIN</desc><sym>Dot</sym></wpt><wpt lat="42.681972" lon="-123.629171"><name>Adit</name><desc>USMIN Adit | topo: Bunker Creek (1989) 1:24000 | src: USGS USMIN</desc><sym>Dot</sym></wpt><wpt lat="42.691199" lon="-123.606604"><name>Adit</name><desc>USMIN Adit | topo: Mount Reuben (1989) 1:24000 | src: USGS USMIN</desc><sym>Dot</sym></wpt><wpt lat="42.682108" lon="-123.629260"><name>Adit</name><desc>USMIN Adit | topo: Bunker Creek (1989) 1:24000 | src: USGS USMIN</desc><sym>Dot</sym></wpt><wpt lat="42.680681" lon="-123.631220"><name>Adit</name><desc>USMIN Adit | topo: Bunker Creek (1989) 1:24000 | src: USGS USMIN</desc><sym>Dot</sym></wpt><wpt lat="42.697119" lon="-123.609107"><name>Adit</name><desc>USMIN Adit | topo: Mount Reuben (1989) 1:24000 | src: USGS USMIN</desc><sym>Dot</sym></wpt><wpt lat="42.713288" lon="-123.577453"><name>Adit</name><desc>USMIN Adit | topo: Mount Reuben (1989) 1:24000 | src: USGS USMIN</desc><sym>Dot</sym></wpt><wpt lat="42.698376" lon="-123.607984"><name>Adit</name><desc>USMIN Adit | topo: Mount Reuben (1989) 1:24000 | src: USGS USMIN</desc><sym>Dot</sym></wpt><wpt lat="42.736101" lon="-123.174833"><name>Mine Shaft</name><desc>USMIN Mine Shaft | topo: King Mountain (1983) 1:24000 | src: USGS USMIN</desc><sym>Dot</sym></wpt><wpt lat="42.695959" lon="-123.203505"><name>Mine Shaft</name><desc>USMIN Mine Shaft | topo: King Mountain (1983) 1:24000 | src: USGS USMIN</desc><sym>Dot</sym></wpt><wpt lat="42.712818" lon="-123.202592"><name>Open Pit Mine</name><desc>USMIN Open Pit Mine | topo: King Mountain (1983) 1:24000 | src: USGS USMIN</desc><sym>Dot</sym></wpt><wpt lat="42.731571" lon="-123.196247"><name>Prospect Pit</name><desc>USMIN Prospect Pit | topo: King Mountain (1983) 1:24000 | src: USGS USMIN</desc><sym>Dot</sym></wpt><wpt lat="42.733029" lon="-123.204515"><name>Prospect Pit</name><desc>USMIN Prospect Pit | topo: King Mountain (1983) 1:24000 | src: USGS USMIN</desc><sym>Dot</sym></wpt><wpt lat="42.704611" lon="-123.193695"><name>Prospect Pit</name><desc>USMIN Prospect Pit | topo: King Mountain (1983) 1:24000 | src: USGS USMIN</desc><sym>Dot</sym></wpt><wpt lat="42.744748" lon="-123.117688"><name>Prospect Pit</name><desc>USMIN Prospect Pit | topo: Skeleton Mtn. (1983) 1:24000 | src: USGS USMIN</desc><sym>Dot</sym></wpt><wpt lat="42.719613" lon="-123.187167"><name>Prospect Pit</name><desc>USMIN Prospect Pit | topo: King Mountain (1983) 1:24000 | src: USGS USMIN</desc><sym>Dot</sym></wpt><wpt lat="42.743758" lon="-123.118129"><name>Prospect Pit</name><desc>USMIN Prospect Pit | topo: Skeleton Mtn. (1983) 1:24000 | src: USGS USMIN</desc><sym>Dot</sym></wpt><wpt lat="42.694977" lon="-123.211119"><name>Prospect Pit</name><desc>USMIN Prospect Pit | topo: King Mountain (1983) 1:24000 | src: USGS USMIN</desc><sym>Dot</sym></wpt><wpt lat="42.744369" lon="-123.116994"><name>Prospect Pit</name><desc>USMIN Prospect Pit | topo: Wimer (1954) 1:62500 | src: USGS USMIN</desc><sym>Dot</sym></wpt><wpt lat="42.732679" lon="-123.201173"><name>Adit</name><desc>USMIN Adit | topo: King Mountain (1983) 1:24000 | src: USGS USMIN</desc><sym>Dot</sym></wpt><wpt lat="42.704897" lon="-123.193438"><name>Adit</name><desc>USMIN Adit | topo: King Mountain (1983) 1:24000 | src: USGS USMIN</desc><sym>Dot</sym></wpt><wpt lat="42.732976" lon="-123.200777"><name>Adit</name><desc>USMIN Adit | topo: King Mountain (1983) 1:24000 | src: USGS USMIN</desc><sym>Dot</sym></wpt><wpt lat="42.732854" lon="-123.204614"><name>Adit</name><desc>USMIN Adit | topo: King Mountain (1983) 1:24000 | src: USGS USMIN</desc><sym>Dot</sym></wpt><wpt lat="42.735789" lon="-123.174186"><name>Adit</name><desc>USMIN Adit | topo: King Mountain (1983) 1:24000 | src: USGS USMIN</desc><sym>Dot</sym></wpt><wpt lat="42.707028" lon="-123.200342"><name>Adit</name><desc>USMIN Adit | topo: King Mountain (1983) 1:24000 | src: USGS USMIN</desc><sym>Dot</sym></wpt><wpt lat="42.711507" lon="-123.202796"><name>Adit</name><desc>USMIN Adit | topo: Wimer (1954) 1:62500 | src: USGS USMIN</desc><sym>Dot</sym></wpt><wpt lat="42.702186" lon="-123.338967"><name>Gravel/Borrow Pit - Undifferentiated</name><desc>USMIN Gravel/Borrow Pit - Undifferentiated | topo: Golden (1986) 1:24000 | src: USGS USMIN</desc><sym>Dot</sym></wpt><wpt lat="42.680846" lon="-123.314558"><name>Mine Shaft</name><desc>USMIN Mine Shaft | topo: Golden (1986) 1:24000 | src: USGS USMIN</desc><sym>Dot</sym></wpt><wpt lat="42.756155" lon="-123.335147"><name>Open Pit Mine</name><desc>USMIN Open Pit Mine | topo: Quines Creek (1986) 1:24000 | src: USGS USMIN</desc><sym>Dot</sym></wpt><wpt lat="42.717472" lon="-123.263843"><name>Open Pit Mine</name><desc>USMIN Open Pit Mine | topo: Golden (1986) 1:24000 | src: USGS USMIN</desc><sym>Dot</sym></wpt><wpt lat="42.710830" lon="-123.270622"><name>Open Pit Mine</name><desc>USMIN Open Pit Mine | topo: Golden (1986) 1:24000 | src: USGS USMIN</desc><sym>Dot</sym></wpt><wpt lat="42.732641" lon="-123.346103"><name>Prospect Pit</name><desc>USMIN Prospect Pit | topo: Golden (1986) 1:24000 | src: USGS USMIN</desc><sym>Dot</sym></wpt><wpt lat="42.701692" lon="-123.231283"><name>Prospect Pit</name><desc>USMIN Prospect Pit | topo: King Mountain (1983) 1:24000 | src: USGS USMIN</desc><sym>Dot</sym></wpt><wpt lat="42.684269" lon="-123.281842"><name>Prospect Pit</name><desc>USMIN Prospect Pit | topo: Golden (1986) 1:24000 | src: USGS USMIN</desc><sym>Dot</sym></wpt><wpt lat="42.704904" lon="-123.283904"><name>Prospect Pit</name><desc>USMIN Prospect Pit | topo: Golden (1986) 1:24000 | src: USGS USMIN</desc><sym>Dot</sym></wpt><wpt lat="42.695605" lon="-123.230656"><name>Prospect Pit</name><desc>USMIN Prospect Pit | topo: King Mountain (1983) 1:24000 | src: USGS USMIN</desc><sym>Dot</sym></wpt><wpt lat="42.694233" lon="-123.269754"><name>Prospect Pit</name><desc>USMIN Prospect Pit | topo: Golden (1986) 1:24000 | src: USGS USMIN</desc><sym>Dot</sym></wpt><wpt lat="42.690395" lon="-123.270547"><name>Prospect Pit</name><desc>USMIN Prospect Pit | topo: Golden (1986) 1:24000 | src: USGS USMIN</desc><sym>Dot</sym></wpt><wpt lat="42.696370" lon="-123.231307"><name>Prospect Pit</name><desc>USMIN Prospect Pit | topo: King Mountain (1983) 1:24000 | src: USGS USMIN</desc><sym>Dot</sym></wpt><wpt lat="42.717127" lon="-123.263186"><name>Open Pit Mine</name><desc>USMIN Open Pit Mine | topo: Glendale (1954) 1:62500 | src: USGS USMIN</desc><sym>Dot</sym></wpt><wpt lat="42.710912" lon="-123.270701"><name>Open Pit Mine</name><desc>USMIN Open Pit Mine | topo: Glendale (1954) 1:62500 | src: USGS USMIN</desc><sym>Dot</sym></wpt><wpt lat="42.687776" lon="-123.326105"><name>Open Pit Mine</name><desc>USMIN Open Pit Mine | topo: Glendale (1954) 1:62500 | src: USGS USMIN</desc><sym>Dot</sym></wpt><wpt lat="42.687044" lon="-123.325360"><name>Open Pit Mine</name><desc>USMIN Open Pit Mine | topo: Glendale (1954) 1:62500 | src: USGS USMIN</desc><sym>Dot</sym></wpt><wpt lat="42.702982" lon="-123.263517"><name>Open Pit Mine</name><desc>USMIN Open Pit Mine | topo: Glendale (1954) 1:62500 | src: USGS USMIN</desc><sym>Dot</sym></wpt><wpt lat="42.685669" lon="-123.351159"><name>Placer Mine</name><desc>USMIN Placer Mine | topo: Glendale (1954) 1:62500 | src: USGS USMIN</desc><sym>Dot</sym></wpt><wpt lat="42.690294" lon="-123.324244"><name>Prospect Pit</name><desc>USMIN Prospect Pit | topo: Glendale (1954) 1:62500 | src: USGS USMIN</desc><sym>Dot</sym></wpt><wpt lat="42.697398" lon="-123.269953"><name>Prospect Pit</name><desc>USMIN Prospect Pit | topo: Glendale (1954) 1:62500 | src: USGS USMIN</desc><sym>Dot</sym></wpt><wpt lat="42.691320" lon="-123.323015"><name>Prospect Pit</name><desc>USMIN Prospect Pit | topo: Glendale (1954) 1:62500 | src: USGS USMIN</desc><sym>Dot</sym></wpt><wpt lat="42.699175" lon="-123.278997"><name>Prospect Pit</name><desc>USMIN Prospect Pit | topo: Glendale (1954) 1:62500 | src: USGS USMIN</desc><sym>Dot</sym></wpt><wpt lat="42.698704" lon="-123.277692"><name>Prospect Pit</name><desc>USMIN Prospect Pit | topo: Glendale (1954) 1:62500 | src: USGS USMIN</desc><sym>Dot</sym></wpt><wpt lat="42.683513" lon="-123.288054"><name>Prospect Pit</name><desc>USMIN Prospect Pit | topo: Glendale (1954) 1:62500 | src: USGS USMIN</desc><sym>Dot</sym></wpt><wpt lat="42.683226" lon="-123.289153"><name>Prospect Pit</name><desc>USMIN Prospect Pit | topo: Glendale (1954) 1:62500 | src: USGS USMIN</desc><sym>Dot</sym></wpt><wpt lat="42.703887" lon="-123.263230"><name>Prospect Pit</name><desc>USMIN Prospect Pit | topo: Glendale (1954) 1:62500 | src: USGS USMIN</desc><sym>Dot</sym></wpt><wpt lat="42.690042" lon="-123.270729"><name>Prospect Pit</name><desc>USMIN Prospect Pit | topo: Glendale (1954) 1:62500 | src: USGS USMIN</desc><sym>Dot</sym></wpt><wpt lat="42.701796" lon="-123.230651"><name>Prospect Pit</name><desc>USMIN Prospect Pit | topo: Wimer (1954) 1:62500 | src: USGS USMIN</desc><sym>Dot</sym></wpt><wpt lat="42.694112" lon="-123.269469"><name>Prospect Pit</name><desc>USMIN Prospect Pit | topo: Glendale (1954) 1:62500 | src: USGS USMIN</desc><sym>Dot</sym></wpt><wpt lat="42.688531" lon="-123.272822"><name>Prospect Pit</name><desc>USMIN Prospect Pit | topo: Glendale (1954) 1:62500 | src: USGS USMIN</desc><sym>Dot</sym></wpt><wpt lat="42.716983" lon="-123.262027"><name>Prospect Pit</name><desc>USMIN Prospect Pit | topo: Glendale (1954) 1:62500 | src: USGS USMIN</desc><sym>Dot</sym></wpt><wpt lat="42.693844" lon="-123.273740"><name>Adit</name><desc>USMIN Adit | topo: Golden (1986) 1:24000 | src: USGS USMIN</desc><sym>Dot</sym></wpt><wpt lat="42.694604" lon="-123.273669"><name>Adit</name><desc>USMIN Adit | topo: Golden (1986) 1:24000 | src: USGS USMIN</desc><sym>Dot</sym></wpt><wpt lat="42.693924" lon="-123.273911"><name>Adit</name><desc>USMIN Adit | topo: Golden (1986) 1:24000 | src: USGS USMIN</desc><sym>Dot</sym></wpt><wpt lat="42.684905" lon="-123.295993"><name>Adit</name><desc>USMIN Adit | topo: Golden (1986) 1:24000 | src: USGS USMIN</desc><sym>Dot</sym></wpt><wpt lat="42.682742" lon="-123.317885"><name>Adit</name><desc>USMIN Adit | topo: Golden (1986) 1:24000 | src: USGS USMIN</desc><sym>Dot</sym></wpt><wpt lat="42.682230" lon="-123.318084"><name>Adit</name><desc>USMIN Adit | topo: Glendale (1954) 1:62500 | src: USGS USMIN</desc><sym>Dot</sym></wpt><wpt lat="42.686241" lon="-123.286783"><name>Adit</name><desc>USMIN Adit | topo: Golden (1986) 1:24000 | src: USGS USMIN</desc><sym>Dot</sym></wpt><wpt lat="42.694073" lon="-123.273808"><name>Adit</name><desc>USMIN Adit | topo: Golden (1986) 1:24000 | src: USGS USMIN</desc><sym>Dot</sym></wpt><wpt lat="42.682120" lon="-123.317284"><name>Adit</name><desc>USMIN Adit | topo: Glendale (1954) 1:62500 | src: USGS USMIN</desc><sym>Dot</sym></wpt><wpt lat="42.701769" lon="-123.264406"><name>Adit</name><desc>USMIN Adit | topo: Glendale (1954) 1:62500 | src: USGS USMIN</desc><sym>Dot</sym></wpt><wpt lat="42.707678" lon="-123.261250"><name>Adit</name><desc>USMIN Adit | topo: Golden (1986) 1:24000 | src: USGS USMIN</desc><sym>Dot</sym></wpt><wpt lat="42.690053" lon="-123.272980"><name>Adit</name><desc>USMIN Adit | topo: Glendale (1954) 1:62500 | src: USGS USMIN</desc><sym>Dot</sym></wpt><wpt lat="42.689666" lon="-123.273774"><name>Adit</name><desc>USMIN Adit | topo: Golden (1986) 1:24000 | src: USGS USMIN</desc><sym>Dot</sym></wpt><wpt lat="42.690473" lon="-123.272662"><name>Adit</name><desc>USMIN Adit | topo: Golden (1986) 1:24000 | src: USGS USMIN</desc><sym>Dot</sym></wpt><wpt lat="42.707526" lon="-123.261517"><name>Adit</name><desc>USMIN Adit | topo: Glendale (1954) 1:62500 | src: USGS USMIN</desc><sym>Dot</sym></wpt><wpt lat="42.697303" lon="-123.267686"><name>Adit</name><desc>USMIN Adit | topo: Glendale (1954) 1:62500 | src: USGS USMIN</desc><sym>Dot</sym></wpt><wpt lat="42.699397" lon="-123.278479"><name>Adit</name><desc>USMIN Adit | topo: Golden (1986) 1:24000 | src: USGS USMIN</desc><sym>Dot</sym></wpt><wpt lat="42.698055" lon="-123.268120"><name>Adit</name><desc>USMIN Adit | topo: Golden (1986) 1:24000 | src: USGS USMIN</desc><sym>Dot</sym></wpt><wpt lat="42.697122" lon="-123.270153"><name>Adit</name><desc>USMIN Adit | topo: Golden (1986) 1:24000 | src: USGS USMIN</desc><sym>Dot</sym></wpt><wpt lat="42.699480" lon="-123.278211"><name>Adit</name><desc>USMIN Adit | topo: Golden (1986) 1:24000 | src: USGS USMIN</desc><sym>Dot</sym></wpt><wpt lat="42.697008" lon="-123.270428"><name>Adit</name><desc>USMIN Adit | topo: Golden (1986) 1:24000 | src: USGS USMIN</desc><sym>Dot</sym></wpt><wpt lat="42.696023" lon="-123.270418"><name>Adit</name><desc>USMIN Adit | topo: Glendale (1954) 1:62500 | src: USGS USMIN</desc><sym>Dot</sym></wpt><wpt lat="42.695736" lon="-123.271119"><name>Adit</name><desc>USMIN Adit | topo: Glendale (1954) 1:62500 | src: USGS USMIN</desc><sym>Dot</sym></wpt><wpt lat="42.699494" lon="-123.278520"><name>Adit</name><desc>USMIN Adit | topo: Glendale (1954) 1:62500 | src: USGS USMIN</desc><sym>Dot</sym></wpt><wpt lat="42.699583" lon="-123.277093"><name>Adit</name><desc>USMIN Adit | topo: Glendale (1954) 1:62500 | src: USGS USMIN</desc><sym>Dot</sym></wpt><wpt lat="42.696328" lon="-123.269692"><name>Adit</name><desc>USMIN Adit | topo: Glendale (1954) 1:62500 | src: USGS USMIN</desc><sym>Dot</sym></wpt><wpt lat="42.699901" lon="-123.278048"><name>Adit</name><desc>USMIN Adit | topo: Glendale (1954) 1:62500 | src: USGS USMIN</desc><sym>Dot</sym></wpt><wpt lat="42.719645" lon="-123.235720"><name>Adit</name><desc>USMIN Adit | topo: King Mountain (1983) 1:24000 | src: USGS USMIN</desc><sym>Dot</sym></wpt><wpt lat="42.719378" lon="-123.235682"><name>Adit</name><desc>USMIN Adit | topo: King Mountain (1983) 1:24000 | src: USGS USMIN</desc><sym>Dot</sym></wpt><wpt lat="42.719330" lon="-123.236175"><name>Adit</name><desc>USMIN Adit | topo: Wimer (1954) 1:62500 | src: USGS USMIN</desc><sym>Dot</sym></wpt><wpt lat="42.683949" lon="-123.285466"><name>Adit</name><desc>USMIN Adit | topo: Golden (1986) 1:24000 | src: USGS USMIN</desc><sym>Dot</sym></wpt><wpt lat="42.692270" lon="-123.274276"><name>Adit</name><desc>USMIN Adit | topo: Golden (1986) 1:24000 | src: USGS USMIN</desc><sym>Dot</sym></wpt><wpt lat="42.688453" lon="-123.325907"><name>Adit</name><desc>USMIN Adit | topo: Golden (1986) 1:24000 | src: USGS USMIN</desc><sym>Dot</sym></wpt><wpt lat="42.691889" lon="-123.274581"><name>Adit</name><desc>USMIN Adit | topo: Golden (1986) 1:24000 | src: USGS USMIN</desc><sym>Dot</sym></wpt><wpt lat="42.680294" lon="-123.315981"><name>Adit</name><desc>USMIN Adit | topo: Glendale (1954) 1:62500 | src: USGS USMIN</desc><sym>Dot</sym></wpt><wpt lat="42.691395" lon="-123.274217"><name>Adit</name><desc>USMIN Adit | topo: Glendale (1954) 1:62500 | src: USGS USMIN</desc><sym>Dot</sym></wpt><wpt lat="42.691934" lon="-123.276901"><name>Adit</name><desc>USMIN Adit | topo: Glendale (1954) 1:62500 | src: USGS USMIN</desc><sym>Dot</sym></wpt><wpt lat="42.691468" lon="-123.324180"><name>Adit</name><desc>USMIN Adit | topo: Glendale (1954) 1:62500 | src: USGS USMIN</desc><sym>Dot</sym></wpt><wpt lat="42.691849" lon="-123.273752"><name>Adit</name><desc>USMIN Adit | topo: Glendale (1954) 1:62500 | src: USGS USMIN</desc><sym>Dot</sym></wpt><wpt lat="42.691811" lon="-123.322972"><name>Adit</name><desc>USMIN Adit | topo: Golden (1986) 1:24000 | src: USGS USMIN</desc><sym>Dot</sym></wpt><wpt lat="42.684236" lon="-123.285435"><name>Adit</name><desc>USMIN Adit | topo: Glendale (1954) 1:62500 | src: USGS USMIN</desc><sym>Dot</sym></wpt><wpt lat="42.680076" lon="-123.315356"><name>Adit</name><desc>USMIN Adit | topo: Glendale (1954) 1:62500 | src: USGS USMIN</desc><sym>Dot</sym></wpt><wpt lat="42.685169" lon="-123.295942"><name>Adit</name><desc>USMIN Adit | topo: Glendale (1954) 1:62500 | src: USGS USMIN</desc><sym>Dot</sym></wpt><wpt lat="42.689840" lon="-123.325581"><name>Adit</name><desc>USMIN Adit | topo: Glendale (1954) 1:62500 | src: USGS USMIN</desc><sym>Dot</sym></wpt><wpt lat="42.685213" lon="-123.290475"><name>Adit</name><desc>USMIN Adit | topo: Glendale (1954) 1:62500 | src: USGS USMIN</desc><sym>Dot</sym></wpt><wpt lat="42.684228" lon="-123.277868"><name>Adit</name><desc>USMIN Adit | topo: Glendale (1954) 1:62500 | src: USGS USMIN</desc><sym>Dot</sym></wpt><wpt lat="42.684909" lon="-123.286051"><name>Adit</name><desc>USMIN Adit | topo: Glendale (1954) 1:62500 | src: USGS USMIN</desc><sym>Dot</sym></wpt><wpt lat="42.750105" lon="-123.527939"><name>Open Pit Mine</name><desc>USMIN Open Pit Mine | topo: Rabbit Mountain (1990) 1:24000 | src: USGS USMIN</desc><sym>Dot</sym></wpt><wpt lat="42.751076" lon="-123.530451"><name>Open Pit Mine</name><desc>USMIN Open Pit Mine | topo: Rabbit Mountain (1990) 1:24000 | src: USGS USMIN</desc><sym>Dot</sym></wpt><wpt lat="42.681012" lon="-123.560713"><name>Prospect Pit</name><desc>USMIN Prospect Pit | topo: Galice (1946) 1:62500 | src: USGS USMIN</desc><sym>Dot</sym></wpt><wpt lat="42.913179" lon="-123.432857"><name>Hackler Height placer</name><desc>MILO gold | gold | placer | discovered ? | prod started ? | size: n/a | src: DOGAMI MILO-4 ID_07751</desc><sym>Bar</sym></wpt><wpt lat="42.913456" lon="-123.443142"><name>Hackler and Heights placer</name><desc>MILO gold | gold | placer | discovered ? | prod started ? | size: n/a | src: DOGAMI MILO-4 ID_07752</desc><sym>Bar</sym></wpt><wpt lat="42.904945" lon="-123.338190"><name>unnamed or NA</name><desc>MILO gold | gold | unknown | discovered ? | prod started ? | size: n/a | src: DOGAMI MILO-4 ID_07765</desc><sym>Bar</sym></wpt><wpt lat="42.905577" lon="-123.316502"><name>Gold Bluff Mine</name><desc>MILO gold | gold | lode | discovered ? | prod started ? | size: small | src: DOGAMI MILO-4 ID_07766</desc><sym>Bar</sym></wpt><wpt lat="42.910719" lon="-123.314527"><name>Levan's Ledge</name><desc>MILO gold | gold, copper, silver | lode | discovered ? | prod started ? | size: small | src: DOGAMI MILO-4 ID_07767</desc><sym>Bar</sym></wpt><wpt lat="42.895677" lon="-123.325912"><name>Sweetbriar</name><desc>MILO gold | gold, copper | lode | discovered ? | prod started ? | size: n/a | src: DOGAMI MILO-4 ID_07768</desc><sym>Bar</sym></wpt><wpt lat="42.890876" lon="-123.335995"><name>Huckleberry Mine</name><desc>MILO gold | gold, silver | lode | discovered ? | prod started ? | size: small | src: DOGAMI MILO-4 ID_07769</desc><sym>Bar</sym></wpt><wpt lat="42.889190" lon="-123.346506"><name>Beaver Spring</name><desc>MILO gold | copper, silver, gold, zinc | lode | discovered ? | prod started ? | size: n/a | src: DOGAMI MILO-4 ID_07770</desc><sym>Bar</sym></wpt><wpt lat="42.883183" lon="-123.123408"><name>Miller</name><desc>MILO gold | gold | unknown | discovered ? | prod started ? | size: n/a | src: DOGAMI MILO-4 ID_07783</desc><sym>Bar</sym></wpt><wpt lat="42.774288" lon="-123.558143"><name>gold mine</name><desc>MILO gold | gold | unknown | discovered ? | prod started ? | size: n/a | src: DOGAMI MILO-4 ID_07806</desc><sym>Bar</sym></wpt><wpt lat="42.758144" lon="-123.534312"><name>Oregon M and P Co.</name><desc>MILO gold | gold, platinum | placer | discovered ? | prod started ? | size: small | src: DOGAMI MILO-4 ID_07808</desc><sym>Bar</sym></wpt><wpt lat="42.760390" lon="-123.522425"><name>Douglas</name><desc>MILO gold | gold | lode | discovered ? | prod started ? | size: small | src: DOGAMI MILO-4 ID_07810</desc><sym>Bar</sym></wpt><wpt lat="42.750958" lon="-123.530432"><name>Diamond Butte</name><desc>MILO gold | gold, silver | unknown | discovered ? | prod started ? | size: n/a | src: DOGAMI MILO-4 ID_07811</desc><sym>Bar</sym></wpt><wpt lat="42.855528" lon="-123.383060"><name>Silver Peak</name><desc>MILO gold | copper, zinc, gold, silver, lead, barium | lode | discovered ? | prod started ? | size: small | src: DOGAMI MILO-4 ID_07812</desc><sym>Bar</sym></wpt><wpt lat="42.862141" lon="-123.385804"><name>Golden Gate</name><desc>MILO gold | gold, copper, silver, barium | lode | discovered ? | prod started ? | size: small | src: DOGAMI MILO-4 ID_07814</desc><sym>Bar</sym></wpt><wpt lat="42.819565" lon="-123.445078"><name>Last Chance prospect</name><desc>MILO gold | gold | lode | discovered ? | prod started ? | size: n/a | src: DOGAMI MILO-4 ID_07818</desc><sym>Bar</sym></wpt><wpt lat="42.788255" lon="-123.475730"><name>Grayback Mountain prospect</name><desc>MILO gold | gold | lode | discovered ? | prod started ? | size: n/a | src: DOGAMI MILO-4 ID_07819</desc><sym>Bar</sym></wpt><wpt lat="42.795428" lon="-123.437809"><name>gold mine</name><desc>MILO gold | gold | unknown | discovered ? | prod started ? | size: n/a | src: DOGAMI MILO-4 ID_07820</desc><sym>Bar</sym></wpt><wpt lat="42.792762" lon="-123.439581"><name>gold mine</name><desc>MILO gold | gold | unknown | discovered ? | prod started ? | size: n/a | src: DOGAMI MILO-4 ID_07821</desc><sym>Bar</sym></wpt><wpt lat="42.797071" lon="-123.165903"><name>Whitehorse placer</name><desc>MILO gold | gold | placer | discovered ? | prod started ? | size: small | src: DOGAMI MILO-4 ID_07828</desc><sym>Bar</sym></wpt><wpt lat="42.770681" lon="-123.185077"><name>Hogum Creek</name><desc>MILO gold | gold | placer | discovered ? | prod started ? | size: n/a | src: DOGAMI MILO-4 ID_07829</desc><sym>Bar</sym></wpt><wpt lat="42.758459" lon="-123.195071"><name>gold mine</name><desc>MILO gold | gold | unknown | discovered ? | prod started ? | size: n/a | src: DOGAMI MILO-4 ID_07831</desc><sym>Bar</sym></wpt><wpt lat="42.764017" lon="-123.200076"><name>Miser</name><desc>MILO gold | gold | unknown | discovered ? | prod started ? | size: n/a | src: DOGAMI MILO-4 ID_07832</desc><sym>Bar</sym></wpt><wpt lat="42.757627" lon="-123.249525"><name>Indiana</name><desc>MILO gold | gold, silver | unknown | discovered ? | prod started ? | size: n/a | src: DOGAMI MILO-4 ID_07833</desc><sym>Bar</sym></wpt><wpt lat="42.755128" lon="-123.242299"><name>Bull Run placers</name><desc>MILO gold | gold, silver | placer | discovered ? | prod started ? | size: n/a | src: DOGAMI MILO-4 ID_07834</desc><sym>Bar</sym></wpt><wpt lat="42.751406" lon="-123.186234"><name>Mildred</name><desc>MILO gold | gold | lode | discovered ? | prod started ? | size: n/a | src: DOGAMI MILO-4 ID_07835</desc><sym>Bar</sym></wpt><wpt lat="42.751516" lon="-123.180910"><name>Cloudy Day</name><desc>MILO gold | gold, silver, copper, arsenic | lode | discovered ? | prod started ? | size: small | src: DOGAMI MILO-4 ID_07836</desc><sym>Bar</sym></wpt><wpt lat="42.741239" lon="-123.154827"><name>Green Mountain prospect</name><desc>MILO gold | gold, silver, copper | lode | discovered ? | prod started ? | size: small | src: DOGAMI MILO-4 ID_07837</desc><sym>Bar</sym></wpt><wpt lat="42.750959" lon="-123.241184"><name>Union Leader</name><desc>MILO gold | gold, silver | unknown | discovered ? | prod started ? | size: n/a | src: DOGAMI MILO-4 ID_07838</desc><sym>Bar</sym></wpt><wpt lat="42.749466" lon="-123.532309"><name>Victory</name><desc>MILO gold | gold, chromium | placer | discovered ? | prod started ? | size: small | src: DOGAMI MILO-4 ID_07863</desc><sym>Bar</sym></wpt><wpt lat="42.724843" lon="-123.424523"><name>Willis</name><desc>MILO gold | gold | lode | discovered ? | prod started ? | size: n/a | src: DOGAMI MILO-4 ID_07867</desc><sym>Bar</sym></wpt><wpt lat="42.734850" lon="-123.263135"><name>Tennesse Gulch</name><desc>MILO gold | gold | placer | discovered ? | prod started ? | size: n/a | src: DOGAMI MILO-4 ID_07868</desc><sym>Bar</sym></wpt><wpt lat="42.748739" lon="-123.202297"><name>Starve Out</name><desc>MILO gold | gold, chromium | lode | discovered ? | prod started ? | size: n/a | src: DOGAMI MILO-4 ID_07870</desc><sym>Bar</sym></wpt><wpt lat="42.746237" lon="-123.167574"><name>Puzzer</name><desc>MILO gold | gold | lode | discovered ? | prod started ? | size: n/a | src: DOGAMI MILO-4 ID_07872</desc><sym>Bar</sym></wpt><wpt lat="42.737348" lon="-123.247296"><name>Quartzmill</name><desc>MILO gold | gold | lode | discovered ? | prod started ? | size: n/a | src: DOGAMI MILO-4 ID_07875</desc><sym>Bar</sym></wpt><wpt lat="42.732672" lon="-123.201166"><name>Curtis</name><desc>MILO gold | gold | lode | discovered ? | prod started ? | size: n/a | src: DOGAMI MILO-4 ID_07877</desc><sym>Bar</sym></wpt><wpt lat="42.733461" lon="-123.185908"><name>Warner</name><desc>MILO gold | gold, silver | unknown | discovered ? | prod started ? | size: n/a | src: DOGAMI MILO-4 ID_07879</desc><sym>Bar</sym></wpt><wpt lat="42.719620" lon="-123.235799"><name>Forget-Me-Not</name><desc>MILO gold | gold, silver, copper | lode | discovered ? | prod started ? | size: small | src: DOGAMI MILO-4 ID_07880</desc><sym>Bar</sym></wpt><wpt lat="42.717905" lon="-123.219516"><name>Flying Squirrel</name><desc>MILO gold | gold | unknown | discovered ? | prod started ? | size: n/a | src: DOGAMI MILO-4 ID_07881</desc><sym>Bar</sym></wpt><wpt lat="42.736411" lon="-123.174870"><name>Warner</name><desc>MILO gold | gold, silver, copper, arsenic, zinc | lode | discovered ? | prod started ? | size: n/a | src: DOGAMI MILO-4 ID_08451</desc><sym>Bar</sym></wpt><wpt lat="42.728738" lon="-123.186183"><name>Bunce prospect</name><desc>MILO gold | gold | lode | discovered ? | prod started ? | size: n/a | src: DOGAMI MILO-4 ID_08452</desc><sym>Bar</sym></wpt><wpt lat="42.732320" lon="-123.168997"><name>Last Chance Property</name><desc>MILO gold | gold | unknown | discovered ? | prod started ? | size: n/a | src: DOGAMI MILO-4 ID_08453</desc><sym>Bar</sym></wpt><wpt lat="42.712760" lon="-123.202668"><name>Little Arctic</name><desc>MILO gold | gold, silver, arsenic | lode | discovered ? | prod started ? | size: n/a | src: DOGAMI MILO-4 ID_08454</desc><sym>Bar</sym></wpt><wpt lat="42.711516" lon="-123.155626"><name>gold mine</name><desc>MILO gold | gold | unknown | discovered ? | prod started ? | size: n/a | src: DOGAMI MILO-4 ID_08455</desc><sym>Bar</sym></wpt><wpt lat="42.695927" lon="-123.203501"><name>Mountain View</name><desc>MILO gold | gold, copper | lode | discovered ? | prod started ? | size: n/a | src: DOGAMI MILO-4 ID_08460</desc><sym>Bar</sym></wpt><wpt lat="42.708460" lon="-123.160347"><name>Last Chance Group placer</name><desc>MILO gold | gold | placer | discovered ? | prod started ? | size: n/a | src: DOGAMI MILO-4 ID_08463</desc><sym>Bar</sym></wpt><wpt lat="42.687071" lon="-123.215907"><name>McTimmons Mine</name><desc>MILO gold | gold | lode | discovered ? | prod started ? | size: small | src: DOGAMI MILO-4 ID_08464</desc><sym>Bar</sym></wpt><wpt lat="42.682348" lon="-123.174516"><name>gold mine</name><desc>MILO gold | gold | unknown | discovered ? | prod started ? | size: n/a | src: DOGAMI MILO-4 ID_08466</desc><sym>Bar</sym></wpt><wpt lat="42.689008" lon="-123.679537"><name>gold prospect</name><desc>MILO gold | gold | unknown | discovered ? | prod started ? | size: n/a | src: DOGAMI MILO-4 ID_09106</desc><sym>Bar</sym></wpt><wpt lat="42.680548" lon="-123.631196"><name>Benton</name><desc>MILO gold | gold, silver, copper, zinc, molybdenum | lode | discovered ? | prod started ? | size: n/a | src: DOGAMI MILO-4 ID_09108</desc><sym>Bar</sym></wpt><wpt lat="42.721785" lon="-123.591193"><name>Tibbett Springs Mine</name><desc>MILO gold | gold, copper, silver | lode | discovered ? | prod started ? | size: n/a | src: DOGAMI MILO-4 ID_09115</desc><sym>Bar</sym></wpt><wpt lat="42.721349" lon="-123.594915"><name>Mount Reuben</name><desc>MILO gold | gold, silver, uranium | lode | discovered ? | prod started ? | size: small | src: DOGAMI MILO-4 ID_09116</desc><sym>Bar</sym></wpt><wpt lat="42.713249" lon="-123.577420"><name>Baker Mine</name><desc>MILO gold | gold | lode | discovered ? | prod started ? | size: n/a | src: DOGAMI MILO-4 ID_09117</desc><sym>Bar</sym></wpt><wpt lat="42.697060" lon="-123.609279"><name>Looney Mine</name><desc>MILO gold | gold | lode | discovered ? | prod started ? | size: n/a | src: DOGAMI MILO-4 ID_09118</desc><sym>Bar</sym></wpt><wpt lat="42.691155" lon="-123.606622"><name>Trade Dollar Mine</name><desc>MILO gold | gold | lode | discovered ? | prod started ? | size: small | src: DOGAMI MILO-4 ID_09119</desc><sym>Bar</sym></wpt><wpt lat="42.691229" lon="-123.613975"><name>Poorman North Mine</name><desc>MILO gold | gold | lode | discovered ? | prod started ? | size: small | src: DOGAMI MILO-4 ID_09120</desc><sym>Bar</sym></wpt><wpt lat="42.691229" lon="-123.617034"><name>Scotty</name><desc>MILO gold | gold, copper, silver | lode | discovered ? | prod started ? | size: n/a | src: DOGAMI MILO-4 ID_09121</desc><sym>Bar</sym></wpt><wpt lat="42.681053" lon="-123.580398"><name>Lawrence Mine</name><desc>MILO gold | gold | lode | discovered ? | prod started ? | size: n/a | src: DOGAMI MILO-4 ID_09122</desc><sym>Bar</sym></wpt><wpt lat="42.689841" lon="-123.571753"><name>Sugar Loaf</name><desc>MILO gold | gold, silver | unknown | discovered ? | prod started ? | size: n/a | src: DOGAMI MILO-4 ID_09123</desc><sym>Bar</sym></wpt><wpt lat="42.685953" lon="-123.557859"><name>Rainbow</name><desc>MILO gold | copper, gold, silver | lode | discovered ? | prod started ? | size: n/a | src: DOGAMI MILO-4 ID_09124</desc><sym>Bar</sym></wpt><wpt lat="42.681192" lon="-123.609994"><name>Pyx Mine</name><desc>MILO gold | gold, copper | lode | discovered ? | prod started ? | size: n/a | src: DOGAMI MILO-4 ID_09125</desc><sym>Bar</sym></wpt><wpt lat="42.685401" lon="-123.383963"><name>Wolf Creek placers</name><desc>MILO gold | gold | placer | discovered ? | prod started ? | size: n/a | src: DOGAMI MILO-4 ID_09135</desc><sym>Bar</sym></wpt><wpt lat="42.711792" lon="-123.310637"><name>Speaker placer</name><desc>MILO gold | gold | placer | discovered ? | prod started ? | size: n/a | src: DOGAMI MILO-4 ID_09138</desc><sym>Bar</sym></wpt><wpt lat="42.710780" lon="-123.270585"><name>Big Slide Lode</name><desc>MILO gold | gold | lode | discovered ? | prod started ? | size: n/a | src: DOGAMI MILO-4 ID_09139</desc><sym>Bar</sym></wpt><wpt lat="42.718247" lon="-123.283832"><name>Wolf Creek Logging and Mining Co.</name><desc>MILO gold | gold | unknown | discovered ? | prod started ? | size: n/a | src: DOGAMI MILO-4 ID_09140</desc><sym>Bar</sym></wpt><wpt lat="42.714291" lon="-123.278134"><name>Lazy Daze Mine</name><desc>MILO gold | gold | unknown | discovered ? | prod started ? | size: n/a | src: DOGAMI MILO-4 ID_09141</desc><sym>Bar</sym></wpt><wpt lat="42.717396" lon="-123.263861"><name>Sluter Mine</name><desc>MILO gold | gold | lode | discovered ? | prod started ? | size: n/a | src: DOGAMI MILO-4 ID_09142</desc><sym>Bar</sym></wpt><wpt lat="42.697074" lon="-123.270423"><name>gold mine</name><desc>MILO gold | gold | unknown | discovered ? | prod started ? | size: n/a | src: DOGAMI MILO-4 ID_09144</desc><sym>Bar</sym></wpt><wpt lat="42.699578" lon="-123.278177"><name>Silent Friend Mine</name><desc>MILO gold | gold, silver, copper, arsenic | lode | discovered ? | prod started ? | size: n/a | src: DOGAMI MILO-4 ID_09145</desc><sym>Bar</sym></wpt><wpt lat="42.696006" lon="-123.285043"><name>Golden Glow</name><desc>MILO gold | gold, silver | unknown | discovered ? | prod started ? | size: n/a | src: DOGAMI MILO-4 ID_09146</desc><sym>Bar</sym></wpt><wpt lat="42.707628" lon="-123.261206"><name>Sunset Mine</name><desc>MILO gold | gold | lode | discovered ? | prod started ? | size: n/a | src: DOGAMI MILO-4 ID_09147</desc><sym>Bar</sym></wpt><wpt lat="42.703183" lon="-123.263134"><name>Golden Ring Mine</name><desc>MILO gold | gold | lode | discovered ? | prod started ? | size: n/a | src: DOGAMI MILO-4 ID_09148</desc><sym>Bar</sym></wpt><wpt lat="42.698166" lon="-123.268171"><name>Lazy Man</name><desc>MILO gold | gold | lode | discovered ? | prod started ? | size: n/a | src: DOGAMI MILO-4 ID_09149</desc><sym>Bar</sym></wpt><wpt lat="42.681792" lon="-123.348966"><name>gold mine</name><desc>MILO gold | gold | unknown | discovered ? | prod started ? | size: n/a | src: DOGAMI MILO-4 ID_09150</desc><sym>Bar</sym></wpt><wpt lat="42.682902" lon="-123.362021"><name>gold mine</name><desc>MILO gold | gold | unknown | discovered ? | prod started ? | size: n/a | src: DOGAMI MILO-4 ID_09151</desc><sym>Bar</sym></wpt><wpt lat="42.682671" lon="-123.317821"><name>Macabee Mine</name><desc>MILO gold | gold, copper, silver | lode | discovered ? | prod started ? | size: n/a | src: DOGAMI MILO-4 ID_09152</desc><sym>Bar</sym></wpt><wpt lat="42.691795" lon="-123.323070"><name>Morning Mine</name><desc>MILO gold | gold | lode | discovered ? | prod started ? | size: n/a | src: DOGAMI MILO-4 ID_09153</desc><sym>Bar</sym></wpt><wpt lat="42.688415" lon="-123.325890"><name>Jackpot Mine</name><desc>MILO gold | gold | lode | discovered ? | prod started ? | size: n/a | src: DOGAMI MILO-4 ID_09154</desc><sym>Bar</sym></wpt><wpt lat="42.686237" lon="-123.325353"><name>Victor</name><desc>MILO gold | gold | lode | discovered ? | prod started ? | size: n/a | src: DOGAMI MILO-4 ID_09155</desc><sym>Bar</sym></wpt><wpt lat="42.684901" lon="-123.296015"><name>Coyote Mine</name><desc>MILO gold | gold, silver, arsenic, copper | lode | discovered ? | prod started ? | size: n/a | src: DOGAMI MILO-4 ID_09156</desc><sym>Bar</sym></wpt><wpt lat="42.685403" lon="-123.290505"><name>Florene Mine</name><desc>MILO gold | gold | lode | discovered ? | prod started ? | size: n/a | src: DOGAMI MILO-4 ID_09157</desc><sym>Bar</sym></wpt><wpt lat="42.691829" lon="-123.274569"><name>Cougar Mine</name><desc>MILO gold | gold | lode | discovered ? | prod started ? | size: small | src: DOGAMI MILO-4 ID_09158</desc><sym>Bar</sym></wpt><wpt lat="42.689645" lon="-123.273725"><name>Spotted Fawn</name><desc>MILO gold | gold, silver, copper | lode | discovered ? | prod started ? | size: n/a | src: DOGAMI MILO-4 ID_09159</desc><sym>Bar</sym></wpt><wpt lat="42.683895" lon="-123.285472"><name>Dorothea</name><desc>MILO gold | gold, silver | lode | discovered ? | prod started ? | size: small | src: DOGAMI MILO-4 ID_09160</desc><sym>Bar</sym></wpt><wpt lat="42.683638" lon="-123.278712"><name>Fandora Mine</name><desc>MILO gold | gold | lode | discovered ? | prod started ? | size: n/a | src: DOGAMI MILO-4 ID_09161</desc><sym>Bar</sym></wpt><wpt lat="42.683752" lon="-123.288418"><name>Gold Coin</name><desc>MILO gold | gold | unknown | discovered ? | prod started ? | size: n/a | src: DOGAMI MILO-4 ID_09164</desc><sym>Bar</sym></wpt><wpt lat="42.683461" lon="-123.263683"><name>Jantzen</name><desc>MILO gold | gold, chromium | lode | discovered ? | prod started ? | size: n/a | src: DOGAMI MILO-4 ID_09166</desc><sym>Bar</sym></wpt><wpt lat="42.718516" lon="-123.603440"><name>Windy Gap Mine</name><desc>MILO gold | gold | lode | discovered ? | prod started ? | size: n/a | src: DOGAMI MILO-4 ID_09203</desc><sym>Bar</sym></wpt><wpt lat="42.898628" lon="-123.576636"><name>unnamed or NA</name><desc>MILO gold | gold | lode | discovered ? | prod started ? | size: n/a | src: DOGAMI MILO-4 ID_18260</desc><sym>Bar</sym></wpt><wpt lat="42.916864" lon="-123.315522"><name>prospect</name><desc>MILO gold | gold, copper, silver | unknown | discovered ? | prod started ? | size: n/a | src: DOGAMI MILO-4 ID_18297</desc><sym>Bar</sym></wpt><wpt lat="42.915436" lon="-123.308930"><name>prospect</name><desc>MILO gold | gold, copper, silver | unknown | discovered ? | prod started ? | size: n/a | src: DOGAMI MILO-4 ID_18298</desc><sym>Bar</sym></wpt><wpt lat="42.905259" lon="-123.318078"><name>unnamed or NA</name><desc>MILO gold | gold | lode | discovered ? | prod started ? | size: n/a | src: DOGAMI MILO-4 ID_18300</desc><sym>Bar</sym></wpt><wpt lat="42.903726" lon="-123.321198"><name>unnamed or NA</name><desc>MILO gold | gold | lode | discovered ? | prod started ? | size: n/a | src: DOGAMI MILO-4 ID_18301</desc><sym>Bar</sym></wpt><wpt lat="42.907846" lon="-123.316507"><name>unnamed or NA</name><desc>MILO gold | gold | lode | discovered ? | prod started ? | size: n/a | src: DOGAMI MILO-4 ID_18302</desc><sym>Bar</sym></wpt><wpt lat="42.890659" lon="-123.335817"><name>Huckleberry Mine</name><desc>MILO gold | gold, silver | lode | discovered ? | prod started ? | size: small | src: DOGAMI MILO-4 ID_18303</desc><sym>Bar</sym></wpt><wpt lat="42.894749" lon="-123.335454"><name>prospect</name><desc>MILO gold | gold, silver | unknown | discovered ? | prod started ? | size: n/a | src: DOGAMI MILO-4 ID_18304</desc><sym>Bar</sym></wpt><wpt lat="42.749979" lon="-123.532337"><name>unnamed or NA</name><desc>MILO gold | gold, chromium | placer | discovered ? | prod started ? | size: n/a | src: DOGAMI MILO-4 ID_18345</desc><sym>Bar</sym></wpt><wpt lat="42.750036" lon="-123.527915"><name>open pit mine</name><desc>MILO gold | gold, chromium | placer | discovered ? | prod started ? | size: n/a | src: DOGAMI MILO-4 ID_18346</desc><sym>Bar</sym></wpt><wpt lat="42.772263" lon="-123.550471"><name>prospect</name><desc>MILO gold | gold | unknown | discovered ? | prod started ? | size: n/a | src: DOGAMI MILO-4 ID_18347</desc><sym>Bar</sym></wpt><wpt lat="42.862542" lon="-123.384626"><name>prospect</name><desc>MILO gold | gold, copper, silver, barium | unknown | discovered ? | prod started ? | size: n/a | src: DOGAMI MILO-4 ID_18350</desc><sym>Bar</sym></wpt><wpt lat="42.862257" lon="-123.384201"><name>prospect</name><desc>MILO gold | gold, copper, silver, barium | unknown | discovered ? | prod started ? | size: n/a | src: DOGAMI MILO-4 ID_18351</desc><sym>Bar</sym></wpt><wpt lat="42.844946" lon="-123.393198"><name>prospect</name><desc>MILO gold | gold, copper, silver, barium | unknown | discovered ? | prod started ? | size: n/a | src: DOGAMI MILO-4 ID_18352</desc><sym>Bar</sym></wpt><wpt lat="42.732947" lon="-123.200771"><name>Curtis</name><desc>MILO gold | gold | lode | discovered ? | prod started ? | size: n/a | src: DOGAMI MILO-4 ID_18398</desc><sym>Bar</sym></wpt><wpt lat="42.719327" lon="-123.235749"><name>Forget-Me-Not</name><desc>MILO gold | gold, silver, copper | lode | discovered ? | prod started ? | size: small | src: DOGAMI MILO-4 ID_18399</desc><sym>Bar</sym></wpt><wpt lat="42.711885" lon="-123.210810"><name>mine</name><desc>MILO gold | gold, silver, arsenic | lode | discovered ? | prod started ? | size: n/a | src: DOGAMI MILO-4 ID_18400</desc><sym>Bar</sym></wpt><wpt lat="42.695917" lon="-123.203907"><name>Mountain View</name><desc>MILO gold | gold, copper | lode | discovered ? | prod started ? | size: n/a | src: DOGAMI MILO-4 ID_19045</desc><sym>Bar</sym></wpt><wpt lat="42.696215" lon="-123.204883"><name>Mountain View</name><desc>MILO gold | gold, copper | lode | discovered ? | prod started ? | size: n/a | src: DOGAMI MILO-4 ID_19046</desc><sym>Bar</sym></wpt><wpt lat="42.696410" lon="-123.204680"><name>Mountain View</name><desc>MILO gold | gold, copper | lode | discovered ? | prod started ? | size: n/a | src: DOGAMI MILO-4 ID_19047</desc><sym>Bar</sym></wpt><wpt lat="42.696468" lon="-123.204263"><name>Mountain View</name><desc>MILO gold | gold, copper | lode | discovered ? | prod started ? | size: n/a | src: DOGAMI MILO-4 ID_19048</desc><sym>Bar</sym></wpt><wpt lat="42.696506" lon="-123.203807"><name>Mountain View</name><desc>MILO gold | gold, copper | lode | discovered ? | prod started ? | size: n/a | src: DOGAMI MILO-4 ID_19049</desc><sym>Bar</sym></wpt><wpt lat="42.695952" lon="-123.205376"><name>Mountain View</name><desc>MILO gold | gold, copper | lode | discovered ? | prod started ? | size: n/a | src: DOGAMI MILO-4 ID_19050</desc><sym>Bar</sym></wpt><wpt lat="42.694931" lon="-123.211152"><name>Mountain View</name><desc>MILO gold | gold, copper | lode | discovered ? | prod started ? | size: n/a | src: DOGAMI MILO-4 ID_19051</desc><sym>Bar</sym></wpt><wpt lat="42.736106" lon="-123.174847"><name>Warner</name><desc>MILO gold | gold, silver, copper, arsenic, zinc | lode | discovered ? | prod started ? | size: n/a | src: DOGAMI MILO-4 ID_19306</desc><sym>Bar</sym></wpt><wpt lat="42.712579" lon="-123.201748"><name>Little Arctic</name><desc>MILO gold | gold, silver, arsenic | lode | discovered ? | prod started ? | size: n/a | src: DOGAMI MILO-4 ID_19309</desc><sym>Bar</sym></wpt><wpt lat="42.713926" lon="-123.577088"><name>Baker Mine</name><desc>MILO gold | gold | lode | discovered ? | prod started ? | size: n/a | src: DOGAMI MILO-4 ID_19363</desc><sym>Bar</sym></wpt><wpt lat="42.698345" lon="-123.608086"><name>mine</name><desc>MILO gold | gold | lode | discovered ? | prod started ? | size: n/a | src: DOGAMI MILO-4 ID_19364</desc><sym>Bar</sym></wpt><wpt lat="42.698732" lon="-123.612112"><name>prospect</name><desc>MILO gold | gold | unknown | discovered ? | prod started ? | size: n/a | src: DOGAMI MILO-4 ID_19365</desc><sym>Bar</sym></wpt><wpt lat="42.682358" lon="-123.623586"><name>mine</name><desc>MILO gold | gold, silver, copper, zinc, molybdenum | lode | discovered ? | prod started ? | size: n/a | src: DOGAMI MILO-4 ID_19366</desc><sym>Bar</sym></wpt><wpt lat="42.681003" lon="-123.610381"><name>prospect</name><desc>MILO gold | gold, copper | unknown | discovered ? | prod started ? | size: n/a | src: DOGAMI MILO-4 ID_19367</desc><sym>Bar</sym></wpt><wpt lat="42.699472" lon="-123.278505"><name>Silent Friend Mine</name><desc>MILO gold | gold, silver, copper, arsenic | lode | discovered ? | prod started ? | size: n/a | src: DOGAMI MILO-4 ID_19375</desc><sym>Bar</sym></wpt><wpt lat="42.690415" lon="-123.272624"><name>unnamed or NA</name><desc>MILO gold | gold, silver, copper | lode | discovered ? | prod started ? | size: n/a | src: DOGAMI MILO-4 ID_19376</desc><sym>Bar</sym></wpt><wpt lat="42.690339" lon="-123.270528"><name>prospect</name><desc>MILO gold | gold, silver, copper | lode | discovered ? | prod started ? | size: n/a | src: DOGAMI MILO-4 ID_19377</desc><sym>Bar</sym></wpt><wpt lat="42.692225" lon="-123.274255"><name>Cougar Mine</name><desc>MILO gold | gold | lode | discovered ? | prod started ? | size: small | src: DOGAMI MILO-4 ID_19378</desc><sym>Bar</sym></wpt><wpt lat="42.680795" lon="-123.314565"><name>Anaconda</name><desc>MILO gold | gold | unknown | discovered ? | prod started ? | size: n/a | src: DOGAMI MILO-4 ID_19379</desc><sym>Bar</sym></wpt><wpt lat="42.682013" lon="-123.629273"><name>unnamed or NA</name><desc>MILO gold | gold, silver, copper, zinc, molybdenum | lode | discovered ? | prod started ? | size: n/a | src: DOGAMI MILO-4 ID_19841</desc><sym>Bar</sym></wpt><wpt lat="42.681881" lon="-123.629148"><name>unnamed or NA</name><desc>MILO gold | gold, silver, copper, zinc, molybdenum | lode | discovered ? | prod started ? | size: n/a | src: DOGAMI MILO-4 ID_19842</desc><sym>Bar</sym></wpt><wpt lat="42.690901" lon="-123.606499"><name>prospect</name><desc>MILO gold | gold | lode | discovered ? | prod started ? | size: small | src: DOGAMI MILO-4 ID_19845</desc><sym>Bar</sym></wpt><wpt lat="42.680851" lon="-123.610304"><name>prospect</name><desc>MILO gold | gold, copper | unknown | discovered ? | prod started ? | size: n/a | src: DOGAMI MILO-4 ID_19848</desc><sym>Bar</sym></wpt><wpt lat="42.697210" lon="-123.270178"><name>gold mine</name><desc>MILO gold | gold | unknown | discovered ? | prod started ? | size: n/a | src: DOGAMI MILO-4 ID_19860</desc><sym>Bar</sym></wpt><wpt lat="42.693766" lon="-123.273715"><name>unnamed or NA</name><desc>MILO gold | gold, silver, copper | lode | discovered ? | prod started ? | size: n/a | src: DOGAMI MILO-4 ID_19862</desc><sym>Bar</sym></wpt><wpt lat="42.693838" lon="-123.273939"><name>unnamed or NA</name><desc>MILO gold | gold, silver, copper | lode | discovered ? | prod started ? | size: n/a | src: DOGAMI MILO-4 ID_19863</desc><sym>Bar</sym></wpt><wpt lat="42.694040" lon="-123.273840"><name>unnamed or NA</name><desc>MILO gold | gold, silver, copper | lode | discovered ? | prod started ? | size: n/a | src: DOGAMI MILO-4 ID_19864</desc><sym>Bar</sym></wpt><wpt lat="42.694645" lon="-123.273693"><name>unnamed or NA</name><desc>MILO gold | gold, silver, copper | lode | discovered ? | prod started ? | size: n/a | src: DOGAMI MILO-4 ID_19865</desc><sym>Bar</sym></wpt><wpt lat="42.715446" lon="-123.341789"><name>Gilliam Placer</name><desc>MILO gold | gold | placer | discovered ? | prod started ? | size: n/a | src: DOGAMI MILO-4 ID_19868</desc><sym>Bar</sym></wpt><wpt lat="42.716239" lon="-123.257577"><name>Gilbert Eri prospect</name><desc>MILO gold | gold | placer (heuristic: surface workings) | discovered ? | prod started ? | size: Small | src: DOGAMI MILO-4 ID_19869</desc><sym>Bar</sym></wpt><wpt lat="42.686249" lon="-123.286774"><name>mine</name><desc>MILO gold | gold, silver, copper | lode | discovered ? | prod started ? | size: n/a | src: DOGAMI MILO-4 ID_21209</desc><sym>Bar</sym></wpt><wpt lat="42.683027" lon="-123.623478"><name>unnamed or NA</name><desc>MILO gold | gold, silver, copper, zinc, molybdenum | lode | discovered ? | prod started ? | size: n/a | src: DOGAMI MILO-4 ID_21244</desc><sym>Bar</sym></wpt><wpt lat="42.704967" lon="-123.283878"><name>prospect</name><desc>MILO gold | gold, silver, copper | lode | discovered ? | prod started ? | size: n/a | src: DOGAMI MILO-4 ID_22392</desc><sym>Bar</sym></wpt><wpt lat="42.740948" lon="-123.173256"><name>prospect</name><desc>MILO gold | gold | unknown | discovered ? | prod started ? | size: n/a | src: DOGAMI MILO-4 ID_22394</desc><sym>Bar</sym></wpt><wpt lat="42.758503" lon="-123.228219"><name>prospect</name><desc>MILO gold | gold | unknown | discovered ? | prod started ? | size: n/a | src: DOGAMI MILO-4 ID_22397</desc><sym>Bar</sym></wpt><wpt lat="42.782726" lon="-123.157469"><name>mine</name><desc>MILO gold | gold | unknown | discovered ? | prod started ? | size: n/a | src: DOGAMI MILO-4 ID_22398</desc><sym>Bar</sym></wpt><wpt lat="42.858271" lon="-123.392215"><name>prospect</name><desc>MILO gold | gold, copper, silver, barium | lode | discovered ? | prod started ? | size: n/a | src: DOGAMI MILO-4 ID_23047</desc><sym>Bar</sym></wpt><wpt lat="42.857333" lon="-123.393287"><name>Middle Creek</name><desc>MILO gold | gold, copper, silver, barium | lode | discovered ? | prod started ? | size: n/a | src: DOGAMI MILO-4 ID_23048</desc><sym>Bar</sym></wpt><wpt lat="42.858388" lon="-123.395117"><name>prospect</name><desc>MILO gold | gold, copper, silver, barium | lode | discovered ? | prod started ? | size: n/a | src: DOGAMI MILO-4 ID_23049</desc><sym>Bar</sym></wpt><wpt lat="42.858261" lon="-123.395353"><name>prospect</name><desc>MILO gold | gold, copper, silver, barium | lode | discovered ? | prod started ? | size: n/a | src: DOGAMI MILO-4 ID_23050</desc><sym>Bar</sym></wpt><wpt lat="42.858132" lon="-123.395347"><name>prospect</name><desc>MILO gold | gold, copper, silver, barium | lode | discovered ? | prod started ? | size: n/a | src: DOGAMI MILO-4 ID_23051</desc><sym>Bar</sym></wpt><wpt lat="42.858247" lon="-123.392865"><name>prospect</name><desc>MILO gold | gold, copper, silver, barium | lode | discovered ? | prod started ? | size: n/a | src: DOGAMI MILO-4 ID_23052</desc><sym>Bar</sym></wpt><wpt lat="42.856325" lon="-123.394454"><name>prospect</name><desc>MILO gold | gold, copper, silver, barium | lode | discovered ? | prod started ? | size: n/a | src: DOGAMI MILO-4 ID_23053</desc><sym>Bar</sym></wpt><wpt lat="42.856298" lon="-123.394676"><name>prospect</name><desc>MILO gold | gold, copper, silver, barium | lode | discovered ? | prod started ? | size: n/a | src: DOGAMI MILO-4 ID_23054</desc><sym>Bar</sym></wpt><wpt lat="42.856294" lon="-123.394812"><name>prospect</name><desc>MILO gold | gold, copper, silver, barium | lode | discovered ? | prod started ? | size: n/a | src: DOGAMI MILO-4 ID_23055</desc><sym>Bar</sym></wpt><wpt lat="42.857936" lon="-123.389682"><name>prospect</name><desc>MILO gold | gold, copper, silver, barium | lode | discovered ? | prod started ? | size: n/a | src: DOGAMI MILO-4 ID_23056</desc><sym>Bar</sym></wpt><wpt lat="42.857833" lon="-123.389775"><name>prospect</name><desc>MILO gold | gold, copper, silver, barium | lode | discovered ? | prod started ? | size: n/a | src: DOGAMI MILO-4 ID_23057</desc><sym>Bar</sym></wpt><wpt lat="42.857739" lon="-123.389838"><name>prospect</name><desc>MILO gold | gold, copper, silver, barium | lode | discovered ? | prod started ? | size: n/a | src: DOGAMI MILO-4 ID_23058</desc><sym>Bar</sym></wpt><wpt lat="42.860507" lon="-123.390330"><name>prospect</name><desc>MILO gold | gold, copper, silver, barium | lode | discovered ? | prod started ? | size: n/a | src: DOGAMI MILO-4 ID_23059</desc><sym>Bar</sym></wpt><wpt lat="42.861039" lon="-123.388840"><name>prospect</name><desc>MILO gold | gold, copper, silver, barium | lode | discovered ? | prod started ? | size: n/a | src: DOGAMI MILO-4 ID_23060</desc><sym>Bar</sym></wpt><wpt lat="42.861173" lon="-123.388904"><name>prospect</name><desc>MILO gold | gold, copper, silver, barium | lode | discovered ? | prod started ? | size: n/a | src: DOGAMI MILO-4 ID_23061</desc><sym>Bar</sym></wpt><wpt lat="42.857433" lon="-123.392262"><name>prospect</name><desc>MILO gold | gold, copper, silver, barium | lode | discovered ? | prod started ? | size: n/a | src: DOGAMI MILO-4 ID_23062</desc><sym>Bar</sym></wpt><wpt lat="42.861747" lon="-123.386800"><name>prospect</name><desc>MILO gold | gold, copper, silver, barium | unknown | discovered ? | prod started ? | size: n/a | src: DOGAMI MILO-4 ID_23063</desc><sym>Bar</sym></wpt><wpt lat="42.844115" lon="-123.393773"><name>prospect</name><desc>MILO gold | gold, copper, silver, barium | unknown | discovered ? | prod started ? | size: n/a | src: DOGAMI MILO-4 ID_23064</desc><sym>Bar</sym></wpt><wpt lat="42.846387" lon="-123.391819"><name>prospect</name><desc>MILO gold | gold, copper, silver, barium | unknown | discovered ? | prod started ? | size: n/a | src: DOGAMI MILO-4 ID_23065</desc><sym>Bar</sym></wpt><wpt lat="42.680786" lon="-123.610240"><name>prospect</name><desc>MILO gold | gold, copper | unknown | discovered ? | prod started ? | size: n/a | src: DOGAMI MILO-4 ID_23076</desc><sym>Bar</sym></wpt><wpt lat="42.680741" lon="-123.610184"><name>prospect</name><desc>MILO gold | gold, copper | unknown | discovered ? | prod started ? | size: n/a | src: DOGAMI MILO-4 ID_23077</desc><sym>Bar</sym></wpt><wpt lat="42.680949" lon="-123.580497"><name>Lawrence Mine</name><desc>MILO gold | gold | lode | discovered ? | prod started ? | size: n/a | src: DOGAMI MILO-4 ID_23098</desc><sym>Bar</sym></wpt><wpt lat="42.910050" lon="-123.313850"><name>unnamed or NA</name><desc>MILO gold | gold | lode | discovered ? | prod started ? | size: n/a | src: DOGAMI MILO-4 ID_23316</desc><sym>Bar</sym></wpt><wpt lat="42.911503" lon="-123.307840"><name>unnamed or NA</name><desc>MILO gold | gold | lode | discovered ? | prod started ? | size: n/a | src: DOGAMI MILO-4 ID_23317</desc><sym>Bar</sym></wpt><wpt lat="42.752259" lon="-123.532755"><name>Tuller Placer</name><desc>MILO gold | gold, chromium | placer | discovered ? | prod started ? | size: n/a | src: DOGAMI MILO-4 ID_23328</desc><sym>Bar</sym></wpt><wpt lat="42.735794" lon="-123.174200"><name>Warner</name><desc>MILO gold | gold, silver, copper, arsenic, zinc | lode | discovered ? | prod started ? | size: n/a | src: DOGAMI MILO-4 ID_23579</desc><sym>Bar</sym></wpt><wpt lat="42.756520" lon="-123.237850"><name>Bull Run Placers</name><desc>MRDS gold occurrence | status: Past Producer | commodities: AU | src: https://mrdata.usgs.gov/mrds/show-mrds.php?dep_id=10176905</desc><sym>Dot</sym></wpt><wpt lat="42.791720" lon="-123.439460"><name>Unnamed Prospect</name><desc>MRDS gold occurrence | status: Unknown | commodities: AU | src: https://mrdata.usgs.gov/mrds/show-mrds.php?dep_id=10201787</desc><sym>Dot</sym></wpt><wpt lat="42.797020" lon="-123.165850"><name>Whitehouse Placer</name><desc>MRDS gold occurrence | status: Past Producer | commodities: AU | src: https://mrdata.usgs.gov/mrds/show-mrds.php?dep_id=10249604</desc><sym>Dot</sym></wpt><wpt lat="42.795620" lon="-123.439460"><name>Unnamed Prospect</name><desc>MRDS gold occurrence | status: Unknown | commodities: AU | src: https://mrdata.usgs.gov/mrds/show-mrds.php?dep_id=10298456</desc><sym>Dot</sym></wpt><wpt lat="42.697320" lon="-123.267250"><name>Lazy Man Mine</name><desc>MRDS gold occurrence | status: Prospect | commodities: AU | src: https://mrdata.usgs.gov/mrds/show-mrds.php?dep_id=10152970</desc><sym>Dot</sym></wpt><wpt lat="42.684820" lon="-123.363360"><name>Forsythe Placer</name><desc>MRDS gold occurrence | status: Past Producer | commodities: AU | src: https://mrdata.usgs.gov/mrds/show-mrds.php?dep_id=10225226</desc><sym>Dot</sym></wpt><wpt lat="42.774220" lon="-123.558060"><name>Unnamed Prospect</name><desc>MRDS gold occurrence | status: Prospect | commodities: AU | src: https://mrdata.usgs.gov/mrds/show-mrds.php?dep_id=10274511</desc><sym>Dot</sym></wpt><wpt lat="42.913430" lon="-123.443100"><name>Hackler &amp; Heights Placer</name><desc>MRDS gold occurrence | status: Past Producer | commodities: AU | src: https://mrdata.usgs.gov/mrds/show-mrds.php?dep_id=10052845</desc><sym>Dot</sym></wpt><wpt lat="42.913420" lon="-123.443060"><name>Hackler Height Placer</name><desc>MRDS gold occurrence | status: Past Producer | commodities: AU | src: https://mrdata.usgs.gov/mrds/show-mrds.php?dep_id=10249873</desc><sym>Dot</sym></wpt><wpt lat="42.683430" lon="-123.569770"><name>Tennessee Bar</name><desc>MRDS gold occurrence | status: Past Producer | commodities: AU | src: https://mrdata.usgs.gov/mrds/show-mrds.php?dep_id=10053323</desc><sym>Dot</sym></wpt><wpt lat="42.686220" lon="-123.325350"><name>Victor Mine</name><desc>MRDS gold occurrence | status: Unknown | commodities: AU | src: https://mrdata.usgs.gov/mrds/show-mrds.php?dep_id=10128377</desc><sym>Dot</sym></wpt><wpt lat="42.728990" lon="-123.204760"><name>Curtis</name><desc>MRDS gold occurrence | status: Occurrence | commodities: AU | src: https://mrdata.usgs.gov/mrds/show-mrds.php?dep_id=10042939</desc><sym>Dot</sym></wpt><wpt lat="42.764020" lon="-123.200350"><name>Miser Mine</name><desc>MRDS gold occurrence | status: Prospect | commodities: AU | src: https://mrdata.usgs.gov/mrds/show-mrds.php?dep_id=10152562</desc><sym>Dot</sym></wpt><wpt lat="42.682920" lon="-123.288350"><name>Gold Coin Mine</name><desc>MRDS gold occurrence | status: Unknown | commodities: AU | src: https://mrdata.usgs.gov/mrds/show-mrds.php?dep_id=10153021</desc><sym>Dot</sym></wpt><wpt lat="42.752920" lon="-123.188350"><name>Mildred Mine</name><desc>MRDS gold occurrence | status: Past Producer | commodities: AU | src: https://mrdata.usgs.gov/mrds/show-mrds.php?dep_id=10249636</desc><sym>Dot</sym></wpt><wpt lat="42.770120" lon="-123.185550"><name>Hogum Hydraulic Mine</name><desc>MRDS gold occurrence | status: Past Producer | commodities: AU | src: https://mrdata.usgs.gov/mrds/show-mrds.php?dep_id=10256694</desc><sym>Dot</sym></wpt><wpt lat="42.689020" lon="-123.679460"><name>Unnamed Prospect</name><desc>MRDS gold occurrence | status: Prospect | commodities: AU | src: https://mrdata.usgs.gov/mrds/show-mrds.php?dep_id=10152549</desc><sym>Dot</sym></wpt><wpt lat="42.724820" lon="-123.424460"><name>Willis Mine</name><desc>MRDS gold occurrence | status: Prospect | commodities: AU | src: https://mrdata.usgs.gov/mrds/show-mrds.php?dep_id=10177124</desc><sym>Dot</sym></wpt><wpt lat="42.764520" lon="-123.521460"><name>Douglas Mine</name><desc>MRDS gold occurrence | status: Past Producer | commodities: AU | src: https://mrdata.usgs.gov/mrds/show-mrds.php?dep_id=10200643</desc><sym>Dot</sym></wpt><wpt lat="42.696490" lon="-123.274210"><name>Gold Mine</name><desc>MRDS gold occurrence | status: Past Producer | commodities: AU | src: https://mrdata.usgs.gov/mrds/show-mrds.php?dep_id=10099114</desc><sym>Dot</sym></wpt><wpt lat="42.763990" lon="-123.517550"><name>Douglas</name><desc>MRDS gold occurrence | status: Producer | commodities: AU | src: https://mrdata.usgs.gov/mrds/show-mrds.php?dep_id=10042958</desc><sym>Dot</sym></wpt><wpt lat="42.883120" lon="-123.123350"><name>Miller Mine</name><desc>MRDS gold occurrence | status: Prospect | commodities: AU | src: https://mrdata.usgs.gov/mrds/show-mrds.php?dep_id=10225858</desc><sym>Dot</sym></wpt><wpt lat="42.681720" lon="-123.348950"><name>Unnamed Prospect</name><desc>MRDS gold occurrence | status: Unknown | commodities: AU | src: https://mrdata.usgs.gov/mrds/show-mrds.php?dep_id=10128547</desc><sym>Dot</sym></wpt><wpt lat="42.686220" lon="-123.383960"><name>Aman Ranch</name><desc>MRDS gold occurrence | status: Past Producer | commodities: AU | src: https://mrdata.usgs.gov/mrds/show-mrds.php?dep_id=10128697</desc><sym>Dot</sym></wpt><wpt lat="42.682920" lon="-123.361960"><name>Unnamed Prospect</name><desc>MRDS gold occurrence | status: Unknown | commodities: AU | src: https://mrdata.usgs.gov/mrds/show-mrds.php?dep_id=10298396</desc><sym>Dot</sym></wpt><wpt lat="42.683150" lon="-123.351980"><name>Payne Placer</name><desc>MRDS gold occurrence | status: Occurrence | commodities: AU | src: https://mrdata.usgs.gov/mrds/show-mrds.php?dep_id=10032166</desc><sym>Dot</sym></wpt><wpt lat="42.717040" lon="-123.288090"><name>Wolf Creek Logging and Mining Company</name><desc>MRDS gold occurrence | status: Occurrence | commodities: AU | src: https://mrdata.usgs.gov/mrds/show-mrds.php?dep_id=10032175</desc><sym>Dot</sym></wpt><wpt lat="42.690920" lon="-123.212850"><name>Mctimmons Placer</name><desc>MRDS gold occurrence | status: Prospect | commodities: AU | src: https://mrdata.usgs.gov/mrds/show-mrds.php?dep_id=10128563</desc><sym>Dot</sym></wpt><wpt lat="42.746220" lon="-123.167550"><name>Puzzler Mine</name><desc>MRDS gold occurrence | status: Past Producer | commodities: AU | src: https://mrdata.usgs.gov/mrds/show-mrds.php?dep_id=10177118</desc><sym>Dot</sym></wpt><wpt lat="42.756520" lon="-123.244450"><name>Indiana Placer</name><desc>MRDS gold occurrence | status: Occurrence | commodities: AU | src: https://mrdata.usgs.gov/mrds/show-mrds.php?dep_id=10177269</desc><sym>Dot</sym></wpt><wpt lat="42.708420" lon="-123.160350"><name>Last Chance Group</name><desc>MRDS gold occurrence | status: Past Producer | commodities: AU | src: https://mrdata.usgs.gov/mrds/show-mrds.php?dep_id=10225502</desc><sym>Dot</sym></wpt><wpt lat="42.734820" lon="-123.263050"><name>Tennessee Bulch</name><desc>MRDS gold occurrence | status: Prospect | commodities: AU | src: https://mrdata.usgs.gov/mrds/show-mrds.php?dep_id=10250112</desc><sym>Dot</sym></wpt><wpt lat="42.682320" lon="-123.174450"><name>Unnamed Prospect</name><desc>MRDS gold occurrence | status: Occurrence | commodities: AU | src: https://mrdata.usgs.gov/mrds/show-mrds.php?dep_id=10273878</desc><sym>Dot</sym></wpt><wpt lat="42.711520" lon="-123.155550"><name>Unnamed Prospect</name><desc>MRDS gold occurrence | status: Occurrence | commodities: AU | src: https://mrdata.usgs.gov/mrds/show-mrds.php?dep_id=10274116</desc><sym>Dot</sym></wpt><wpt lat="42.717020" lon="-123.288050"><name>Wolf Creek Logging and Mining Co.</name><desc>MRDS gold occurrence | status: Unknown | commodities: AU | src: https://mrdata.usgs.gov/mrds/show-mrds.php?dep_id=10274626</desc><sym>Dot</sym></wpt><wpt lat="42.696520" lon="-123.274250"><name>Unnamed Prospect</name><desc>MRDS gold occurrence | status: Unknown | commodities: AU | src: https://mrdata.usgs.gov/mrds/show-mrds.php?dep_id=10298183</desc><sym>Dot</sym></wpt><wpt lat="42.734220" lon="-123.251750"><name>Quartzmill Mine</name><desc>MRDS gold occurrence | status: Past Producer | commodities: AU | src: https://mrdata.usgs.gov/mrds/show-mrds.php?dep_id=10298227</desc><sym>Dot</sym></wpt><wpt lat="42.758420" lon="-123.195050"><name>Unnamed Pit</name><desc>MRDS gold occurrence | status: Occurrence | commodities: AU | src: https://mrdata.usgs.gov/mrds/show-mrds.php?dep_id=10298321</desc><sym>Dot</sym></wpt><wpt lat="42.716239" lon="-123.257577"><name>OPEN-cowcreek-01</name><desc>Gilbert Eri prospect (placer (heuristic: surface workings)) | agency: BLM | 141m to stream | cluster: 0 nearby | src: MILO</desc><sym>Star</sym></wpt><wpt lat="42.862185" lon="-123.385877"><name>OPEN-cowcreek-02</name><desc>USMIN Prospect Pit | agency: BLM | 128m to stream | cluster: 7 nearby | src: USMIN</desc><sym>Star</sym></wpt><wpt lat="42.698004" lon="-123.608403"><name>OPEN-cowcreek-03</name><desc>USMIN Prospect Pit | agency: BLM | 5m to stream | cluster: 6 nearby | src: USMIN</desc><sym>Star</sym></wpt><wpt lat="42.699277" lon="-123.608766"><name>OPEN-cowcreek-04</name><desc>USMIN Prospect Pit | agency: BLM | 18m to stream | cluster: 6 nearby | src: USMIN</desc><sym>Star</sym></wpt><wpt lat="42.698376" lon="-123.607984"><name>OPEN-cowcreek-05</name><desc>USMIN Adit | agency: BLM | 37m to stream | cluster: 6 nearby | src: USMIN</desc><sym>Star</sym></wpt><wpt lat="42.697119" lon="-123.609107"><name>OPEN-cowcreek-06</name><desc>USMIN Adit | agency: BLM | 82m to stream | cluster: 6 nearby | src: USMIN</desc><sym>Star</sym></wpt><wpt lat="42.697940" lon="-123.609890"><name>OPEN-cowcreek-07</name><desc>USMIN Prospect Pit | agency: BLM | 124m to stream | cluster: 6 nearby | src: USMIN</desc><sym>Star</sym></wpt><wpt lat="42.713288" lon="-123.577453"><name>OPEN-cowcreek-08</name><desc>USMIN Adit | agency: BLM | 8m to stream | cluster: 5 nearby | src: USMIN</desc><sym>Star</sym></wpt><wpt lat="42.714018" lon="-123.577058"><name>OPEN-cowcreek-09</name><desc>USMIN Adit | agency: BLM | 23m to stream | cluster: 5 nearby | src: USMIN</desc><sym>Star</sym></wpt><wpt lat="42.862566" lon="-123.384706"><name>OPEN-cowcreek-10</name><desc>USMIN Prospect Pit | agency: BLM | 100m to stream | cluster: 5 nearby | src: USMIN</desc><sym>Star</sym></wpt><wpt lat="42.862280" lon="-123.384249"><name>OPEN-cowcreek-11</name><desc>USMIN Prospect Pit | agency: BLM | 148m to stream | cluster: 5 nearby | src: USMIN</desc><sym>Star</sym></wpt><wpt lat="42.682230" lon="-123.318084"><name>OPEN-cowcreek-12</name><desc>USMIN Adit | agency: BLM | 72m to stream | cluster: 3 nearby | src: USMIN</desc><sym>Star</sym></wpt><wpt lat="42.682120" lon="-123.317284"><name>OPEN-cowcreek-13</name><desc>USMIN Adit | agency: BLM | 115m to stream | cluster: 3 nearby | src: USMIN</desc><sym>Star</sym></wpt><wpt lat="42.682742" lon="-123.317885"><name>OPEN-cowcreek-14</name><desc>USMIN Adit | agency: BLM | 130m to stream | cluster: 3 nearby | src: USMIN</desc><sym>Star</sym></wpt><wpt lat="42.718559" lon="-123.603354"><name>OPEN-cowcreek-15</name><desc>USMIN Prospect Pit | agency: BLM | 5m to stream | cluster: 2 nearby | src: USMIN</desc><sym>Star</sym></wpt><wpt lat="42.718780" lon="-123.603422"><name>OPEN-cowcreek-16</name><desc>USMIN Prospect Pit | agency: BLM | 24m to stream | cluster: 2 nearby | src: USMIN</desc><sym>Star</sym></wpt><wpt lat="42.707526" lon="-123.261517"><name>OPEN-cowcreek-17</name><desc>USMIN Adit | agency: BLM | 48m to stream | cluster: 2 nearby | src: USMIN</desc><sym>Star</sym></wpt><wpt lat="42.844941" lon="-123.393184"><name>OPEN-cowcreek-18</name><desc>USMIN Prospect Pit | agency: BLM | 59m to stream | cluster: 2 nearby | src: USMIN</desc><sym>Star</sym></wpt><wpt lat="42.707678" lon="-123.261250"><name>OPEN-cowcreek-19</name><desc>USMIN Adit | agency: BLM | 73m to stream | cluster: 2 nearby | src: USMIN</desc><sym>Star</sym></wpt><wpt lat="42.694977" lon="-123.211119"><name>OPEN-cowcreek-20</name><desc>USMIN Prospect Pit | agency: BLM | 27m to stream | cluster: 1 nearby | src: USMIN</desc><sym>Star</sym></wpt><wpt lat="42.895894" lon="-123.326234"><name>OPEN-cowcreek-21</name><desc>USMIN Adit | agency: BLM | 46m to stream | cluster: 1 nearby | src: USMIN</desc><sym>Star</sym></wpt><wpt lat="42.857569" lon="-123.382964"><name>OPEN-cowcreek-22</name><desc>USMIN Prospect Pit | agency: BLM | 107m to stream | cluster: 1 nearby | src: USMIN</desc><sym>Star</sym></wpt><wpt lat="42.894758" lon="-123.335477"><name>OPEN-cowcreek-23</name><desc>USMIN Prospect Pit | agency: BLM | 138m to stream | cluster: 1 nearby | src: USMIN</desc><sym>Star</sym></wpt><wpt lat="42.855744" lon="-123.382848"><name>OPEN-cowcreek-24</name><desc>USMIN Adit | agency: BLM | 148m to stream | cluster: 1 nearby | src: USMIN</desc><sym>Star</sym></wpt><wpt lat="42.891247" lon="-123.337254"><name>OPEN-cowcreek-25</name><desc>USMIN Adit | agency: BLM | 74m to stream | cluster: 0 nearby | NEAR ACTIVE CLAIM (&lt;50m, approx) | src: USMIN</desc><sym>Star</sym></wpt><trk><name>WVM #3 Dads Creek [APPROX quarter-section]</name><desc>WVM | serial ORMC159208 | placer | 40.0 ac | Active | APPROX (BLM quarter-section) | src: BLM MLRS</desc><trkseg><trkpt lat="42.770004" lon="-123.544517"></trkpt><trkpt lat="42.771790" lon="-123.544504"></trkpt><trkpt lat="42.775363" lon="-123.544480"></trkpt><trkpt lat="42.775318" lon="-123.539672"></trkpt><trkpt lat="42.775272" lon="-123.534863"></trkpt><trkpt lat="42.771756" lon="-123.534915"></trkpt><trkpt lat="42.769998" lon="-123.534940"></trkpt><trkpt lat="42.768240" lon="-123.534966"></trkpt><trkpt lat="42.768234" lon="-123.537357"></trkpt><trkpt lat="42.768231" lon="-123.538552"></trkpt><trkpt lat="42.768229" lon="-123.539747"></trkpt><trkpt lat="42.768223" lon="-123.542138"></trkpt><trkpt lat="42.768218" lon="-123.544529"></trkpt><trkpt lat="42.770004" lon="-123.544517"></trkpt></trkseg></trk><trk><name>WVM #4 Dads Creek [APPROX quarter-section]</name><desc>WVM | serial ORMC161475 | placer | 40.0 ac | Active | APPROX (BLM quarter-section) | src: BLM MLRS</desc><trkseg><trkpt lat="42.782235" lon="-123.515697"></trkpt><trkpt lat="42.784052" lon="-123.515656"></trkpt><trkpt lat="42.785870" lon="-123.515615"></trkpt><trkpt lat="42.789506" lon="-123.515532"></trkpt><trkpt lat="42.789466" lon="-123.513051"></trkpt><trkpt lat="42.789426" lon="-123.510570"></trkpt><trkpt lat="42.789345" lon="-123.505608"></trkpt><trkpt lat="42.785726" lon="-123.505674"></trkpt><trkpt lat="42.783917" lon="-123.505708"></trkpt><trkpt lat="42.782107" lon="-123.505741"></trkpt><trkpt lat="42.782139" lon="-123.508230"></trkpt><trkpt lat="42.782171" lon="-123.510719"></trkpt><trkpt lat="42.782203" lon="-123.513208"></trkpt><trkpt lat="42.782235" lon="-123.515697"></trkpt></trkseg></trk><trk><name>WVM #5 Dads Creek [APPROX quarter-section]</name><desc>WVM | serial ORMC161445 | placer | 40.0 ac | Active | APPROX (BLM quarter-section) | src: BLM MLRS</desc><trkseg><trkpt lat="42.782235" lon="-123.515697"></trkpt><trkpt lat="42.784052" lon="-123.515656"></trkpt><trkpt lat="42.785870" lon="-123.515615"></trkpt><trkpt lat="42.789506" lon="-123.515532"></trkpt><trkpt lat="42.789466" lon="-123.513051"></trkpt><trkpt lat="42.789426" lon="-123.510570"></trkpt><trkpt lat="42.789345" lon="-123.505608"></trkpt><trkpt lat="42.785726" lon="-123.505674"></trkpt><trkpt lat="42.783917" lon="-123.505708"></trkpt><trkpt lat="42.782107" lon="-123.505741"></trkpt><trkpt lat="42.782139" lon="-123.508230"></trkpt><trkpt lat="42.782171" lon="-123.510719"></trkpt><trkpt lat="42.782203" lon="-123.513208"></trkpt><trkpt lat="42.782235" lon="-123.515697"></trkpt></trkseg></trk><trk><name>Pure White Gold (Whitehorse Cr) [APPROX quarter-section]</name><desc>WVM | serial ORMC172749 | placer | 16.69 ac | Active | APPROX (BLM quarter-section) | src: BLM MLRS</desc><trkseg><trkpt lat="42.810162" lon="-123.181779"></trkpt><trkpt lat="42.811916" lon="-123.181754"></trkpt><trkpt lat="42.811946" lon="-123.179420"></trkpt><trkpt lat="42.811976" lon="-123.176744"></trkpt><trkpt lat="42.812001" lon="-123.174574"></trkpt><trkpt lat="42.812032" lon="-123.171734"></trkpt><trkpt lat="42.809977" lon="-123.171745"></trkpt><trkpt lat="42.806322" lon="-123.171766"></trkpt><trkpt lat="42.806512" lon="-123.176780"></trkpt><trkpt lat="42.806599" lon="-123.181785"></trkpt><trkpt lat="42.810162" lon="-123.181779"></trkpt></trkseg></trk><trk><name>Tailings - Undifferentiated</name><desc>USMIN Tailings - Undifferentiated | topo: King Mountain (1983) 1:24000 | src: USGS USMIN</desc><trkseg><trkpt lat="42.709266" lon="-123.194485"></trkpt><trkpt lat="42.709294" lon="-123.194619"></trkpt><trkpt lat="42.709351" lon="-123.194676"></trkpt><trkpt lat="42.709380" lon="-123.194685"></trkpt><trkpt lat="42.709465" lon="-123.194695"></trkpt><trkpt lat="42.709551" lon="-123.194609"></trkpt><trkpt lat="42.709608" lon="-123.194504"></trkpt><trkpt lat="42.709608" lon="-123.194400"></trkpt><trkpt lat="42.709570" lon="-123.194276"></trkpt><trkpt lat="42.709446" lon="-123.194228"></trkpt><trkpt lat="42.709361" lon="-123.194238"></trkpt><trkpt lat="42.709275" lon="-123.194286"></trkpt><trkpt lat="42.709266" lon="-123.194352"></trkpt><trkpt lat="42.709266" lon="-123.194485"></trkpt></trkseg></trk><trk><name>Tailings - Undifferentiated</name><desc>USMIN Tailings - Undifferentiated | topo: King Mountain (1983) 1:24000 | src: USGS USMIN</desc><trkseg><trkpt lat="42.695403" lon="-123.208296"></trkpt><trkpt lat="42.695454" lon="-123.208336"></trkpt><trkpt lat="42.695529" lon="-123.208245"></trkpt><trkpt lat="42.695580" lon="-123.208188"></trkpt><trkpt lat="42.695654" lon="-123.208142"></trkpt><trkpt lat="42.695734" lon="-123.208125"></trkpt><trkpt lat="42.695780" lon="-123.208125"></trkpt><trkpt lat="42.695820" lon="-123.208102"></trkpt><trkpt lat="42.695826" lon="-123.207999"></trkpt><trkpt lat="42.695814" lon="-123.207913"></trkpt><trkpt lat="42.695786" lon="-123.207851"></trkpt><trkpt lat="42.695723" lon="-123.207828"></trkpt><trkpt lat="42.695677" lon="-123.207805"></trkpt><trkpt lat="42.695632" lon="-123.207788"></trkpt><trkpt lat="42.695529" lon="-123.207805"></trkpt><trkpt lat="42.695483" lon="-123.207862"></trkpt><trkpt lat="42.695437" lon="-123.208005"></trkpt><trkpt lat="42.695437" lon="-123.208062"></trkpt><trkpt lat="42.695420" lon="-123.208142"></trkpt><trkpt lat="42.695403" lon="-123.208205"></trkpt><trkpt lat="42.695403" lon="-123.208250"></trkpt><trkpt lat="42.695403" lon="-123.208296"></trkpt></trkseg></trk><trk><name>Open Pit Mine</name><desc>USMIN Open Pit Mine | topo: Nickel Mtn. (1986) 1:24000 | src: USGS USMIN</desc><trkseg><trkpt lat="42.960497" lon="-123.430361"></trkpt><trkpt lat="42.960513" lon="-123.430199"></trkpt><trkpt lat="42.960513" lon="-123.430059"></trkpt><trkpt lat="42.960524" lon="-123.429968"></trkpt><trkpt lat="42.960529" lon="-123.429838"></trkpt><trkpt lat="42.960480" lon="-123.429649"></trkpt><trkpt lat="42.960437" lon="-123.429509"></trkpt><trkpt lat="42.960373" lon="-123.429428"></trkpt><trkpt lat="42.960275" lon="-123.429417"></trkpt><trkpt lat="42.960147" lon="-123.429636"></trkpt><trkpt lat="42.960082" lon="-123.429691"></trkpt><trkpt lat="42.959994" lon="-123.429686"></trkpt><trkpt lat="42.959909" lon="-123.429515"></trkpt><trkpt lat="42.959817" lon="-123.429520"></trkpt><trkpt lat="42.959742" lon="-123.429585"></trkpt><trkpt lat="42.959688" lon="-123.429676"></trkpt><trkpt lat="42.959677" lon="-123.429833"></trkpt><trkpt lat="42.959671" lon="-123.429962"></trkpt><trkpt lat="42.959628" lon="-123.430011"></trkpt><trkpt lat="42.959542" lon="-123.429957"></trkpt><trkpt lat="42.959472" lon="-123.429941"></trkpt><trkpt lat="42.959418" lon="-123.429968"></trkpt><trkpt lat="42.959364" lon="-123.430027"></trkpt><trkpt lat="42.959299" lon="-123.430102"></trkpt><trkpt lat="42.959235" lon="-123.430038"></trkpt><trkpt lat="42.959197" lon="-123.429989"></trkpt><trkpt lat="42.959170" lon="-123.429903"></trkpt><trkpt lat="42.959143" lon="-123.429795"></trkpt><trkpt lat="42.959121" lon="-123.429676"></trkpt><trkpt lat="42.959121" lon="-123.429595"></trkpt><trkpt lat="42.959138" lon="-123.429455"></trkpt><trkpt lat="42.959154" lon="-123.429320"></trkpt><trkpt lat="42.959165" lon="-123.429191"></trkpt><trkpt lat="42.959197" lon="-123.429089"></trkpt><trkpt lat="42.959208" lon="-123.428964"></trkpt><trkpt lat="42.959208" lon="-123.428857"></trkpt><trkpt lat="42.959192" lon="-123.428727"></trkpt><trkpt lat="42.959165" lon="-123.428641"></trkpt><trkpt lat="42.959138" lon="-123.428555"></trkpt><trkpt lat="42.959121" lon="-123.428436"></trkpt><trkpt lat="42.959138" lon="-123.428296"></trkpt><trkpt lat="42.959154" lon="-123.428183"></trkpt><trkpt lat="42.959175" lon="-123.428064"></trkpt><trkpt lat="42.959197" lon="-123.427961"></trkpt><trkpt lat="42.959213" lon="-123.427864"></trkpt><trkpt lat="42.959208" lon="-123.427794"></trkpt><trkpt lat="42.959197" lon="-123.427740"></trkpt><trkpt lat="42.959192" lon="-123.427686"></trkpt><trkpt lat="42.959165" lon="-123.427600"></trkpt><trkpt lat="42.959121" lon="-123.427535"></trkpt><trkpt lat="42.959051" lon="-123.427492"></trkpt><trkpt lat="42.958997" lon="-123.427444"></trkpt><trkpt lat="42.958884" lon="-123.427374"></trkpt><trkpt lat="42.958873" lon="-123.427271"></trkpt><trkpt lat="42.958879" lon="-123.427152"></trkpt><trkpt lat="42.958873" lon="-123.427023"></trkpt><trkpt lat="42.958555" lon="-123.426667"></trkpt><trkpt lat="42.958453" lon="-123.426656"></trkpt><trkpt lat="42.958383" lon="-123.426656"></trkpt><trkpt lat="42.958248" lon="-123.426683"></trkpt><trkpt lat="42.958145" lon="-123.426716"></trkpt><trkpt lat="42.958037" lon="-123.426732"></trkpt><trkpt lat="42.957962" lon="-123.426770"></trkpt><trkpt lat="42.957870" lon="-123.426829"></trkpt><trkpt lat="42.957714" lon="-123.426877"></trkpt><trkpt lat="42.957649" lon="-123.426813"></trkpt><trkpt lat="42.957595" lon="-123.426710"></trkpt><trkpt lat="42.957531" lon="-123.426651"></trkpt><trkpt lat="42.957460" lon="-123.426597"></trkpt><trkpt lat="42.957374" lon="-123.426586"></trkpt><trkpt lat="42.957304" lon="-123.426624"></trkpt><trkpt lat="42.957266" lon="-123.426678"></trkpt><trkpt lat="42.957212" lon="-123.426748"></trkpt><trkpt lat="42.957153" lon="-123.426807"></trkpt><trkpt lat="42.957078" lon="-123.426904"></trkpt><trkpt lat="42.957051" lon="-123.426996"></trkpt><trkpt lat="42.957061" lon="-123.427131"></trkpt><trkpt lat="42.957078" lon="-123.427244"></trkpt><trkpt lat="42.957088" lon="-123.427336"></trkpt><trkpt lat="42.957121" lon="-123.427449"></trkpt><trkpt lat="42.957164" lon="-123.427573"></trkpt><trkpt lat="42.957277" lon="-123.427649"></trkpt><trkpt lat="42.957342" lon="-123.427659"></trkpt><trkpt lat="42.957439" lon="-123.427697"></trkpt><trkpt lat="42.957520" lon="-123.427719"></trkpt><trkpt lat="42.957611" lon="-123.427810"></trkpt><trkpt lat="42.957660" lon="-123.427886"></trkpt><trkpt lat="42.957741" lon="-123.427961"></trkpt><trkpt lat="42.957784" lon="-123.428085"></trkpt><trkpt lat="42.957843" lon="-123.428253"></trkpt><trkpt lat="42.957908" lon="-123.428371"></trkpt><trkpt lat="42.957930" lon="-123.428414"></trkpt><trkpt lat="42.957951" lon="-123.428506"></trkpt><trkpt lat="42.957951" lon="-123.428614"></trkpt><trkpt lat="42.957913" lon="-123.428722"></trkpt><trkpt lat="42.957903" lon="-123.428797"></trkpt><trkpt lat="42.957843" lon="-123.428873"></trkpt><trkpt lat="42.957800" lon="-123.428927"></trkpt><trkpt lat="42.957725" lon="-123.429013"></trkpt><trkpt lat="42.957703" lon="-123.429099"></trkpt><trkpt lat="42.957649" lon="-123.429191"></trkpt><trkpt lat="42.957579" lon="-123.429250"></trkpt><trkpt lat="42.957536" lon="-123.429320"></trkpt><trkpt lat="42.957471" lon="-123.429434"></trkpt><trkpt lat="42.957406" lon="-123.429542"></trkpt><trkpt lat="42.957353" lon="-123.429639"></trkpt><trkpt lat="42.957304" lon="-123.429741"></trkpt><trkpt lat="42.957266" lon="-123.429806"></trkpt><trkpt lat="42.957212" lon="-123.429935"></trkpt><trkpt lat="42.957158" lon="-123.430032"></trkpt><trkpt lat="42.957164" lon="-123.430124"></trkpt><trkpt lat="42.957185" lon="-123.430216"></trkpt><trkpt lat="42.957218" lon="-123.430334"></trkpt><trkpt lat="42.957261" lon="-123.430399"></trkpt><trkpt lat="42.957315" lon="-123.430507"></trkpt><trkpt lat="42.957347" lon="-123.430593"></trkpt><trkpt lat="42.957347" lon="-123.430760"></trkpt><trkpt lat="42.957347" lon="-123.430868"></trkpt><trkpt lat="42.957261" lon="-123.431003"></trkpt><trkpt lat="42.957212" lon="-123.431100"></trkpt><trkpt lat="42.957164" lon="-123.431262"></trkpt><trkpt lat="42.957196" lon="-123.431343"></trkpt><trkpt lat="42.957175" lon="-123.431440"></trkpt><trkpt lat="42.957142" lon="-123.431542"></trkpt><trkpt lat="42.957121" lon="-123.431639"></trkpt><trkpt lat="42.957072" lon="-123.431699"></trkpt><trkpt lat="42.957018" lon="-123.431807"></trkpt><trkpt lat="42.957040" lon="-123.431904"></trkpt><trkpt lat="42.957083" lon="-123.432033"></trkpt><trkpt lat="42.957180" lon="-123.432114"></trkpt><trkpt lat="42.957229" lon="-123.432173"></trkpt><trkpt lat="42.957304" lon="-123.432238"></trkpt><trkpt lat="42.957347" lon="-123.432281"></trkpt><trkpt lat="42.957396" lon="-123.432324"></trkpt><trkpt lat="42.957493" lon="-123.432394"></trkpt><trkpt lat="42.957590" lon="-123.432411"></trkpt><trkpt lat="42.957671" lon="-123.432427"></trkpt><trkpt lat="42.957730" lon="-123.432443"></trkpt><trkpt lat="42.957859" lon="-123.432486"></trkpt><trkpt lat="42.957913" lon="-123.432421"></trkpt><trkpt lat="42.958097" lon="-123.432400"></trkpt><trkpt lat="42.958264" lon="-123.432384"></trkpt><trkpt lat="42.958329" lon="-123.432378"></trkpt><trkpt lat="42.958458" lon="-123.432405"></trkpt><trkpt lat="42.958539" lon="-123.432416"></trkpt><trkpt lat="42.958582" lon="-123.432443"></trkpt><trkpt lat="42.958598" lon="-123.432497"></trkpt><trkpt lat="42.958561" lon="-123.432648"></trkpt><trkpt lat="42.958517" lon="-123.432734"></trkpt><trkpt lat="42.958485" lon="-123.432810"></trkpt><trkpt lat="42.958442" lon="-123.432880"></trkpt><trkpt lat="42.958383" lon="-123.432944"></trkpt><trkpt lat="42.958339" lon="-123.433025"></trkpt><trkpt lat="42.958275" lon="-123.433128"></trkpt><trkpt lat="42.958215" lon="-123.433187"></trkpt><trkpt lat="42.958140" lon="-123.433279"></trkpt><trkpt lat="42.958108" lon="-123.433370"></trkpt><trkpt lat="42.958081" lon="-123.433511"></trkpt><trkpt lat="42.958021" lon="-123.433683"></trkpt><trkpt lat="42.957967" lon="-123.433770"></trkpt><trkpt lat="42.957957" lon="-123.433926"></trkpt><trkpt lat="42.957951" lon="-123.434023"></trkpt><trkpt lat="42.957962" lon="-123.434147"></trkpt><trkpt lat="42.957989" lon="-123.434233"></trkpt><trkpt lat="42.958054" lon="-123.434314"></trkpt><trkpt lat="42.958135" lon="-123.434363"></trkpt><trkpt lat="42.958237" lon="-123.434357"></trkpt><trkpt lat="42.958350" lon="-123.434309"></trkpt><trkpt lat="42.958437" lon="-123.434255"></trkpt><trkpt lat="42.958534" lon="-123.434228"></trkpt><trkpt lat="42.958685" lon="-123.434131"></trkpt><trkpt lat="42.958873" lon="-123.433915"></trkpt><trkpt lat="42.959208" lon="-123.433532"></trkpt><trkpt lat="42.960195" lon="-123.432265"></trkpt><trkpt lat="42.960669" lon="-123.431656"></trkpt><trkpt lat="42.960933" lon="-123.431294"></trkpt><trkpt lat="42.960933" lon="-123.431213"></trkpt><trkpt lat="42.960928" lon="-123.431089"></trkpt><trkpt lat="42.960874" lon="-123.430998"></trkpt><trkpt lat="42.960745" lon="-123.430890"></trkpt><trkpt lat="42.960685" lon="-123.430863"></trkpt><trkpt lat="42.960637" lon="-123.430820"></trkpt><trkpt lat="42.960572" lon="-123.430750"></trkpt><trkpt lat="42.960524" lon="-123.430652"></trkpt><trkpt lat="42.960518" lon="-123.430561"></trkpt><trkpt lat="42.960513" lon="-123.430464"></trkpt><trkpt lat="42.960497" lon="-123.430361"></trkpt></trkseg></trk><trk><name>Open Pit Mine</name><desc>USMIN Open Pit Mine | topo: Nickel Mtn. (1986) 1:24000 | src: USGS USMIN</desc><trkseg><trkpt lat="42.974956" lon="-123.426065"></trkpt><trkpt lat="42.975002" lon="-123.425886"></trkpt><trkpt lat="42.975033" lon="-123.425783"></trkpt><trkpt lat="42.975052" lon="-123.425680"></trkpt><trkpt lat="42.975029" lon="-123.425536"></trkpt><trkpt lat="42.974968" lon="-123.425414"></trkpt><trkpt lat="42.974880" lon="-123.425273"></trkpt><trkpt lat="42.974793" lon="-123.425182"></trkpt><trkpt lat="42.974728" lon="-123.425014"></trkpt><trkpt lat="42.974667" lon="-123.424847"></trkpt><trkpt lat="42.974610" lon="-123.424729"></trkpt><trkpt lat="42.974606" lon="-123.424630"></trkpt><trkpt lat="42.974568" lon="-123.424477"></trkpt><trkpt lat="42.974496" lon="-123.424356"></trkpt><trkpt lat="42.974412" lon="-123.424192"></trkpt><trkpt lat="42.974359" lon="-123.424066"></trkpt><trkpt lat="42.974313" lon="-123.423929"></trkpt><trkpt lat="42.974283" lon="-123.423792"></trkpt><trkpt lat="42.974267" lon="-123.423606"></trkpt><trkpt lat="42.974279" lon="-123.423328"></trkpt><trkpt lat="42.974271" lon="-123.423088"></trkpt><trkpt lat="42.974271" lon="-123.422871"></trkpt><trkpt lat="42.974241" lon="-123.422650"></trkpt><trkpt lat="42.974180" lon="-123.422353"></trkpt><trkpt lat="42.974138" lon="-123.422216"></trkpt><trkpt lat="42.974039" lon="-123.421869"></trkpt><trkpt lat="42.973986" lon="-123.421683"></trkpt><trkpt lat="42.973875" lon="-123.421466"></trkpt><trkpt lat="42.973822" lon="-123.421344"></trkpt><trkpt lat="42.973780" lon="-123.421207"></trkpt><trkpt lat="42.973746" lon="-123.421108"></trkpt><trkpt lat="42.973719" lon="-123.420937"></trkpt><trkpt lat="42.973711" lon="-123.420777"></trkpt><trkpt lat="42.973689" lon="-123.420651"></trkpt><trkpt lat="42.973677" lon="-123.420434"></trkpt><trkpt lat="42.973700" lon="-123.420282"></trkpt><trkpt lat="42.973696" lon="-123.420103"></trkpt><trkpt lat="42.973711" lon="-123.419977"></trkpt><trkpt lat="42.973731" lon="-123.419856"></trkpt><trkpt lat="42.973719" lon="-123.419650"></trkpt><trkpt lat="42.973711" lon="-123.419505"></trkpt><trkpt lat="42.973700" lon="-123.419410"></trkpt><trkpt lat="42.973708" lon="-123.419254"></trkpt><trkpt lat="42.973696" lon="-123.419132"></trkpt><trkpt lat="42.973677" lon="-123.418991"></trkpt><trkpt lat="42.973711" lon="-123.418927"></trkpt><trkpt lat="42.973826" lon="-123.418888"></trkpt><trkpt lat="42.973883" lon="-123.418866"></trkpt><trkpt lat="42.973959" lon="-123.418854"></trkpt><trkpt lat="42.974066" lon="-123.418820"></trkpt><trkpt lat="42.974130" lon="-123.418736"></trkpt><trkpt lat="42.974146" lon="-123.418691"></trkpt><trkpt lat="42.974130" lon="-123.418592"></trkpt><trkpt lat="42.974107" lon="-123.418489"></trkpt><trkpt lat="42.974009" lon="-123.418322"></trkpt><trkpt lat="42.973928" lon="-123.418118"></trkpt><trkpt lat="42.973857" lon="-123.417989"></trkpt><trkpt lat="42.973790" lon="-123.417846"></trkpt><trkpt lat="42.973729" lon="-123.417723"></trkpt><trkpt lat="42.973691" lon="-123.417642"></trkpt><trkpt lat="42.973624" lon="-123.417508"></trkpt><trkpt lat="42.973553" lon="-123.417375"></trkpt><trkpt lat="42.973491" lon="-123.417275"></trkpt><trkpt lat="42.973405" lon="-123.417190"></trkpt><trkpt lat="42.973300" lon="-123.417123"></trkpt><trkpt lat="42.973238" lon="-123.417090"></trkpt><trkpt lat="42.973181" lon="-123.417028"></trkpt><trkpt lat="42.973067" lon="-123.416956"></trkpt><trkpt lat="42.972996" lon="-123.416890"></trkpt><trkpt lat="42.972929" lon="-123.416852"></trkpt><trkpt lat="42.972858" lon="-123.416847"></trkpt><trkpt lat="42.972805" lon="-123.416880"></trkpt><trkpt lat="42.972786" lon="-123.417018"></trkpt><trkpt lat="42.972834" lon="-123.417085"></trkpt><trkpt lat="42.972910" lon="-123.417137"></trkpt><trkpt lat="42.972953" lon="-123.417175"></trkpt><trkpt lat="42.972981" lon="-123.417242"></trkpt><trkpt lat="42.973015" lon="-123.417313"></trkpt><trkpt lat="42.973034" lon="-123.417408"></trkpt><trkpt lat="42.973058" lon="-123.417485"></trkpt><trkpt lat="42.973053" lon="-123.417585"></trkpt><trkpt lat="42.973053" lon="-123.417665"></trkpt><trkpt lat="42.973053" lon="-123.417789"></trkpt><trkpt lat="42.973043" lon="-123.417884"></trkpt><trkpt lat="42.973034" lon="-123.417970"></trkpt><trkpt lat="42.973039" lon="-123.418056"></trkpt><trkpt lat="42.973001" lon="-123.418194"></trkpt><trkpt lat="42.972948" lon="-123.418237"></trkpt><trkpt lat="42.972877" lon="-123.418260"></trkpt><trkpt lat="42.972810" lon="-123.418260"></trkpt><trkpt lat="42.972744" lon="-123.418208"></trkpt><trkpt lat="42.972696" lon="-123.418156"></trkpt><trkpt lat="42.972610" lon="-123.418103"></trkpt><trkpt lat="42.972563" lon="-123.418065"></trkpt><trkpt lat="42.972487" lon="-123.418075"></trkpt><trkpt lat="42.972415" lon="-123.418127"></trkpt><trkpt lat="42.972415" lon="-123.418217"></trkpt><trkpt lat="42.972434" lon="-123.418308"></trkpt><trkpt lat="42.972463" lon="-123.418403"></trkpt><trkpt lat="42.972491" lon="-123.418551"></trkpt><trkpt lat="42.972506" lon="-123.418655"></trkpt><trkpt lat="42.972453" lon="-123.418698"></trkpt><trkpt lat="42.972377" lon="-123.418703"></trkpt><trkpt lat="42.972301" lon="-123.418717"></trkpt><trkpt lat="42.972230" lon="-123.418770"></trkpt><trkpt lat="42.972139" lon="-123.418812"></trkpt><trkpt lat="42.971996" lon="-123.418884"></trkpt><trkpt lat="42.971901" lon="-123.418941"></trkpt><trkpt lat="42.971735" lon="-123.419041"></trkpt><trkpt lat="42.971706" lon="-123.419174"></trkpt><trkpt lat="42.971706" lon="-123.419341"></trkpt><trkpt lat="42.971711" lon="-123.419436"></trkpt><trkpt lat="42.971758" lon="-123.419502"></trkpt><trkpt lat="42.971830" lon="-123.419488"></trkpt><trkpt lat="42.971949" lon="-123.419441"></trkpt><trkpt lat="42.972096" lon="-123.419364"></trkpt><trkpt lat="42.972215" lon="-123.419326"></trkpt><trkpt lat="42.972253" lon="-123.419341"></trkpt><trkpt lat="42.972201" lon="-123.419388"></trkpt><trkpt lat="42.972077" lon="-123.419498"></trkpt><trkpt lat="42.971973" lon="-123.419612"></trkpt><trkpt lat="42.971697" lon="-123.419769"></trkpt><trkpt lat="42.971506" lon="-123.419907"></trkpt><trkpt lat="42.971340" lon="-123.420102"></trkpt><trkpt lat="42.971178" lon="-123.420240"></trkpt><trkpt lat="42.971007" lon="-123.420411"></trkpt><trkpt lat="42.970876" lon="-123.420545"></trkpt><trkpt lat="42.970762" lon="-123.420722"></trkpt><trkpt lat="42.970693" lon="-123.420853"></trkpt><trkpt lat="42.970591" lon="-123.421099"></trkpt><trkpt lat="42.970499" lon="-123.421304"></trkpt><trkpt lat="42.970431" lon="-123.421578"></trkpt><trkpt lat="42.970288" lon="-123.421864"></trkpt><trkpt lat="42.970122" lon="-123.422269"></trkpt><trkpt lat="42.970059" lon="-123.422503"></trkpt><trkpt lat="42.970008" lon="-123.422738"></trkpt><trkpt lat="42.969905" lon="-123.423057"></trkpt><trkpt lat="42.969842" lon="-123.423303"></trkpt><trkpt lat="42.969797" lon="-123.423514"></trkpt><trkpt lat="42.969734" lon="-123.423520"></trkpt><trkpt lat="42.969683" lon="-123.423514"></trkpt><trkpt lat="42.969643" lon="-123.423457"></trkpt><trkpt lat="42.969591" lon="-123.423383"></trkpt><trkpt lat="42.969517" lon="-123.423291"></trkpt><trkpt lat="42.969466" lon="-123.423211"></trkpt><trkpt lat="42.969380" lon="-123.423160"></trkpt><trkpt lat="42.969289" lon="-123.423057"></trkpt><trkpt lat="42.969180" lon="-123.422960"></trkpt><trkpt lat="42.969077" lon="-123.422892"></trkpt><trkpt lat="42.968940" lon="-123.422795"></trkpt><trkpt lat="42.968883" lon="-123.422749"></trkpt><trkpt lat="42.968717" lon="-123.422658"></trkpt><trkpt lat="42.968626" lon="-123.422572"></trkpt><trkpt lat="42.968535" lon="-123.422481"></trkpt><trkpt lat="42.968409" lon="-123.422401"></trkpt><trkpt lat="42.968261" lon="-123.422332"></trkpt><trkpt lat="42.968106" lon="-123.422349"></trkpt><trkpt lat="42.968009" lon="-123.422383"></trkpt><trkpt lat="42.967918" lon="-123.422452"></trkpt><trkpt lat="42.967787" lon="-123.422515"></trkpt><trkpt lat="42.967724" lon="-123.422418"></trkpt><trkpt lat="42.967672" lon="-123.422326"></trkpt><trkpt lat="42.967558" lon="-123.422224"></trkpt><trkpt lat="42.967507" lon="-123.422086"></trkpt><trkpt lat="42.967461" lon="-123.421932"></trkpt><trkpt lat="42.967461" lon="-123.421772"></trkpt><trkpt lat="42.967461" lon="-123.421647"></trkpt><trkpt lat="42.967415" lon="-123.421567"></trkpt><trkpt lat="42.967290" lon="-123.421395"></trkpt><trkpt lat="42.967244" lon="-123.421310"></trkpt><trkpt lat="42.967176" lon="-123.421167"></trkpt><trkpt lat="42.967118" lon="-123.421030"></trkpt><trkpt lat="42.967010" lon="-123.420882"></trkpt><trkpt lat="42.966953" lon="-123.420836"></trkpt><trkpt lat="42.966827" lon="-123.420767"></trkpt><trkpt lat="42.966702" lon="-123.420756"></trkpt><trkpt lat="42.966622" lon="-123.420819"></trkpt><trkpt lat="42.966605" lon="-123.420893"></trkpt><trkpt lat="42.966587" lon="-123.421053"></trkpt><trkpt lat="42.966553" lon="-123.421213"></trkpt><trkpt lat="42.966565" lon="-123.421316"></trkpt><trkpt lat="42.966616" lon="-123.421424"></trkpt><trkpt lat="42.966616" lon="-123.421493"></trkpt><trkpt lat="42.966593" lon="-123.421573"></trkpt><trkpt lat="42.966582" lon="-123.421652"></trkpt><trkpt lat="42.966576" lon="-123.421750"></trkpt><trkpt lat="42.966633" lon="-123.421909"></trkpt><trkpt lat="42.966719" lon="-123.422047"></trkpt><trkpt lat="42.966770" lon="-123.422138"></trkpt><trkpt lat="42.966896" lon="-123.422275"></trkpt><trkpt lat="42.967010" lon="-123.422395"></trkpt><trkpt lat="42.967107" lon="-123.422515"></trkpt><trkpt lat="42.967073" lon="-123.422635"></trkpt><trkpt lat="42.967016" lon="-123.422783"></trkpt><trkpt lat="42.966970" lon="-123.422943"></trkpt><trkpt lat="42.966890" lon="-123.423103"></trkpt><trkpt lat="42.966810" lon="-123.423291"></trkpt><trkpt lat="42.966753" lon="-123.423371"></trkpt><trkpt lat="42.966610" lon="-123.423486"></trkpt><trkpt lat="42.966473" lon="-123.423497"></trkpt><trkpt lat="42.966405" lon="-123.423497"></trkpt><trkpt lat="42.966245" lon="-123.423440"></trkpt><trkpt lat="42.966153" lon="-123.423400"></trkpt><trkpt lat="42.966073" lon="-123.423343"></trkpt><trkpt lat="42.965976" lon="-123.423251"></trkpt><trkpt lat="42.965839" lon="-123.423223"></trkpt><trkpt lat="42.965605" lon="-123.423160"></trkpt><trkpt lat="42.965371" lon="-123.423183"></trkpt><trkpt lat="42.965251" lon="-123.423229"></trkpt><trkpt lat="42.965045" lon="-123.423274"></trkpt><trkpt lat="42.964886" lon="-123.423394"></trkpt><trkpt lat="42.964828" lon="-123.423526"></trkpt><trkpt lat="42.964754" lon="-123.423668"></trkpt><trkpt lat="42.964680" lon="-123.423891"></trkpt><trkpt lat="42.964663" lon="-123.424022"></trkpt><trkpt lat="42.964737" lon="-123.424137"></trkpt><trkpt lat="42.964794" lon="-123.424245"></trkpt><trkpt lat="42.964908" lon="-123.424365"></trkpt><trkpt lat="42.965006" lon="-123.424496"></trkpt><trkpt lat="42.965097" lon="-123.424616"></trkpt><trkpt lat="42.965188" lon="-123.424782"></trkpt><trkpt lat="42.965320" lon="-123.424913"></trkpt><trkpt lat="42.965388" lon="-123.424942"></trkpt><trkpt lat="42.965457" lon="-123.424919"></trkpt><trkpt lat="42.965514" lon="-123.424856"></trkpt><trkpt lat="42.965571" lon="-123.424719"></trkpt><trkpt lat="42.965611" lon="-123.424565"></trkpt><trkpt lat="42.965657" lon="-123.424445"></trkpt><trkpt lat="42.965708" lon="-123.424291"></trkpt><trkpt lat="42.965765" lon="-123.424108"></trkpt><trkpt lat="42.965845" lon="-123.423954"></trkpt><trkpt lat="42.965896" lon="-123.423897"></trkpt><trkpt lat="42.966028" lon="-123.423868"></trkpt><trkpt lat="42.966165" lon="-123.423863"></trkpt><trkpt lat="42.966296" lon="-123.423897"></trkpt><trkpt lat="42.966422" lon="-123.423965"></trkpt><trkpt lat="42.966599" lon="-123.424062"></trkpt><trkpt lat="42.966810" lon="-123.424165"></trkpt><trkpt lat="42.966930" lon="-123.424239"></trkpt><trkpt lat="42.966884" lon="-123.424268"></trkpt><trkpt lat="42.966764" lon="-123.424211"></trkpt><trkpt lat="42.966656" lon="-123.424188"></trkpt><trkpt lat="42.966513" lon="-123.424194"></trkpt><trkpt lat="42.966376" lon="-123.424188"></trkpt><trkpt lat="42.966268" lon="-123.424274"></trkpt><trkpt lat="42.966216" lon="-123.424331"></trkpt><trkpt lat="42.966296" lon="-123.424422"></trkpt><trkpt lat="42.966399" lon="-123.424514"></trkpt><trkpt lat="42.966525" lon="-123.424599"></trkpt><trkpt lat="42.966667" lon="-123.424651"></trkpt><trkpt lat="42.966810" lon="-123.424691"></trkpt><trkpt lat="42.966941" lon="-123.424719"></trkpt><trkpt lat="42.967027" lon="-123.424713"></trkpt><trkpt lat="42.967153" lon="-123.424736"></trkpt><trkpt lat="42.967256" lon="-123.424731"></trkpt><trkpt lat="42.967393" lon="-123.424719"></trkpt><trkpt lat="42.967558" lon="-123.424691"></trkpt><trkpt lat="42.967690" lon="-123.424679"></trkpt><trkpt lat="42.967912" lon="-123.424628"></trkpt><trkpt lat="42.968055" lon="-123.424593"></trkpt><trkpt lat="42.968249" lon="-123.424508"></trkpt><trkpt lat="42.968392" lon="-123.424422"></trkpt><trkpt lat="42.968563" lon="-123.424382"></trkpt><trkpt lat="42.968832" lon="-123.424354"></trkpt><trkpt lat="42.969003" lon="-123.424354"></trkpt><trkpt lat="42.969140" lon="-123.424376"></trkpt><trkpt lat="42.969306" lon="-123.424445"></trkpt><trkpt lat="42.969420" lon="-123.424456"></trkpt><trkpt lat="42.969528" lon="-123.424474"></trkpt><trkpt lat="42.969631" lon="-123.424479"></trkpt><trkpt lat="42.969808" lon="-123.424462"></trkpt><trkpt lat="42.969888" lon="-123.424462"></trkpt><trkpt lat="42.969962" lon="-123.424502"></trkpt><trkpt lat="42.970094" lon="-123.424554"></trkpt><trkpt lat="42.970191" lon="-123.424645"></trkpt><trkpt lat="42.970259" lon="-123.424696"></trkpt><trkpt lat="42.970305" lon="-123.424810"></trkpt><trkpt lat="42.970334" lon="-123.424982"></trkpt><trkpt lat="42.970374" lon="-123.425119"></trkpt><trkpt lat="42.970419" lon="-123.425319"></trkpt><trkpt lat="42.970442" lon="-123.425404"></trkpt><trkpt lat="42.970505" lon="-123.425473"></trkpt><trkpt lat="42.970631" lon="-123.425564"></trkpt><trkpt lat="42.970750" lon="-123.425627"></trkpt><trkpt lat="42.970848" lon="-123.425758"></trkpt><trkpt lat="42.970939" lon="-123.425878"></trkpt><trkpt lat="42.971013" lon="-123.425975"></trkpt><trkpt lat="42.971082" lon="-123.426135"></trkpt><trkpt lat="42.971145" lon="-123.426232"></trkpt><trkpt lat="42.971270" lon="-123.426290"></trkpt><trkpt lat="42.971350" lon="-123.426324"></trkpt><trkpt lat="42.971441" lon="-123.426290"></trkpt><trkpt lat="42.971556" lon="-123.426215"></trkpt><trkpt lat="42.971653" lon="-123.426153"></trkpt><trkpt lat="42.971738" lon="-123.426090"></trkpt><trkpt lat="42.971813" lon="-123.426033"></trkpt><trkpt lat="42.971875" lon="-123.425998"></trkpt><trkpt lat="42.971957" lon="-123.425975"></trkpt><trkpt lat="42.972029" lon="-123.425966"></trkpt><trkpt lat="42.972095" lon="-123.425961"></trkpt><trkpt lat="42.972167" lon="-123.425952"></trkpt><trkpt lat="42.972276" lon="-123.425942"></trkpt><trkpt lat="42.972357" lon="-123.425923"></trkpt><trkpt lat="42.972471" lon="-123.425861"></trkpt><trkpt lat="42.972523" lon="-123.425780"></trkpt><trkpt lat="42.972519" lon="-123.425633"></trkpt><trkpt lat="42.972481" lon="-123.425509"></trkpt><trkpt lat="42.972405" lon="-123.425333"></trkpt><trkpt lat="42.972357" lon="-123.425190"></trkpt><trkpt lat="42.972314" lon="-123.425043"></trkpt><trkpt lat="42.972262" lon="-123.424952"></trkpt><trkpt lat="42.972228" lon="-123.424824"></trkpt><trkpt lat="42.972167" lon="-123.424667"></trkpt><trkpt lat="42.972152" lon="-123.424567"></trkpt><trkpt lat="42.972148" lon="-123.424438"></trkpt><trkpt lat="42.972143" lon="-123.424357"></trkpt><trkpt lat="42.972157" lon="-123.424258"></trkpt><trkpt lat="42.972176" lon="-123.424134"></trkpt><trkpt lat="42.972200" lon="-123.424024"></trkpt><trkpt lat="42.972228" lon="-123.423929"></trkpt><trkpt lat="42.972300" lon="-123.423739"></trkpt><trkpt lat="42.972352" lon="-123.423701"></trkpt><trkpt lat="42.972400" lon="-123.423639"></trkpt><trkpt lat="42.972462" lon="-123.423591"></trkpt><trkpt lat="42.972538" lon="-123.423515"></trkpt><trkpt lat="42.972614" lon="-123.423429"></trkpt><trkpt lat="42.972681" lon="-123.423372"></trkpt><trkpt lat="42.972819" lon="-123.423296"></trkpt><trkpt lat="42.972918" lon="-123.423239"></trkpt><trkpt lat="42.972966" lon="-123.423258"></trkpt><trkpt lat="42.973028" lon="-123.423315"></trkpt><trkpt lat="42.973090" lon="-123.423401"></trkpt><trkpt lat="42.973142" lon="-123.423501"></trkpt><trkpt lat="42.973180" lon="-123.423615"></trkpt><trkpt lat="42.973214" lon="-123.423729"></trkpt><trkpt lat="42.973233" lon="-123.423829"></trkpt><trkpt lat="42.973261" lon="-123.423991"></trkpt><trkpt lat="42.973271" lon="-123.424120"></trkpt><trkpt lat="42.973261" lon="-123.424248"></trkpt><trkpt lat="42.973261" lon="-123.424334"></trkpt><trkpt lat="42.973309" lon="-123.424391"></trkpt><trkpt lat="42.973371" lon="-123.424415"></trkpt><trkpt lat="42.973509" lon="-123.424434"></trkpt><trkpt lat="42.973599" lon="-123.424453"></trkpt><trkpt lat="42.973694" lon="-123.424457"></trkpt><trkpt lat="42.973827" lon="-123.424476"></trkpt><trkpt lat="42.973894" lon="-123.424524"></trkpt><trkpt lat="42.973913" lon="-123.424614"></trkpt><trkpt lat="42.973913" lon="-123.424738"></trkpt><trkpt lat="42.973942" lon="-123.424867"></trkpt><trkpt lat="42.973989" lon="-123.424957"></trkpt><trkpt lat="42.974070" lon="-123.425133"></trkpt><trkpt lat="42.974118" lon="-123.425205"></trkpt><trkpt lat="42.974151" lon="-123.425333"></trkpt><trkpt lat="42.974180" lon="-123.425476"></trkpt><trkpt lat="42.974180" lon="-123.425590"></trkpt><trkpt lat="42.974132" lon="-123.425761"></trkpt><trkpt lat="42.974070" lon="-123.425895"></trkpt><trkpt lat="42.974013" lon="-123.425995"></trkpt><trkpt lat="42.973899" lon="-123.426128"></trkpt><trkpt lat="42.973775" lon="-123.426247"></trkpt><trkpt lat="42.973632" lon="-123.426323"></trkpt><trkpt lat="42.973518" lon="-123.426337"></trkpt><trkpt lat="42.973404" lon="-123.426290"></trkpt><trkpt lat="42.973304" lon="-123.426251"></trkpt><trkpt lat="42.973180" lon="-123.426223"></trkpt><trkpt lat="42.973080" lon="-123.426237"></trkpt><trkpt lat="42.972971" lon="-123.426266"></trkpt><trkpt lat="42.972861" lon="-123.426375"></trkpt><trkpt lat="42.972814" lon="-123.426475"></trkpt><trkpt lat="42.972771" lon="-123.426661"></trkpt><trkpt lat="42.972733" lon="-123.426742"></trkpt><trkpt lat="42.972685" lon="-123.426875"></trkpt><trkpt lat="42.972628" lon="-123.426984"></trkpt><trkpt lat="42.972576" lon="-123.427061"></trkpt><trkpt lat="42.972514" lon="-123.427103"></trkpt><trkpt lat="42.972424" lon="-123.427160"></trkpt><trkpt lat="42.972362" lon="-123.427175"></trkpt><trkpt lat="42.972238" lon="-123.427165"></trkpt><trkpt lat="42.972162" lon="-123.427232"></trkpt><trkpt lat="42.972128" lon="-123.427341"></trkpt><trkpt lat="42.972057" lon="-123.427403"></trkpt><trkpt lat="42.971995" lon="-123.427427"></trkpt><trkpt lat="42.971876" lon="-123.427408"></trkpt><trkpt lat="42.971743" lon="-123.427337"></trkpt><trkpt lat="42.971676" lon="-123.427313"></trkpt><trkpt lat="42.971600" lon="-123.427360"></trkpt><trkpt lat="42.971453" lon="-123.427379"></trkpt><trkpt lat="42.971329" lon="-123.427379"></trkpt><trkpt lat="42.971177" lon="-123.427375"></trkpt><trkpt lat="42.971048" lon="-123.427360"></trkpt><trkpt lat="42.970905" lon="-123.427351"></trkpt><trkpt lat="42.970777" lon="-123.427317"></trkpt><trkpt lat="42.970644" lon="-123.427284"></trkpt><trkpt lat="42.970520" lon="-123.427265"></trkpt><trkpt lat="42.970382" lon="-123.427265"></trkpt><trkpt lat="42.970244" lon="-123.427289"></trkpt><trkpt lat="42.970139" lon="-123.427294"></trkpt><trkpt lat="42.970030" lon="-123.427275"></trkpt><trkpt lat="42.969897" lon="-123.427265"></trkpt><trkpt lat="42.969801" lon="-123.427275"></trkpt><trkpt lat="42.969473" lon="-123.427341"></trkpt><trkpt lat="42.969335" lon="-123.427332"></trkpt><trkpt lat="42.969264" lon="-123.427303"></trkpt><trkpt lat="42.969154" lon="-123.427289"></trkpt><trkpt lat="42.968945" lon="-123.427356"></trkpt><trkpt lat="42.968778" lon="-123.427446"></trkpt><trkpt lat="42.968693" lon="-123.427527"></trkpt><trkpt lat="42.968583" lon="-123.427703"></trkpt><trkpt lat="42.968531" lon="-123.427793"></trkpt><trkpt lat="42.968474" lon="-123.427946"></trkpt><trkpt lat="42.968459" lon="-123.428103"></trkpt><trkpt lat="42.968412" lon="-123.428336"></trkpt><trkpt lat="42.968378" lon="-123.428460"></trkpt><trkpt lat="42.968326" lon="-123.428507"></trkpt><trkpt lat="42.968331" lon="-123.428403"></trkpt><trkpt lat="42.968374" lon="-123.428265"></trkpt><trkpt lat="42.968397" lon="-123.428136"></trkpt><trkpt lat="42.968440" lon="-123.427965"></trkpt><trkpt lat="42.968474" lon="-123.427841"></trkpt><trkpt lat="42.968521" lon="-123.427703"></trkpt><trkpt lat="42.968526" lon="-123.427603"></trkpt><trkpt lat="42.968540" lon="-123.427446"></trkpt><trkpt lat="42.968521" lon="-123.427246"></trkpt><trkpt lat="42.968436" lon="-123.427041"></trkpt><trkpt lat="42.968402" lon="-123.426937"></trkpt><trkpt lat="42.968388" lon="-123.426842"></trkpt><trkpt lat="42.968293" lon="-123.426775"></trkpt><trkpt lat="42.968226" lon="-123.426765"></trkpt><trkpt lat="42.968117" lon="-123.426756"></trkpt><trkpt lat="42.968012" lon="-123.426780"></trkpt><trkpt lat="42.967893" lon="-123.426789"></trkpt><trkpt lat="42.967755" lon="-123.426799"></trkpt><trkpt lat="42.967608" lon="-123.426756"></trkpt><trkpt lat="42.967484" lon="-123.426765"></trkpt><trkpt lat="42.967355" lon="-123.426737"></trkpt><trkpt lat="42.967260" lon="-123.426713"></trkpt><trkpt lat="42.967198" lon="-123.426642"></trkpt><trkpt lat="42.967141" lon="-123.426618"></trkpt><trkpt lat="42.967075" lon="-123.426623"></trkpt><trkpt lat="42.966994" lon="-123.426651"></trkpt><trkpt lat="42.966889" lon="-123.426632"></trkpt><trkpt lat="42.966846" lon="-123.426585"></trkpt><trkpt lat="42.966784" lon="-123.426537"></trkpt><trkpt lat="42.966680" lon="-123.426409"></trkpt><trkpt lat="42.966594" lon="-123.426342"></trkpt><trkpt lat="42.966532" lon="-123.426266"></trkpt><trkpt lat="42.966427" lon="-123.426113"></trkpt><trkpt lat="42.966351" lon="-123.426033"></trkpt><trkpt lat="42.966251" lon="-123.425985"></trkpt><trkpt lat="42.966208" lon="-123.426009"></trkpt><trkpt lat="42.966180" lon="-123.426099"></trkpt><trkpt lat="42.966170" lon="-123.426194"></trkpt><trkpt lat="42.966180" lon="-123.426271"></trkpt><trkpt lat="42.966199" lon="-123.426323"></trkpt><trkpt lat="42.966237" lon="-123.426409"></trkpt><trkpt lat="42.966256" lon="-123.426485"></trkpt><trkpt lat="42.966237" lon="-123.426604"></trkpt><trkpt lat="42.966185" lon="-123.426661"></trkpt><trkpt lat="42.966123" lon="-123.426713"></trkpt><trkpt lat="42.966042" lon="-123.426756"></trkpt><trkpt lat="42.965961" lon="-123.426827"></trkpt><trkpt lat="42.965890" lon="-123.426903"></trkpt><trkpt lat="42.965832" lon="-123.427022"></trkpt><trkpt lat="42.965794" lon="-123.427122"></trkpt><trkpt lat="42.965790" lon="-123.427279"></trkpt><trkpt lat="42.965756" lon="-123.427417"></trkpt><trkpt lat="42.965737" lon="-123.427494"></trkpt><trkpt lat="42.965685" lon="-123.427565"></trkpt><trkpt lat="42.965637" lon="-123.427522"></trkpt><trkpt lat="42.965585" lon="-123.427375"></trkpt><trkpt lat="42.965575" lon="-123.427251"></trkpt><trkpt lat="42.965556" lon="-123.427046"></trkpt><trkpt lat="42.965552" lon="-123.426794"></trkpt><trkpt lat="42.965533" lon="-123.426637"></trkpt><trkpt lat="42.965523" lon="-123.426432"></trkpt><trkpt lat="42.965480" lon="-123.426423"></trkpt><trkpt lat="42.965366" lon="-123.426451"></trkpt><trkpt lat="42.965285" lon="-123.426480"></trkpt><trkpt lat="42.965195" lon="-123.426499"></trkpt><trkpt lat="42.965095" lon="-123.426570"></trkpt><trkpt lat="42.965023" lon="-123.426623"></trkpt><trkpt lat="42.964938" lon="-123.426713"></trkpt><trkpt lat="42.964866" lon="-123.426775"></trkpt><trkpt lat="42.964776" lon="-123.426780"></trkpt><trkpt lat="42.964709" lon="-123.426756"></trkpt><trkpt lat="42.964614" lon="-123.426742"></trkpt><trkpt lat="42.964509" lon="-123.426727"></trkpt><trkpt lat="42.964429" lon="-123.426723"></trkpt><trkpt lat="42.964267" lon="-123.426713"></trkpt><trkpt lat="42.964129" lon="-123.426742"></trkpt><trkpt lat="42.964005" lon="-123.426799"></trkpt><trkpt lat="42.963891" lon="-123.426903"></trkpt><trkpt lat="42.963796" lon="-123.426965"></trkpt><trkpt lat="42.963724" lon="-123.426970"></trkpt><trkpt lat="42.963634" lon="-123.427070"></trkpt><trkpt lat="42.963558" lon="-123.427141"></trkpt><trkpt lat="42.963405" lon="-123.427322"></trkpt><trkpt lat="42.963339" lon="-123.427422"></trkpt><trkpt lat="42.963286" lon="-123.427494"></trkpt><trkpt lat="42.963153" lon="-123.427751"></trkpt><trkpt lat="42.963139" lon="-123.427884"></trkpt><trkpt lat="42.963134" lon="-123.428012"></trkpt><trkpt lat="42.963134" lon="-123.428165"></trkpt><trkpt lat="42.963115" lon="-123.428255"></trkpt><trkpt lat="42.963087" lon="-123.428331"></trkpt><trkpt lat="42.962963" lon="-123.428498"></trkpt><trkpt lat="42.962896" lon="-123.428640"></trkpt><trkpt lat="42.962830" lon="-123.428731"></trkpt><trkpt lat="42.962801" lon="-123.428878"></trkpt><trkpt lat="42.962749" lon="-123.429026"></trkpt><trkpt lat="42.962701" lon="-123.429164"></trkpt><trkpt lat="42.962677" lon="-123.429335"></trkpt><trkpt lat="42.962658" lon="-123.429473"></trkpt><trkpt lat="42.962644" lon="-123.429630"></trkpt><trkpt lat="42.962649" lon="-123.429764"></trkpt><trkpt lat="42.962687" lon="-123.429935"></trkpt><trkpt lat="42.962730" lon="-123.430059"></trkpt><trkpt lat="42.962763" lon="-123.430168"></trkpt><trkpt lat="42.962811" lon="-123.430301"></trkpt><trkpt lat="42.962858" lon="-123.430416"></trkpt><trkpt lat="42.962910" lon="-123.430496"></trkpt><trkpt lat="42.962958" lon="-123.430558"></trkpt><trkpt lat="42.963029" lon="-123.430611"></trkpt><trkpt lat="42.963153" lon="-123.430663"></trkpt><trkpt lat="42.963253" lon="-123.430706"></trkpt><trkpt lat="42.963344" lon="-123.430711"></trkpt><trkpt lat="42.963405" lon="-123.430696"></trkpt><trkpt lat="42.963458" lon="-123.430663"></trkpt><trkpt lat="42.963515" lon="-123.430639"></trkpt><trkpt lat="42.963591" lon="-123.430592"></trkpt><trkpt lat="42.963639" lon="-123.430558"></trkpt><trkpt lat="42.963691" lon="-123.430506"></trkpt><trkpt lat="42.963724" lon="-123.430444"></trkpt><trkpt lat="42.963743" lon="-123.430377"></trkpt><trkpt lat="42.963777" lon="-123.430292"></trkpt><trkpt lat="42.963848" lon="-123.430163"></trkpt><trkpt lat="42.963896" lon="-123.430087"></trkpt><trkpt lat="42.963934" lon="-123.430073"></trkpt><trkpt lat="42.963934" lon="-123.430116"></trkpt><trkpt lat="42.963919" lon="-123.430187"></trkpt><trkpt lat="42.963900" lon="-123.430387"></trkpt><trkpt lat="42.963862" lon="-123.430549"></trkpt><trkpt lat="42.963815" lon="-123.430706"></trkpt><trkpt lat="42.963786" lon="-123.430849"></trkpt><trkpt lat="42.963786" lon="-123.430953"></trkpt><trkpt lat="42.963748" lon="-123.431172"></trkpt><trkpt lat="42.963715" lon="-123.431386"></trkpt><trkpt lat="42.963686" lon="-123.431501"></trkpt><trkpt lat="42.963643" lon="-123.431624"></trkpt><trkpt lat="42.963605" lon="-123.431758"></trkpt><trkpt lat="42.963548" lon="-123.431962"></trkpt><trkpt lat="42.963520" lon="-123.432095"></trkpt><trkpt lat="42.963496" lon="-123.432272"></trkpt><trkpt lat="42.963453" lon="-123.432424"></trkpt><trkpt lat="42.963424" lon="-123.432576"></trkpt><trkpt lat="42.963358" lon="-123.432762"></trkpt><trkpt lat="42.963286" lon="-123.432971"></trkpt><trkpt lat="42.963220" lon="-123.433190"></trkpt><trkpt lat="42.963163" lon="-123.433390"></trkpt><trkpt lat="42.963134" lon="-123.433452"></trkpt><trkpt lat="42.963082" lon="-123.433552"></trkpt><trkpt lat="42.962996" lon="-123.433595"></trkpt><trkpt lat="42.962915" lon="-123.433628"></trkpt><trkpt lat="42.962891" lon="-123.433575"></trkpt><trkpt lat="42.962844" lon="-123.433514"></trkpt><trkpt lat="42.962753" lon="-123.433447"></trkpt><trkpt lat="42.962649" lon="-123.433409"></trkpt><trkpt lat="42.962573" lon="-123.433361"></trkpt><trkpt lat="42.962463" lon="-123.433366"></trkpt><trkpt lat="42.962325" lon="-123.433371"></trkpt><trkpt lat="42.962220" lon="-123.433418"></trkpt><trkpt lat="42.962087" lon="-123.433495"></trkpt><trkpt lat="42.961911" lon="-123.433585"></trkpt><trkpt lat="42.961849" lon="-123.433652"></trkpt><trkpt lat="42.961697" lon="-123.433785"></trkpt><trkpt lat="42.961626" lon="-123.433842"></trkpt><trkpt lat="42.961535" lon="-123.433937"></trkpt><trkpt lat="42.961454" lon="-123.434037"></trkpt><trkpt lat="42.961359" lon="-123.434147"></trkpt><trkpt lat="42.961340" lon="-123.434218"></trkpt><trkpt lat="42.961283" lon="-123.434332"></trkpt><trkpt lat="42.961269" lon="-123.434465"></trkpt><trkpt lat="42.961250" lon="-123.434665"></trkpt><trkpt lat="42.961240" lon="-123.434860"></trkpt><trkpt lat="42.961240" lon="-123.434970"></trkpt><trkpt lat="42.961140" lon="-123.435070"></trkpt><trkpt lat="42.961059" lon="-123.435174"></trkpt><trkpt lat="42.961007" lon="-123.435274"></trkpt><trkpt lat="42.960955" lon="-123.435417"></trkpt><trkpt lat="42.960902" lon="-123.435503"></trkpt><trkpt lat="42.960836" lon="-123.435636"></trkpt><trkpt lat="42.960774" lon="-123.435736"></trkpt><trkpt lat="42.960707" lon="-123.435898"></trkpt><trkpt lat="42.960617" lon="-123.436069"></trkpt><trkpt lat="42.960569" lon="-123.436217"></trkpt><trkpt lat="42.960526" lon="-123.436350"></trkpt><trkpt lat="42.960498" lon="-123.436455"></trkpt><trkpt lat="42.960483" lon="-123.436564"></trkpt><trkpt lat="42.960498" lon="-123.436716"></trkpt><trkpt lat="42.960512" lon="-123.436869"></trkpt><trkpt lat="42.960536" lon="-123.437007"></trkpt><trkpt lat="42.960593" lon="-123.437164"></trkpt><trkpt lat="42.960588" lon="-123.437268"></trkpt><trkpt lat="42.960588" lon="-123.437354"></trkpt><trkpt lat="42.960512" lon="-123.437554"></trkpt><trkpt lat="42.960398" lon="-123.437754"></trkpt><trkpt lat="42.960307" lon="-123.437973"></trkpt><trkpt lat="42.960226" lon="-123.438149"></trkpt><trkpt lat="42.960160" lon="-123.438268"></trkpt><trkpt lat="42.960060" lon="-123.438439"></trkpt><trkpt lat="42.959974" lon="-123.438510"></trkpt><trkpt lat="42.959860" lon="-123.438606"></trkpt><trkpt lat="42.959746" lon="-123.438696"></trkpt><trkpt lat="42.959617" lon="-123.438806"></trkpt><trkpt lat="42.959484" lon="-123.438910"></trkpt><trkpt lat="42.959360" lon="-123.438996"></trkpt><trkpt lat="42.959246" lon="-123.439124"></trkpt><trkpt lat="42.959160" lon="-123.439239"></trkpt><trkpt lat="42.959070" lon="-123.439367"></trkpt><trkpt lat="42.958980" lon="-123.439486"></trkpt><trkpt lat="42.958903" lon="-123.439615"></trkpt><trkpt lat="42.958837" lon="-123.439738"></trkpt><trkpt lat="42.958784" lon="-123.439833"></trkpt><trkpt lat="42.958742" lon="-123.440000"></trkpt><trkpt lat="42.958685" lon="-123.440152"></trkpt><trkpt lat="42.958637" lon="-123.440343"></trkpt><trkpt lat="42.958585" lon="-123.440490"></trkpt><trkpt lat="42.958556" lon="-123.440642"></trkpt><trkpt lat="42.958556" lon="-123.440785"></trkpt><trkpt lat="42.958542" lon="-123.440909"></trkpt><trkpt lat="42.958504" lon="-123.441066"></trkpt><trkpt lat="42.958456" lon="-123.441190"></trkpt><trkpt lat="42.958447" lon="-123.441280"></trkpt><trkpt lat="42.958461" lon="-123.441352"></trkpt><trkpt lat="42.958475" lon="-123.441485"></trkpt><trkpt lat="42.958489" lon="-123.441580"></trkpt><trkpt lat="42.958499" lon="-123.441680"></trkpt><trkpt lat="42.958527" lon="-123.441789"></trkpt><trkpt lat="42.958542" lon="-123.441908"></trkpt><trkpt lat="42.958561" lon="-123.442004"></trkpt><trkpt lat="42.958580" lon="-123.442151"></trkpt><trkpt lat="42.958632" lon="-123.442275"></trkpt><trkpt lat="42.958646" lon="-123.442394"></trkpt><trkpt lat="42.958694" lon="-123.442489"></trkpt><trkpt lat="42.958742" lon="-123.442598"></trkpt><trkpt lat="42.958799" lon="-123.442722"></trkpt><trkpt lat="42.958789" lon="-123.442822"></trkpt><trkpt lat="42.958799" lon="-123.443003"></trkpt><trkpt lat="42.958799" lon="-123.443169"></trkpt><trkpt lat="42.958780" lon="-123.443236"></trkpt><trkpt lat="42.958761" lon="-123.443327"></trkpt><trkpt lat="42.958732" lon="-123.443417"></trkpt><trkpt lat="42.958704" lon="-123.443512"></trkpt><trkpt lat="42.958651" lon="-123.443588"></trkpt><trkpt lat="42.958613" lon="-123.443650"></trkpt><trkpt lat="42.958580" lon="-123.443821"></trkpt><trkpt lat="42.958532" lon="-123.443969"></trkpt><trkpt lat="42.958504" lon="-123.444040"></trkpt><trkpt lat="42.958499" lon="-123.444164"></trkpt><trkpt lat="42.958504" lon="-123.444264"></trkpt><trkpt lat="42.958537" lon="-123.444497"></trkpt><trkpt lat="42.958566" lon="-123.444611"></trkpt><trkpt lat="42.958594" lon="-123.444683"></trkpt><trkpt lat="42.958661" lon="-123.444730"></trkpt><trkpt lat="42.958732" lon="-123.444730"></trkpt><trkpt lat="42.958889" lon="-123.444749"></trkpt><trkpt lat="42.959018" lon="-123.444759"></trkpt><trkpt lat="42.959127" lon="-123.444792"></trkpt><trkpt lat="42.959218" lon="-123.444840"></trkpt><trkpt lat="42.959308" lon="-123.444873"></trkpt><trkpt lat="42.959317" lon="-123.444935"></trkpt><trkpt lat="42.959308" lon="-123.445006"></trkpt><trkpt lat="42.959289" lon="-123.445092"></trkpt><trkpt lat="42.959289" lon="-123.445225"></trkpt><trkpt lat="42.959275" lon="-123.445340"></trkpt><trkpt lat="42.959211" lon="-123.445269"></trkpt><trkpt lat="42.959115" lon="-123.445145"></trkpt><trkpt lat="42.959063" lon="-123.445059"></trkpt><trkpt lat="42.958997" lon="-123.445059"></trkpt><trkpt lat="42.958849" lon="-123.445059"></trkpt><trkpt lat="42.958716" lon="-123.445074"></trkpt><trkpt lat="42.958630" lon="-123.445126"></trkpt><trkpt lat="42.958516" lon="-123.445188"></trkpt><trkpt lat="42.958454" lon="-123.445278"></trkpt><trkpt lat="42.958378" lon="-123.445383"></trkpt><trkpt lat="42.958316" lon="-123.445464"></trkpt><trkpt lat="42.958230" lon="-123.445626"></trkpt><trkpt lat="42.958154" lon="-123.445764"></trkpt><trkpt lat="42.958111" lon="-123.445883"></trkpt><trkpt lat="42.958073" lon="-123.446002"></trkpt><trkpt lat="42.958064" lon="-123.446163"></trkpt><trkpt lat="42.958040" lon="-123.446287"></trkpt><trkpt lat="42.958049" lon="-123.446425"></trkpt><trkpt lat="42.958064" lon="-123.446606"></trkpt><trkpt lat="42.958092" lon="-123.446711"></trkpt><trkpt lat="42.958145" lon="-123.446896"></trkpt><trkpt lat="42.958178" lon="-123.447020"></trkpt><trkpt lat="42.958273" lon="-123.447220"></trkpt><trkpt lat="42.958359" lon="-123.447391"></trkpt><trkpt lat="42.958454" lon="-123.447572"></trkpt><trkpt lat="42.958554" lon="-123.447705"></trkpt><trkpt lat="42.958687" lon="-123.447891"></trkpt><trkpt lat="42.958835" lon="-123.447924"></trkpt><trkpt lat="42.958835" lon="-123.447986"></trkpt><trkpt lat="42.958849" lon="-123.448134"></trkpt><trkpt lat="42.958835" lon="-123.448238"></trkpt><trkpt lat="42.958806" lon="-123.448362"></trkpt><trkpt lat="42.958797" lon="-123.448552"></trkpt><trkpt lat="42.958792" lon="-123.448705"></trkpt><trkpt lat="42.958844" lon="-123.448847"></trkpt><trkpt lat="42.958939" lon="-123.448995"></trkpt><trkpt lat="42.959049" lon="-123.449133"></trkpt><trkpt lat="42.959154" lon="-123.449276"></trkpt><trkpt lat="42.959253" lon="-123.449380"></trkpt><trkpt lat="42.959330" lon="-123.449438"></trkpt><trkpt lat="42.959415" lon="-123.449461"></trkpt><trkpt lat="42.959539" lon="-123.449485"></trkpt><trkpt lat="42.959648" lon="-123.449442"></trkpt><trkpt lat="42.959772" lon="-123.449376"></trkpt><trkpt lat="42.959867" lon="-123.449333"></trkpt><trkpt lat="42.959991" lon="-123.449352"></trkpt><trkpt lat="42.960101" lon="-123.449390"></trkpt><trkpt lat="42.960224" lon="-123.449390"></trkpt><trkpt lat="42.960248" lon="-123.449438"></trkpt><trkpt lat="42.960220" lon="-123.449499"></trkpt><trkpt lat="42.960186" lon="-123.449580"></trkpt><trkpt lat="42.960148" lon="-123.449666"></trkpt><trkpt lat="42.960115" lon="-123.449714"></trkpt><trkpt lat="42.960096" lon="-123.449823"></trkpt><trkpt lat="42.960091" lon="-123.449942"></trkpt><trkpt lat="42.960077" lon="-123.450099"></trkpt><trkpt lat="42.960091" lon="-123.450251"></trkpt><trkpt lat="42.960158" lon="-123.450375"></trkpt><trkpt lat="42.960234" lon="-123.450442"></trkpt><trkpt lat="42.960329" lon="-123.450580"></trkpt><trkpt lat="42.960434" lon="-123.450732"></trkpt><trkpt lat="42.960648" lon="-123.450732"></trkpt><trkpt lat="42.960962" lon="-123.450708"></trkpt><trkpt lat="42.961100" lon="-123.450699"></trkpt><trkpt lat="42.961295" lon="-123.450646"></trkpt><trkpt lat="42.961385" lon="-123.450580"></trkpt><trkpt lat="42.961500" lon="-123.450513"></trkpt><trkpt lat="42.961552" lon="-123.450494"></trkpt><trkpt lat="42.961709" lon="-123.450437"></trkpt><trkpt lat="42.961790" lon="-123.450408"></trkpt><trkpt lat="42.961966" lon="-123.450346"></trkpt><trkpt lat="42.962056" lon="-123.450356"></trkpt><trkpt lat="42.962152" lon="-123.450370"></trkpt><trkpt lat="42.962247" lon="-123.450413"></trkpt><trkpt lat="42.962356" lon="-123.450442"></trkpt><trkpt lat="42.962480" lon="-123.450456"></trkpt><trkpt lat="42.962666" lon="-123.450432"></trkpt><trkpt lat="42.962770" lon="-123.450427"></trkpt><trkpt lat="42.962927" lon="-123.450432"></trkpt><trkpt lat="42.963042" lon="-123.450423"></trkpt><trkpt lat="42.963180" lon="-123.450385"></trkpt><trkpt lat="42.963403" lon="-123.450366"></trkpt><trkpt lat="42.963546" lon="-123.450318"></trkpt><trkpt lat="42.963670" lon="-123.450261"></trkpt><trkpt lat="42.963817" lon="-123.450208"></trkpt><trkpt lat="42.964076" lon="-123.450062"></trkpt><trkpt lat="42.964123" lon="-123.449976"></trkpt><trkpt lat="42.964123" lon="-123.449847"></trkpt><trkpt lat="42.964114" lon="-123.449671"></trkpt><trkpt lat="42.964095" lon="-123.449567"></trkpt><trkpt lat="42.964047" lon="-123.449495"></trkpt><trkpt lat="42.964009" lon="-123.449429"></trkpt><trkpt lat="42.963976" lon="-123.449338"></trkpt><trkpt lat="42.963962" lon="-123.449262"></trkpt><trkpt lat="42.963990" lon="-123.449176"></trkpt><trkpt lat="42.964066" lon="-123.449138"></trkpt><trkpt lat="42.964123" lon="-123.449105"></trkpt><trkpt lat="42.964185" lon="-123.449062"></trkpt><trkpt lat="42.964238" lon="-123.449015"></trkpt><trkpt lat="42.964285" lon="-123.448953"></trkpt><trkpt lat="42.964347" lon="-123.448896"></trkpt><trkpt lat="42.964409" lon="-123.448853"></trkpt><trkpt lat="42.964495" lon="-123.448777"></trkpt><trkpt lat="42.964595" lon="-123.448686"></trkpt><trkpt lat="42.964647" lon="-123.448629"></trkpt><trkpt lat="42.964656" lon="-123.448672"></trkpt><trkpt lat="42.964666" lon="-123.448758"></trkpt><trkpt lat="42.964680" lon="-123.448891"></trkpt><trkpt lat="42.964675" lon="-123.449019"></trkpt><trkpt lat="42.964642" lon="-123.449110"></trkpt><trkpt lat="42.964647" lon="-123.449229"></trkpt><trkpt lat="42.964675" lon="-123.449329"></trkpt><trkpt lat="42.964752" lon="-123.449438"></trkpt><trkpt lat="42.964852" lon="-123.449600"></trkpt><trkpt lat="42.964961" lon="-123.449724"></trkpt><trkpt lat="42.965085" lon="-123.449852"></trkpt><trkpt lat="42.965185" lon="-123.449890"></trkpt><trkpt lat="42.965318" lon="-123.449885"></trkpt><trkpt lat="42.965432" lon="-123.449876"></trkpt><trkpt lat="42.965546" lon="-123.449814"></trkpt><trkpt lat="42.965646" lon="-123.449619"></trkpt><trkpt lat="42.965699" lon="-123.449491"></trkpt><trkpt lat="42.965741" lon="-123.449338"></trkpt><trkpt lat="42.965780" lon="-123.449210"></trkpt><trkpt lat="42.965841" lon="-123.449086"></trkpt><trkpt lat="42.965908" lon="-123.448972"></trkpt><trkpt lat="42.966003" lon="-123.448905"></trkpt><trkpt lat="42.966103" lon="-123.448858"></trkpt><trkpt lat="42.966203" lon="-123.448815"></trkpt><trkpt lat="42.966303" lon="-123.448739"></trkpt><trkpt lat="42.966365" lon="-123.448658"></trkpt><trkpt lat="42.966479" lon="-123.448596"></trkpt><trkpt lat="42.966551" lon="-123.448524"></trkpt><trkpt lat="42.966622" lon="-123.448448"></trkpt><trkpt lat="42.966674" lon="-123.448439"></trkpt><trkpt lat="42.966717" lon="-123.448548"></trkpt><trkpt lat="42.966717" lon="-123.448729"></trkpt><trkpt lat="42.966679" lon="-123.448843"></trkpt><trkpt lat="42.966622" lon="-123.448967"></trkpt><trkpt lat="42.966589" lon="-123.449076"></trkpt><trkpt lat="42.966598" lon="-123.449300"></trkpt><trkpt lat="42.966593" lon="-123.449414"></trkpt><trkpt lat="42.966589" lon="-123.449590"></trkpt><trkpt lat="42.966570" lon="-123.449733"></trkpt><trkpt lat="42.966584" lon="-123.449881"></trkpt><trkpt lat="42.966627" lon="-123.450057"></trkpt><trkpt lat="42.966641" lon="-123.450209"></trkpt><trkpt lat="42.966669" lon="-123.450347"></trkpt><trkpt lat="42.966698" lon="-123.450480"></trkpt><trkpt lat="42.966731" lon="-123.450666"></trkpt><trkpt lat="42.966750" lon="-123.450804"></trkpt><trkpt lat="42.966793" lon="-123.450904"></trkpt><trkpt lat="42.966836" lon="-123.451028"></trkpt><trkpt lat="42.966941" lon="-123.451113"></trkpt><trkpt lat="42.967141" lon="-123.451094"></trkpt><trkpt lat="42.967260" lon="-123.450975"></trkpt><trkpt lat="42.967326" lon="-123.450909"></trkpt><trkpt lat="42.967417" lon="-123.450852"></trkpt><trkpt lat="42.967502" lon="-123.450771"></trkpt><trkpt lat="42.967626" lon="-123.450699"></trkpt><trkpt lat="42.967716" lon="-123.450661"></trkpt><trkpt lat="42.967835" lon="-123.450566"></trkpt><trkpt lat="42.967907" lon="-123.450509"></trkpt><trkpt lat="42.968011" lon="-123.450442"></trkpt><trkpt lat="42.968111" lon="-123.450366"></trkpt><trkpt lat="42.968188" lon="-123.450276"></trkpt><trkpt lat="42.968254" lon="-123.450176"></trkpt><trkpt lat="42.968297" lon="-123.450085"></trkpt><trkpt lat="42.968340" lon="-123.450000"></trkpt><trkpt lat="42.968378" lon="-123.449857"></trkpt><trkpt lat="42.968345" lon="-123.449662"></trkpt><trkpt lat="42.968245" lon="-123.449538"></trkpt><trkpt lat="42.968126" lon="-123.449448"></trkpt><trkpt lat="42.967997" lon="-123.449338"></trkpt><trkpt lat="42.967888" lon="-123.449224"></trkpt><trkpt lat="42.967750" lon="-123.449076"></trkpt><trkpt lat="42.967664" lon="-123.448915"></trkpt><trkpt lat="42.967569" lon="-123.448729"></trkpt><trkpt lat="42.967517" lon="-123.448543"></trkpt><trkpt lat="42.967459" lon="-123.448401"></trkpt><trkpt lat="42.967417" lon="-123.448258"></trkpt><trkpt lat="42.967407" lon="-123.447925"></trkpt><trkpt lat="42.967407" lon="-123.447744"></trkpt><trkpt lat="42.967393" lon="-123.447501"></trkpt><trkpt lat="42.967398" lon="-123.447268"></trkpt><trkpt lat="42.967426" lon="-123.447201"></trkpt><trkpt lat="42.967488" lon="-123.447201"></trkpt><trkpt lat="42.967588" lon="-123.447206"></trkpt><trkpt lat="42.967707" lon="-123.447220"></trkpt><trkpt lat="42.967807" lon="-123.447235"></trkpt><trkpt lat="42.967883" lon="-123.447268"></trkpt><trkpt lat="42.967912" lon="-123.447316"></trkpt><trkpt lat="42.967907" lon="-123.447392"></trkpt><trkpt lat="42.967897" lon="-123.447492"></trkpt><trkpt lat="42.967859" lon="-123.447558"></trkpt><trkpt lat="42.967859" lon="-123.447744"></trkpt><trkpt lat="42.967902" lon="-123.447944"></trkpt><trkpt lat="42.967950" lon="-123.448115"></trkpt><trkpt lat="42.968083" lon="-123.448225"></trkpt><trkpt lat="42.968188" lon="-123.448329"></trkpt><trkpt lat="42.968230" lon="-123.448472"></trkpt><trkpt lat="42.968268" lon="-123.448582"></trkpt><trkpt lat="42.968278" lon="-123.448743"></trkpt><trkpt lat="42.968373" lon="-123.448853"></trkpt><trkpt lat="42.968530" lon="-123.448872"></trkpt><trkpt lat="42.968721" lon="-123.448786"></trkpt><trkpt lat="42.968892" lon="-123.448739"></trkpt><trkpt lat="42.969035" lon="-123.448610"></trkpt><trkpt lat="42.969125" lon="-123.448496"></trkpt><trkpt lat="42.969215" lon="-123.448386"></trkpt><trkpt lat="42.969325" lon="-123.448253"></trkpt><trkpt lat="42.969382" lon="-123.448077"></trkpt><trkpt lat="42.969415" lon="-123.447915"></trkpt><trkpt lat="42.969420" lon="-123.447796"></trkpt><trkpt lat="42.969425" lon="-123.447692"></trkpt><trkpt lat="42.969434" lon="-123.447516"></trkpt><trkpt lat="42.969434" lon="-123.447311"></trkpt><trkpt lat="42.969430" lon="-123.447135"></trkpt><trkpt lat="42.969392" lon="-123.446978"></trkpt><trkpt lat="42.969382" lon="-123.446835"></trkpt><trkpt lat="42.969349" lon="-123.446730"></trkpt><trkpt lat="42.969263" lon="-123.446735"></trkpt><trkpt lat="42.969187" lon="-123.446764"></trkpt><trkpt lat="42.969111" lon="-123.446797"></trkpt><trkpt lat="42.968987" lon="-123.446816"></trkpt><trkpt lat="42.968892" lon="-123.446835"></trkpt><trkpt lat="42.968759" lon="-123.446835"></trkpt><trkpt lat="42.968644" lon="-123.446830"></trkpt><trkpt lat="42.968421" lon="-123.446816"></trkpt><trkpt lat="42.968216" lon="-123.446754"></trkpt><trkpt lat="42.968035" lon="-123.446683"></trkpt><trkpt lat="42.967883" lon="-123.446611"></trkpt><trkpt lat="42.967774" lon="-123.446564"></trkpt><trkpt lat="42.967674" lon="-123.446488"></trkpt><trkpt lat="42.967569" lon="-123.446335"></trkpt><trkpt lat="42.967364" lon="-123.446297"></trkpt><trkpt lat="42.967069" lon="-123.446245"></trkpt><trkpt lat="42.966836" lon="-123.446240"></trkpt><trkpt lat="42.966612" lon="-123.446254"></trkpt><trkpt lat="42.966365" lon="-123.446259"></trkpt><trkpt lat="42.966156" lon="-123.446226"></trkpt><trkpt lat="42.965846" lon="-123.446259"></trkpt><trkpt lat="42.965589" lon="-123.446264"></trkpt><trkpt lat="42.965413" lon="-123.446326"></trkpt><trkpt lat="42.965256" lon="-123.446373"></trkpt><trkpt lat="42.965147" lon="-123.446411"></trkpt><trkpt lat="42.964928" lon="-123.446445"></trkpt><trkpt lat="42.964737" lon="-123.446426"></trkpt><trkpt lat="42.964542" lon="-123.446397"></trkpt><trkpt lat="42.964366" lon="-123.446369"></trkpt><trkpt lat="42.964219" lon="-123.446321"></trkpt><trkpt lat="42.964142" lon="-123.446221"></trkpt><trkpt lat="42.964085" lon="-123.446121"></trkpt><trkpt lat="42.964081" lon="-123.445959"></trkpt><trkpt lat="42.964138" lon="-123.445802"></trkpt><trkpt lat="42.964223" lon="-123.445683"></trkpt><trkpt lat="42.964395" lon="-123.445531"></trkpt><trkpt lat="42.964528" lon="-123.445322"></trkpt><trkpt lat="42.964633" lon="-123.445193"></trkpt><trkpt lat="42.964709" lon="-123.445046"></trkpt><trkpt lat="42.964790" lon="-123.444908"></trkpt><trkpt lat="42.964866" lon="-123.444789"></trkpt><trkpt lat="42.964971" lon="-123.444727"></trkpt><trkpt lat="42.965061" lon="-123.444646"></trkpt><trkpt lat="42.965213" lon="-123.444536"></trkpt><trkpt lat="42.965404" lon="-123.444503"></trkpt><trkpt lat="42.965680" lon="-123.444489"></trkpt><trkpt lat="42.965818" lon="-123.444494"></trkpt><trkpt lat="42.965922" lon="-123.444513"></trkpt><trkpt lat="42.966037" lon="-123.444565"></trkpt><trkpt lat="42.966165" lon="-123.444622"></trkpt><trkpt lat="42.966341" lon="-123.444708"></trkpt><trkpt lat="42.966536" lon="-123.444703"></trkpt><trkpt lat="42.966731" lon="-123.444608"></trkpt><trkpt lat="42.967031" lon="-123.444494"></trkpt><trkpt lat="42.967250" lon="-123.444489"></trkpt><trkpt lat="42.967421" lon="-123.444470"></trkpt><trkpt lat="42.967678" lon="-123.444446"></trkpt><trkpt lat="42.967873" lon="-123.444403"></trkpt><trkpt lat="42.967992" lon="-123.444360"></trkpt><trkpt lat="42.968088" lon="-123.444327"></trkpt><trkpt lat="42.968221" lon="-123.444270"></trkpt><trkpt lat="42.968354" lon="-123.444203"></trkpt><trkpt lat="42.968464" lon="-123.444146"></trkpt><trkpt lat="42.968535" lon="-123.444132"></trkpt><trkpt lat="42.968682" lon="-123.444032"></trkpt><trkpt lat="42.968759" lon="-123.443952"></trkpt><trkpt lat="42.968822" lon="-123.443892"></trkpt><trkpt lat="42.968968" lon="-123.443801"></trkpt><trkpt lat="42.969053" lon="-123.443726"></trkpt><trkpt lat="42.969116" lon="-123.443681"></trkpt><trkpt lat="42.969253" lon="-123.443609"></trkpt><trkpt lat="42.969322" lon="-123.443566"></trkpt><trkpt lat="42.969442" lon="-123.443509"></trkpt><trkpt lat="42.969579" lon="-123.443452"></trkpt><trkpt lat="42.969679" lon="-123.443406"></trkpt><trkpt lat="42.969799" lon="-123.443341"></trkpt><trkpt lat="42.969890" lon="-123.443324"></trkpt><trkpt lat="42.969973" lon="-123.443315"></trkpt><trkpt lat="42.970124" lon="-123.443329"></trkpt><trkpt lat="42.970236" lon="-123.443318"></trkpt><trkpt lat="42.970361" lon="-123.443244"></trkpt><trkpt lat="42.970401" lon="-123.443189"></trkpt><trkpt lat="42.970435" lon="-123.443072"></trkpt><trkpt lat="42.970450" lon="-123.442947"></trkpt><trkpt lat="42.970458" lon="-123.442881"></trkpt><trkpt lat="42.970447" lon="-123.442701"></trkpt><trkpt lat="42.970418" lon="-123.442607"></trkpt><trkpt lat="42.970381" lon="-123.442538"></trkpt><trkpt lat="42.970324" lon="-123.442516"></trkpt><trkpt lat="42.970196" lon="-123.442521"></trkpt><trkpt lat="42.970050" lon="-123.442478"></trkpt><trkpt lat="42.969990" lon="-123.442419"></trkpt><trkpt lat="42.969933" lon="-123.442307"></trkpt><trkpt lat="42.969933" lon="-123.442207"></trkpt><trkpt lat="42.969913" lon="-123.442133"></trkpt><trkpt lat="42.969896" lon="-123.442059"></trkpt><trkpt lat="42.969879" lon="-123.441976"></trkpt><trkpt lat="42.969836" lon="-123.441862"></trkpt><trkpt lat="42.969784" lon="-123.441767"></trkpt><trkpt lat="42.969710" lon="-123.441665"></trkpt><trkpt lat="42.969659" lon="-123.441588"></trkpt><trkpt lat="42.969610" lon="-123.441462"></trkpt><trkpt lat="42.969576" lon="-123.441356"></trkpt><trkpt lat="42.969550" lon="-123.441265"></trkpt><trkpt lat="42.969507" lon="-123.441128"></trkpt><trkpt lat="42.969487" lon="-123.440928"></trkpt><trkpt lat="42.969482" lon="-123.440839"></trkpt><trkpt lat="42.969433" lon="-123.440728"></trkpt><trkpt lat="42.969359" lon="-123.440600"></trkpt><trkpt lat="42.969348" lon="-123.440508"></trkpt><trkpt lat="42.969362" lon="-123.440463"></trkpt><trkpt lat="42.969405" lon="-123.440500"></trkpt><trkpt lat="42.969487" lon="-123.440580"></trkpt><trkpt lat="42.969527" lon="-123.440603"></trkpt><trkpt lat="42.969593" lon="-123.440671"></trkpt><trkpt lat="42.969656" lon="-123.440705"></trkpt><trkpt lat="42.969753" lon="-123.440771"></trkpt><trkpt lat="42.969867" lon="-123.440851"></trkpt><trkpt lat="42.969976" lon="-123.440917"></trkpt><trkpt lat="42.970136" lon="-123.440985"></trkpt><trkpt lat="42.970218" lon="-123.441022"></trkpt><trkpt lat="42.970310" lon="-123.441048"></trkpt><trkpt lat="42.970421" lon="-123.441079"></trkpt><trkpt lat="42.970553" lon="-123.441116"></trkpt><trkpt lat="42.970655" lon="-123.441136"></trkpt><trkpt lat="42.970750" lon="-123.441145"></trkpt><trkpt lat="42.970838" lon="-123.441151"></trkpt><trkpt lat="42.970955" lon="-123.441174"></trkpt><trkpt lat="42.971041" lon="-123.441208"></trkpt><trkpt lat="42.971146" lon="-123.441271"></trkpt><trkpt lat="42.971261" lon="-123.441288"></trkpt><trkpt lat="42.971369" lon="-123.441339"></trkpt><trkpt lat="42.971549" lon="-123.441379"></trkpt><trkpt lat="42.971692" lon="-123.441365"></trkpt><trkpt lat="42.971789" lon="-123.441345"></trkpt><trkpt lat="42.971937" lon="-123.441345"></trkpt><trkpt lat="42.972531" lon="-123.441362"></trkpt><trkpt lat="42.972660" lon="-123.441371"></trkpt><trkpt lat="42.972820" lon="-123.441391"></trkpt><trkpt lat="42.973091" lon="-123.441385"></trkpt><trkpt lat="42.973188" lon="-123.441371"></trkpt><trkpt lat="42.973325" lon="-123.441376"></trkpt><trkpt lat="42.973468" lon="-123.441356"></trkpt><trkpt lat="42.973559" lon="-123.441311"></trkpt><trkpt lat="42.973633" lon="-123.441265"></trkpt><trkpt lat="42.973688" lon="-123.441208"></trkpt><trkpt lat="42.973782" lon="-123.441105"></trkpt><trkpt lat="42.973848" lon="-123.441065"></trkpt><trkpt lat="42.973902" lon="-123.441011"></trkpt><trkpt lat="42.973970" lon="-123.440937"></trkpt><trkpt lat="42.974030" lon="-123.440862"></trkpt><trkpt lat="42.974073" lon="-123.440831"></trkpt><trkpt lat="42.974173" lon="-123.440751"></trkpt><trkpt lat="42.974247" lon="-123.440705"></trkpt><trkpt lat="42.974310" lon="-123.440671"></trkpt><trkpt lat="42.974379" lon="-123.440611"></trkpt><trkpt lat="42.974461" lon="-123.440528"></trkpt><trkpt lat="42.974544" lon="-123.440423"></trkpt><trkpt lat="42.974610" lon="-123.440351"></trkpt><trkpt lat="42.974659" lon="-123.440297"></trkpt><trkpt lat="42.974707" lon="-123.440248"></trkpt><trkpt lat="42.974733" lon="-123.440168"></trkpt><trkpt lat="42.974721" lon="-123.440077"></trkpt><trkpt lat="42.974701" lon="-123.440014"></trkpt><trkpt lat="42.974690" lon="-123.439974"></trkpt><trkpt lat="42.974621" lon="-123.439920"></trkpt><trkpt lat="42.974607" lon="-123.439897"></trkpt><trkpt lat="42.974459" lon="-123.439900"></trkpt><trkpt lat="42.974416" lon="-123.439931"></trkpt><trkpt lat="42.974327" lon="-123.439966"></trkpt><trkpt lat="42.974259" lon="-123.439997"></trkpt><trkpt lat="42.974176" lon="-123.440000"></trkpt><trkpt lat="42.974119" lon="-123.440003"></trkpt><trkpt lat="42.974050" lon="-123.439980"></trkpt><trkpt lat="42.974013" lon="-123.439943"></trkpt><trkpt lat="42.973990" lon="-123.439912"></trkpt><trkpt lat="42.973990" lon="-123.439849"></trkpt><trkpt lat="42.973968" lon="-123.439777"></trkpt><trkpt lat="42.973925" lon="-123.439732"></trkpt><trkpt lat="42.973876" lon="-123.439720"></trkpt><trkpt lat="42.973808" lon="-123.439723"></trkpt><trkpt lat="42.973753" lon="-123.439774"></trkpt><trkpt lat="42.973699" lon="-123.439832"></trkpt><trkpt lat="42.973608" lon="-123.439903"></trkpt><trkpt lat="42.973522" lon="-123.439991"></trkpt><trkpt lat="42.973468" lon="-123.440066"></trkpt><trkpt lat="42.973379" lon="-123.440180"></trkpt><trkpt lat="42.973308" lon="-123.440283"></trkpt><trkpt lat="42.973239" lon="-123.440411"></trkpt><trkpt lat="42.973208" lon="-123.440520"></trkpt><trkpt lat="42.973188" lon="-123.440662"></trkpt><trkpt lat="42.973159" lon="-123.440771"></trkpt><trkpt lat="42.973142" lon="-123.440831"></trkpt><trkpt lat="42.973111" lon="-123.440894"></trkpt><trkpt lat="42.973062" lon="-123.440919"></trkpt><trkpt lat="42.973014" lon="-123.440911"></trkpt><trkpt lat="42.972908" lon="-123.440885"></trkpt><trkpt lat="42.972785" lon="-123.440839"></trkpt><trkpt lat="42.972654" lon="-123.440791"></trkpt><trkpt lat="42.972571" lon="-123.440717"></trkpt><trkpt lat="42.972511" lon="-123.440620"></trkpt><trkpt lat="42.972446" lon="-123.440537"></trkpt><trkpt lat="42.972386" lon="-123.440440"></trkpt><trkpt lat="42.972340" lon="-123.440326"></trkpt><trkpt lat="42.972266" lon="-123.440157"></trkpt><trkpt lat="42.972186" lon="-123.440063"></trkpt><trkpt lat="42.972066" lon="-123.439857"></trkpt><trkpt lat="42.972000" lon="-123.439749"></trkpt><trkpt lat="42.971997" lon="-123.439655"></trkpt><trkpt lat="42.971997" lon="-123.439517"></trkpt><trkpt lat="42.972009" lon="-123.439400"></trkpt><trkpt lat="42.972034" lon="-123.439295"></trkpt><trkpt lat="42.972066" lon="-123.439229"></trkpt><trkpt lat="42.972129" lon="-123.439178"></trkpt><trkpt lat="42.972209" lon="-123.439092"></trkpt><trkpt lat="42.972263" lon="-123.439046"></trkpt><trkpt lat="42.972366" lon="-123.438984"></trkpt><trkpt lat="42.972460" lon="-123.438926"></trkpt><trkpt lat="42.972580" lon="-123.438841"></trkpt><trkpt lat="42.972643" lon="-123.438744"></trkpt><trkpt lat="42.972748" lon="-123.438629"></trkpt><trkpt lat="42.972800" lon="-123.438501"></trkpt><trkpt lat="42.972828" lon="-123.438372"></trkpt><trkpt lat="42.972845" lon="-123.438253"></trkpt><trkpt lat="42.972857" lon="-123.438175"></trkpt><trkpt lat="42.972854" lon="-123.438081"></trkpt><trkpt lat="42.972843" lon="-123.437921"></trkpt><trkpt lat="42.972825" lon="-123.437827"></trkpt><trkpt lat="42.972814" lon="-123.437747"></trkpt><trkpt lat="42.972788" lon="-123.437687"></trkpt><trkpt lat="42.972714" lon="-123.437579"></trkpt><trkpt lat="42.972654" lon="-123.437493"></trkpt><trkpt lat="42.972594" lon="-123.437467"></trkpt><trkpt lat="42.972486" lon="-123.437467"></trkpt><trkpt lat="42.972386" lon="-123.437467"></trkpt><trkpt lat="42.972257" lon="-123.437467"></trkpt><trkpt lat="42.972160" lon="-123.437462"></trkpt><trkpt lat="42.972097" lon="-123.437427"></trkpt><trkpt lat="42.972003" lon="-123.437365"></trkpt><trkpt lat="42.971915" lon="-123.437287"></trkpt><trkpt lat="42.971823" lon="-123.437213"></trkpt><trkpt lat="42.971695" lon="-123.437116"></trkpt><trkpt lat="42.971589" lon="-123.437033"></trkpt><trkpt lat="42.971475" lon="-123.436962"></trkpt><trkpt lat="42.971298" lon="-123.436868"></trkpt><trkpt lat="42.971112" lon="-123.436751"></trkpt><trkpt lat="42.971038" lon="-123.436705"></trkpt><trkpt lat="42.970958" lon="-123.436662"></trkpt><trkpt lat="42.970898" lon="-123.436616"></trkpt><trkpt lat="42.970801" lon="-123.436574"></trkpt><trkpt lat="42.970715" lon="-123.436559"></trkpt><trkpt lat="42.970635" lon="-123.436545"></trkpt><trkpt lat="42.970544" lon="-123.436514"></trkpt><trkpt lat="42.970467" lon="-123.436485"></trkpt><trkpt lat="42.970441" lon="-123.436465"></trkpt><trkpt lat="42.970335" lon="-123.436398"></trkpt><trkpt lat="42.970247" lon="-123.436329"></trkpt><trkpt lat="42.970198" lon="-123.436272"></trkpt><trkpt lat="42.970076" lon="-123.436260"></trkpt><trkpt lat="42.969939" lon="-123.436146"></trkpt><trkpt lat="42.969855" lon="-123.436055"></trkpt><trkpt lat="42.969805" lon="-123.436002"></trkpt><trkpt lat="42.969821" lon="-123.435952"></trkpt><trkpt lat="42.969870" lon="-123.435853"></trkpt><trkpt lat="42.969920" lon="-123.435712"></trkpt><trkpt lat="42.969988" lon="-123.435541"></trkpt><trkpt lat="42.970068" lon="-123.435324"></trkpt><trkpt lat="42.970159" lon="-123.435118"></trkpt><trkpt lat="42.970247" lon="-123.434924"></trkpt><trkpt lat="42.970293" lon="-123.434829"></trkpt><trkpt lat="42.970346" lon="-123.434726"></trkpt><trkpt lat="42.970392" lon="-123.434681"></trkpt><trkpt lat="42.970548" lon="-123.434540"></trkpt><trkpt lat="42.970662" lon="-123.434414"></trkpt><trkpt lat="42.970765" lon="-123.434307"></trkpt><trkpt lat="42.970829" lon="-123.434227"></trkpt><trkpt lat="42.970917" lon="-123.434113"></trkpt><trkpt lat="42.970963" lon="-123.433980"></trkpt><trkpt lat="42.971020" lon="-123.433862"></trkpt><trkpt lat="42.971031" lon="-123.433763"></trkpt><trkpt lat="42.971031" lon="-123.433496"></trkpt><trkpt lat="42.971031" lon="-123.433272"></trkpt><trkpt lat="42.971001" lon="-123.433127"></trkpt><trkpt lat="42.970974" lon="-123.433024"></trkpt><trkpt lat="42.971027" lon="-123.432956"></trkpt><trkpt lat="42.971104" lon="-123.433009"></trkpt><trkpt lat="42.971203" lon="-123.433108"></trkpt><trkpt lat="42.971416" lon="-123.433230"></trkpt><trkpt lat="42.971625" lon="-123.433238"></trkpt><trkpt lat="42.971804" lon="-123.433188"></trkpt><trkpt lat="42.971918" lon="-123.433135"></trkpt><trkpt lat="42.972014" lon="-123.433101"></trkpt><trkpt lat="42.972139" lon="-123.433017"></trkpt><trkpt lat="42.972280" lon="-123.432944"></trkpt><trkpt lat="42.972417" lon="-123.432861"></trkpt><trkpt lat="42.972489" lon="-123.432735"></trkpt><trkpt lat="42.972527" lon="-123.432640"></trkpt><trkpt lat="42.972512" lon="-123.432469"></trkpt><trkpt lat="42.972493" lon="-123.432343"></trkpt><trkpt lat="42.972444" lon="-123.432099"></trkpt><trkpt lat="42.972417" lon="-123.431863"></trkpt><trkpt lat="42.972341" lon="-123.431673"></trkpt><trkpt lat="42.972276" lon="-123.431429"></trkpt><trkpt lat="42.972211" lon="-123.431315"></trkpt><trkpt lat="42.972143" lon="-123.431182"></trkpt><trkpt lat="42.972010" lon="-123.430972"></trkpt><trkpt lat="42.971911" lon="-123.430805"></trkpt><trkpt lat="42.971865" lon="-123.430710"></trkpt><trkpt lat="42.971777" lon="-123.430576"></trkpt><trkpt lat="42.971675" lon="-123.430447"></trkpt><trkpt lat="42.971599" lon="-123.430382"></trkpt><trkpt lat="42.971496" lon="-123.430337"></trkpt><trkpt lat="42.971382" lon="-123.430279"></trkpt><trkpt lat="42.971279" lon="-123.430291"></trkpt><trkpt lat="42.971206" lon="-123.430295"></trkpt><trkpt lat="42.971081" lon="-123.430298"></trkpt><trkpt lat="42.970955" lon="-123.430352"></trkpt><trkpt lat="42.970868" lon="-123.430409"></trkpt><trkpt lat="42.970795" lon="-123.430436"></trkpt><trkpt lat="42.970715" lon="-123.430489"></trkpt><trkpt lat="42.970635" lon="-123.430611"></trkpt><trkpt lat="42.970571" lon="-123.430679"></trkpt><trkpt lat="42.970533" lon="-123.430702"></trkpt><trkpt lat="42.970506" lon="-123.430752"></trkpt><trkpt lat="42.970456" lon="-123.430877"></trkpt><trkpt lat="42.970407" lon="-123.430991"></trkpt><trkpt lat="42.970365" lon="-123.431117"></trkpt><trkpt lat="42.970338" lon="-123.431399"></trkpt><trkpt lat="42.970388" lon="-123.431616"></trkpt><trkpt lat="42.970434" lon="-123.431757"></trkpt><trkpt lat="42.970479" lon="-123.431897"></trkpt><trkpt lat="42.970506" lon="-123.431977"></trkpt><trkpt lat="42.970620" lon="-123.432172"></trkpt><trkpt lat="42.970685" lon="-123.432301"></trkpt><trkpt lat="42.970711" lon="-123.432366"></trkpt><trkpt lat="42.970704" lon="-123.432423"></trkpt><trkpt lat="42.970666" lon="-123.432442"></trkpt><trkpt lat="42.970593" lon="-123.432415"></trkpt><trkpt lat="42.970529" lon="-123.432411"></trkpt><trkpt lat="42.970483" lon="-123.432419"></trkpt><trkpt lat="42.970384" lon="-123.432442"></trkpt><trkpt lat="42.970331" lon="-123.432438"></trkpt><trkpt lat="42.970258" lon="-123.432419"></trkpt><trkpt lat="42.970186" lon="-123.432370"></trkpt><trkpt lat="42.970106" lon="-123.432244"></trkpt><trkpt lat="42.970038" lon="-123.432134"></trkpt><trkpt lat="42.970015" lon="-123.432035"></trkpt><trkpt lat="42.969992" lon="-123.431897"></trkpt><trkpt lat="42.970000" lon="-123.431635"></trkpt><trkpt lat="42.969996" lon="-123.431410"></trkpt><trkpt lat="42.970003" lon="-123.431265"></trkpt><trkpt lat="42.970045" lon="-123.431117"></trkpt><trkpt lat="42.970099" lon="-123.431041"></trkpt><trkpt lat="42.970144" lon="-123.430927"></trkpt><trkpt lat="42.970205" lon="-123.430778"></trkpt><trkpt lat="42.970308" lon="-123.430656"></trkpt><trkpt lat="42.970388" lon="-123.430538"></trkpt><trkpt lat="42.970464" lon="-123.430447"></trkpt><trkpt lat="42.970491" lon="-123.430378"></trkpt><trkpt lat="42.970544" lon="-123.430260"></trkpt><trkpt lat="42.970487" lon="-123.430154"></trkpt><trkpt lat="42.970403" lon="-123.430120"></trkpt><trkpt lat="42.970285" lon="-123.430112"></trkpt><trkpt lat="42.970106" lon="-123.430085"></trkpt><trkpt lat="42.970053" lon="-123.430059"></trkpt><trkpt lat="42.969996" lon="-123.429998"></trkpt><trkpt lat="42.969897" lon="-123.429914"></trkpt><trkpt lat="42.969824" lon="-123.429857"></trkpt><trkpt lat="42.969744" lon="-123.429746"></trkpt><trkpt lat="42.969642" lon="-123.429651"></trkpt><trkpt lat="42.969615" lon="-123.429579"></trkpt><trkpt lat="42.969626" lon="-123.429453"></trkpt><trkpt lat="42.969653" lon="-123.429358"></trkpt><trkpt lat="42.969710" lon="-123.429240"></trkpt><trkpt lat="42.969840" lon="-123.429057"></trkpt><trkpt lat="42.969901" lon="-123.428981"></trkpt><trkpt lat="42.970003" lon="-123.428928"></trkpt><trkpt lat="42.970102" lon="-123.428905"></trkpt><trkpt lat="42.970194" lon="-123.428894"></trkpt><trkpt lat="42.970316" lon="-123.428871"></trkpt><trkpt lat="42.970437" lon="-123.428859"></trkpt><trkpt lat="42.970639" lon="-123.428818"></trkpt><trkpt lat="42.970738" lon="-123.428787"></trkpt><trkpt lat="42.970913" lon="-123.428795"></trkpt><trkpt lat="42.971046" lon="-123.428760"></trkpt><trkpt lat="42.971180" lon="-123.428745"></trkpt><trkpt lat="42.971324" lon="-123.428730"></trkpt><trkpt lat="42.971454" lon="-123.428715"></trkpt><trkpt lat="42.971720" lon="-123.428726"></trkpt><trkpt lat="42.971827" lon="-123.428696"></trkpt><trkpt lat="42.971880" lon="-123.428654"></trkpt><trkpt lat="42.971926" lon="-123.428543"></trkpt><trkpt lat="42.971964" lon="-123.428342"></trkpt><trkpt lat="42.971979" lon="-123.428106"></trkpt><trkpt lat="42.971968" lon="-123.427965"></trkpt><trkpt lat="42.972033" lon="-123.427767"></trkpt><trkpt lat="42.972101" lon="-123.427744"></trkpt><trkpt lat="42.972246" lon="-123.427691"></trkpt><trkpt lat="42.972398" lon="-123.427645"></trkpt><trkpt lat="42.972653" lon="-123.427611"></trkpt><trkpt lat="42.973000" lon="-123.427599"></trkpt><trkpt lat="42.973110" lon="-123.427592"></trkpt><trkpt lat="42.973342" lon="-123.427569"></trkpt><trkpt lat="42.973384" lon="-123.427668"></trkpt><trkpt lat="42.973384" lon="-123.427824"></trkpt><trkpt lat="42.973395" lon="-123.427957"></trkpt><trkpt lat="42.973415" lon="-123.428113"></trkpt><trkpt lat="42.973437" lon="-123.428300"></trkpt><trkpt lat="42.973544" lon="-123.428482"></trkpt><trkpt lat="42.973632" lon="-123.428639"></trkpt><trkpt lat="42.973723" lon="-123.428772"></trkpt><trkpt lat="42.973791" lon="-123.428901"></trkpt><trkpt lat="42.973826" lon="-123.429095"></trkpt><trkpt lat="42.973833" lon="-123.429198"></trkpt><trkpt lat="42.973845" lon="-123.429305"></trkpt><trkpt lat="42.973852" lon="-123.429438"></trkpt><trkpt lat="42.973852" lon="-123.429575"></trkpt><trkpt lat="42.973864" lon="-123.429651"></trkpt><trkpt lat="42.973879" lon="-123.429804"></trkpt><trkpt lat="42.973909" lon="-123.429895"></trkpt><trkpt lat="42.973978" lon="-123.429979"></trkpt><trkpt lat="42.974039" lon="-123.429994"></trkpt><trkpt lat="42.974111" lon="-123.429982"></trkpt><trkpt lat="42.974168" lon="-123.429929"></trkpt><trkpt lat="42.974218" lon="-123.429864"></trkpt><trkpt lat="42.974271" lon="-123.429849"></trkpt><trkpt lat="42.974264" lon="-123.429910"></trkpt><trkpt lat="42.974233" lon="-123.429971"></trkpt><trkpt lat="42.974203" lon="-123.430036"></trkpt><trkpt lat="42.974138" lon="-123.430081"></trkpt><trkpt lat="42.974062" lon="-123.430123"></trkpt><trkpt lat="42.974088" lon="-123.430302"></trkpt><trkpt lat="42.974119" lon="-123.430401"></trkpt><trkpt lat="42.974153" lon="-123.430436"></trkpt><trkpt lat="42.974184" lon="-123.430474"></trkpt><trkpt lat="42.974302" lon="-123.430565"></trkpt><trkpt lat="42.974435" lon="-123.430706"></trkpt><trkpt lat="42.974553" lon="-123.430851"></trkpt><trkpt lat="42.974621" lon="-123.430930"></trkpt><trkpt lat="42.974663" lon="-123.431022"></trkpt><trkpt lat="42.974797" lon="-123.431068"></trkpt><trkpt lat="42.974903" lon="-123.431033"></trkpt><trkpt lat="42.974998" lon="-123.430984"></trkpt><trkpt lat="42.975033" lon="-123.430934"></trkpt><trkpt lat="42.975071" lon="-123.430862"></trkpt><trkpt lat="42.975093" lon="-123.430786"></trkpt><trkpt lat="42.975124" lon="-123.430637"></trkpt><trkpt lat="42.975189" lon="-123.430462"></trkpt><trkpt lat="42.975208" lon="-123.430340"></trkpt><trkpt lat="42.975223" lon="-123.430219"></trkpt><trkpt lat="42.975246" lon="-123.430112"></trkpt><trkpt lat="42.975246" lon="-123.429948"></trkpt><trkpt lat="42.975231" lon="-123.429868"></trkpt><trkpt lat="42.975253" lon="-123.429754"></trkpt><trkpt lat="42.975212" lon="-123.429590"></trkpt><trkpt lat="42.975154" lon="-123.429434"></trkpt><trkpt lat="42.975105" lon="-123.429373"></trkpt><trkpt lat="42.975040" lon="-123.429324"></trkpt><trkpt lat="42.974949" lon="-123.429286"></trkpt><trkpt lat="42.974880" lon="-123.429263"></trkpt><trkpt lat="42.974873" lon="-123.429236"></trkpt><trkpt lat="42.974888" lon="-123.429179"></trkpt><trkpt lat="42.974956" lon="-123.429145"></trkpt><trkpt lat="42.975033" lon="-123.429054"></trkpt><trkpt lat="42.975090" lon="-123.428974"></trkpt><trkpt lat="42.975185" lon="-123.428825"></trkpt><trkpt lat="42.975261" lon="-123.428738"></trkpt><trkpt lat="42.975310" lon="-123.428639"></trkpt><trkpt lat="42.975349" lon="-123.428585"></trkpt><trkpt lat="42.975390" lon="-123.428463"></trkpt><trkpt lat="42.975413" lon="-123.428304"></trkpt><trkpt lat="42.975425" lon="-123.428045"></trkpt><trkpt lat="42.975425" lon="-123.427885"></trkpt><trkpt lat="42.975409" lon="-123.427729"></trkpt><trkpt lat="42.975394" lon="-123.427573"></trkpt><trkpt lat="42.975387" lon="-123.427428"></trkpt><trkpt lat="42.975352" lon="-123.427158"></trkpt><trkpt lat="42.975314" lon="-123.426868"></trkpt><trkpt lat="42.975250" lon="-123.426606"></trkpt><trkpt lat="42.975192" lon="-123.426400"></trkpt><trkpt lat="42.975151" lon="-123.426282"></trkpt><trkpt lat="42.975036" lon="-123.426267"></trkpt><trkpt lat="42.974960" lon="-123.426202"></trkpt><trkpt lat="42.974956" lon="-123.426065"></trkpt></trkseg></trk><trk><name>Tailings - Undifferentiated</name><desc>USMIN Tailings - Undifferentiated | topo: Canyonville (1986) 1:24000 | src: USGS USMIN</desc><trkseg><trkpt lat="42.956092" lon="-123.362821"></trkpt><trkpt lat="42.956001" lon="-123.362889"></trkpt><trkpt lat="42.955921" lon="-123.362958"></trkpt><trkpt lat="42.955863" lon="-123.363061"></trkpt><trkpt lat="42.955823" lon="-123.363140"></trkpt><trkpt lat="42.955829" lon="-123.363272"></trkpt><trkpt lat="42.955863" lon="-123.363352"></trkpt><trkpt lat="42.955938" lon="-123.363397"></trkpt><trkpt lat="42.955995" lon="-123.363449"></trkpt><trkpt lat="42.956098" lon="-123.363512"></trkpt><trkpt lat="42.956166" lon="-123.363609"></trkpt><trkpt lat="42.956166" lon="-123.363780"></trkpt><trkpt lat="42.956166" lon="-123.363940"></trkpt><trkpt lat="42.956126" lon="-123.364037"></trkpt><trkpt lat="42.956109" lon="-123.364151"></trkpt><trkpt lat="42.956080" lon="-123.364271"></trkpt><trkpt lat="42.956052" lon="-123.364431"></trkpt><trkpt lat="42.956012" lon="-123.364557"></trkpt><trkpt lat="42.955961" lon="-123.364694"></trkpt><trkpt lat="42.955932" lon="-123.364751"></trkpt><trkpt lat="42.955869" lon="-123.364774"></trkpt><trkpt lat="42.955789" lon="-123.364814"></trkpt><trkpt lat="42.955721" lon="-123.364859"></trkpt><trkpt lat="42.955612" lon="-123.364865"></trkpt><trkpt lat="42.955538" lon="-123.364854"></trkpt><trkpt lat="42.955458" lon="-123.364871"></trkpt><trkpt lat="42.955407" lon="-123.364899"></trkpt><trkpt lat="42.955287" lon="-123.364939"></trkpt><trkpt lat="42.955195" lon="-123.365002"></trkpt><trkpt lat="42.954893" lon="-123.365071"></trkpt><trkpt lat="42.954767" lon="-123.365094"></trkpt><trkpt lat="42.954619" lon="-123.365133"></trkpt><trkpt lat="42.954453" lon="-123.365133"></trkpt><trkpt lat="42.954390" lon="-123.365128"></trkpt><trkpt lat="42.954179" lon="-123.365133"></trkpt><trkpt lat="42.954105" lon="-123.365116"></trkpt><trkpt lat="42.954007" lon="-123.365116"></trkpt><trkpt lat="42.953945" lon="-123.365191"></trkpt><trkpt lat="42.953933" lon="-123.365373"></trkpt><trkpt lat="42.953985" lon="-123.365550"></trkpt><trkpt lat="42.954053" lon="-123.365762"></trkpt><trkpt lat="42.954053" lon="-123.365939"></trkpt><trkpt lat="42.954065" lon="-123.366041"></trkpt><trkpt lat="42.954156" lon="-123.366167"></trkpt><trkpt lat="42.954761" lon="-123.366944"></trkpt><trkpt lat="42.954984" lon="-123.367241"></trkpt><trkpt lat="42.955224" lon="-123.367549"></trkpt><trkpt lat="42.955389" lon="-123.367698"></trkpt><trkpt lat="42.955549" lon="-123.367892"></trkpt><trkpt lat="42.955646" lon="-123.368075"></trkpt><trkpt lat="42.955715" lon="-123.368166"></trkpt><trkpt lat="42.955829" lon="-123.368212"></trkpt><trkpt lat="42.956931" lon="-123.367075"></trkpt><trkpt lat="42.957582" lon="-123.366390"></trkpt><trkpt lat="42.957982" lon="-123.366019"></trkpt><trkpt lat="42.958171" lon="-123.365819"></trkpt><trkpt lat="42.958502" lon="-123.365436"></trkpt><trkpt lat="42.958513" lon="-123.365402"></trkpt><trkpt lat="42.958536" lon="-123.365368"></trkpt><trkpt lat="42.958548" lon="-123.365333"></trkpt><trkpt lat="42.958593" lon="-123.365231"></trkpt><trkpt lat="42.958605" lon="-123.365162"></trkpt><trkpt lat="42.958616" lon="-123.365071"></trkpt><trkpt lat="42.958616" lon="-123.364979"></trkpt><trkpt lat="42.958616" lon="-123.364848"></trkpt><trkpt lat="42.958587" lon="-123.364791"></trkpt><trkpt lat="42.958513" lon="-123.364660"></trkpt><trkpt lat="42.958450" lon="-123.364562"></trkpt><trkpt lat="42.958382" lon="-123.364482"></trkpt><trkpt lat="42.958302" lon="-123.364357"></trkpt><trkpt lat="42.958228" lon="-123.364237"></trkpt><trkpt lat="42.958165" lon="-123.364117"></trkpt><trkpt lat="42.958136" lon="-123.364014"></trkpt><trkpt lat="42.958022" lon="-123.363837"></trkpt><trkpt lat="42.957994" lon="-123.363780"></trkpt><trkpt lat="42.957942" lon="-123.363694"></trkpt><trkpt lat="42.957851" lon="-123.363529"></trkpt><trkpt lat="42.957805" lon="-123.363443"></trkpt><trkpt lat="42.957754" lon="-123.363346"></trkpt><trkpt lat="42.957691" lon="-123.363198"></trkpt><trkpt lat="42.957651" lon="-123.363135"></trkpt><trkpt lat="42.957548" lon="-123.362952"></trkpt><trkpt lat="42.957480" lon="-123.362844"></trkpt><trkpt lat="42.957422" lon="-123.362735"></trkpt><trkpt lat="42.957388" lon="-123.362632"></trkpt><trkpt lat="42.957320" lon="-123.362495"></trkpt><trkpt lat="42.957251" lon="-123.362392"></trkpt><trkpt lat="42.957148" lon="-123.362232"></trkpt><trkpt lat="42.957057" lon="-123.362061"></trkpt><trkpt lat="42.956977" lon="-123.361987"></trkpt><trkpt lat="42.956897" lon="-123.361970"></trkpt><trkpt lat="42.956811" lon="-123.362067"></trkpt><trkpt lat="42.956726" lon="-123.362118"></trkpt><trkpt lat="42.956617" lon="-123.362255"></trkpt><trkpt lat="42.956566" lon="-123.362335"></trkpt><trkpt lat="42.956469" lon="-123.362467"></trkpt><trkpt lat="42.956372" lon="-123.362575"></trkpt><trkpt lat="42.956280" lon="-123.362661"></trkpt><trkpt lat="42.956195" lon="-123.362741"></trkpt><trkpt lat="42.956092" lon="-123.362821"></trkpt></trkseg></trk><trk><name>Tailings - Placer</name><desc>USMIN Tailings - Placer | topo: Glendale (1954) 1:62500 | src: USGS USMIN</desc><trkseg><trkpt lat="42.683731" lon="-123.346278"></trkpt><trkpt lat="42.683784" lon="-123.345943"></trkpt><trkpt lat="42.683693" lon="-123.345829"></trkpt><trkpt lat="42.683327" lon="-123.345639"></trkpt><trkpt lat="42.683221" lon="-123.345349"></trkpt><trkpt lat="42.683160" lon="-123.345075"></trkpt><trkpt lat="42.683145" lon="-123.344702"></trkpt><trkpt lat="42.683221" lon="-123.344184"></trkpt><trkpt lat="42.683358" lon="-123.343750"></trkpt><trkpt lat="42.683442" lon="-123.343293"></trkpt><trkpt lat="42.683404" lon="-123.343012"></trkpt><trkpt lat="42.683244" lon="-123.342639"></trkpt><trkpt lat="42.683137" lon="-123.342410"></trkpt><trkpt lat="42.683137" lon="-123.342045"></trkpt><trkpt lat="42.683198" lon="-123.341694"></trkpt><trkpt lat="42.683297" lon="-123.341306"></trkpt><trkpt lat="42.683320" lon="-123.341001"></trkpt><trkpt lat="42.683396" lon="-123.340423"></trkpt><trkpt lat="42.683358" lon="-123.340050"></trkpt><trkpt lat="42.683206" lon="-123.339905"></trkpt><trkpt lat="42.683145" lon="-123.339524"></trkpt><trkpt lat="42.683053" lon="-123.339113"></trkpt><trkpt lat="42.683031" lon="-123.338793"></trkpt><trkpt lat="42.682977" lon="-123.338413"></trkpt><trkpt lat="42.682871" lon="-123.337811"></trkpt><trkpt lat="42.682840" lon="-123.337682"></trkpt><trkpt lat="42.682406" lon="-123.337133"></trkpt><trkpt lat="42.682345" lon="-123.336517"></trkpt><trkpt lat="42.682269" lon="-123.335877"></trkpt><trkpt lat="42.682132" lon="-123.335451"></trkpt><trkpt lat="42.682109" lon="-123.334872"></trkpt><trkpt lat="42.681957" lon="-123.334369"></trkpt><trkpt lat="42.681919" lon="-123.333897"></trkpt><trkpt lat="42.681805" lon="-123.333402"></trkpt><trkpt lat="42.681919" lon="-123.333136"></trkpt><trkpt lat="42.681789" lon="-123.332671"></trkpt><trkpt lat="42.681690" lon="-123.332405"></trkpt><trkpt lat="42.681591" lon="-123.332017"></trkpt><trkpt lat="42.681538" lon="-123.331613"></trkpt><trkpt lat="42.681500" lon="-123.331331"></trkpt><trkpt lat="42.681500" lon="-123.330989"></trkpt><trkpt lat="42.681538" lon="-123.330646"></trkpt><trkpt lat="42.681447" lon="-123.330220"></trkpt><trkpt lat="42.681333" lon="-123.330113"></trkpt><trkpt lat="42.680929" lon="-123.329709"></trkpt><trkpt lat="42.680640" lon="-123.329664"></trkpt><trkpt lat="42.680571" lon="-123.329352"></trkpt><trkpt lat="42.680548" lon="-123.328940"></trkpt><trkpt lat="42.680503" lon="-123.328567"></trkpt><trkpt lat="42.680396" lon="-123.328179"></trkpt><trkpt lat="42.680312" lon="-123.328110"></trkpt><trkpt lat="42.680000" lon="-123.327899"></trkpt><trkpt lat="42.680000" lon="-123.332358"></trkpt><trkpt lat="42.680008" lon="-123.332397"></trkpt><trkpt lat="42.680206" lon="-123.332831"></trkpt><trkpt lat="42.680320" lon="-123.333760"></trkpt><trkpt lat="42.680579" lon="-123.334217"></trkpt><trkpt lat="42.680830" lon="-123.334750"></trkpt><trkpt lat="42.681081" lon="-123.335314"></trkpt><trkpt lat="42.681264" lon="-123.335641"></trkpt><trkpt lat="42.681409" lon="-123.335953"></trkpt><trkpt lat="42.681409" lon="-123.336440"></trkpt><trkpt lat="42.681607" lon="-123.336768"></trkpt><trkpt lat="42.681675" lon="-123.336852"></trkpt><trkpt lat="42.681751" lon="-123.337270"></trkpt><trkpt lat="42.681926" lon="-123.337773"></trkpt><trkpt lat="42.682140" lon="-123.338138"></trkpt><trkpt lat="42.682170" lon="-123.338572"></trkpt><trkpt lat="42.682193" lon="-123.339128"></trkpt><trkpt lat="42.682170" lon="-123.339448"></trkpt><trkpt lat="42.682132" lon="-123.339981"></trkpt><trkpt lat="42.682140" lon="-123.340484"></trkpt><trkpt lat="42.682140" lon="-123.340963"></trkpt><trkpt lat="42.682147" lon="-123.341359"></trkpt><trkpt lat="42.682079" lon="-123.341831"></trkpt><trkpt lat="42.682033" lon="-123.342273"></trkpt><trkpt lat="42.682041" lon="-123.342760"></trkpt><trkpt lat="42.682064" lon="-123.343118"></trkpt><trkpt lat="42.682041" lon="-123.343552"></trkpt><trkpt lat="42.681827" lon="-123.343750"></trkpt><trkpt lat="42.681774" lon="-123.344169"></trkpt><trkpt lat="42.681805" lon="-123.344534"></trkpt><trkpt lat="42.681584" lon="-123.344778"></trkpt><trkpt lat="42.681546" lon="-123.345174"></trkpt><trkpt lat="42.681492" lon="-123.345387"></trkpt><trkpt lat="42.681492" lon="-123.345730"></trkpt><trkpt lat="42.681485" lon="-123.346095"></trkpt><trkpt lat="42.681500" lon="-123.346430"></trkpt><trkpt lat="42.681713" lon="-123.346529"></trkpt><trkpt lat="42.681675" lon="-123.347009"></trkpt><trkpt lat="42.681645" lon="-123.347306"></trkpt><trkpt lat="42.681645" lon="-123.347862"></trkpt><trkpt lat="42.681355" lon="-123.348349"></trkpt><trkpt lat="42.681363" lon="-123.348669"></trkpt><trkpt lat="42.681454" lon="-123.349210"></trkpt><trkpt lat="42.681409" lon="-123.349514"></trkpt><trkpt lat="42.681850" lon="-123.349941"></trkpt><trkpt lat="42.682102" lon="-123.349986"></trkpt><trkpt lat="42.682132" lon="-123.349720"></trkpt><trkpt lat="42.682185" lon="-123.349187"></trkpt><trkpt lat="42.682322" lon="-123.348951"></trkpt><trkpt lat="42.682399" lon="-123.348661"></trkpt><trkpt lat="42.682558" lon="-123.348311"></trkpt><trkpt lat="42.682840" lon="-123.348205"></trkpt><trkpt lat="42.683145" lon="-123.347885"></trkpt><trkpt lat="42.683426" lon="-123.347725"></trkpt><trkpt lat="42.683670" lon="-123.347557"></trkpt><trkpt lat="42.683830" lon="-123.347390"></trkpt><trkpt lat="42.683899" lon="-123.347009"></trkpt><trkpt lat="42.683891" lon="-123.346628"></trkpt><trkpt lat="42.683731" lon="-123.346278"></trkpt></trkseg></trk><trk><name>Tailings - Placer</name><desc>USMIN Tailings - Placer | topo: Glendale (1954) 1:62500 | src: USGS USMIN</desc><trkseg><trkpt lat="42.712020" lon="-123.308264"></trkpt><trkpt lat="42.711810" lon="-123.308149"></trkpt><trkpt lat="42.711595" lon="-123.308049"></trkpt><trkpt lat="42.711443" lon="-123.307997"></trkpt><trkpt lat="42.711386" lon="-123.307687"></trkpt><trkpt lat="42.711559" lon="-123.307163"></trkpt><trkpt lat="42.711622" lon="-123.306896"></trkpt><trkpt lat="42.711627" lon="-123.306482"></trkpt><trkpt lat="42.711648" lon="-123.306136"></trkpt><trkpt lat="42.711176" lon="-123.306125"></trkpt><trkpt lat="42.711103" lon="-123.306178"></trkpt><trkpt lat="42.711077" lon="-123.306545"></trkpt><trkpt lat="42.710982" lon="-123.306917"></trkpt><trkpt lat="42.710972" lon="-123.307399"></trkpt><trkpt lat="42.711087" lon="-123.307714"></trkpt><trkpt lat="42.711134" lon="-123.307991"></trkpt><trkpt lat="42.711464" lon="-123.308248"></trkpt><trkpt lat="42.711475" lon="-123.308568"></trkpt><trkpt lat="42.711475" lon="-123.308893"></trkpt><trkpt lat="42.711842" lon="-123.309176"></trkpt><trkpt lat="42.712135" lon="-123.309496"></trkpt><trkpt lat="42.711926" lon="-123.309821"></trkpt><trkpt lat="42.711842" lon="-123.310135"></trkpt><trkpt lat="42.711721" lon="-123.310486"></trkpt><trkpt lat="42.711323" lon="-123.310555"></trkpt><trkpt lat="42.711145" lon="-123.310591"></trkpt><trkpt lat="42.710930" lon="-123.310570"></trkpt><trkpt lat="42.710893" lon="-123.310675"></trkpt><trkpt lat="42.710946" lon="-123.310984"></trkpt><trkpt lat="42.711024" lon="-123.311404"></trkpt><trkpt lat="42.711145" lon="-123.311592"></trkpt><trkpt lat="42.711160" lon="-123.311954"></trkpt><trkpt lat="42.711270" lon="-123.312316"></trkpt><trkpt lat="42.711423" lon="-123.312704"></trkpt><trkpt lat="42.711837" lon="-123.312615"></trkpt><trkpt lat="42.712109" lon="-123.312945"></trkpt><trkpt lat="42.712345" lon="-123.313071"></trkpt><trkpt lat="42.712576" lon="-123.313018"></trkpt><trkpt lat="42.712628" lon="-123.312788"></trkpt><trkpt lat="42.712502" lon="-123.312342"></trkpt><trkpt lat="42.712177" lon="-123.312007"></trkpt><trkpt lat="42.711873" lon="-123.311813"></trkpt><trkpt lat="42.711847" lon="-123.311530"></trkpt><trkpt lat="42.712010" lon="-123.311011"></trkpt><trkpt lat="42.712162" lon="-123.311378"></trkpt><trkpt lat="42.712350" lon="-123.311582"></trkpt><trkpt lat="42.712502" lon="-123.311404"></trkpt><trkpt lat="42.712549" lon="-123.311110"></trkpt><trkpt lat="42.712549" lon="-123.310570"></trkpt><trkpt lat="42.712549" lon="-123.310088"></trkpt><trkpt lat="42.712576" lon="-123.309679"></trkpt><trkpt lat="42.712623" lon="-123.309307"></trkpt><trkpt lat="42.712712" lon="-123.309024"></trkpt><trkpt lat="42.712502" lon="-123.308888"></trkpt><trkpt lat="42.712345" lon="-123.308594"></trkpt><trkpt lat="42.712329" lon="-123.308290"></trkpt><trkpt lat="42.712020" lon="-123.308264"></trkpt></trkseg></trk><trk><name>Tailings - Placer</name><desc>USMIN Tailings - Placer | topo: Glendale (1954) 1:62500 | src: USGS USMIN</desc><trkseg><trkpt lat="42.686860" lon="-123.382051"></trkpt><trkpt lat="42.686698" lon="-123.382319"></trkpt><trkpt lat="42.686623" lon="-123.382556"></trkpt><trkpt lat="42.686401" lon="-123.382793"></trkpt><trkpt lat="42.686224" lon="-123.382920"></trkpt><trkpt lat="42.686046" lon="-123.382675"></trkpt><trkpt lat="42.685844" lon="-123.382568"></trkpt><trkpt lat="42.685604" lon="-123.382647"></trkpt><trkpt lat="42.685331" lon="-123.382920"></trkpt><trkpt lat="42.685240" lon="-123.383169"></trkpt><trkpt lat="42.685094" lon="-123.383552"></trkpt><trkpt lat="42.685074" lon="-123.383982"></trkpt><trkpt lat="42.685090" lon="-123.384338"></trkpt><trkpt lat="42.685094" lon="-123.384709"></trkpt><trkpt lat="42.685054" lon="-123.385136"></trkpt><trkpt lat="42.685137" lon="-123.385460"></trkpt><trkpt lat="42.685402" lon="-123.385610"></trkpt><trkpt lat="42.685414" lon="-123.385847"></trkpt><trkpt lat="42.685453" lon="-123.386202"></trkpt><trkpt lat="42.685659" lon="-123.386183"></trkpt><trkpt lat="42.685935" lon="-123.386163"></trkpt><trkpt lat="42.686006" lon="-123.386123"></trkpt><trkpt lat="42.686093" lon="-123.385803"></trkpt><trkpt lat="42.686121" lon="-123.385499"></trkpt><trkpt lat="42.686370" lon="-123.385191"></trkpt><trkpt lat="42.686504" lon="-123.384899"></trkpt><trkpt lat="42.686698" lon="-123.384559"></trkpt><trkpt lat="42.686820" lon="-123.384334"></trkpt><trkpt lat="42.686982" lon="-123.383931"></trkpt><trkpt lat="42.686931" lon="-123.383532"></trkpt><trkpt lat="42.687140" lon="-123.383275"></trkpt><trkpt lat="42.687278" lon="-123.382861"></trkpt><trkpt lat="42.687393" lon="-123.382422"></trkpt><trkpt lat="42.687006" lon="-123.382075"></trkpt><trkpt lat="42.686860" lon="-123.382051"></trkpt></trkseg></trk><trk><name>Tailings - Undifferentiated</name><desc>USMIN Tailings - Undifferentiated | topo: Glendale (1954) 1:62500 | src: USGS USMIN</desc><trkseg><trkpt lat="42.716130" lon="-123.288089"></trkpt><trkpt lat="42.716534" lon="-123.288421"></trkpt><trkpt lat="42.716750" lon="-123.288527"></trkpt><trkpt lat="42.716840" lon="-123.288174"></trkpt><trkpt lat="42.716967" lon="-123.287813"></trkpt><trkpt lat="42.717129" lon="-123.287570"></trkpt><trkpt lat="42.717244" lon="-123.287349"></trkpt><trkpt lat="42.717278" lon="-123.286835"></trkpt><trkpt lat="42.717393" lon="-123.286325"></trkpt><trkpt lat="42.717584" lon="-123.285755"></trkpt><trkpt lat="42.717690" lon="-123.285466"></trkpt><trkpt lat="42.717852" lon="-123.285151"></trkpt><trkpt lat="42.718013" lon="-123.284811"></trkpt><trkpt lat="42.718196" lon="-123.284453"></trkpt><trkpt lat="42.718311" lon="-123.284126"></trkpt><trkpt lat="42.718519" lon="-123.283705"></trkpt><trkpt lat="42.718605" lon="-123.283348"></trkpt><trkpt lat="42.718711" lon="-123.282935"></trkpt><trkpt lat="42.718804" lon="-123.282595"></trkpt><trkpt lat="42.718809" lon="-123.282587"></trkpt><trkpt lat="42.718902" lon="-123.282348"></trkpt><trkpt lat="42.718953" lon="-123.282119"></trkpt><trkpt lat="42.718536" lon="-123.281447"></trkpt><trkpt lat="42.718502" lon="-123.281413"></trkpt><trkpt lat="42.718375" lon="-123.281728"></trkpt><trkpt lat="42.718264" lon="-123.282068"></trkpt><trkpt lat="42.718132" lon="-123.282132"></trkpt><trkpt lat="42.718107" lon="-123.282293"></trkpt><trkpt lat="42.718052" lon="-123.282565"></trkpt><trkpt lat="42.718047" lon="-123.282769"></trkpt><trkpt lat="42.717979" lon="-123.282910"></trkpt><trkpt lat="42.717933" lon="-123.283063"></trkpt><trkpt lat="42.717899" lon="-123.283297"></trkpt><trkpt lat="42.717869" lon="-123.283446"></trkpt><trkpt lat="42.717822" lon="-123.283535"></trkpt><trkpt lat="42.717643" lon="-123.283816"></trkpt><trkpt lat="42.717503" lon="-123.283973"></trkpt><trkpt lat="42.717350" lon="-123.284113"></trkpt><trkpt lat="42.717252" lon="-123.284368"></trkpt><trkpt lat="42.717116" lon="-123.284785"></trkpt><trkpt lat="42.716984" lon="-123.285032"></trkpt><trkpt lat="42.716878" lon="-123.285295"></trkpt><trkpt lat="42.716665" lon="-123.285521"></trkpt><trkpt lat="42.716665" lon="-123.285848"></trkpt><trkpt lat="42.716555" lon="-123.286061"></trkpt><trkpt lat="42.716440" lon="-123.286210"></trkpt><trkpt lat="42.716389" lon="-123.286435"></trkpt><trkpt lat="42.716389" lon="-123.286775"></trkpt><trkpt lat="42.716355" lon="-123.287090"></trkpt><trkpt lat="42.716304" lon="-123.287307"></trkpt><trkpt lat="42.716261" lon="-123.287545"></trkpt><trkpt lat="42.716189" lon="-123.287813"></trkpt><trkpt lat="42.716130" lon="-123.288089"></trkpt></trkseg></trk><trk><name>Tailings - Undifferentiated</name><desc>USMIN Tailings - Undifferentiated | topo: King Mountain (1983) 1:24000 | src: USGS USMIN</desc><trkseg><trkpt lat="42.712278" lon="-123.201024"></trkpt><trkpt lat="42.712341" lon="-123.201144"></trkpt><trkpt lat="42.712392" lon="-123.201190"></trkpt><trkpt lat="42.712529" lon="-123.201241"></trkpt><trkpt lat="42.712649" lon="-123.201241"></trkpt><trkpt lat="42.712729" lon="-123.201224"></trkpt><trkpt lat="42.712781" lon="-123.201173"></trkpt><trkpt lat="42.712769" lon="-123.201081"></trkpt><trkpt lat="42.712729" lon="-123.200927"></trkpt><trkpt lat="42.712684" lon="-123.200887"></trkpt><trkpt lat="42.712529" lon="-123.200853"></trkpt><trkpt lat="42.712449" lon="-123.200836"></trkpt><trkpt lat="42.712387" lon="-123.200859"></trkpt><trkpt lat="42.712324" lon="-123.200961"></trkpt><trkpt lat="42.712312" lon="-123.200984"></trkpt><trkpt lat="42.712278" lon="-123.201024"></trkpt></trkseg></trk><trk><name>Disturbed Surface</name><desc>USMIN Disturbed Surface | topo: Canyonville (1986) 1:24000 | src: USGS USMIN</desc><trkseg><trkpt lat="42.968473" lon="-123.350065"></trkpt><trkpt lat="42.968481" lon="-123.349840"></trkpt><trkpt lat="42.968454" lon="-123.349623"></trkpt><trkpt lat="42.968454" lon="-123.349543"></trkpt><trkpt lat="42.968416" lon="-123.349452"></trkpt><trkpt lat="42.968355" lon="-123.349326"></trkpt><trkpt lat="42.968309" lon="-123.349220"></trkpt><trkpt lat="42.968260" lon="-123.349170"></trkpt><trkpt lat="42.968199" lon="-123.349136"></trkpt><trkpt lat="42.968123" lon="-123.349117"></trkpt><trkpt lat="42.968043" lon="-123.349071"></trkpt><trkpt lat="42.967982" lon="-123.349029"></trkpt><trkpt lat="42.967895" lon="-123.348957"></trkpt><trkpt lat="42.967811" lon="-123.348919"></trkpt><trkpt lat="42.967719" lon="-123.348877"></trkpt><trkpt lat="42.967624" lon="-123.348870"></trkpt><trkpt lat="42.967556" lon="-123.348847"></trkpt><trkpt lat="42.967464" lon="-123.348850"></trkpt><trkpt lat="42.967373" lon="-123.348896"></trkpt><trkpt lat="42.967232" lon="-123.348965"></trkpt><trkpt lat="42.967183" lon="-123.348988"></trkpt><trkpt lat="42.967122" lon="-123.349033"></trkpt><trkpt lat="42.967038" lon="-123.349136"></trkpt><trkpt lat="42.966966" lon="-123.349220"></trkpt><trkpt lat="42.966901" lon="-123.349296"></trkpt><trkpt lat="42.966878" lon="-123.349387"></trkpt><trkpt lat="42.966848" lon="-123.349612"></trkpt><trkpt lat="42.966840" lon="-123.349852"></trkpt><trkpt lat="42.966867" lon="-123.350023"></trkpt><trkpt lat="42.966821" lon="-123.350130"></trkpt><trkpt lat="42.966790" lon="-123.350255"></trkpt><trkpt lat="42.966745" lon="-123.350385"></trkpt><trkpt lat="42.966787" lon="-123.350503"></trkpt><trkpt lat="42.966836" lon="-123.350606"></trkpt><trkpt lat="42.966859" lon="-123.350682"></trkpt><trkpt lat="42.966901" lon="-123.350743"></trkpt><trkpt lat="42.966954" lon="-123.350815"></trkpt><trkpt lat="42.967011" lon="-123.350899"></trkpt><trkpt lat="42.967057" lon="-123.350937"></trkpt><trkpt lat="42.967103" lon="-123.351013"></trkpt><trkpt lat="42.967122" lon="-123.351093"></trkpt><trkpt lat="42.967118" lon="-123.351230"></trkpt><trkpt lat="42.967160" lon="-123.351325"></trkpt><trkpt lat="42.967183" lon="-123.351428"></trkpt><trkpt lat="42.967266" lon="-123.351595"></trkpt><trkpt lat="42.967327" lon="-123.351653"></trkpt><trkpt lat="42.967388" lon="-123.351637"></trkpt><trkpt lat="42.967434" lon="-123.351641"></trkpt><trkpt lat="42.967457" lon="-123.351645"></trkpt><trkpt lat="42.967472" lon="-123.351626"></trkpt><trkpt lat="42.967537" lon="-123.351618"></trkpt><trkpt lat="42.967563" lon="-123.351645"></trkpt><trkpt lat="42.967582" lon="-123.351694"></trkpt><trkpt lat="42.967609" lon="-123.351771"></trkpt><trkpt lat="42.967636" lon="-123.351820"></trkpt><trkpt lat="42.967693" lon="-123.351881"></trkpt><trkpt lat="42.967708" lon="-123.351915"></trkpt><trkpt lat="42.967750" lon="-123.351949"></trkpt><trkpt lat="42.967841" lon="-123.352003"></trkpt><trkpt lat="42.967902" lon="-123.351991"></trkpt><trkpt lat="42.968013" lon="-123.351988"></trkpt><trkpt lat="42.968077" lon="-123.351976"></trkpt><trkpt lat="42.968131" lon="-123.351934"></trkpt><trkpt lat="42.968176" lon="-123.351854"></trkpt><trkpt lat="42.968214" lon="-123.351771"></trkpt><trkpt lat="42.968256" lon="-123.351668"></trkpt><trkpt lat="42.968279" lon="-123.351542"></trkpt><trkpt lat="42.968298" lon="-123.351432"></trkpt><trkpt lat="42.968298" lon="-123.351382"></trkpt><trkpt lat="42.968268" lon="-123.351268"></trkpt><trkpt lat="42.968245" lon="-123.351131"></trkpt><trkpt lat="42.968207" lon="-123.351081"></trkpt><trkpt lat="42.968153" lon="-123.351055"></trkpt><trkpt lat="42.968100" lon="-123.351055"></trkpt><trkpt lat="42.968016" lon="-123.351055"></trkpt><trkpt lat="42.967952" lon="-123.351051"></trkpt><trkpt lat="42.967895" lon="-123.351070"></trkpt><trkpt lat="42.967841" lon="-123.351036"></trkpt><trkpt lat="42.967784" lon="-123.350975"></trkpt><trkpt lat="42.967803" lon="-123.350937"></trkpt><trkpt lat="42.967906" lon="-123.350910"></trkpt><trkpt lat="42.967948" lon="-123.350895"></trkpt><trkpt lat="42.968016" lon="-123.350861"></trkpt><trkpt lat="42.968085" lon="-123.350804"></trkpt><trkpt lat="42.968195" lon="-123.350720"></trkpt><trkpt lat="42.968256" lon="-123.350655"></trkpt><trkpt lat="42.968332" lon="-123.350594"></trkpt><trkpt lat="42.968408" lon="-123.350469"></trkpt><trkpt lat="42.968435" lon="-123.350415"></trkpt><trkpt lat="42.968481" lon="-123.350301"></trkpt><trkpt lat="42.968496" lon="-123.350202"></trkpt><trkpt lat="42.968473" lon="-123.350065"></trkpt></trkseg></trk><trk><name>Gravel/Borrow Pit - Undifferentiated</name><desc>USMIN Gravel/Borrow Pit - Undifferentiated | topo: Canyonville (1986) 1:24000 | src: USGS USMIN</desc><trkseg><trkpt lat="42.940140" lon="-123.268092"></trkpt><trkpt lat="42.940163" lon="-123.268446"></trkpt><trkpt lat="42.940169" lon="-123.268629"></trkpt><trkpt lat="42.940226" lon="-123.269114"></trkpt><trkpt lat="42.940266" lon="-123.269280"></trkpt><trkpt lat="42.940289" lon="-123.269497"></trkpt><trkpt lat="42.940346" lon="-123.269662"></trkpt><trkpt lat="42.940386" lon="-123.269742"></trkpt><trkpt lat="42.940403" lon="-123.269868"></trkpt><trkpt lat="42.940460" lon="-123.269953"></trkpt><trkpt lat="42.940489" lon="-123.270056"></trkpt><trkpt lat="42.940512" lon="-123.270159"></trkpt><trkpt lat="42.940529" lon="-123.270330"></trkpt><trkpt lat="42.940540" lon="-123.270462"></trkpt><trkpt lat="42.940574" lon="-123.270582"></trkpt><trkpt lat="42.940603" lon="-123.270679"></trkpt><trkpt lat="42.940666" lon="-123.270810"></trkpt><trkpt lat="42.940740" lon="-123.270953"></trkpt><trkpt lat="42.940809" lon="-123.271096"></trkpt><trkpt lat="42.940871" lon="-123.271233"></trkpt><trkpt lat="42.940900" lon="-123.271307"></trkpt><trkpt lat="42.940991" lon="-123.271364"></trkpt><trkpt lat="42.941163" lon="-123.271370"></trkpt><trkpt lat="42.941328" lon="-123.271398"></trkpt><trkpt lat="42.941465" lon="-123.271398"></trkpt><trkpt lat="42.941585" lon="-123.271324"></trkpt><trkpt lat="42.941631" lon="-123.271233"></trkpt><trkpt lat="42.941637" lon="-123.271164"></trkpt><trkpt lat="42.941654" lon="-123.271061"></trkpt><trkpt lat="42.941671" lon="-123.270936"></trkpt><trkpt lat="42.941677" lon="-123.270856"></trkpt><trkpt lat="42.941705" lon="-123.270753"></trkpt><trkpt lat="42.941745" lon="-123.270547"></trkpt><trkpt lat="42.941756" lon="-123.270450"></trkpt><trkpt lat="42.941774" lon="-123.270365"></trkpt><trkpt lat="42.941842" lon="-123.270279"></trkpt><trkpt lat="42.941928" lon="-123.270165"></trkpt><trkpt lat="42.941945" lon="-123.270016"></trkpt><trkpt lat="42.941968" lon="-123.269913"></trkpt><trkpt lat="42.941991" lon="-123.269816"></trkpt><trkpt lat="42.941996" lon="-123.269679"></trkpt><trkpt lat="42.941996" lon="-123.269582"></trkpt><trkpt lat="42.942036" lon="-123.269457"></trkpt><trkpt lat="42.942082" lon="-123.269331"></trkpt><trkpt lat="42.942099" lon="-123.269205"></trkpt><trkpt lat="42.942133" lon="-123.269091"></trkpt><trkpt lat="42.942156" lon="-123.268983"></trkpt><trkpt lat="42.942133" lon="-123.268766"></trkpt><trkpt lat="42.942088" lon="-123.268606"></trkpt><trkpt lat="42.942036" lon="-123.268514"></trkpt><trkpt lat="42.941974" lon="-123.268480"></trkpt><trkpt lat="42.941888" lon="-123.268480"></trkpt><trkpt lat="42.941728" lon="-123.268451"></trkpt><trkpt lat="42.941659" lon="-123.268423"></trkpt><trkpt lat="42.941500" lon="-123.268411"></trkpt><trkpt lat="42.941380" lon="-123.268429"></trkpt><trkpt lat="42.941294" lon="-123.268429"></trkpt><trkpt lat="42.941197" lon="-123.268434"></trkpt><trkpt lat="42.941100" lon="-123.268434"></trkpt><trkpt lat="42.940997" lon="-123.268411"></trkpt><trkpt lat="42.940900" lon="-123.268377"></trkpt><trkpt lat="42.940837" lon="-123.268320"></trkpt><trkpt lat="42.940614" lon="-123.268132"></trkpt><trkpt lat="42.940523" lon="-123.267909"></trkpt><trkpt lat="42.940443" lon="-123.267806"></trkpt><trkpt lat="42.940357" lon="-123.267721"></trkpt><trkpt lat="42.940260" lon="-123.267692"></trkpt><trkpt lat="42.940180" lon="-123.267698"></trkpt><trkpt lat="42.940163" lon="-123.267875"></trkpt><trkpt lat="42.940140" lon="-123.268092"></trkpt></trkseg></trk><trk><name>Open Pit Mine</name><desc>USMIN Open Pit Mine | topo: Nickel Mtn. (1986) 1:24000 | src: USGS USMIN</desc><trkseg><trkpt lat="42.975020" lon="-123.433040"></trkpt><trkpt lat="42.975089" lon="-123.433011"></trkpt><trkpt lat="42.975117" lon="-123.432897"></trkpt><trkpt lat="42.975140" lon="-123.432788"></trkpt><trkpt lat="42.975083" lon="-123.432686"></trkpt><trkpt lat="42.975009" lon="-123.432623"></trkpt><trkpt lat="42.974974" lon="-123.432549"></trkpt><trkpt lat="42.974957" lon="-123.432463"></trkpt><trkpt lat="42.974923" lon="-123.432372"></trkpt><trkpt lat="42.974809" lon="-123.432183"></trkpt><trkpt lat="42.974609" lon="-123.431955"></trkpt><trkpt lat="42.974483" lon="-123.431766"></trkpt><trkpt lat="42.974398" lon="-123.431623"></trkpt><trkpt lat="42.974380" lon="-123.431578"></trkpt><trkpt lat="42.974049" lon="-123.431298"></trkpt><trkpt lat="42.973752" lon="-123.431052"></trkpt><trkpt lat="42.973638" lon="-123.431087"></trkpt><trkpt lat="42.973524" lon="-123.431218"></trkpt><trkpt lat="42.973478" lon="-123.431406"></trkpt><trkpt lat="42.973427" lon="-123.431578"></trkpt><trkpt lat="42.973341" lon="-123.431812"></trkpt><trkpt lat="42.973301" lon="-123.432006"></trkpt><trkpt lat="42.973278" lon="-123.432172"></trkpt><trkpt lat="42.973255" lon="-123.432349"></trkpt><trkpt lat="42.973244" lon="-123.432480"></trkpt><trkpt lat="42.973210" lon="-123.432634"></trkpt><trkpt lat="42.973153" lon="-123.432806"></trkpt><trkpt lat="42.973118" lon="-123.432954"></trkpt><trkpt lat="42.973084" lon="-123.433097"></trkpt><trkpt lat="42.973038" lon="-123.433251"></trkpt><trkpt lat="42.973061" lon="-123.433394"></trkpt><trkpt lat="42.973118" lon="-123.433457"></trkpt><trkpt lat="42.973124" lon="-123.433811"></trkpt><trkpt lat="42.973118" lon="-123.433971"></trkpt><trkpt lat="42.973135" lon="-123.434096"></trkpt><trkpt lat="42.973158" lon="-123.434188"></trkpt><trkpt lat="42.973210" lon="-123.434285"></trkpt><trkpt lat="42.973250" lon="-123.434353"></trkpt><trkpt lat="42.973290" lon="-123.434330"></trkpt><trkpt lat="42.973324" lon="-123.434285"></trkpt><trkpt lat="42.973347" lon="-123.434222"></trkpt><trkpt lat="42.973353" lon="-123.434125"></trkpt><trkpt lat="42.973353" lon="-123.434033"></trkpt><trkpt lat="42.973307" lon="-123.433948"></trkpt><trkpt lat="42.973324" lon="-123.433839"></trkpt><trkpt lat="42.973381" lon="-123.433811"></trkpt><trkpt lat="42.973472" lon="-123.433828"></trkpt><trkpt lat="42.973604" lon="-123.433816"></trkpt><trkpt lat="42.973732" lon="-123.433775"></trkpt><trkpt lat="42.973856" lon="-123.433756"></trkpt><trkpt lat="42.973999" lon="-123.433723"></trkpt><trkpt lat="42.974208" lon="-123.433690"></trkpt><trkpt lat="42.974346" lon="-123.433699"></trkpt><trkpt lat="42.974479" lon="-123.433756"></trkpt><trkpt lat="42.974560" lon="-123.433766"></trkpt><trkpt lat="42.974670" lon="-123.433775"></trkpt><trkpt lat="42.974755" lon="-123.433761"></trkpt><trkpt lat="42.974841" lon="-123.433713"></trkpt><trkpt lat="42.974874" lon="-123.433632"></trkpt><trkpt lat="42.975117" lon="-123.433662"></trkpt><trkpt lat="42.975180" lon="-123.433531"></trkpt><trkpt lat="42.975186" lon="-123.433405"></trkpt><trkpt lat="42.975163" lon="-123.433348"></trkpt><trkpt lat="42.975106" lon="-123.433240"></trkpt><trkpt lat="42.975026" lon="-123.433114"></trkpt><trkpt lat="42.975020" lon="-123.433040"></trkpt></trkseg></trk><trk><name>Tailings - Undifferentiated</name><desc>USMIN Tailings - Undifferentiated | topo: Nickel Mtn. (1986) 1:24000 | src: USGS USMIN</desc><trkseg><trkpt lat="42.956330" lon="-123.443826"></trkpt><trkpt lat="42.956216" lon="-123.443815"></trkpt><trkpt lat="42.956141" lon="-123.443820"></trkpt><trkpt lat="42.956021" lon="-123.443809"></trkpt><trkpt lat="42.955930" lon="-123.443792"></trkpt><trkpt lat="42.955833" lon="-123.443820"></trkpt><trkpt lat="42.955776" lon="-123.443843"></trkpt><trkpt lat="42.955742" lon="-123.443803"></trkpt><trkpt lat="42.955650" lon="-123.443666"></trkpt><trkpt lat="42.955616" lon="-123.443598"></trkpt><trkpt lat="42.955547" lon="-123.443558"></trkpt><trkpt lat="42.955468" lon="-123.443512"></trkpt><trkpt lat="42.955319" lon="-123.443444"></trkpt><trkpt lat="42.955216" lon="-123.443449"></trkpt><trkpt lat="42.955136" lon="-123.443426"></trkpt><trkpt lat="42.955073" lon="-123.443409"></trkpt><trkpt lat="42.954994" lon="-123.443392"></trkpt><trkpt lat="42.954954" lon="-123.443346"></trkpt><trkpt lat="42.954942" lon="-123.443278"></trkpt><trkpt lat="42.954965" lon="-123.443181"></trkpt><trkpt lat="42.955062" lon="-123.442947"></trkpt><trkpt lat="42.955119" lon="-123.442804"></trkpt><trkpt lat="42.955165" lon="-123.442695"></trkpt><trkpt lat="42.955211" lon="-123.442581"></trkpt><trkpt lat="42.955245" lon="-123.442478"></trkpt><trkpt lat="42.955285" lon="-123.442341"></trkpt><trkpt lat="42.955313" lon="-123.442204"></trkpt><trkpt lat="42.955365" lon="-123.442079"></trkpt><trkpt lat="42.955365" lon="-123.441947"></trkpt><trkpt lat="42.955325" lon="-123.441884"></trkpt><trkpt lat="42.955216" lon="-123.442004"></trkpt><trkpt lat="42.955171" lon="-123.442113"></trkpt><trkpt lat="42.955119" lon="-123.442124"></trkpt><trkpt lat="42.955005" lon="-123.442147"></trkpt><trkpt lat="42.954936" lon="-123.442159"></trkpt><trkpt lat="42.954839" lon="-123.442136"></trkpt><trkpt lat="42.954788" lon="-123.442176"></trkpt><trkpt lat="42.954759" lon="-123.442216"></trkpt><trkpt lat="42.954725" lon="-123.442284"></trkpt><trkpt lat="42.954691" lon="-123.442404"></trkpt><trkpt lat="42.954674" lon="-123.442518"></trkpt><trkpt lat="42.954622" lon="-123.442633"></trkpt><trkpt lat="42.954582" lon="-123.442724"></trkpt><trkpt lat="42.954554" lon="-123.442792"></trkpt><trkpt lat="42.954491" lon="-123.442895"></trkpt><trkpt lat="42.954462" lon="-123.442941"></trkpt><trkpt lat="42.954388" lon="-123.442981"></trkpt><trkpt lat="42.954308" lon="-123.443038"></trkpt><trkpt lat="42.954240" lon="-123.443107"></trkpt><trkpt lat="42.954160" lon="-123.443164"></trkpt><trkpt lat="42.954068" lon="-123.443249"></trkpt><trkpt lat="42.954017" lon="-123.443341"></trkpt><trkpt lat="42.953943" lon="-123.443455"></trkpt><trkpt lat="42.953874" lon="-123.443506"></trkpt><trkpt lat="42.953766" lon="-123.443426"></trkpt><trkpt lat="42.953657" lon="-123.443483"></trkpt><trkpt lat="42.953549" lon="-123.443586"></trkpt><trkpt lat="42.953492" lon="-123.443700"></trkpt><trkpt lat="42.953497" lon="-123.443826"></trkpt><trkpt lat="42.953514" lon="-123.443940"></trkpt><trkpt lat="42.953509" lon="-123.444089"></trkpt><trkpt lat="42.953457" lon="-123.444209"></trkpt><trkpt lat="42.953366" lon="-123.444380"></trkpt><trkpt lat="42.953303" lon="-123.444483"></trkpt><trkpt lat="42.953240" lon="-123.444603"></trkpt><trkpt lat="42.953183" lon="-123.444683"></trkpt><trkpt lat="42.953086" lon="-123.444803"></trkpt><trkpt lat="42.953012" lon="-123.444917"></trkpt><trkpt lat="42.952938" lon="-123.445014"></trkpt><trkpt lat="42.952892" lon="-123.445100"></trkpt><trkpt lat="42.952858" lon="-123.445168"></trkpt><trkpt lat="42.952829" lon="-123.445271"></trkpt><trkpt lat="42.952852" lon="-123.445357"></trkpt><trkpt lat="42.952886" lon="-123.445448"></trkpt><trkpt lat="42.952961" lon="-123.445522"></trkpt><trkpt lat="42.953069" lon="-123.445556"></trkpt><trkpt lat="42.953189" lon="-123.445602"></trkpt><trkpt lat="42.953269" lon="-123.445596"></trkpt><trkpt lat="42.953320" lon="-123.445631"></trkpt><trkpt lat="42.953366" lon="-123.445739"></trkpt><trkpt lat="42.953366" lon="-123.445859"></trkpt><trkpt lat="42.953372" lon="-123.445968"></trkpt><trkpt lat="42.953395" lon="-123.446053"></trkpt><trkpt lat="42.953435" lon="-123.446219"></trkpt><trkpt lat="42.953474" lon="-123.446327"></trkpt><trkpt lat="42.953480" lon="-123.446453"></trkpt><trkpt lat="42.953474" lon="-123.446613"></trkpt><trkpt lat="42.953446" lon="-123.446739"></trkpt><trkpt lat="42.953435" lon="-123.446847"></trkpt><trkpt lat="42.953429" lon="-123.446967"></trkpt><trkpt lat="42.953435" lon="-123.447036"></trkpt><trkpt lat="42.953509" lon="-123.447070"></trkpt><trkpt lat="42.953612" lon="-123.447138"></trkpt><trkpt lat="42.953720" lon="-123.447173"></trkpt><trkpt lat="42.953783" lon="-123.447190"></trkpt><trkpt lat="42.953897" lon="-123.447241"></trkpt><trkpt lat="42.953971" lon="-123.447235"></trkpt><trkpt lat="42.954068" lon="-123.447270"></trkpt><trkpt lat="42.954108" lon="-123.447333"></trkpt><trkpt lat="42.954165" lon="-123.447458"></trkpt><trkpt lat="42.954211" lon="-123.447612"></trkpt><trkpt lat="42.954234" lon="-123.447732"></trkpt><trkpt lat="42.954240" lon="-123.447852"></trkpt><trkpt lat="42.954285" lon="-123.448012"></trkpt><trkpt lat="42.954280" lon="-123.448092"></trkpt><trkpt lat="42.954268" lon="-123.448280"></trkpt><trkpt lat="42.954274" lon="-123.448497"></trkpt><trkpt lat="42.954263" lon="-123.448595"></trkpt><trkpt lat="42.954274" lon="-123.448743"></trkpt><trkpt lat="42.954360" lon="-123.448869"></trkpt><trkpt lat="42.954405" lon="-123.448989"></trkpt><trkpt lat="42.954428" lon="-123.449069"></trkpt><trkpt lat="42.954485" lon="-123.449308"></trkpt><trkpt lat="42.954525" lon="-123.449343"></trkpt><trkpt lat="42.954622" lon="-123.449371"></trkpt><trkpt lat="42.954702" lon="-123.449417"></trkpt><trkpt lat="42.954828" lon="-123.449423"></trkpt><trkpt lat="42.954914" lon="-123.449423"></trkpt><trkpt lat="42.955016" lon="-123.449377"></trkpt><trkpt lat="42.955096" lon="-123.449314"></trkpt><trkpt lat="42.955188" lon="-123.449257"></trkpt><trkpt lat="42.955239" lon="-123.449194"></trkpt><trkpt lat="42.955439" lon="-123.449069"></trkpt><trkpt lat="42.955587" lon="-123.449011"></trkpt><trkpt lat="42.955736" lon="-123.448943"></trkpt><trkpt lat="42.955844" lon="-123.448897"></trkpt><trkpt lat="42.955902" lon="-123.448874"></trkpt><trkpt lat="42.956004" lon="-123.448909"></trkpt><trkpt lat="42.956070" lon="-123.448931"></trkpt><trkpt lat="42.956187" lon="-123.448960"></trkpt><trkpt lat="42.956291" lon="-123.448989"></trkpt><trkpt lat="42.956407" lon="-123.448943"></trkpt><trkpt lat="42.956483" lon="-123.448803"></trkpt><trkpt lat="42.956564" lon="-123.448483"></trkpt><trkpt lat="42.956588" lon="-123.448309"></trkpt><trkpt lat="42.956570" lon="-123.448018"></trkpt><trkpt lat="42.956564" lon="-123.447797"></trkpt><trkpt lat="42.956530" lon="-123.447530"></trkpt><trkpt lat="42.956495" lon="-123.447361"></trkpt><trkpt lat="42.956483" lon="-123.447204"></trkpt><trkpt lat="42.956448" lon="-123.447123"></trkpt><trkpt lat="42.956442" lon="-123.447018"></trkpt><trkpt lat="42.956442" lon="-123.446792"></trkpt><trkpt lat="42.956431" lon="-123.446658"></trkpt><trkpt lat="42.956419" lon="-123.446484"></trkpt><trkpt lat="42.956413" lon="-123.446362"></trkpt><trkpt lat="42.956419" lon="-123.446251"></trkpt><trkpt lat="42.956427" lon="-123.446139"></trkpt><trkpt lat="42.956455" lon="-123.446082"></trkpt><trkpt lat="42.956473" lon="-123.446030"></trkpt><trkpt lat="42.956524" lon="-123.445911"></trkpt><trkpt lat="42.956570" lon="-123.445802"></trkpt><trkpt lat="42.956610" lon="-123.445739"></trkpt><trkpt lat="42.956684" lon="-123.445654"></trkpt><trkpt lat="42.956747" lon="-123.445579"></trkpt><trkpt lat="42.956798" lon="-123.445511"></trkpt><trkpt lat="42.956838" lon="-123.445431"></trkpt><trkpt lat="42.956889" lon="-123.445339"></trkpt><trkpt lat="42.956952" lon="-123.445231"></trkpt><trkpt lat="42.956969" lon="-123.445111"></trkpt><trkpt lat="42.956992" lon="-123.444968"></trkpt><trkpt lat="42.957015" lon="-123.444774"></trkpt><trkpt lat="42.957038" lon="-123.444648"></trkpt><trkpt lat="42.956998" lon="-123.444454"></trkpt><trkpt lat="42.956969" lon="-123.444306"></trkpt><trkpt lat="42.956889" lon="-123.444169"></trkpt><trkpt lat="42.956804" lon="-123.444077"></trkpt><trkpt lat="42.956730" lon="-123.443963"></trkpt><trkpt lat="42.956570" lon="-123.443883"></trkpt><trkpt lat="42.956450" lon="-123.443843"></trkpt><trkpt lat="42.956330" lon="-123.443826"></trkpt></trkseg></trk><trk><name>Tailings - Undifferentiated</name><desc>USMIN Tailings - Undifferentiated | topo: Nickel Mtn. (1986) 1:24000 | src: USGS USMIN</desc><trkseg><trkpt lat="42.939666" lon="-123.431986"></trkpt><trkpt lat="42.939556" lon="-123.431929"></trkpt><trkpt lat="42.939404" lon="-123.431886"></trkpt><trkpt lat="42.939261" lon="-123.431829"></trkpt><trkpt lat="42.939080" lon="-123.431805"></trkpt><trkpt lat="42.938990" lon="-123.431772"></trkpt><trkpt lat="42.938828" lon="-123.431767"></trkpt><trkpt lat="42.938681" lon="-123.431805"></trkpt><trkpt lat="42.938519" lon="-123.431819"></trkpt><trkpt lat="42.938381" lon="-123.431781"></trkpt><trkpt lat="42.938295" lon="-123.431700"></trkpt><trkpt lat="42.938286" lon="-123.431586"></trkpt><trkpt lat="42.938300" lon="-123.431481"></trkpt><trkpt lat="42.938343" lon="-123.431382"></trkpt><trkpt lat="42.938386" lon="-123.431234"></trkpt><trkpt lat="42.938386" lon="-123.431129"></trkpt><trkpt lat="42.938386" lon="-123.431006"></trkpt><trkpt lat="42.938386" lon="-123.430853"></trkpt><trkpt lat="42.938390" lon="-123.430734"></trkpt><trkpt lat="42.938419" lon="-123.430606"></trkpt><trkpt lat="42.938476" lon="-123.430463"></trkpt><trkpt lat="42.938524" lon="-123.430287"></trkpt><trkpt lat="42.938595" lon="-123.430059"></trkpt><trkpt lat="42.938604" lon="-123.429873"></trkpt><trkpt lat="42.938690" lon="-123.429792"></trkpt><trkpt lat="42.938742" lon="-123.429725"></trkpt><trkpt lat="42.938738" lon="-123.429573"></trkpt><trkpt lat="42.938662" lon="-123.429321"></trkpt><trkpt lat="42.938666" lon="-123.429197"></trkpt><trkpt lat="42.938676" lon="-123.429045"></trkpt><trkpt lat="42.938676" lon="-123.428874"></trkpt><trkpt lat="42.938723" lon="-123.428697"></trkpt><trkpt lat="42.938776" lon="-123.428564"></trkpt><trkpt lat="42.938828" lon="-123.428450"></trkpt><trkpt lat="42.938861" lon="-123.428355"></trkpt><trkpt lat="42.938885" lon="-123.428245"></trkpt><trkpt lat="42.938909" lon="-123.428112"></trkpt><trkpt lat="42.938909" lon="-123.427946"></trkpt><trkpt lat="42.938928" lon="-123.427855"></trkpt><trkpt lat="42.938952" lon="-123.427793"></trkpt><trkpt lat="42.938966" lon="-123.427727"></trkpt><trkpt lat="42.938961" lon="-123.427679"></trkpt><trkpt lat="42.938890" lon="-123.427750"></trkpt><trkpt lat="42.938823" lon="-123.427869"></trkpt><trkpt lat="42.938771" lon="-123.427903"></trkpt><trkpt lat="42.938666" lon="-123.427917"></trkpt><trkpt lat="42.938566" lon="-123.427969"></trkpt><trkpt lat="42.938490" lon="-123.428003"></trkpt><trkpt lat="42.938443" lon="-123.428136"></trkpt><trkpt lat="42.938371" lon="-123.428274"></trkpt><trkpt lat="42.938295" lon="-123.428264"></trkpt><trkpt lat="42.938157" lon="-123.428222"></trkpt><trkpt lat="42.938048" lon="-123.428150"></trkpt><trkpt lat="42.937938" lon="-123.428074"></trkpt><trkpt lat="42.937872" lon="-123.428022"></trkpt><trkpt lat="42.937834" lon="-123.427808"></trkpt><trkpt lat="42.937848" lon="-123.427527"></trkpt><trkpt lat="42.937910" lon="-123.427327"></trkpt><trkpt lat="42.937929" lon="-123.427198"></trkpt><trkpt lat="42.937952" lon="-123.426970"></trkpt><trkpt lat="42.938024" lon="-123.426737"></trkpt><trkpt lat="42.938029" lon="-123.426527"></trkpt><trkpt lat="42.938029" lon="-123.426247"></trkpt><trkpt lat="42.938033" lon="-123.425956"></trkpt><trkpt lat="42.938033" lon="-123.425718"></trkpt><trkpt lat="42.938033" lon="-123.425457"></trkpt><trkpt lat="42.938067" lon="-123.425238"></trkpt><trkpt lat="42.938071" lon="-123.425024"></trkpt><trkpt lat="42.938081" lon="-123.424776"></trkpt><trkpt lat="42.938090" lon="-123.424586"></trkpt><trkpt lat="42.938076" lon="-123.424448"></trkpt><trkpt lat="42.938043" lon="-123.424338"></trkpt><trkpt lat="42.937957" lon="-123.424172"></trkpt><trkpt lat="42.937876" lon="-123.424086"></trkpt><trkpt lat="42.937729" lon="-123.424019"></trkpt><trkpt lat="42.937591" lon="-123.423972"></trkpt><trkpt lat="42.937486" lon="-123.423948"></trkpt><trkpt lat="42.937362" lon="-123.423915"></trkpt><trkpt lat="42.937258" lon="-123.423896"></trkpt><trkpt lat="42.937143" lon="-123.423886"></trkpt><trkpt lat="42.937053" lon="-123.423867"></trkpt><trkpt lat="42.936986" lon="-123.423862"></trkpt><trkpt lat="42.936882" lon="-123.423810"></trkpt><trkpt lat="42.936796" lon="-123.423753"></trkpt><trkpt lat="42.936734" lon="-123.423663"></trkpt><trkpt lat="42.936710" lon="-123.423605"></trkpt><trkpt lat="42.936696" lon="-123.423553"></trkpt><trkpt lat="42.936653" lon="-123.423444"></trkpt><trkpt lat="42.936539" lon="-123.423458"></trkpt><trkpt lat="42.936396" lon="-123.423463"></trkpt><trkpt lat="42.936277" lon="-123.423525"></trkpt><trkpt lat="42.936168" lon="-123.423586"></trkpt><trkpt lat="42.936077" lon="-123.423624"></trkpt><trkpt lat="42.935978" lon="-123.423696"></trkpt><trkpt lat="42.935887" lon="-123.423758"></trkpt><trkpt lat="42.935744" lon="-123.423839"></trkpt><trkpt lat="42.935682" lon="-123.423896"></trkpt><trkpt lat="42.935487" lon="-123.424058"></trkpt><trkpt lat="42.935425" lon="-123.424119"></trkpt><trkpt lat="42.935383" lon="-123.424191"></trkpt><trkpt lat="42.935316" lon="-123.424181"></trkpt><trkpt lat="42.935230" lon="-123.424138"></trkpt><trkpt lat="42.935145" lon="-123.424086"></trkpt><trkpt lat="42.935149" lon="-123.424005"></trkpt><trkpt lat="42.935192" lon="-123.423962"></trkpt><trkpt lat="42.935264" lon="-123.423920"></trkpt><trkpt lat="42.935349" lon="-123.423896"></trkpt><trkpt lat="42.935425" lon="-123.423886"></trkpt><trkpt lat="42.935573" lon="-123.423834"></trkpt><trkpt lat="42.935659" lon="-123.423805"></trkpt><trkpt lat="42.935740" lon="-123.423724"></trkpt><trkpt lat="42.935816" lon="-123.423663"></trkpt><trkpt lat="42.935892" lon="-123.423629"></trkpt><trkpt lat="42.935939" lon="-123.423586"></trkpt><trkpt lat="42.935987" lon="-123.423496"></trkpt><trkpt lat="42.936025" lon="-123.423420"></trkpt><trkpt lat="42.936096" lon="-123.423344"></trkpt><trkpt lat="42.936192" lon="-123.423268"></trkpt><trkpt lat="42.936282" lon="-123.423158"></trkpt><trkpt lat="42.936334" lon="-123.423111"></trkpt><trkpt lat="42.936425" lon="-123.423039"></trkpt><trkpt lat="42.936596" lon="-123.422815"></trkpt><trkpt lat="42.936649" lon="-123.422749"></trkpt><trkpt lat="42.936715" lon="-123.422658"></trkpt><trkpt lat="42.936753" lon="-123.422597"></trkpt><trkpt lat="42.936815" lon="-123.422468"></trkpt><trkpt lat="42.936815" lon="-123.422335"></trkpt><trkpt lat="42.936806" lon="-123.422216"></trkpt><trkpt lat="42.936753" lon="-123.422073"></trkpt><trkpt lat="42.936696" lon="-123.421940"></trkpt><trkpt lat="42.936629" lon="-123.421845"></trkpt><trkpt lat="42.936539" lon="-123.421735"></trkpt><trkpt lat="42.936439" lon="-123.421669"></trkpt><trkpt lat="42.936315" lon="-123.421578"></trkpt><trkpt lat="42.936192" lon="-123.421512"></trkpt><trkpt lat="42.936096" lon="-123.421473"></trkpt><trkpt lat="42.936049" lon="-123.421397"></trkpt><trkpt lat="42.935897" lon="-123.421259"></trkpt><trkpt lat="42.935797" lon="-123.421112"></trkpt><trkpt lat="42.935702" lon="-123.421021"></trkpt><trkpt lat="42.935583" lon="-123.420912"></trkpt><trkpt lat="42.935483" lon="-123.420869"></trkpt><trkpt lat="42.935335" lon="-123.420817"></trkpt><trkpt lat="42.935164" lon="-123.420807"></trkpt><trkpt lat="42.935030" lon="-123.420802"></trkpt><trkpt lat="42.934740" lon="-123.420798"></trkpt><trkpt lat="42.934569" lon="-123.420821"></trkpt><trkpt lat="42.934398" lon="-123.420836"></trkpt><trkpt lat="42.934331" lon="-123.420831"></trkpt><trkpt lat="42.934241" lon="-123.420879"></trkpt><trkpt lat="42.934145" lon="-123.420950"></trkpt><trkpt lat="42.934093" lon="-123.421007"></trkpt><trkpt lat="42.934041" lon="-123.421031"></trkpt><trkpt lat="42.933960" lon="-123.421083"></trkpt><trkpt lat="42.933860" lon="-123.421145"></trkpt><trkpt lat="42.933779" lon="-123.421245"></trkpt><trkpt lat="42.933693" lon="-123.421383"></trkpt><trkpt lat="42.933631" lon="-123.421559"></trkpt><trkpt lat="42.933560" lon="-123.421688"></trkpt><trkpt lat="42.933512" lon="-123.421740"></trkpt><trkpt lat="42.933422" lon="-123.421935"></trkpt><trkpt lat="42.933365" lon="-123.422064"></trkpt><trkpt lat="42.933332" lon="-123.422268"></trkpt><trkpt lat="42.933279" lon="-123.422440"></trkpt><trkpt lat="42.933265" lon="-123.422578"></trkpt><trkpt lat="42.933222" lon="-123.422649"></trkpt><trkpt lat="42.933194" lon="-123.422620"></trkpt><trkpt lat="42.933155" lon="-123.422549"></trkpt><trkpt lat="42.933122" lon="-123.422454"></trkpt><trkpt lat="42.933084" lon="-123.422401"></trkpt><trkpt lat="42.932998" lon="-123.422306"></trkpt><trkpt lat="42.932956" lon="-123.422259"></trkpt><trkpt lat="42.932837" lon="-123.422206"></trkpt><trkpt lat="42.932737" lon="-123.422211"></trkpt><trkpt lat="42.932680" lon="-123.422221"></trkpt><trkpt lat="42.932613" lon="-123.422263"></trkpt><trkpt lat="42.932542" lon="-123.422292"></trkpt><trkpt lat="42.932465" lon="-123.422330"></trkpt><trkpt lat="42.932375" lon="-123.422330"></trkpt><trkpt lat="42.932294" lon="-123.422325"></trkpt><trkpt lat="42.932213" lon="-123.422311"></trkpt><trkpt lat="42.932109" lon="-123.422278"></trkpt><trkpt lat="42.932070" lon="-123.422297"></trkpt><trkpt lat="42.932032" lon="-123.422325"></trkpt><trkpt lat="42.931999" lon="-123.422363"></trkpt><trkpt lat="42.932009" lon="-123.422454"></trkpt><trkpt lat="42.932009" lon="-123.422635"></trkpt><trkpt lat="42.931999" lon="-123.422792"></trkpt><trkpt lat="42.931980" lon="-123.422887"></trkpt><trkpt lat="42.931937" lon="-123.422992"></trkpt><trkpt lat="42.931928" lon="-123.423134"></trkpt><trkpt lat="42.931918" lon="-123.423244"></trkpt><trkpt lat="42.931913" lon="-123.423377"></trkpt><trkpt lat="42.931904" lon="-123.423563"></trkpt><trkpt lat="42.931937" lon="-123.423653"></trkpt><trkpt lat="42.931990" lon="-123.423767"></trkpt><trkpt lat="42.932075" lon="-123.423834"></trkpt><trkpt lat="42.932147" lon="-123.423853"></trkpt><trkpt lat="42.932285" lon="-123.423872"></trkpt><trkpt lat="42.932389" lon="-123.423905"></trkpt><trkpt lat="42.932465" lon="-123.423929"></trkpt><trkpt lat="42.932570" lon="-123.423948"></trkpt><trkpt lat="42.932656" lon="-123.423943"></trkpt><trkpt lat="42.932737" lon="-123.423920"></trkpt><trkpt lat="42.932803" lon="-123.423858"></trkpt><trkpt lat="42.932879" lon="-123.423820"></trkpt><trkpt lat="42.932927" lon="-123.423796"></trkpt><trkpt lat="42.932975" lon="-123.423782"></trkpt><trkpt lat="42.933056" lon="-123.423791"></trkpt><trkpt lat="42.933084" lon="-123.423824"></trkpt><trkpt lat="42.933094" lon="-123.423862"></trkpt><trkpt lat="42.933089" lon="-123.423953"></trkpt><trkpt lat="42.933075" lon="-123.424029"></trkpt><trkpt lat="42.933051" lon="-123.424129"></trkpt><trkpt lat="42.933041" lon="-123.424196"></trkpt><trkpt lat="42.933017" lon="-123.424272"></trkpt><trkpt lat="42.933018" lon="-123.424376"></trkpt><trkpt lat="42.933064" lon="-123.424491"></trkpt><trkpt lat="42.933081" lon="-123.424611"></trkpt><trkpt lat="42.933098" lon="-123.424708"></trkpt><trkpt lat="42.933116" lon="-123.424793"></trkpt><trkpt lat="42.933104" lon="-123.424856"></trkpt><trkpt lat="42.933076" lon="-123.424919"></trkpt><trkpt lat="42.933007" lon="-123.425005"></trkpt><trkpt lat="42.932933" lon="-123.425016"></trkpt><trkpt lat="42.932876" lon="-123.425016"></trkpt><trkpt lat="42.932784" lon="-123.425016"></trkpt><trkpt lat="42.932699" lon="-123.425016"></trkpt><trkpt lat="42.932619" lon="-123.425005"></trkpt><trkpt lat="42.932533" lon="-123.424993"></trkpt><trkpt lat="42.932464" lon="-123.424993"></trkpt><trkpt lat="42.932419" lon="-123.425005"></trkpt><trkpt lat="42.932362" lon="-123.425022"></trkpt><trkpt lat="42.932316" lon="-123.425073"></trkpt><trkpt lat="42.932265" lon="-123.425153"></trkpt><trkpt lat="42.932236" lon="-123.425256"></trkpt><trkpt lat="42.932202" lon="-123.425353"></trkpt><trkpt lat="42.932168" lon="-123.425433"></trkpt><trkpt lat="42.932122" lon="-123.425490"></trkpt><trkpt lat="42.932042" lon="-123.425519"></trkpt><trkpt lat="42.931973" lon="-123.425519"></trkpt><trkpt lat="42.931888" lon="-123.425519"></trkpt><trkpt lat="42.931825" lon="-123.425524"></trkpt><trkpt lat="42.931796" lon="-123.425541"></trkpt><trkpt lat="42.931768" lon="-123.425598"></trkpt><trkpt lat="42.931813" lon="-123.425678"></trkpt><trkpt lat="42.931842" lon="-123.425781"></trkpt><trkpt lat="42.931842" lon="-123.425838"></trkpt><trkpt lat="42.931842" lon="-123.425918"></trkpt><trkpt lat="42.931853" lon="-123.425975"></trkpt><trkpt lat="42.931899" lon="-123.426061"></trkpt><trkpt lat="42.931933" lon="-123.426130"></trkpt><trkpt lat="42.932002" lon="-123.426204"></trkpt><trkpt lat="42.932042" lon="-123.426249"></trkpt><trkpt lat="42.932093" lon="-123.426369"></trkpt><trkpt lat="42.932105" lon="-123.426438"></trkpt><trkpt lat="42.932110" lon="-123.426529"></trkpt><trkpt lat="42.932110" lon="-123.426621"></trkpt><trkpt lat="42.932116" lon="-123.426758"></trkpt><trkpt lat="42.932139" lon="-123.426821"></trkpt><trkpt lat="42.932213" lon="-123.426901"></trkpt><trkpt lat="42.932265" lon="-123.426963"></trkpt><trkpt lat="42.932339" lon="-123.427032"></trkpt><trkpt lat="42.932385" lon="-123.427038"></trkpt><trkpt lat="42.932470" lon="-123.427038"></trkpt><trkpt lat="42.932556" lon="-123.427055"></trkpt><trkpt lat="42.932636" lon="-123.427072"></trkpt><trkpt lat="42.932647" lon="-123.426992"></trkpt><trkpt lat="42.932624" lon="-123.426815"></trkpt><trkpt lat="42.932647" lon="-123.426666"></trkpt><trkpt lat="42.932670" lon="-123.426541"></trkpt><trkpt lat="42.932681" lon="-123.426449"></trkpt><trkpt lat="42.932693" lon="-123.426335"></trkpt><trkpt lat="42.932693" lon="-123.426221"></trkpt><trkpt lat="42.932699" lon="-123.426044"></trkpt><trkpt lat="42.932733" lon="-123.425867"></trkpt><trkpt lat="42.932750" lon="-123.425593"></trkpt><trkpt lat="42.932790" lon="-123.425364"></trkpt><trkpt lat="42.932824" lon="-123.425347"></trkpt><trkpt lat="42.932944" lon="-123.425319"></trkpt><trkpt lat="42.933018" lon="-123.425302"></trkpt><trkpt lat="42.933081" lon="-123.425290"></trkpt><trkpt lat="42.933195" lon="-123.425273"></trkpt><trkpt lat="42.933304" lon="-123.425296"></trkpt><trkpt lat="42.933384" lon="-123.425307"></trkpt><trkpt lat="42.933412" lon="-123.425341"></trkpt><trkpt lat="42.933492" lon="-123.425467"></trkpt><trkpt lat="42.933544" lon="-123.425576"></trkpt><trkpt lat="42.933578" lon="-123.425684"></trkpt><trkpt lat="42.933624" lon="-123.425753"></trkpt><trkpt lat="42.933652" lon="-123.425827"></trkpt><trkpt lat="42.933761" lon="-123.425941"></trkpt><trkpt lat="42.933818" lon="-123.426067"></trkpt><trkpt lat="42.933909" lon="-123.426112"></trkpt><trkpt lat="42.933944" lon="-123.426084"></trkpt><trkpt lat="42.933949" lon="-123.426027"></trkpt><trkpt lat="42.933949" lon="-123.425924"></trkpt><trkpt lat="42.933944" lon="-123.425827"></trkpt><trkpt lat="42.933904" lon="-123.425747"></trkpt><trkpt lat="42.933875" lon="-123.425661"></trkpt><trkpt lat="42.933824" lon="-123.425593"></trkpt><trkpt lat="42.933761" lon="-123.425496"></trkpt><trkpt lat="42.933681" lon="-123.425347"></trkpt><trkpt lat="42.933624" lon="-123.425256"></trkpt><trkpt lat="42.933601" lon="-123.425124"></trkpt><trkpt lat="42.933624" lon="-123.425027"></trkpt><trkpt lat="42.933635" lon="-123.424976"></trkpt><trkpt lat="42.933732" lon="-123.424713"></trkpt><trkpt lat="42.933795" lon="-123.424725"></trkpt><trkpt lat="42.933835" lon="-123.424759"></trkpt><trkpt lat="42.933926" lon="-123.424822"></trkpt><trkpt lat="42.933984" lon="-123.424850"></trkpt><trkpt lat="42.934166" lon="-123.424907"></trkpt><trkpt lat="42.934229" lon="-123.424936"></trkpt><trkpt lat="42.934315" lon="-123.424953"></trkpt><trkpt lat="42.934435" lon="-123.424976"></trkpt><trkpt lat="42.934652" lon="-123.424999"></trkpt><trkpt lat="42.934823" lon="-123.425062"></trkpt><trkpt lat="42.934960" lon="-123.425050"></trkpt><trkpt lat="42.935057" lon="-123.425033"></trkpt><trkpt lat="42.935183" lon="-123.425010"></trkpt><trkpt lat="42.935291" lon="-123.424987"></trkpt><trkpt lat="42.935468" lon="-123.424953"></trkpt><trkpt lat="42.935480" lon="-123.425022"></trkpt><trkpt lat="42.935491" lon="-123.425182"></trkpt><trkpt lat="42.935503" lon="-123.425319"></trkpt><trkpt lat="42.935520" lon="-123.425444"></trkpt><trkpt lat="42.935485" lon="-123.425576"></trkpt><trkpt lat="42.935406" lon="-123.425684"></trkpt><trkpt lat="42.935297" lon="-123.425724"></trkpt><trkpt lat="42.935160" lon="-123.425736"></trkpt><trkpt lat="42.935011" lon="-123.425798"></trkpt><trkpt lat="42.934914" lon="-123.425833"></trkpt><trkpt lat="42.934703" lon="-123.425895"></trkpt><trkpt lat="42.934566" lon="-123.425953"></trkpt><trkpt lat="42.934480" lon="-123.426015"></trkpt><trkpt lat="42.934406" lon="-123.426112"></trkpt><trkpt lat="42.934338" lon="-123.426227"></trkpt><trkpt lat="42.934275" lon="-123.426358"></trkpt><trkpt lat="42.934218" lon="-123.426529"></trkpt><trkpt lat="42.934183" lon="-123.426689"></trkpt><trkpt lat="42.934115" lon="-123.426883"></trkpt><trkpt lat="42.934092" lon="-123.427055"></trkpt><trkpt lat="42.934075" lon="-123.427215"></trkpt><trkpt lat="42.934058" lon="-123.427420"></trkpt><trkpt lat="42.934024" lon="-123.427592"></trkpt><trkpt lat="42.933966" lon="-123.427763"></trkpt><trkpt lat="42.933978" lon="-123.427940"></trkpt><trkpt lat="42.933955" lon="-123.428060"></trkpt><trkpt lat="42.933941" lon="-123.428255"></trkpt><trkpt lat="42.933936" lon="-123.428502"></trkpt><trkpt lat="42.933912" lon="-123.428626"></trkpt><trkpt lat="42.933898" lon="-123.428755"></trkpt><trkpt lat="42.933865" lon="-123.428864"></trkpt><trkpt lat="42.933841" lon="-123.429012"></trkpt><trkpt lat="42.933812" lon="-123.429235"></trkpt><trkpt lat="42.933784" lon="-123.429440"></trkpt><trkpt lat="42.933779" lon="-123.429573"></trkpt><trkpt lat="42.933831" lon="-123.429721"></trkpt><trkpt lat="42.933888" lon="-123.429840"></trkpt><trkpt lat="42.933955" lon="-123.429959"></trkpt><trkpt lat="42.934012" lon="-123.430049"></trkpt><trkpt lat="42.934041" lon="-123.430144"></trkpt><trkpt lat="42.934103" lon="-123.430420"></trkpt><trkpt lat="42.934079" lon="-123.430496"></trkpt><trkpt lat="42.934060" lon="-123.430639"></trkpt><trkpt lat="42.934003" lon="-123.430763"></trkpt><trkpt lat="42.933984" lon="-123.430901"></trkpt><trkpt lat="42.933950" lon="-123.430987"></trkpt><trkpt lat="42.933888" lon="-123.431106"></trkpt><trkpt lat="42.933836" lon="-123.431186"></trkpt><trkpt lat="42.933765" lon="-123.431324"></trkpt><trkpt lat="42.933698" lon="-123.431434"></trkpt><trkpt lat="42.933684" lon="-123.431686"></trkpt><trkpt lat="42.933655" lon="-123.431886"></trkpt><trkpt lat="42.933622" lon="-123.432072"></trkpt><trkpt lat="42.933589" lon="-123.432219"></trkpt><trkpt lat="42.933560" lon="-123.432386"></trkpt><trkpt lat="42.933460" lon="-123.432547"></trkpt><trkpt lat="42.933255" lon="-123.432562"></trkpt><trkpt lat="42.933179" lon="-123.432666"></trkpt><trkpt lat="42.933089" lon="-123.432757"></trkpt><trkpt lat="42.933037" lon="-123.432866"></trkpt><trkpt lat="42.932951" lon="-123.432933"></trkpt><trkpt lat="42.932822" lon="-123.433004"></trkpt><trkpt lat="42.932680" lon="-123.433047"></trkpt><trkpt lat="42.932561" lon="-123.433123"></trkpt><trkpt lat="42.932451" lon="-123.433133"></trkpt><trkpt lat="42.932256" lon="-123.433233"></trkpt><trkpt lat="42.932109" lon="-123.433314"></trkpt><trkpt lat="42.931947" lon="-123.433385"></trkpt><trkpt lat="42.931785" lon="-123.433418"></trkpt><trkpt lat="42.931552" lon="-123.433518"></trkpt><trkpt lat="42.931319" lon="-123.433599"></trkpt><trkpt lat="42.931138" lon="-123.433613"></trkpt><trkpt lat="42.930857" lon="-123.433642"></trkpt><trkpt lat="42.930752" lon="-123.433652"></trkpt><trkpt lat="42.930571" lon="-123.433661"></trkpt><trkpt lat="42.930429" lon="-123.433623"></trkpt><trkpt lat="42.930333" lon="-123.433566"></trkpt><trkpt lat="42.930234" lon="-123.433514"></trkpt><trkpt lat="42.930148" lon="-123.433447"></trkpt><trkpt lat="42.930072" lon="-123.433337"></trkpt><trkpt lat="42.929896" lon="-123.433190"></trkpt><trkpt lat="42.929824" lon="-123.433119"></trkpt><trkpt lat="42.929781" lon="-123.433023"></trkpt><trkpt lat="42.929762" lon="-123.432933"></trkpt><trkpt lat="42.929753" lon="-123.432738"></trkpt><trkpt lat="42.929748" lon="-123.432619"></trkpt><trkpt lat="42.929748" lon="-123.432448"></trkpt><trkpt lat="42.929753" lon="-123.432348"></trkpt><trkpt lat="42.929748" lon="-123.432233"></trkpt><trkpt lat="42.929753" lon="-123.432081"></trkpt><trkpt lat="42.929777" lon="-123.431924"></trkpt><trkpt lat="42.929777" lon="-123.431767"></trkpt><trkpt lat="42.929772" lon="-123.431700"></trkpt><trkpt lat="42.929796" lon="-123.431567"></trkpt><trkpt lat="42.929810" lon="-123.431439"></trkpt><trkpt lat="42.929867" lon="-123.431382"></trkpt><trkpt lat="42.929957" lon="-123.431253"></trkpt><trkpt lat="42.930015" lon="-123.431186"></trkpt><trkpt lat="42.930062" lon="-123.431067"></trkpt><trkpt lat="42.930110" lon="-123.430972"></trkpt><trkpt lat="42.930138" lon="-123.430901"></trkpt><trkpt lat="42.930153" lon="-123.430839"></trkpt><trkpt lat="42.930214" lon="-123.430720"></trkpt><trkpt lat="42.930281" lon="-123.430706"></trkpt><trkpt lat="42.930329" lon="-123.430634"></trkpt><trkpt lat="42.930357" lon="-123.430577"></trkpt><trkpt lat="42.930429" lon="-123.430439"></trkpt><trkpt lat="42.930405" lon="-123.430387"></trkpt><trkpt lat="42.930357" lon="-123.430344"></trkpt><trkpt lat="42.930305" lon="-123.430311"></trkpt><trkpt lat="42.930243" lon="-123.430311"></trkpt><trkpt lat="42.930119" lon="-123.430330"></trkpt><trkpt lat="42.930010" lon="-123.430382"></trkpt><trkpt lat="42.929910" lon="-123.430420"></trkpt><trkpt lat="42.929815" lon="-123.430473"></trkpt><trkpt lat="42.929643" lon="-123.430525"></trkpt><trkpt lat="42.929496" lon="-123.430577"></trkpt><trkpt lat="42.929301" lon="-123.430644"></trkpt><trkpt lat="42.929177" lon="-123.430639"></trkpt><trkpt lat="42.929029" lon="-123.430672"></trkpt><trkpt lat="42.928811" lon="-123.430725"></trkpt><trkpt lat="42.928668" lon="-123.430739"></trkpt><trkpt lat="42.928449" lon="-123.430796"></trkpt><trkpt lat="42.928325" lon="-123.430849"></trkpt><trkpt lat="42.928144" lon="-123.430868"></trkpt><trkpt lat="42.928016" lon="-123.430882"></trkpt><trkpt lat="42.927921" lon="-123.430882"></trkpt><trkpt lat="42.927768" lon="-123.430901"></trkpt><trkpt lat="42.927630" lon="-123.430920"></trkpt><trkpt lat="42.927535" lon="-123.430967"></trkpt><trkpt lat="42.927435" lon="-123.430987"></trkpt><trkpt lat="42.927273" lon="-123.431034"></trkpt><trkpt lat="42.927116" lon="-123.431039"></trkpt><trkpt lat="42.926940" lon="-123.431125"></trkpt><trkpt lat="42.926812" lon="-123.431220"></trkpt><trkpt lat="42.926736" lon="-123.431324"></trkpt><trkpt lat="42.926693" lon="-123.431439"></trkpt><trkpt lat="42.926655" lon="-123.431615"></trkpt><trkpt lat="42.926607" lon="-123.431738"></trkpt><trkpt lat="42.926560" lon="-123.431929"></trkpt><trkpt lat="42.926522" lon="-123.432053"></trkpt><trkpt lat="42.926460" lon="-123.432267"></trkpt><trkpt lat="42.926379" lon="-123.432528"></trkpt><trkpt lat="42.926331" lon="-123.432714"></trkpt><trkpt lat="42.926279" lon="-123.432876"></trkpt><trkpt lat="42.926241" lon="-123.433161"></trkpt><trkpt lat="42.926169" lon="-123.433328"></trkpt><trkpt lat="42.926069" lon="-123.433680"></trkpt><trkpt lat="42.926036" lon="-123.433842"></trkpt><trkpt lat="42.925950" lon="-123.434051"></trkpt><trkpt lat="42.925922" lon="-123.434256"></trkpt><trkpt lat="42.925865" lon="-123.434437"></trkpt><trkpt lat="42.925822" lon="-123.434660"></trkpt><trkpt lat="42.925770" lon="-123.434808"></trkpt><trkpt lat="42.925717" lon="-123.435003"></trkpt><trkpt lat="42.925689" lon="-123.435151"></trkpt><trkpt lat="42.925660" lon="-123.435331"></trkpt><trkpt lat="42.925613" lon="-123.435469"></trkpt><trkpt lat="42.925565" lon="-123.435631"></trkpt><trkpt lat="42.925498" lon="-123.435845"></trkpt><trkpt lat="42.925394" lon="-123.436150"></trkpt><trkpt lat="42.925327" lon="-123.436469"></trkpt><trkpt lat="42.925284" lon="-123.436607"></trkpt><trkpt lat="42.925241" lon="-123.436807"></trkpt><trkpt lat="42.925213" lon="-123.436983"></trkpt><trkpt lat="42.925232" lon="-123.437159"></trkpt><trkpt lat="42.925232" lon="-123.437335"></trkpt><trkpt lat="42.925227" lon="-123.437487"></trkpt><trkpt lat="42.925189" lon="-123.437687"></trkpt><trkpt lat="42.925151" lon="-123.437925"></trkpt><trkpt lat="42.925146" lon="-123.438125"></trkpt><trkpt lat="42.925132" lon="-123.438396"></trkpt><trkpt lat="42.925089" lon="-123.438615"></trkpt><trkpt lat="42.925070" lon="-123.438967"></trkpt><trkpt lat="42.925037" lon="-123.439205"></trkpt><trkpt lat="42.925027" lon="-123.439462"></trkpt><trkpt lat="42.925008" lon="-123.439653"></trkpt><trkpt lat="42.924980" lon="-123.439867"></trkpt><trkpt lat="42.924980" lon="-123.440090"></trkpt><trkpt lat="42.924937" lon="-123.440381"></trkpt><trkpt lat="42.924961" lon="-123.440633"></trkpt><trkpt lat="42.924984" lon="-123.441071"></trkpt><trkpt lat="42.925037" lon="-123.441137"></trkpt><trkpt lat="42.925099" lon="-123.441071"></trkpt><trkpt lat="42.925165" lon="-123.440971"></trkpt><trkpt lat="42.925237" lon="-123.440837"></trkpt><trkpt lat="42.925332" lon="-123.440704"></trkpt><trkpt lat="42.925413" lon="-123.440623"></trkpt><trkpt lat="42.925484" lon="-123.440585"></trkpt><trkpt lat="42.925575" lon="-123.440542"></trkpt><trkpt lat="42.925617" lon="-123.440495"></trkpt><trkpt lat="42.925670" lon="-123.440438"></trkpt><trkpt lat="42.925741" lon="-123.440347"></trkpt><trkpt lat="42.925870" lon="-123.440219"></trkpt><trkpt lat="42.925946" lon="-123.440138"></trkpt><trkpt lat="42.926036" lon="-123.440052"></trkpt><trkpt lat="42.926150" lon="-123.440028"></trkpt><trkpt lat="42.926355" lon="-123.440067"></trkpt><trkpt lat="42.926483" lon="-123.440005"></trkpt><trkpt lat="42.926560" lon="-123.439929"></trkpt><trkpt lat="42.926660" lon="-123.439862"></trkpt><trkpt lat="42.926774" lon="-123.439814"></trkpt><trkpt lat="42.926902" lon="-123.439795"></trkpt><trkpt lat="42.927002" lon="-123.439800"></trkpt><trkpt lat="42.927074" lon="-123.439805"></trkpt><trkpt lat="42.927140" lon="-123.439814"></trkpt><trkpt lat="42.927288" lon="-123.439819"></trkpt><trkpt lat="42.927364" lon="-123.439776"></trkpt><trkpt lat="42.927445" lon="-123.439672"></trkpt><trkpt lat="42.927526" lon="-123.439505"></trkpt><trkpt lat="42.927673" lon="-123.439415"></trkpt><trkpt lat="42.927778" lon="-123.439177"></trkpt><trkpt lat="42.927840" lon="-123.439020"></trkpt><trkpt lat="42.927868" lon="-123.438853"></trkpt><trkpt lat="42.927925" lon="-123.438720"></trkpt><trkpt lat="42.928035" lon="-123.438434"></trkpt><trkpt lat="42.928130" lon="-123.438163"></trkpt><trkpt lat="42.928225" lon="-123.438006"></trkpt><trkpt lat="42.928316" lon="-123.437816"></trkpt><trkpt lat="42.928416" lon="-123.437592"></trkpt><trkpt lat="42.928454" lon="-123.437425"></trkpt><trkpt lat="42.928530" lon="-123.437245"></trkpt><trkpt lat="42.928554" lon="-123.437092"></trkpt><trkpt lat="42.928568" lon="-123.436983"></trkpt><trkpt lat="42.928596" lon="-123.436869"></trkpt><trkpt lat="42.928625" lon="-123.436721"></trkpt><trkpt lat="42.928615" lon="-123.436516"></trkpt><trkpt lat="42.928630" lon="-123.436317"></trkpt><trkpt lat="42.928630" lon="-123.435993"></trkpt><trkpt lat="42.928620" lon="-123.435831"></trkpt><trkpt lat="42.928673" lon="-123.435703"></trkpt><trkpt lat="42.928782" lon="-123.435427"></trkpt><trkpt lat="42.928872" lon="-123.435312"></trkpt><trkpt lat="42.929034" lon="-123.435117"></trkpt><trkpt lat="42.929172" lon="-123.434951"></trkpt><trkpt lat="42.929263" lon="-123.434817"></trkpt><trkpt lat="42.929344" lon="-123.434689"></trkpt><trkpt lat="42.929458" lon="-123.434470"></trkpt><trkpt lat="42.929567" lon="-123.434337"></trkpt><trkpt lat="42.929691" lon="-123.434208"></trkpt><trkpt lat="42.929739" lon="-123.434132"></trkpt><trkpt lat="42.929867" lon="-123.434085"></trkpt><trkpt lat="42.930081" lon="-123.433980"></trkpt><trkpt lat="42.930224" lon="-123.433970"></trkpt><trkpt lat="42.930386" lon="-123.433989"></trkpt><trkpt lat="42.930495" lon="-123.434008"></trkpt><trkpt lat="42.930619" lon="-123.434042"></trkpt><trkpt lat="42.930719" lon="-123.434070"></trkpt><trkpt lat="42.930843" lon="-123.434099"></trkpt><trkpt lat="42.931076" lon="-123.434146"></trkpt><trkpt lat="42.931200" lon="-123.434075"></trkpt><trkpt lat="42.931266" lon="-123.434042"></trkpt><trkpt lat="42.931390" lon="-123.433985"></trkpt><trkpt lat="42.931490" lon="-123.433894"></trkpt><trkpt lat="42.931671" lon="-123.433837"></trkpt><trkpt lat="42.931742" lon="-123.433813"></trkpt><trkpt lat="42.931937" lon="-123.433747"></trkpt><trkpt lat="42.932061" lon="-123.433694"></trkpt><trkpt lat="42.932280" lon="-123.433566"></trkpt><trkpt lat="42.932404" lon="-123.433480"></trkpt><trkpt lat="42.932651" lon="-123.433428"></trkpt><trkpt lat="42.932741" lon="-123.433423"></trkpt><trkpt lat="42.932813" lon="-123.433499"></trkpt><trkpt lat="42.932884" lon="-123.433561"></trkpt><trkpt lat="42.932922" lon="-123.433585"></trkpt><trkpt lat="42.933017" lon="-123.433585"></trkpt><trkpt lat="42.933117" lon="-123.433571"></trkpt><trkpt lat="42.933198" lon="-123.433537"></trkpt><trkpt lat="42.933313" lon="-123.433475"></trkpt><trkpt lat="42.933446" lon="-123.433442"></trkpt><trkpt lat="42.933598" lon="-123.433390"></trkpt><trkpt lat="42.933669" lon="-123.433385"></trkpt><trkpt lat="42.933831" lon="-123.433399"></trkpt><trkpt lat="42.933884" lon="-123.433461"></trkpt><trkpt lat="42.933955" lon="-123.433566"></trkpt><trkpt lat="42.934012" lon="-123.433642"></trkpt><trkpt lat="42.934083" lon="-123.433718"></trkpt><trkpt lat="42.934136" lon="-123.433761"></trkpt><trkpt lat="42.934212" lon="-123.433809"></trkpt><trkpt lat="42.934336" lon="-123.433956"></trkpt><trkpt lat="42.934388" lon="-123.434070"></trkpt><trkpt lat="42.934421" lon="-123.434146"></trkpt><trkpt lat="42.934464" lon="-123.434256"></trkpt><trkpt lat="42.934521" lon="-123.434375"></trkpt><trkpt lat="42.934555" lon="-123.434446"></trkpt><trkpt lat="42.934612" lon="-123.434603"></trkpt><trkpt lat="42.934631" lon="-123.434775"></trkpt><trkpt lat="42.934731" lon="-123.434884"></trkpt><trkpt lat="42.934778" lon="-123.434960"></trkpt><trkpt lat="42.934902" lon="-123.435151"></trkpt><trkpt lat="42.934916" lon="-123.435284"></trkpt><trkpt lat="42.934916" lon="-123.435422"></trkpt><trkpt lat="42.934912" lon="-123.435574"></trkpt><trkpt lat="42.934907" lon="-123.435736"></trkpt><trkpt lat="42.934902" lon="-123.435850"></trkpt><trkpt lat="42.934873" lon="-123.436002"></trkpt><trkpt lat="42.934897" lon="-123.436231"></trkpt><trkpt lat="42.934912" lon="-123.436350"></trkpt><trkpt lat="42.934954" lon="-123.436459"></trkpt><trkpt lat="42.935011" lon="-123.436569"></trkpt><trkpt lat="42.935054" lon="-123.436621"></trkpt><trkpt lat="42.935116" lon="-123.436569"></trkpt><trkpt lat="42.935192" lon="-123.436459"></trkpt><trkpt lat="42.935235" lon="-123.436412"></trkpt><trkpt lat="42.935321" lon="-123.436350"></trkpt><trkpt lat="42.935459" lon="-123.436198"></trkpt><trkpt lat="42.935464" lon="-123.436064"></trkpt><trkpt lat="42.935406" lon="-123.436036"></trkpt><trkpt lat="42.935349" lon="-123.435964"></trkpt><trkpt lat="42.935292" lon="-123.435898"></trkpt><trkpt lat="42.935259" lon="-123.435822"></trkpt><trkpt lat="42.935197" lon="-123.435712"></trkpt><trkpt lat="42.935197" lon="-123.435550"></trkpt><trkpt lat="42.935207" lon="-123.435398"></trkpt><trkpt lat="42.935207" lon="-123.435255"></trkpt><trkpt lat="42.935221" lon="-123.435089"></trkpt><trkpt lat="42.935221" lon="-123.434894"></trkpt><trkpt lat="42.935221" lon="-123.434775"></trkpt><trkpt lat="42.935249" lon="-123.434660"></trkpt><trkpt lat="42.935278" lon="-123.434580"></trkpt><trkpt lat="42.935368" lon="-123.434465"></trkpt><trkpt lat="42.935425" lon="-123.434418"></trkpt><trkpt lat="42.935525" lon="-123.434308"></trkpt><trkpt lat="42.935597" lon="-123.434227"></trkpt><trkpt lat="42.935725" lon="-123.434051"></trkpt><trkpt lat="42.935782" lon="-123.433918"></trkpt><trkpt lat="42.935863" lon="-123.433780"></trkpt><trkpt lat="42.935878" lon="-123.433699"></trkpt><trkpt lat="42.935930" lon="-123.433675"></trkpt><trkpt lat="42.936049" lon="-123.433652"></trkpt><trkpt lat="42.936116" lon="-123.433656"></trkpt><trkpt lat="42.936173" lon="-123.433680"></trkpt><trkpt lat="42.936268" lon="-123.433761"></trkpt><trkpt lat="42.936339" lon="-123.433847"></trkpt><trkpt lat="42.936477" lon="-123.433904"></trkpt><trkpt lat="42.936544" lon="-123.433975"></trkpt><trkpt lat="42.936625" lon="-123.434061"></trkpt><trkpt lat="42.936744" lon="-123.434137"></trkpt><trkpt lat="42.936834" lon="-123.434146"></trkpt><trkpt lat="42.936901" lon="-123.434123"></trkpt><trkpt lat="42.936986" lon="-123.434056"></trkpt><trkpt lat="42.937091" lon="-123.434004"></trkpt><trkpt lat="42.937196" lon="-123.433923"></trkpt><trkpt lat="42.937286" lon="-123.433813"></trkpt><trkpt lat="42.937372" lon="-123.433799"></trkpt><trkpt lat="42.937481" lon="-123.433709"></trkpt><trkpt lat="42.937577" lon="-123.433613"></trkpt><trkpt lat="42.937676" lon="-123.433575"></trkpt><trkpt lat="42.937757" lon="-123.433552"></trkpt><trkpt lat="42.937872" lon="-123.433542"></trkpt><trkpt lat="42.937933" lon="-123.433518"></trkpt><trkpt lat="42.938076" lon="-123.433385"></trkpt><trkpt lat="42.938133" lon="-123.433323"></trkpt><trkpt lat="42.938209" lon="-123.433280"></trkpt><trkpt lat="42.938309" lon="-123.433218"></trkpt><trkpt lat="42.938405" lon="-123.433180"></trkpt><trkpt lat="42.938519" lon="-123.433171"></trkpt><trkpt lat="42.938628" lon="-123.433209"></trkpt><trkpt lat="42.938752" lon="-123.433266"></trkpt><trkpt lat="42.938890" lon="-123.433342"></trkpt><trkpt lat="42.939018" lon="-123.433452"></trkpt><trkpt lat="42.939190" lon="-123.433499"></trkpt><trkpt lat="42.939314" lon="-123.433594"></trkpt><trkpt lat="42.939509" lon="-123.433680"></trkpt><trkpt lat="42.939656" lon="-123.433751"></trkpt><trkpt lat="42.939699" lon="-123.433813"></trkpt><trkpt lat="42.939728" lon="-123.433980"></trkpt><trkpt lat="42.939761" lon="-123.434113"></trkpt><trkpt lat="42.939770" lon="-123.434251"></trkpt><trkpt lat="42.939775" lon="-123.434351"></trkpt><trkpt lat="42.939770" lon="-123.434413"></trkpt><trkpt lat="42.939770" lon="-123.434527"></trkpt><trkpt lat="42.939761" lon="-123.434570"></trkpt><trkpt lat="42.939780" lon="-123.434665"></trkpt><trkpt lat="42.939851" lon="-123.434727"></trkpt><trkpt lat="42.939918" lon="-123.434775"></trkpt><trkpt lat="42.940013" lon="-123.434875"></trkpt><trkpt lat="42.940118" lon="-123.435041"></trkpt><trkpt lat="42.940189" lon="-123.435132"></trkpt><trkpt lat="42.940313" lon="-123.435270"></trkpt><trkpt lat="42.940418" lon="-123.435365"></trkpt><trkpt lat="42.940537" lon="-123.435493"></trkpt><trkpt lat="42.940598" lon="-123.435503"></trkpt><trkpt lat="42.940689" lon="-123.435479"></trkpt><trkpt lat="42.940765" lon="-123.435450"></trkpt><trkpt lat="42.940936" lon="-123.435369"></trkpt><trkpt lat="42.941098" lon="-123.435227"></trkpt><trkpt lat="42.941279" lon="-123.435070"></trkpt><trkpt lat="42.941398" lon="-123.434984"></trkpt><trkpt lat="42.941522" lon="-123.434927"></trkpt><trkpt lat="42.941631" lon="-123.434879"></trkpt><trkpt lat="42.941760" lon="-123.434870"></trkpt><trkpt lat="42.941841" lon="-123.434836"></trkpt><trkpt lat="42.942017" lon="-123.434741"></trkpt><trkpt lat="42.942188" lon="-123.434632"></trkpt><trkpt lat="42.942264" lon="-123.434541"></trkpt><trkpt lat="42.942359" lon="-123.434437"></trkpt><trkpt lat="42.942421" lon="-123.434375"></trkpt><trkpt lat="42.942502" lon="-123.434223"></trkpt><trkpt lat="42.942569" lon="-123.434085"></trkpt><trkpt lat="42.942621" lon="-123.433989"></trkpt><trkpt lat="42.942716" lon="-123.433918"></trkpt><trkpt lat="42.942811" lon="-123.433861"></trkpt><trkpt lat="42.942911" lon="-123.433875"></trkpt><trkpt lat="42.943040" lon="-123.433885"></trkpt><trkpt lat="42.943140" lon="-123.433889"></trkpt><trkpt lat="42.943259" lon="-123.433937"></trkpt><trkpt lat="42.943335" lon="-123.433870"></trkpt><trkpt lat="42.943392" lon="-123.433775"></trkpt><trkpt lat="42.943473" lon="-123.433637"></trkpt><trkpt lat="42.943511" lon="-123.433556"></trkpt><trkpt lat="42.943558" lon="-123.433299"></trkpt><trkpt lat="42.943606" lon="-123.433257"></trkpt><trkpt lat="42.943620" lon="-123.433180"></trkpt><trkpt lat="42.943620" lon="-123.432995"></trkpt><trkpt lat="42.943625" lon="-123.432857"></trkpt><trkpt lat="42.943563" lon="-123.432738"></trkpt><trkpt lat="42.943535" lon="-123.432666"></trkpt><trkpt lat="42.943444" lon="-123.432590"></trkpt><trkpt lat="42.943354" lon="-123.432533"></trkpt><trkpt lat="42.943202" lon="-123.432452"></trkpt><trkpt lat="42.943102" lon="-123.432457"></trkpt><trkpt lat="42.942959" lon="-123.432409"></trkpt><trkpt lat="42.942749" lon="-123.432367"></trkpt><trkpt lat="42.942621" lon="-123.432300"></trkpt><trkpt lat="42.942545" lon="-123.432248"></trkpt><trkpt lat="42.942431" lon="-123.432162"></trkpt><trkpt lat="42.942321" lon="-123.432072"></trkpt><trkpt lat="42.942097" lon="-123.431957"></trkpt><trkpt lat="42.941959" lon="-123.431876"></trkpt><trkpt lat="42.941788" lon="-123.431924"></trkpt><trkpt lat="42.941626" lon="-123.431934"></trkpt><trkpt lat="42.941450" lon="-123.431967"></trkpt><trkpt lat="42.941312" lon="-123.432005"></trkpt><trkpt lat="42.941160" lon="-123.432095"></trkpt><trkpt lat="42.941046" lon="-123.432110"></trkpt><trkpt lat="42.940889" lon="-123.432157"></trkpt><trkpt lat="42.940784" lon="-123.432143"></trkpt><trkpt lat="42.940656" lon="-123.432114"></trkpt><trkpt lat="42.940494" lon="-123.432095"></trkpt><trkpt lat="42.940356" lon="-123.432048"></trkpt><trkpt lat="42.940237" lon="-123.432010"></trkpt><trkpt lat="42.940089" lon="-123.431976"></trkpt><trkpt lat="42.939942" lon="-123.432019"></trkpt><trkpt lat="42.939785" lon="-123.432014"></trkpt><trkpt lat="42.939666" lon="-123.431986"></trkpt></trkseg></trk><trk><name>Tailings - Undifferentiated</name><desc>USMIN Tailings - Undifferentiated | topo: King Mountain (1983) 1:24000 | src: USGS USMIN</desc><trkseg><trkpt lat="42.696151" lon="-123.205823"></trkpt><trkpt lat="42.696174" lon="-123.206012"></trkpt><trkpt lat="42.696243" lon="-123.206069"></trkpt><trkpt lat="42.696288" lon="-123.206040"></trkpt><trkpt lat="42.696334" lon="-123.205977"></trkpt><trkpt lat="42.696357" lon="-123.205858"></trkpt><trkpt lat="42.696322" lon="-123.205635"></trkpt><trkpt lat="42.696265" lon="-123.205606"></trkpt><trkpt lat="42.696214" lon="-123.205618"></trkpt><trkpt lat="42.696151" lon="-123.205720"></trkpt><trkpt lat="42.696151" lon="-123.205823"></trkpt></trkseg></trk><trk><name>Tailings - Placer</name><desc>USMIN Tailings - Placer | topo: Glendale (1954) 1:62500 | src: USGS USMIN</desc><trkseg><trkpt lat="42.731039" lon="-123.260944"></trkpt><trkpt lat="42.731089" lon="-123.261157"></trkpt><trkpt lat="42.731302" lon="-123.261170"></trkpt><trkpt lat="42.731627" lon="-123.261257"></trkpt><trkpt lat="42.731915" lon="-123.261232"></trkpt><trkpt lat="42.732353" lon="-123.261145"></trkpt><trkpt lat="42.732678" lon="-123.261094"></trkpt><trkpt lat="42.733054" lon="-123.261132"></trkpt><trkpt lat="42.733479" lon="-123.261282"></trkpt><trkpt lat="42.733942" lon="-123.261470"></trkpt><trkpt lat="42.734242" lon="-123.261645"></trkpt><trkpt lat="42.734492" lon="-123.261795"></trkpt><trkpt lat="42.734680" lon="-123.261883"></trkpt><trkpt lat="42.734818" lon="-123.261420"></trkpt><trkpt lat="42.735043" lon="-123.261420"></trkpt><trkpt lat="42.735556" lon="-123.261632"></trkpt><trkpt lat="42.735981" lon="-123.261820"></trkpt><trkpt lat="42.736544" lon="-123.262083"></trkpt><trkpt lat="42.736957" lon="-123.262195"></trkpt><trkpt lat="42.737282" lon="-123.262371"></trkpt><trkpt lat="42.737858" lon="-123.262508"></trkpt><trkpt lat="42.738446" lon="-123.262708"></trkpt><trkpt lat="42.739122" lon="-123.262971"></trkpt><trkpt lat="42.739384" lon="-123.262233"></trkpt><trkpt lat="42.739209" lon="-123.261983"></trkpt><trkpt lat="42.738997" lon="-123.261783"></trkpt><trkpt lat="42.738821" lon="-123.261570"></trkpt><trkpt lat="42.738383" lon="-123.261220"></trkpt><trkpt lat="42.738071" lon="-123.261420"></trkpt><trkpt lat="42.737758" lon="-123.261445"></trkpt><trkpt lat="42.737508" lon="-123.261545"></trkpt><trkpt lat="42.737295" lon="-123.261470"></trkpt><trkpt lat="42.737007" lon="-123.261420"></trkpt><trkpt lat="42.736432" lon="-123.261195"></trkpt><trkpt lat="42.736106" lon="-123.261069"></trkpt><trkpt lat="42.735919" lon="-123.261019"></trkpt><trkpt lat="42.735668" lon="-123.260907"></trkpt><trkpt lat="42.735418" lon="-123.260819"></trkpt><trkpt lat="42.735293" lon="-123.260757"></trkpt><trkpt lat="42.735105" lon="-123.260657"></trkpt><trkpt lat="42.735055" lon="-123.260657"></trkpt><trkpt lat="42.734555" lon="-123.260707"></trkpt><trkpt lat="42.734292" lon="-123.260544"></trkpt><trkpt lat="42.733817" lon="-123.260456"></trkpt><trkpt lat="42.733366" lon="-123.260331"></trkpt><trkpt lat="42.732991" lon="-123.260206"></trkpt><trkpt lat="42.732678" lon="-123.260206"></trkpt><trkpt lat="42.732153" lon="-123.260181"></trkpt><trkpt lat="42.731865" lon="-123.260156"></trkpt><trkpt lat="42.731690" lon="-123.260131"></trkpt><trkpt lat="42.731239" lon="-123.260331"></trkpt><trkpt lat="42.731039" lon="-123.260944"></trkpt></trkseg></trk><trk><name>Tailings - Placer</name><desc>USMIN Tailings - Placer | topo: Glendale (1954) 1:62500 | src: USGS USMIN</desc><trkseg><trkpt lat="42.733617" lon="-123.259593"></trkpt><trkpt lat="42.733679" lon="-123.259768"></trkpt><trkpt lat="42.733904" lon="-123.259906"></trkpt><trkpt lat="42.734217" lon="-123.259981"></trkpt><trkpt lat="42.734743" lon="-123.259981"></trkpt><trkpt lat="42.735068" lon="-123.260069"></trkpt><trkpt lat="42.735443" lon="-123.260119"></trkpt><trkpt lat="42.735869" lon="-123.260331"></trkpt><trkpt lat="42.736369" lon="-123.260569"></trkpt><trkpt lat="42.737107" lon="-123.260794"></trkpt><trkpt lat="42.737145" lon="-123.260544"></trkpt><trkpt lat="42.736744" lon="-123.260444"></trkpt><trkpt lat="42.736382" lon="-123.260256"></trkpt><trkpt lat="42.735756" lon="-123.259906"></trkpt><trkpt lat="42.735306" lon="-123.259693"></trkpt><trkpt lat="42.734818" lon="-123.259418"></trkpt><trkpt lat="42.734480" lon="-123.259230"></trkpt><trkpt lat="42.734117" lon="-123.259080"></trkpt><trkpt lat="42.733842" lon="-123.259030"></trkpt><trkpt lat="42.733754" lon="-123.259143"></trkpt><trkpt lat="42.733617" lon="-123.259593"></trkpt></trkseg></trk><trk><name>Tailings - Placer</name><desc>USMIN Tailings - Placer | topo: Glendale (1954) 1:62500 | src: USGS USMIN</desc><trkseg><trkpt lat="42.687604" lon="-123.320887"></trkpt><trkpt lat="42.687499" lon="-123.321225"></trkpt><trkpt lat="42.687338" lon="-123.321663"></trkpt><trkpt lat="42.687183" lon="-123.322288"></trkpt><trkpt lat="42.687139" lon="-123.322582"></trkpt><trkpt lat="42.687061" lon="-123.323025"></trkpt><trkpt lat="42.686812" lon="-123.323512"></trkpt><trkpt lat="42.686773" lon="-123.323756"></trkpt><trkpt lat="42.686668" lon="-123.324049"></trkpt><trkpt lat="42.686402" lon="-123.324426"></trkpt><trkpt lat="42.686258" lon="-123.324764"></trkpt><trkpt lat="42.685943" lon="-123.325256"></trkpt><trkpt lat="42.685538" lon="-123.325683"></trkpt><trkpt lat="42.685350" lon="-123.325960"></trkpt><trkpt lat="42.685084" lon="-123.326264"></trkpt><trkpt lat="42.684901" lon="-123.326635"></trkpt><trkpt lat="42.684602" lon="-123.326890"></trkpt><trkpt lat="42.684425" lon="-123.327040"></trkpt><trkpt lat="42.684110" lon="-123.327178"></trkpt><trkpt lat="42.683755" lon="-123.327339"></trkpt><trkpt lat="42.683495" lon="-123.327621"></trkpt><trkpt lat="42.683567" lon="-123.327970"></trkpt><trkpt lat="42.683977" lon="-123.327577"></trkpt><trkpt lat="42.684170" lon="-123.327510"></trkpt><trkpt lat="42.684558" lon="-123.327311"></trkpt><trkpt lat="42.684813" lon="-123.327051"></trkpt><trkpt lat="42.685095" lon="-123.326696"></trkpt><trkpt lat="42.685295" lon="-123.326414"></trkpt><trkpt lat="42.685649" lon="-123.326137"></trkpt><trkpt lat="42.685898" lon="-123.325766"></trkpt><trkpt lat="42.686136" lon="-123.325915"></trkpt><trkpt lat="42.686391" lon="-123.325777"></trkpt><trkpt lat="42.686629" lon="-123.325633"></trkpt><trkpt lat="42.686950" lon="-123.325179"></trkpt><trkpt lat="42.687116" lon="-123.324852"></trkpt><trkpt lat="42.687288" lon="-123.324382"></trkpt><trkpt lat="42.687382" lon="-123.324182"></trkpt><trkpt lat="42.687471" lon="-123.323844"></trkpt><trkpt lat="42.687548" lon="-123.323440"></trkpt><trkpt lat="42.687703" lon="-123.322997"></trkpt><trkpt lat="42.687803" lon="-123.322604"></trkpt><trkpt lat="42.687947" lon="-123.322266"></trkpt><trkpt lat="42.687637" lon="-123.321657"></trkpt><trkpt lat="42.687737" lon="-123.321297"></trkpt><trkpt lat="42.687770" lon="-123.321020"></trkpt><trkpt lat="42.687958" lon="-123.320693"></trkpt><trkpt lat="42.687881" lon="-123.320555"></trkpt><trkpt lat="42.687604" lon="-123.320887"></trkpt></trkseg></trk><trk><name>Tailings - Undifferentiated</name><desc>USMIN Tailings - Undifferentiated | topo: Glendale (1954) 1:62500 | src: USGS USMIN</desc><trkseg><trkpt lat="42.714708" lon="-123.341584"></trkpt><trkpt lat="42.714752" lon="-123.341799"></trkpt><trkpt lat="42.714664" lon="-123.341965"></trkpt><trkpt lat="42.714384" lon="-123.342500"></trkpt><trkpt lat="42.714322" lon="-123.342742"></trkpt><trkpt lat="42.714235" lon="-123.343092"></trkpt><trkpt lat="42.714077" lon="-123.343342"></trkpt><trkpt lat="42.713985" lon="-123.343693"></trkpt><trkpt lat="42.714011" lon="-123.344057"></trkpt><trkpt lat="42.714261" lon="-123.344605"></trkpt><trkpt lat="42.714441" lon="-123.344614"></trkpt><trkpt lat="42.714507" lon="-123.344588"></trkpt><trkpt lat="42.714634" lon="-123.344281"></trkpt><trkpt lat="42.714822" lon="-123.344092"></trkpt><trkpt lat="42.714998" lon="-123.343645"></trkpt><trkpt lat="42.715112" lon="-123.343360"></trkpt><trkpt lat="42.715199" lon="-123.343057"></trkpt><trkpt lat="42.715397" lon="-123.342351"></trkpt><trkpt lat="42.715511" lon="-123.342066"></trkpt><trkpt lat="42.715603" lon="-123.341632"></trkpt><trkpt lat="42.715712" lon="-123.341317"></trkpt><trkpt lat="42.715835" lon="-123.340821"></trkpt><trkpt lat="42.715870" lon="-123.340650"></trkpt><trkpt lat="42.715594" lon="-123.340115"></trkpt><trkpt lat="42.715506" lon="-123.340027"></trkpt><trkpt lat="42.715410" lon="-123.340032"></trkpt><trkpt lat="42.715226" lon="-123.340242"></trkpt><trkpt lat="42.715204" lon="-123.340497"></trkpt><trkpt lat="42.715116" lon="-123.340646"></trkpt><trkpt lat="42.715112" lon="-123.340970"></trkpt><trkpt lat="42.715028" lon="-123.341233"></trkpt><trkpt lat="42.714708" lon="-123.341584"></trkpt></trkseg></trk><trk><name>Windy Gap [APPROX quarter-section]</name><desc>lode | serial OR105788577 | 20.66 ac | Filed | qtr-sec OR 33 0330S 0080W 012 A NWNW|OR 33 0330S 0080W 012 A NENW|OR 33 0330S 0080W 012 A SENW|OR 33 0330S 0080W 012 A SWNW|OR 33 0330S 0080W 012 A NW | recorded~2022 (DB date, not legal located date) | src: BLM MLRS Not Closed | APPROX (BLM quarter-se…</desc><trkseg><trkpt lat="42.717322" lon="-123.592538"></trkpt><trkpt lat="42.717333" lon="-123.597462"></trkpt><trkpt lat="42.717344" lon="-123.602386"></trkpt><trkpt lat="42.720958" lon="-123.602386"></trkpt><trkpt lat="42.724571" lon="-123.602386"></trkpt><trkpt lat="42.724565" lon="-123.597457"></trkpt><trkpt lat="42.724559" lon="-123.592528"></trkpt><trkpt lat="42.720941" lon="-123.592533"></trkpt><trkpt lat="42.717322" lon="-123.592538"></trkpt></trkseg></trk><trk><name>The Vault [APPROX quarter-section]</name><desc>lode | serial OR105795358 | 20.66 ac | Active | qtr-sec OR 33 0330S 0040W 005 A NE|OR 33 0330S 0040W 005 A SWNE|OR 33 0330S 0040W 005 A SENE|OR 33 0330S 0040W 005 A Government Lot 1|OR 33 0330S 0040W 005 A Government Lot 2 | recorded~2022 (DB date, not legal located date) | src: BLM MLRS Not Closed…</desc><trkseg><trkpt lat="42.724367" lon="-123.204891"></trkpt><trkpt lat="42.724254" lon="-123.209348"></trkpt><trkpt lat="42.727822" lon="-123.209176"></trkpt><trkpt lat="42.731390" lon="-123.209003"></trkpt><trkpt lat="42.733217" lon="-123.208872"></trkpt><trkpt lat="42.735044" lon="-123.208740"></trkpt><trkpt lat="42.737679" lon="-123.208552"></trkpt><trkpt lat="42.737643" lon="-123.205650"></trkpt><trkpt lat="42.737623" lon="-123.204034"></trkpt><trkpt lat="42.737606" lon="-123.202657"></trkpt><trkpt lat="42.737621" lon="-123.200838"></trkpt><trkpt lat="42.737633" lon="-123.199518"></trkpt><trkpt lat="42.737664" lon="-123.196025"></trkpt><trkpt lat="42.737673" lon="-123.194999"></trkpt><trkpt lat="42.737688" lon="-123.193263"></trkpt><trkpt lat="42.737698" lon="-123.191213"></trkpt><trkpt lat="42.737702" lon="-123.190482"></trkpt><trkpt lat="42.735171" lon="-123.190475"></trkpt><trkpt lat="42.733030" lon="-123.190469"></trkpt><trkpt lat="42.731708" lon="-123.190470"></trkpt><trkpt lat="42.728104" lon="-123.190494"></trkpt><trkpt lat="42.724500" lon="-123.190518"></trkpt><trkpt lat="42.724490" lon="-123.195476"></trkpt><trkpt lat="42.724480" lon="-123.200433"></trkpt><trkpt lat="42.724423" lon="-123.202662"></trkpt><trkpt lat="42.724367" lon="-123.204891"></trkpt></trkseg></trk><trk><name>Oro Grande [APPROX quarter-section]</name><desc>lode | serial OR105805591 | 20.66 ac | Active | qtr-sec OR 33 0350S 0050W 028 A SE|OR 33 0350S 0050W 028 A Remainder Aliquot Part NESESESE|OR 33 0350S 0050W 028 A NESE|OR 33 0350S 0050W 028 A NWSE|OR 33 0350S 0050W 028 A Remainder Aliquot Part NWSWSESE|OR 33 0350S 0050W 028 A Remainder Aliquot Part…</desc><trkseg><trkpt lat="42.681134" lon="-123.309023"></trkpt><trkpt lat="42.681120" lon="-123.306768"></trkpt><trkpt lat="42.681102" lon="-123.304025"></trkpt><trkpt lat="42.681086" lon="-123.301551"></trkpt><trkpt lat="42.681067" lon="-123.299027"></trkpt><trkpt lat="42.681073" lon="-123.294109"></trkpt><trkpt lat="42.681083" lon="-123.291436"></trkpt><trkpt lat="42.681089" lon="-123.289178"></trkpt><trkpt lat="42.680254" lon="-123.289178"></trkpt><trkpt lat="42.680000" lon="-123.289177"></trkpt><trkpt lat="42.680000" lon="-123.309030"></trkpt><trkpt lat="42.681134" lon="-123.309023"></trkpt></trkseg></trk><trk><name>Trade Dollar [APPROX quarter-section]</name><desc>lode | serial OR105820978 | 20.66 ac | Active | qtr-sec OR 33 0330S 0080W 023 A Remainder Aliquot Part SENENE|OR 33 0330S 0080W 023 A NWNE|OR 33 0330S 0080W 023 A Remainder Aliquot Part SESENE|OR 33 0330S 0080W 023 A Remainder Aliquot Part NWNENE|OR 33 0330S 0080W 023 A Remainder Aliquot Part SWNEN…</desc><trkseg><trkpt lat="42.690182" lon="-123.602388"></trkpt><trkpt lat="42.688357" lon="-123.602387"></trkpt><trkpt lat="42.688353" lon="-123.604842"></trkpt><trkpt lat="42.688349" lon="-123.607297"></trkpt><trkpt lat="42.688341" lon="-123.612206"></trkpt><trkpt lat="42.691985" lon="-123.612205"></trkpt><trkpt lat="42.695630" lon="-123.612205"></trkpt><trkpt lat="42.695642" lon="-123.607297"></trkpt><trkpt lat="42.695649" lon="-123.604844"></trkpt><trkpt lat="42.695655" lon="-123.602390"></trkpt><trkpt lat="42.693831" lon="-123.602389"></trkpt><trkpt lat="42.692006" lon="-123.602389"></trkpt><trkpt lat="42.690182" lon="-123.602388"></trkpt></trkseg></trk><trk><name>Blalock [APPROX quarter-section]</name><desc>lode | serial OR105832353 | 20.66 ac | Active | qtr-sec OR 33 0330S 0050W 021 A SW|OR 33 0330S 0050W 021 A NWSW|OR 33 0330S 0050W 021 A Government Lot 6|OR 33 0330S 0050W 021 A Government Lot 1|OR 33 0330S 0050W 021 A SW|OR 33 0330S 0050W 021 A SW|OR 33 0330S 0050W 021 A Government Lot 2|OR 33 0330…</desc><trkseg><trkpt lat="42.684737" lon="-123.309022"></trkpt><trkpt lat="42.688341" lon="-123.309022"></trkpt><trkpt lat="42.691975" lon="-123.309036"></trkpt><trkpt lat="42.695609" lon="-123.309044"></trkpt><trkpt lat="42.695616" lon="-123.304103"></trkpt><trkpt lat="42.695624" lon="-123.299163"></trkpt><trkpt lat="42.695571" lon="-123.294142"></trkpt><trkpt lat="42.695519" lon="-123.289115"></trkpt><trkpt lat="42.692454" lon="-123.289128"></trkpt><trkpt lat="42.691908" lon="-123.289130"></trkpt><trkpt lat="42.690711" lon="-123.289136"></trkpt><trkpt lat="42.688298" lon="-123.289173"></trkpt><trkpt lat="42.684693" lon="-123.289176"></trkpt><trkpt lat="42.681089" lon="-123.289178"></trkpt><trkpt lat="42.681083" lon="-123.291436"></trkpt><trkpt lat="42.681073" lon="-123.294109"></trkpt><trkpt lat="42.681067" lon="-123.299027"></trkpt><trkpt lat="42.681086" lon="-123.301551"></trkpt><trkpt lat="42.681102" lon="-123.304025"></trkpt><trkpt lat="42.681120" lon="-123.306768"></trkpt><trkpt lat="42.681134" lon="-123.309023"></trkpt><trkpt lat="42.684737" lon="-123.309022"></trkpt></trkseg></trk><trk><name>CONTENTION [APPROX quarter-section]</name><desc>lode | serial ORMC142433 | 20.66 ac | Active | qtr-sec OR 33 0310S 0050W 007 A SW | recorded~2021 (DB date, not legal located date) | src: BLM MLRS Not Closed | APPROX (BLM quarter-section)</desc><trkseg><trkpt lat="42.884147" lon="-123.347663"></trkpt><trkpt lat="42.886710" lon="-123.347639"></trkpt><trkpt lat="42.887610" lon="-123.347631"></trkpt><trkpt lat="42.890332" lon="-123.347606"></trkpt><trkpt lat="42.891073" lon="-123.347593"></trkpt><trkpt lat="42.891052" lon="-123.342928"></trkpt><trkpt lat="42.891031" lon="-123.338225"></trkpt><trkpt lat="42.887450" lon="-123.338165"></trkpt><trkpt lat="42.883869" lon="-123.338106"></trkpt><trkpt lat="42.884012" lon="-123.343019"></trkpt><trkpt lat="42.884147" lon="-123.347663"></trkpt></trkseg></trk><trk><name>FORGET ME NOT #2 [APPROX quarter-section]</name><desc>lode | serial ORMC15700 | 20.66 ac | Active | qtr-sec OR 33 0330S 0050W 012 A NE | recorded~2021 (DB date, not legal located date) | src: BLM MLRS Not Closed | APPROX (BLM quarter-section)</desc><trkseg><trkpt lat="42.720736" lon="-123.238621"></trkpt><trkpt lat="42.724404" lon="-123.238358"></trkpt><trkpt lat="42.724353" lon="-123.233388"></trkpt><trkpt lat="42.724303" lon="-123.228419"></trkpt><trkpt lat="42.720718" lon="-123.228726"></trkpt><trkpt lat="42.717132" lon="-123.229034"></trkpt><trkpt lat="42.717100" lon="-123.233959"></trkpt><trkpt lat="42.717068" lon="-123.238883"></trkpt><trkpt lat="42.720736" lon="-123.238621"></trkpt></trkseg></trk><trk><name>OLYMPIA [APPROX quarter-section]</name><desc>lode | serial ORMC157633 | 19.69 ac | Active | qtr-sec OR 33 0330S 0050W 014 A SW|OR 33 0330S 0050W 015 A SE|OR 33 0330S 0050W 022 A NE | recorded~2021 (DB date, not legal located date) | src: BLM MLRS Not Closed | APPROX (BLM quarter-section)</desc><trkseg><trkpt lat="42.688317" lon="-123.279251"></trkpt><trkpt lat="42.691898" lon="-123.279255"></trkpt><trkpt lat="42.695479" lon="-123.279260"></trkpt><trkpt lat="42.699143" lon="-123.279234"></trkpt><trkpt lat="42.702807" lon="-123.279208"></trkpt><trkpt lat="42.702820" lon="-123.276735"></trkpt><trkpt lat="42.702833" lon="-123.274261"></trkpt><trkpt lat="42.702859" lon="-123.269315"></trkpt><trkpt lat="42.702750" lon="-123.264287"></trkpt><trkpt lat="42.702642" lon="-123.259259"></trkpt><trkpt lat="42.698953" lon="-123.259235"></trkpt><trkpt lat="42.695265" lon="-123.259210"></trkpt><trkpt lat="42.695423" lon="-123.264251"></trkpt><trkpt lat="42.695582" lon="-123.269292"></trkpt><trkpt lat="42.691959" lon="-123.269279"></trkpt><trkpt lat="42.689464" lon="-123.269270"></trkpt><trkpt lat="42.688335" lon="-123.269266"></trkpt><trkpt lat="42.688332" lon="-123.271030"></trkpt><trkpt lat="42.688326" lon="-123.274258"></trkpt><trkpt lat="42.688317" lon="-123.279251"></trkpt></trkseg></trk><trk><name>ROGUE GEM &amp; GEO #3 [APPROX quarter-section]</name><desc>lode | serial ORMC160899 | 15.0 ac | Active | qtr-sec OR 33 0300S 0070W 034 A NW|OR 33 0300S 0070W 034 A NE|OR 33 0300S 0070W 034 A SW|OR 33 0300S 0070W 034 A SE | recorded~2021 (DB date, not legal located date) | src: BLM MLRS Not Closed | APPROX (BLM quarter-section)</desc><trkseg><trkpt lat="42.917289" lon="-123.506662"></trkpt><trkpt lat="42.913611" lon="-123.506655"></trkpt><trkpt lat="42.913576" lon="-123.511589"></trkpt><trkpt lat="42.913540" lon="-123.516522"></trkpt><trkpt lat="42.913548" lon="-123.521471"></trkpt><trkpt lat="42.913554" lon="-123.523944"></trkpt><trkpt lat="42.913556" lon="-123.526419"></trkpt><trkpt lat="42.917166" lon="-123.526385"></trkpt><trkpt lat="42.918069" lon="-123.526377"></trkpt><trkpt lat="42.918971" lon="-123.526369"></trkpt><trkpt lat="42.919874" lon="-123.526360"></trkpt><trkpt lat="42.920776" lon="-123.526352"></trkpt><trkpt lat="42.924344" lon="-123.526232"></trkpt><trkpt lat="42.927913" lon="-123.526112"></trkpt><trkpt lat="42.927900" lon="-123.521358"></trkpt><trkpt lat="42.927891" lon="-123.516609"></trkpt><trkpt lat="42.927853" lon="-123.511708"></trkpt><trkpt lat="42.927816" lon="-123.506807"></trkpt><trkpt lat="42.926104" lon="-123.506773"></trkpt><trkpt lat="42.924393" lon="-123.506739"></trkpt><trkpt lat="42.920966" lon="-123.506668"></trkpt><trkpt lat="42.917289" lon="-123.506662"></trkpt></trkseg></trk><trk><name>DEWEY [APPROX quarter-section]</name><desc>lode | serial ORMC161037 | 20.66 ac | Active | qtr-sec OR 33 0330S 0050W 022 A NE|OR 33 0330S 0050W 023 A NW | recorded~2021 (DB date, not legal located date) | src: BLM MLRS Not Closed | APPROX (BLM quarter-section)</desc><trkseg><trkpt lat="42.695423" lon="-123.264251"></trkpt><trkpt lat="42.695265" lon="-123.259210"></trkpt><trkpt lat="42.691683" lon="-123.259187"></trkpt><trkpt lat="42.688101" lon="-123.259165"></trkpt><trkpt lat="42.688218" lon="-123.264215"></trkpt><trkpt lat="42.688310" lon="-123.268191"></trkpt><trkpt lat="42.688335" lon="-123.269266"></trkpt><trkpt lat="42.688332" lon="-123.271030"></trkpt><trkpt lat="42.688326" lon="-123.274258"></trkpt><trkpt lat="42.688317" lon="-123.279251"></trkpt><trkpt lat="42.691898" lon="-123.279255"></trkpt><trkpt lat="42.695479" lon="-123.279260"></trkpt><trkpt lat="42.695531" lon="-123.274276"></trkpt><trkpt lat="42.695582" lon="-123.269292"></trkpt><trkpt lat="42.695423" lon="-123.264251"></trkpt></trkseg></trk><trk><name>OREL [APPROX quarter-section]</name><desc>lode | serial ORMC161038 | 20.66 ac | Active | qtr-sec OR 33 0330S 0050W 022 A NE|OR 33 0330S 0050W 023 A NW | recorded~2021 (DB date, not legal located date) | src: BLM MLRS Not Closed | APPROX (BLM quarter-section)</desc><trkseg><trkpt lat="42.695423" lon="-123.264251"></trkpt><trkpt lat="42.695265" lon="-123.259210"></trkpt><trkpt lat="42.691683" lon="-123.259187"></trkpt><trkpt lat="42.688101" lon="-123.259165"></trkpt><trkpt lat="42.688218" lon="-123.264215"></trkpt><trkpt lat="42.688310" lon="-123.268191"></trkpt><trkpt lat="42.688335" lon="-123.269266"></trkpt><trkpt lat="42.688332" lon="-123.271030"></trkpt><trkpt lat="42.688326" lon="-123.274258"></trkpt><trkpt lat="42.688317" lon="-123.279251"></trkpt><trkpt lat="42.691898" lon="-123.279255"></trkpt><trkpt lat="42.695479" lon="-123.279260"></trkpt><trkpt lat="42.695531" lon="-123.274276"></trkpt><trkpt lat="42.695582" lon="-123.269292"></trkpt><trkpt lat="42.695423" lon="-123.264251"></trkpt></trkseg></trk><trk><name>SPOTTED FAWN [APPROX quarter-section]</name><desc>lode | serial ORMC161039 | 20.66 ac | Active | qtr-sec OR 33 0330S 0050W 022 A NE | recorded~2021 (DB date, not legal located date) | src: BLM MLRS Not Closed | APPROX (BLM quarter-section)</desc><trkseg><trkpt lat="42.688317" lon="-123.279251"></trkpt><trkpt lat="42.691898" lon="-123.279255"></trkpt><trkpt lat="42.695479" lon="-123.279260"></trkpt><trkpt lat="42.695531" lon="-123.274276"></trkpt><trkpt lat="42.695582" lon="-123.269292"></trkpt><trkpt lat="42.691959" lon="-123.269279"></trkpt><trkpt lat="42.689464" lon="-123.269270"></trkpt><trkpt lat="42.688335" lon="-123.269266"></trkpt><trkpt lat="42.688332" lon="-123.271030"></trkpt><trkpt lat="42.688326" lon="-123.274258"></trkpt><trkpt lat="42.688317" lon="-123.279251"></trkpt></trkseg></trk><trk><name>FRANDOR II [APPROX quarter-section]</name><desc>lode | serial ORMC166409 | 20.66 ac | Active | qtr-sec OR 33 0330S 0050W 022 A SW | recorded~2021 (DB date, not legal located date) | src: BLM MLRS Not Closed | APPROX (BLM quarter-section)</desc><trkseg><trkpt lat="42.684693" lon="-123.289176"></trkpt><trkpt lat="42.688298" lon="-123.289173"></trkpt><trkpt lat="42.688307" lon="-123.284212"></trkpt><trkpt lat="42.688317" lon="-123.279251"></trkpt><trkpt lat="42.684690" lon="-123.279246"></trkpt><trkpt lat="42.682876" lon="-123.279244"></trkpt><trkpt lat="42.681062" lon="-123.279241"></trkpt><trkpt lat="42.681069" lon="-123.281726"></trkpt><trkpt lat="42.681076" lon="-123.284210"></trkpt><trkpt lat="42.681089" lon="-123.289178"></trkpt><trkpt lat="42.684693" lon="-123.289176"></trkpt></trkseg></trk><trk><name>PYX [APPROX quarter-section]</name><desc>lode | serial ORMC170835 | 20.66 ac | Active | qtr-sec OR 33 0330S 0080W 023 A SE|OR 33 0330S 0080W 026 A NE | recorded~2021 (DB date, not legal located date) | src: BLM MLRS Not Closed | APPROX (BLM quarter-section)</desc><trkseg><trkpt lat="42.681067" lon="-123.612207"></trkpt><trkpt lat="42.684704" lon="-123.612207"></trkpt><trkpt lat="42.688341" lon="-123.612206"></trkpt><trkpt lat="42.688349" lon="-123.607297"></trkpt><trkpt lat="42.688353" lon="-123.604842"></trkpt><trkpt lat="42.688357" lon="-123.602387"></trkpt><trkpt lat="42.686533" lon="-123.602386"></trkpt><trkpt lat="42.684708" lon="-123.602386"></trkpt><trkpt lat="42.682884" lon="-123.602385"></trkpt><trkpt lat="42.681059" lon="-123.602384"></trkpt><trkpt lat="42.680000" lon="-123.602384"></trkpt><trkpt lat="42.680000" lon="-123.612208"></trkpt><trkpt lat="42.681067" lon="-123.612207"></trkpt></trkseg></trk><trk><name>CHEROKEE 7 [APPROX quarter-section]</name><desc>lode | serial ORMC170909 | 20.66 ac | Active | qtr-sec OR 33 0310S 0050W 007 A SW | recorded~2021 (DB date, not legal located date) | src: BLM MLRS Not Closed | APPROX (BLM quarter-section)</desc><trkseg><trkpt lat="42.884147" lon="-123.347663"></trkpt><trkpt lat="42.886710" lon="-123.347639"></trkpt><trkpt lat="42.887610" lon="-123.347631"></trkpt><trkpt lat="42.890332" lon="-123.347606"></trkpt><trkpt lat="42.891073" lon="-123.347593"></trkpt><trkpt lat="42.891052" lon="-123.342928"></trkpt><trkpt lat="42.891031" lon="-123.338225"></trkpt><trkpt lat="42.887450" lon="-123.338165"></trkpt><trkpt lat="42.883869" lon="-123.338106"></trkpt><trkpt lat="42.884012" lon="-123.343019"></trkpt><trkpt lat="42.884147" lon="-123.347663"></trkpt></trkseg></trk><trk><name>SR HUCKLEBERRY [APPROX quarter-section]</name><desc>lode | serial ORMC171081 | 20.66 ac | Active | qtr-sec OR 33 0310S 0050W 007 A SE | recorded~2021 (DB date, not legal located date) | src: BLM MLRS Not Closed | APPROX (BLM quarter-section)</desc><trkseg><trkpt lat="42.883869" lon="-123.338106"></trkpt><trkpt lat="42.887450" lon="-123.338165"></trkpt><trkpt lat="42.891031" lon="-123.338225"></trkpt><trkpt lat="42.891009" lon="-123.333479"></trkpt><trkpt lat="42.890987" lon="-123.328733"></trkpt><trkpt lat="42.887277" lon="-123.328492"></trkpt><trkpt lat="42.883567" lon="-123.328250"></trkpt><trkpt lat="42.883718" lon="-123.333178"></trkpt><trkpt lat="42.883869" lon="-123.338106"></trkpt></trkseg></trk><trk><name>COPPER KING [APPROX quarter-section]</name><desc>lode | serial ORMC171712 | 20.66 ac | Active | qtr-sec OR 33 0330S 0040W 017 A SW | recorded~2021 (DB date, not legal located date) | src: BLM MLRS Not Closed | APPROX (BLM quarter-section)</desc><trkseg><trkpt lat="42.695406" lon="-123.200501"></trkpt><trkpt lat="42.695362" lon="-123.205479"></trkpt><trkpt lat="42.695318" lon="-123.210457"></trkpt><trkpt lat="42.698954" lon="-123.210429"></trkpt><trkpt lat="42.700772" lon="-123.210415"></trkpt><trkpt lat="42.702590" lon="-123.210401"></trkpt><trkpt lat="42.702610" lon="-123.207919"></trkpt><trkpt lat="42.702630" lon="-123.205437"></trkpt><trkpt lat="42.702651" lon="-123.202954"></trkpt><trkpt lat="42.702671" lon="-123.200472"></trkpt><trkpt lat="42.700855" lon="-123.200479"></trkpt><trkpt lat="42.699039" lon="-123.200487"></trkpt><trkpt lat="42.695406" lon="-123.200501"></trkpt></trkseg></trk><trk><name>FRANDOR 1 [APPROX quarter-section]</name><desc>lode | serial ORMC175110 | 20.66 ac | Active | qtr-sec OR 33 0330S 0050W 022 A SW | recorded~2021 (DB date, not legal located date) | src: BLM MLRS Not Closed | APPROX (BLM quarter-section)</desc><trkseg><trkpt lat="42.684693" lon="-123.289176"></trkpt><trkpt lat="42.688298" lon="-123.289173"></trkpt><trkpt lat="42.688307" lon="-123.284212"></trkpt><trkpt lat="42.688317" lon="-123.279251"></trkpt><trkpt lat="42.684690" lon="-123.279246"></trkpt><trkpt lat="42.682876" lon="-123.279244"></trkpt><trkpt lat="42.681062" lon="-123.279241"></trkpt><trkpt lat="42.681069" lon="-123.281726"></trkpt><trkpt lat="42.681076" lon="-123.284210"></trkpt><trkpt lat="42.681089" lon="-123.289178"></trkpt><trkpt lat="42.684693" lon="-123.289176"></trkpt></trkseg></trk><trk><name>FRANDOR 3 [APPROX quarter-section]</name><desc>lode | serial ORMC175111 | 20.66 ac | Active | qtr-sec OR 33 0330S 0050W 022 A SW | recorded~2021 (DB date, not legal located date) | src: BLM MLRS Not Closed | APPROX (BLM quarter-section)</desc><trkseg><trkpt lat="42.684693" lon="-123.289176"></trkpt><trkpt lat="42.688298" lon="-123.289173"></trkpt><trkpt lat="42.688307" lon="-123.284212"></trkpt><trkpt lat="42.688317" lon="-123.279251"></trkpt><trkpt lat="42.684690" lon="-123.279246"></trkpt><trkpt lat="42.682876" lon="-123.279244"></trkpt><trkpt lat="42.681062" lon="-123.279241"></trkpt><trkpt lat="42.681069" lon="-123.281726"></trkpt><trkpt lat="42.681076" lon="-123.284210"></trkpt><trkpt lat="42.681089" lon="-123.289178"></trkpt><trkpt lat="42.684693" lon="-123.289176"></trkpt></trkseg></trk><trk><name>FRANDOR 4 [APPROX quarter-section]</name><desc>lode | serial ORMC175112 | 20.66 ac | Active | qtr-sec OR 33 0330S 0050W 022 A SW | recorded~2021 (DB date, not legal located date) | src: BLM MLRS Not Closed | APPROX (BLM quarter-section)</desc><trkseg><trkpt lat="42.684693" lon="-123.289176"></trkpt><trkpt lat="42.688298" lon="-123.289173"></trkpt><trkpt lat="42.688307" lon="-123.284212"></trkpt><trkpt lat="42.688317" lon="-123.279251"></trkpt><trkpt lat="42.684690" lon="-123.279246"></trkpt><trkpt lat="42.682876" lon="-123.279244"></trkpt><trkpt lat="42.681062" lon="-123.279241"></trkpt><trkpt lat="42.681069" lon="-123.281726"></trkpt><trkpt lat="42.681076" lon="-123.284210"></trkpt><trkpt lat="42.681089" lon="-123.289178"></trkpt><trkpt lat="42.684693" lon="-123.289176"></trkpt></trkseg></trk><trk><name>FRANDOR 5 [APPROX quarter-section]</name><desc>lode | serial ORMC175113 | 9.183 ac | Active | qtr-sec OR 33 0330S 0050W 022 A SW | recorded~2021 (DB date, not legal located date) | src: BLM MLRS Not Closed | APPROX (BLM quarter-section)</desc><trkseg><trkpt lat="42.684693" lon="-123.289176"></trkpt><trkpt lat="42.688298" lon="-123.289173"></trkpt><trkpt lat="42.688307" lon="-123.284212"></trkpt><trkpt lat="42.688317" lon="-123.279251"></trkpt><trkpt lat="42.684690" lon="-123.279246"></trkpt><trkpt lat="42.682876" lon="-123.279244"></trkpt><trkpt lat="42.681062" lon="-123.279241"></trkpt><trkpt lat="42.681069" lon="-123.281726"></trkpt><trkpt lat="42.681076" lon="-123.284210"></trkpt><trkpt lat="42.681089" lon="-123.289178"></trkpt><trkpt lat="42.684693" lon="-123.289176"></trkpt></trkseg></trk><trk><name>HORSESHOE LOAD EXT 3 [APPROX quarter-section]</name><desc>lode | serial ORMC176896 | 20.66 ac | Active | qtr-sec OR 33 0330S 0050W 028 A NW | recorded~2021 (DB date, not legal located date) | src: BLM MLRS Not Closed | APPROX (BLM quarter-section)</desc><trkseg><trkpt lat="42.681134" lon="-123.309023"></trkpt><trkpt lat="42.681120" lon="-123.306768"></trkpt><trkpt lat="42.681102" lon="-123.304025"></trkpt><trkpt lat="42.681086" lon="-123.301551"></trkpt><trkpt lat="42.681067" lon="-123.299027"></trkpt><trkpt lat="42.680000" lon="-123.299027"></trkpt><trkpt lat="42.680000" lon="-123.309030"></trkpt><trkpt lat="42.681134" lon="-123.309023"></trkpt></trkseg></trk><trk><name>HORSESHOE LOAD EXT 4 [APPROX quarter-section]</name><desc>lode | serial ORMC176897 | 20.66 ac | Active | qtr-sec OR 33 0330S 0050W 028 A NW|OR 33 0330S 0050W 028 A NE | recorded~2021 (DB date, not legal located date) | src: BLM MLRS Not Closed | APPROX (BLM quarter-section)</desc><trkseg><trkpt lat="42.681134" lon="-123.309023"></trkpt><trkpt lat="42.681120" lon="-123.306768"></trkpt><trkpt lat="42.681102" lon="-123.304025"></trkpt><trkpt lat="42.681086" lon="-123.301551"></trkpt><trkpt lat="42.681067" lon="-123.299027"></trkpt><trkpt lat="42.681073" lon="-123.294109"></trkpt><trkpt lat="42.681083" lon="-123.291436"></trkpt><trkpt lat="42.681089" lon="-123.289178"></trkpt><trkpt lat="42.680254" lon="-123.289178"></trkpt><trkpt lat="42.680000" lon="-123.289177"></trkpt><trkpt lat="42.680000" lon="-123.309030"></trkpt><trkpt lat="42.681134" lon="-123.309023"></trkpt></trkseg></trk><trk><name>HORSESHOE LOAD EXT 5 [APPROX quarter-section]</name><desc>lode | serial ORMC176898 | 20.66 ac | Active | qtr-sec OR 33 0330S 0050W 028 A NW|OR 33 0330S 0050W 028 A NE | recorded~2021 (DB date, not legal located date) | src: BLM MLRS Not Closed | APPROX (BLM quarter-section)</desc><trkseg><trkpt lat="42.681134" lon="-123.309023"></trkpt><trkpt lat="42.681120" lon="-123.306768"></trkpt><trkpt lat="42.681102" lon="-123.304025"></trkpt><trkpt lat="42.681086" lon="-123.301551"></trkpt><trkpt lat="42.681067" lon="-123.299027"></trkpt><trkpt lat="42.681073" lon="-123.294109"></trkpt><trkpt lat="42.681083" lon="-123.291436"></trkpt><trkpt lat="42.681089" lon="-123.289178"></trkpt><trkpt lat="42.680254" lon="-123.289178"></trkpt><trkpt lat="42.680000" lon="-123.289177"></trkpt><trkpt lat="42.680000" lon="-123.309030"></trkpt><trkpt lat="42.681134" lon="-123.309023"></trkpt></trkseg></trk><trk><name>HORSESHOE LOAD EXT 6 [APPROX quarter-section]</name><desc>lode | serial ORMC176899 | 20.66 ac | Active | qtr-sec OR 33 0330S 0050W 028 A NW|OR 33 0330S 0050W 028 A NE | recorded~2021 (DB date, not legal located date) | src: BLM MLRS Not Closed | APPROX (BLM quarter-section)</desc><trkseg><trkpt lat="42.681134" lon="-123.309023"></trkpt><trkpt lat="42.681120" lon="-123.306768"></trkpt><trkpt lat="42.681102" lon="-123.304025"></trkpt><trkpt lat="42.681086" lon="-123.301551"></trkpt><trkpt lat="42.681067" lon="-123.299027"></trkpt><trkpt lat="42.681073" lon="-123.294109"></trkpt><trkpt lat="42.681083" lon="-123.291436"></trkpt><trkpt lat="42.681089" lon="-123.289178"></trkpt><trkpt lat="42.680254" lon="-123.289178"></trkpt><trkpt lat="42.680000" lon="-123.289177"></trkpt><trkpt lat="42.680000" lon="-123.309030"></trkpt><trkpt lat="42.681134" lon="-123.309023"></trkpt></trkseg></trk><trk><name>HORSESHOE LOAD EXT 7 [APPROX quarter-section]</name><desc>lode | serial ORMC176900 | 20.66 ac | Active | qtr-sec OR 33 0330S 0050W 028 A NW|OR 33 0330S 0050W 028 A SW | recorded~2021 (DB date, not legal located date) | src: BLM MLRS Not Closed | APPROX (BLM quarter-section)</desc><trkseg><trkpt lat="42.681134" lon="-123.309023"></trkpt><trkpt lat="42.681120" lon="-123.306768"></trkpt><trkpt lat="42.681102" lon="-123.304025"></trkpt><trkpt lat="42.681086" lon="-123.301551"></trkpt><trkpt lat="42.681067" lon="-123.299027"></trkpt><trkpt lat="42.680000" lon="-123.299027"></trkpt><trkpt lat="42.680000" lon="-123.309030"></trkpt><trkpt lat="42.681134" lon="-123.309023"></trkpt></trkseg></trk><trk><name>HORSESHOE LOAD EXT 8 [APPROX quarter-section]</name><desc>lode | serial ORMC176901 | 20.66 ac | Active | qtr-sec OR 33 0330S 0050W 028 A NW|OR 33 0330S 0050W 028 A NE|OR 33 0330S 0050W 028 A SW|OR 33 0330S 0050W 028 A SE | recorded~2021 (DB date, not legal located date) | src: BLM MLRS Not Closed | APPROX (BLM quarter-section)</desc><trkseg><trkpt lat="42.681134" lon="-123.309023"></trkpt><trkpt lat="42.681120" lon="-123.306768"></trkpt><trkpt lat="42.681102" lon="-123.304025"></trkpt><trkpt lat="42.681086" lon="-123.301551"></trkpt><trkpt lat="42.681067" lon="-123.299027"></trkpt><trkpt lat="42.681073" lon="-123.294109"></trkpt><trkpt lat="42.681083" lon="-123.291436"></trkpt><trkpt lat="42.681089" lon="-123.289178"></trkpt><trkpt lat="42.680254" lon="-123.289178"></trkpt><trkpt lat="42.680000" lon="-123.289177"></trkpt><trkpt lat="42.680000" lon="-123.309030"></trkpt><trkpt lat="42.681134" lon="-123.309023"></trkpt></trkseg></trk><trk><name>IOWA [APPROX quarter-section]</name><desc>lode | serial ORMC18189 | 20.66 ac | Active | qtr-sec OR 33 0330S 0080W 022 A SE|OR 33 0330S 0080W 023 A SW | recorded~2021 (DB date, not legal located date) | src: BLM MLRS Not Closed | APPROX (BLM quarter-section)</desc><trkseg><trkpt lat="42.688324" lon="-123.631871"></trkpt><trkpt lat="42.688325" lon="-123.626948"></trkpt><trkpt lat="42.688325" lon="-123.622026"></trkpt><trkpt lat="42.688333" lon="-123.617116"></trkpt><trkpt lat="42.688341" lon="-123.612206"></trkpt><trkpt lat="42.684704" lon="-123.612207"></trkpt><trkpt lat="42.681067" lon="-123.612207"></trkpt><trkpt lat="42.681071" lon="-123.617119"></trkpt><trkpt lat="42.681075" lon="-123.622030"></trkpt><trkpt lat="42.681073" lon="-123.623363"></trkpt><trkpt lat="42.681068" lon="-123.626949"></trkpt><trkpt lat="42.681064" lon="-123.629551"></trkpt><trkpt lat="42.681061" lon="-123.631093"></trkpt><trkpt lat="42.681060" lon="-123.631869"></trkpt><trkpt lat="42.681059" lon="-123.632635"></trkpt><trkpt lat="42.681654" lon="-123.631869"></trkpt><trkpt lat="42.684692" lon="-123.631870"></trkpt><trkpt lat="42.688324" lon="-123.631871"></trkpt></trkseg></trk><trk><name>IDAHO [APPROX quarter-section]</name><desc>lode | serial ORMC18190 | 20.66 ac | Active | qtr-sec OR 33 0330S 0080W 022 A SE|OR 33 0330S 0080W 023 A SW|OR 33 0330S 0080W 026 A NW|OR 33 0330S 0080W 027 A NE | recorded~2021 (DB date, not legal located date) | src: BLM MLRS Not Closed | APPROX (BLM quarter-section)</desc><trkseg><trkpt lat="42.681050" lon="-123.636794"></trkpt><trkpt lat="42.681059" lon="-123.632635"></trkpt><trkpt lat="42.681654" lon="-123.631869"></trkpt><trkpt lat="42.684692" lon="-123.631870"></trkpt><trkpt lat="42.688324" lon="-123.631871"></trkpt><trkpt lat="42.688325" lon="-123.626948"></trkpt><trkpt lat="42.688325" lon="-123.622026"></trkpt><trkpt lat="42.688333" lon="-123.617116"></trkpt><trkpt lat="42.688341" lon="-123.612206"></trkpt><trkpt lat="42.684704" lon="-123.612207"></trkpt><trkpt lat="42.681067" lon="-123.612207"></trkpt><trkpt lat="42.680000" lon="-123.612208"></trkpt><trkpt lat="42.680000" lon="-123.636795"></trkpt><trkpt lat="42.681050" lon="-123.636794"></trkpt></trkseg></trk><trk><name>BERKELEY [APPROX quarter-section]</name><desc>lode | serial ORMC18191 | 20.66 ac | Active | qtr-sec OR 33 0330S 0080W 023 A SW | recorded~2021 (DB date, not legal located date) | src: BLM MLRS Not Closed | APPROX (BLM quarter-section)</desc><trkseg><trkpt lat="42.681075" lon="-123.622030"></trkpt><trkpt lat="42.682108" lon="-123.622030"></trkpt><trkpt lat="42.682565" lon="-123.622029"></trkpt><trkpt lat="42.683303" lon="-123.622029"></trkpt><trkpt lat="42.684700" lon="-123.622028"></trkpt><trkpt lat="42.685695" lon="-123.622027"></trkpt><trkpt lat="42.686123" lon="-123.622027"></trkpt><trkpt lat="42.688325" lon="-123.622026"></trkpt><trkpt lat="42.688333" lon="-123.617116"></trkpt><trkpt lat="42.688341" lon="-123.612206"></trkpt><trkpt lat="42.684704" lon="-123.612207"></trkpt><trkpt lat="42.681067" lon="-123.612207"></trkpt><trkpt lat="42.681071" lon="-123.617119"></trkpt><trkpt lat="42.681075" lon="-123.622030"></trkpt></trkseg></trk><trk><name>POSER [APPROX quarter-section]</name><desc>lode | serial ORMC18192 | 20.66 ac | Active | qtr-sec OR 33 0330S 0080W 022 A SE|OR 33 0330S 0080W 023 A NW|OR 33 0330S 0080W 023 A SW | recorded~2021 (DB date, not legal located date) | src: BLM MLRS Not Closed | APPROX (BLM quarter-section)</desc><trkseg><trkpt lat="42.688324" lon="-123.631871"></trkpt><trkpt lat="42.688325" lon="-123.626948"></trkpt><trkpt lat="42.688325" lon="-123.622026"></trkpt><trkpt lat="42.691964" lon="-123.622023"></trkpt><trkpt lat="42.695604" lon="-123.622020"></trkpt><trkpt lat="42.695617" lon="-123.617112"></trkpt><trkpt lat="42.695630" lon="-123.612205"></trkpt><trkpt lat="42.691985" lon="-123.612205"></trkpt><trkpt lat="42.688341" lon="-123.612206"></trkpt><trkpt lat="42.684704" lon="-123.612207"></trkpt><trkpt lat="42.681067" lon="-123.612207"></trkpt><trkpt lat="42.681071" lon="-123.617119"></trkpt><trkpt lat="42.681075" lon="-123.622030"></trkpt><trkpt lat="42.681073" lon="-123.623363"></trkpt><trkpt lat="42.681068" lon="-123.626949"></trkpt><trkpt lat="42.681064" lon="-123.629551"></trkpt><trkpt lat="42.681061" lon="-123.631093"></trkpt><trkpt lat="42.681060" lon="-123.631869"></trkpt><trkpt lat="42.681059" lon="-123.632635"></trkpt><trkpt lat="42.681654" lon="-123.631869"></trkpt><trkpt lat="42.684692" lon="-123.631870"></trkpt><trkpt lat="42.688324" lon="-123.631871"></trkpt></trkseg></trk><trk><name>CONFIDENCE [APPROX quarter-section]</name><desc>lode | serial ORMC18193 | 20.66 ac | Active | qtr-sec OR 33 0330S 0080W 023 A NW|OR 33 0330S 0080W 023 A SW | recorded~2021 (DB date, not legal located date) | src: BLM MLRS Not Closed | APPROX (BLM quarter-section)</desc><trkseg><trkpt lat="42.681075" lon="-123.622030"></trkpt><trkpt lat="42.682108" lon="-123.622030"></trkpt><trkpt lat="42.682565" lon="-123.622029"></trkpt><trkpt lat="42.683303" lon="-123.622029"></trkpt><trkpt lat="42.684700" lon="-123.622028"></trkpt><trkpt lat="42.685695" lon="-123.622027"></trkpt><trkpt lat="42.686123" lon="-123.622027"></trkpt><trkpt lat="42.688325" lon="-123.622026"></trkpt><trkpt lat="42.691964" lon="-123.622023"></trkpt><trkpt lat="42.695604" lon="-123.622020"></trkpt><trkpt lat="42.695617" lon="-123.617112"></trkpt><trkpt lat="42.695630" lon="-123.612205"></trkpt><trkpt lat="42.691985" lon="-123.612205"></trkpt><trkpt lat="42.688341" lon="-123.612206"></trkpt><trkpt lat="42.684704" lon="-123.612207"></trkpt><trkpt lat="42.681067" lon="-123.612207"></trkpt><trkpt lat="42.681071" lon="-123.617119"></trkpt><trkpt lat="42.681075" lon="-123.622030"></trkpt></trkseg></trk><trk><name>WASHINGTON [APPROX quarter-section]</name><desc>lode | serial ORMC18194 | 20.66 ac | Active | qtr-sec OR 33 0330S 0080W 027 A NW|OR 33 0330S 0080W 027 A SW | recorded~2021 (DB date, not legal located date) | src: BLM MLRS Not Closed | APPROX (BLM quarter-section)</desc><trkseg><trkpt lat="42.681040" lon="-123.641720"></trkpt><trkpt lat="42.681050" lon="-123.636794"></trkpt><trkpt lat="42.680000" lon="-123.636795"></trkpt><trkpt lat="42.680000" lon="-123.641720"></trkpt><trkpt lat="42.681040" lon="-123.641720"></trkpt></trkseg></trk><trk><name>MONTANA [APPROX quarter-section]</name><desc>lode | serial ORMC18195 | 20.66 ac | Active | qtr-sec OR 33 0330S 0080W 027 A NW|OR 33 0330S 0080W 027 A NE | recorded~2021 (DB date, not legal located date) | src: BLM MLRS Not Closed | APPROX (BLM quarter-section)</desc><trkseg><trkpt lat="42.681040" lon="-123.641720"></trkpt><trkpt lat="42.681050" lon="-123.636794"></trkpt><trkpt lat="42.681059" lon="-123.632635"></trkpt><trkpt lat="42.681060" lon="-123.631869"></trkpt><trkpt lat="42.681061" lon="-123.631093"></trkpt><trkpt lat="42.681064" lon="-123.629551"></trkpt><trkpt lat="42.681068" lon="-123.626949"></trkpt><trkpt lat="42.681073" lon="-123.623363"></trkpt><trkpt lat="42.681075" lon="-123.622030"></trkpt><trkpt lat="42.680000" lon="-123.622032"></trkpt><trkpt lat="42.680000" lon="-123.641720"></trkpt><trkpt lat="42.681040" lon="-123.641720"></trkpt></trkseg></trk><trk><name>COLORADO [APPROX quarter-section]</name><desc>lode | serial ORMC18196 | 20.66 ac | Active | qtr-sec OR 33 0330S 0080W 027 A NE|OR 33 0330S 0080W 027 A SE | recorded~2021 (DB date, not legal located date) | src: BLM MLRS Not Closed | APPROX (BLM quarter-section)</desc><trkseg><trkpt lat="42.681050" lon="-123.636794"></trkpt><trkpt lat="42.681059" lon="-123.632635"></trkpt><trkpt lat="42.680685" lon="-123.633116"></trkpt><trkpt lat="42.680497" lon="-123.631869"></trkpt><trkpt lat="42.681060" lon="-123.631869"></trkpt><trkpt lat="42.681061" lon="-123.631093"></trkpt><trkpt lat="42.681064" lon="-123.629551"></trkpt><trkpt lat="42.681068" lon="-123.626949"></trkpt><trkpt lat="42.681073" lon="-123.623363"></trkpt><trkpt lat="42.681075" lon="-123.622030"></trkpt><trkpt lat="42.680000" lon="-123.622032"></trkpt><trkpt lat="42.680000" lon="-123.636795"></trkpt><trkpt lat="42.681050" lon="-123.636794"></trkpt></trkseg></trk><trk><name>NEVADA [APPROX quarter-section]</name><desc>lode | serial ORMC18197 | 20.66 ac | Active | qtr-sec OR 33 0330S 0080W 027 A NE | recorded~2021 (DB date, not legal located date) | src: BLM MLRS Not Closed | APPROX (BLM quarter-section)</desc><trkseg><trkpt lat="42.681050" lon="-123.636794"></trkpt><trkpt lat="42.681059" lon="-123.632635"></trkpt><trkpt lat="42.680685" lon="-123.633116"></trkpt><trkpt lat="42.680497" lon="-123.631869"></trkpt><trkpt lat="42.681060" lon="-123.631869"></trkpt><trkpt lat="42.681061" lon="-123.631093"></trkpt><trkpt lat="42.681064" lon="-123.629551"></trkpt><trkpt lat="42.681068" lon="-123.626949"></trkpt><trkpt lat="42.681073" lon="-123.623363"></trkpt><trkpt lat="42.681075" lon="-123.622030"></trkpt><trkpt lat="42.680000" lon="-123.622032"></trkpt><trkpt lat="42.680000" lon="-123.636795"></trkpt><trkpt lat="42.681050" lon="-123.636794"></trkpt></trkseg></trk><trk><name>HAZEL [APPROX quarter-section]</name><desc>lode | serial ORMC18198 | 20.66 ac | Active | qtr-sec OR 33 0330S 0080W 023 A SW|OR 33 0330S 0080W 026 A NW|OR 33 0330S 0080W 027 A NE | recorded~2021 (DB date, not legal located date) | src: BLM MLRS Not Closed | APPROX (BLM quarter-section)</desc><trkseg><trkpt lat="42.681050" lon="-123.636794"></trkpt><trkpt lat="42.681059" lon="-123.632635"></trkpt><trkpt lat="42.680685" lon="-123.633116"></trkpt><trkpt lat="42.680497" lon="-123.631869"></trkpt><trkpt lat="42.681060" lon="-123.631869"></trkpt><trkpt lat="42.681061" lon="-123.631093"></trkpt><trkpt lat="42.681064" lon="-123.629551"></trkpt><trkpt lat="42.681068" lon="-123.626949"></trkpt><trkpt lat="42.681073" lon="-123.623363"></trkpt><trkpt lat="42.681075" lon="-123.622030"></trkpt><trkpt lat="42.682108" lon="-123.622030"></trkpt><trkpt lat="42.682565" lon="-123.622029"></trkpt><trkpt lat="42.683303" lon="-123.622029"></trkpt><trkpt lat="42.684700" lon="-123.622028"></trkpt><trkpt lat="42.685695" lon="-123.622027"></trkpt><trkpt lat="42.686123" lon="-123.622027"></trkpt><trkpt lat="42.688325" lon="-123.622026"></trkpt><trkpt lat="42.688333" lon="-123.617116"></trkpt><trkpt lat="42.688341" lon="-123.612206"></trkpt><trkpt lat="42.684704" lon="-123.612207"></trkpt><trkpt lat="42.681067" lon="-123.612207"></trkpt><trkpt lat="42.680000" lon="-123.612208"></trkpt><trkpt lat="42.680000" lon="-123.636795"></trkpt><trkpt lat="42.681050" lon="-123.636794"></trkpt></trkseg></trk><trk><name>DAWN [APPROX quarter-section]</name><desc>lode | serial ORMC18199 | 20.66 ac | Active | qtr-sec OR 33 0330S 0080W 027 A NE | recorded~2021 (DB date, not legal located date) | src: BLM MLRS Not Closed | APPROX (BLM quarter-section)</desc><trkseg><trkpt lat="42.681050" lon="-123.636794"></trkpt><trkpt lat="42.681059" lon="-123.632635"></trkpt><trkpt lat="42.680685" lon="-123.633116"></trkpt><trkpt lat="42.680497" lon="-123.631869"></trkpt><trkpt lat="42.681060" lon="-123.631869"></trkpt><trkpt lat="42.681061" lon="-123.631093"></trkpt><trkpt lat="42.681064" lon="-123.629551"></trkpt><trkpt lat="42.681068" lon="-123.626949"></trkpt><trkpt lat="42.681073" lon="-123.623363"></trkpt><trkpt lat="42.681075" lon="-123.622030"></trkpt><trkpt lat="42.680000" lon="-123.622032"></trkpt><trkpt lat="42.680000" lon="-123.636795"></trkpt><trkpt lat="42.681050" lon="-123.636794"></trkpt></trkseg></trk><trk><name>MARYLAND [APPROX quarter-section]</name><desc>lode | serial ORMC18200 | 20.66 ac | Active | qtr-sec OR 33 0330S 0080W 023 A SW | recorded~2021 (DB date, not legal located date) | src: BLM MLRS Not Closed | APPROX (BLM quarter-section)</desc><trkseg><trkpt lat="42.681075" lon="-123.622030"></trkpt><trkpt lat="42.682108" lon="-123.622030"></trkpt><trkpt lat="42.682565" lon="-123.622029"></trkpt><trkpt lat="42.683303" lon="-123.622029"></trkpt><trkpt lat="42.684700" lon="-123.622028"></trkpt><trkpt lat="42.685695" lon="-123.622027"></trkpt><trkpt lat="42.686123" lon="-123.622027"></trkpt><trkpt lat="42.688325" lon="-123.622026"></trkpt><trkpt lat="42.688333" lon="-123.617116"></trkpt><trkpt lat="42.688341" lon="-123.612206"></trkpt><trkpt lat="42.684704" lon="-123.612207"></trkpt><trkpt lat="42.681067" lon="-123.612207"></trkpt><trkpt lat="42.681071" lon="-123.617119"></trkpt><trkpt lat="42.681075" lon="-123.622030"></trkpt></trkseg></trk><trk><name>HIGH ORE [APPROX quarter-section]</name><desc>lode | serial ORMC18201 | 20.66 ac | Active | qtr-sec OR 33 0330S 0080W 027 A NE|OR 33 0330S 0080W 027 A SE | recorded~2021 (DB date, not legal located date) | src: BLM MLRS Not Closed | APPROX (BLM quarter-section)</desc><trkseg><trkpt lat="42.681050" lon="-123.636794"></trkpt><trkpt lat="42.681059" lon="-123.632635"></trkpt><trkpt lat="42.680685" lon="-123.633116"></trkpt><trkpt lat="42.680497" lon="-123.631869"></trkpt><trkpt lat="42.681060" lon="-123.631869"></trkpt><trkpt lat="42.681061" lon="-123.631093"></trkpt><trkpt lat="42.681064" lon="-123.629551"></trkpt><trkpt lat="42.681068" lon="-123.626949"></trkpt><trkpt lat="42.681073" lon="-123.623363"></trkpt><trkpt lat="42.681075" lon="-123.622030"></trkpt><trkpt lat="42.680000" lon="-123.622032"></trkpt><trkpt lat="42.680000" lon="-123.636795"></trkpt><trkpt lat="42.681050" lon="-123.636794"></trkpt></trkseg></trk><trk><name>UTAH [APPROX quarter-section]</name><desc>lode | serial ORMC18202 | 20.66 ac | Active | qtr-sec OR 33 0330S 0080W 027 A NW | recorded~2021 (DB date, not legal located date) | src: BLM MLRS Not Closed | APPROX (BLM quarter-section)</desc><trkseg><trkpt lat="42.681040" lon="-123.641720"></trkpt><trkpt lat="42.681050" lon="-123.636794"></trkpt><trkpt lat="42.680000" lon="-123.636795"></trkpt><trkpt lat="42.680000" lon="-123.641720"></trkpt><trkpt lat="42.681040" lon="-123.641720"></trkpt></trkseg></trk><trk><name>HARD TIMES #1 SOUTH [APPROX quarter-section]</name><desc>lode | serial ORMC2386 | 20.66 ac | Active | qtr-sec OR 33 0330S 0050W 012 A NE|OR 33 0330S 0050W 012 A NW|OR 33 0330S 0050W 012 A SW|OR 33 0330S 0050W 012 A SE | recorded~2021 (DB date, not legal located date) | src: BLM MLRS Not Closed | APPROX (BLM quarter-section)</desc><trkseg><trkpt lat="42.717023" lon="-123.249310"></trkpt><trkpt lat="42.720718" lon="-123.249328"></trkpt><trkpt lat="42.724412" lon="-123.249345"></trkpt><trkpt lat="42.724408" lon="-123.243852"></trkpt><trkpt lat="42.724404" lon="-123.238358"></trkpt><trkpt lat="42.724353" lon="-123.233388"></trkpt><trkpt lat="42.724303" lon="-123.228419"></trkpt><trkpt lat="42.720718" lon="-123.228726"></trkpt><trkpt lat="42.717132" lon="-123.229034"></trkpt><trkpt lat="42.713547" lon="-123.229341"></trkpt><trkpt lat="42.709961" lon="-123.229649"></trkpt><trkpt lat="42.709933" lon="-123.234509"></trkpt><trkpt lat="42.709905" lon="-123.239370"></trkpt><trkpt lat="42.709838" lon="-123.244329"></trkpt><trkpt lat="42.709771" lon="-123.249289"></trkpt><trkpt lat="42.713397" lon="-123.249299"></trkpt><trkpt lat="42.717023" lon="-123.249310"></trkpt></trkseg></trk><trk><name>HARD TIMES #2 SOUTH [APPROX quarter-section]</name><desc>lode | serial ORMC2388 | 20.66 ac | Active | qtr-sec OR 33 0330S 0050W 012 A SW|OR 33 0330S 0050W 012 A SE | recorded~2021 (DB date, not legal located date) | src: BLM MLRS Not Closed | APPROX (BLM quarter-section)</desc><trkseg><trkpt lat="42.717023" lon="-123.249310"></trkpt><trkpt lat="42.717046" lon="-123.244097"></trkpt><trkpt lat="42.717049" lon="-123.243619"></trkpt><trkpt lat="42.717068" lon="-123.238883"></trkpt><trkpt lat="42.717100" lon="-123.233959"></trkpt><trkpt lat="42.717132" lon="-123.229034"></trkpt><trkpt lat="42.713547" lon="-123.229341"></trkpt><trkpt lat="42.709961" lon="-123.229649"></trkpt><trkpt lat="42.709933" lon="-123.234509"></trkpt><trkpt lat="42.709905" lon="-123.239370"></trkpt><trkpt lat="42.709838" lon="-123.244329"></trkpt><trkpt lat="42.709771" lon="-123.249289"></trkpt><trkpt lat="42.713397" lon="-123.249299"></trkpt><trkpt lat="42.717023" lon="-123.249310"></trkpt></trkseg></trk><trk><name>FORGET ME NOT #4 [APPROX quarter-section]</name><desc>lode | serial ORMC26076 | 20.66 ac | Active | qtr-sec OR 33 0330S 0050W 001 A SE | recorded~2021 (DB date, not legal located date) | src: BLM MLRS Not Closed | APPROX (BLM quarter-section)</desc><trkseg><trkpt lat="42.724404" lon="-123.238358"></trkpt><trkpt lat="42.727980" lon="-123.238453"></trkpt><trkpt lat="42.731557" lon="-123.238549"></trkpt><trkpt lat="42.731550" lon="-123.233550"></trkpt><trkpt lat="42.731543" lon="-123.228552"></trkpt><trkpt lat="42.727923" lon="-123.228485"></trkpt><trkpt lat="42.724303" lon="-123.228419"></trkpt><trkpt lat="42.724353" lon="-123.233388"></trkpt><trkpt lat="42.724404" lon="-123.238358"></trkpt></trkseg></trk><trk><name>HARD TIMES [APPROX quarter-section]</name><desc>lode | serial ORMC55661 | 19.29 ac | Active | qtr-sec OR 33 0330S 0050W 012 A NW|OR 33 0330S 0050W 012 A NE | recorded~2021 (DB date, not legal located date) | src: BLM MLRS Not Closed | APPROX (BLM quarter-section)</desc><trkseg><trkpt lat="42.717023" lon="-123.249310"></trkpt><trkpt lat="42.720718" lon="-123.249328"></trkpt><trkpt lat="42.724412" lon="-123.249345"></trkpt><trkpt lat="42.724408" lon="-123.243852"></trkpt><trkpt lat="42.724404" lon="-123.238358"></trkpt><trkpt lat="42.724353" lon="-123.233388"></trkpt><trkpt lat="42.724303" lon="-123.228419"></trkpt><trkpt lat="42.720718" lon="-123.228726"></trkpt><trkpt lat="42.717132" lon="-123.229034"></trkpt><trkpt lat="42.717100" lon="-123.233959"></trkpt><trkpt lat="42.717068" lon="-123.238883"></trkpt><trkpt lat="42.717046" lon="-123.244097"></trkpt><trkpt lat="42.717023" lon="-123.249310"></trkpt></trkseg></trk><trk><name>KANSAS JAYHAWK [APPROX quarter-section]</name><desc>lode | serial ORMC63648 | 20.66 ac | Active | qtr-sec OR 33 0330S 0080W 022 A SE|OR 33 0330S 0080W 027 A NE | recorded~2021 (DB date, not legal located date) | src: BLM MLRS Not Closed | APPROX (BLM quarter-section)</desc><trkseg><trkpt lat="42.681050" lon="-123.636794"></trkpt><trkpt lat="42.681059" lon="-123.632635"></trkpt><trkpt lat="42.681654" lon="-123.631869"></trkpt><trkpt lat="42.684692" lon="-123.631870"></trkpt><trkpt lat="42.688324" lon="-123.631871"></trkpt><trkpt lat="42.688325" lon="-123.626948"></trkpt><trkpt lat="42.688325" lon="-123.622026"></trkpt><trkpt lat="42.686123" lon="-123.622027"></trkpt><trkpt lat="42.685695" lon="-123.622027"></trkpt><trkpt lat="42.684700" lon="-123.622028"></trkpt><trkpt lat="42.683303" lon="-123.622029"></trkpt><trkpt lat="42.682565" lon="-123.622029"></trkpt><trkpt lat="42.682108" lon="-123.622030"></trkpt><trkpt lat="42.681075" lon="-123.622030"></trkpt><trkpt lat="42.680000" lon="-123.622032"></trkpt><trkpt lat="42.680000" lon="-123.636795"></trkpt><trkpt lat="42.681050" lon="-123.636794"></trkpt></trkseg></trk><trk><name>Oro Grande Two [APPROX quarter-section]</name><desc>lode | serial OR105805592 | 20.66 ac | Active | qtr-sec OR 33 0330S 0050W 027 A Government Lot 2|OR 33 0330S 0050W 027 A SESW|OR 33 0330S 0050W 027 A Government Lot 1|OR 33 0330S 0050W 027 A SW|OR 33 0330S 0050W 027 A SW|OR 33 0330S 0050W 027 A NESW|OR 33 0330S 0050W 027 A SW | recorded~2023 (DB da…</desc><trkseg><trkpt lat="42.680254" lon="-123.289178"></trkpt><trkpt lat="42.681089" lon="-123.289178"></trkpt><trkpt lat="42.681076" lon="-123.284210"></trkpt><trkpt lat="42.681069" lon="-123.281726"></trkpt><trkpt lat="42.681062" lon="-123.279241"></trkpt><trkpt lat="42.681056" lon="-123.276757"></trkpt><trkpt lat="42.681049" lon="-123.274273"></trkpt><trkpt lat="42.681036" lon="-123.269305"></trkpt><trkpt lat="42.680000" lon="-123.269314"></trkpt><trkpt lat="42.680000" lon="-123.289177"></trkpt><trkpt lat="42.680254" lon="-123.289178"></trkpt></trkseg></trk><trk><name>Tibbet Springs [APPROX quarter-section]</name><desc>lode | serial OR106361899 | 20.66115702 ac | Active | qtr-sec OR 33 0330S 0080W 012 A SWNE1/4 | recorded~2024 (DB date, not legal located date) | src: BLM MLRS Not Closed | APPROX (BLM quarter-section)</desc><trkseg><trkpt lat="42.710424" lon="-123.582263"></trkpt><trkpt lat="42.710058" lon="-123.582267"></trkpt><trkpt lat="42.710074" lon="-123.587632"></trkpt><trkpt lat="42.710088" lon="-123.592547"></trkpt><trkpt lat="42.710103" lon="-123.597466"></trkpt><trkpt lat="42.710118" lon="-123.602386"></trkpt><trkpt lat="42.713731" lon="-123.602386"></trkpt><trkpt lat="42.717344" lon="-123.602386"></trkpt><trkpt lat="42.720958" lon="-123.602386"></trkpt><trkpt lat="42.724571" lon="-123.602386"></trkpt><trkpt lat="42.724565" lon="-123.597457"></trkpt><trkpt lat="42.724559" lon="-123.592528"></trkpt><trkpt lat="42.724548" lon="-123.587607"></trkpt><trkpt lat="42.724535" lon="-123.582031"></trkpt><trkpt lat="42.721290" lon="-123.582105"></trkpt><trkpt lat="42.720917" lon="-123.582114"></trkpt><trkpt lat="42.717671" lon="-123.582187"></trkpt><trkpt lat="42.717298" lon="-123.582191"></trkpt><trkpt lat="42.714048" lon="-123.582225"></trkpt><trkpt lat="42.713679" lon="-123.582229"></trkpt><trkpt lat="42.710424" lon="-123.582263"></trkpt></trkseg></trk><trk><name>LOTSA GOLD [APPROX quarter-section]</name><desc>placer | serial OR105224619 | 20.0 ac | Active | qtr-sec OR 33 0310S 0070W 033 A SWNW|OR 33 0310S 0070W 033 A SWNW|OR 33 0310S 0070W 033 A SWNE|OR 33 0310S 0070W 033 A NENE|OR 33 0310S 0070W 033 A SENE|OR 33 0310S 0070W 033 A NWNE|OR 33 0310S 0070W 033 A NENE|OR 33 0310S 0070W 033 A SENE|OR 33 0310…</desc><trkseg><trkpt lat="42.840329" lon="-123.535782"></trkpt><trkpt lat="42.840360" lon="-123.530821"></trkpt><trkpt lat="42.840376" lon="-123.528340"></trkpt><trkpt lat="42.840391" lon="-123.525859"></trkpt><trkpt lat="42.838616" lon="-123.525874"></trkpt><trkpt lat="42.836841" lon="-123.525888"></trkpt><trkpt lat="42.835066" lon="-123.525903"></trkpt><trkpt lat="42.833290" lon="-123.525917"></trkpt><trkpt lat="42.833276" lon="-123.528321"></trkpt><trkpt lat="42.833262" lon="-123.530724"></trkpt><trkpt lat="42.833233" lon="-123.535531"></trkpt><trkpt lat="42.836781" lon="-123.535656"></trkpt><trkpt lat="42.836775" lon="-123.540642"></trkpt><trkpt lat="42.840347" lon="-123.540691"></trkpt><trkpt lat="42.840329" lon="-123.535782"></trkpt></trkseg></trk><trk><name>New Beginnings [APPROX quarter-section]</name><desc>placer | serial OR105226487 | 20.0 ac | Active | qtr-sec OR 33 0310S 0070W 033 A SWNE | recorded~2021 (DB date, not legal located date) | src: BLM MLRS Not Closed | APPROX (BLM quarter-section)</desc><trkseg><trkpt lat="42.833233" lon="-123.535531"></trkpt><trkpt lat="42.836781" lon="-123.535656"></trkpt><trkpt lat="42.836811" lon="-123.530772"></trkpt><trkpt lat="42.835037" lon="-123.530748"></trkpt><trkpt lat="42.833262" lon="-123.530724"></trkpt><trkpt lat="42.833233" lon="-123.535531"></trkpt></trkseg></trk><trk><name>West Fork Diggins [APPROX quarter-section]</name><desc>placer | serial OR105229048 | 18.84 ac | Active | qtr-sec OR 33 0320S 0080W 009 A NW | recorded~2021 (DB date, not legal located date) | src: BLM MLRS Not Closed | APPROX (BLM quarter-section)</desc><trkseg><trkpt lat="42.810824" lon="-123.661115"></trkpt><trkpt lat="42.810844" lon="-123.656297"></trkpt><trkpt lat="42.810866" lon="-123.651480"></trkpt><trkpt lat="42.807374" lon="-123.651440"></trkpt><trkpt lat="42.803883" lon="-123.651400"></trkpt><trkpt lat="42.803851" lon="-123.656185"></trkpt><trkpt lat="42.803819" lon="-123.660970"></trkpt><trkpt lat="42.807322" lon="-123.661042"></trkpt><trkpt lat="42.810824" lon="-123.661115"></trkpt></trkseg></trk><trk><name>Golden Middle2 [APPROX quarter-section]</name><desc>placer | serial OR105261178 | 40.0 ac | Under Review | qtr-sec OR 33 0310S 0060W 029 NWSW | recorded~2021 (DB date, not legal located date) | src: BLM MLRS Not Closed | APPROX (BLM quarter-section)</desc><trkseg><trkpt lat="42.846562" lon="-123.442300"></trkpt><trkpt lat="42.844672" lon="-123.442289"></trkpt><trkpt lat="42.844775" lon="-123.447287"></trkpt><trkpt lat="42.848619" lon="-123.447531"></trkpt><trkpt lat="42.848450" lon="-123.442312"></trkpt><trkpt lat="42.846562" lon="-123.442300"></trkpt></trkseg></trk><trk><name>Golden Bell One [APPROX quarter-section]</name><desc>placer | serial OR105277543 | 20.0 ac | Active | qtr-sec OR 33 0310S 0070W 033 A SWNW|OR 33 0310S 0070W 033 A SENW|OR 33 0310S 0070W 033 A NENW|OR 33 0310S 0070W 033 A NWNW | recorded~2021 (DB date, not legal located date) | src: BLM MLRS Not Closed | APPROX (BLM quarter-section)</desc><trkseg><trkpt lat="42.833173" lon="-123.545655"></trkpt><trkpt lat="42.836769" lon="-123.545627"></trkpt><trkpt lat="42.840365" lon="-123.545599"></trkpt><trkpt lat="42.840347" lon="-123.540691"></trkpt><trkpt lat="42.840329" lon="-123.535782"></trkpt><trkpt lat="42.836781" lon="-123.535656"></trkpt><trkpt lat="42.833233" lon="-123.535531"></trkpt><trkpt lat="42.833203" lon="-123.540593"></trkpt><trkpt lat="42.833173" lon="-123.545655"></trkpt></trkseg></trk><trk><name>Boulder Creek [APPROX quarter-section]</name><desc>placer | serial OR105285895 | 20.0 ac | Active | qtr-sec OR 33 0300S 0080W 019 A SW | recorded~2021 (DB date, not legal located date) | src: BLM MLRS Not Closed | APPROX (BLM quarter-section)</desc><trkseg><trkpt lat="42.945643" lon="-123.696166"></trkpt><trkpt lat="42.945705" lon="-123.691863"></trkpt><trkpt lat="42.942090" lon="-123.691828"></trkpt><trkpt lat="42.938471" lon="-123.691795"></trkpt><trkpt lat="42.938402" lon="-123.696094"></trkpt><trkpt lat="42.938339" lon="-123.700000"></trkpt><trkpt lat="42.945588" lon="-123.700000"></trkpt><trkpt lat="42.945643" lon="-123.696166"></trkpt></trkseg></trk><trk><name>Cow Creek Gold [APPROX quarter-section]</name><desc>placer | serial OR105288749 | 20.0 ac | Active | qtr-sec OR 33 0320S 0070W 020 A NWSW | recorded~2022 (DB date, not legal located date) | src: BLM MLRS Not Closed | APPROX (BLM quarter-section)</desc><trkseg><trkpt lat="42.771996" lon="-123.559015"></trkpt><trkpt lat="42.772068" lon="-123.563722"></trkpt><trkpt lat="42.775575" lon="-123.563622"></trkpt><trkpt lat="42.775535" lon="-123.559034"></trkpt><trkpt lat="42.771996" lon="-123.559015"></trkpt></trkseg></trk><trk><name>Bull Run 3 [APPROX quarter-section]</name><desc>placer | serial OR105766216 | 20.0 ac | Active | qtr-sec OR 33 0320S 0050W 025 A NWNE|OR 33 0320S 0050W 025 A SENE|OR 33 0320S 0050W 025 A SWNE|OR 33 0320S 0050W 025 A NENE | recorded~2022 (DB date, not legal located date) | src: BLM MLRS Not Closed | APPROX (BLM quarter-section)</desc><trkseg><trkpt lat="42.760914" lon="-123.237670"></trkpt><trkpt lat="42.764435" lon="-123.237916"></trkpt><trkpt lat="42.767956" lon="-123.238162"></trkpt><trkpt lat="42.768058" lon="-123.233377"></trkpt><trkpt lat="42.768160" lon="-123.228591"></trkpt><trkpt lat="42.767462" lon="-123.228600"></trkpt><trkpt lat="42.766681" lon="-123.228601"></trkpt><trkpt lat="42.764515" lon="-123.228604"></trkpt><trkpt lat="42.763058" lon="-123.228607"></trkpt><trkpt lat="42.760870" lon="-123.228611"></trkpt><trkpt lat="42.760892" lon="-123.233140"></trkpt><trkpt lat="42.760914" lon="-123.237670"></trkpt></trkseg></trk><trk><name>Golden Cowbell [APPROX quarter-section]</name><desc>placer | serial OR105792921 | 37.28 ac | Active | qtr-sec OR 33 0320S 0080W 002 A S2SENW | recorded~2022 (DB date, not legal located date) | src: BLM MLRS Not Closed | APPROX (BLM quarter-section)</desc><trkseg><trkpt lat="42.819744" lon="-123.615026"></trkpt><trkpt lat="42.819765" lon="-123.612653"></trkpt><trkpt lat="42.818020" lon="-123.612681"></trkpt><trkpt lat="42.818003" lon="-123.615060"></trkpt><trkpt lat="42.817987" lon="-123.617440"></trkpt><trkpt lat="42.819723" lon="-123.617400"></trkpt><trkpt lat="42.819744" lon="-123.615026"></trkpt></trkseg></trk><trk><name>Grave Creek 1 [APPROX quarter-section]</name><desc>placer | serial OR105799865 | 20.0 ac | Active | qtr-sec OR 33 0330S 0040W 015 A SW|OR 33 0330S 0040W 015 A Remainder Aliquot Part NWNWSW|OR 33 0330S 0040W 015 A NESW|OR 33 0330S 0040W 015 A SESW|OR 33 0330S 0040W 015 A Remainder Aliquot Part NENWSW|OR 33 0330S 0040W 015 A Remainder Aliquot Part SW…</desc><trkseg><trkpt lat="42.695471" lon="-123.160929"></trkpt><trkpt lat="42.695492" lon="-123.165779"></trkpt><trkpt lat="42.695512" lon="-123.170629"></trkpt><trkpt lat="42.699147" lon="-123.170631"></trkpt><trkpt lat="42.700964" lon="-123.170632"></trkpt><trkpt lat="42.702781" lon="-123.170634"></trkpt><trkpt lat="42.702772" lon="-123.168197"></trkpt><trkpt lat="42.702762" lon="-123.165760"></trkpt><trkpt lat="42.702742" lon="-123.160886"></trkpt><trkpt lat="42.699107" lon="-123.160907"></trkpt><trkpt lat="42.695471" lon="-123.160929"></trkpt></trkseg></trk><trk><name>Middle Creek 1 [APPROX quarter-section]</name><desc>placer | serial OR105799866 | 20.0 ac | Active | qtr-sec OR 33 0310S 0060W 029 A SESE|OR 33 0310S 0060W 029 A NWSE|OR 33 0310S 0060W 029 A NESE|OR 33 0310S 0060W 029 A SWSE|OR 33 0310S 0060W 029 A SE | recorded~2022 (DB date, not legal located date) | src: BLM MLRS Not Closed | APPROX (BLM quarter-…</desc><trkseg><trkpt lat="42.840800" lon="-123.426992"></trkpt><trkpt lat="42.840829" lon="-123.432240"></trkpt><trkpt lat="42.840859" lon="-123.437489"></trkpt><trkpt lat="42.844570" lon="-123.437291"></trkpt><trkpt lat="42.846427" lon="-123.437191"></trkpt><trkpt lat="42.848280" lon="-123.437093"></trkpt><trkpt lat="42.848115" lon="-123.432007"></trkpt><trkpt lat="42.847950" lon="-123.426922"></trkpt><trkpt lat="42.844375" lon="-123.426957"></trkpt><trkpt lat="42.840800" lon="-123.426992"></trkpt></trkseg></trk><trk><name>Tami's Treasure [APPROX quarter-section]</name><desc>placer | serial OR105803753 | 160.0 ac | Active | qtr-sec OR 33 0310S 0070W 031 A SE | recorded~2022 (DB date, not legal located date) | src: BLM MLRS Not Closed | APPROX (BLM quarter-section)</desc><trkseg><trkpt lat="42.832632" lon="-123.574496"></trkpt><trkpt lat="42.832697" lon="-123.572182"></trkpt><trkpt lat="42.832762" lon="-123.569868"></trkpt><trkpt lat="42.832893" lon="-123.565240"></trkpt><trkpt lat="42.829050" lon="-123.565023"></trkpt><trkpt lat="42.825207" lon="-123.564807"></trkpt><trkpt lat="42.825148" lon="-123.569614"></trkpt><trkpt lat="42.825089" lon="-123.574422"></trkpt><trkpt lat="42.828861" lon="-123.574459"></trkpt><trkpt lat="42.832632" lon="-123.574496"></trkpt></trkseg></trk><trk><name>CC #2 [APPROX quarter-section]</name><desc>placer | serial OR105803751 | 20.0 ac | Active | qtr-sec OR 33 0320S 0080W 009 A NE | recorded~2022 (DB date, not legal located date) | src: BLM MLRS Not Closed | APPROX (BLM quarter-section)</desc><trkseg><trkpt lat="42.803883" lon="-123.651400"></trkpt><trkpt lat="42.807374" lon="-123.651440"></trkpt><trkpt lat="42.810866" lon="-123.651480"></trkpt><trkpt lat="42.810890" lon="-123.646663"></trkpt><trkpt lat="42.810914" lon="-123.641846"></trkpt><trkpt lat="42.807430" lon="-123.641839"></trkpt><trkpt lat="42.803946" lon="-123.641832"></trkpt><trkpt lat="42.803914" lon="-123.646616"></trkpt><trkpt lat="42.803883" lon="-123.651400"></trkpt></trkseg></trk><trk><name>Gold Rattler [APPROX quarter-section]</name><desc>placer | serial OR105817361 | 20.0 ac | Active | qtr-sec OR 33 0330S 0050W 009 A SE|OR 33 0330S 0050W 009 A NESE|OR 33 0330S 0050W 009 A NWSE|OR 33 0330S 0050W 009 A SESE|OR 33 0330S 0050W 009 A SWSE | recorded~2023 (DB date, not legal located date) | src: BLM MLRS Not Closed | APPROX (BLM quarter-…</desc><trkseg><trkpt lat="42.710020" lon="-123.289045"></trkpt><trkpt lat="42.710020" lon="-123.294095"></trkpt><trkpt lat="42.710020" lon="-123.299146"></trkpt><trkpt lat="42.713710" lon="-123.299057"></trkpt><trkpt lat="42.715560" lon="-123.299013"></trkpt><trkpt lat="42.717400" lon="-123.298969"></trkpt><trkpt lat="42.717390" lon="-123.294009"></trkpt><trkpt lat="42.717380" lon="-123.289050"></trkpt><trkpt lat="42.716460" lon="-123.289050"></trkpt><trkpt lat="42.713700" lon="-123.289048"></trkpt><trkpt lat="42.710020" lon="-123.289045"></trkpt></trkseg></trk><trk><name>Middle Creek 2 [APPROX quarter-section]</name><desc>placer | serial OR105817469 | 20.0 ac | Active | qtr-sec OR 33 0310S 0060W 029 A SESENW|OR 33 0310S 0060W 029 A NWNE|OR 33 0310S 0060W 029 A NENE|OR 33 0310S 0060W 029 A NESENW|OR 33 0310S 0060W 029 A SENE|OR 33 0310S 0060W 029 A NWNW|OR 33 0310S 0060W 029 A NENW|OR 33 0310S 0060W 029 A SWNW|OR 33 …</desc><trkseg><trkpt lat="42.840859" lon="-123.437489"></trkpt><trkpt lat="42.840895" lon="-123.442266"></trkpt><trkpt lat="42.840930" lon="-123.447043"></trkpt><trkpt lat="42.844775" lon="-123.447287"></trkpt><trkpt lat="42.848619" lon="-123.447531"></trkpt><trkpt lat="42.852125" lon="-123.447657"></trkpt><trkpt lat="42.855632" lon="-123.447782"></trkpt><trkpt lat="42.855486" lon="-123.442249"></trkpt><trkpt lat="42.855341" lon="-123.436715"></trkpt><trkpt lat="42.855266" lon="-123.431810"></trkpt><trkpt lat="42.855191" lon="-123.426905"></trkpt><trkpt lat="42.851570" lon="-123.426913"></trkpt><trkpt lat="42.847950" lon="-123.426922"></trkpt><trkpt lat="42.844375" lon="-123.426957"></trkpt><trkpt lat="42.840800" lon="-123.426992"></trkpt><trkpt lat="42.840829" lon="-123.432240"></trkpt><trkpt lat="42.840859" lon="-123.437489"></trkpt></trkseg></trk><trk><name>Echo Hill [APPROX quarter-section]</name><desc>placer | serial OR105818886 | 40.0 ac | Active | qtr-sec OR 33 0330S 0050W 026 A SWNW|OR 33 0330S 0050W 026 A NENW|OR 33 0330S 0050W 026 A NWNW|OR 33 0330S 0050W 026 A SENW|OR 33 0330S 0050W 026 A NW | recorded~2023 (DB date, not legal located date) | src: BLM MLRS Not Closed | APPROX (BLM quarter-…</desc><trkseg><trkpt lat="42.681036" lon="-123.269305"></trkpt><trkpt lat="42.680880" lon="-123.264212"></trkpt><trkpt lat="42.680724" lon="-123.259118"></trkpt><trkpt lat="42.680000" lon="-123.259129"></trkpt><trkpt lat="42.680000" lon="-123.269314"></trkpt><trkpt lat="42.681036" lon="-123.269305"></trkpt></trkseg></trk><trk><name>Underfed [APPROX quarter-section]</name><desc>placer | serial OR105818893 | 20.0 ac | Active | qtr-sec OR 33 0320S 0040W 029 A SWNE|OR 33 0320S 0040W 029 A NWNE|OR 33 0320S 0040W 029 A SWNE|OR 33 0320S 0040W 029 A NENE|OR 33 0320S 0040W 029 A SENE|OR 33 0320S 0040W 029 A NWNE|OR 33 0320S 0040W 029 A NE | recorded~2023 (DB date, not legal locat…</desc><trkseg><trkpt lat="42.763136" lon="-123.201518"></trkpt><trkpt lat="42.764955" lon="-123.201545"></trkpt><trkpt lat="42.766773" lon="-123.201562"></trkpt><trkpt lat="42.768591" lon="-123.201578"></trkpt><trkpt lat="42.770408" lon="-123.201577"></trkpt><trkpt lat="42.770432" lon="-123.199149"></trkpt><trkpt lat="42.770432" lon="-123.199127"></trkpt><trkpt lat="42.770454" lon="-123.196692"></trkpt><trkpt lat="42.770455" lon="-123.196668"></trkpt><trkpt lat="42.770478" lon="-123.194223"></trkpt><trkpt lat="42.770500" lon="-123.191750"></trkpt><trkpt lat="42.768675" lon="-123.191741"></trkpt><trkpt lat="42.766844" lon="-123.191736"></trkpt><trkpt lat="42.765015" lon="-123.191720"></trkpt><trkpt lat="42.763186" lon="-123.191696"></trkpt><trkpt lat="42.763162" lon="-123.196617"></trkpt><trkpt lat="42.763149" lon="-123.199073"></trkpt><trkpt lat="42.763136" lon="-123.201518"></trkpt></trkseg></trk><trk><name>Captain Gold Stone [APPROX quarter-section]</name><desc>placer | serial OR105820412 | 20.0 ac | Active | qtr-sec OR 33 0320S 0070W 018 A NESE|OR 33 0320S 0070W 018 A SENW|OR 33 0320S 0070W 018 A NENE|OR 33 0320S 0070W 018 A SWNE|OR 33 0320S 0070W 018 A NWSE|OR 33 0320S 0070W 019 A SENW|OR 33 0320S 0070W 019 A NENW|OR 33 0320S 0070W 019 A NENW|OR 33 0320…</desc><trkseg><trkpt lat="42.779210" lon="-123.583790"></trkpt><trkpt lat="42.779212" lon="-123.583790"></trkpt><trkpt lat="42.782731" lon="-123.584131"></trkpt><trkpt lat="42.782748" lon="-123.584133"></trkpt><trkpt lat="42.786233" lon="-123.584173"></trkpt><trkpt lat="42.789739" lon="-123.584196"></trkpt><trkpt lat="42.793244" lon="-123.584220"></trkpt><trkpt lat="42.796750" lon="-123.584243"></trkpt><trkpt lat="42.796637" lon="-123.578558"></trkpt><trkpt lat="42.796545" lon="-123.573447"></trkpt><trkpt lat="42.796589" lon="-123.568534"></trkpt><trkpt lat="42.796629" lon="-123.563609"></trkpt><trkpt lat="42.793134" lon="-123.563695"></trkpt><trkpt lat="42.789639" lon="-123.563780"></trkpt><trkpt lat="42.786144" lon="-123.563866"></trkpt><trkpt lat="42.782649" lon="-123.563951"></trkpt><trkpt lat="42.779121" lon="-123.563918"></trkpt><trkpt lat="42.775575" lon="-123.563622"></trkpt><trkpt lat="42.772068" lon="-123.563722"></trkpt><trkpt lat="42.768562" lon="-123.563823"></trkpt><trkpt lat="42.768543" lon="-123.568658"></trkpt><trkpt lat="42.768533" lon="-123.571075"></trkpt><trkpt lat="42.768524" lon="-123.573493"></trkpt><trkpt lat="42.768515" lon="-123.575910"></trkpt><trkpt lat="42.768505" lon="-123.578327"></trkpt><trkpt lat="42.768485" lon="-123.583428"></trkpt><trkpt lat="42.768488" lon="-123.583428"></trkpt><trkpt lat="42.772081" lon="-123.583439"></trkpt><trkpt lat="42.772084" lon="-123.583439"></trkpt><trkpt lat="42.775677" lon="-123.583450"></trkpt><trkpt lat="42.779210" lon="-123.583790"></trkpt></trkseg></trk><trk><name>Holy Cow I [APPROX quarter-section]</name><desc>placer | serial OR105820413 | 20.0 ac | Active | qtr-sec OR 33 0320S 0070W 019 A NW|OR 33 0320S 0070W 019 A SENW|OR 33 0320S 0070W 019 A NENW|OR 33 0320S 0070W 019 A NENW|OR 33 0320S 0070W 019 A Government Lot 1|OR 33 0320S 0070W 019 A Government Lot 2 | recorded~2023 (DB date, not legal located da…</desc><trkseg><trkpt lat="42.768515" lon="-123.575910"></trkpt><trkpt lat="42.768505" lon="-123.578327"></trkpt><trkpt lat="42.768485" lon="-123.583428"></trkpt><trkpt lat="42.768488" lon="-123.583428"></trkpt><trkpt lat="42.772081" lon="-123.583439"></trkpt><trkpt lat="42.772084" lon="-123.583439"></trkpt><trkpt lat="42.775677" lon="-123.583450"></trkpt><trkpt lat="42.779210" lon="-123.583790"></trkpt><trkpt lat="42.779212" lon="-123.583790"></trkpt><trkpt lat="42.782731" lon="-123.584131"></trkpt><trkpt lat="42.782748" lon="-123.584133"></trkpt><trkpt lat="42.782733" lon="-123.578877"></trkpt><trkpt lat="42.782708" lon="-123.576142"></trkpt><trkpt lat="42.782721" lon="-123.573615"></trkpt><trkpt lat="42.782675" lon="-123.568777"></trkpt><trkpt lat="42.782649" lon="-123.563951"></trkpt><trkpt lat="42.779121" lon="-123.563918"></trkpt><trkpt lat="42.775575" lon="-123.563622"></trkpt><trkpt lat="42.772068" lon="-123.563722"></trkpt><trkpt lat="42.768562" lon="-123.563823"></trkpt><trkpt lat="42.768543" lon="-123.568658"></trkpt><trkpt lat="42.768533" lon="-123.571075"></trkpt><trkpt lat="42.768524" lon="-123.573493"></trkpt><trkpt lat="42.768515" lon="-123.575910"></trkpt></trkseg></trk><trk><name>Holy Cow II [APPROX quarter-section]</name><desc>placer | serial OR105820414 | 20.0 ac | Active | qtr-sec OR 33 0320S 0070W 019 A SW|OR 33 0320S 0070W 019 A NENESW|OR 33 0320S 0070W 019 A Government Lot 4|OR 33 0320S 0070W 019 A SWNESW|OR 33 0320S 0070W 019 A SENESW|OR 33 0320S 0070W 019 A SESW|OR 33 0320S 0070W 019 A NWNESW|OR 33 0320S 0070W 019…</desc><trkseg><trkpt lat="42.768515" lon="-123.575910"></trkpt><trkpt lat="42.768505" lon="-123.578327"></trkpt><trkpt lat="42.768485" lon="-123.583428"></trkpt><trkpt lat="42.768488" lon="-123.583428"></trkpt><trkpt lat="42.772081" lon="-123.583439"></trkpt><trkpt lat="42.772084" lon="-123.583439"></trkpt><trkpt lat="42.775677" lon="-123.583450"></trkpt><trkpt lat="42.779210" lon="-123.583790"></trkpt><trkpt lat="42.779212" lon="-123.583790"></trkpt><trkpt lat="42.782731" lon="-123.584131"></trkpt><trkpt lat="42.782748" lon="-123.584133"></trkpt><trkpt lat="42.782733" lon="-123.578877"></trkpt><trkpt lat="42.782708" lon="-123.576142"></trkpt><trkpt lat="42.782721" lon="-123.573615"></trkpt><trkpt lat="42.782675" lon="-123.568777"></trkpt><trkpt lat="42.782649" lon="-123.563951"></trkpt><trkpt lat="42.779121" lon="-123.563918"></trkpt><trkpt lat="42.775575" lon="-123.563622"></trkpt><trkpt lat="42.772068" lon="-123.563722"></trkpt><trkpt lat="42.768562" lon="-123.563823"></trkpt><trkpt lat="42.768543" lon="-123.568658"></trkpt><trkpt lat="42.768533" lon="-123.571075"></trkpt><trkpt lat="42.768524" lon="-123.573493"></trkpt><trkpt lat="42.768515" lon="-123.575910"></trkpt></trkseg></trk><trk><name>Cow # 10 [APPROX quarter-section]</name><desc>placer | serial OR105822994 | 20.0 ac | Active | qtr-sec OR 33 0320S 0080W 009 A SWNW | recorded~2023 (DB date, not legal located date) | src: BLM MLRS Not Closed | APPROX (BLM quarter-section)</desc><trkseg><trkpt lat="42.803819" lon="-123.660970"></trkpt><trkpt lat="42.807322" lon="-123.661042"></trkpt><trkpt lat="42.807348" lon="-123.656241"></trkpt><trkpt lat="42.803851" lon="-123.656185"></trkpt><trkpt lat="42.803819" lon="-123.660970"></trkpt></trkseg></trk><trk><name>Cow  # 11 [APPROX quarter-section]</name><desc>placer | serial OR105822995 | 20.0 ac | Filed | qtr-sec OR 33 0320S 0080W 005 A NWSW|OR 33 0320S 0080W 005 A SWSW|OR 33 0320S 0080W 005 A SESW|OR 33 0320S 0080W 005 A SESE|OR 33 0320S 0080W 005 A NWSE|OR 33 0320S 0080W 005 A SENW|OR 33 0320S 0080W 005 A SWNE|OR 33 0320S 0080W 005 A SENE|OR 33 0320S…</desc><trkseg><trkpt lat="42.810201" lon="-123.680009"></trkpt><trkpt lat="42.813641" lon="-123.680102"></trkpt><trkpt lat="42.817081" lon="-123.680195"></trkpt><trkpt lat="42.820830" lon="-123.679377"></trkpt><trkpt lat="42.824952" lon="-123.678394"></trkpt><trkpt lat="42.824942" lon="-123.673697"></trkpt><trkpt lat="42.824941" lon="-123.669002"></trkpt><trkpt lat="42.824973" lon="-123.664304"></trkpt><trkpt lat="42.825005" lon="-123.659606"></trkpt><trkpt lat="42.821322" lon="-123.660421"></trkpt><trkpt lat="42.817885" lon="-123.661182"></trkpt><trkpt lat="42.814355" lon="-123.661148"></trkpt><trkpt lat="42.810824" lon="-123.661115"></trkpt><trkpt lat="42.810669" lon="-123.665838"></trkpt><trkpt lat="42.810513" lon="-123.670562"></trkpt><trkpt lat="42.810357" lon="-123.675286"></trkpt><trkpt lat="42.810201" lon="-123.680009"></trkpt></trkseg></trk><trk><name>Grave Creek Meadow [APPROX quarter-section]</name><desc>placer | serial OR105823004 | 20.0 ac | Active | qtr-sec OR 33 0330S 0040W 015 A NE | recorded~2023 (DB date, not legal located date) | src: BLM MLRS Not Closed | APPROX (BLM quarter-section)</desc><trkseg><trkpt lat="42.702742" lon="-123.160886"></trkpt><trkpt lat="42.706377" lon="-123.160864"></trkpt><trkpt lat="42.708194" lon="-123.160854"></trkpt><trkpt lat="42.710011" lon="-123.160843"></trkpt><trkpt lat="42.710002" lon="-123.158394"></trkpt><trkpt lat="42.709992" lon="-123.155945"></trkpt><trkpt lat="42.709972" lon="-123.151047"></trkpt><trkpt lat="42.706337" lon="-123.151093"></trkpt><trkpt lat="42.702701" lon="-123.151138"></trkpt><trkpt lat="42.702722" lon="-123.156012"></trkpt><trkpt lat="42.702742" lon="-123.160886"></trkpt></trkseg></trk><trk><name>LAWSON BAR [APPROX quarter-section]</name><desc>placer | serial ORMC154400 | 716.4 ac | Active | qtr-sec OR 33 0300S 0050W 019 A NENE | recorded~2021 (DB date, not legal located date) | src: BLM MLRS Not Closed | APPROX (BLM quarter-section)</desc><trkseg><trkpt lat="42.955479" lon="-123.325510"></trkpt><trkpt lat="42.951867" lon="-123.325461"></trkpt><trkpt lat="42.951780" lon="-123.330778"></trkpt><trkpt lat="42.955378" lon="-123.330781"></trkpt><trkpt lat="42.955479" lon="-123.325510"></trkpt></trkseg></trk><trk><name>TJD #1 [APPROX quarter-section]</name><desc>placer | serial ORMC155137 | 56.36 ac | Active | qtr-sec OR 33 0310S 0080W 035 A NW | recorded~2021 (DB date, not legal located date) | src: BLM MLRS Not Closed | APPROX (BLM quarter-section)</desc><trkseg><trkpt lat="42.832123" lon="-123.617271"></trkpt><trkpt lat="42.832095" lon="-123.619646"></trkpt><trkpt lat="42.832066" lon="-123.622020"></trkpt><trkpt lat="42.835581" lon="-123.622045"></trkpt><trkpt lat="42.839095" lon="-123.622070"></trkpt><trkpt lat="42.839157" lon="-123.617271"></trkpt><trkpt lat="42.839219" lon="-123.612473"></trkpt><trkpt lat="42.835700" lon="-123.612498"></trkpt><trkpt lat="42.832181" lon="-123.612523"></trkpt><trkpt lat="42.832123" lon="-123.617271"></trkpt></trkseg></trk><trk><name>LITTLE FLORINA [APPROX quarter-section]</name><desc>placer | serial ORMC155402 | 40.0 ac | Active | qtr-sec OR 33 0320S 0040W 029 A SE | recorded~2021 (DB date, not legal located date) | src: BLM MLRS Not Closed | APPROX (BLM quarter-section)</desc><trkseg><trkpt lat="42.763149" lon="-123.199073"></trkpt><trkpt lat="42.763162" lon="-123.196617"></trkpt><trkpt lat="42.763186" lon="-123.191696"></trkpt><trkpt lat="42.759529" lon="-123.191673"></trkpt><trkpt lat="42.755872" lon="-123.191642"></trkpt><trkpt lat="42.755865" lon="-123.194097"></trkpt><trkpt lat="42.755862" lon="-123.195324"></trkpt><trkpt lat="42.755859" lon="-123.196552"></trkpt><trkpt lat="42.755852" lon="-123.199006"></trkpt><trkpt lat="42.755849" lon="-123.200230"></trkpt><trkpt lat="42.755849" lon="-123.200234"></trkpt><trkpt lat="42.755846" lon="-123.201457"></trkpt><trkpt lat="42.759491" lon="-123.201495"></trkpt><trkpt lat="42.761314" lon="-123.201509"></trkpt><trkpt lat="42.763136" lon="-123.201518"></trkpt><trkpt lat="42.763149" lon="-123.199073"></trkpt></trkseg></trk><trk><name>GOLD FEVER [APPROX quarter-section]</name><desc>placer | serial ORMC155500 | 50.0 ac | Active | qtr-sec OR 33 0310S 0080W 011 A SE | recorded~2021 (DB date, not legal located date) | src: BLM MLRS Not Closed | APPROX (BLM quarter-section)</desc><trkseg><trkpt lat="42.886778" lon="-123.612907"></trkpt><trkpt lat="42.890467" lon="-123.612954"></trkpt><trkpt lat="42.890501" lon="-123.608270"></trkpt><trkpt lat="42.890535" lon="-123.603586"></trkpt><trkpt lat="42.886906" lon="-123.603586"></trkpt><trkpt lat="42.883276" lon="-123.603586"></trkpt><trkpt lat="42.883182" lon="-123.608223"></trkpt><trkpt lat="42.883088" lon="-123.612861"></trkpt><trkpt lat="42.886778" lon="-123.612907"></trkpt></trkseg></trk><trk><name>TJD #2 [APPROX quarter-section]</name><desc>placer | serial ORMC156535 | 160.0 ac | Active | qtr-sec OR 33 0330S 0040W 011 A NW|OR 33 0330S 0040W 011 A SW | recorded~2021 (DB date, not legal located date) | src: BLM MLRS Not Closed | APPROX (BLM quarter-section)</desc><trkseg><trkpt lat="42.716990" lon="-123.150990"></trkpt><trkpt lat="42.720500" lon="-123.150961"></trkpt><trkpt lat="42.722254" lon="-123.150947"></trkpt><trkpt lat="42.724009" lon="-123.150933"></trkpt><trkpt lat="42.723974" lon="-123.148485"></trkpt><trkpt lat="42.723940" lon="-123.146038"></trkpt><trkpt lat="42.723871" lon="-123.141143"></trkpt><trkpt lat="42.720347" lon="-123.141249"></trkpt><trkpt lat="42.716822" lon="-123.141355"></trkpt><trkpt lat="42.713196" lon="-123.141464"></trkpt><trkpt lat="42.709570" lon="-123.141573"></trkpt><trkpt lat="42.709771" lon="-123.146310"></trkpt><trkpt lat="42.709972" lon="-123.151047"></trkpt><trkpt lat="42.713481" lon="-123.151019"></trkpt><trkpt lat="42.716990" lon="-123.150990"></trkpt></trkseg></trk><trk><name>FORGET ME NOT #2 [APPROX quarter-section]</name><desc>placer | serial ORMC15703 | 20.0 ac | Active | qtr-sec OR 33 0330S 0050W 012 A NE | recorded~2021 (DB date, not legal located date) | src: BLM MLRS Not Closed | APPROX (BLM quarter-section)</desc><trkseg><trkpt lat="42.720736" lon="-123.238621"></trkpt><trkpt lat="42.724404" lon="-123.238358"></trkpt><trkpt lat="42.724353" lon="-123.233388"></trkpt><trkpt lat="42.724303" lon="-123.228419"></trkpt><trkpt lat="42.720718" lon="-123.228726"></trkpt><trkpt lat="42.717132" lon="-123.229034"></trkpt><trkpt lat="42.717100" lon="-123.233959"></trkpt><trkpt lat="42.717068" lon="-123.238883"></trkpt><trkpt lat="42.720736" lon="-123.238621"></trkpt></trkseg></trk><trk><name>4 APPLE ASSOCIATION [APPROX quarter-section]</name><desc>placer | serial ORMC158749 | 78.9 ac | Active | qtr-sec OR 33 0320S 0040W 032 A NE|OR 33 0320S 0040W 033 A NW|OR 33 0320S 0040W 033 A SW | recorded~2021 (DB date, not legal located date) | src: BLM MLRS Not Closed | APPROX (BLM quarter-section)</desc><trkseg><trkpt lat="42.748648" lon="-123.191496"></trkpt><trkpt lat="42.748642" lon="-123.192710"></trkpt><trkpt lat="42.748636" lon="-123.193924"></trkpt><trkpt lat="42.748630" lon="-123.195137"></trkpt><trkpt lat="42.748625" lon="-123.196351"></trkpt><trkpt lat="42.748599" lon="-123.201197"></trkpt><trkpt lat="42.752223" lon="-123.201333"></trkpt><trkpt lat="42.755846" lon="-123.201457"></trkpt><trkpt lat="42.755849" lon="-123.200234"></trkpt><trkpt lat="42.755849" lon="-123.200230"></trkpt><trkpt lat="42.755852" lon="-123.199006"></trkpt><trkpt lat="42.755859" lon="-123.196552"></trkpt><trkpt lat="42.755862" lon="-123.195324"></trkpt><trkpt lat="42.755865" lon="-123.194097"></trkpt><trkpt lat="42.755872" lon="-123.191642"></trkpt><trkpt lat="42.755886" lon="-123.190429"></trkpt><trkpt lat="42.755901" lon="-123.189216"></trkpt><trkpt lat="42.755916" lon="-123.188003"></trkpt><trkpt lat="42.755931" lon="-123.186790"></trkpt><trkpt lat="42.755960" lon="-123.184364"></trkpt><trkpt lat="42.755990" lon="-123.181938"></trkpt><trkpt lat="42.754164" lon="-123.181903"></trkpt><trkpt lat="42.752339" lon="-123.181868"></trkpt><trkpt lat="42.751007" lon="-123.181842"></trkpt><trkpt lat="42.750210" lon="-123.181827"></trkpt><trkpt lat="42.748689" lon="-123.181797"></trkpt><trkpt lat="42.745011" lon="-123.181726"></trkpt><trkpt lat="42.741332" lon="-123.181655"></trkpt><trkpt lat="42.737760" lon="-123.181586"></trkpt><trkpt lat="42.737736" lon="-123.183871"></trkpt><trkpt lat="42.737728" lon="-123.185503"></trkpt><trkpt lat="42.737723" lon="-123.186399"></trkpt><trkpt lat="42.737702" lon="-123.190482"></trkpt><trkpt lat="42.737698" lon="-123.191213"></trkpt><trkpt lat="42.741261" lon="-123.191318"></trkpt><trkpt lat="42.744965" lon="-123.191400"></trkpt><trkpt lat="42.748648" lon="-123.191496"></trkpt></trkseg></trk><trk><name>WVM #3 [APPROX quarter-section]</name><desc>placer | serial ORMC159208 | 40.0 ac | Active | qtr-sec OR 33 0320S 0070W 021 A SW | recorded~2021 (DB date, not legal located date) | src: BLM MLRS Not Closed | APPROX (BLM quarter-section)</desc><trkseg><trkpt lat="42.770004" lon="-123.544517"></trkpt><trkpt lat="42.771790" lon="-123.544504"></trkpt><trkpt lat="42.775363" lon="-123.544480"></trkpt><trkpt lat="42.775318" lon="-123.539672"></trkpt><trkpt lat="42.775272" lon="-123.534863"></trkpt><trkpt lat="42.771756" lon="-123.534915"></trkpt><trkpt lat="42.769998" lon="-123.534940"></trkpt><trkpt lat="42.768240" lon="-123.534966"></trkpt><trkpt lat="42.768234" lon="-123.537357"></trkpt><trkpt lat="42.768231" lon="-123.538552"></trkpt><trkpt lat="42.768229" lon="-123.539747"></trkpt><trkpt lat="42.768223" lon="-123.542138"></trkpt><trkpt lat="42.768218" lon="-123.544529"></trkpt><trkpt lat="42.770004" lon="-123.544517"></trkpt></trkseg></trk><trk><name>ROCKER BOX #1 [APPROX quarter-section]</name><desc>placer | serial ORMC160088 | 20.0 ac | Active | qtr-sec OR 33 0300S 0070W 035 A SE | recorded~2021 (DB date, not legal located date) | src: BLM MLRS Not Closed | APPROX (BLM quarter-section)</desc><trkseg><trkpt lat="42.913613" lon="-123.494101"></trkpt><trkpt lat="42.913613" lon="-123.496612"></trkpt><trkpt lat="42.915458" lon="-123.496690"></trkpt><trkpt lat="42.917304" lon="-123.496769"></trkpt><trkpt lat="42.920994" lon="-123.496927"></trkpt><trkpt lat="42.921007" lon="-123.492125"></trkpt><trkpt lat="42.921012" lon="-123.489721"></trkpt><trkpt lat="42.921021" lon="-123.487323"></trkpt><trkpt lat="42.919167" lon="-123.487131"></trkpt><trkpt lat="42.917318" lon="-123.486942"></trkpt><trkpt lat="42.913615" lon="-123.486569"></trkpt><trkpt lat="42.913614" lon="-123.491590"></trkpt><trkpt lat="42.913613" lon="-123.494101"></trkpt></trkseg></trk><trk><name>BOTTOMS UP [APPROX quarter-section]</name><desc>placer | serial ORMC160104 | 80.0 ac | Active | qtr-sec OR 33 0320S 0080W 013 A NE|OR 33 0320S 0080W 013 A SE | recorded~2021 (DB date, not legal located date) | src: BLM MLRS Not Closed | APPROX (BLM quarter-section)</desc><trkseg><trkpt lat="42.782688" lon="-123.588954"></trkpt><trkpt lat="42.782627" lon="-123.593775"></trkpt><trkpt lat="42.786184" lon="-123.593777"></trkpt><trkpt lat="42.789744" lon="-123.593773"></trkpt><trkpt lat="42.793256" lon="-123.593770"></trkpt><trkpt lat="42.796768" lon="-123.593766"></trkpt><trkpt lat="42.796759" lon="-123.589004"></trkpt><trkpt lat="42.796750" lon="-123.584243"></trkpt><trkpt lat="42.793244" lon="-123.584220"></trkpt><trkpt lat="42.789739" lon="-123.584196"></trkpt><trkpt lat="42.786233" lon="-123.584173"></trkpt><trkpt lat="42.782748" lon="-123.584133"></trkpt><trkpt lat="42.782748" lon="-123.584144"></trkpt><trkpt lat="42.782688" lon="-123.588954"></trkpt></trkseg></trk><trk><name>R &amp; R [APPROX quarter-section]</name><desc>placer | serial ORMC160108 | 20.0 ac | Active | qtr-sec OR 33 0330S 0040W 029 A NW | recorded~2021 (DB date, not legal located date) | src: BLM MLRS Not Closed | APPROX (BLM quarter-section)</desc><trkseg><trkpt lat="42.681017" lon="-123.210441"></trkpt><trkpt lat="42.681035" lon="-123.205537"></trkpt><trkpt lat="42.681054" lon="-123.200633"></trkpt><trkpt lat="42.680000" lon="-123.200626"></trkpt><trkpt lat="42.680000" lon="-123.210440"></trkpt><trkpt lat="42.681017" lon="-123.210441"></trkpt></trkseg></trk><trk><name>WEST CHEROKEE [APPROX quarter-section]</name><desc>placer | serial ORMC160499 | 100.0 ac | Active | qtr-sec OR 33 0330S 0050W 009 A NE|OR 33 0330S 0050W 009 A SE|OR 33 0330S 0050W 010 A NW|OR 33 0330S 0050W 010 A SW | recorded~2021 (DB date, not legal located date) | src: BLM MLRS Not Closed | APPROX (BLM quarter-section)</desc><trkseg><trkpt lat="42.710038" lon="-123.286570"></trkpt><trkpt lat="42.710020" lon="-123.289045"></trkpt><trkpt lat="42.710020" lon="-123.294095"></trkpt><trkpt lat="42.710020" lon="-123.299146"></trkpt><trkpt lat="42.713710" lon="-123.299057"></trkpt><trkpt lat="42.715560" lon="-123.299013"></trkpt><trkpt lat="42.717400" lon="-123.298969"></trkpt><trkpt lat="42.718323" lon="-123.298946"></trkpt><trkpt lat="42.721073" lon="-123.298879"></trkpt><trkpt lat="42.724746" lon="-123.298789"></trkpt><trkpt lat="42.724737" lon="-123.293929"></trkpt><trkpt lat="42.724729" lon="-123.289069"></trkpt><trkpt lat="42.724734" lon="-123.284132"></trkpt><trkpt lat="42.724740" lon="-123.279196"></trkpt><trkpt lat="42.721063" lon="-123.279199"></trkpt><trkpt lat="42.719224" lon="-123.279201"></trkpt><trkpt lat="42.717385" lon="-123.279203"></trkpt><trkpt lat="42.713739" lon="-123.279173"></trkpt><trkpt lat="42.710093" lon="-123.279143"></trkpt><trkpt lat="42.710075" lon="-123.281619"></trkpt><trkpt lat="42.710056" lon="-123.284094"></trkpt><trkpt lat="42.710038" lon="-123.286570"></trkpt></trkseg></trk><trk><name>GOLD FORTUNE #1 [APPROX quarter-section]</name><desc>placer | serial ORMC160883 | 160.0 ac | Active | qtr-sec OR 33 0320S 0050W 017 A SE | recorded~2021 (DB date, not legal located date) | src: BLM MLRS Not Closed | APPROX (BLM quarter-section)</desc><trkseg><trkpt lat="42.783151" lon="-123.317309"></trkpt><trkpt lat="42.786726" lon="-123.317331"></trkpt><trkpt lat="42.790300" lon="-123.317353"></trkpt><trkpt lat="42.790321" lon="-123.312554"></trkpt><trkpt lat="42.790341" lon="-123.307756"></trkpt><trkpt lat="42.786708" lon="-123.307602"></trkpt><trkpt lat="42.783076" lon="-123.307448"></trkpt><trkpt lat="42.783114" lon="-123.312378"></trkpt><trkpt lat="42.783151" lon="-123.317309"></trkpt></trkseg></trk><trk><name>WVM #5 [APPROX quarter-section]</name><desc>placer | serial ORMC161445 | 40.0 ac | Active | qtr-sec OR 33 0320S 0070W 015 A SE | recorded~2021 (DB date, not legal located date) | src: BLM MLRS Not Closed | APPROX (BLM quarter-section)</desc><trkseg><trkpt lat="42.782235" lon="-123.515697"></trkpt><trkpt lat="42.784052" lon="-123.515656"></trkpt><trkpt lat="42.785870" lon="-123.515615"></trkpt><trkpt lat="42.789506" lon="-123.515532"></trkpt><trkpt lat="42.789466" lon="-123.513051"></trkpt><trkpt lat="42.789426" lon="-123.510570"></trkpt><trkpt lat="42.789345" lon="-123.505608"></trkpt><trkpt lat="42.785726" lon="-123.505674"></trkpt><trkpt lat="42.783917" lon="-123.505708"></trkpt><trkpt lat="42.782107" lon="-123.505741"></trkpt><trkpt lat="42.782139" lon="-123.508230"></trkpt><trkpt lat="42.782171" lon="-123.510719"></trkpt><trkpt lat="42.782203" lon="-123.513208"></trkpt><trkpt lat="42.782235" lon="-123.515697"></trkpt></trkseg></trk><trk><name>WVM #4 [APPROX quarter-section]</name><desc>placer | serial ORMC161475 | 40.0 ac | Active | qtr-sec OR 33 0320S 0070W 015 A SE | recorded~2021 (DB date, not legal located date) | src: BLM MLRS Not Closed | APPROX (BLM quarter-section)</desc><trkseg><trkpt lat="42.782235" lon="-123.515697"></trkpt><trkpt lat="42.784052" lon="-123.515656"></trkpt><trkpt lat="42.785870" lon="-123.515615"></trkpt><trkpt lat="42.789506" lon="-123.515532"></trkpt><trkpt lat="42.789466" lon="-123.513051"></trkpt><trkpt lat="42.789426" lon="-123.510570"></trkpt><trkpt lat="42.789345" lon="-123.505608"></trkpt><trkpt lat="42.785726" lon="-123.505674"></trkpt><trkpt lat="42.783917" lon="-123.505708"></trkpt><trkpt lat="42.782107" lon="-123.505741"></trkpt><trkpt lat="42.782139" lon="-123.508230"></trkpt><trkpt lat="42.782171" lon="-123.510719"></trkpt><trkpt lat="42.782203" lon="-123.513208"></trkpt><trkpt lat="42.782235" lon="-123.515697"></trkpt></trkseg></trk><trk><name>ROCK PILE [APPROX quarter-section]</name><desc>placer | serial ORMC162165 | 30.0 ac | Active | qtr-sec OR 33 0310S 0070W 007 A SE | recorded~2021 (DB date, not legal located date) | src: BLM MLRS Not Closed | APPROX (BLM quarter-section)</desc><trkseg><trkpt lat="42.891280" lon="-123.570635"></trkpt><trkpt lat="42.891338" lon="-123.568212"></trkpt><trkpt lat="42.891396" lon="-123.565789"></trkpt><trkpt lat="42.889560" lon="-123.565797"></trkpt><trkpt lat="42.887724" lon="-123.565804"></trkpt><trkpt lat="42.885889" lon="-123.565812"></trkpt><trkpt lat="42.884053" lon="-123.565819"></trkpt><trkpt lat="42.883993" lon="-123.568194"></trkpt><trkpt lat="42.883933" lon="-123.570569"></trkpt><trkpt lat="42.883813" lon="-123.575318"></trkpt><trkpt lat="42.887488" lon="-123.575400"></trkpt><trkpt lat="42.891164" lon="-123.575481"></trkpt><trkpt lat="42.891280" lon="-123.570635"></trkpt></trkseg></trk><trk><name>BLUE BEAR [APPROX quarter-section]</name><desc>placer | serial ORMC162439 | 120.0 ac | Active | qtr-sec OR 33 0330S 0080W 022 A N2SWNE | OR 33 0330S 0080W 022 A E2NWNE | OR 33 0330S 0080W 022 A W2NENE | recorded~2021 (DB date, not legal located date) | src: BLM MLRS Not Closed | APPROX (BLM quarter-section)</desc><trkseg><trkpt lat="42.691964" lon="-123.629410"></trkpt><trkpt lat="42.693784" lon="-123.629410"></trkpt><trkpt lat="42.695604" lon="-123.629410"></trkpt><trkpt lat="42.695604" lon="-123.626946"></trkpt><trkpt lat="42.695604" lon="-123.624483"></trkpt><trkpt lat="42.693784" lon="-123.624484"></trkpt><trkpt lat="42.691964" lon="-123.624485"></trkpt><trkpt lat="42.691964" lon="-123.626947"></trkpt><trkpt lat="42.690145" lon="-123.626948"></trkpt><trkpt lat="42.690144" lon="-123.629410"></trkpt><trkpt lat="42.690144" lon="-123.631871"></trkpt><trkpt lat="42.691964" lon="-123.631872"></trkpt><trkpt lat="42.691964" lon="-123.629410"></trkpt></trkseg></trk><trk><name>LUCKY STRIKE [APPROX quarter-section]</name><desc>placer | serial ORMC162440 | 60.0 ac | Active | qtr-sec OR 33 0330S 0080W 014 A NW|OR 33 0330S 0080W 014 A SW | recorded~2021 (DB date, not legal located date) | src: BLM MLRS Not Closed | APPROX (BLM quarter-section)</desc><trkseg><trkpt lat="42.699228" lon="-123.622012"></trkpt><trkpt lat="42.702853" lon="-123.622005"></trkpt><trkpt lat="42.706478" lon="-123.621998"></trkpt><trkpt lat="42.710103" lon="-123.621991"></trkpt><trkpt lat="42.710106" lon="-123.617090"></trkpt><trkpt lat="42.710110" lon="-123.612188"></trkpt><trkpt lat="42.706490" lon="-123.612192"></trkpt><trkpt lat="42.702870" lon="-123.612197"></trkpt><trkpt lat="42.699250" lon="-123.612201"></trkpt><trkpt lat="42.695630" lon="-123.612205"></trkpt><trkpt lat="42.695617" lon="-123.617112"></trkpt><trkpt lat="42.695604" lon="-123.622020"></trkpt><trkpt lat="42.697416" lon="-123.622016"></trkpt><trkpt lat="42.699228" lon="-123.622012"></trkpt></trkseg></trk><trk><name>MOON HOUSE [APPROX quarter-section]</name><desc>placer | serial ORMC162441 | 60.0 ac | Active | qtr-sec OR 33 0330S 0080W 015 A SE|OR 33 0330S 0080W 022 A NE | recorded~2021 (DB date, not legal located date) | src: BLM MLRS Not Closed | APPROX (BLM quarter-section)</desc><trkseg><trkpt lat="42.691964" lon="-123.631872"></trkpt><trkpt lat="42.695605" lon="-123.631873"></trkpt><trkpt lat="42.699227" lon="-123.631870"></trkpt><trkpt lat="42.702850" lon="-123.631867"></trkpt><trkpt lat="42.702852" lon="-123.626936"></trkpt><trkpt lat="42.702853" lon="-123.622005"></trkpt><trkpt lat="42.699228" lon="-123.622012"></trkpt><trkpt lat="42.697416" lon="-123.622016"></trkpt><trkpt lat="42.695604" lon="-123.622020"></trkpt><trkpt lat="42.691964" lon="-123.622023"></trkpt><trkpt lat="42.688325" lon="-123.622026"></trkpt><trkpt lat="42.688325" lon="-123.626948"></trkpt><trkpt lat="42.688324" lon="-123.631871"></trkpt><trkpt lat="42.691964" lon="-123.631872"></trkpt></trkseg></trk><trk><name>FOUR OUTLAWS [APPROX quarter-section]</name><desc>placer | serial ORMC162496 | 120.0 ac | Active | qtr-sec OR 33 0310S 0070W 017 A E2NWSW | OR 33 0310S 0070W 017 A SWSENW | OR 33 0310S 0070W 017 A W2NESW | OR 33 0310S 0070W 017 A SESWNW | recorded~2021 (DB date, not legal located date) | src: BLM MLRS Not Closed | APPROX (BLM quarter-section)</desc><trkseg><trkpt lat="42.872599" lon="-123.562918"></trkpt><trkpt lat="42.874317" lon="-123.562989"></trkpt><trkpt lat="42.876035" lon="-123.563060"></trkpt><trkpt lat="42.878044" lon="-123.563144"></trkpt><trkpt lat="42.878113" lon="-123.560706"></trkpt><trkpt lat="42.878182" lon="-123.558269"></trkpt><trkpt lat="42.876203" lon="-123.558180"></trkpt><trkpt lat="42.874454" lon="-123.558101"></trkpt><trkpt lat="42.872706" lon="-123.558022"></trkpt><trkpt lat="42.872652" lon="-123.560470"></trkpt><trkpt lat="42.872599" lon="-123.562918"></trkpt></trkseg></trk><trk><name>MINERS REST [APPROX quarter-section]</name><desc>placer | serial ORMC163452 | 40.0 ac | Active | qtr-sec OR 33 0320S 0070W 028 A SE|OR 33 0320S 0070W 033 A NE | recorded~2021 (DB date, not legal located date) | src: BLM MLRS Not Closed | APPROX (BLM quarter-section)</desc><trkseg><trkpt lat="42.748780" lon="-123.535119"></trkpt><trkpt lat="42.749856" lon="-123.535102"></trkpt><trkpt lat="42.750596" lon="-123.535089"></trkpt><trkpt lat="42.752411" lon="-123.535060"></trkpt><trkpt lat="42.754226" lon="-123.535030"></trkpt><trkpt lat="42.755967" lon="-123.535024"></trkpt><trkpt lat="42.757708" lon="-123.535018"></trkpt><trkpt lat="42.759447" lon="-123.535014"></trkpt><trkpt lat="42.761187" lon="-123.535010"></trkpt><trkpt lat="42.761184" lon="-123.532642"></trkpt><trkpt lat="42.761180" lon="-123.530274"></trkpt><trkpt lat="42.761175" lon="-123.526364"></trkpt><trkpt lat="42.761175" lon="-123.526067"></trkpt><trkpt lat="42.761174" lon="-123.525540"></trkpt><trkpt lat="42.761052" lon="-123.525541"></trkpt><trkpt lat="42.759390" lon="-123.525555"></trkpt><trkpt lat="42.758451" lon="-123.525563"></trkpt><trkpt lat="42.757606" lon="-123.525570"></trkpt><trkpt lat="42.754045" lon="-123.525588"></trkpt><trkpt lat="42.752258" lon="-123.525608"></trkpt><trkpt lat="42.750470" lon="-123.525629"></trkpt><trkpt lat="42.749854" lon="-123.525636"></trkpt><trkpt lat="42.746896" lon="-123.525670"></trkpt><trkpt lat="42.746930" lon="-123.530409"></trkpt><trkpt lat="42.746948" lon="-123.532779"></trkpt><trkpt lat="42.746965" lon="-123.535148"></trkpt><trkpt lat="42.748780" lon="-123.535119"></trkpt></trkseg></trk><trk><name>GOLD FORTUNE 4 [APPROX quarter-section]</name><desc>placer | serial ORMC164246 | 160.0 ac | Active | qtr-sec OR 33 0320S 0050W 009 A NW|OR 33 0320S 0050W 009 A NE | recorded~2021 (DB date, not legal located date) | src: BLM MLRS Not Closed | APPROX (BLM quarter-section)</desc><trkseg><trkpt lat="42.811803" lon="-123.293019"></trkpt><trkpt lat="42.811797" lon="-123.288155"></trkpt><trkpt lat="42.808219" lon="-123.288129"></trkpt><trkpt lat="42.804642" lon="-123.288104"></trkpt><trkpt lat="42.804650" lon="-123.293000"></trkpt><trkpt lat="42.804659" lon="-123.297896"></trkpt><trkpt lat="42.804667" lon="-123.302792"></trkpt><trkpt lat="42.804675" lon="-123.307688"></trkpt><trkpt lat="42.808249" lon="-123.307650"></trkpt><trkpt lat="42.811822" lon="-123.307612"></trkpt><trkpt lat="42.811816" lon="-123.302748"></trkpt><trkpt lat="42.811809" lon="-123.297884"></trkpt><trkpt lat="42.811803" lon="-123.293019"></trkpt></trkseg></trk><trk><name>GOLD FORTUNE 5 [APPROX quarter-section]</name><desc>placer | serial ORMC164247 | 156.81 ac | Active | qtr-sec OR 33 0320S 0050W 004 A NE|OR 33 0320S 0050W 004 A SE | recorded~2021 (DB date, not legal located date) | src: BLM MLRS Not Closed | APPROX (BLM quarter-section)</desc><trkseg><trkpt lat="42.819121" lon="-123.297625"></trkpt><trkpt lat="42.822819" lon="-123.297491"></trkpt><trkpt lat="42.826198" lon="-123.297369"></trkpt><trkpt lat="42.826213" lon="-123.292382"></trkpt><trkpt lat="42.826228" lon="-123.287395"></trkpt><trkpt lat="42.822797" lon="-123.287833"></trkpt><trkpt lat="42.819079" lon="-123.288306"></trkpt><trkpt lat="42.815435" lon="-123.288230"></trkpt><trkpt lat="42.811797" lon="-123.288155"></trkpt><trkpt lat="42.811803" lon="-123.293019"></trkpt><trkpt lat="42.811809" lon="-123.297884"></trkpt><trkpt lat="42.815492" lon="-123.297755"></trkpt><trkpt lat="42.819121" lon="-123.297625"></trkpt></trkseg></trk><trk><name>LOG CABIN FEVER #1A [APPROX quarter-section]</name><desc>placer | serial ORMC164365 | 24.95 ac | Active | qtr-sec OR 33 0330S 0050W 030 A NE | recorded~2021 (DB date, not legal located date) | src: BLM MLRS Not Closed | APPROX (BLM quarter-section)</desc><trkseg><trkpt lat="42.680185" lon="-123.338874"></trkpt><trkpt lat="42.681246" lon="-123.338883"></trkpt><trkpt lat="42.681274" lon="-123.335449"></trkpt><trkpt lat="42.681276" lon="-123.333953"></trkpt><trkpt lat="42.681276" lon="-123.332860"></trkpt><trkpt lat="42.681277" lon="-123.331710"></trkpt><trkpt lat="42.681278" lon="-123.330753"></trkpt><trkpt lat="42.681278" lon="-123.330551"></trkpt><trkpt lat="42.681279" lon="-123.329161"></trkpt><trkpt lat="42.681279" lon="-123.329023"></trkpt><trkpt lat="42.681183" lon="-123.329024"></trkpt><trkpt lat="42.680981" lon="-123.329024"></trkpt><trkpt lat="42.680753" lon="-123.329024"></trkpt><trkpt lat="42.680000" lon="-123.329026"></trkpt><trkpt lat="42.680000" lon="-123.338873"></trkpt><trkpt lat="42.680185" lon="-123.338874"></trkpt></trkseg></trk><trk><name>LOG CABIN FEVER #2 [APPROX quarter-section]</name><desc>placer | serial ORMC164499 | 36.31 ac | Active | qtr-sec OR 33 0330S 0050W 019 A SW|OR 33 0330S 0050W 019 A SE|OR 33 0330S 0050W 030 A NE | recorded~2021 (DB date, not legal located date) | src: BLM MLRS Not Closed | APPROX (BLM quarter-section)</desc><trkseg><trkpt lat="42.680185" lon="-123.338874"></trkpt><trkpt lat="42.681246" lon="-123.338883"></trkpt><trkpt lat="42.681218" lon="-123.341304"></trkpt><trkpt lat="42.681200" lon="-123.342841"></trkpt><trkpt lat="42.681189" lon="-123.343767"></trkpt><trkpt lat="42.681150" lon="-123.347115"></trkpt><trkpt lat="42.682987" lon="-123.347123"></trkpt><trkpt lat="42.683088" lon="-123.347124"></trkpt><trkpt lat="42.684207" lon="-123.347129"></trkpt><trkpt lat="42.684825" lon="-123.347132"></trkpt><trkpt lat="42.688501" lon="-123.347148"></trkpt><trkpt lat="42.688509" lon="-123.343703"></trkpt><trkpt lat="42.688520" lon="-123.338764"></trkpt><trkpt lat="42.688531" lon="-123.333893"></trkpt><trkpt lat="42.688543" lon="-123.329021"></trkpt><trkpt lat="42.684911" lon="-123.329022"></trkpt><trkpt lat="42.682598" lon="-123.329023"></trkpt><trkpt lat="42.681409" lon="-123.329023"></trkpt><trkpt lat="42.681279" lon="-123.329023"></trkpt><trkpt lat="42.681183" lon="-123.329024"></trkpt><trkpt lat="42.680981" lon="-123.329024"></trkpt><trkpt lat="42.680753" lon="-123.329024"></trkpt><trkpt lat="42.680000" lon="-123.329026"></trkpt><trkpt lat="42.680000" lon="-123.338873"></trkpt><trkpt lat="42.680185" lon="-123.338874"></trkpt></trkseg></trk><trk><name>CLAIRE 1 [APPROX quarter-section]</name><desc>placer | serial ORMC165078 | 10.0 ac | Active | qtr-sec OR 33 0320S 0070W 028 A SW | recorded~2021 (DB date, not legal located date) | src: BLM MLRS Not Closed | APPROX (BLM quarter-section)</desc><trkseg><trkpt lat="42.754220" lon="-123.539850"></trkpt><trkpt lat="42.754214" lon="-123.544670"></trkpt><trkpt lat="42.757705" lon="-123.544630"></trkpt><trkpt lat="42.761196" lon="-123.544591"></trkpt><trkpt lat="42.761192" lon="-123.539807"></trkpt><trkpt lat="42.761189" lon="-123.537409"></trkpt><trkpt lat="42.761187" lon="-123.535010"></trkpt><trkpt lat="42.759447" lon="-123.535014"></trkpt><trkpt lat="42.757708" lon="-123.535018"></trkpt><trkpt lat="42.755967" lon="-123.535024"></trkpt><trkpt lat="42.754226" lon="-123.535030"></trkpt><trkpt lat="42.754223" lon="-123.537440"></trkpt><trkpt lat="42.754220" lon="-123.539850"></trkpt></trkseg></trk><trk><name>GORGEOUS WOMAN [APPROX quarter-section]</name><desc>placer | serial ORMC165535 | 159.63 ac | Active | qtr-sec OR 33 0330S 0070W 030 A NW|OR 33 0330S 0070W 030 A SW | recorded~2021 (DB date, not legal located date) | src: BLM MLRS Not Closed | APPROX (BLM quarter-section)</desc><trkseg><trkpt lat="42.680942" lon="-123.582786"></trkpt><trkpt lat="42.680926" lon="-123.577814"></trkpt><trkpt lat="42.680910" lon="-123.572874"></trkpt><trkpt lat="42.680000" lon="-123.572882"></trkpt><trkpt lat="42.680000" lon="-123.582782"></trkpt><trkpt lat="42.680942" lon="-123.582786"></trkpt></trkseg></trk><trk><name>G &amp; R CLAIM 10 [APPROX quarter-section]</name><desc>placer | serial ORMC167334 | 40.0 ac | Active | qtr-sec OR 33 0320S 0070W 021 A SE | recorded~2021 (DB date, not legal located date) | src: BLM MLRS Not Closed | APPROX (BLM quarter-section)</desc><trkseg><trkpt lat="42.775272" lon="-123.534863"></trkpt><trkpt lat="42.775225" lon="-123.529928"></trkpt><trkpt lat="42.775201" lon="-123.527461"></trkpt><trkpt lat="42.775177" lon="-123.524993"></trkpt><trkpt lat="42.773445" lon="-123.525094"></trkpt><trkpt lat="42.771713" lon="-123.525194"></trkpt><trkpt lat="42.768249" lon="-123.525396"></trkpt><trkpt lat="42.768245" lon="-123.530181"></trkpt><trkpt lat="42.768240" lon="-123.534966"></trkpt><trkpt lat="42.769998" lon="-123.534940"></trkpt><trkpt lat="42.771756" lon="-123.534915"></trkpt><trkpt lat="42.775272" lon="-123.534863"></trkpt></trkseg></trk><trk><name>HE COMES ON A WHITE [APPROX quarter-section]</name><desc>placer | serial ORMC167436 | 40.0 ac | Active | qtr-sec OR 33 0320S 0040W 015 A NW | recorded~2021 (DB date, not legal located date) | src: BLM MLRS Not Closed | APPROX (BLM quarter-section)</desc><trkseg><trkpt lat="42.799110" lon="-123.171815"></trkpt><trkpt lat="42.799174" lon="-123.166936"></trkpt><trkpt lat="42.799163" lon="-123.162050"></trkpt><trkpt lat="42.795593" lon="-123.162061"></trkpt><trkpt lat="42.791956" lon="-123.162067"></trkpt><trkpt lat="42.791912" lon="-123.166929"></trkpt><trkpt lat="42.791826" lon="-123.171788"></trkpt><trkpt lat="42.795492" lon="-123.171804"></trkpt><trkpt lat="42.799110" lon="-123.171815"></trkpt></trkseg></trk><trk><name>HORSE PLAY [APPROX quarter-section]</name><desc>placer | serial ORMC167616 | 40.0 ac | Active | qtr-sec OR 33 0320S 0040W 010 A SW | recorded~2021 (DB date, not legal located date) | src: BLM MLRS Not Closed | APPROX (BLM quarter-section)</desc><trkseg><trkpt lat="42.806322" lon="-123.171766"></trkpt><trkpt lat="42.806432" lon="-123.166893"></trkpt><trkpt lat="42.806440" lon="-123.162010"></trkpt><trkpt lat="42.802835" lon="-123.162033"></trkpt><trkpt lat="42.799163" lon="-123.162050"></trkpt><trkpt lat="42.799174" lon="-123.166936"></trkpt><trkpt lat="42.799110" lon="-123.171815"></trkpt><trkpt lat="42.799189" lon="-123.171815"></trkpt><trkpt lat="42.802681" lon="-123.171784"></trkpt><trkpt lat="42.806322" lon="-123.171766"></trkpt></trkseg></trk><trk><name>SWEAT CAJ [APPROX quarter-section]</name><desc>placer | serial ORMC168672 | 72.92 ac | Active | qtr-sec OR 33 0300S 0040W 029 A SE | recorded~2021 (DB date, not legal located date) | src: BLM MLRS Not Closed | APPROX (BLM quarter-section)</desc><trkseg><trkpt lat="42.933909" lon="-123.193742"></trkpt><trkpt lat="42.933899" lon="-123.189011"></trkpt><trkpt lat="42.930197" lon="-123.188937"></trkpt><trkpt lat="42.926494" lon="-123.188863"></trkpt><trkpt lat="42.926514" lon="-123.190775"></trkpt><trkpt lat="42.926548" lon="-123.193224"></trkpt><trkpt lat="42.926635" lon="-123.198119"></trkpt><trkpt lat="42.930277" lon="-123.198296"></trkpt><trkpt lat="42.933919" lon="-123.198473"></trkpt><trkpt lat="42.933909" lon="-123.193742"></trkpt></trkseg></trk><trk><name>HONEYSUCKLE [APPROX quarter-section]</name><desc>placer | serial ORMC169129 | 20.0 ac | Active | qtr-sec OR 33 0320S 0070W 021 A SE | recorded~2021 (DB date, not legal located date) | src: BLM MLRS Not Closed | APPROX (BLM quarter-section)</desc><trkseg><trkpt lat="42.775272" lon="-123.534863"></trkpt><trkpt lat="42.775225" lon="-123.529928"></trkpt><trkpt lat="42.775201" lon="-123.527461"></trkpt><trkpt lat="42.775177" lon="-123.524993"></trkpt><trkpt lat="42.773445" lon="-123.525094"></trkpt><trkpt lat="42.771713" lon="-123.525194"></trkpt><trkpt lat="42.768249" lon="-123.525396"></trkpt><trkpt lat="42.768245" lon="-123.530181"></trkpt><trkpt lat="42.768240" lon="-123.534966"></trkpt><trkpt lat="42.769998" lon="-123.534940"></trkpt><trkpt lat="42.771756" lon="-123.534915"></trkpt><trkpt lat="42.775272" lon="-123.534863"></trkpt></trkseg></trk><trk><name>MEADOWS #1 [APPROX quarter-section]</name><desc>placer | serial ORMC170963 | 42.42 ac | Active | qtr-sec OR 33 0310S 0050W 006 A SW|OR 33 0310S 0050W 007 A NW | recorded~2021 (DB date, not legal located date) | src: BLM MLRS Not Closed | APPROX (BLM quarter-section)</desc><trkseg><trkpt lat="42.894166" lon="-123.347542"></trkpt><trkpt lat="42.894532" lon="-123.347534"></trkpt><trkpt lat="42.897636" lon="-123.347464"></trkpt><trkpt lat="42.897990" lon="-123.347457"></trkpt><trkpt lat="42.900821" lon="-123.347393"></trkpt><trkpt lat="42.901270" lon="-123.347382"></trkpt><trkpt lat="42.901545" lon="-123.347374"></trkpt><trkpt lat="42.904905" lon="-123.347282"></trkpt><trkpt lat="42.905099" lon="-123.347283"></trkpt><trkpt lat="42.905178" lon="-123.342585"></trkpt><trkpt lat="42.905259" lon="-123.337848"></trkpt><trkpt lat="42.901729" lon="-123.338096"></trkpt><trkpt lat="42.898199" lon="-123.338343"></trkpt><trkpt lat="42.894615" lon="-123.338284"></trkpt><trkpt lat="42.891031" lon="-123.338225"></trkpt><trkpt lat="42.891052" lon="-123.342928"></trkpt><trkpt lat="42.891073" lon="-123.347593"></trkpt><trkpt lat="42.893984" lon="-123.347545"></trkpt><trkpt lat="42.894166" lon="-123.347542"></trkpt></trkseg></trk><trk><name>BUSTED FLUSH [APPROX quarter-section]</name><desc>placer | serial ORMC171107 | 40.0 ac | Active | qtr-sec OR 33 0330S 0040W 021 A SE | recorded~2021 (DB date, not legal located date) | src: BLM MLRS Not Closed | APPROX (BLM quarter-section)</desc><trkseg><trkpt lat="42.686502" lon="-123.180574"></trkpt><trkpt lat="42.688292" lon="-123.180577"></trkpt><trkpt lat="42.688289" lon="-123.178104"></trkpt><trkpt lat="42.688286" lon="-123.175631"></trkpt><trkpt lat="42.688284" lon="-123.174395"></trkpt><trkpt lat="42.688282" lon="-123.173159"></trkpt><trkpt lat="42.688280" lon="-123.171922"></trkpt><trkpt lat="42.688279" lon="-123.170686"></trkpt><trkpt lat="42.684662" lon="-123.170714"></trkpt><trkpt lat="42.681045" lon="-123.170743"></trkpt><trkpt lat="42.681087" lon="-123.175655"></trkpt><trkpt lat="42.681130" lon="-123.180567"></trkpt><trkpt lat="42.684711" lon="-123.180572"></trkpt><trkpt lat="42.686502" lon="-123.180574"></trkpt></trkseg></trk><trk><name>COW CREEK [APPROX quarter-section]</name><desc>placer | serial ORMC171403 | 20.0 ac | Active | qtr-sec OR 33 0300S 0070W 033 A SE | recorded~2021 (DB date, not legal located date) | src: BLM MLRS Not Closed | APPROX (BLM quarter-section)</desc><trkseg><trkpt lat="42.917220" lon="-123.536049"></trkpt><trkpt lat="42.920750" lon="-123.535980"></trkpt><trkpt lat="42.920763" lon="-123.531166"></trkpt><trkpt lat="42.920776" lon="-123.526352"></trkpt><trkpt lat="42.919874" lon="-123.526360"></trkpt><trkpt lat="42.918971" lon="-123.526369"></trkpt><trkpt lat="42.918069" lon="-123.526377"></trkpt><trkpt lat="42.917166" lon="-123.526385"></trkpt><trkpt lat="42.913556" lon="-123.526419"></trkpt><trkpt lat="42.913623" lon="-123.531268"></trkpt><trkpt lat="42.913626" lon="-123.531486"></trkpt><trkpt lat="42.913690" lon="-123.536118"></trkpt><trkpt lat="42.917220" lon="-123.536049"></trkpt></trkseg></trk><trk><name>FIRST DREAM [APPROX quarter-section]</name><desc>placer | serial ORMC171673 | 39.86 ac | Active | qtr-sec OR 33 0330S 0080W 025 A NE | recorded~2021 (DB date, not legal located date) | src: BLM MLRS Not Closed | APPROX (BLM quarter-section)</desc><trkseg><trkpt lat="42.681016" lon="-123.592582"></trkpt><trkpt lat="42.681000" lon="-123.587677"></trkpt><trkpt lat="42.680984" lon="-123.582785"></trkpt><trkpt lat="42.680942" lon="-123.582786"></trkpt><trkpt lat="42.680000" lon="-123.582782"></trkpt><trkpt lat="42.680000" lon="-123.592578"></trkpt><trkpt lat="42.681016" lon="-123.592582"></trkpt></trkseg></trk><trk><name>GOLDEN CATTLE [APPROX quarter-section]</name><desc>placer | serial ORMC172021 | 20.0 ac | Active | qtr-sec OR 33 0310S 0070W 017 A SE | recorded~2021 (DB date, not legal located date) | src: BLM MLRS Not Closed | APPROX (BLM quarter-section)</desc><trkseg><trkpt lat="42.869277" lon="-123.550496"></trkpt><trkpt lat="42.869231" lon="-123.555408"></trkpt><trkpt lat="42.872759" lon="-123.555574"></trkpt><trkpt lat="42.874523" lon="-123.555657"></trkpt><trkpt lat="42.876287" lon="-123.555740"></trkpt><trkpt lat="42.876461" lon="-123.550651"></trkpt><trkpt lat="42.876636" lon="-123.545561"></trkpt><trkpt lat="42.872980" lon="-123.545572"></trkpt><trkpt lat="42.869323" lon="-123.545583"></trkpt><trkpt lat="42.869277" lon="-123.550496"></trkpt></trkseg></trk><trk><name>PURE WHITE GOLD [APPROX quarter-section]</name><desc>placer | serial ORMC172749 | 16.69 ac | Active | qtr-sec OR 33 0320S 0040W 009 A NE | recorded~2021 (DB date, not legal located date) | src: BLM MLRS Not Closed | APPROX (BLM quarter-section)</desc><trkseg><trkpt lat="42.810162" lon="-123.181779"></trkpt><trkpt lat="42.811916" lon="-123.181754"></trkpt><trkpt lat="42.811946" lon="-123.179420"></trkpt><trkpt lat="42.811976" lon="-123.176744"></trkpt><trkpt lat="42.812001" lon="-123.174574"></trkpt><trkpt lat="42.812032" lon="-123.171734"></trkpt><trkpt lat="42.809977" lon="-123.171745"></trkpt><trkpt lat="42.806322" lon="-123.171766"></trkpt><trkpt lat="42.806512" lon="-123.176780"></trkpt><trkpt lat="42.806599" lon="-123.181785"></trkpt><trkpt lat="42.810162" lon="-123.181779"></trkpt></trkseg></trk><trk><name>WHITEHORSE CREEK GOL [APPROX quarter-section]</name><desc>placer | serial ORMC172837 | 20.0 ac | Active | qtr-sec OR 33 0320S 0040W 009 A NE | recorded~2021 (DB date, not legal located date) | src: BLM MLRS Not Closed | APPROX (BLM quarter-section)</desc><trkseg><trkpt lat="42.810162" lon="-123.181779"></trkpt><trkpt lat="42.811916" lon="-123.181754"></trkpt><trkpt lat="42.811946" lon="-123.179420"></trkpt><trkpt lat="42.811976" lon="-123.176744"></trkpt><trkpt lat="42.812001" lon="-123.174574"></trkpt><trkpt lat="42.812032" lon="-123.171734"></trkpt><trkpt lat="42.809977" lon="-123.171745"></trkpt><trkpt lat="42.806322" lon="-123.171766"></trkpt><trkpt lat="42.806512" lon="-123.176780"></trkpt><trkpt lat="42.806599" lon="-123.181785"></trkpt><trkpt lat="42.810162" lon="-123.181779"></trkpt></trkseg></trk><trk><name>GOLDEN BELL TWO [APPROX quarter-section]</name><desc>placer | serial ORMC173614 | 20.0 ac | Active | qtr-sec OR 33 0310S 0070W 033 A NW | recorded~2021 (DB date, not legal located date) | src: BLM MLRS Not Closed | APPROX (BLM quarter-section)</desc><trkseg><trkpt lat="42.840365" lon="-123.545599"></trkpt><trkpt lat="42.840347" lon="-123.540691"></trkpt><trkpt lat="42.840329" lon="-123.535782"></trkpt><trkpt lat="42.836781" lon="-123.535656"></trkpt><trkpt lat="42.833233" lon="-123.535531"></trkpt><trkpt lat="42.833203" lon="-123.540593"></trkpt><trkpt lat="42.833173" lon="-123.545655"></trkpt><trkpt lat="42.836769" lon="-123.545627"></trkpt><trkpt lat="42.840365" lon="-123.545599"></trkpt></trkseg></trk><trk><name>UNION CREEK 2 [APPROX quarter-section]</name><desc>placer | serial ORMC176757 | 20.0 ac | Active | qtr-sec OR 33 0310S 0080W 011 A NW | recorded~2021 (DB date, not legal located date) | src: BLM MLRS Not Closed | APPROX (BLM quarter-section)</desc><trkseg><trkpt lat="42.897689" lon="-123.622501"></trkpt><trkpt lat="42.897715" lon="-123.617774"></trkpt><trkpt lat="42.897742" lon="-123.613046"></trkpt><trkpt lat="42.894105" lon="-123.613000"></trkpt><trkpt lat="42.892286" lon="-123.612977"></trkpt><trkpt lat="42.890467" lon="-123.612954"></trkpt><trkpt lat="42.890432" lon="-123.617735"></trkpt><trkpt lat="42.890397" lon="-123.622516"></trkpt><trkpt lat="42.894043" lon="-123.622509"></trkpt><trkpt lat="42.897689" lon="-123.622501"></trkpt></trkseg></trk><trk><name>UNION CREEK 3 [APPROX quarter-section]</name><desc>placer | serial ORMC176758 | 20.0 ac | Active | qtr-sec OR 33 0310S 0080W 011 A NW | recorded~2021 (DB date, not legal located date) | src: BLM MLRS Not Closed | APPROX (BLM quarter-section)</desc><trkseg><trkpt lat="42.897689" lon="-123.622501"></trkpt><trkpt lat="42.897715" lon="-123.617774"></trkpt><trkpt lat="42.897742" lon="-123.613046"></trkpt><trkpt lat="42.894105" lon="-123.613000"></trkpt><trkpt lat="42.892286" lon="-123.612977"></trkpt><trkpt lat="42.890467" lon="-123.612954"></trkpt><trkpt lat="42.890432" lon="-123.617735"></trkpt><trkpt lat="42.890397" lon="-123.622516"></trkpt><trkpt lat="42.894043" lon="-123.622509"></trkpt><trkpt lat="42.897689" lon="-123.622501"></trkpt></trkseg></trk><trk><name>UNION CREEK 4 [APPROX quarter-section]</name><desc>placer | serial ORMC176759 | 20.0 ac | Active | qtr-sec OR 33 0310S 0080W 011 A NE | recorded~2021 (DB date, not legal located date) | src: BLM MLRS Not Closed | APPROX (BLM quarter-section)</desc><trkseg><trkpt lat="42.894105" lon="-123.613000"></trkpt><trkpt lat="42.897742" lon="-123.613046"></trkpt><trkpt lat="42.897768" lon="-123.608317"></trkpt><trkpt lat="42.897794" lon="-123.603587"></trkpt><trkpt lat="42.894165" lon="-123.603587"></trkpt><trkpt lat="42.890535" lon="-123.603586"></trkpt><trkpt lat="42.890501" lon="-123.608270"></trkpt><trkpt lat="42.890467" lon="-123.612954"></trkpt><trkpt lat="42.892286" lon="-123.612977"></trkpt><trkpt lat="42.894105" lon="-123.613000"></trkpt></trkseg></trk><trk><name>KRN JASPER #1 [APPROX quarter-section]</name><desc>placer | serial ORMC176940 | 20.0 ac | Active | qtr-sec OR 33 0310S 0080W 013 A NE | recorded~2021 (DB date, not legal located date) | src: BLM MLRS Not Closed | APPROX (BLM quarter-section)</desc><trkseg><trkpt lat="42.875832" lon="-123.594070"></trkpt><trkpt lat="42.879617" lon="-123.594082"></trkpt><trkpt lat="42.883402" lon="-123.594093"></trkpt><trkpt lat="42.883466" lon="-123.589347"></trkpt><trkpt lat="42.883529" lon="-123.584601"></trkpt><trkpt lat="42.879786" lon="-123.584581"></trkpt><trkpt lat="42.877914" lon="-123.584571"></trkpt><trkpt lat="42.876043" lon="-123.584561"></trkpt><trkpt lat="42.875990" lon="-123.586939"></trkpt><trkpt lat="42.875937" lon="-123.589316"></trkpt><trkpt lat="42.875832" lon="-123.594070"></trkpt></trkseg></trk><trk><name>KRN JASPER #2 [APPROX quarter-section]</name><desc>placer | serial ORMC176941 | 20.0 ac | Active | qtr-sec OR 33 0310S 0080W 013 A NE | recorded~2021 (DB date, not legal located date) | src: BLM MLRS Not Closed | APPROX (BLM quarter-section)</desc><trkseg><trkpt lat="42.875832" lon="-123.594070"></trkpt><trkpt lat="42.879617" lon="-123.594082"></trkpt><trkpt lat="42.883402" lon="-123.594093"></trkpt><trkpt lat="42.883466" lon="-123.589347"></trkpt><trkpt lat="42.883529" lon="-123.584601"></trkpt><trkpt lat="42.879786" lon="-123.584581"></trkpt><trkpt lat="42.877914" lon="-123.584571"></trkpt><trkpt lat="42.876043" lon="-123.584561"></trkpt><trkpt lat="42.875990" lon="-123.586939"></trkpt><trkpt lat="42.875937" lon="-123.589316"></trkpt><trkpt lat="42.875832" lon="-123.594070"></trkpt></trkseg></trk><trk><name>KRN JASPER #3 [APPROX quarter-section]</name><desc>placer | serial ORMC176942 | 20.0 ac | Active | qtr-sec OR 33 0310S 0080W 013 A NE | recorded~2021 (DB date, not legal located date) | src: BLM MLRS Not Closed | APPROX (BLM quarter-section)</desc><trkseg><trkpt lat="42.875832" lon="-123.594070"></trkpt><trkpt lat="42.879617" lon="-123.594082"></trkpt><trkpt lat="42.883402" lon="-123.594093"></trkpt><trkpt lat="42.883466" lon="-123.589347"></trkpt><trkpt lat="42.883529" lon="-123.584601"></trkpt><trkpt lat="42.879786" lon="-123.584581"></trkpt><trkpt lat="42.877914" lon="-123.584571"></trkpt><trkpt lat="42.876043" lon="-123.584561"></trkpt><trkpt lat="42.875990" lon="-123.586939"></trkpt><trkpt lat="42.875937" lon="-123.589316"></trkpt><trkpt lat="42.875832" lon="-123.594070"></trkpt></trkseg></trk><trk><name>KRN JASPER #4 [APPROX quarter-section]</name><desc>placer | serial ORMC176943 | 20.0 ac | Active | qtr-sec OR 33 0310S 0080W 013 A SE | recorded~2021 (DB date, not legal located date) | src: BLM MLRS Not Closed | APPROX (BLM quarter-section)</desc><trkseg><trkpt lat="42.875990" lon="-123.586939"></trkpt><trkpt lat="42.876043" lon="-123.584561"></trkpt><trkpt lat="42.874238" lon="-123.584541"></trkpt><trkpt lat="42.872433" lon="-123.584520"></trkpt><trkpt lat="42.868823" lon="-123.584479"></trkpt><trkpt lat="42.868655" lon="-123.589263"></trkpt><trkpt lat="42.868486" lon="-123.594048"></trkpt><trkpt lat="42.872159" lon="-123.594059"></trkpt><trkpt lat="42.875832" lon="-123.594070"></trkpt><trkpt lat="42.875937" lon="-123.589316"></trkpt><trkpt lat="42.875990" lon="-123.586939"></trkpt></trkseg></trk><trk><name>LIGHTNING GOLD 1 [APPROX quarter-section]</name><desc>placer | serial ORMC176950 | 80.0 ac | Active | qtr-sec OR 33 0320S 0070W 020 A S2NESW | OR 33 0320S 0070W 020 A S2NWSW | recorded~2021 (DB date, not legal located date) | src: BLM MLRS Not Closed | APPROX (BLM quarter-section)</desc><trkseg><trkpt lat="42.773703" lon="-123.554180"></trkpt><trkpt lat="42.771927" lon="-123.554178"></trkpt><trkpt lat="42.771962" lon="-123.556596"></trkpt><trkpt lat="42.771996" lon="-123.559015"></trkpt><trkpt lat="42.772032" lon="-123.561369"></trkpt><trkpt lat="42.772068" lon="-123.563722"></trkpt><trkpt lat="42.773822" lon="-123.563672"></trkpt><trkpt lat="42.773794" lon="-123.561348"></trkpt><trkpt lat="42.773766" lon="-123.559024"></trkpt><trkpt lat="42.773734" lon="-123.556602"></trkpt><trkpt lat="42.773703" lon="-123.554180"></trkpt></trkseg></trk><trk><name>LIGHTNING GOLD 2 [APPROX quarter-section]</name><desc>placer | serial ORMC176951 | 20.0 ac | Active | qtr-sec OR 33 0320S 0070W 020 A E2SWSE | recorded~2021 (DB date, not legal located date) | src: BLM MLRS Not Closed | APPROX (BLM quarter-section)</desc><trkseg><trkpt lat="42.768297" lon="-123.549351"></trkpt><trkpt lat="42.768337" lon="-123.551763"></trkpt><trkpt lat="42.770115" lon="-123.551761"></trkpt><trkpt lat="42.771893" lon="-123.551760"></trkpt><trkpt lat="42.771859" lon="-123.549341"></trkpt><trkpt lat="42.770078" lon="-123.549346"></trkpt><trkpt lat="42.768297" lon="-123.549351"></trkpt></trkseg></trk><trk><name>SHINY GOLD [APPROX quarter-section]</name><desc>placer | serial ORMC176955 | 20.0 ac | Active | qtr-sec OR 33 0320S 0080W 002 A SE | recorded~2021 (DB date, not legal located date) | src: BLM MLRS Not Closed | APPROX (BLM quarter-section)</desc><trkseg><trkpt lat="42.810901" lon="-123.612792"></trkpt><trkpt lat="42.814462" lon="-123.612735"></trkpt><trkpt lat="42.818020" lon="-123.612681"></trkpt><trkpt lat="42.818052" lon="-123.607888"></trkpt><trkpt lat="42.818089" lon="-123.603092"></trkpt><trkpt lat="42.814492" lon="-123.603117"></trkpt><trkpt lat="42.810895" lon="-123.603143"></trkpt><trkpt lat="42.810898" lon="-123.607967"></trkpt><trkpt lat="42.810901" lon="-123.612792"></trkpt></trkseg></trk><trk><name>TENNESSEE GULCH [APPROX quarter-section]</name><desc>placer | serial ORMC177440 | 100.0 ac | Active | qtr-sec OR 33 0320S 0050W 035 A SW | recorded~2021 (DB date, not legal located date) | src: BLM MLRS Not Closed | APPROX (BLM quarter-section)</desc><trkseg><trkpt lat="42.739292" lon="-123.263189"></trkpt><trkpt lat="42.739295" lon="-123.264386"></trkpt><trkpt lat="42.739304" lon="-123.268170"></trkpt><trkpt lat="42.742964" lon="-123.267525"></trkpt><trkpt lat="42.746624" lon="-123.266880"></trkpt><trkpt lat="42.746590" lon="-123.262199"></trkpt><trkpt lat="42.746555" lon="-123.257518"></trkpt><trkpt lat="42.742973" lon="-123.257858"></trkpt><trkpt lat="42.742917" lon="-123.257864"></trkpt><trkpt lat="42.741098" lon="-123.258037"></trkpt><trkpt lat="42.739279" lon="-123.258209"></trkpt><trkpt lat="42.739283" lon="-123.259357"></trkpt><trkpt lat="42.739286" lon="-123.260693"></trkpt><trkpt lat="42.739289" lon="-123.261941"></trkpt><trkpt lat="42.739292" lon="-123.263189"></trkpt></trkseg></trk><trk><name>STAIRWAY TO GOLD [APPROX quarter-section]</name><desc>placer | serial ORMC178000 | 20.0 ac | Active | qtr-sec OR 33 0310S 0080W 035 A SWSW | recorded~2021 (DB date, not legal located date) | src: BLM MLRS Not Closed | APPROX (BLM quarter-section)</desc><trkseg><trkpt lat="42.825036" lon="-123.621971"></trkpt><trkpt lat="42.828551" lon="-123.621995"></trkpt><trkpt lat="42.828564" lon="-123.619636"></trkpt><trkpt lat="42.828576" lon="-123.617276"></trkpt><trkpt lat="42.825029" lon="-123.617280"></trkpt><trkpt lat="42.825036" lon="-123.621971"></trkpt></trkseg></trk><trk><name>BLESSED MEADOWS #1 [APPROX quarter-section]</name><desc>placer | serial ORMC178018 | 79.8 ac | Active | qtr-sec OR 33 0310S 0050W 006 A NW | recorded~2021 (DB date, not legal located date) | src: BLM MLRS Not Closed | APPROX (BLM quarter-section)</desc><trkseg><trkpt lat="42.905178" lon="-123.342585"></trkpt><trkpt lat="42.905099" lon="-123.347283"></trkpt><trkpt lat="42.906169" lon="-123.347293"></trkpt><trkpt lat="42.908535" lon="-123.347307"></trkpt><trkpt lat="42.908632" lon="-123.347308"></trkpt><trkpt lat="42.912166" lon="-123.347330"></trkpt><trkpt lat="42.912270" lon="-123.342341"></trkpt><trkpt lat="42.912280" lon="-123.341863"></trkpt><trkpt lat="42.912375" lon="-123.337348"></trkpt><trkpt lat="42.908817" lon="-123.337598"></trkpt><trkpt lat="42.905259" lon="-123.337848"></trkpt><trkpt lat="42.905178" lon="-123.342585"></trkpt></trkseg></trk><trk><name>BLESSED MEADOWS #2 [APPROX quarter-section]</name><desc>placer | serial ORMC178019 | 40.0 ac | Active | qtr-sec OR 33 0310S 0050W 006 A NW | recorded~2021 (DB date, not legal located date) | src: BLM MLRS Not Closed | APPROX (BLM quarter-section)</desc><trkseg><trkpt lat="42.905178" lon="-123.342585"></trkpt><trkpt lat="42.905099" lon="-123.347283"></trkpt><trkpt lat="42.906169" lon="-123.347293"></trkpt><trkpt lat="42.908535" lon="-123.347307"></trkpt><trkpt lat="42.908632" lon="-123.347308"></trkpt><trkpt lat="42.912166" lon="-123.347330"></trkpt><trkpt lat="42.912270" lon="-123.342341"></trkpt><trkpt lat="42.912280" lon="-123.341863"></trkpt><trkpt lat="42.912375" lon="-123.337348"></trkpt><trkpt lat="42.908817" lon="-123.337598"></trkpt><trkpt lat="42.905259" lon="-123.337848"></trkpt><trkpt lat="42.905178" lon="-123.342585"></trkpt></trkseg></trk><trk><name>BLESSED MEADOWS #4 [APPROX quarter-section]</name><desc>placer | serial ORMC178020 | 40.0 ac | Active | qtr-sec OR 33 0310S 0050W 006 A NW | recorded~2021 (DB date, not legal located date) | src: BLM MLRS Not Closed | APPROX (BLM quarter-section)</desc><trkseg><trkpt lat="42.905178" lon="-123.342585"></trkpt><trkpt lat="42.905099" lon="-123.347283"></trkpt><trkpt lat="42.906169" lon="-123.347293"></trkpt><trkpt lat="42.908535" lon="-123.347307"></trkpt><trkpt lat="42.908632" lon="-123.347308"></trkpt><trkpt lat="42.912166" lon="-123.347330"></trkpt><trkpt lat="42.912270" lon="-123.342341"></trkpt><trkpt lat="42.912280" lon="-123.341863"></trkpt><trkpt lat="42.912375" lon="-123.337348"></trkpt><trkpt lat="42.908817" lon="-123.337598"></trkpt><trkpt lat="42.905259" lon="-123.337848"></trkpt><trkpt lat="42.905178" lon="-123.342585"></trkpt></trkseg></trk><trk><name>GOLD BALL [APPROX quarter-section]</name><desc>placer | serial ORMC178035 | 20.0 ac | Active | qtr-sec OR 33 0330S 0080W 022 A SE | recorded~2021 (DB date, not legal located date) | src: BLM MLRS Not Closed | APPROX (BLM quarter-section)</desc><trkseg><trkpt lat="42.688324" lon="-123.631871"></trkpt><trkpt lat="42.688325" lon="-123.626948"></trkpt><trkpt lat="42.688325" lon="-123.622026"></trkpt><trkpt lat="42.686123" lon="-123.622027"></trkpt><trkpt lat="42.685695" lon="-123.622027"></trkpt><trkpt lat="42.684700" lon="-123.622028"></trkpt><trkpt lat="42.683303" lon="-123.622029"></trkpt><trkpt lat="42.682565" lon="-123.622029"></trkpt><trkpt lat="42.682108" lon="-123.622030"></trkpt><trkpt lat="42.681075" lon="-123.622030"></trkpt><trkpt lat="42.681073" lon="-123.623363"></trkpt><trkpt lat="42.681068" lon="-123.626949"></trkpt><trkpt lat="42.681064" lon="-123.629551"></trkpt><trkpt lat="42.681061" lon="-123.631093"></trkpt><trkpt lat="42.681060" lon="-123.631869"></trkpt><trkpt lat="42.681059" lon="-123.632635"></trkpt><trkpt lat="42.681654" lon="-123.631869"></trkpt><trkpt lat="42.684692" lon="-123.631870"></trkpt><trkpt lat="42.688324" lon="-123.631871"></trkpt></trkseg></trk><trk><name>GOLD BELT [APPROX quarter-section]</name><desc>placer | serial ORMC178036 | 20.0 ac | Active | qtr-sec OR 33 0330S 0080W 022 A SE | recorded~2021 (DB date, not legal located date) | src: BLM MLRS Not Closed | APPROX (BLM quarter-section)</desc><trkseg><trkpt lat="42.688324" lon="-123.631871"></trkpt><trkpt lat="42.688325" lon="-123.626948"></trkpt><trkpt lat="42.688325" lon="-123.622026"></trkpt><trkpt lat="42.686123" lon="-123.622027"></trkpt><trkpt lat="42.685695" lon="-123.622027"></trkpt><trkpt lat="42.684700" lon="-123.622028"></trkpt><trkpt lat="42.683303" lon="-123.622029"></trkpt><trkpt lat="42.682565" lon="-123.622029"></trkpt><trkpt lat="42.682108" lon="-123.622030"></trkpt><trkpt lat="42.681075" lon="-123.622030"></trkpt><trkpt lat="42.681073" lon="-123.623363"></trkpt><trkpt lat="42.681068" lon="-123.626949"></trkpt><trkpt lat="42.681064" lon="-123.629551"></trkpt><trkpt lat="42.681061" lon="-123.631093"></trkpt><trkpt lat="42.681060" lon="-123.631869"></trkpt><trkpt lat="42.681059" lon="-123.632635"></trkpt><trkpt lat="42.681654" lon="-123.631869"></trkpt><trkpt lat="42.684692" lon="-123.631870"></trkpt><trkpt lat="42.688324" lon="-123.631871"></trkpt></trkseg></trk><trk><name>HOGUM #1 [APPROX quarter-section]</name><desc>placer | serial ORMC23756 | 20.0 ac | Active | qtr-sec OR 33 0320S 0040W 021 A SW | recorded~2021 (DB date, not legal located date) | src: BLM MLRS Not Closed | APPROX (BLM quarter-section)</desc><trkseg><trkpt lat="42.775958" lon="-123.191841"></trkpt><trkpt lat="42.777777" lon="-123.191866"></trkpt><trkpt lat="42.777753" lon="-123.189373"></trkpt><trkpt lat="42.777730" lon="-123.186912"></trkpt><trkpt lat="42.777730" lon="-123.186878"></trkpt><trkpt lat="42.777706" lon="-123.184387"></trkpt><trkpt lat="42.777683" lon="-123.181958"></trkpt><trkpt lat="42.775873" lon="-123.181920"></trkpt><trkpt lat="42.774067" lon="-123.181976"></trkpt><trkpt lat="42.773160" lon="-123.181965"></trkpt><trkpt lat="42.772255" lon="-123.181975"></trkpt><trkpt lat="42.771351" lon="-123.181985"></trkpt><trkpt lat="42.770406" lon="-123.182125"></trkpt><trkpt lat="42.770453" lon="-123.183217"></trkpt><trkpt lat="42.770460" lon="-123.184438"></trkpt><trkpt lat="42.770467" lon="-123.185659"></trkpt><trkpt lat="42.770474" lon="-123.186881"></trkpt><trkpt lat="42.770500" lon="-123.191750"></trkpt><trkpt lat="42.772320" lon="-123.191779"></trkpt><trkpt lat="42.774139" lon="-123.191816"></trkpt><trkpt lat="42.775958" lon="-123.191841"></trkpt></trkseg></trk><trk><name>HOGUM #2 [APPROX quarter-section]</name><desc>placer | serial ORMC23757 | 20.0 ac | Active | qtr-sec OR 33 0320S 0040W 028 A NW | recorded~2021 (DB date, not legal located date) | src: BLM MLRS Not Closed | APPROX (BLM quarter-section)</desc><trkseg><trkpt lat="42.770474" lon="-123.186881"></trkpt><trkpt lat="42.770467" lon="-123.185659"></trkpt><trkpt lat="42.770460" lon="-123.184438"></trkpt><trkpt lat="42.770453" lon="-123.183217"></trkpt><trkpt lat="42.770406" lon="-123.182125"></trkpt><trkpt lat="42.768632" lon="-123.181988"></trkpt><trkpt lat="42.766818" lon="-123.181981"></trkpt><trkpt lat="42.763190" lon="-123.181967"></trkpt><trkpt lat="42.763188" lon="-123.186566"></trkpt><trkpt lat="42.763188" lon="-123.186836"></trkpt><trkpt lat="42.763188" lon="-123.187470"></trkpt><trkpt lat="42.763186" lon="-123.191696"></trkpt><trkpt lat="42.765015" lon="-123.191720"></trkpt><trkpt lat="42.766844" lon="-123.191736"></trkpt><trkpt lat="42.768675" lon="-123.191741"></trkpt><trkpt lat="42.770500" lon="-123.191750"></trkpt><trkpt lat="42.770474" lon="-123.186881"></trkpt></trkseg></trk><trk><name>Goldopolis [APPROX quarter-section]</name><desc>placer | serial OR105801780 | 80.0 ac | Active | qtr-sec OR 33 0330S 0040W 021 RemainderAliquotPartNENENE | OR 33 0330S 0040W 021 RemainderAliquotPartNENESENE | OR 33 0330S 0040W 021 RemainderAliquotPartNENWNE | OR 33 0330S 0040W 021 RemainderAliquotPartNENWSENE | OR 33 0330S 0040W 021 RemainderAli…</desc><trkseg><trkpt lat="42.691897" lon="-123.175620"></trkpt><trkpt lat="42.690994" lon="-123.175623"></trkpt><trkpt lat="42.690091" lon="-123.175625"></trkpt><trkpt lat="42.689188" lon="-123.175628"></trkpt><trkpt lat="42.688286" lon="-123.175631"></trkpt><trkpt lat="42.688289" lon="-123.178104"></trkpt><trkpt lat="42.688292" lon="-123.180577"></trkpt><trkpt lat="42.691898" lon="-123.180582"></trkpt><trkpt lat="42.691897" lon="-123.178101"></trkpt><trkpt lat="42.691897" lon="-123.175620"></trkpt></trkseg></trk><trk><name>Cow #1 [APPROX quarter-section]</name><desc>placer | serial OR105810520 | 20.0 ac | Active | qtr-sec OR 33 0320S 0080W 009 A SE|OR 33 0320S 0080W 009 A NWSE|OR 33 0320S 0080W 009 A SWSE|OR 33 0320S 0080W 009 A SESE|OR 33 0320S 0080W 009 A Government Lot 15|OR 33 0320S 0080W 009 A NESE|OR 33 0320S 0080W 009 A Government Lot 8|OR 33 0320S 0080…</desc><trkseg><trkpt lat="42.796897" lon="-123.651320"></trkpt><trkpt lat="42.796855" lon="-123.656071"></trkpt><trkpt lat="42.796813" lon="-123.660823"></trkpt><trkpt lat="42.800316" lon="-123.660896"></trkpt><trkpt lat="42.803819" lon="-123.660970"></trkpt><trkpt lat="42.807322" lon="-123.661042"></trkpt><trkpt lat="42.810824" lon="-123.661115"></trkpt><trkpt lat="42.810844" lon="-123.656297"></trkpt><trkpt lat="42.810866" lon="-123.651480"></trkpt><trkpt lat="42.810890" lon="-123.646663"></trkpt><trkpt lat="42.810914" lon="-123.641846"></trkpt><trkpt lat="42.807430" lon="-123.641839"></trkpt><trkpt lat="42.803946" lon="-123.641832"></trkpt><trkpt lat="42.800462" lon="-123.641825"></trkpt><trkpt lat="42.796978" lon="-123.641818"></trkpt><trkpt lat="42.796938" lon="-123.646569"></trkpt><trkpt lat="42.796897" lon="-123.651320"></trkpt></trkseg></trk><trk><name>Cow #2 [APPROX quarter-section]</name><desc>placer | serial OR105810521 | 20.0 ac | Active | qtr-sec OR 33 0320S 0080W 009 A SE|OR 33 0320S 0080W 009 A NWSE|OR 33 0320S 0080W 009 A SWSE|OR 33 0320S 0080W 009 A SESE|OR 33 0320S 0080W 009 A Government Lot 15|OR 33 0320S 0080W 009 A NESE|OR 33 0320S 0080W 009 A Government Lot 8|OR 33 0320S 0080…</desc><trkseg><trkpt lat="42.796897" lon="-123.651320"></trkpt><trkpt lat="42.796855" lon="-123.656071"></trkpt><trkpt lat="42.796813" lon="-123.660823"></trkpt><trkpt lat="42.800316" lon="-123.660896"></trkpt><trkpt lat="42.803819" lon="-123.660970"></trkpt><trkpt lat="42.807322" lon="-123.661042"></trkpt><trkpt lat="42.810824" lon="-123.661115"></trkpt><trkpt lat="42.810844" lon="-123.656297"></trkpt><trkpt lat="42.810866" lon="-123.651480"></trkpt><trkpt lat="42.810890" lon="-123.646663"></trkpt><trkpt lat="42.810914" lon="-123.641846"></trkpt><trkpt lat="42.807430" lon="-123.641839"></trkpt><trkpt lat="42.803946" lon="-123.641832"></trkpt><trkpt lat="42.800462" lon="-123.641825"></trkpt><trkpt lat="42.796978" lon="-123.641818"></trkpt><trkpt lat="42.796938" lon="-123.646569"></trkpt><trkpt lat="42.796897" lon="-123.651320"></trkpt></trkseg></trk><trk><name>COW # 3 [APPROX quarter-section]</name><desc>placer | serial OR105819658 | 273.22 ac | Active | qtr-sec OR 33 0320S 0080W 009 A NW | recorded~2023 (DB date, not legal located date) | src: BLM MLRS Not Closed | APPROX (BLM quarter-section)</desc><trkseg><trkpt lat="42.810844" lon="-123.656297"></trkpt><trkpt lat="42.810866" lon="-123.651480"></trkpt><trkpt lat="42.807374" lon="-123.651440"></trkpt><trkpt lat="42.803883" lon="-123.651400"></trkpt><trkpt lat="42.803851" lon="-123.656185"></trkpt><trkpt lat="42.803819" lon="-123.660970"></trkpt><trkpt lat="42.807322" lon="-123.661042"></trkpt><trkpt lat="42.810824" lon="-123.661115"></trkpt><trkpt lat="42.810844" lon="-123.656297"></trkpt></trkseg></trk><trk><name>Two Hole [APPROX quarter-section]</name><desc>placer | serial OR106333449 | 2587.9 ac | Active | qtr-sec OR 33 0320S 0050W 025 Lot1 | OR 33 0320S 0050W 025 Lot2 | OR 33 0320S 0050W 025 Lot7 | OR 33 0320S 0050W 025 Lot8 | OR 33 0320S 0050W 025 A SW | recorded~2023 (DB date, not legal located date) | src: BLM MLRS Not Closed | APPROX (BLM quarte…</desc><trkseg><trkpt lat="42.753921" lon="-123.242115"></trkpt><trkpt lat="42.753933" lon="-123.247050"></trkpt><trkpt lat="42.757338" lon="-123.247156"></trkpt><trkpt lat="42.760960" lon="-123.247271"></trkpt><trkpt lat="42.760937" lon="-123.242471"></trkpt><trkpt lat="42.760914" lon="-123.237670"></trkpt><trkpt lat="42.757284" lon="-123.237417"></trkpt><trkpt lat="42.753908" lon="-123.237181"></trkpt><trkpt lat="42.753908" lon="-123.237218"></trkpt><trkpt lat="42.753921" lon="-123.242115"></trkpt></trkseg></trk><trk><name>Lower Cow Creek 1 [APPROX quarter-section]</name><desc>placer | serial OR106336493 | 40.0 ac | Active | qtr-sec OR 33 0310S 0070W 017 A NENW | recorded~2023 (DB date, not legal located date) | src: BLM MLRS Not Closed | APPROX (BLM quarter-section)</desc><trkseg><trkpt lat="42.880162" lon="-123.558359"></trkpt><trkpt lat="42.880107" lon="-123.560792"></trkpt><trkpt lat="42.884099" lon="-123.560965"></trkpt><trkpt lat="42.884146" lon="-123.556110"></trkpt><trkpt lat="42.880216" lon="-123.555925"></trkpt><trkpt lat="42.880162" lon="-123.558359"></trkpt></trkseg></trk><trk><name>Bull Run #3 [APPROX quarter-section]</name><desc>placer | serial OR106340875 | 2587.9 ac | Filed | qtr-sec OR 33 0320S 0050W 025 Lot1 | OR 33 0320S 0050W 025 Lot2 | OR 33 0320S 0050W 025 Lot7 | OR 33 0320S 0050W 025 Lot8 | OR 33 0320S 0050W 025 A SW | recorded~2023 (DB date, not legal located date) | src: BLM MLRS Not Closed | APPROX (BLM quarter…</desc><trkseg><trkpt lat="42.753921" lon="-123.242115"></trkpt><trkpt lat="42.753933" lon="-123.247050"></trkpt><trkpt lat="42.757338" lon="-123.247156"></trkpt><trkpt lat="42.760960" lon="-123.247271"></trkpt><trkpt lat="42.760937" lon="-123.242471"></trkpt><trkpt lat="42.760914" lon="-123.237670"></trkpt><trkpt lat="42.757284" lon="-123.237417"></trkpt><trkpt lat="42.753908" lon="-123.237181"></trkpt><trkpt lat="42.753908" lon="-123.237218"></trkpt><trkpt lat="42.753921" lon="-123.242115"></trkpt></trkseg></trk><trk><name>Bull Run #4 [APPROX quarter-section]</name><desc>placer | serial OR106340876 | 2570.85 ac | Filed | qtr-sec OR 33 0320S 0050W 025 Lot3 | OR 33 0320S 0050W 025 Lot4 | OR 33 0320S 0050W 025 Lot5 | OR 33 0320S 0050W 025 Lot6 | OR 33 0320S 0050W 025 A SE | recorded~2023 (DB date, not legal located date) | src: BLM MLRS Not Closed | APPROX (BLM quarte…</desc><trkseg><trkpt lat="42.753876" lon="-123.232195"></trkpt><trkpt lat="42.753877" lon="-123.232892"></trkpt><trkpt lat="42.753908" lon="-123.237181"></trkpt><trkpt lat="42.757284" lon="-123.237417"></trkpt><trkpt lat="42.760914" lon="-123.237670"></trkpt><trkpt lat="42.760892" lon="-123.233140"></trkpt><trkpt lat="42.760870" lon="-123.228611"></trkpt><trkpt lat="42.759438" lon="-123.228613"></trkpt><trkpt lat="42.757213" lon="-123.228617"></trkpt><trkpt lat="42.755818" lon="-123.228620"></trkpt><trkpt lat="42.753854" lon="-123.228623"></trkpt><trkpt lat="42.753876" lon="-123.232195"></trkpt></trkseg></trk><trk><name>Da Bull [APPROX quarter-section]</name><desc>placer | serial OR106341088 | 2587.9 ac | Active | qtr-sec OR 33 0320S 0050W 025 Lot1 | OR 33 0320S 0050W 025 Lot2 | OR 33 0320S 0050W 025 Lot7 | OR 33 0320S 0050W 025 Lot8 | OR 33 0320S 0050W 025 A SW | recorded~2023 (DB date, not legal located date) | src: BLM MLRS Not Closed | APPROX (BLM quarte…</desc><trkseg><trkpt lat="42.753921" lon="-123.242115"></trkpt><trkpt lat="42.753933" lon="-123.247050"></trkpt><trkpt lat="42.757338" lon="-123.247156"></trkpt><trkpt lat="42.760960" lon="-123.247271"></trkpt><trkpt lat="42.760937" lon="-123.242471"></trkpt><trkpt lat="42.760914" lon="-123.237670"></trkpt><trkpt lat="42.757284" lon="-123.237417"></trkpt><trkpt lat="42.753908" lon="-123.237181"></trkpt><trkpt lat="42.753908" lon="-123.237218"></trkpt><trkpt lat="42.753921" lon="-123.242115"></trkpt></trkseg></trk><trk><name>Country Gold [APPROX quarter-section]</name><desc>placer | serial OR106345788 | 333.08 ac | Active | qtr-sec OR 33 0320S 0080W 005 A NE | OR 33 0320S 0080W 005 A NW | recorded~2024 (DB date, not legal located date) | src: BLM MLRS Not Closed | APPROX (BLM quarter-section)</desc><trkseg><trkpt lat="42.820830" lon="-123.679377"></trkpt><trkpt lat="42.824952" lon="-123.678394"></trkpt><trkpt lat="42.824942" lon="-123.673697"></trkpt><trkpt lat="42.824941" lon="-123.669002"></trkpt><trkpt lat="42.821082" lon="-123.669419"></trkpt><trkpt lat="42.817521" lon="-123.669804"></trkpt><trkpt lat="42.817301" lon="-123.675000"></trkpt><trkpt lat="42.817081" lon="-123.680195"></trkpt><trkpt lat="42.820830" lon="-123.679377"></trkpt></trkseg></trk><trk><name>Bull Run #6 [APPROX quarter-section]</name><desc>placer | serial OR106346986 | 40.0 ac | Active | qtr-sec OR 33 0320S 0040W 031 A N2NENW | recorded~2024 (DB date, not legal located date) | src: BLM MLRS Not Closed | APPROX (BLM quarter-section)</desc><trkseg><trkpt lat="42.755797" lon="-123.221239"></trkpt><trkpt lat="42.753988" lon="-123.221201"></trkpt><trkpt lat="42.753993" lon="-123.223699"></trkpt><trkpt lat="42.753999" lon="-123.226197"></trkpt><trkpt lat="42.755811" lon="-123.226221"></trkpt><trkpt lat="42.755804" lon="-123.223730"></trkpt><trkpt lat="42.755797" lon="-123.221239"></trkpt></trkseg></trk><trk><name>Fortune 9A [APPROX quarter-section]</name><desc>placer | serial OR106349910 | 40.0 ac | Active | qtr-sec OR 33 0320S 0050W 009 A S2SWSW | recorded~2024 (DB date, not legal located date) | src: BLM MLRS Not Closed | APPROX (BLM quarter-section)</desc><trkseg><trkpt lat="42.799302" lon="-123.302824"></trkpt><trkpt lat="42.797514" lon="-123.302834"></trkpt><trkpt lat="42.797519" lon="-123.305298"></trkpt><trkpt lat="42.797524" lon="-123.307761"></trkpt><trkpt lat="42.799311" lon="-123.307742"></trkpt><trkpt lat="42.799307" lon="-123.305283"></trkpt><trkpt lat="42.799302" lon="-123.302824"></trkpt></trkseg></trk><trk><name>RMPA Union [APPROX quarter-section]</name><desc>placer | serial OR106359320 | 20.0 ac | Active | qtr-sec OR 33 0310S 0080W 011 A NW | recorded~2024 (DB date, not legal located date) | src: BLM MLRS Not Closed | APPROX (BLM quarter-section)</desc><trkseg><trkpt lat="42.897689" lon="-123.622501"></trkpt><trkpt lat="42.897715" lon="-123.617774"></trkpt><trkpt lat="42.897742" lon="-123.613046"></trkpt><trkpt lat="42.894105" lon="-123.613000"></trkpt><trkpt lat="42.892286" lon="-123.612977"></trkpt><trkpt lat="42.890467" lon="-123.612954"></trkpt><trkpt lat="42.890432" lon="-123.617735"></trkpt><trkpt lat="42.890397" lon="-123.622516"></trkpt><trkpt lat="42.894043" lon="-123.622509"></trkpt><trkpt lat="42.897689" lon="-123.622501"></trkpt></trkseg></trk><trk><name>Grave Creek Gold [APPROX quarter-section]</name><desc>placer | serial OR106361111 | 140.0 ac | Active | qtr-sec OR 33 0330S 0040W 003 A NE | recorded~2024 (DB date, not legal located date) | src: BLM MLRS Not Closed | APPROX (BLM quarter-section)</desc><trkseg><trkpt lat="42.737772" lon="-123.160676"></trkpt><trkpt lat="42.737755" lon="-123.157017"></trkpt><trkpt lat="42.737749" lon="-123.155728"></trkpt><trkpt lat="42.737745" lon="-123.154701"></trkpt><trkpt lat="42.737727" lon="-123.152037"></trkpt><trkpt lat="42.737719" lon="-123.150781"></trkpt><trkpt lat="42.734994" lon="-123.150826"></trkpt><trkpt lat="42.731391" lon="-123.150887"></trkpt><trkpt lat="42.731446" lon="-123.155821"></trkpt><trkpt lat="42.731502" lon="-123.160755"></trkpt><trkpt lat="42.735095" lon="-123.160710"></trkpt><trkpt lat="42.737772" lon="-123.160676"></trkpt></trkseg></trk><trk><name>Painted Horse [APPROX quarter-section]</name><desc>placer | serial OR106363908 | 160.0 ac | Active | qtr-sec OR 33 0320S 0040W 015 A SE | recorded~2024 (DB date, not legal located date) | src: BLM MLRS Not Closed | APPROX (BLM quarter-section)</desc><trkseg><trkpt lat="42.784936" lon="-123.157206"></trkpt><trkpt lat="42.784947" lon="-123.159642"></trkpt><trkpt lat="42.784958" lon="-123.162078"></trkpt><trkpt lat="42.788457" lon="-123.162073"></trkpt><trkpt lat="42.791956" lon="-123.162067"></trkpt><trkpt lat="42.791999" lon="-123.157230"></trkpt><trkpt lat="42.792021" lon="-123.154812"></trkpt><trkpt lat="42.792040" lon="-123.152391"></trkpt><trkpt lat="42.790261" lon="-123.152378"></trkpt><trkpt lat="42.788479" lon="-123.152363"></trkpt><trkpt lat="42.786697" lon="-123.152348"></trkpt><trkpt lat="42.784914" lon="-123.152333"></trkpt><trkpt lat="42.784925" lon="-123.154769"></trkpt><trkpt lat="42.784936" lon="-123.157206"></trkpt></trkseg></trk><trk><name>Horseshoe [APPROX quarter-section]</name><desc>placer | serial OR106363909 | 160.0 ac | Active | qtr-sec OR 33 0320S 0040W 015 A NW | recorded~2024 (DB date, not legal located date) | src: BLM MLRS Not Closed | APPROX (BLM quarter-section)</desc><trkseg><trkpt lat="42.799110" lon="-123.171815"></trkpt><trkpt lat="42.799174" lon="-123.166936"></trkpt><trkpt lat="42.799163" lon="-123.162050"></trkpt><trkpt lat="42.795593" lon="-123.162061"></trkpt><trkpt lat="42.791956" lon="-123.162067"></trkpt><trkpt lat="42.791912" lon="-123.166929"></trkpt><trkpt lat="42.791826" lon="-123.171788"></trkpt><trkpt lat="42.795492" lon="-123.171804"></trkpt><trkpt lat="42.799110" lon="-123.171815"></trkpt></trkseg></trk><trk><name>Grave Digger Gold [APPROX quarter-section]</name><desc>placer | serial OR106367729 | 1438.4 ac | Active | qtr-sec OR 33 0330S 0040W 003 Lot1 | OR 33 0330S 0040W 003 Lot2 | OR 33 0330S 0040W 003 SENE | OR 33 0330S 0040W 003 SWNE | OR 33 0330S 0040W 003 A SE | recorded~2024 (DB date, not legal located date) | src: BLM MLRS Not Closed | APPROX (BLM quarte…</desc><trkseg><trkpt lat="42.724185" lon="-123.160846"></trkpt><trkpt lat="42.727843" lon="-123.160800"></trkpt><trkpt lat="42.731502" lon="-123.160755"></trkpt><trkpt lat="42.731446" lon="-123.155821"></trkpt><trkpt lat="42.731391" lon="-123.150887"></trkpt><trkpt lat="42.727700" lon="-123.150910"></trkpt><trkpt lat="42.724009" lon="-123.150933"></trkpt><trkpt lat="42.724097" lon="-123.155889"></trkpt><trkpt lat="42.724185" lon="-123.160846"></trkpt></trkseg></trk><trk><name>Little Nugget [APPROX quarter-section]</name><desc>placer | serial OR106377475 | 60.0 ac | Filed | qtr-sec OR 33 0330S 0040W 019 A NE | OR 33 0330S 0040W 019 A SE | recorded~2024 (DB date, not legal located date) | src: BLM MLRS Not Closed | APPROX (BLM quarter-section)</desc><trkseg><trkpt lat="42.688154" lon="-123.220196"></trkpt><trkpt lat="42.688155" lon="-123.218978"></trkpt><trkpt lat="42.688157" lon="-123.217759"></trkpt><trkpt lat="42.688159" lon="-123.216541"></trkpt><trkpt lat="42.688160" lon="-123.215323"></trkpt><trkpt lat="42.688167" lon="-123.210449"></trkpt><trkpt lat="42.684592" lon="-123.210445"></trkpt><trkpt lat="42.681017" lon="-123.210441"></trkpt><trkpt lat="42.680981" lon="-123.215348"></trkpt><trkpt lat="42.680945" lon="-123.220255"></trkpt><trkpt lat="42.684549" lon="-123.220226"></trkpt><trkpt lat="42.688154" lon="-123.220196"></trkpt></trkseg></trk><trk><name>Shively 1 [APPROX quarter-section]</name><desc>placer | serial OR106384640 | 20.0 ac | Active | qtr-sec OR 33 0310S 0040W 011 A NW | recorded~2024 (DB date, not legal located date) | src: BLM MLRS Not Closed | APPROX (BLM quarter-section)</desc><trkseg><trkpt lat="42.892466" lon="-123.146004"></trkpt><trkpt lat="42.892521" lon="-123.150928"></trkpt><trkpt lat="42.896116" lon="-123.150827"></trkpt><trkpt lat="42.899711" lon="-123.150727"></trkpt><trkpt lat="42.899541" lon="-123.145862"></trkpt><trkpt lat="42.899456" lon="-123.143429"></trkpt><trkpt lat="42.899372" lon="-123.140997"></trkpt><trkpt lat="42.897602" lon="-123.140996"></trkpt><trkpt lat="42.895891" lon="-123.141039"></trkpt><trkpt lat="42.892411" lon="-123.141080"></trkpt><trkpt lat="42.892466" lon="-123.146004"></trkpt></trkseg></trk><trk><name>Bummer Gulch [APPROX quarter-section]</name><desc>placer | serial OR106389221 | 20.0 ac | Active | qtr-sec OR 33 0330S 0050W 010 A SW | recorded~2024 (DB date, not legal located date) | src: BLM MLRS Not Closed | APPROX (BLM quarter-section)</desc><trkseg><trkpt lat="42.713700" lon="-123.289048"></trkpt><trkpt lat="42.716460" lon="-123.289050"></trkpt><trkpt lat="42.717380" lon="-123.289050"></trkpt><trkpt lat="42.717382" lon="-123.286588"></trkpt><trkpt lat="42.717383" lon="-123.284127"></trkpt><trkpt lat="42.717384" lon="-123.281665"></trkpt><trkpt lat="42.717385" lon="-123.279203"></trkpt><trkpt lat="42.713739" lon="-123.279173"></trkpt><trkpt lat="42.710093" lon="-123.279143"></trkpt><trkpt lat="42.710075" lon="-123.281619"></trkpt><trkpt lat="42.710056" lon="-123.284094"></trkpt><trkpt lat="42.710038" lon="-123.286570"></trkpt><trkpt lat="42.710020" lon="-123.289045"></trkpt><trkpt lat="42.713700" lon="-123.289048"></trkpt></trkseg></trk><trk><name>Slutter Mine  4 [APPROX quarter-section]</name><desc>placer | serial OR106392088 | 44.3 ac | Active | qtr-sec OR 33 0330S 0050W 011 A N2NESW | recorded~2024 (DB date, not legal located date) | src: BLM MLRS Not Closed | APPROX (BLM quarter-section)</desc><trkseg><trkpt lat="42.717280" lon="-123.259332"></trkpt><trkpt lat="42.715451" lon="-123.259322"></trkpt><trkpt lat="42.715492" lon="-123.261822"></trkpt><trkpt lat="42.715534" lon="-123.264322"></trkpt><trkpt lat="42.717359" lon="-123.264331"></trkpt><trkpt lat="42.717319" lon="-123.261832"></trkpt><trkpt lat="42.717280" lon="-123.259332"></trkpt></trkseg></trk><trk><name>Slutter Mine 2 [APPROX quarter-section]</name><desc>placer | serial OR106392089 | 40.0 ac | Active | qtr-sec OR 33 0330S 0050W 010 A N2NESE | recorded~2024 (DB date, not legal located date) | src: BLM MLRS Not Closed | APPROX (BLM quarter-section)</desc><trkseg><trkpt lat="42.717409" lon="-123.271782"></trkpt><trkpt lat="42.717417" lon="-123.269309"></trkpt><trkpt lat="42.715601" lon="-123.269306"></trkpt><trkpt lat="42.715591" lon="-123.271777"></trkpt><trkpt lat="42.715582" lon="-123.274247"></trkpt><trkpt lat="42.717402" lon="-123.274256"></trkpt><trkpt lat="42.717409" lon="-123.271782"></trkpt></trkseg></trk><trk><name>Slutter mine 3 [APPROX quarter-section]</name><desc>placer | serial OR106392090 | 61.56 ac | Active | qtr-sec OR 33 0330S 0050W 011 A N2NWSW | recorded~2024 (DB date, not legal located date) | src: BLM MLRS Not Closed | APPROX (BLM quarter-section)</desc><trkseg><trkpt lat="42.717359" lon="-123.264331"></trkpt><trkpt lat="42.715534" lon="-123.264322"></trkpt><trkpt lat="42.715575" lon="-123.266822"></trkpt><trkpt lat="42.715616" lon="-123.269321"></trkpt><trkpt lat="42.717438" lon="-123.269329"></trkpt><trkpt lat="42.717398" lon="-123.266830"></trkpt><trkpt lat="42.717359" lon="-123.264331"></trkpt></trkseg></trk><trk><name>Golden Gravels 2 [APPROX quarter-section]</name><desc>placer | serial OR106392130 | 40.0 ac | Active | qtr-sec OR 33 0320S 0080W 012 A NWSE | recorded~2024 (DB date, not legal located date) | src: BLM MLRS Not Closed | APPROX (BLM quarter-section)</desc><trkseg><trkpt lat="42.800268" lon="-123.588965"></trkpt><trkpt lat="42.800280" lon="-123.593666"></trkpt><trkpt lat="42.803793" lon="-123.593565"></trkpt><trkpt lat="42.803776" lon="-123.588925"></trkpt><trkpt lat="42.800268" lon="-123.588965"></trkpt></trkseg></trk><trk><name>slutter mine 1 [APPROX quarter-section]</name><desc>placer | serial OR106695314 | 20.0 ac | Filed | qtr-sec OR 33 0330S 0050W 010 NENENWSE | OR 33 0330S 0050W 010 NENWNWSE | OR 33 0330S 0050W 010 NWNENWSE | OR 33 0330S 0050W 010 NWNWNWSE | OR 33 0330S 0050W 010 SESESWNE | OR 33 0330S 0050W 010 SESWSWNE | OR 33 0330S 0050W 010 SWSESWNE | OR 33 0330S …</desc><trkseg><trkpt lat="42.718307" lon="-123.277966"></trkpt><trkpt lat="42.717389" lon="-123.277966"></trkpt><trkpt lat="42.717385" lon="-123.279203"></trkpt><trkpt lat="42.718305" lon="-123.279202"></trkpt><trkpt lat="42.718307" lon="-123.277966"></trkpt></trkseg></trk><trk><name>Morgan Mine [APPROX quarter-section]</name><desc>lode | serial OR106696444 | 20.66 ac | Active | qtr-sec OR 33 0320S 0040W 025 SE | recorded~2024 (DB date, not legal located date) | src: BLM MLRS Not Closed | APPROX (BLM quarter-section)</desc><trkseg><trkpt lat="42.759365" lon="-123.122360"></trkpt><trkpt lat="42.762986" lon="-123.122144"></trkpt><trkpt lat="42.762993" lon="-123.117152"></trkpt><trkpt lat="42.763000" lon="-123.112160"></trkpt><trkpt lat="42.759436" lon="-123.112409"></trkpt><trkpt lat="42.759378" lon="-123.112413"></trkpt><trkpt lat="42.755832" lon="-123.112642"></trkpt><trkpt lat="42.755750" lon="-123.112647"></trkpt><trkpt lat="42.755845" lon="-123.117615"></trkpt><trkpt lat="42.755939" lon="-123.122515"></trkpt><trkpt lat="42.759365" lon="-123.122360"></trkpt></trkseg></trk><trk><name>GOLDEN GRAVELS 3 [APPROX quarter-section]</name><desc>placer | serial OR106697035 | 40.0 ac | Active | qtr-sec OR 33 0310S 0070W 019 L 1-2,NW | recorded~2024 (DB date, not legal located date) | src: BLM MLRS Not Closed | APPROX (BLM quarter-section)</desc><trkseg><trkpt lat="42.868823" lon="-123.584479"></trkpt><trkpt lat="42.868892" lon="-123.579795"></trkpt><trkpt lat="42.865285" lon="-123.579737"></trkpt><trkpt lat="42.861679" lon="-123.579680"></trkpt><trkpt lat="42.861604" lon="-123.584395"></trkpt><trkpt lat="42.865214" lon="-123.584437"></trkpt><trkpt lat="42.868823" lon="-123.584479"></trkpt></trkseg></trk><trk><name>Golden Gravels 4 [APPROX quarter-section]</name><desc>placer | serial OR106697097 | 40.0 ac | Active | qtr-sec OR 33 0310S 0070W 019 NENW | recorded~2024 (DB date, not legal located date) | src: BLM MLRS Not Closed | APPROX (BLM quarter-section)</desc><trkseg><trkpt lat="42.865285" lon="-123.579737"></trkpt><trkpt lat="42.868892" lon="-123.579795"></trkpt><trkpt lat="42.868962" lon="-123.574942"></trkpt><trkpt lat="42.865359" lon="-123.574899"></trkpt><trkpt lat="42.865285" lon="-123.579737"></trkpt></trkseg></trk><trk><name>Cow # 123 [APPROX quarter-section]</name><desc>placer | serial OR106701466 | 20.0 ac | Active | qtr-sec OR 33 0320S 0080W 005 W2SWNW | recorded~2024 (DB date, not legal located date) | src: BLM MLRS Not Closed | APPROX (BLM quarter-section)</desc><trkseg><trkpt lat="42.817191" lon="-123.677597"></trkpt><trkpt lat="42.817081" lon="-123.680195"></trkpt><trkpt lat="42.818956" lon="-123.679786"></trkpt><trkpt lat="42.820830" lon="-123.679377"></trkpt><trkpt lat="42.820893" lon="-123.676877"></trkpt><trkpt lat="42.819042" lon="-123.677237"></trkpt><trkpt lat="42.817191" lon="-123.677597"></trkpt></trkseg></trk><trk><name>Cow # 1234 [APPROX quarter-section]</name><desc>placer | serial OR106704810 | 20.0 ac | Under Review | qtr-sec OR 33 0320S 0080W 005 E2SENE | recorded~2024 (DB date, not legal located date) | src: BLM MLRS Not Closed | APPROX (BLM quarter-section)</desc><trkseg><trkpt lat="42.817885" lon="-123.661182"></trkpt><trkpt lat="42.817794" lon="-123.663337"></trkpt><trkpt lat="42.819528" lon="-123.663004"></trkpt><trkpt lat="42.821262" lon="-123.662671"></trkpt><trkpt lat="42.821322" lon="-123.660421"></trkpt><trkpt lat="42.819604" lon="-123.660801"></trkpt><trkpt lat="42.817885" lon="-123.661182"></trkpt></trkseg></trk><trk><name>Grave Digger [APPROX quarter-section]</name><desc>placer | serial OR106713841 | 20.0 ac | Active | qtr-sec OR 33 0330S 0040W 015 A W2NWSW | recorded~2025 (DB date, not legal located date) | src: BLM MLRS Not Closed | APPROX (BLM quarter-section)</desc><trkseg><trkpt lat="42.699137" lon="-123.168200"></trkpt><trkpt lat="42.699147" lon="-123.170631"></trkpt><trkpt lat="42.700964" lon="-123.170632"></trkpt><trkpt lat="42.702781" lon="-123.170634"></trkpt><trkpt lat="42.702772" lon="-123.168197"></trkpt><trkpt lat="42.700954" lon="-123.168198"></trkpt><trkpt lat="42.699137" lon="-123.168200"></trkpt></trkseg></trk><trk><name>Last Chance [APPROX quarter-section]</name><desc>placer | serial OR106715355 | 80.0 ac | Filed | qtr-sec OR 33 0330S 0040W 003 A NWSW | OR 33 0330S 0040W 003 A SWSW | recorded~2025 (DB date, not legal located date) | src: BLM MLRS Not Closed | APPROX (BLM quarter-section)</desc><trkseg><trkpt lat="42.724272" lon="-123.165803"></trkpt><trkpt lat="42.724360" lon="-123.170759"></trkpt><trkpt lat="42.727986" lon="-123.170687"></trkpt><trkpt lat="42.731612" lon="-123.170614"></trkpt><trkpt lat="42.731557" lon="-123.165684"></trkpt><trkpt lat="42.727915" lon="-123.165743"></trkpt><trkpt lat="42.724272" lon="-123.165803"></trkpt></trkseg></trk><trk><name>Fortune Branch Lode Claim 2 [APPROX quarter-section]</name><desc>lode | serial OR106715603 | 20.66 ac | Active | qtr-sec OR 33 0310S 0050W 027 SW | OR 33 0310S 0050W 028 SE | OR 33 0310S 0050W 033 NE | OR 33 0310S 0050W 034 NW | recorded~2025 (DB date, not legal located date) | src: BLM MLRS Not Closed | APPROX (BLM quarter-section)</desc><trkseg><trkpt lat="42.840195" lon="-123.287146"></trkpt><trkpt lat="42.840250" lon="-123.282175"></trkpt><trkpt lat="42.840304" lon="-123.277204"></trkpt><trkpt lat="42.836719" lon="-123.277301"></trkpt><trkpt lat="42.833135" lon="-123.277398"></trkpt><trkpt lat="42.833173" lon="-123.282334"></trkpt><trkpt lat="42.833211" lon="-123.287271"></trkpt><trkpt lat="42.836703" lon="-123.287208"></trkpt><trkpt lat="42.840195" lon="-123.287146"></trkpt></trkseg></trk><trk><name>Fortune Branch Lode Claim 1 [APPROX quarter-section]</name><desc>lode | serial OR106715602 | 20.66 ac | Active | qtr-sec OR 33 0310S 0050W 027 SW | OR 33 0310S 0050W 028 SE | recorded~2025 (DB date, not legal located date) | src: BLM MLRS Not Closed | APPROX (BLM quarter-section)</desc><trkseg><trkpt lat="42.847168" lon="-123.287470"></trkpt><trkpt lat="42.843682" lon="-123.287308"></trkpt><trkpt lat="42.840195" lon="-123.287146"></trkpt><trkpt lat="42.840155" lon="-123.292165"></trkpt><trkpt lat="42.840116" lon="-123.297184"></trkpt><trkpt lat="42.843651" lon="-123.297278"></trkpt><trkpt lat="42.847187" lon="-123.297371"></trkpt><trkpt lat="42.847177" lon="-123.292421"></trkpt><trkpt lat="42.847168" lon="-123.287470"></trkpt></trkseg></trk><trk><name>New CD Lode [APPROX quarter-section]</name><desc>lode | serial OR106723987 | 1332.42 ac | Active | qtr-sec OR 33 0320S 0040W 033 E NENW | recorded~2025 (DB date, not legal located date) | src: BLM MLRS Not Closed | APPROX (BLM quarter-section)</desc><trkseg><trkpt lat="42.737771" lon="-123.180527"></trkpt><trkpt lat="42.737760" lon="-123.181586"></trkpt><trkpt lat="42.737736" lon="-123.183871"></trkpt><trkpt lat="42.737728" lon="-123.185503"></trkpt><trkpt lat="42.737723" lon="-123.186399"></trkpt><trkpt lat="42.737702" lon="-123.190482"></trkpt><trkpt lat="42.737698" lon="-123.191213"></trkpt><trkpt lat="42.741261" lon="-123.191318"></trkpt><trkpt lat="42.744965" lon="-123.191400"></trkpt><trkpt lat="42.748648" lon="-123.191496"></trkpt><trkpt lat="42.749551" lon="-123.191515"></trkpt><trkpt lat="42.750454" lon="-123.191533"></trkpt><trkpt lat="42.751357" lon="-123.191551"></trkpt><trkpt lat="42.752260" lon="-123.191569"></trkpt><trkpt lat="42.753163" lon="-123.191587"></trkpt><trkpt lat="42.754066" lon="-123.191605"></trkpt><trkpt lat="42.754969" lon="-123.191624"></trkpt><trkpt lat="42.755872" lon="-123.191642"></trkpt><trkpt lat="42.755886" lon="-123.190429"></trkpt><trkpt lat="42.755901" lon="-123.189216"></trkpt><trkpt lat="42.755916" lon="-123.188003"></trkpt><trkpt lat="42.755931" lon="-123.186790"></trkpt><trkpt lat="42.755960" lon="-123.184364"></trkpt><trkpt lat="42.755990" lon="-123.181938"></trkpt><trkpt lat="42.755991" lon="-123.179481"></trkpt><trkpt lat="42.755991" lon="-123.179477"></trkpt><trkpt lat="42.755992" lon="-123.177016"></trkpt><trkpt lat="42.755995" lon="-123.174554"></trkpt><trkpt lat="42.755999" lon="-123.172158"></trkpt><trkpt lat="42.754177" lon="-123.172143"></trkpt><trkpt lat="42.752361" lon="-123.172128"></trkpt><trkpt lat="42.748724" lon="-123.172230"></trkpt><trkpt lat="42.745054" lon="-123.172157"></trkpt><trkpt lat="42.741383" lon="-123.172085"></trkpt><trkpt lat="42.737828" lon="-123.171959"></trkpt><trkpt lat="42.737838" lon="-123.174082"></trkpt><trkpt lat="42.737823" lon="-123.175548"></trkpt><trkpt lat="42.737811" lon="-123.176772"></trkpt><trkpt lat="42.737771" lon="-123.180527"></trkpt></trkseg></trk><trk><name>Grave Creek Flats [APPROX quarter-section]</name><desc>placer | serial OR105816533 | 20.0 ac | Active | qtr-sec OR 33 0330S 0040W 015 A Remainder Aliquot Part NWNENW|OR 33 0330S 0040W 015 A SENW|OR 33 0330S 0040W 015 A NWNW|OR 33 0330S 0040W 015 A Remainder Aliquot Part NENENW|OR 33 0330S 0040W 015 A Remainder Aliquot Part SWNENW|OR 33 0330S 0040W 015 …</desc><trkseg><trkpt lat="42.702742" lon="-123.160886"></trkpt><trkpt lat="42.702762" lon="-123.165760"></trkpt><trkpt lat="42.702772" lon="-123.168197"></trkpt><trkpt lat="42.702781" lon="-123.170634"></trkpt><trkpt lat="42.706416" lon="-123.170636"></trkpt><trkpt lat="42.710051" lon="-123.170639"></trkpt><trkpt lat="42.710031" lon="-123.165741"></trkpt><trkpt lat="42.710021" lon="-123.163292"></trkpt><trkpt lat="42.710011" lon="-123.160843"></trkpt><trkpt lat="42.708194" lon="-123.160854"></trkpt><trkpt lat="42.706377" lon="-123.160864"></trkpt><trkpt lat="42.702742" lon="-123.160886"></trkpt></trkseg></trk><trk><name>Bucket List [APPROX quarter-section]</name><desc>placer | serial OR106740296 | 40.0 ac | Filed | qtr-sec OR 33 0320S 0080W 012 A SENE | OR 33 0320S 0080W 012 A SWNE | OR 33 0320S 0080W 012 A NENE | OR 33 0320S 0080W 012 A NWNE | recorded~2025 (DB date, not legal located date) | src: BLM MLRS Not Closed | APPROX (BLM quarter-section)</desc><trkseg><trkpt lat="42.803758" lon="-123.584284"></trkpt><trkpt lat="42.803776" lon="-123.588925"></trkpt><trkpt lat="42.803793" lon="-123.593565"></trkpt><trkpt lat="42.807362" lon="-123.593464"></trkpt><trkpt lat="42.810952" lon="-123.593365"></trkpt><trkpt lat="42.810921" lon="-123.588835"></trkpt><trkpt lat="42.810911" lon="-123.584307"></trkpt><trkpt lat="42.807333" lon="-123.584294"></trkpt><trkpt lat="42.803758" lon="-123.584284"></trkpt></trkseg></trk><trk><name>CCMC # 97 [APPROX quarter-section]</name><desc>placer | serial OR106747660 | 20.0 ac | Active | qtr-sec OR 33 0320S 0080W 005 A SWNW | OR 33 0320S 0080W 005 A SENW | OR 33 0320S 0080W 005 L 3 | OR 33 0320S 0080W 005 L 4 | recorded~2025 (DB date, not legal located date) | src: BLM MLRS Not Closed | APPROX (BLM quarter-section)</desc><trkseg><trkpt lat="42.817081" lon="-123.680195"></trkpt><trkpt lat="42.820830" lon="-123.679377"></trkpt><trkpt lat="42.824952" lon="-123.678394"></trkpt><trkpt lat="42.824942" lon="-123.673697"></trkpt><trkpt lat="42.824941" lon="-123.669002"></trkpt><trkpt lat="42.821082" lon="-123.669419"></trkpt><trkpt lat="42.817521" lon="-123.669804"></trkpt><trkpt lat="42.817301" lon="-123.675000"></trkpt><trkpt lat="42.817081" lon="-123.680195"></trkpt></trkseg></trk><trk><name>Bull Run #5 [APPROX quarter-section]</name><desc>placer | serial OR106749699 | 20.0 ac | Active | qtr-sec OR 33 0320S 0040W 031 L 1 | recorded~2025 (DB date, not legal located date) | src: BLM MLRS Not Closed | APPROX (BLM quarter-section)</desc><trkseg><trkpt lat="42.753563" lon="-123.228623"></trkpt><trkpt lat="42.753854" lon="-123.228623"></trkpt><trkpt lat="42.755818" lon="-123.228620"></trkpt><trkpt lat="42.755811" lon="-123.226235"></trkpt><trkpt lat="42.755811" lon="-123.226221"></trkpt><trkpt lat="42.752187" lon="-123.226174"></trkpt><trkpt lat="42.752191" lon="-123.228615"></trkpt><trkpt lat="42.753563" lon="-123.228623"></trkpt></trkseg></trk><trk><name>Whitehorse [APPROX quarter-section]</name><desc>placer | serial OR106750058 | 20.0 ac | Filed | qtr-sec OR 33 0320S 0040W 015 A NWSE | OR 33 0320S 0040W 015 A SWSE | OR 33 0320S 0040W 015 A NENESE | OR 33 0320S 0040W 015 A NWNESE | OR 33 0320S 0040W 015 A SWNESE | OR 33 0320S 0040W 015 A SENESE | OR 33 0320S 0040W 015 A NESESE | OR 33 0320S 0040…</desc><trkseg><trkpt lat="42.784914" lon="-123.152333"></trkpt><trkpt lat="42.784925" lon="-123.154769"></trkpt><trkpt lat="42.784936" lon="-123.157206"></trkpt><trkpt lat="42.784947" lon="-123.159642"></trkpt><trkpt lat="42.784958" lon="-123.162078"></trkpt><trkpt lat="42.788457" lon="-123.162073"></trkpt><trkpt lat="42.791956" lon="-123.162067"></trkpt><trkpt lat="42.791999" lon="-123.157230"></trkpt><trkpt lat="42.792021" lon="-123.154812"></trkpt><trkpt lat="42.792040" lon="-123.152391"></trkpt><trkpt lat="42.790261" lon="-123.152378"></trkpt><trkpt lat="42.788479" lon="-123.152363"></trkpt><trkpt lat="42.786697" lon="-123.152348"></trkpt><trkpt lat="42.784914" lon="-123.152333"></trkpt></trkseg></trk><trk><name>Piggy Bank [APPROX quarter-section]</name><desc>placer | serial OR106750061 | 40.0 ac | Active | qtr-sec OR 33 0320S 0070W 020 A S2NWSE | recorded~2025 (DB date, not legal located date) | src: BLM MLRS Not Closed | APPROX (BLM quarter-section)</desc><trkseg><trkpt lat="42.773640" lon="-123.549336"></trkpt><trkpt lat="42.771859" lon="-123.549341"></trkpt><trkpt lat="42.771893" lon="-123.551760"></trkpt><trkpt lat="42.771927" lon="-123.554178"></trkpt><trkpt lat="42.773703" lon="-123.554180"></trkpt><trkpt lat="42.773671" lon="-123.551758"></trkpt><trkpt lat="42.773640" lon="-123.549336"></trkpt></trkseg></trk><trk><name>Gold Ravine [APPROX quarter-section]</name><desc>placer | serial OR106750059 | 20.0 ac | Active | qtr-sec OR 33 0320S 0070W 019 A S2NESE | recorded~2025 (DB date, not legal located date) | src: BLM MLRS Not Closed | APPROX (BLM quarter-section)</desc><trkseg><trkpt lat="42.773822" lon="-123.563672"></trkpt><trkpt lat="42.772068" lon="-123.563722"></trkpt><trkpt lat="42.772066" lon="-123.566204"></trkpt><trkpt lat="42.772063" lon="-123.568685"></trkpt><trkpt lat="42.773836" lon="-123.568701"></trkpt><trkpt lat="42.773829" lon="-123.566186"></trkpt><trkpt lat="42.773822" lon="-123.563672"></trkpt></trkseg></trk><trk><name>Golden Gravels 1 [APPROX quarter-section]</name><desc>placer | serial OR106750062 | 44.33 ac | Active | qtr-sec OR 33 0320S 0070W 007 A W2SWSW | recorded~2025 (DB date, not legal located date) | src: BLM MLRS Not Closed | APPROX (BLM quarter-section)</desc><trkseg><trkpt lat="42.796693" lon="-123.581401"></trkpt><trkpt lat="42.796750" lon="-123.584243"></trkpt><trkpt lat="42.798503" lon="-123.584255"></trkpt><trkpt lat="42.800256" lon="-123.584266"></trkpt><trkpt lat="42.800232" lon="-123.581447"></trkpt><trkpt lat="42.798463" lon="-123.581424"></trkpt><trkpt lat="42.796693" lon="-123.581401"></trkpt></trkseg></trk><trk><name>Southern Strip [APPROX quarter-section]</name><desc>placer | serial OR106750542 | 40.0 ac | Active | qtr-sec OR 33 0330S 0050W 002 A E2NESW | OR 33 0330S 0050W 002 A E2SESW | recorded~2025 (DB date, not legal located date) | src: BLM MLRS Not Closed | APPROX (BLM quarter-section)</desc><trkseg><trkpt lat="42.724597" lon="-123.259372"></trkpt><trkpt lat="42.724629" lon="-123.261867"></trkpt><trkpt lat="42.726428" lon="-123.261862"></trkpt><trkpt lat="42.728228" lon="-123.261857"></trkpt><trkpt lat="42.730026" lon="-123.261852"></trkpt><trkpt lat="42.731825" lon="-123.261847"></trkpt><trkpt lat="42.731769" lon="-123.259339"></trkpt><trkpt lat="42.729980" lon="-123.259347"></trkpt><trkpt lat="42.728191" lon="-123.259355"></trkpt><trkpt lat="42.726394" lon="-123.259364"></trkpt><trkpt lat="42.724597" lon="-123.259372"></trkpt></trkseg></trk><trk><name>Hillside Gold [APPROX quarter-section]</name><desc>placer | serial OR106750536 | 20.0 ac | Active | qtr-sec OR 33 0320S 0080W 001 A NE | recorded~2025 (DB date, not legal located date) | src: BLM MLRS Not Closed | APPROX (BLM quarter-section)</desc><trkseg><trkpt lat="42.821463" lon="-123.593659"></trkpt><trkpt lat="42.824985" lon="-123.593757"></trkpt><trkpt lat="42.825017" lon="-123.593758"></trkpt><trkpt lat="42.824976" lon="-123.589060"></trkpt><trkpt lat="42.825000" lon="-123.584362"></trkpt><trkpt lat="42.824967" lon="-123.584362"></trkpt><trkpt lat="42.821413" lon="-123.584391"></trkpt><trkpt lat="42.817891" lon="-123.584425"></trkpt><trkpt lat="42.817909" lon="-123.588990"></trkpt><trkpt lat="42.817986" lon="-123.593562"></trkpt><trkpt lat="42.821463" lon="-123.593659"></trkpt></trkseg></trk><trk><name>CCMC # 007 [APPROX quarter-section]</name><desc>placer | serial OR106753413 | 20.0 ac | Filed | qtr-sec OR 33 0320S 0080W 005 A W2SESE | recorded~2025 (DB date, not legal located date) | src: BLM MLRS Not Closed | APPROX (BLM quarter-section)</desc><trkseg><trkpt lat="42.810746" lon="-123.663476"></trkpt><trkpt lat="42.810669" lon="-123.665838"></trkpt><trkpt lat="42.812427" lon="-123.665752"></trkpt><trkpt lat="42.814186" lon="-123.665666"></trkpt><trkpt lat="42.814270" lon="-123.663407"></trkpt><trkpt lat="42.812508" lon="-123.663442"></trkpt><trkpt lat="42.810746" lon="-123.663476"></trkpt></trkseg></trk><trk><name>CCMC # 002 [APPROX quarter-section]</name><desc>placer | serial OR106754388 | 20.0 ac | Filed | qtr-sec OR 33 0320S 0080W 011 A SWNE | OR 33 0320S 0080W 011 L 1 | OR 33 0320S 0080W 011 A NWNE | OR 33 0320S 0080W 011 A NENE | recorded~2025 (DB date, not legal located date) | src: BLM MLRS Not Closed | APPROX (BLM quarter-section)</desc><trkseg><trkpt lat="42.803819" lon="-123.612816"></trkpt><trkpt lat="42.807343" lon="-123.612802"></trkpt><trkpt lat="42.810901" lon="-123.612792"></trkpt><trkpt lat="42.810898" lon="-123.607967"></trkpt><trkpt lat="42.810895" lon="-123.603143"></trkpt><trkpt lat="42.807350" lon="-123.603176"></trkpt><trkpt lat="42.803828" lon="-123.603214"></trkpt><trkpt lat="42.803824" lon="-123.608015"></trkpt><trkpt lat="42.803819" lon="-123.612816"></trkpt></trkseg></trk><trk><name>JD'S MISERY [APPROX quarter-section]</name><desc>placer | serial OR106754581 | 40.0 ac | Active | qtr-sec OR 33 0310S 0040W 011 SWNE | recorded~2025 (DB date, not legal located date) | src: BLM MLRS Not Closed | APPROX (BLM quarter-section)</desc><trkseg><trkpt lat="42.892355" lon="-123.136132"></trkpt><trkpt lat="42.892411" lon="-123.141080"></trkpt><trkpt lat="42.895891" lon="-123.141039"></trkpt><trkpt lat="42.895865" lon="-123.136074"></trkpt><trkpt lat="42.892355" lon="-123.136132"></trkpt></trkseg></trk><trk><name>Knightsters Stash [APPROX quarter-section]</name><desc>placer | serial OR106751064 | 20.0 ac | Active | qtr-sec OR 33 0310S 0070W 033 A S2SENE | recorded~2025 (DB date, not legal located date) | src: BLM MLRS Not Closed | APPROX (BLM quarter-section)</desc><trkseg><trkpt lat="42.835051" lon="-123.528325"></trkpt><trkpt lat="42.835066" lon="-123.525903"></trkpt><trkpt lat="42.833290" lon="-123.525917"></trkpt><trkpt lat="42.833276" lon="-123.528321"></trkpt><trkpt lat="42.833262" lon="-123.530724"></trkpt><trkpt lat="42.835037" lon="-123.530748"></trkpt><trkpt lat="42.835051" lon="-123.528325"></trkpt></trkseg></trk><trk><name>Fine Line [APPROX quarter-section]</name><desc>placer | serial OR106754583 | 20.0 ac | Filed | qtr-sec OR 33 0330S 0040W 021 A SWNE | OR 33 0330S 0040W 021 B NENWNE | OR 33 0330S 0040W 021 B NWNWNE | OR 33 0330S 0040W 021 B SWNWNE | OR 33 0330S 0040W 021 B SENWNE | OR 33 0330S 0040W 021 B NENENE | OR 33 0330S 0040W 021 B NWNENE | OR 33 0330S 00…</desc><trkseg><trkpt lat="42.688279" lon="-123.170686"></trkpt><trkpt lat="42.688280" lon="-123.171922"></trkpt><trkpt lat="42.688282" lon="-123.173159"></trkpt><trkpt lat="42.688284" lon="-123.174395"></trkpt><trkpt lat="42.688286" lon="-123.175631"></trkpt><trkpt lat="42.688289" lon="-123.178104"></trkpt><trkpt lat="42.688292" lon="-123.180577"></trkpt><trkpt lat="42.691898" lon="-123.180582"></trkpt><trkpt lat="42.693701" lon="-123.180585"></trkpt><trkpt lat="42.695503" lon="-123.180587"></trkpt><trkpt lat="42.695505" lon="-123.178098"></trkpt><trkpt lat="42.695508" lon="-123.175608"></trkpt><trkpt lat="42.695510" lon="-123.173118"></trkpt><trkpt lat="42.695512" lon="-123.170629"></trkpt><trkpt lat="42.693704" lon="-123.170643"></trkpt><trkpt lat="42.691895" lon="-123.170657"></trkpt><trkpt lat="42.690991" lon="-123.170664"></trkpt><trkpt lat="42.690087" lon="-123.170672"></trkpt><trkpt lat="42.689183" lon="-123.170679"></trkpt><trkpt lat="42.688279" lon="-123.170686"></trkpt></trkseg></trk><trk><name>CCMC # 002 [APPROX quarter-section]</name><desc>placer | serial OR106760221 | 20.0 ac | Active | qtr-sec OR 33 0320S 0080W 011 A E2SWNE | OR 33 0320S 0080W 011 GovernmentLot1 | OR 33 0320S 0080W 011 NWNE | OR 33 0320S 0080W 011 NENE | recorded~2025 (DB date, not legal located date) | src: BLM MLRS Not Closed | APPROX (BLM quarter-section)</desc><trkseg><trkpt lat="42.796809" lon="-123.622418"></trkpt><trkpt lat="42.800283" lon="-123.622416"></trkpt><trkpt lat="42.803809" lon="-123.622417"></trkpt><trkpt lat="42.807336" lon="-123.622419"></trkpt><trkpt lat="42.810904" lon="-123.622426"></trkpt><trkpt lat="42.810864" lon="-123.617604"></trkpt><trkpt lat="42.810901" lon="-123.612792"></trkpt><trkpt lat="42.810898" lon="-123.607967"></trkpt><trkpt lat="42.810895" lon="-123.603143"></trkpt><trkpt lat="42.807350" lon="-123.603176"></trkpt><trkpt lat="42.803828" lon="-123.603214"></trkpt><trkpt lat="42.800307" lon="-123.603251"></trkpt><trkpt lat="42.796826" lon="-123.603293"></trkpt><trkpt lat="42.796819" lon="-123.608068"></trkpt><trkpt lat="42.796815" lon="-123.612850"></trkpt><trkpt lat="42.796762" lon="-123.617630"></trkpt><trkpt lat="42.796809" lon="-123.622418"></trkpt></trkseg></trk><trk><name>Shively 4 [APPROX quarter-section]</name><desc>placer | serial OR106760764 | 20.0 ac | Active | qtr-sec OR 33 0310S 0040W 011 L 4 | recorded~2025 (DB date, not legal located date) | src: BLM MLRS Not Closed | APPROX (BLM quarter-section)</desc><trkseg><trkpt lat="42.888786" lon="-123.136191"></trkpt><trkpt lat="42.888764" lon="-123.131528"></trkpt><trkpt lat="42.885227" lon="-123.131614"></trkpt><trkpt lat="42.885216" lon="-123.136250"></trkpt><trkpt lat="42.888786" lon="-123.136191"></trkpt></trkseg></trk><trk><name>Gold Digger 1 [APPROX quarter-section]</name><desc>placer | serial OR106762688 | 20.0 ac | Active | qtr-sec OR 33 0300S 0070W 035 A E2NESE | recorded~2025 (DB date, not legal located date) | src: BLM MLRS Not Closed | APPROX (BLM quarter-section)</desc><trkseg><trkpt lat="42.917318" lon="-123.486942"></trkpt><trkpt lat="42.917314" lon="-123.489399"></trkpt><trkpt lat="42.919162" lon="-123.489560"></trkpt><trkpt lat="42.921012" lon="-123.489721"></trkpt><trkpt lat="42.921021" lon="-123.487323"></trkpt><trkpt lat="42.919167" lon="-123.487131"></trkpt><trkpt lat="42.917318" lon="-123.486942"></trkpt></trkseg></trk><trk><name>Gold Digger 3 [APPROX quarter-section]</name><desc>placer | serial OR106762690 | 77.34 ac | Active | qtr-sec OR 33 0300S 0070W 035 A N2SWNW | recorded~2025 (DB date, not legal located date) | src: BLM MLRS Not Closed | APPROX (BLM quarter-section)</desc><trkseg><trkpt lat="42.924419" lon="-123.504324"></trkpt><trkpt lat="42.924446" lon="-123.501910"></trkpt><trkpt lat="42.922713" lon="-123.501854"></trkpt><trkpt lat="42.922697" lon="-123.504278"></trkpt><trkpt lat="42.922680" lon="-123.506704"></trkpt><trkpt lat="42.924393" lon="-123.506739"></trkpt><trkpt lat="42.924419" lon="-123.504324"></trkpt></trkseg></trk><trk><name>CWMC # 555 [APPROX quarter-section]</name><desc>placer | serial OR106770199 | 20.0 ac | Active | qtr-sec OR 33 0320S 0080W 011 A W2SENE | recorded~2025 (DB date, not legal located date) | src: BLM MLRS Not Closed | APPROX (BLM quarter-section)</desc><trkseg><trkpt lat="42.803860" lon="-123.605619"></trkpt><trkpt lat="42.803859" lon="-123.608019"></trkpt><trkpt lat="42.805619" lon="-123.608006"></trkpt><trkpt lat="42.807379" lon="-123.607993"></trkpt><trkpt lat="42.807378" lon="-123.605587"></trkpt><trkpt lat="42.805619" lon="-123.605603"></trkpt><trkpt lat="42.803860" lon="-123.605619"></trkpt></trkseg></trk><trk><name>Freedom 1 [APPROX quarter-section]</name><desc>placer | serial OR106777107 | 120.0 ac | Filed | qtr-sec OR 33 0310S 0070W 017 A SWNE | OR 33 0310S 0070W 017 SENE | OR 33 0310S 0070W 017 SWNE | recorded~2026 (DB date, not legal located date) | src: BLM MLRS Not Closed | APPROX (BLM quarter-section)</desc><trkseg><trkpt lat="42.876287" lon="-123.555740"></trkpt><trkpt lat="42.878252" lon="-123.555833"></trkpt><trkpt lat="42.880216" lon="-123.555925"></trkpt><trkpt lat="42.880350" lon="-123.550847"></trkpt><trkpt lat="42.880484" lon="-123.545769"></trkpt><trkpt lat="42.876636" lon="-123.545561"></trkpt><trkpt lat="42.876461" lon="-123.550651"></trkpt><trkpt lat="42.876287" lon="-123.555740"></trkpt></trkseg></trk><trk><name>CCMC # 007 [APPROX quarter-section]</name><desc>placer | serial OR106781557 | 20.0 ac | Active | qtr-sec OR 33 0320S 0080W 011 A W2SWNE | recorded~2026 (DB date, not legal located date) | src: BLM MLRS Not Closed | APPROX (BLM quarter-section)</desc><trkseg><trkpt lat="42.803821" lon="-123.610416"></trkpt><trkpt lat="42.803819" lon="-123.612816"></trkpt><trkpt lat="42.805581" lon="-123.612809"></trkpt><trkpt lat="42.807343" lon="-123.612802"></trkpt><trkpt lat="42.807345" lon="-123.610395"></trkpt><trkpt lat="42.805583" lon="-123.610406"></trkpt><trkpt lat="42.803821" lon="-123.610416"></trkpt></trkseg></trk><trk><name>RMPA Dads [APPROX quarter-section]</name><desc>placer | serial OR106782256 | 20.0 ac | Active | qtr-sec OR 33 0320S 0070W 021 A S2NESE | recorded~2026 (DB date, not legal located date) | src: BLM MLRS Not Closed | APPROX (BLM quarter-section)</desc><trkseg><trkpt lat="42.773445" lon="-123.525094"></trkpt><trkpt lat="42.771713" lon="-123.525194"></trkpt><trkpt lat="42.771724" lon="-123.527624"></trkpt><trkpt lat="42.771735" lon="-123.530055"></trkpt><trkpt lat="42.773480" lon="-123.529991"></trkpt><trkpt lat="42.773463" lon="-123.527543"></trkpt><trkpt lat="42.773445" lon="-123.525094"></trkpt></trkseg></trk><trk><name>Fortune Cookie 2 [APPROX quarter-section]</name><desc>placer | serial OR106781594 | 20.0 ac | Active | qtr-sec OR 33 0320S 0050W 017 A W2NENE | recorded~2026 (DB date, not legal located date) | src: BLM MLRS Not Closed | APPROX (BLM quarter-section)</desc><trkseg><trkpt lat="42.793928" lon="-123.310162"></trkpt><trkpt lat="42.793924" lon="-123.312567"></trkpt><trkpt lat="42.795722" lon="-123.312564"></trkpt><trkpt lat="42.797519" lon="-123.312561"></trkpt><trkpt lat="42.797521" lon="-123.310161"></trkpt><trkpt lat="42.795725" lon="-123.310162"></trkpt><trkpt lat="42.793928" lon="-123.310162"></trkpt></trkseg></trk><trk><name>Fortune Cookie 1 [APPROX quarter-section]</name><desc>placer | serial OR106781593 | 20.0 ac | Active | qtr-sec OR 33 0320S 0050W 017 A W2SENE | recorded~2026 (DB date, not legal located date) | src: BLM MLRS Not Closed | APPROX (BLM quarter-section)</desc><trkseg><trkpt lat="42.790331" lon="-123.310155"></trkpt><trkpt lat="42.790321" lon="-123.312554"></trkpt><trkpt lat="42.792122" lon="-123.312561"></trkpt><trkpt lat="42.793924" lon="-123.312567"></trkpt><trkpt lat="42.793928" lon="-123.310162"></trkpt><trkpt lat="42.792129" lon="-123.310159"></trkpt><trkpt lat="42.790331" lon="-123.310155"></trkpt></trkseg></trk><trk><name>Speaker Placer [APPROX quarter-section]</name><desc>placer | serial OR106783556 | 20.0 ac | Active | qtr-sec OR 33 0330S 0050W 009 A S2N2NWSE | OR 33 0330S 0050W 009 A N2S2NWSE | recorded~2026 (DB date, not legal located date) | src: BLM MLRS Not Closed | APPROX (BLM quarter-section)</desc><trkseg><trkpt lat="42.714643" lon="-123.294029"></trkpt><trkpt lat="42.714643" lon="-123.296531"></trkpt><trkpt lat="42.714643" lon="-123.299033"></trkpt><trkpt lat="42.715564" lon="-123.299011"></trkpt><trkpt lat="42.716485" lon="-123.298990"></trkpt><trkpt lat="42.716483" lon="-123.296496"></trkpt><trkpt lat="42.716482" lon="-123.294002"></trkpt><trkpt lat="42.715562" lon="-123.294016"></trkpt><trkpt lat="42.714643" lon="-123.294029"></trkpt></trkseg></trk><trk><name>Northern Strip 2 [APPROX quarter-section]</name><desc>placer | serial OR106784313 | 20.0 ac | Active | qtr-sec OR 33 0330S 0050W 002 A SENW | OR 33 0330S 0050W 002 A SWNW | OR 33 0330S 0050W 002 L 3 | OR 33 0330S 0050W 002 L 4 | recorded~2026 (DB date, not legal located date) | src: BLM MLRS Not Closed | APPROX (BLM quarter-section)</desc><trkseg><trkpt lat="42.739287" lon="-123.264381"></trkpt><trkpt lat="42.739290" lon="-123.263189"></trkpt><trkpt lat="42.739285" lon="-123.261941"></trkpt><trkpt lat="42.739280" lon="-123.260694"></trkpt><trkpt lat="42.739275" lon="-123.259364"></trkpt><trkpt lat="42.735494" lon="-123.259351"></trkpt><trkpt lat="42.731769" lon="-123.259339"></trkpt><trkpt lat="42.731881" lon="-123.264356"></trkpt><trkpt lat="42.731903" lon="-123.269378"></trkpt><trkpt lat="42.735646" lon="-123.269397"></trkpt><trkpt lat="42.739293" lon="-123.269396"></trkpt><trkpt lat="42.739298" lon="-123.268152"></trkpt><trkpt lat="42.739287" lon="-123.264381"></trkpt></trkseg></trk><trk><name>Northern Strip 1 [APPROX quarter-section]</name><desc>placer | serial OR106784312 | 20.0 ac | Active | qtr-sec OR 33 0330S 0050W 002 A SENW | OR 33 0330S 0050W 002 A SWNW | OR 33 0330S 0050W 002 L 3 | OR 33 0330S 0050W 002 L 4 | recorded~2026 (DB date, not legal located date) | src: BLM MLRS Not Closed | APPROX (BLM quarter-section)</desc><trkseg><trkpt lat="42.739287" lon="-123.264381"></trkpt><trkpt lat="42.739290" lon="-123.263189"></trkpt><trkpt lat="42.739285" lon="-123.261941"></trkpt><trkpt lat="42.739280" lon="-123.260694"></trkpt><trkpt lat="42.739275" lon="-123.259364"></trkpt><trkpt lat="42.735494" lon="-123.259351"></trkpt><trkpt lat="42.731769" lon="-123.259339"></trkpt><trkpt lat="42.731881" lon="-123.264356"></trkpt><trkpt lat="42.731903" lon="-123.269378"></trkpt><trkpt lat="42.735646" lon="-123.269397"></trkpt><trkpt lat="42.739293" lon="-123.269396"></trkpt><trkpt lat="42.739298" lon="-123.268152"></trkpt><trkpt lat="42.739287" lon="-123.264381"></trkpt></trkseg></trk><trk><name>Union Creek [APPROX quarter-section]</name><desc>placer | serial OR106786309 | 20.0 ac | Active | qtr-sec OR 33 0310S 0080W 013 A SWNW | OR 33 0310S 0080W 013 A SENW | OR 33 0310S 0080W 013 A NWNW | OR 33 0310S 0080W 013 A NENW | recorded~2026 (DB date, not legal located date) | src: BLM MLRS Not Closed | APPROX (BLM quarter-section)</desc><trkseg><trkpt lat="42.875619" lon="-123.603634"></trkpt><trkpt lat="42.879448" lon="-123.603610"></trkpt><trkpt lat="42.883276" lon="-123.603586"></trkpt><trkpt lat="42.883339" lon="-123.598840"></trkpt><trkpt lat="42.883402" lon="-123.594093"></trkpt><trkpt lat="42.879617" lon="-123.594082"></trkpt><trkpt lat="42.875832" lon="-123.594070"></trkpt><trkpt lat="42.875726" lon="-123.598852"></trkpt><trkpt lat="42.875619" lon="-123.603634"></trkpt></trkseg></trk><trk><name>GOLDEN RATTLER [APPROX quarter-section]</name><desc>placer | serial OR105222729 | 20.0 ac | Active | qtr-sec OR 33 0330S 0070W 011 A NWNE|OR 33 0330S 0070W 011 A SWNE|OR 33 0330S 0070W 011 A NENE|OR 33 0330S 0070W 011 A SENE | recorded~2021 (DB date, not legal located date) | src: BLM MLRS Not Closed | APPROX (BLM quarter-section)</desc><trkseg><trkpt lat="42.716235" lon="-123.484621"></trkpt><trkpt lat="42.716286" lon="-123.489530"></trkpt><trkpt lat="42.716338" lon="-123.494439"></trkpt><trkpt lat="42.720010" lon="-123.494445"></trkpt><trkpt lat="42.723681" lon="-123.494450"></trkpt><trkpt lat="42.723489" lon="-123.489504"></trkpt><trkpt lat="42.723298" lon="-123.484557"></trkpt><trkpt lat="42.719766" lon="-123.484589"></trkpt><trkpt lat="42.716235" lon="-123.484621"></trkpt></trkseg></trk><trk><name>Doe Gold [APPROX quarter-section]</name><desc>placer | serial OR106790222 | 20.0 ac | Active | qtr-sec OR 33 0300S 0070W 035 A E2NWNW | recorded~2026 (DB date, not legal located date) | src: BLM MLRS Not Closed | APPROX (BLM quarter-section)</desc><trkseg><trkpt lat="42.924446" lon="-123.501910"></trkpt><trkpt lat="42.924419" lon="-123.504324"></trkpt><trkpt lat="42.926141" lon="-123.504369"></trkpt><trkpt lat="42.927863" lon="-123.504415"></trkpt><trkpt lat="42.927910" lon="-123.502022"></trkpt><trkpt lat="42.926178" lon="-123.501966"></trkpt><trkpt lat="42.924446" lon="-123.501910"></trkpt></trkseg></trk><trk><name>Little Arctic [APPROX quarter-section]</name><desc>placer | serial OR106790969 | 20.0 ac | Active | qtr-sec OR 33 0330S 0040W 007 A E2SESE | recorded~2026 (DB date, not legal located date) | src: BLM MLRS Not Closed | APPROX (BLM quarter-section)</desc><trkseg><trkpt lat="42.709988" lon="-123.210406"></trkpt><trkpt lat="42.709985" lon="-123.212846"></trkpt><trkpt lat="42.711779" lon="-123.212716"></trkpt><trkpt lat="42.713574" lon="-123.212585"></trkpt><trkpt lat="42.713578" lon="-123.210166"></trkpt><trkpt lat="42.711783" lon="-123.210286"></trkpt><trkpt lat="42.709988" lon="-123.210406"></trkpt></trkseg></trk><trk><name>Flying Squirrel [APPROX quarter-section]</name><desc>placer | serial OR106790970 | 20.0 ac | Active | qtr-sec OR 33 0330S 0040W 007 A W2SESE | recorded~2026 (DB date, not legal located date) | src: BLM MLRS Not Closed | APPROX (BLM quarter-section)</desc><trkseg><trkpt lat="42.709985" lon="-123.212846"></trkpt><trkpt lat="42.709981" lon="-123.215286"></trkpt><trkpt lat="42.711775" lon="-123.215145"></trkpt><trkpt lat="42.713570" lon="-123.215004"></trkpt><trkpt lat="42.713574" lon="-123.212585"></trkpt><trkpt lat="42.711779" lon="-123.212716"></trkpt><trkpt lat="42.709985" lon="-123.212846"></trkpt></trkseg></trk><trk><name>GM1 [APPROX quarter-section]</name><desc>lode | serial OR106801790 | 20.66 ac | Filed | qtr-sec OR 33 0330S 0070W 019 SE | recorded~2026 (DB date, not legal located date) | src: BLM MLRS Not Closed | APPROX (BLM quarter-section)</desc><trkseg><trkpt lat="42.680813" lon="-123.562995"></trkpt><trkpt lat="42.680855" lon="-123.567935"></trkpt><trkpt lat="42.680910" lon="-123.572874"></trkpt><trkpt lat="42.684758" lon="-123.572781"></trkpt><trkpt lat="42.688606" lon="-123.572688"></trkpt><trkpt lat="42.688606" lon="-123.567631"></trkpt><trkpt lat="42.688607" lon="-123.562574"></trkpt><trkpt lat="42.684710" lon="-123.562785"></trkpt><trkpt lat="42.680813" lon="-123.562995"></trkpt></trkseg></trk><trk><name>GM 3 [APPROX quarter-section]</name><desc>lode | serial OR106801792 | 20.66 ac | Filed | qtr-sec OR 33 0330S 0070W 019 SE | OR 33 0330S 0070W 030 SW | OR 33 0330S 0070W 020 SW | recorded~2026 (DB date, not legal located date) | src: BLM MLRS Not Closed | APPROX (BLM quarter-section)</desc><trkseg><trkpt lat="42.680810" lon="-123.558154"></trkpt><trkpt lat="42.680813" lon="-123.562995"></trkpt><trkpt lat="42.680855" lon="-123.567935"></trkpt><trkpt lat="42.680910" lon="-123.572874"></trkpt><trkpt lat="42.684758" lon="-123.572781"></trkpt><trkpt lat="42.688606" lon="-123.572688"></trkpt><trkpt lat="42.688606" lon="-123.567631"></trkpt><trkpt lat="42.688607" lon="-123.562574"></trkpt><trkpt lat="42.688446" lon="-123.557797"></trkpt><trkpt lat="42.688285" lon="-123.553020"></trkpt><trkpt lat="42.684546" lon="-123.553166"></trkpt><trkpt lat="42.680807" lon="-123.553313"></trkpt><trkpt lat="42.680810" lon="-123.558154"></trkpt></trkseg></trk><trk><name>GM 2 [APPROX quarter-section]</name><desc>lode | serial OR106801791 | 20.66 ac | Filed | qtr-sec OR 33 0330S 0070W 019 SE | recorded~2026 (DB date, not legal located date) | src: BLM MLRS Not Closed | APPROX (BLM quarter-section)</desc><trkseg><trkpt lat="42.680813" lon="-123.562995"></trkpt><trkpt lat="42.680855" lon="-123.567935"></trkpt><trkpt lat="42.680910" lon="-123.572874"></trkpt><trkpt lat="42.684758" lon="-123.572781"></trkpt><trkpt lat="42.688606" lon="-123.572688"></trkpt><trkpt lat="42.688606" lon="-123.567631"></trkpt><trkpt lat="42.688607" lon="-123.562574"></trkpt><trkpt lat="42.684710" lon="-123.562785"></trkpt><trkpt lat="42.680813" lon="-123.562995"></trkpt></trkseg></trk><trk><name>GM 4 [APPROX quarter-section]</name><desc>lode | serial OR106801793 | 320.0 ac | Filed | qtr-sec OR 33 0330S 0070W 020 SW | OR 33 0330S 0070W 029 NW | recorded~2026 (DB date, not legal located date) | src: BLM MLRS Not Closed | APPROX (BLM quarter-section)</desc><trkseg><trkpt lat="42.680813" lon="-123.562995"></trkpt><trkpt lat="42.684710" lon="-123.562785"></trkpt><trkpt lat="42.688607" lon="-123.562574"></trkpt><trkpt lat="42.688446" lon="-123.557797"></trkpt><trkpt lat="42.688285" lon="-123.553020"></trkpt><trkpt lat="42.684546" lon="-123.553166"></trkpt><trkpt lat="42.680807" lon="-123.553313"></trkpt><trkpt lat="42.680000" lon="-123.553318"></trkpt><trkpt lat="42.680000" lon="-123.563007"></trkpt><trkpt lat="42.680813" lon="-123.562995"></trkpt></trkseg></trk><trk><name>GM 5 [APPROX quarter-section]</name><desc>lode | serial OR106801794 | 160.0 ac | Filed | qtr-sec OR 33 0330S 0070W 029 NW | recorded~2026 (DB date, not legal located date) | src: BLM MLRS Not Closed | APPROX (BLM quarter-section)</desc><trkseg><trkpt lat="42.680813" lon="-123.562995"></trkpt><trkpt lat="42.680810" lon="-123.558154"></trkpt><trkpt lat="42.680807" lon="-123.553313"></trkpt><trkpt lat="42.680000" lon="-123.553318"></trkpt><trkpt lat="42.680000" lon="-123.563007"></trkpt><trkpt lat="42.680813" lon="-123.562995"></trkpt></trkseg></trk><trk><name>Horseback Mine [APPROX quarter-section]</name><desc>lode | serial OR106819050 | 20.66 ac | Filed | qtr-sec OR 33 0330S 0040W 005 NW | recorded~2026 (DB date, not legal located date) | src: BLM MLRS Not Closed | APPROX (BLM quarter-section)</desc><trkseg><trkpt lat="42.737606" lon="-123.202657"></trkpt><trkpt lat="42.737621" lon="-123.200838"></trkpt><trkpt lat="42.737633" lon="-123.199518"></trkpt><trkpt lat="42.735079" lon="-123.199695"></trkpt><trkpt lat="42.733312" lon="-123.199818"></trkpt><trkpt lat="42.731546" lon="-123.199941"></trkpt><trkpt lat="42.731507" lon="-123.202207"></trkpt><trkpt lat="42.731468" lon="-123.204472"></trkpt><trkpt lat="42.731429" lon="-123.206738"></trkpt><trkpt lat="42.731390" lon="-123.209003"></trkpt><trkpt lat="42.733217" lon="-123.208872"></trkpt><trkpt lat="42.735044" lon="-123.208740"></trkpt><trkpt lat="42.737679" lon="-123.208552"></trkpt><trkpt lat="42.737643" lon="-123.205650"></trkpt><trkpt lat="42.737623" lon="-123.204034"></trkpt><trkpt lat="42.737606" lon="-123.202657"></trkpt></trkseg></trk><trk><name>Bam [APPROX quarter-section]</name><desc>lode | serial OR106819052 | 20.66 ac | Filed | qtr-sec OR 33 0330S 0040W 005 NW | recorded~2026 (DB date, not legal located date) | src: BLM MLRS Not Closed | APPROX (BLM quarter-section)</desc><trkseg><trkpt lat="42.737606" lon="-123.202657"></trkpt><trkpt lat="42.737621" lon="-123.200838"></trkpt><trkpt lat="42.737633" lon="-123.199518"></trkpt><trkpt lat="42.735079" lon="-123.199695"></trkpt><trkpt lat="42.733312" lon="-123.199818"></trkpt><trkpt lat="42.731546" lon="-123.199941"></trkpt><trkpt lat="42.731507" lon="-123.202207"></trkpt><trkpt lat="42.731468" lon="-123.204472"></trkpt><trkpt lat="42.731429" lon="-123.206738"></trkpt><trkpt lat="42.731390" lon="-123.209003"></trkpt><trkpt lat="42.733217" lon="-123.208872"></trkpt><trkpt lat="42.735044" lon="-123.208740"></trkpt><trkpt lat="42.737679" lon="-123.208552"></trkpt><trkpt lat="42.737643" lon="-123.205650"></trkpt><trkpt lat="42.737623" lon="-123.204034"></trkpt><trkpt lat="42.737606" lon="-123.202657"></trkpt></trkseg></trk><trk><name>COW 1124 [APPROX quarter-section]</name><desc>placer | serial OR106820768 | 20.0 ac | Filed | qtr-sec OR 33 0320S 0080W 011 SW | recorded~2026 (DB date, not legal located date) | src: BLM MLRS Not Closed | APPROX (BLM quarter-section)</desc><trkseg><trkpt lat="42.796762" lon="-123.617630"></trkpt><trkpt lat="42.796809" lon="-123.622418"></trkpt><trkpt lat="42.800283" lon="-123.622416"></trkpt><trkpt lat="42.803809" lon="-123.622417"></trkpt><trkpt lat="42.803814" lon="-123.617617"></trkpt><trkpt lat="42.803819" lon="-123.612816"></trkpt><trkpt lat="42.800293" lon="-123.612831"></trkpt><trkpt lat="42.796815" lon="-123.612850"></trkpt><trkpt lat="42.796762" lon="-123.617630"></trkpt></trkseg></trk><trk><name>Gold Pockets [APPROX quarter-section]</name><desc>placer | serial OR106815206 | 15.0 ac | Active | qtr-sec OR 33 0320S 0070W 019 A S2NWSE | recorded~2026 (DB date, not legal located date) | src: BLM MLRS Not Closed | APPROX (BLM quarter-section)</desc><trkseg><trkpt lat="42.773836" lon="-123.568701"></trkpt><trkpt lat="42.772063" lon="-123.568685"></trkpt><trkpt lat="42.772062" lon="-123.571102"></trkpt><trkpt lat="42.772075" lon="-123.573523"></trkpt><trkpt lat="42.773843" lon="-123.573533"></trkpt><trkpt lat="42.773840" lon="-123.571117"></trkpt><trkpt lat="42.773836" lon="-123.568701"></trkpt></trkseg></trk><trk><name>Closed-claim density: 5</name><desc>Closed placer claims (record-date proxy): 5 total | by decade: 2020s:5 | src: BLM MLRS Closed</desc><trkseg><trkpt lat="42.893939" lon="-123.546887"></trkpt><trkpt lat="42.897829" lon="-123.549950"></trkpt><trkpt lat="42.897829" lon="-123.556074"></trkpt><trkpt lat="42.893939" lon="-123.559136"></trkpt><trkpt lat="42.890049" lon="-123.556074"></trkpt><trkpt lat="42.890049" lon="-123.549950"></trkpt><trkpt lat="42.893939" lon="-123.546887"></trkpt></trkseg></trk><trk><name>Closed-claim density: 10</name><desc>Closed placer claims (record-date proxy): 10 total | by decade: 2020s:10 | src: BLM MLRS Closed</desc><trkseg><trkpt lat="42.909498" lon="-123.546887"></trkpt><trkpt lat="42.913388" lon="-123.549950"></trkpt><trkpt lat="42.913388" lon="-123.556074"></trkpt><trkpt lat="42.909498" lon="-123.559136"></trkpt><trkpt lat="42.905608" lon="-123.556074"></trkpt><trkpt lat="42.905608" lon="-123.549950"></trkpt><trkpt lat="42.909498" lon="-123.546887"></trkpt></trkseg></trk><trk><name>Closed-claim density: 6</name><desc>Closed placer claims (record-date proxy): 6 total | by decade: 2020s:6 | src: BLM MLRS Closed</desc><trkseg><trkpt lat="42.905608" lon="-123.537701"></trkpt><trkpt lat="42.909498" lon="-123.540763"></trkpt><trkpt lat="42.909498" lon="-123.546887"></trkpt><trkpt lat="42.905608" lon="-123.549950"></trkpt><trkpt lat="42.901719" lon="-123.546887"></trkpt><trkpt lat="42.901719" lon="-123.540763"></trkpt><trkpt lat="42.905608" lon="-123.537701"></trkpt></trkseg></trk><trk><name>Closed-claim density: 8</name><desc>Closed placer claims (record-date proxy): 8 total | by decade: 2020s:8 | src: BLM MLRS Closed</desc><trkseg><trkpt lat="42.913388" lon="-123.537701"></trkpt><trkpt lat="42.917278" lon="-123.540763"></trkpt><trkpt lat="42.917278" lon="-123.546887"></trkpt><trkpt lat="42.913388" lon="-123.549950"></trkpt><trkpt lat="42.909498" lon="-123.546887"></trkpt><trkpt lat="42.909498" lon="-123.540763"></trkpt><trkpt lat="42.913388" lon="-123.537701"></trkpt></trkseg></trk><trk><name>Closed-claim density: 5</name><desc>Closed placer claims (record-date proxy): 5 total | by decade: 2020s:5 | src: BLM MLRS Closed</desc><trkseg><trkpt lat="42.893939" lon="-123.528514"></trkpt><trkpt lat="42.897829" lon="-123.531576"></trkpt><trkpt lat="42.897829" lon="-123.537701"></trkpt><trkpt lat="42.893939" lon="-123.540763"></trkpt><trkpt lat="42.890049" lon="-123.537701"></trkpt><trkpt lat="42.890049" lon="-123.531576"></trkpt><trkpt lat="42.893939" lon="-123.528514"></trkpt></trkseg></trk><trk><name>Closed-claim density: 8</name><desc>Closed placer claims (record-date proxy): 8 total | by decade: 2020s:8 | src: BLM MLRS Closed</desc><trkseg><trkpt lat="42.925057" lon="-123.528514"></trkpt><trkpt lat="42.928947" lon="-123.531576"></trkpt><trkpt lat="42.928947" lon="-123.537701"></trkpt><trkpt lat="42.925057" lon="-123.540763"></trkpt><trkpt lat="42.921168" lon="-123.537701"></trkpt><trkpt lat="42.921168" lon="-123.531576"></trkpt><trkpt lat="42.925057" lon="-123.528514"></trkpt></trkseg></trk><trk><name>Closed-claim density: 26</name><desc>Closed placer claims (record-date proxy): 26 total | by decade: 2020s:26 | src: BLM MLRS Closed</desc><trkseg><trkpt lat="42.905608" lon="-123.519327"></trkpt><trkpt lat="42.909498" lon="-123.522389"></trkpt><trkpt lat="42.909498" lon="-123.528514"></trkpt><trkpt lat="42.905608" lon="-123.531576"></trkpt><trkpt lat="42.901719" lon="-123.528514"></trkpt><trkpt lat="42.901719" lon="-123.522389"></trkpt><trkpt lat="42.905608" lon="-123.519327"></trkpt></trkseg></trk><trk><name>Closed-claim density: 8</name><desc>Closed placer claims (record-date proxy): 8 total | by decade: 2020s:8 | src: BLM MLRS Closed</desc><trkseg><trkpt lat="42.909498" lon="-123.510140"></trkpt><trkpt lat="42.913388" lon="-123.513202"></trkpt><trkpt lat="42.913388" lon="-123.519327"></trkpt><trkpt lat="42.909498" lon="-123.522389"></trkpt><trkpt lat="42.905608" lon="-123.519327"></trkpt><trkpt lat="42.905608" lon="-123.513202"></trkpt><trkpt lat="42.909498" lon="-123.510140"></trkpt></trkseg></trk><trk><name>Closed-claim density: 4</name><desc>Closed placer claims (record-date proxy): 4 total | by decade: 2020s:4 | src: BLM MLRS Closed</desc><trkseg><trkpt lat="42.905608" lon="-123.500953"></trkpt><trkpt lat="42.909498" lon="-123.504016"></trkpt><trkpt lat="42.909498" lon="-123.510140"></trkpt><trkpt lat="42.905608" lon="-123.513202"></trkpt><trkpt lat="42.901719" lon="-123.510140"></trkpt><trkpt lat="42.901719" lon="-123.504016"></trkpt><trkpt lat="42.905608" lon="-123.500953"></trkpt></trkseg></trk><trk><name>Closed-claim density: 11</name><desc>Closed placer claims (record-date proxy): 11 total | by decade: 2020s:11 | src: BLM MLRS Closed</desc><trkseg><trkpt lat="42.893939" lon="-123.491767"></trkpt><trkpt lat="42.897829" lon="-123.494829"></trkpt><trkpt lat="42.897829" lon="-123.500953"></trkpt><trkpt lat="42.893939" lon="-123.504016"></trkpt><trkpt lat="42.890049" lon="-123.500953"></trkpt><trkpt lat="42.890049" lon="-123.494829"></trkpt><trkpt lat="42.893939" lon="-123.491767"></trkpt></trkseg></trk><trk><name>Closed-claim density: 26</name><desc>Closed placer claims (record-date proxy): 26 total | by decade: 2020s:26 | src: BLM MLRS Closed</desc><trkseg><trkpt lat="42.909498" lon="-123.473393"></trkpt><trkpt lat="42.913388" lon="-123.476455"></trkpt><trkpt lat="42.913388" lon="-123.482580"></trkpt><trkpt lat="42.909498" lon="-123.485642"></trkpt><trkpt lat="42.905608" lon="-123.482580"></trkpt><trkpt lat="42.905608" lon="-123.476455"></trkpt><trkpt lat="42.909498" lon="-123.473393"></trkpt></trkseg></trk><trk><name>Closed-claim density: 13</name><desc>Closed placer claims (record-date proxy): 13 total | by decade: 2020s:13 | src: BLM MLRS Closed</desc><trkseg><trkpt lat="42.932837" lon="-123.473393"></trkpt><trkpt lat="42.936727" lon="-123.476455"></trkpt><trkpt lat="42.936727" lon="-123.482580"></trkpt><trkpt lat="42.932837" lon="-123.485642"></trkpt><trkpt lat="42.928947" lon="-123.482580"></trkpt><trkpt lat="42.928947" lon="-123.476455"></trkpt><trkpt lat="42.932837" lon="-123.473393"></trkpt></trkseg></trk><trk><name>Closed-claim density: 7</name><desc>Closed placer claims (record-date proxy): 7 total | by decade: 2020s:7 | src: BLM MLRS Closed</desc><trkseg><trkpt lat="42.940617" lon="-123.473393"></trkpt><trkpt lat="42.944507" lon="-123.476455"></trkpt><trkpt lat="42.944507" lon="-123.482580"></trkpt><trkpt lat="42.940617" lon="-123.485642"></trkpt><trkpt lat="42.936727" lon="-123.482580"></trkpt><trkpt lat="42.936727" lon="-123.476455"></trkpt><trkpt lat="42.940617" lon="-123.473393"></trkpt></trkseg></trk><trk><name>Closed-claim density: 6</name><desc>Closed placer claims (record-date proxy): 6 total | by decade: 2020s:6 | src: BLM MLRS Closed</desc><trkseg><trkpt lat="42.948396" lon="-123.455020"></trkpt><trkpt lat="42.952286" lon="-123.458082"></trkpt><trkpt lat="42.952286" lon="-123.464206"></trkpt><trkpt lat="42.948396" lon="-123.467269"></trkpt><trkpt lat="42.944507" lon="-123.464206"></trkpt><trkpt lat="42.944507" lon="-123.458082"></trkpt><trkpt lat="42.948396" lon="-123.455020"></trkpt></trkseg></trk><trk><name>Closed-claim density: 6</name><desc>Closed placer claims (record-date proxy): 6 total | by decade: 2020s:6 | src: BLM MLRS Closed</desc><trkseg><trkpt lat="42.956176" lon="-123.455020"></trkpt><trkpt lat="42.960066" lon="-123.458082"></trkpt><trkpt lat="42.960066" lon="-123.464206"></trkpt><trkpt lat="42.956176" lon="-123.467269"></trkpt><trkpt lat="42.952286" lon="-123.464206"></trkpt><trkpt lat="42.952286" lon="-123.458082"></trkpt><trkpt lat="42.956176" lon="-123.455020"></trkpt></trkseg></trk><trk><name>Closed-claim density: 5</name><desc>Closed placer claims (record-date proxy): 5 total | by decade: 2020s:5 | src: BLM MLRS Closed</desc><trkseg><trkpt lat="42.963956" lon="-123.455020"></trkpt><trkpt lat="42.967845" lon="-123.458082"></trkpt><trkpt lat="42.967845" lon="-123.464206"></trkpt><trkpt lat="42.963956" lon="-123.467269"></trkpt><trkpt lat="42.960066" lon="-123.464206"></trkpt><trkpt lat="42.960066" lon="-123.458082"></trkpt><trkpt lat="42.963956" lon="-123.455020"></trkpt></trkseg></trk><trk><name>Closed-claim density: 7</name><desc>Closed placer claims (record-date proxy): 7 total | by decade: 2020s:7 | src: BLM MLRS Closed</desc><trkseg><trkpt lat="42.944507" lon="-123.445833"></trkpt><trkpt lat="42.948396" lon="-123.448895"></trkpt><trkpt lat="42.948396" lon="-123.455020"></trkpt><trkpt lat="42.944507" lon="-123.458082"></trkpt><trkpt lat="42.940617" lon="-123.455020"></trkpt><trkpt lat="42.940617" lon="-123.448895"></trkpt><trkpt lat="42.944507" lon="-123.445833"></trkpt></trkseg></trk><trk><name>Closed-claim density: 5</name><desc>Closed placer claims (record-date proxy): 5 total | by decade: 2020s:5 | src: BLM MLRS Closed</desc><trkseg><trkpt lat="42.952286" lon="-123.445833"></trkpt><trkpt lat="42.956176" lon="-123.448895"></trkpt><trkpt lat="42.956176" lon="-123.455020"></trkpt><trkpt lat="42.952286" lon="-123.458082"></trkpt><trkpt lat="42.948396" lon="-123.455020"></trkpt><trkpt lat="42.948396" lon="-123.448895"></trkpt><trkpt lat="42.952286" lon="-123.445833"></trkpt></trkseg></trk><trk><name>Closed-claim density: 6</name><desc>Closed placer claims (record-date proxy): 6 total | by decade: 2020s:6 | src: BLM MLRS Closed</desc><trkseg><trkpt lat="42.960066" lon="-123.445833"></trkpt><trkpt lat="42.963956" lon="-123.448895"></trkpt><trkpt lat="42.963956" lon="-123.455020"></trkpt><trkpt lat="42.960066" lon="-123.458082"></trkpt><trkpt lat="42.956176" lon="-123.455020"></trkpt><trkpt lat="42.956176" lon="-123.448895"></trkpt><trkpt lat="42.960066" lon="-123.445833"></trkpt></trkseg></trk><trk><name>Closed-claim density: 4</name><desc>Closed placer claims (record-date proxy): 4 total | by decade: 2020s:4 | src: BLM MLRS Closed</desc><trkseg><trkpt lat="42.983405" lon="-123.445833"></trkpt><trkpt lat="42.987294" lon="-123.448895"></trkpt><trkpt lat="42.987294" lon="-123.455020"></trkpt><trkpt lat="42.983405" lon="-123.458082"></trkpt><trkpt lat="42.979515" lon="-123.455020"></trkpt><trkpt lat="42.979515" lon="-123.448895"></trkpt><trkpt lat="42.983405" lon="-123.445833"></trkpt></trkseg></trk><trk><name>Closed-claim density: 8</name><desc>Closed placer claims (record-date proxy): 8 total | by decade: 2020s:8 | src: BLM MLRS Closed</desc><trkseg><trkpt lat="42.979515" lon="-123.418273"></trkpt><trkpt lat="42.983405" lon="-123.421335"></trkpt><trkpt lat="42.983405" lon="-123.427459"></trkpt><trkpt lat="42.979515" lon="-123.430522"></trkpt><trkpt lat="42.975625" lon="-123.427459"></trkpt><trkpt lat="42.975625" lon="-123.421335"></trkpt><trkpt lat="42.979515" lon="-123.418273"></trkpt></trkseg></trk><trk><name>Closed-claim density: 14</name><desc>Closed placer claims (record-date proxy): 14 total | by decade: 2020s:14 | src: BLM MLRS Closed</desc><trkseg><trkpt lat="42.975625" lon="-123.409086"></trkpt><trkpt lat="42.979515" lon="-123.412148"></trkpt><trkpt lat="42.979515" lon="-123.418273"></trkpt><trkpt lat="42.975625" lon="-123.421335"></trkpt><trkpt lat="42.971735" lon="-123.418273"></trkpt><trkpt lat="42.971735" lon="-123.412148"></trkpt><trkpt lat="42.975625" lon="-123.409086"></trkpt></trkseg></trk><trk><name>Closed-claim density: 8</name><desc>Closed placer claims (record-date proxy): 8 total | by decade: 2020s:8 | src: BLM MLRS Closed</desc><trkseg><trkpt lat="42.983405" lon="-123.409086"></trkpt><trkpt lat="42.987294" lon="-123.412148"></trkpt><trkpt lat="42.987294" lon="-123.418273"></trkpt><trkpt lat="42.983405" lon="-123.421335"></trkpt><trkpt lat="42.979515" lon="-123.418273"></trkpt><trkpt lat="42.979515" lon="-123.412148"></trkpt><trkpt lat="42.983405" lon="-123.409086"></trkpt></trkseg></trk><trk><name>Closed-claim density: 6</name><desc>Closed placer claims (record-date proxy): 6 total | by decade: 2020s:6 | src: BLM MLRS Closed</desc><trkseg><trkpt lat="42.975625" lon="-123.372339"></trkpt><trkpt lat="42.979515" lon="-123.375401"></trkpt><trkpt lat="42.979515" lon="-123.381526"></trkpt><trkpt lat="42.975625" lon="-123.384588"></trkpt><trkpt lat="42.971735" lon="-123.381526"></trkpt><trkpt lat="42.971735" lon="-123.375401"></trkpt><trkpt lat="42.975625" lon="-123.372339"></trkpt></trkseg></trk><trk><name>Closed-claim density: 10</name><desc>Closed placer claims (record-date proxy): 10 total | by decade: 2020s:10 | src: BLM MLRS Closed</desc><trkseg><trkpt lat="42.983405" lon="-123.372339"></trkpt><trkpt lat="42.987294" lon="-123.375401"></trkpt><trkpt lat="42.987294" lon="-123.381526"></trkpt><trkpt lat="42.983405" lon="-123.384588"></trkpt><trkpt lat="42.979515" lon="-123.381526"></trkpt><trkpt lat="42.979515" lon="-123.375401"></trkpt><trkpt lat="42.983405" lon="-123.372339"></trkpt></trkseg></trk></gpx>