<?xml version="1.0" encoding="UTF-8"?>
<gpx xmlns:xsi="http://www.w3.org/2001/XMLSchema-instance" xmlns="http://www.topografix.com/GPX/1/1" xmlns:onx="http://www.onxmaps.com" xsi:schemaLocation="http://www.topografix.com/GPX/1/1 http://www.topografix.com/GPX/1/1/gpx.xsd" version="1.1" creator="onXmaps hunt ios"><rte><name>Rattlesnake 2</name><type>Area</type><extensions><onx:style>dot</onx:style><onx:weight>4.0</onx:weight><onx:color>rgba(255, 51, 0, 1)</onx:color></extensions><rtept lat="43.561255" lon="-122.672564"></rtept><rtept lat="43.568505" lon="-122.672561"></rtept><rtept lat="43.568497" lon="-122.662635"></rtept><rtept lat="43.561266" lon="-122.662650"></rtept><rtept lat="43.561255" lon="-122.672564"></rtept></rte><rte><name>Rattlesnake 3</name><type>Area</type><extensions><onx:style>dot</onx:style><onx:weight>4.0</onx:weight><onx:color>rgba(255, 51, 0, 1)</onx:color></extensions><rtept lat="43.561255" lon="-122.672564"></rtept><rtept lat="43.568505" lon="-122.672561"></rtept><rtept lat="43.568497" lon="-122.662635"></rtept><rtept lat="43.561266" lon="-122.662650"></rtept><rtept lat="43.561255" lon="-122.672564"></rtept></rte><rte><name>Admiral Nelson</name><type>Area</type><extensions><onx:style>dot</onx:style><onx:weight>4.0</onx:weight><onx:color>rgba(255, 51, 0, 1)</onx:color></extensions><rtept lat="43.554208" lon="-122.622983"></rtept><rtept lat="43.554185" lon="-122.626178"></rtept><rtept lat="43.554063" lon="-122.642805"></rtept><rtept lat="43.557685" lon="-122.642800"></rtept><rtept lat="43.559262" lon="-122.642797"></rtept><rtept lat="43.559256" lon="-122.642796"></rtept><rtept lat="43.561309" lon="-122.642792"></rtept><rtept lat="43.561309" lon="-122.642794"></rtept><rtept lat="43.565140" lon="-122.642788"></rtept><rtept lat="43.565140" lon="-122.642788"></rtept><rtept lat="43.568555" lon="-122.642783"></rtept><rtept lat="43.568579" lon="-122.637821"></rtept><rtept lat="43.568625" lon="-122.627892"></rtept><rtept lat="43.568633" lon="-122.626179"></rtept><rtept lat="43.568648" lon="-122.622928"></rtept><rtept lat="43.567433" lon="-122.622933"></rtept><rtept lat="43.563818" lon="-122.622946"></rtept><rtept lat="43.560260" lon="-122.622959"></rtept><rtept lat="43.556684" lon="-122.622972"></rtept><rtept lat="43.554208" lon="-122.622983"></rtept></rte><rte><name>Cripple Creek</name><type>Area</type><extensions><onx:style>dot</onx:style><onx:weight>4.0</onx:weight><onx:color>rgba(255, 51, 0, 1)</onx:color></extensions><rtept lat="43.554208" lon="-122.622983"></rtept><rtept lat="43.554185" lon="-122.626178"></rtept><rtept lat="43.554063" lon="-122.642805"></rtept><rtept lat="43.557685" lon="-122.642800"></rtept><rtept lat="43.559262" lon="-122.642797"></rtept><rtept lat="43.559256" lon="-122.642796"></rtept><rtept lat="43.561309" lon="-122.642792"></rtept><rtept lat="43.561309" lon="-122.642794"></rtept><rtept lat="43.565140" lon="-122.642788"></rtept><rtept lat="43.565140" lon="-122.642788"></rtept><rtept lat="43.568555" lon="-122.642783"></rtept><rtept lat="43.568579" lon="-122.637821"></rtept><rtept lat="43.568625" lon="-122.627892"></rtept><rtept lat="43.568633" lon="-122.626179"></rtept><rtept lat="43.568648" lon="-122.622928"></rtept><rtept lat="43.567433" lon="-122.622933"></rtept><rtept lat="43.563818" lon="-122.622946"></rtept><rtept lat="43.560260" lon="-122.622959"></rtept><rtept lat="43.556684" lon="-122.622972"></rtept><rtept lat="43.554208" lon="-122.622983"></rtept></rte><rte><name>Kruse</name><type>Area</type><extensions><onx:style>dot</onx:style><onx:weight>4.0</onx:weight><onx:color>rgba(255, 51, 0, 1)</onx:color></extensions><rtept lat="43.554208" lon="-122.622983"></rtept><rtept lat="43.554185" lon="-122.626178"></rtept><rtept lat="43.554063" lon="-122.642805"></rtept><rtept lat="43.557685" lon="-122.642800"></rtept><rtept lat="43.559262" lon="-122.642797"></rtept><rtept lat="43.559256" lon="-122.642796"></rtept><rtept lat="43.565136" lon="-122.642785"></rtept><rtept lat="43.565140" lon="-122.642788"></rtept><rtept lat="43.568555" lon="-122.642783"></rtept><rtept lat="43.575789" lon="-122.642779"></rtept><rtept lat="43.575840" lon="-122.632862"></rtept><rtept lat="43.568602" lon="-122.632856"></rtept><rtept lat="43.568625" lon="-122.627892"></rtept><rtept lat="43.568633" lon="-122.626179"></rtept><rtept lat="43.568648" lon="-122.622928"></rtept><rtept lat="43.567433" lon="-122.622933"></rtept><rtept lat="43.563818" lon="-122.622946"></rtept><rtept lat="43.560260" lon="-122.622959"></rtept><rtept lat="43.556684" lon="-122.622972"></rtept><rtept lat="43.554208" lon="-122.622983"></rtept></rte><rte><name>La Fiesta</name><type>Area</type><extensions><onx:style>dot</onx:style><onx:weight>4.0</onx:weight><onx:color>rgba(255, 51, 0, 1)</onx:color></extensions><rtept lat="43.568579" lon="-122.637821"></rtept><rtept lat="43.568625" lon="-122.627892"></rtept><rtept lat="43.568633" lon="-122.626179"></rtept><rtept lat="43.568648" lon="-122.622928"></rtept><rtept lat="43.567433" lon="-122.622933"></rtept><rtept lat="43.563818" lon="-122.622946"></rtept><rtept lat="43.560260" lon="-122.622959"></rtept><rtept lat="43.556684" lon="-122.622972"></rtept><rtept lat="43.554208" lon="-122.622983"></rtept><rtept lat="43.554185" lon="-122.626178"></rtept><rtept lat="43.554063" lon="-122.642805"></rtept><rtept lat="43.557685" lon="-122.642800"></rtept><rtept lat="43.559262" lon="-122.642797"></rtept><rtept lat="43.559256" lon="-122.642796"></rtept><rtept lat="43.565136" lon="-122.642785"></rtept><rtept lat="43.565140" lon="-122.642788"></rtept><rtept lat="43.568555" lon="-122.642783"></rtept><rtept lat="43.568579" lon="-122.637821"></rtept></rte><rte><name>Nola G.</name><type>Area</type><extensions><onx:style>dot</onx:style><onx:weight>4.0</onx:weight><onx:color>rgba(255, 51, 0, 1)</onx:color></extensions><rtept lat="43.554208" lon="-122.622983"></rtept><rtept lat="43.554185" lon="-122.626178"></rtept><rtept lat="43.554063" lon="-122.642805"></rtept><rtept lat="43.557685" lon="-122.642800"></rtept><rtept lat="43.559262" lon="-122.642797"></rtept><rtept lat="43.559256" lon="-122.642796"></rtept><rtept lat="43.561309" lon="-122.642792"></rtept><rtept lat="43.561309" lon="-122.642794"></rtept><rtept lat="43.565140" lon="-122.642788"></rtept><rtept lat="43.565140" lon="-122.642788"></rtept><rtept lat="43.568555" lon="-122.642783"></rtept><rtept lat="43.568579" lon="-122.637821"></rtept><rtept lat="43.568625" lon="-122.627892"></rtept><rtept lat="43.568633" lon="-122.626179"></rtept><rtept lat="43.568648" lon="-122.622928"></rtept><rtept lat="43.567433" lon="-122.622933"></rtept><rtept lat="43.563818" lon="-122.622946"></rtept><rtept lat="43.560260" lon="-122.622959"></rtept><rtept lat="43.556684" lon="-122.622972"></rtept><rtept lat="43.554208" lon="-122.622983"></rtept></rte><rte><name>Peekaboo</name><type>Area</type><extensions><onx:style>dot</onx:style><onx:weight>4.0</onx:weight><onx:color>rgba(255, 51, 0, 1)</onx:color></extensions><rtept lat="43.568579" lon="-122.637821"></rtept><rtept lat="43.568625" lon="-122.627892"></rtept><rtept lat="43.568633" lon="-122.626179"></rtept><rtept lat="43.568648" lon="-122.622928"></rtept><rtept lat="43.567433" lon="-122.622933"></rtept><rtept lat="43.563818" lon="-122.622946"></rtept><rtept lat="43.560260" lon="-122.622959"></rtept><rtept lat="43.556684" lon="-122.622972"></rtept><rtept lat="43.554208" lon="-122.622983"></rtept><rtept lat="43.554185" lon="-122.626178"></rtept><rtept lat="43.554063" lon="-122.642805"></rtept><rtept lat="43.557685" lon="-122.642800"></rtept><rtept lat="43.559262" lon="-122.642797"></rtept><rtept lat="43.559256" lon="-122.642796"></rtept><rtept lat="43.565136" lon="-122.642785"></rtept><rtept lat="43.565140" lon="-122.642788"></rtept><rtept lat="43.568555" lon="-122.642783"></rtept><rtept lat="43.568579" lon="-122.637821"></rtept></rte><rte><name>PAYDIRT DISCOVERY</name><type>Area</type><extensions><onx:style>dot</onx:style><onx:weight>4.0</onx:weight><onx:color>rgba(255, 51, 0, 1)</onx:color></extensions><rtept lat="43.590321" lon="-122.632874"></rtept><rtept lat="43.597563" lon="-122.632880"></rtept><rtept lat="43.597610" lon="-122.623032"></rtept><rtept lat="43.590372" lon="-122.623008"></rtept><rtept lat="43.590321" lon="-122.632874"></rtept></rte><rte><name>SILVER ROCK</name><type>Area</type><extensions><onx:style>dot</onx:style><onx:weight>4.0</onx:weight><onx:color>rgba(255, 51, 0, 1)</onx:color></extensions><rtept lat="43.590372" lon="-122.623008"></rtept><rtept lat="43.583136" lon="-122.622958"></rtept><rtept lat="43.583079" lon="-122.632868"></rtept><rtept lat="43.590321" lon="-122.632874"></rtept><rtept lat="43.590372" lon="-122.623008"></rtept></rte><rte><name>RETIREMENT PLAN TOO</name><type>Area</type><extensions><onx:style>dot</onx:style><onx:weight>4.0</onx:weight><onx:color>rgba(255, 51, 0, 1)</onx:color></extensions><rtept lat="43.575831" lon="-122.722340"></rtept><rtept lat="43.583084" lon="-122.722361"></rtept><rtept lat="43.583061" lon="-122.712444"></rtept><rtept lat="43.575807" lon="-122.712416"></rtept><rtept lat="43.575831" lon="-122.722340"></rtept></rte><rte><name>EVENING STAR</name><type>Area</type><extensions><onx:style>dot</onx:style><onx:weight>4.0</onx:weight><onx:color>rgba(255, 51, 0, 1)</onx:color></extensions><rtept lat="43.575840" lon="-122.632862"></rtept><rtept lat="43.583079" lon="-122.632868"></rtept><rtept lat="43.583136" lon="-122.622958"></rtept><rtept lat="43.575892" lon="-122.622943"></rtept><rtept lat="43.575840" lon="-122.632862"></rtept></rte><rte><name>EVENING STAR ANNEX</name><type>Area</type><extensions><onx:style>dot</onx:style><onx:weight>4.0</onx:weight><onx:color>rgba(255, 51, 0, 1)</onx:color></extensions><rtept lat="43.568602" lon="-122.632856"></rtept><rtept lat="43.575840" lon="-122.632862"></rtept><rtept lat="43.583079" lon="-122.632868"></rtept><rtept lat="43.583136" lon="-122.622958"></rtept><rtept lat="43.575892" lon="-122.622943"></rtept><rtept lat="43.568648" lon="-122.622928"></rtept><rtept lat="43.568602" lon="-122.632856"></rtept></rte><rte><name>GOLDEN STAR</name><type>Area</type><extensions><onx:style>dot</onx:style><onx:weight>4.0</onx:weight><onx:color>rgba(255, 51, 0, 1)</onx:color></extensions><rtept lat="43.554009" lon="-122.702428"></rtept><rtept lat="43.554063" lon="-122.712385"></rtept><rtept lat="43.561308" lon="-122.712387"></rtept><rtept lat="43.561268" lon="-122.702443"></rtept><rtept lat="43.561256" lon="-122.692460"></rtept><rtept lat="43.553992" lon="-122.692447"></rtept><rtept lat="43.554009" lon="-122.702428"></rtept></rte><rte><name>STAR EXTENSION</name><type>Area</type><extensions><onx:style>dot</onx:style><onx:weight>4.0</onx:weight><onx:color>rgba(255, 51, 0, 1)</onx:color></extensions><rtept lat="43.554063" lon="-122.712385"></rtept><rtept lat="43.561308" lon="-122.712387"></rtept><rtept lat="43.561268" lon="-122.702443"></rtept><rtept lat="43.554009" lon="-122.702428"></rtept><rtept lat="43.554063" lon="-122.712385"></rtept></rte><rte><name>NICHODEMUS</name><type>Area</type><extensions><onx:style>dot</onx:style><onx:weight>4.0</onx:weight><onx:color>rgba(255, 51, 0, 1)</onx:color></extensions><rtept lat="43.561308" lon="-122.712387"></rtept><rtept lat="43.561347" lon="-122.722330"></rtept><rtept lat="43.568577" lon="-122.722319"></rtept><rtept lat="43.568552" lon="-122.712389"></rtept><rtept lat="43.568528" lon="-122.702459"></rtept><rtept lat="43.561268" lon="-122.702443"></rtept><rtept lat="43.561308" lon="-122.712387"></rtept></rte><rte><name>THREE BROTHERS MINE</name><type>Area</type><extensions><onx:style>dot</onx:style><onx:weight>4.0</onx:weight><onx:color>rgba(255, 51, 0, 1)</onx:color></extensions><rtept lat="43.583003" lon="-122.682534"></rtept><rtept lat="43.590228" lon="-122.682557"></rtept><rtept lat="43.590223" lon="-122.672561"></rtept><rtept lat="43.582982" lon="-122.672565"></rtept><rtept lat="43.583003" lon="-122.682534"></rtept></rte><rte><name>SUNSET MINE</name><type>Area</type><extensions><onx:style>dot</onx:style><onx:weight>4.0</onx:weight><onx:color>rgba(255, 51, 0, 1)</onx:color></extensions><rtept lat="43.622929" lon="-122.637215"></rtept><rtept lat="43.622665" lon="-122.637214"></rtept><rtept lat="43.621279" lon="-122.637210"></rtept><rtept lat="43.620101" lon="-122.637206"></rtept><rtept lat="43.616498" lon="-122.637195"></rtept><rtept lat="43.616502" lon="-122.642151"></rtept><rtept lat="43.616507" lon="-122.647108"></rtept><rtept lat="43.620116" lon="-122.647108"></rtept><rtept lat="43.622188" lon="-122.647108"></rtept><rtept lat="43.623724" lon="-122.647108"></rtept><rtept lat="43.623865" lon="-122.647107"></rtept><rtept lat="43.623865" lon="-122.647104"></rtept><rtept lat="43.623864" lon="-122.647101"></rtept><rtept lat="43.624592" lon="-122.647040"></rtept><rtept lat="43.624602" lon="-122.647106"></rtept><rtept lat="43.626285" lon="-122.647103"></rtept><rtept lat="43.627325" lon="-122.647101"></rtept><rtept lat="43.630926" lon="-122.647095"></rtept><rtept lat="43.630931" lon="-122.642148"></rtept><rtept lat="43.630937" lon="-122.637202"></rtept><rtept lat="43.627321" lon="-122.637210"></rtept><rtept lat="43.625972" lon="-122.637212"></rtept><rtept lat="43.624322" lon="-122.637216"></rtept><rtept lat="43.623704" lon="-122.637217"></rtept><rtept lat="43.622929" lon="-122.637215"></rtept></rte><rte><name>BUCKET</name><type>Area</type><extensions><onx:style>dot</onx:style><onx:weight>4.0</onx:weight><onx:color>rgba(255, 51, 0, 1)</onx:color></extensions><rtept lat="43.554118" lon="-122.722342"></rtept><rtept lat="43.561347" lon="-122.722330"></rtept><rtept lat="43.568577" lon="-122.722319"></rtept><rtept lat="43.568552" lon="-122.712389"></rtept><rtept lat="43.561308" lon="-122.712387"></rtept><rtept lat="43.554063" lon="-122.712385"></rtept><rtept lat="43.554118" lon="-122.722342"></rtept></rte><rte><name>MISTY MOUNTAIN 1</name><type>Area</type><extensions><onx:style>dot</onx:style><onx:weight>4.0</onx:weight><onx:color>rgba(255, 51, 0, 1)</onx:color></extensions><rtept lat="43.583022" lon="-122.642775"></rtept><rtept lat="43.590270" lon="-122.642758"></rtept><rtept lat="43.590321" lon="-122.632874"></rtept><rtept lat="43.583079" lon="-122.632868"></rtept><rtept lat="43.583022" lon="-122.642775"></rtept></rte><rte><name>MISTY MOUNTAIN 2</name><type>Area</type><extensions><onx:style>dot</onx:style><onx:weight>4.0</onx:weight><onx:color>rgba(255, 51, 0, 1)</onx:color></extensions><rtept lat="43.583022" lon="-122.642775"></rtept><rtept lat="43.590270" lon="-122.642758"></rtept><rtept lat="43.590321" lon="-122.632874"></rtept><rtept lat="43.583079" lon="-122.632868"></rtept><rtept lat="43.583022" lon="-122.642775"></rtept></rte><rte><name>MISTY MOUNTAIN 3</name><type>Area</type><extensions><onx:style>dot</onx:style><onx:weight>4.0</onx:weight><onx:color>rgba(255, 51, 0, 1)</onx:color></extensions><rtept lat="43.583022" lon="-122.642775"></rtept><rtept lat="43.590270" lon="-122.642758"></rtept><rtept lat="43.590321" lon="-122.632874"></rtept><rtept lat="43.583079" lon="-122.632868"></rtept><rtept lat="43.583022" lon="-122.642775"></rtept></rte><rte><name>LUCKY MAUD</name><type>Area</type><extensions><onx:style>dot</onx:style><onx:weight>4.0</onx:weight><onx:color>rgba(255, 51, 0, 1)</onx:color></extensions><rtept lat="43.590270" lon="-122.642758"></rtept><rtept lat="43.597517" lon="-122.642727"></rtept><rtept lat="43.597563" lon="-122.632880"></rtept><rtept lat="43.597610" lon="-122.623032"></rtept><rtept lat="43.590372" lon="-122.623008"></rtept><rtept lat="43.590321" lon="-122.632874"></rtept><rtept lat="43.590270" lon="-122.642758"></rtept></rte><rte><name>RAINBOW ELSIE</name><type>Area</type><extensions><onx:style>dot</onx:style><onx:weight>4.0</onx:weight><onx:color>rgba(255, 51, 0, 1)</onx:color></extensions><rtept lat="43.583079" lon="-122.632868"></rtept><rtept lat="43.590321" lon="-122.632874"></rtept><rtept lat="43.597563" lon="-122.632880"></rtept><rtept lat="43.597610" lon="-122.623032"></rtept><rtept lat="43.590372" lon="-122.623008"></rtept><rtept lat="43.583136" lon="-122.622958"></rtept><rtept lat="43.583079" lon="-122.632868"></rtept></rte><rte><name>IRISH LUCK 1</name><type>Area</type><extensions><onx:style>dot</onx:style><onx:weight>4.0</onx:weight><onx:color>rgba(255, 51, 0, 1)</onx:color></extensions><rtept lat="43.579621" lon="-122.746308"></rtept><rtept lat="43.579649" lon="-122.741368"></rtept><rtept lat="43.579552" lon="-122.741367"></rtept><rtept lat="43.576193" lon="-122.741308"></rtept><rtept lat="43.575953" lon="-122.741304"></rtept><rtept lat="43.572738" lon="-122.741360"></rtept><rtept lat="43.572296" lon="-122.746297"></rtept><rtept lat="43.571854" lon="-122.751234"></rtept><rtept lat="43.575724" lon="-122.751241"></rtept><rtept lat="43.579593" lon="-122.751249"></rtept><rtept lat="43.579621" lon="-122.746308"></rtept></rte><rte><name>GOLD ROCK</name><type>Area</type><extensions><onx:style>dot</onx:style><onx:weight>4.0</onx:weight><onx:color>rgba(255, 51, 0, 1)</onx:color></extensions><rtept lat="43.583079" lon="-122.632868"></rtept><rtept lat="43.590321" lon="-122.632874"></rtept><rtept lat="43.590372" lon="-122.623008"></rtept><rtept lat="43.589647" lon="-122.623003"></rtept><rtept lat="43.592831" lon="-122.623014"></rtept><rtept lat="43.592635" lon="-122.615623"></rtept><rtept lat="43.585179" lon="-122.615595"></rtept><rtept lat="43.585572" lon="-122.622975"></rtept><rtept lat="43.583136" lon="-122.622958"></rtept><rtept lat="43.583079" lon="-122.632868"></rtept></rte><rte><name>WHITE CRYSTAL</name><type>Area</type><extensions><onx:style>dot</onx:style><onx:weight>4.0</onx:weight><onx:color>rgba(255, 51, 0, 1)</onx:color></extensions><rtept lat="43.585179" lon="-122.615595"></rtept><rtept lat="43.585572" lon="-122.622989"></rtept><rtept lat="43.592831" lon="-122.623014"></rtept><rtept lat="43.592635" lon="-122.615623"></rtept><rtept lat="43.585179" lon="-122.615595"></rtept></rte><rte><name>HIGH VALUE</name><type>Area</type><extensions><onx:style>dot</onx:style><onx:weight>4.0</onx:weight><onx:color>rgba(255, 51, 0, 1)</onx:color></extensions><rtept lat="43.583079" lon="-122.632868"></rtept><rtept lat="43.590321" lon="-122.632874"></rtept><rtept lat="43.590372" lon="-122.623008"></rtept><rtept lat="43.589647" lon="-122.623003"></rtept><rtept lat="43.592831" lon="-122.623014"></rtept><rtept lat="43.592635" lon="-122.615623"></rtept><rtept lat="43.585179" lon="-122.615595"></rtept><rtept lat="43.585572" lon="-122.622975"></rtept><rtept lat="43.583136" lon="-122.622958"></rtept><rtept lat="43.583079" lon="-122.632868"></rtept></rte><rte><name>Troll Hole</name><type>Area</type><extensions><onx:style>dot</onx:style><onx:weight>4.0</onx:weight><onx:color>rgba(255, 51, 0, 1)</onx:color></extensions><rtept lat="43.568488" lon="-122.673060"></rtept><rtept lat="43.568512" lon="-122.682486"></rtept><rtept lat="43.575875" lon="-122.682528"></rtept><rtept lat="43.583003" lon="-122.682534"></rtept><rtept lat="43.597452" lon="-122.682580"></rtept><rtept lat="43.597463" lon="-122.672558"></rtept><rtept lat="43.597468" lon="-122.667546"></rtept><rtept lat="43.597470" lon="-122.665645"></rtept><rtept lat="43.597473" lon="-122.662536"></rtept><rtept lat="43.597188" lon="-122.662534"></rtept><rtept lat="43.596580" lon="-122.662540"></rtept><rtept lat="43.593025" lon="-122.662554"></rtept><rtept lat="43.593027" lon="-122.662559"></rtept><rtept lat="43.592562" lon="-122.662561"></rtept><rtept lat="43.591221" lon="-122.662568"></rtept><rtept lat="43.591219" lon="-122.662562"></rtept><rtept lat="43.590563" lon="-122.662564"></rtept><rtept lat="43.590572" lon="-122.662571"></rtept><rtept lat="43.590218" lon="-122.662573"></rtept><rtept lat="43.588117" lon="-122.662579"></rtept><rtept lat="43.588121" lon="-122.662574"></rtept><rtept lat="43.587868" lon="-122.662575"></rtept><rtept lat="43.586217" lon="-122.662582"></rtept><rtept lat="43.586218" lon="-122.662585"></rtept><rtept lat="43.584097" lon="-122.662592"></rtept><rtept lat="43.584097" lon="-122.662591"></rtept><rtept lat="43.582962" lon="-122.662595"></rtept><rtept lat="43.582942" lon="-122.658802"></rtept><rtept lat="43.583011" lon="-122.649438"></rtept><rtept lat="43.583029" lon="-122.646956"></rtept><rtept lat="43.583027" lon="-122.645962"></rtept><rtept lat="43.583025" lon="-122.644804"></rtept><rtept lat="43.583022" lon="-122.642775"></rtept><rtept lat="43.582968" lon="-122.642775"></rtept><rtept lat="43.582748" lon="-122.642775"></rtept><rtept lat="43.581816" lon="-122.642776"></rtept><rtept lat="43.581516" lon="-122.642776"></rtept><rtept lat="43.581274" lon="-122.642776"></rtept><rtept lat="43.579935" lon="-122.642777"></rtept><rtept lat="43.579889" lon="-122.642777"></rtept><rtept lat="43.579520" lon="-122.642777"></rtept><rtept lat="43.579405" lon="-122.642777"></rtept><rtept lat="43.577998" lon="-122.642778"></rtept><rtept lat="43.576688" lon="-122.642779"></rtept><rtept lat="43.575363" lon="-122.642779"></rtept><rtept lat="43.575359" lon="-122.642767"></rtept><rtept lat="43.573589" lon="-122.642770"></rtept><rtept lat="43.573592" lon="-122.642780"></rtept><rtept lat="43.568555" lon="-122.642783"></rtept><rtept lat="43.568541" lon="-122.647748"></rtept><rtept lat="43.568529" lon="-122.651986"></rtept><rtept lat="43.568527" lon="-122.652710"></rtept><rtept lat="43.568512" lon="-122.657671"></rtept><rtept lat="43.568497" lon="-122.662635"></rtept><rtept lat="43.568488" lon="-122.673060"></rtept></rte><rte><name>Larsana L</name><type>Area</type><extensions><onx:style>dot</onx:style><onx:weight>4.0</onx:weight><onx:color>rgba(255, 51, 0, 1)</onx:color></extensions><rtept lat="43.568555" lon="-122.642783"></rtept><rtept lat="43.575789" lon="-122.642779"></rtept><rtept lat="43.576688" lon="-122.642779"></rtept><rtept lat="43.577998" lon="-122.642778"></rtept><rtept lat="43.579405" lon="-122.642777"></rtept><rtept lat="43.579520" lon="-122.642777"></rtept><rtept lat="43.579889" lon="-122.642777"></rtept><rtept lat="43.579935" lon="-122.642777"></rtept><rtept lat="43.581274" lon="-122.642776"></rtept><rtept lat="43.581516" lon="-122.642776"></rtept><rtept lat="43.581816" lon="-122.642776"></rtept><rtept lat="43.582748" lon="-122.642775"></rtept><rtept lat="43.582968" lon="-122.642775"></rtept><rtept lat="43.583022" lon="-122.642775"></rtept><rtept lat="43.583028" lon="-122.641801"></rtept><rtept lat="43.583033" lon="-122.640824"></rtept><rtept lat="43.583039" lon="-122.639865"></rtept><rtept lat="43.583042" lon="-122.639275"></rtept><rtept lat="43.583051" lon="-122.637822"></rtept><rtept lat="43.583067" lon="-122.635049"></rtept><rtept lat="43.583069" lon="-122.634691"></rtept><rtept lat="43.583079" lon="-122.632868"></rtept><rtept lat="43.583087" lon="-122.631655"></rtept><rtept lat="43.583095" lon="-122.630168"></rtept><rtept lat="43.583107" lon="-122.628129"></rtept><rtept lat="43.583108" lon="-122.627913"></rtept><rtept lat="43.583118" lon="-122.626179"></rtept><rtept lat="43.583129" lon="-122.624144"></rtept><rtept lat="43.583136" lon="-122.622958"></rtept><rtept lat="43.581967" lon="-122.622954"></rtept><rtept lat="43.579791" lon="-122.622947"></rtept><rtept lat="43.579507" lon="-122.622946"></rtept><rtept lat="43.579342" lon="-122.622946"></rtept><rtept lat="43.578327" lon="-122.622943"></rtept><rtept lat="43.578259" lon="-122.622942"></rtept><rtept lat="43.577693" lon="-122.622941"></rtept><rtept lat="43.577400" lon="-122.622939"></rtept><rtept lat="43.576382" lon="-122.622936"></rtept><rtept lat="43.575997" lon="-122.622936"></rtept><rtept lat="43.571120" lon="-122.622924"></rtept><rtept lat="43.570254" lon="-122.622922"></rtept><rtept lat="43.568648" lon="-122.622928"></rtept><rtept lat="43.568633" lon="-122.626179"></rtept><rtept lat="43.568625" lon="-122.627892"></rtept><rtept lat="43.568602" lon="-122.632856"></rtept><rtept lat="43.568602" lon="-122.632856"></rtept><rtept lat="43.568555" lon="-122.642783"></rtept></rte><rte><name>EVENING STAR</name><type>Area</type><extensions><onx:style>dot</onx:style><onx:weight>4.0</onx:weight><onx:color>rgba(255, 51, 0, 1)</onx:color></extensions><rtept lat="43.575840" lon="-122.632862"></rtept><rtept lat="43.583079" lon="-122.632868"></rtept><rtept lat="43.583136" lon="-122.622958"></rtept><rtept lat="43.575892" lon="-122.622943"></rtept><rtept lat="43.575840" lon="-122.632862"></rtept></rte><rte><name>DIAMOND</name><type>Area</type><extensions><onx:style>dot</onx:style><onx:weight>4.0</onx:weight><onx:color>rgba(255, 51, 0, 1)</onx:color></extensions><rtept lat="43.575789" lon="-122.642779"></rtept><rtept lat="43.583022" lon="-122.642775"></rtept><rtept lat="43.583079" lon="-122.632868"></rtept><rtept lat="43.575840" lon="-122.632862"></rtept><rtept lat="43.575789" lon="-122.642779"></rtept></rte><rte><name>STAR MILL SITE I</name><type>Area</type><extensions><onx:style>dot</onx:style><onx:weight>4.0</onx:weight><onx:color>rgba(255, 51, 0, 1)</onx:color></extensions><rtept lat="43.554063" lon="-122.712385"></rtept><rtept lat="43.554118" lon="-122.722342"></rtept><rtept lat="43.561347" lon="-122.722330"></rtept><rtept lat="43.561308" lon="-122.712387"></rtept><rtept lat="43.561268" lon="-122.702443"></rtept><rtept lat="43.554009" lon="-122.702428"></rtept><rtept lat="43.554063" lon="-122.712385"></rtept></rte><rte><name>STAR MILL SITE II</name><type>Area</type><extensions><onx:style>dot</onx:style><onx:weight>4.0</onx:weight><onx:color>rgba(255, 51, 0, 1)</onx:color></extensions><rtept lat="43.554063" lon="-122.712385"></rtept><rtept lat="43.554118" lon="-122.722342"></rtept><rtept lat="43.561347" lon="-122.722330"></rtept><rtept lat="43.561308" lon="-122.712387"></rtept><rtept lat="43.561268" lon="-122.702443"></rtept><rtept lat="43.554009" lon="-122.702428"></rtept><rtept lat="43.554063" lon="-122.712385"></rtept></rte><rte><name>STAR MILL SITE III</name><type>Area</type><extensions><onx:style>dot</onx:style><onx:weight>4.0</onx:weight><onx:color>rgba(255, 51, 0, 1)</onx:color></extensions><rtept lat="43.554118" lon="-122.722342"></rtept><rtept lat="43.561347" lon="-122.722330"></rtept><rtept lat="43.568577" lon="-122.722319"></rtept><rtept lat="43.568552" lon="-122.712389"></rtept><rtept lat="43.561308" lon="-122.712387"></rtept><rtept lat="43.554063" lon="-122.712385"></rtept><rtept lat="43.554118" lon="-122.722342"></rtept></rte><rte><name>HANAMII II</name><type>Area</type><extensions><onx:style>dot</onx:style><onx:weight>4.0</onx:weight><onx:color>rgba(255, 51, 0, 1)</onx:color></extensions><rtept lat="43.575802" lon="-122.712402"></rtept><rtept lat="43.575826" lon="-122.722326"></rtept><rtept lat="43.575810" lon="-122.722326"></rtept><rtept lat="43.575809" lon="-122.722326"></rtept><rtept lat="43.575799" lon="-122.728528"></rtept><rtept lat="43.575794" lon="-122.732315"></rtept><rtept lat="43.583067" lon="-122.732337"></rtept><rtept lat="43.583079" lon="-122.722347"></rtept><rtept lat="43.583056" lon="-122.712750"></rtept><rtept lat="43.583055" lon="-122.712430"></rtept><rtept lat="43.578700" lon="-122.712413"></rtept><rtept lat="43.575802" lon="-122.712402"></rtept></rte><rte><name>Emerald City</name><type>Area</type><extensions><onx:style>dot</onx:style><onx:weight>4.0</onx:weight><onx:color>rgba(255, 51, 0, 1)</onx:color></extensions><rtept lat="43.583240" lon="-122.732031"></rtept><rtept lat="43.581451" lon="-122.732009"></rtept><rtept lat="43.581496" lon="-122.734422"></rtept><rtept lat="43.581541" lon="-122.736835"></rtept><rtept lat="43.583318" lon="-122.736866"></rtept><rtept lat="43.583279" lon="-122.734448"></rtept><rtept lat="43.583240" lon="-122.732031"></rtept></rte><rte><name>CAROLINA 1</name><type>Area</type><extensions><onx:style>dot</onx:style><onx:weight>4.0</onx:weight><onx:color>rgba(255, 51, 0, 1)</onx:color></extensions><rtept lat="43.579552" lon="-122.741367"></rtept><rtept lat="43.576193" lon="-122.741308"></rtept><rtept lat="43.575953" lon="-122.741304"></rtept><rtept lat="43.572738" lon="-122.741360"></rtept><rtept lat="43.572296" lon="-122.746297"></rtept><rtept lat="43.571854" lon="-122.751234"></rtept><rtept lat="43.575724" lon="-122.751241"></rtept><rtept lat="43.579593" lon="-122.751249"></rtept><rtept lat="43.583096" lon="-122.751658"></rtept><rtept lat="43.586598" lon="-122.752067"></rtept><rtept lat="43.586870" lon="-122.747050"></rtept><rtept lat="43.587141" lon="-122.742032"></rtept><rtept lat="43.586821" lon="-122.742005"></rtept><rtept lat="43.583396" lon="-122.741701"></rtept><rtept lat="43.583173" lon="-122.741682"></rtept><rtept lat="43.579649" lon="-122.741368"></rtept><rtept lat="43.579552" lon="-122.741367"></rtept></rte><rte><name>TOBY WAN II</name><type>Area</type><extensions><onx:style>dot</onx:style><onx:weight>4.0</onx:weight><onx:color>rgba(255, 51, 0, 1)</onx:color></extensions><rtept lat="43.598294" lon="-122.763073"></rtept><rtept lat="43.601974" lon="-122.763264"></rtept><rtept lat="43.602005" lon="-122.758370"></rtept><rtept lat="43.602037" lon="-122.753476"></rtept><rtept lat="43.598303" lon="-122.753237"></rtept><rtept lat="43.594569" lon="-122.752999"></rtept><rtept lat="43.594573" lon="-122.754254"></rtept><rtept lat="43.594583" lon="-122.757940"></rtept><rtept lat="43.594589" lon="-122.759929"></rtept><rtept lat="43.594597" lon="-122.762881"></rtept><rtept lat="43.598294" lon="-122.763073"></rtept></rte><rte><name>EMPTY BOTTLE</name><type>Area</type><extensions><onx:style>dot</onx:style><onx:weight>4.0</onx:weight><onx:color>rgba(255, 51, 0, 1)</onx:color></extensions><rtept lat="43.568577" lon="-122.722319"></rtept><rtept lat="43.568924" lon="-122.731855"></rtept><rtept lat="43.576082" lon="-122.731943"></rtept><rtept lat="43.583240" lon="-122.732031"></rtept><rtept lat="43.583084" lon="-122.722361"></rtept><rtept lat="43.575831" lon="-122.722340"></rtept><rtept lat="43.568577" lon="-122.722319"></rtept></rte><rte><name>LUCKY 7 MINE</name><type>Area</type><extensions><onx:style>dot</onx:style><onx:weight>4.0</onx:weight><onx:color>rgba(255, 51, 0, 1)</onx:color></extensions><rtept lat="43.586329" lon="-122.757034"></rtept><rtept lat="43.586060" lon="-122.762000"></rtept><rtept lat="43.590329" lon="-122.762441"></rtept><rtept lat="43.594597" lon="-122.762881"></rtept><rtept lat="43.598294" lon="-122.763073"></rtept><rtept lat="43.601974" lon="-122.763264"></rtept><rtept lat="43.602005" lon="-122.758370"></rtept><rtept lat="43.602037" lon="-122.753476"></rtept><rtept lat="43.598303" lon="-122.753237"></rtept><rtept lat="43.594569" lon="-122.752999"></rtept><rtept lat="43.590584" lon="-122.752533"></rtept><rtept lat="43.586598" lon="-122.752067"></rtept><rtept lat="43.586329" lon="-122.757034"></rtept></rte><rte><name>CLIMAX 3</name><type>Area</type><extensions><onx:style>dot</onx:style><onx:weight>4.0</onx:weight><onx:color>rgba(255, 51, 0, 1)</onx:color></extensions><rtept lat="43.554118" lon="-122.722342"></rtept><rtept lat="43.554136" lon="-122.731941"></rtept><rtept lat="43.561530" lon="-122.731898"></rtept><rtept lat="43.568924" lon="-122.731855"></rtept><rtept lat="43.568577" lon="-122.722319"></rtept><rtept lat="43.561347" lon="-122.722330"></rtept><rtept lat="43.554118" lon="-122.722342"></rtept></rte><rte><name>CHRISTO COUNTESSA</name><type>Area</type><extensions><onx:style>dot</onx:style><onx:weight>4.0</onx:weight><onx:color>rgba(255, 51, 0, 1)</onx:color></extensions><rtept lat="43.579649" lon="-122.741368"></rtept><rtept lat="43.579621" lon="-122.746308"></rtept><rtept lat="43.579593" lon="-122.751249"></rtept><rtept lat="43.583096" lon="-122.751658"></rtept><rtept lat="43.586598" lon="-122.752067"></rtept><rtept lat="43.590584" lon="-122.752533"></rtept><rtept lat="43.594569" lon="-122.752999"></rtept><rtept lat="43.594598" lon="-122.747845"></rtept><rtept lat="43.594627" lon="-122.742691"></rtept><rtept lat="43.594124" lon="-122.742649"></rtept><rtept lat="43.590884" lon="-122.742362"></rtept><rtept lat="43.590468" lon="-122.742327"></rtept><rtept lat="43.588777" lon="-122.742177"></rtept><rtept lat="43.587141" lon="-122.742032"></rtept><rtept lat="43.586821" lon="-122.742005"></rtept><rtept lat="43.583396" lon="-122.741701"></rtept><rtept lat="43.583173" lon="-122.741682"></rtept><rtept lat="43.579649" lon="-122.741368"></rtept></rte><rte><name>WILD ROSE</name><type>Area</type><extensions><onx:style>dot</onx:style><onx:weight>4.0</onx:weight><onx:color>rgba(255, 51, 0, 1)</onx:color></extensions><rtept lat="43.572296" lon="-122.746297"></rtept><rtept lat="43.572738" lon="-122.741360"></rtept><rtept lat="43.572309" lon="-122.741364"></rtept><rtept lat="43.569272" lon="-122.741391"></rtept><rtept lat="43.568666" lon="-122.741397"></rtept><rtept lat="43.565806" lon="-122.741350"></rtept><rtept lat="43.565452" lon="-122.746286"></rtept><rtept lat="43.565108" lon="-122.751233"></rtept><rtept lat="43.568476" lon="-122.751228"></rtept><rtept lat="43.571854" lon="-122.751234"></rtept><rtept lat="43.572296" lon="-122.746297"></rtept></rte><rte><name>BUTTER CUP</name><type>Area</type><extensions><onx:style>dot</onx:style><onx:weight>4.0</onx:weight><onx:color>rgba(255, 51, 0, 1)</onx:color></extensions><rtept lat="43.572296" lon="-122.746297"></rtept><rtept lat="43.572738" lon="-122.741360"></rtept><rtept lat="43.572309" lon="-122.741364"></rtept><rtept lat="43.569272" lon="-122.741391"></rtept><rtept lat="43.568666" lon="-122.741397"></rtept><rtept lat="43.565806" lon="-122.741350"></rtept><rtept lat="43.565452" lon="-122.746286"></rtept><rtept lat="43.565108" lon="-122.751233"></rtept><rtept lat="43.568476" lon="-122.751228"></rtept><rtept lat="43.571854" lon="-122.751234"></rtept><rtept lat="43.572296" lon="-122.746297"></rtept></rte><rte><name>GOLDEN CAT</name><type>Area</type><extensions><onx:style>dot</onx:style><onx:weight>4.0</onx:weight><onx:color>rgba(255, 51, 0, 1)</onx:color></extensions><rtept lat="43.645324" lon="-122.652068"></rtept><rtept lat="43.645298" lon="-122.647077"></rtept><rtept lat="43.641713" lon="-122.647079"></rtept><rtept lat="43.638128" lon="-122.647081"></rtept><rtept lat="43.638147" lon="-122.652069"></rtept><rtept lat="43.638167" lon="-122.657056"></rtept><rtept lat="43.638187" lon="-122.662044"></rtept><rtept lat="43.638206" lon="-122.667031"></rtept><rtept lat="43.641805" lon="-122.667036"></rtept><rtept lat="43.645403" lon="-122.667041"></rtept><rtept lat="43.645377" lon="-122.662050"></rtept><rtept lat="43.645351" lon="-122.657059"></rtept><rtept lat="43.645324" lon="-122.652068"></rtept></rte><rte><name>RETIREMENT PLAN</name><type>Area</type><extensions><onx:style>dot</onx:style><onx:weight>4.0</onx:weight><onx:color>rgba(255, 51, 0, 1)</onx:color></extensions><rtept lat="43.575807" lon="-122.712416"></rtept><rtept lat="43.583061" lon="-122.712444"></rtept><rtept lat="43.583037" lon="-122.702527"></rtept><rtept lat="43.575782" lon="-122.702493"></rtept><rtept lat="43.575807" lon="-122.712416"></rtept></rte><rte><name>EAGLE I</name><type>Area</type><extensions><onx:style>dot</onx:style><onx:weight>4.0</onx:weight><onx:color>rgba(255, 51, 0, 1)</onx:color></extensions><rtept lat="43.579621" lon="-122.746308"></rtept><rtept lat="43.579649" lon="-122.741368"></rtept><rtept lat="43.579552" lon="-122.741367"></rtept><rtept lat="43.576193" lon="-122.741308"></rtept><rtept lat="43.575953" lon="-122.741304"></rtept><rtept lat="43.572738" lon="-122.741360"></rtept><rtept lat="43.572296" lon="-122.746297"></rtept><rtept lat="43.571854" lon="-122.751234"></rtept><rtept lat="43.575724" lon="-122.751241"></rtept><rtept lat="43.579593" lon="-122.751249"></rtept><rtept lat="43.579621" lon="-122.746308"></rtept></rte><rte><name>KIT KAT B</name><type>Area</type><extensions><onx:style>dot</onx:style><onx:weight>4.0</onx:weight><onx:color>rgba(255, 51, 0, 1)</onx:color></extensions><rtept lat="43.558678" lon="-122.746432"></rtept><rtept lat="43.558387" lon="-122.751417"></rtept><rtept lat="43.561747" lon="-122.751325"></rtept><rtept lat="43.565108" lon="-122.751233"></rtept><rtept lat="43.565452" lon="-122.746286"></rtept><rtept lat="43.565806" lon="-122.741350"></rtept><rtept lat="43.565033" lon="-122.741363"></rtept><rtept lat="43.562391" lon="-122.741403"></rtept><rtept lat="43.561400" lon="-122.741418"></rtept><rtept lat="43.558976" lon="-122.741455"></rtept><rtept lat="43.558678" lon="-122.746432"></rtept></rte><rte><name>LAST ONE IV 1</name><type>Area</type><extensions><onx:style>dot</onx:style><onx:weight>4.0</onx:weight><onx:color>rgba(255, 51, 0, 1)</onx:color></extensions><rtept lat="43.637538" lon="-122.782949"></rtept><rtept lat="43.633966" lon="-122.782984"></rtept><rtept lat="43.630425" lon="-122.783009"></rtept><rtept lat="43.630374" lon="-122.788009"></rtept><rtept lat="43.630323" lon="-122.793008"></rtept><rtept lat="43.633812" lon="-122.793079"></rtept><rtept lat="43.637301" lon="-122.793151"></rtept><rtept lat="43.637422" lon="-122.788056"></rtept><rtept lat="43.637538" lon="-122.782949"></rtept></rte><rte><name>TOMS HONOR</name><type>Area</type><extensions><onx:style>dot</onx:style><onx:weight>4.0</onx:weight><onx:color>rgba(255, 51, 0, 1)</onx:color></extensions><rtept lat="43.575831" lon="-122.722340"></rtept><rtept lat="43.576082" lon="-122.731943"></rtept><rtept lat="43.583240" lon="-122.732031"></rtept><rtept lat="43.583084" lon="-122.722361"></rtept><rtept lat="43.575831" lon="-122.722340"></rtept></rte><rte><name>END OF THE TRAIL</name><type>Area</type><extensions><onx:style>dot</onx:style><onx:weight>4.0</onx:weight><onx:color>rgba(255, 51, 0, 1)</onx:color></extensions><rtept lat="43.583061" lon="-122.712444"></rtept><rtept lat="43.590324" lon="-122.712475"></rtept><rtept lat="43.590312" lon="-122.702567"></rtept><rtept lat="43.583037" lon="-122.702527"></rtept><rtept lat="43.583061" lon="-122.712444"></rtept></rte><rte><name>BUD PLACER I</name><type>Area</type><extensions><onx:style>dot</onx:style><onx:weight>4.0</onx:weight><onx:color>rgba(255, 51, 0, 1)</onx:color></extensions><rtept lat="43.583240" lon="-122.732031"></rtept><rtept lat="43.583396" lon="-122.741701"></rtept><rtept lat="43.590576" lon="-122.742326"></rtept><rtept lat="43.590456" lon="-122.732354"></rtept><rtept lat="43.583240" lon="-122.732031"></rtept></rte><rte><name>SIX BITS GULCH</name><type>Area</type><extensions><onx:style>dot</onx:style><onx:weight>4.0</onx:weight><onx:color>rgba(255, 51, 0, 1)</onx:color></extensions><rtept lat="43.575782" lon="-122.702493"></rtept><rtept lat="43.575807" lon="-122.712416"></rtept><rtept lat="43.583061" lon="-122.712444"></rtept><rtept lat="43.583037" lon="-122.702527"></rtept><rtept lat="43.583020" lon="-122.692530"></rtept><rtept lat="43.575770" lon="-122.692501"></rtept><rtept lat="43.575782" lon="-122.702493"></rtept></rte><rte><name>SAILORS GULCH</name><type>Area</type><extensions><onx:style>dot</onx:style><onx:weight>4.0</onx:weight><onx:color>rgba(255, 51, 0, 1)</onx:color></extensions><rtept lat="43.575831" lon="-122.722340"></rtept><rtept lat="43.576082" lon="-122.731943"></rtept><rtept lat="43.583240" lon="-122.732031"></rtept><rtept lat="43.583084" lon="-122.722361"></rtept><rtept lat="43.575831" lon="-122.722340"></rtept></rte><rte><name>GOLDEN MAGGIE II</name><type>Area</type><extensions><onx:style>dot</onx:style><onx:weight>4.0</onx:weight><onx:color>rgba(255, 51, 0, 1)</onx:color></extensions><rtept lat="43.633566" lon="-122.608939"></rtept><rtept lat="43.633459" lon="-122.618109"></rtept><rtept lat="43.640703" lon="-122.618115"></rtept><rtept lat="43.640798" lon="-122.608948"></rtept><rtept lat="43.633566" lon="-122.608939"></rtept></rte><rte><name>HOPEFUL</name><type>Area</type><extensions><onx:style>dot</onx:style><onx:weight>4.0</onx:weight><onx:color>rgba(255, 51, 0, 1)</onx:color></extensions><rtept lat="43.609274" lon="-122.632204"></rtept><rtept lat="43.609274" lon="-122.632788"></rtept><rtept lat="43.609279" lon="-122.637172"></rtept><rtept lat="43.612888" lon="-122.637184"></rtept><rtept lat="43.612883" lon="-122.632211"></rtept><rtept lat="43.609274" lon="-122.632204"></rtept></rte><rte><name>QTJD 81</name><type>Area</type><extensions><onx:style>dot</onx:style><onx:weight>4.0</onx:weight><onx:color>rgba(255, 51, 0, 1)</onx:color></extensions><rtept lat="43.653283" lon="-122.808420"></rtept><rtept lat="43.656899" lon="-122.808281"></rtept><rtept lat="43.660514" lon="-122.808154"></rtept><rtept lat="43.660146" lon="-122.802998"></rtept><rtept lat="43.659794" lon="-122.798079"></rtept><rtept lat="43.659442" lon="-122.793160"></rtept><rtept lat="43.655943" lon="-122.793166"></rtept><rtept lat="43.652444" lon="-122.793172"></rtept><rtept lat="43.652723" lon="-122.798241"></rtept><rtept lat="43.653002" lon="-122.803311"></rtept><rtept lat="43.653283" lon="-122.808420"></rtept></rte><rte><name>TOO EASY</name><type>Area</type><extensions><onx:style>dot</onx:style><onx:weight>4.0</onx:weight><onx:color>rgba(255, 51, 0, 1)</onx:color></extensions><rtept lat="43.609285" lon="-122.642140"></rtept><rtept lat="43.609285" lon="-122.642713"></rtept><rtept lat="43.609290" lon="-122.647109"></rtept><rtept lat="43.612899" lon="-122.647108"></rtept><rtept lat="43.616507" lon="-122.647108"></rtept><rtept lat="43.616502" lon="-122.642151"></rtept><rtept lat="43.616498" lon="-122.637195"></rtept><rtept lat="43.612888" lon="-122.637184"></rtept><rtept lat="43.609279" lon="-122.637172"></rtept><rtept lat="43.609279" lon="-122.637751"></rtept><rtept lat="43.609285" lon="-122.642140"></rtept></rte><rte><name>BACK FORTY</name><type>Area</type><extensions><onx:style>dot</onx:style><onx:weight>4.0</onx:weight><onx:color>rgba(255, 51, 0, 1)</onx:color></extensions><rtept lat="43.556623" lon="-122.598231"></rtept><rtept lat="43.563857" lon="-122.598238"></rtept><rtept lat="43.563840" lon="-122.588323"></rtept><rtept lat="43.556601" lon="-122.588322"></rtept><rtept lat="43.556623" lon="-122.598231"></rtept></rte><rte><name>DAY DREAMER</name><type>Area</type><extensions><onx:style>dot</onx:style><onx:weight>4.0</onx:weight><onx:color>rgba(255, 51, 0, 1)</onx:color></extensions><rtept lat="43.523666" lon="-122.608246"></rtept><rtept lat="43.520059" lon="-122.608269"></rtept><rtept lat="43.512727" lon="-122.608317"></rtept><rtept lat="43.512742" lon="-122.613377"></rtept><rtept lat="43.512757" lon="-122.618325"></rtept><rtept lat="43.512770" lon="-122.622992"></rtept><rtept lat="43.516357" lon="-122.623074"></rtept><rtept lat="43.517837" lon="-122.623108"></rtept><rtept lat="43.520014" lon="-122.623099"></rtept><rtept lat="43.521404" lon="-122.623094"></rtept><rtept lat="43.523639" lon="-122.623085"></rtept><rtept lat="43.525130" lon="-122.623079"></rtept><rtept lat="43.527705" lon="-122.623078"></rtept><rtept lat="43.527695" lon="-122.618266"></rtept><rtept lat="43.527695" lon="-122.618105"></rtept><rtept lat="43.527686" lon="-122.613212"></rtept><rtept lat="43.527676" lon="-122.608220"></rtept><rtept lat="43.523666" lon="-122.608246"></rtept></rte><rte><name>PAIR A DICE</name><type>Area</type><extensions><onx:style>dot</onx:style><onx:weight>4.0</onx:weight><onx:color>rgba(255, 51, 0, 1)</onx:color></extensions><rtept lat="43.520186" lon="-122.598302"></rtept><rtept lat="43.520202" lon="-122.608268"></rtept><rtept lat="43.527676" lon="-122.608220"></rtept><rtept lat="43.527655" lon="-122.598276"></rtept><rtept lat="43.520186" lon="-122.598302"></rtept></rte><rte><name>FINDERS KEEPERS 1</name><type>Area</type><extensions><onx:style>dot</onx:style><onx:weight>4.0</onx:weight><onx:color>rgba(255, 51, 0, 1)</onx:color></extensions><rtept lat="43.534921" lon="-122.608187"></rtept><rtept lat="43.534932" lon="-122.615619"></rtept><rtept lat="43.542175" lon="-122.615590"></rtept><rtept lat="43.542166" lon="-122.608155"></rtept><rtept lat="43.534921" lon="-122.608187"></rtept></rte><rte><name>FINDERS KEEPERS 2</name><type>Area</type><extensions><onx:style>dot</onx:style><onx:weight>4.0</onx:weight><onx:color>rgba(255, 51, 0, 1)</onx:color></extensions><rtept lat="43.534921" lon="-122.608187"></rtept><rtept lat="43.534932" lon="-122.615619"></rtept><rtept lat="43.542175" lon="-122.615590"></rtept><rtept lat="43.542166" lon="-122.608155"></rtept><rtept lat="43.534921" lon="-122.608187"></rtept></rte><rte><name>FINDERS KEEPERS 3</name><type>Area</type><extensions><onx:style>dot</onx:style><onx:weight>4.0</onx:weight><onx:color>rgba(255, 51, 0, 1)</onx:color></extensions><rtept lat="43.534932" lon="-122.615619"></rtept><rtept lat="43.534944" lon="-122.623052"></rtept><rtept lat="43.542183" lon="-122.623025"></rtept><rtept lat="43.549434" lon="-122.622998"></rtept><rtept lat="43.549418" lon="-122.615574"></rtept><rtept lat="43.542175" lon="-122.615590"></rtept><rtept lat="43.534932" lon="-122.615619"></rtept></rte><rte><name>RADIO FLYER 1</name><type>Area</type><extensions><onx:style>dot</onx:style><onx:weight>4.0</onx:weight><onx:color>rgba(255, 51, 0, 1)</onx:color></extensions><rtept lat="43.527676" lon="-122.608220"></rtept><rtept lat="43.527690" lon="-122.615649"></rtept><rtept lat="43.534932" lon="-122.615619"></rtept><rtept lat="43.534921" lon="-122.608187"></rtept><rtept lat="43.527676" lon="-122.608220"></rtept></rte><rte><name>RADIO FLYER 2</name><type>Area</type><extensions><onx:style>dot</onx:style><onx:weight>4.0</onx:weight><onx:color>rgba(255, 51, 0, 1)</onx:color></extensions><rtept lat="43.527676" lon="-122.608220"></rtept><rtept lat="43.527690" lon="-122.615649"></rtept><rtept lat="43.534932" lon="-122.615619"></rtept><rtept lat="43.534921" lon="-122.608187"></rtept><rtept lat="43.527676" lon="-122.608220"></rtept></rte><rte><name>FRANKLIN MINT</name><type>Area</type><extensions><onx:style>dot</onx:style><onx:weight>4.0</onx:weight><onx:color>rgba(255, 51, 0, 1)</onx:color></extensions><rtept lat="43.542175" lon="-122.615590"></rtept><rtept lat="43.542183" lon="-122.623025"></rtept><rtept lat="43.549434" lon="-122.622998"></rtept><rtept lat="43.549418" lon="-122.615574"></rtept><rtept lat="43.542175" lon="-122.615590"></rtept></rte><rte><name>DELIVERANCE</name><type>Area</type><extensions><onx:style>dot</onx:style><onx:weight>4.0</onx:weight><onx:color>rgba(255, 51, 0, 1)</onx:color></extensions><rtept lat="43.549418" lon="-122.615574"></rtept><rtept lat="43.549434" lon="-122.622998"></rtept><rtept lat="43.556684" lon="-122.622972"></rtept><rtept lat="43.556661" lon="-122.615557"></rtept><rtept lat="43.549418" lon="-122.615574"></rtept></rte><rte><name>BROKEN FINGER</name><type>Area</type><extensions><onx:style>dot</onx:style><onx:weight>4.0</onx:weight><onx:color>rgba(255, 51, 0, 1)</onx:color></extensions><rtept lat="43.603401" lon="-122.642720"></rtept><rtept lat="43.609285" lon="-122.642713"></rtept><rtept lat="43.610582" lon="-122.632920"></rtept><rtept lat="43.611879" lon="-122.623126"></rtept><rtept lat="43.604744" lon="-122.623079"></rtept><rtept lat="43.604073" lon="-122.632900"></rtept><rtept lat="43.603401" lon="-122.642720"></rtept></rte><rte><name>GOLDIGGERS</name><type>Area</type><extensions><onx:style>dot</onx:style><onx:weight>4.0</onx:weight><onx:color>rgba(255, 51, 0, 1)</onx:color></extensions><rtept lat="43.597563" lon="-122.632880"></rtept><rtept lat="43.597517" lon="-122.642727"></rtept><rtept lat="43.603401" lon="-122.642720"></rtept><rtept lat="43.604073" lon="-122.632900"></rtept><rtept lat="43.597563" lon="-122.632880"></rtept></rte><rte><name>TEDDY BEAR</name><type>Area</type><extensions><onx:style>dot</onx:style><onx:weight>4.0</onx:weight><onx:color>rgba(255, 51, 0, 1)</onx:color></extensions><rtept lat="43.548727" lon="-122.727195"></rtept><rtept lat="43.548733" lon="-122.729614"></rtept><rtept lat="43.548740" lon="-122.732034"></rtept><rtept lat="43.550539" lon="-122.732003"></rtept><rtept lat="43.550533" lon="-122.729590"></rtept><rtept lat="43.552332" lon="-122.729566"></rtept><rtept lat="43.552327" lon="-122.727159"></rtept><rtept lat="43.550527" lon="-122.727177"></rtept><rtept lat="43.548727" lon="-122.727195"></rtept></rte><rte><name>GYPSY LADY</name><type>Area</type><extensions><onx:style>dot</onx:style><onx:weight>4.0</onx:weight><onx:color>rgba(255, 51, 0, 1)</onx:color></extensions><rtept lat="43.695599" lon="-122.843225"></rtept><rtept lat="43.695749" lon="-122.838285"></rtept><rtept lat="43.692351" lon="-122.838201"></rtept><rtept lat="43.690383" lon="-122.838152"></rtept><rtept lat="43.688948" lon="-122.838117"></rtept><rtept lat="43.688899" lon="-122.843020"></rtept><rtept lat="43.688850" lon="-122.847923"></rtept><rtept lat="43.692155" lon="-122.848026"></rtept><rtept lat="43.695450" lon="-122.848164"></rtept><rtept lat="43.695599" lon="-122.843225"></rtept></rte><rte><name>LINNY BELL 2</name><type>Area</type><extensions><onx:style>dot</onx:style><onx:weight>4.0</onx:weight><onx:color>rgba(255, 51, 0, 1)</onx:color></extensions><rtept lat="43.531741" lon="-122.722408"></rtept><rtept lat="43.531704" lon="-122.732211"></rtept><rtept lat="43.539737" lon="-122.732188"></rtept><rtept lat="43.539705" lon="-122.722378"></rtept><rtept lat="43.531741" lon="-122.722408"></rtept></rte><rte><name>GOLDEN BRICE</name><type>Area</type><extensions><onx:style>dot</onx:style><onx:weight>4.0</onx:weight><onx:color>rgba(255, 51, 0, 1)</onx:color></extensions><rtept lat="43.641805" lon="-122.667036"></rtept><rtept lat="43.645403" lon="-122.667041"></rtept><rtept lat="43.645377" lon="-122.662050"></rtept><rtept lat="43.645351" lon="-122.657059"></rtept><rtept lat="43.641759" lon="-122.657058"></rtept><rtept lat="43.638167" lon="-122.657056"></rtept><rtept lat="43.638187" lon="-122.662044"></rtept><rtept lat="43.638206" lon="-122.667031"></rtept><rtept lat="43.641805" lon="-122.667036"></rtept></rte><rte><name>GOLDEN DOG GOLD</name><type>Area</type><extensions><onx:style>dot</onx:style><onx:weight>4.0</onx:weight><onx:color>rgba(255, 51, 0, 1)</onx:color></extensions><rtept lat="43.641805" lon="-122.667036"></rtept><rtept lat="43.645403" lon="-122.667041"></rtept><rtept lat="43.645377" lon="-122.662050"></rtept><rtept lat="43.645351" lon="-122.657059"></rtept><rtept lat="43.641759" lon="-122.657058"></rtept><rtept lat="43.638167" lon="-122.657056"></rtept><rtept lat="43.638187" lon="-122.662044"></rtept><rtept lat="43.638206" lon="-122.667031"></rtept><rtept lat="43.641805" lon="-122.667036"></rtept></rte><rte><name>HOPE</name><type>Area</type><extensions><onx:style>dot</onx:style><onx:weight>4.0</onx:weight><onx:color>rgba(255, 51, 0, 1)</onx:color></extensions><rtept lat="43.637538" lon="-122.782949"></rtept><rtept lat="43.633966" lon="-122.782984"></rtept><rtept lat="43.630425" lon="-122.783009"></rtept><rtept lat="43.630374" lon="-122.788009"></rtept><rtept lat="43.630323" lon="-122.793008"></rtept><rtept lat="43.633812" lon="-122.793079"></rtept><rtept lat="43.637301" lon="-122.793151"></rtept><rtept lat="43.637422" lon="-122.788056"></rtept><rtept lat="43.637538" lon="-122.782949"></rtept></rte><rte><name>GOLD MEADOW PLAINS</name><type>Area</type><extensions><onx:style>dot</onx:style><onx:weight>4.0</onx:weight><onx:color>rgba(255, 51, 0, 1)</onx:color></extensions><rtept lat="43.669391" lon="-122.736122"></rtept><rtept lat="43.672905" lon="-122.736090"></rtept><rtept lat="43.672917" lon="-122.741031"></rtept><rtept lat="43.672923" lon="-122.744094"></rtept><rtept lat="43.676448" lon="-122.744053"></rtept><rtept lat="43.679973" lon="-122.744012"></rtept><rtept lat="43.679978" lon="-122.740946"></rtept><rtept lat="43.679975" lon="-122.736027"></rtept><rtept lat="43.679944" lon="-122.731177"></rtept><rtept lat="43.679912" lon="-122.726328"></rtept><rtept lat="43.676397" lon="-122.726332"></rtept><rtept lat="43.672882" lon="-122.726336"></rtept><rtept lat="43.669368" lon="-122.726341"></rtept><rtept lat="43.665853" lon="-122.726345"></rtept><rtept lat="43.665865" lon="-122.731249"></rtept><rtept lat="43.665877" lon="-122.736154"></rtept><rtept lat="43.669391" lon="-122.736122"></rtept></rte><rte><name>SILVERADO 1</name><type>Area</type><extensions><onx:style>dot</onx:style><onx:weight>4.0</onx:weight><onx:color>rgba(255, 51, 0, 1)</onx:color></extensions><rtept lat="43.544484" lon="-122.756741"></rtept><rtept lat="43.544543" lon="-122.751778"></rtept><rtept lat="43.541095" lon="-122.751866"></rtept><rtept lat="43.537647" lon="-122.751953"></rtept><rtept lat="43.537647" lon="-122.756898"></rtept><rtept lat="43.537648" lon="-122.761843"></rtept><rtept lat="43.541036" lon="-122.761774"></rtept><rtept lat="43.544395" lon="-122.761564"></rtept><rtept lat="43.544484" lon="-122.756741"></rtept></rte><rte><name>SILVERADO 2</name><type>Area</type><extensions><onx:style>dot</onx:style><onx:weight>4.0</onx:weight><onx:color>rgba(255, 51, 0, 1)</onx:color></extensions><rtept lat="43.544484" lon="-122.756741"></rtept><rtept lat="43.544543" lon="-122.751778"></rtept><rtept lat="43.541095" lon="-122.751866"></rtept><rtept lat="43.537647" lon="-122.751953"></rtept><rtept lat="43.537647" lon="-122.756898"></rtept><rtept lat="43.537648" lon="-122.761843"></rtept><rtept lat="43.541036" lon="-122.761774"></rtept><rtept lat="43.544395" lon="-122.761564"></rtept><rtept lat="43.544484" lon="-122.756741"></rtept></rte><rte><name>FORTUNE COOKIE</name><type>Area</type><extensions><onx:style>dot</onx:style><onx:weight>4.0</onx:weight><onx:color>rgba(255, 51, 0, 1)</onx:color></extensions><rtept lat="43.625065" lon="-122.657082"></rtept><rtept lat="43.627371" lon="-122.657077"></rtept><rtept lat="43.629167" lon="-122.657074"></rtept><rtept lat="43.630964" lon="-122.657070"></rtept><rtept lat="43.630954" lon="-122.654576"></rtept><rtept lat="43.630945" lon="-122.652082"></rtept><rtept lat="43.630926" lon="-122.647095"></rtept><rtept lat="43.627325" lon="-122.647101"></rtept><rtept lat="43.626285" lon="-122.647103"></rtept><rtept lat="43.624602" lon="-122.647106"></rtept><rtept lat="43.624592" lon="-122.647040"></rtept><rtept lat="43.623864" lon="-122.647101"></rtept><rtept lat="43.623865" lon="-122.647104"></rtept><rtept lat="43.623865" lon="-122.647107"></rtept><rtept lat="43.623928" lon="-122.647561"></rtept><rtept lat="43.623727" lon="-122.647578"></rtept><rtept lat="43.623751" lon="-122.652096"></rtept><rtept lat="43.623757" lon="-122.653199"></rtept><rtept lat="43.623779" lon="-122.657084"></rtept><rtept lat="43.625065" lon="-122.657082"></rtept></rte><rte><name>CATTY</name><type>Area</type><extensions><onx:style>dot</onx:style><onx:weight>4.0</onx:weight><onx:color>rgba(255, 51, 0, 1)</onx:color></extensions><rtept lat="43.623850" lon="-122.676969"></rtept><rtept lat="43.627438" lon="-122.676977"></rtept><rtept lat="43.631049" lon="-122.676985"></rtept><rtept lat="43.631025" lon="-122.672008"></rtept><rtept lat="43.631001" lon="-122.667030"></rtept><rtept lat="43.627398" lon="-122.667029"></rtept><rtept lat="43.623795" lon="-122.667028"></rtept><rtept lat="43.623811" lon="-122.671999"></rtept><rtept lat="43.623827" lon="-122.676969"></rtept><rtept lat="43.623850" lon="-122.676969"></rtept></rte><rte><name>CROOKED T</name><type>Area</type><extensions><onx:style>dot</onx:style><onx:weight>4.0</onx:weight><onx:color>rgba(255, 51, 0, 1)</onx:color></extensions><rtept lat="43.571854" lon="-122.751234"></rtept><rtept lat="43.575724" lon="-122.751241"></rtept><rtept lat="43.575957" lon="-122.746303"></rtept><rtept lat="43.572296" lon="-122.746297"></rtept><rtept lat="43.571854" lon="-122.751234"></rtept></rte><rte><name>RONDEE</name><type>Area</type><extensions><onx:style>dot</onx:style><onx:weight>4.0</onx:weight><onx:color>rgba(255, 51, 0, 1)</onx:color></extensions><rtept lat="43.583079" lon="-122.632868"></rtept><rtept lat="43.590321" lon="-122.632874"></rtept><rtept lat="43.590270" lon="-122.642758"></rtept><rtept lat="43.597517" lon="-122.642727"></rtept><rtept lat="43.597563" lon="-122.632880"></rtept><rtept lat="43.597610" lon="-122.623032"></rtept><rtept lat="43.590372" lon="-122.623008"></rtept><rtept lat="43.583136" lon="-122.622958"></rtept><rtept lat="43.583079" lon="-122.632868"></rtept></rte><rte><name>CLIMAX 1</name><type>Area</type><extensions><onx:style>dot</onx:style><onx:weight>4.0</onx:weight><onx:color>rgba(255, 51, 0, 1)</onx:color></extensions><rtept lat="43.554136" lon="-122.731941"></rtept><rtept lat="43.554154" lon="-122.741540"></rtept><rtept lat="43.561713" lon="-122.741466"></rtept><rtept lat="43.561530" lon="-122.731898"></rtept><rtept lat="43.554136" lon="-122.731941"></rtept></rte><rte><name>CLIMAX 2</name><type>Area</type><extensions><onx:style>dot</onx:style><onx:weight>4.0</onx:weight><onx:color>rgba(255, 51, 0, 1)</onx:color></extensions><rtept lat="43.554136" lon="-122.731941"></rtept><rtept lat="43.554154" lon="-122.741540"></rtept><rtept lat="43.561713" lon="-122.741466"></rtept><rtept lat="43.561530" lon="-122.731898"></rtept><rtept lat="43.554136" lon="-122.731941"></rtept></rte><rte><name>CLIMAX 4</name><type>Area</type><extensions><onx:style>dot</onx:style><onx:weight>4.0</onx:weight><onx:color>rgba(255, 51, 0, 1)</onx:color></extensions><rtept lat="43.554118" lon="-122.722342"></rtept><rtept lat="43.554136" lon="-122.731941"></rtept><rtept lat="43.561530" lon="-122.731898"></rtept><rtept lat="43.561347" lon="-122.722330"></rtept><rtept lat="43.554118" lon="-122.722342"></rtept></rte><rte><name>CLIMAX 5</name><type>Area</type><extensions><onx:style>dot</onx:style><onx:weight>4.0</onx:weight><onx:color>rgba(255, 51, 0, 1)</onx:color></extensions><rtept lat="43.554118" lon="-122.722342"></rtept><rtept lat="43.554136" lon="-122.731941"></rtept><rtept lat="43.561530" lon="-122.731898"></rtept><rtept lat="43.561347" lon="-122.722330"></rtept><rtept lat="43.554118" lon="-122.722342"></rtept></rte><rte><name>CLIMAX 6</name><type>Area</type><extensions><onx:style>dot</onx:style><onx:weight>4.0</onx:weight><onx:color>rgba(255, 51, 0, 1)</onx:color></extensions><rtept lat="43.554118" lon="-122.722342"></rtept><rtept lat="43.561347" lon="-122.722330"></rtept><rtept lat="43.561308" lon="-122.712387"></rtept><rtept lat="43.554063" lon="-122.712385"></rtept><rtept lat="43.554118" lon="-122.722342"></rtept></rte><rte><name>NEPTUNE BLUE I</name><type>Area</type><extensions><onx:style>dot</onx:style><onx:weight>4.0</onx:weight><onx:color>rgba(255, 51, 0, 1)</onx:color></extensions><rtept lat="43.575831" lon="-122.722340"></rtept><rtept lat="43.583084" lon="-122.722361"></rtept><rtept lat="43.583061" lon="-122.712444"></rtept><rtept lat="43.575807" lon="-122.712416"></rtept><rtept lat="43.575831" lon="-122.722340"></rtept></rte><rte><name>Halfway</name><type>Area</type><extensions><onx:style>dot</onx:style><onx:weight>4.0</onx:weight><onx:color>rgba(255, 51, 0, 1)</onx:color></extensions><rtept lat="43.685558" lon="-122.847798"></rtept><rtept lat="43.688850" lon="-122.847923"></rtept><rtept lat="43.688899" lon="-122.843020"></rtept><rtept lat="43.688948" lon="-122.838117"></rtept><rtept lat="43.685595" lon="-122.838032"></rtept><rtept lat="43.682242" lon="-122.837948"></rtept><rtept lat="43.682242" lon="-122.842813"></rtept><rtept lat="43.682243" lon="-122.847679"></rtept><rtept lat="43.685558" lon="-122.847798"></rtept></rte><rte><name>Bells Gold PMC</name><type>Area</type><extensions><onx:style>dot</onx:style><onx:weight>4.0</onx:weight><onx:color>rgba(255, 51, 0, 1)</onx:color></extensions><rtept lat="43.619244" lon="-122.578939"></rtept><rtept lat="43.626457" lon="-122.578976"></rtept><rtept lat="43.626485" lon="-122.568952"></rtept><rtept lat="43.619284" lon="-122.568924"></rtept><rtept lat="43.619244" lon="-122.578939"></rtept></rte><rte><name>Crooked T 2</name><type>Area</type><extensions><onx:style>dot</onx:style><onx:weight>4.0</onx:weight><onx:color>rgba(255, 51, 0, 1)</onx:color></extensions><rtept lat="43.565806" lon="-122.741350"></rtept><rtept lat="43.565452" lon="-122.746286"></rtept><rtept lat="43.565108" lon="-122.751233"></rtept><rtept lat="43.568476" lon="-122.751228"></rtept><rtept lat="43.571854" lon="-122.751234"></rtept><rtept lat="43.572296" lon="-122.746297"></rtept><rtept lat="43.572738" lon="-122.741360"></rtept><rtept lat="43.572309" lon="-122.741364"></rtept><rtept lat="43.569272" lon="-122.741391"></rtept><rtept lat="43.568666" lon="-122.741397"></rtept><rtept lat="43.565806" lon="-122.741350"></rtept></rte><rte><name>Geisha Gal</name><type>Area</type><extensions><onx:style>dot</onx:style><onx:weight>4.0</onx:weight><onx:color>rgba(255, 51, 0, 1)</onx:color></extensions><rtept lat="43.633566" lon="-122.608939"></rtept><rtept lat="43.640798" lon="-122.608948"></rtept><rtept lat="43.640843" lon="-122.599009"></rtept><rtept lat="43.633612" lon="-122.598987"></rtept><rtept lat="43.633566" lon="-122.608939"></rtept></rte><rte><name>Nuthin But Nugget</name><type>Area</type><extensions><onx:style>dot</onx:style><onx:weight>4.0</onx:weight><onx:color>rgba(255, 51, 0, 1)</onx:color></extensions><rtept lat="43.630982" lon="-122.662050"></rtept><rtept lat="43.631001" lon="-122.667030"></rtept><rtept lat="43.634604" lon="-122.667031"></rtept><rtept lat="43.638206" lon="-122.667031"></rtept><rtept lat="43.638187" lon="-122.662044"></rtept><rtept lat="43.638167" lon="-122.657056"></rtept><rtept lat="43.634565" lon="-122.657063"></rtept><rtept lat="43.630964" lon="-122.657070"></rtept><rtept lat="43.630973" lon="-122.659560"></rtept><rtept lat="43.630982" lon="-122.662050"></rtept></rte><rte><name>Ol' Number Seven</name><type>Area</type><extensions><onx:style>dot</onx:style><onx:weight>4.0</onx:weight><onx:color>rgba(255, 51, 0, 1)</onx:color></extensions><rtept lat="43.630982" lon="-122.662050"></rtept><rtept lat="43.631001" lon="-122.667030"></rtept><rtept lat="43.634604" lon="-122.667031"></rtept><rtept lat="43.638206" lon="-122.667031"></rtept><rtept lat="43.638187" lon="-122.662044"></rtept><rtept lat="43.638167" lon="-122.657056"></rtept><rtept lat="43.634565" lon="-122.657063"></rtept><rtept lat="43.630964" lon="-122.657070"></rtept><rtept lat="43.630973" lon="-122.659560"></rtept><rtept lat="43.630982" lon="-122.662050"></rtept></rte><rte><name>Geisha Girl</name><type>Area</type><extensions><onx:style>dot</onx:style><onx:weight>4.0</onx:weight><onx:color>rgba(255, 51, 0, 1)</onx:color></extensions><rtept lat="43.623779" lon="-122.657084"></rtept><rtept lat="43.623757" lon="-122.653199"></rtept><rtept lat="43.623751" lon="-122.652096"></rtept><rtept lat="43.623727" lon="-122.647578"></rtept><rtept lat="43.623724" lon="-122.647108"></rtept><rtept lat="43.622188" lon="-122.647108"></rtept><rtept lat="43.620116" lon="-122.647108"></rtept><rtept lat="43.616507" lon="-122.647108"></rtept><rtept lat="43.616520" lon="-122.652085"></rtept><rtept lat="43.616533" lon="-122.657063"></rtept><rtept lat="43.620156" lon="-122.657074"></rtept><rtept lat="43.623395" lon="-122.657083"></rtept><rtept lat="43.623779" lon="-122.657084"></rtept></rte><rte><name>Golden Lotus</name><type>Area</type><extensions><onx:style>dot</onx:style><onx:weight>4.0</onx:weight><onx:color>rgba(255, 51, 0, 1)</onx:color></extensions><rtept lat="43.618760" lon="-122.645251"></rtept><rtept lat="43.618759" lon="-122.644631"></rtept><rtept lat="43.618308" lon="-122.644631"></rtept><rtept lat="43.618308" lon="-122.644012"></rtept><rtept lat="43.617857" lon="-122.644011"></rtept><rtept lat="43.617406" lon="-122.644011"></rtept><rtept lat="43.617405" lon="-122.643392"></rtept><rtept lat="43.616954" lon="-122.643391"></rtept><rtept lat="43.616954" lon="-122.642772"></rtept><rtept lat="43.616503" lon="-122.642771"></rtept><rtept lat="43.616504" lon="-122.643391"></rtept><rtept lat="43.616504" lon="-122.644010"></rtept><rtept lat="43.616955" lon="-122.644011"></rtept><rtept lat="43.616956" lon="-122.644630"></rtept><rtept lat="43.617406" lon="-122.644630"></rtept><rtept lat="43.617407" lon="-122.645250"></rtept><rtept lat="43.617858" lon="-122.645250"></rtept><rtept lat="43.617859" lon="-122.645869"></rtept><rtept lat="43.618310" lon="-122.645869"></rtept><rtept lat="43.618761" lon="-122.645870"></rtept><rtept lat="43.618760" lon="-122.645251"></rtept></rte><rte><name>EVENING STAR 900</name><type>Area</type><extensions><onx:style>dot</onx:style><onx:weight>4.0</onx:weight><onx:color>rgba(255, 51, 0, 1)</onx:color></extensions><rtept lat="43.575840" lon="-122.632862"></rtept><rtept lat="43.583079" lon="-122.632868"></rtept><rtept lat="43.583136" lon="-122.622958"></rtept><rtept lat="43.575892" lon="-122.622943"></rtept><rtept lat="43.575840" lon="-122.632862"></rtept></rte><rte><name>Dag Nabit</name><type>Area</type><extensions><onx:style>dot</onx:style><onx:weight>4.0</onx:weight><onx:color>rgba(255, 51, 0, 1)</onx:color></extensions><rtept lat="43.583396" lon="-122.741701"></rtept><rtept lat="43.583321" lon="-122.744190"></rtept><rtept lat="43.585163" lon="-122.744365"></rtept><rtept lat="43.587005" lon="-122.744541"></rtept><rtept lat="43.587141" lon="-122.742032"></rtept><rtept lat="43.585268" lon="-122.741866"></rtept><rtept lat="43.583396" lon="-122.741701"></rtept></rte><rte><name>Home Run</name><type>Area</type><extensions><onx:style>dot</onx:style><onx:weight>4.0</onx:weight><onx:color>rgba(255, 51, 0, 1)</onx:color></extensions><rtept lat="43.575789" lon="-122.642779"></rtept><rtept lat="43.583022" lon="-122.642775"></rtept><rtept lat="43.583079" lon="-122.632868"></rtept><rtept lat="43.575840" lon="-122.632862"></rtept><rtept lat="43.575789" lon="-122.642779"></rtept></rte><rte><name>Musick Extension</name><type>Area</type><extensions><onx:style>dot</onx:style><onx:weight>4.0</onx:weight><onx:color>rgba(255, 51, 0, 1)</onx:color></extensions><rtept lat="43.568555" lon="-122.642783"></rtept><rtept lat="43.575789" lon="-122.642779"></rtept><rtept lat="43.575840" lon="-122.632862"></rtept><rtept lat="43.568602" lon="-122.632856"></rtept><rtept lat="43.568555" lon="-122.642783"></rtept></rte><rte><name>Specimen</name><type>Area</type><extensions><onx:style>dot</onx:style><onx:weight>4.0</onx:weight><onx:color>rgba(255, 51, 0, 1)</onx:color></extensions><rtept lat="43.575789" lon="-122.642779"></rtept><rtept lat="43.583022" lon="-122.642775"></rtept><rtept lat="43.583079" lon="-122.632868"></rtept><rtept lat="43.575840" lon="-122.632862"></rtept><rtept lat="43.575789" lon="-122.642779"></rtept></rte><rte><name>Home Run Extension</name><type>Area</type><extensions><onx:style>dot</onx:style><onx:weight>4.0</onx:weight><onx:color>rgba(255, 51, 0, 1)</onx:color></extensions><rtept lat="43.575729" lon="-122.662615"></rtept><rtept lat="43.582962" lon="-122.662595"></rtept><rtept lat="43.582992" lon="-122.652685"></rtept><rtept lat="43.575759" lon="-122.652697"></rtept><rtept lat="43.575729" lon="-122.662615"></rtept></rte><rte><name>Mystery</name><type>Area</type><extensions><onx:style>dot</onx:style><onx:weight>4.0</onx:weight><onx:color>rgba(255, 51, 0, 1)</onx:color></extensions><rtept lat="43.575759" lon="-122.652697"></rtept><rtept lat="43.582992" lon="-122.652685"></rtept><rtept lat="43.583022" lon="-122.642775"></rtept><rtept lat="43.575789" lon="-122.642779"></rtept><rtept lat="43.575759" lon="-122.652697"></rtept></rte><rte><name>Hackysack</name><type>Area</type><extensions><onx:style>dot</onx:style><onx:weight>4.0</onx:weight><onx:color>rgba(255, 51, 0, 1)</onx:color></extensions><rtept lat="43.568555" lon="-122.642783"></rtept><rtept lat="43.575789" lon="-122.642779"></rtept><rtept lat="43.575840" lon="-122.632862"></rtept><rtept lat="43.568602" lon="-122.632856"></rtept><rtept lat="43.568555" lon="-122.642783"></rtept></rte><rte><name>War Eagle</name><type>Area</type><extensions><onx:style>dot</onx:style><onx:weight>4.0</onx:weight><onx:color>rgba(255, 51, 0, 1)</onx:color></extensions><rtept lat="43.575759" lon="-122.652697"></rtept><rtept lat="43.582992" lon="-122.652685"></rtept><rtept lat="43.583022" lon="-122.642775"></rtept><rtept lat="43.575789" lon="-122.642779"></rtept><rtept lat="43.575759" lon="-122.652697"></rtept></rte><rte><name>Butte</name><type>Area</type><extensions><onx:style>dot</onx:style><onx:weight>4.0</onx:weight><onx:color>rgba(255, 51, 0, 1)</onx:color></extensions><rtept lat="43.575729" lon="-122.662615"></rtept><rtept lat="43.582962" lon="-122.662595"></rtept><rtept lat="43.582992" lon="-122.652685"></rtept><rtept lat="43.575759" lon="-122.652697"></rtept><rtept lat="43.575729" lon="-122.662615"></rtept></rte><rte><name>Yukon</name><type>Area</type><extensions><onx:style>dot</onx:style><onx:weight>4.0</onx:weight><onx:color>rgba(255, 51, 0, 1)</onx:color></extensions><rtept lat="43.575729" lon="-122.662615"></rtept><rtept lat="43.582962" lon="-122.662595"></rtept><rtept lat="43.582992" lon="-122.652685"></rtept><rtept lat="43.575759" lon="-122.652697"></rtept><rtept lat="43.575729" lon="-122.662615"></rtept></rte><rte><name>Defiance Apex</name><type>Area</type><extensions><onx:style>dot</onx:style><onx:weight>4.0</onx:weight><onx:color>rgba(255, 51, 0, 1)</onx:color></extensions><rtept lat="43.575729" lon="-122.662615"></rtept><rtept lat="43.582962" lon="-122.662595"></rtept><rtept lat="43.582992" lon="-122.652685"></rtept><rtept lat="43.575759" lon="-122.652697"></rtept><rtept lat="43.575729" lon="-122.662615"></rtept></rte><rte><name>EMPTY POCKETS</name><type>Area</type><extensions><onx:style>dot</onx:style><onx:weight>4.0</onx:weight><onx:color>rgba(255, 51, 0, 1)</onx:color></extensions><rtept lat="43.621995" lon="-122.655186"></rtept><rtept lat="43.621558" lon="-122.652093"></rtept><rtept lat="43.620136" lon="-122.652091"></rtept><rtept lat="43.620156" lon="-122.657074"></rtept><rtept lat="43.623395" lon="-122.657083"></rtept><rtept lat="43.623089" lon="-122.654894"></rtept><rtept lat="43.621995" lon="-122.655186"></rtept></rte><rte><name>Brass Nugget 2</name><type>Area</type><extensions><onx:style>dot</onx:style><onx:weight>4.0</onx:weight><onx:color>rgba(255, 51, 0, 1)</onx:color></extensions><rtept lat="43.612905" lon="-122.770995"></rtept><rtept lat="43.612876" lon="-122.773434"></rtept><rtept lat="43.614643" lon="-122.773398"></rtept><rtept lat="43.616409" lon="-122.773363"></rtept><rtept lat="43.616442" lon="-122.770925"></rtept><rtept lat="43.614673" lon="-122.770960"></rtept><rtept lat="43.612905" lon="-122.770995"></rtept></rte><rte><name>RMPA Brice</name><type>Area</type><extensions><onx:style>dot</onx:style><onx:weight>4.0</onx:weight><onx:color>rgba(255, 51, 0, 1)</onx:color></extensions><rtept lat="43.652731" lon="-122.679547"></rtept><rtept lat="43.652744" lon="-122.680796"></rtept><rtept lat="43.654558" lon="-122.680801"></rtept><rtept lat="43.656372" lon="-122.680807"></rtept><rtept lat="43.656354" lon="-122.679551"></rtept><rtept lat="43.654543" lon="-122.679549"></rtept><rtept lat="43.652731" lon="-122.679547"></rtept></rte><rte><name>CandC</name><type>Area</type><extensions><onx:style>dot</onx:style><onx:weight>4.0</onx:weight><onx:color>rgba(255, 51, 0, 1)</onx:color></extensions><rtept lat="43.616275" lon="-122.783174"></rtept><rtept lat="43.619756" lon="-122.783121"></rtept><rtept lat="43.619863" lon="-122.778206"></rtept><rtept lat="43.619970" lon="-122.773292"></rtept><rtept lat="43.620043" lon="-122.768413"></rtept><rtept lat="43.616474" lon="-122.768487"></rtept><rtept lat="43.616409" lon="-122.773363"></rtept><rtept lat="43.616392" lon="-122.774589"></rtept><rtept lat="43.616375" lon="-122.775815"></rtept><rtept lat="43.616359" lon="-122.777042"></rtept><rtept lat="43.616342" lon="-122.778268"></rtept><rtept lat="43.616275" lon="-122.783174"></rtept></rte><rte><name>Never Enough</name><type>Area</type><extensions><onx:style>dot</onx:style><onx:weight>4.0</onx:weight><onx:color>rgba(255, 51, 0, 1)</onx:color></extensions><rtept lat="43.574031" lon="-122.632860"></rtept><rtept lat="43.572221" lon="-122.632859"></rtept><rtept lat="43.572209" lon="-122.635339"></rtept><rtept lat="43.572196" lon="-122.637820"></rtept><rtept lat="43.572184" lon="-122.640300"></rtept><rtept lat="43.573993" lon="-122.640300"></rtept><rtept lat="43.575802" lon="-122.640300"></rtept><rtept lat="43.575814" lon="-122.637820"></rtept><rtept lat="43.574005" lon="-122.637820"></rtept><rtept lat="43.574018" lon="-122.635340"></rtept><rtept lat="43.574031" lon="-122.632860"></rtept></rte><rte><name>Jakey Y</name><type>Area</type><extensions><onx:style>dot</onx:style><onx:weight>4.0</onx:weight><onx:color>rgba(255, 51, 0, 1)</onx:color></extensions><rtept lat="43.563219" lon="-122.625429"></rtept><rtept lat="43.563205" lon="-122.627910"></rtept><rtept lat="43.563191" lon="-122.630390"></rtept><rtept lat="43.564999" lon="-122.630385"></rtept><rtept lat="43.566806" lon="-122.630379"></rtept><rtept lat="43.566818" lon="-122.627898"></rtept><rtept lat="43.566831" lon="-122.625417"></rtept><rtept lat="43.565025" lon="-122.625423"></rtept><rtept lat="43.563219" lon="-122.625429"></rtept></rte><rte><name>RYEMS</name><type>Area</type><extensions><onx:style>dot</onx:style><onx:weight>4.0</onx:weight><onx:color>rgba(255, 51, 0, 1)</onx:color></extensions><rtept lat="43.566806" lon="-122.630379"></rtept><rtept lat="43.566794" lon="-122.632861"></rtept><rtept lat="43.566781" lon="-122.635342"></rtept><rtept lat="43.568590" lon="-122.635338"></rtept><rtept lat="43.570399" lon="-122.635338"></rtept><rtept lat="43.570411" lon="-122.632857"></rtept><rtept lat="43.570423" lon="-122.630376"></rtept><rtept lat="43.568613" lon="-122.630374"></rtept><rtept lat="43.566806" lon="-122.630379"></rtept></rte><rte><name>East Helena III</name><type>Area</type><extensions><onx:style>dot</onx:style><onx:weight>4.0</onx:weight><onx:color>rgba(255, 51, 0, 1)</onx:color></extensions><rtept lat="43.578349" lon="-122.598260"></rtept><rtept lat="43.578358" lon="-122.608181"></rtept><rtept lat="43.585588" lon="-122.608203"></rtept><rtept lat="43.585596" lon="-122.598275"></rtept><rtept lat="43.578349" lon="-122.598260"></rtept></rte><rte><name>BIRD'S NEST 1</name><type>Area</type><extensions><onx:style>dot</onx:style><onx:weight>4.0</onx:weight><onx:color>rgba(255, 51, 0, 1)</onx:color></extensions><rtept lat="43.570347" lon="-122.704949"></rtept><rtept lat="43.568534" lon="-122.704941"></rtept><rtept lat="43.568540" lon="-122.707424"></rtept><rtept lat="43.568546" lon="-122.709906"></rtept><rtept lat="43.570360" lon="-122.709913"></rtept><rtept lat="43.570354" lon="-122.707431"></rtept><rtept lat="43.570347" lon="-122.704949"></rtept></rte><rte><name>Cat House</name><type>Area</type><extensions><onx:style>dot</onx:style><onx:weight>4.0</onx:weight><onx:color>rgba(255, 51, 0, 1)</onx:color></extensions><rtept lat="43.609313" lon="-122.662534"></rtept><rtept lat="43.602821" lon="-122.662528"></rtept><rtept lat="43.600970" lon="-122.662531"></rtept><rtept lat="43.600569" lon="-122.662531"></rtept><rtept lat="43.600452" lon="-122.662531"></rtept><rtept lat="43.598884" lon="-122.662534"></rtept><rtept lat="43.597473" lon="-122.662536"></rtept><rtept lat="43.597470" lon="-122.665645"></rtept><rtept lat="43.597468" lon="-122.667546"></rtept><rtept lat="43.597463" lon="-122.672558"></rtept><rtept lat="43.597452" lon="-122.682580"></rtept><rtept lat="43.602675" lon="-122.682586"></rtept><rtept lat="43.609345" lon="-122.682496"></rtept><rtept lat="43.609344" lon="-122.681864"></rtept><rtept lat="43.609337" lon="-122.677506"></rtept><rtept lat="43.609337" lon="-122.676901"></rtept><rtept lat="43.609329" lon="-122.672517"></rtept><rtept lat="43.609329" lon="-122.672402"></rtept><rtept lat="43.609329" lon="-122.671938"></rtept><rtept lat="43.609324" lon="-122.669166"></rtept><rtept lat="43.609321" lon="-122.667527"></rtept><rtept lat="43.609321" lon="-122.666975"></rtept><rtept lat="43.609313" lon="-122.662534"></rtept></rte><rte><name>Norseman</name><type>Area</type><extensions><onx:style>dot</onx:style><onx:weight>4.0</onx:weight><onx:color>rgba(255, 51, 0, 1)</onx:color></extensions><rtept lat="43.583321" lon="-122.744190"></rtept><rtept lat="43.583246" lon="-122.746679"></rtept><rtept lat="43.585058" lon="-122.746864"></rtept><rtept lat="43.586870" lon="-122.747050"></rtept><rtept lat="43.587005" lon="-122.744541"></rtept><rtept lat="43.585163" lon="-122.744365"></rtept><rtept lat="43.583321" lon="-122.744190"></rtept></rte><rte><name>Bernard’s</name><type>Area</type><extensions><onx:style>dot</onx:style><onx:weight>4.0</onx:weight><onx:color>rgba(255, 51, 0, 1)</onx:color></extensions><rtept lat="43.541514" lon="-122.724820"></rtept><rtept lat="43.541522" lon="-122.727266"></rtept><rtept lat="43.543324" lon="-122.727248"></rtept><rtept lat="43.545125" lon="-122.727230"></rtept><rtept lat="43.545133" lon="-122.729663"></rtept><rtept lat="43.546934" lon="-122.729639"></rtept><rtept lat="43.546926" lon="-122.727212"></rtept><rtept lat="43.546919" lon="-122.724786"></rtept><rtept lat="43.545117" lon="-122.724797"></rtept><rtept lat="43.543316" lon="-122.724808"></rtept><rtept lat="43.541514" lon="-122.724820"></rtept></rte><rte><name>Winston</name><type>Area</type><extensions><onx:style>dot</onx:style><onx:weight>4.0</onx:weight><onx:color>rgba(255, 51, 0, 1)</onx:color></extensions><rtept lat="43.548727" lon="-122.727195"></rtept><rtept lat="43.546926" lon="-122.727212"></rtept><rtept lat="43.546934" lon="-122.729639"></rtept><rtept lat="43.546942" lon="-122.732065"></rtept><rtept lat="43.548740" lon="-122.732034"></rtept><rtept lat="43.548733" lon="-122.729614"></rtept><rtept lat="43.548727" lon="-122.727195"></rtept></rte><rte><name>Constant</name><type>Area</type><extensions><onx:style>dot</onx:style><onx:weight>4.0</onx:weight><onx:color>rgba(255, 51, 0, 1)</onx:color></extensions><rtept lat="43.583027" lon="-122.645962"></rtept><rtept lat="43.583025" lon="-122.644804"></rtept><rtept lat="43.583022" lon="-122.642775"></rtept><rtept lat="43.582968" lon="-122.642775"></rtept><rtept lat="43.582748" lon="-122.642775"></rtept><rtept lat="43.581816" lon="-122.642776"></rtept><rtept lat="43.581516" lon="-122.642776"></rtept><rtept lat="43.581274" lon="-122.642776"></rtept><rtept lat="43.579935" lon="-122.642777"></rtept><rtept lat="43.579889" lon="-122.642777"></rtept><rtept lat="43.579520" lon="-122.642777"></rtept><rtept lat="43.579405" lon="-122.642777"></rtept><rtept lat="43.577998" lon="-122.642778"></rtept><rtept lat="43.576688" lon="-122.642779"></rtept><rtept lat="43.575363" lon="-122.642779"></rtept><rtept lat="43.575359" lon="-122.642767"></rtept><rtept lat="43.573589" lon="-122.642770"></rtept><rtept lat="43.573592" lon="-122.642780"></rtept><rtept lat="43.568555" lon="-122.642783"></rtept><rtept lat="43.568527" lon="-122.652710"></rtept><rtept lat="43.568512" lon="-122.657671"></rtept><rtept lat="43.568497" lon="-122.662635"></rtept><rtept lat="43.578251" lon="-122.662618"></rtept><rtept lat="43.579345" lon="-122.662616"></rtept><rtept lat="43.579593" lon="-122.662615"></rtept><rtept lat="43.579591" lon="-122.662609"></rtept><rtept lat="43.581958" lon="-122.662599"></rtept><rtept lat="43.581960" lon="-122.662611"></rtept><rtept lat="43.582068" lon="-122.663162"></rtept><rtept lat="43.582192" lon="-122.663068"></rtept><rtept lat="43.582041" lon="-122.662611"></rtept><rtept lat="43.582037" lon="-122.662599"></rtept><rtept lat="43.582962" lon="-122.662595"></rtept><rtept lat="43.582942" lon="-122.658802"></rtept><rtept lat="43.583011" lon="-122.649438"></rtept><rtept lat="43.583029" lon="-122.646956"></rtept><rtept lat="43.583027" lon="-122.645962"></rtept></rte><rte><name>Full Moon</name><type>Area</type><extensions><onx:style>dot</onx:style><onx:weight>4.0</onx:weight><onx:color>rgba(255, 51, 0, 1)</onx:color></extensions><rtept lat="43.583027" lon="-122.645962"></rtept><rtept lat="43.583025" lon="-122.644804"></rtept><rtept lat="43.583022" lon="-122.642775"></rtept><rtept lat="43.582968" lon="-122.642775"></rtept><rtept lat="43.582748" lon="-122.642775"></rtept><rtept lat="43.581816" lon="-122.642776"></rtept><rtept lat="43.581516" lon="-122.642776"></rtept><rtept lat="43.581274" lon="-122.642776"></rtept><rtept lat="43.579935" lon="-122.642777"></rtept><rtept lat="43.579889" lon="-122.642777"></rtept><rtept lat="43.579520" lon="-122.642777"></rtept><rtept lat="43.579405" lon="-122.642777"></rtept><rtept lat="43.577998" lon="-122.642778"></rtept><rtept lat="43.576688" lon="-122.642779"></rtept><rtept lat="43.575363" lon="-122.642779"></rtept><rtept lat="43.575359" lon="-122.642767"></rtept><rtept lat="43.573589" lon="-122.642770"></rtept><rtept lat="43.573592" lon="-122.642780"></rtept><rtept lat="43.568555" lon="-122.642783"></rtept><rtept lat="43.568527" lon="-122.652710"></rtept><rtept lat="43.568512" lon="-122.657671"></rtept><rtept lat="43.568497" lon="-122.662635"></rtept><rtept lat="43.578251" lon="-122.662618"></rtept><rtept lat="43.579345" lon="-122.662616"></rtept><rtept lat="43.579593" lon="-122.662615"></rtept><rtept lat="43.579591" lon="-122.662609"></rtept><rtept lat="43.581958" lon="-122.662599"></rtept><rtept lat="43.581960" lon="-122.662611"></rtept><rtept lat="43.582068" lon="-122.663162"></rtept><rtept lat="43.582192" lon="-122.663068"></rtept><rtept lat="43.582041" lon="-122.662611"></rtept><rtept lat="43.582037" lon="-122.662599"></rtept><rtept lat="43.582962" lon="-122.662595"></rtept><rtept lat="43.582942" lon="-122.658802"></rtept><rtept lat="43.583011" lon="-122.649438"></rtept><rtept lat="43.583029" lon="-122.646956"></rtept><rtept lat="43.583027" lon="-122.645962"></rtept></rte><rte><name>Jackass 1</name><type>Area</type><extensions><onx:style>dot</onx:style><onx:weight>4.0</onx:weight><onx:color>rgba(255, 51, 0, 1)</onx:color></extensions><rtept lat="43.583027" lon="-122.645962"></rtept><rtept lat="43.583025" lon="-122.644804"></rtept><rtept lat="43.583022" lon="-122.642775"></rtept><rtept lat="43.582968" lon="-122.642775"></rtept><rtept lat="43.582748" lon="-122.642775"></rtept><rtept lat="43.581816" lon="-122.642776"></rtept><rtept lat="43.581516" lon="-122.642776"></rtept><rtept lat="43.581274" lon="-122.642776"></rtept><rtept lat="43.579935" lon="-122.642777"></rtept><rtept lat="43.579889" lon="-122.642777"></rtept><rtept lat="43.579520" lon="-122.642777"></rtept><rtept lat="43.579405" lon="-122.642777"></rtept><rtept lat="43.577998" lon="-122.642778"></rtept><rtept lat="43.576688" lon="-122.642779"></rtept><rtept lat="43.575363" lon="-122.642779"></rtept><rtept lat="43.575359" lon="-122.642767"></rtept><rtept lat="43.573589" lon="-122.642770"></rtept><rtept lat="43.573592" lon="-122.642780"></rtept><rtept lat="43.568555" lon="-122.642783"></rtept><rtept lat="43.568527" lon="-122.652710"></rtept><rtept lat="43.568512" lon="-122.657671"></rtept><rtept lat="43.568497" lon="-122.662635"></rtept><rtept lat="43.578251" lon="-122.662618"></rtept><rtept lat="43.579345" lon="-122.662616"></rtept><rtept lat="43.579593" lon="-122.662615"></rtept><rtept lat="43.579591" lon="-122.662609"></rtept><rtept lat="43.581958" lon="-122.662599"></rtept><rtept lat="43.581960" lon="-122.662611"></rtept><rtept lat="43.582068" lon="-122.663162"></rtept><rtept lat="43.582192" lon="-122.663068"></rtept><rtept lat="43.582041" lon="-122.662611"></rtept><rtept lat="43.582037" lon="-122.662599"></rtept><rtept lat="43.582962" lon="-122.662595"></rtept><rtept lat="43.582942" lon="-122.658802"></rtept><rtept lat="43.583011" lon="-122.649438"></rtept><rtept lat="43.583029" lon="-122.646956"></rtept><rtept lat="43.583027" lon="-122.645962"></rtept></rte><rte><name>Lincoln</name><type>Area</type><extensions><onx:style>dot</onx:style><onx:weight>4.0</onx:weight><onx:color>rgba(255, 51, 0, 1)</onx:color></extensions><rtept lat="43.583022" lon="-122.642775"></rtept><rtept lat="43.582968" lon="-122.642775"></rtept><rtept lat="43.582748" lon="-122.642775"></rtept><rtept lat="43.581816" lon="-122.642776"></rtept><rtept lat="43.581516" lon="-122.642776"></rtept><rtept lat="43.581274" lon="-122.642776"></rtept><rtept lat="43.579935" lon="-122.642777"></rtept><rtept lat="43.579889" lon="-122.642777"></rtept><rtept lat="43.579520" lon="-122.642777"></rtept><rtept lat="43.579405" lon="-122.642777"></rtept><rtept lat="43.577998" lon="-122.642778"></rtept><rtept lat="43.576688" lon="-122.642779"></rtept><rtept lat="43.575363" lon="-122.642779"></rtept><rtept lat="43.575359" lon="-122.642767"></rtept><rtept lat="43.573589" lon="-122.642770"></rtept><rtept lat="43.573592" lon="-122.642780"></rtept><rtept lat="43.568555" lon="-122.642783"></rtept><rtept lat="43.568541" lon="-122.647748"></rtept><rtept lat="43.568529" lon="-122.651986"></rtept><rtept lat="43.568527" lon="-122.652710"></rtept><rtept lat="43.568512" lon="-122.657671"></rtept><rtept lat="43.568497" lon="-122.662635"></rtept><rtept lat="43.578251" lon="-122.662618"></rtept><rtept lat="43.579345" lon="-122.662616"></rtept><rtept lat="43.579593" lon="-122.662615"></rtept><rtept lat="43.579591" lon="-122.662609"></rtept><rtept lat="43.581958" lon="-122.662599"></rtept><rtept lat="43.581960" lon="-122.662611"></rtept><rtept lat="43.582068" lon="-122.663162"></rtept><rtept lat="43.582192" lon="-122.663068"></rtept><rtept lat="43.582041" lon="-122.662611"></rtept><rtept lat="43.582037" lon="-122.662599"></rtept><rtept lat="43.582962" lon="-122.662595"></rtept><rtept lat="43.582942" lon="-122.658802"></rtept><rtept lat="43.583011" lon="-122.649438"></rtept><rtept lat="43.583029" lon="-122.646956"></rtept><rtept lat="43.583027" lon="-122.645962"></rtept><rtept lat="43.583025" lon="-122.644804"></rtept><rtept lat="43.583022" lon="-122.642775"></rtept></rte><rte><name>Coolidge</name><type>Area</type><extensions><onx:style>dot</onx:style><onx:weight>4.0</onx:weight><onx:color>rgba(255, 51, 0, 1)</onx:color></extensions><rtept lat="43.583022" lon="-122.642775"></rtept><rtept lat="43.582968" lon="-122.642775"></rtept><rtept lat="43.582748" lon="-122.642775"></rtept><rtept lat="43.581816" lon="-122.642776"></rtept><rtept lat="43.581516" lon="-122.642776"></rtept><rtept lat="43.581274" lon="-122.642776"></rtept><rtept lat="43.579935" lon="-122.642777"></rtept><rtept lat="43.579889" lon="-122.642777"></rtept><rtept lat="43.579520" lon="-122.642777"></rtept><rtept lat="43.579405" lon="-122.642777"></rtept><rtept lat="43.577998" lon="-122.642778"></rtept><rtept lat="43.576688" lon="-122.642779"></rtept><rtept lat="43.575363" lon="-122.642779"></rtept><rtept lat="43.575359" lon="-122.642767"></rtept><rtept lat="43.573589" lon="-122.642770"></rtept><rtept lat="43.573592" lon="-122.642780"></rtept><rtept lat="43.568555" lon="-122.642783"></rtept><rtept lat="43.568541" lon="-122.647748"></rtept><rtept lat="43.568529" lon="-122.651986"></rtept><rtept lat="43.568527" lon="-122.652710"></rtept><rtept lat="43.568512" lon="-122.657671"></rtept><rtept lat="43.568497" lon="-122.662635"></rtept><rtept lat="43.578251" lon="-122.662618"></rtept><rtept lat="43.579345" lon="-122.662616"></rtept><rtept lat="43.579593" lon="-122.662615"></rtept><rtept lat="43.579591" lon="-122.662609"></rtept><rtept lat="43.581958" lon="-122.662599"></rtept><rtept lat="43.581960" lon="-122.662611"></rtept><rtept lat="43.582068" lon="-122.663162"></rtept><rtept lat="43.582192" lon="-122.663068"></rtept><rtept lat="43.582041" lon="-122.662611"></rtept><rtept lat="43.582037" lon="-122.662599"></rtept><rtept lat="43.582962" lon="-122.662595"></rtept><rtept lat="43.582942" lon="-122.658802"></rtept><rtept lat="43.583011" lon="-122.649438"></rtept><rtept lat="43.583029" lon="-122.646956"></rtept><rtept lat="43.583027" lon="-122.645962"></rtept><rtept lat="43.583025" lon="-122.644804"></rtept><rtept lat="43.583022" lon="-122.642775"></rtept></rte><rte><name>Cupel</name><type>Area</type><extensions><onx:style>dot</onx:style><onx:weight>4.0</onx:weight><onx:color>rgba(255, 51, 0, 1)</onx:color></extensions><rtept lat="43.588497" lon="-122.635345"></rtept><rtept lat="43.588510" lon="-122.632872"></rtept><rtept lat="43.586700" lon="-122.632871"></rtept><rtept lat="43.586687" lon="-122.635345"></rtept><rtept lat="43.586673" lon="-122.637819"></rtept><rtept lat="43.588484" lon="-122.637817"></rtept><rtept lat="43.588497" lon="-122.635345"></rtept></rte><rte><name>Deep Down 2</name><type>Area</type><extensions><onx:style>dot</onx:style><onx:weight>4.0</onx:weight><onx:color>rgba(255, 51, 0, 1)</onx:color></extensions><rtept lat="43.661806" lon="-122.684581"></rtept><rtept lat="43.660067" lon="-122.684601"></rtept><rtept lat="43.660111" lon="-122.687124"></rtept><rtept lat="43.660093" lon="-122.689584"></rtept><rtept lat="43.661832" lon="-122.689568"></rtept><rtept lat="43.661839" lon="-122.687100"></rtept><rtept lat="43.661806" lon="-122.684581"></rtept></rte><rte><name>Good Memories 3</name><type>Area</type><extensions><onx:style>dot</onx:style><onx:weight>4.0</onx:weight><onx:color>rgba(255, 51, 0, 1)</onx:color></extensions><rtept lat="43.623713" lon="-122.641491"></rtept><rtept lat="43.623714" lon="-122.642162"></rtept><rtept lat="43.623722" lon="-122.646089"></rtept><rtept lat="43.623724" lon="-122.647108"></rtept><rtept lat="43.623865" lon="-122.647107"></rtept><rtept lat="43.623865" lon="-122.647104"></rtept><rtept lat="43.623864" lon="-122.647101"></rtept><rtept lat="43.624592" lon="-122.647040"></rtept><rtept lat="43.624602" lon="-122.647106"></rtept><rtept lat="43.626285" lon="-122.647103"></rtept><rtept lat="43.627325" lon="-122.647101"></rtept><rtept lat="43.630926" lon="-122.647095"></rtept><rtept lat="43.634527" lon="-122.647088"></rtept><rtept lat="43.638128" lon="-122.647081"></rtept><rtept lat="43.638142" lon="-122.642134"></rtept><rtept lat="43.638155" lon="-122.637186"></rtept><rtept lat="43.638169" lon="-122.632239"></rtept><rtept lat="43.638183" lon="-122.627291"></rtept><rtept lat="43.637005" lon="-122.627291"></rtept><rtept lat="43.634565" lon="-122.627286"></rtept><rtept lat="43.633367" lon="-122.627286"></rtept><rtept lat="43.630948" lon="-122.627281"></rtept><rtept lat="43.629732" lon="-122.627281"></rtept><rtept lat="43.627331" lon="-122.627276"></rtept><rtept lat="43.626094" lon="-122.627276"></rtept><rtept lat="43.624262" lon="-122.627272"></rtept><rtept lat="43.623713" lon="-122.627271"></rtept><rtept lat="43.623712" lon="-122.629011"></rtept><rtept lat="43.623710" lon="-122.630596"></rtept><rtept lat="43.623709" lon="-122.631858"></rtept><rtept lat="43.623709" lon="-122.632244"></rtept><rtept lat="43.623705" lon="-122.636271"></rtept><rtept lat="43.623704" lon="-122.637217"></rtept><rtept lat="43.623713" lon="-122.641491"></rtept></rte><rte><name>Good Memories 2</name><type>Area</type><extensions><onx:style>dot</onx:style><onx:weight>4.0</onx:weight><onx:color>rgba(255, 51, 0, 1)</onx:color></extensions><rtept lat="43.623713" lon="-122.641491"></rtept><rtept lat="43.623714" lon="-122.642162"></rtept><rtept lat="43.623722" lon="-122.646089"></rtept><rtept lat="43.623724" lon="-122.647108"></rtept><rtept lat="43.623865" lon="-122.647107"></rtept><rtept lat="43.623865" lon="-122.647104"></rtept><rtept lat="43.623864" lon="-122.647101"></rtept><rtept lat="43.624592" lon="-122.647040"></rtept><rtept lat="43.624602" lon="-122.647106"></rtept><rtept lat="43.626285" lon="-122.647103"></rtept><rtept lat="43.627325" lon="-122.647101"></rtept><rtept lat="43.630926" lon="-122.647095"></rtept><rtept lat="43.634527" lon="-122.647088"></rtept><rtept lat="43.638128" lon="-122.647081"></rtept><rtept lat="43.638142" lon="-122.642134"></rtept><rtept lat="43.638155" lon="-122.637186"></rtept><rtept lat="43.638169" lon="-122.632239"></rtept><rtept lat="43.638183" lon="-122.627291"></rtept><rtept lat="43.637005" lon="-122.627291"></rtept><rtept lat="43.634565" lon="-122.627286"></rtept><rtept lat="43.633367" lon="-122.627286"></rtept><rtept lat="43.630948" lon="-122.627281"></rtept><rtept lat="43.629732" lon="-122.627281"></rtept><rtept lat="43.627331" lon="-122.627276"></rtept><rtept lat="43.626094" lon="-122.627276"></rtept><rtept lat="43.624262" lon="-122.627272"></rtept><rtept lat="43.623713" lon="-122.627271"></rtept><rtept lat="43.623712" lon="-122.629011"></rtept><rtept lat="43.623710" lon="-122.630596"></rtept><rtept lat="43.623709" lon="-122.631858"></rtept><rtept lat="43.623709" lon="-122.632244"></rtept><rtept lat="43.623705" lon="-122.636271"></rtept><rtept lat="43.623704" lon="-122.637217"></rtept><rtept lat="43.623713" lon="-122.641491"></rtept></rte><rte><name>Good Memories 1</name><type>Area</type><extensions><onx:style>dot</onx:style><onx:weight>4.0</onx:weight><onx:color>rgba(255, 51, 0, 1)</onx:color></extensions><rtept lat="43.623713" lon="-122.627271"></rtept><rtept lat="43.623712" lon="-122.629011"></rtept><rtept lat="43.623710" lon="-122.630596"></rtept><rtept lat="43.623709" lon="-122.631858"></rtept><rtept lat="43.623709" lon="-122.632244"></rtept><rtept lat="43.623705" lon="-122.636271"></rtept><rtept lat="43.623704" lon="-122.637217"></rtept><rtept lat="43.623713" lon="-122.641491"></rtept><rtept lat="43.623714" lon="-122.642162"></rtept><rtept lat="43.623722" lon="-122.646089"></rtept><rtept lat="43.623724" lon="-122.647108"></rtept><rtept lat="43.623865" lon="-122.647107"></rtept><rtept lat="43.623865" lon="-122.647104"></rtept><rtept lat="43.623864" lon="-122.647101"></rtept><rtept lat="43.624592" lon="-122.647040"></rtept><rtept lat="43.624602" lon="-122.647106"></rtept><rtept lat="43.626285" lon="-122.647103"></rtept><rtept lat="43.627325" lon="-122.647101"></rtept><rtept lat="43.630926" lon="-122.647095"></rtept><rtept lat="43.634527" lon="-122.647088"></rtept><rtept lat="43.638128" lon="-122.647081"></rtept><rtept lat="43.638142" lon="-122.642134"></rtept><rtept lat="43.638155" lon="-122.637186"></rtept><rtept lat="43.638169" lon="-122.632239"></rtept><rtept lat="43.638183" lon="-122.627291"></rtept><rtept lat="43.637005" lon="-122.627291"></rtept><rtept lat="43.634565" lon="-122.627286"></rtept><rtept lat="43.633367" lon="-122.627286"></rtept><rtept lat="43.630948" lon="-122.627281"></rtept><rtept lat="43.629732" lon="-122.627281"></rtept><rtept lat="43.627331" lon="-122.627276"></rtept><rtept lat="43.626094" lon="-122.627276"></rtept><rtept lat="43.624262" lon="-122.627272"></rtept><rtept lat="43.623713" lon="-122.627271"></rtept></rte><rte><name>THE PEARL de VERE</name><type>Area</type><extensions><onx:style>dot</onx:style><onx:weight>4.0</onx:weight><onx:color>rgba(255, 51, 0, 1)</onx:color></extensions><rtept lat="43.609279" lon="-122.637172"></rtept><rtept lat="43.609279" lon="-122.637751"></rtept><rtept lat="43.609285" lon="-122.642140"></rtept><rtept lat="43.609285" lon="-122.642713"></rtept><rtept lat="43.609290" lon="-122.647109"></rtept><rtept lat="43.612899" lon="-122.647108"></rtept><rtept lat="43.616507" lon="-122.647108"></rtept><rtept lat="43.616502" lon="-122.642151"></rtept><rtept lat="43.616498" lon="-122.637195"></rtept><rtept lat="43.612888" lon="-122.637184"></rtept><rtept lat="43.609279" lon="-122.637172"></rtept></rte><rte><name>Fundamental</name><type>Area</type><extensions><onx:style>dot</onx:style><onx:weight>4.0</onx:weight><onx:color>rgba(255, 51, 0, 1)</onx:color></extensions><rtept lat="43.583037" lon="-122.702527"></rtept><rtept lat="43.583084" lon="-122.722361"></rtept><rtept lat="43.597589" lon="-122.722404"></rtept><rtept lat="43.597587" lon="-122.702608"></rtept><rtept lat="43.583037" lon="-122.702527"></rtept></rte><rte><name>John Lode</name><type>Area</type><extensions><onx:style>dot</onx:style><onx:weight>4.0</onx:weight><onx:color>rgba(255, 51, 0, 1)</onx:color></extensions><rtept lat="43.571120" lon="-122.622924"></rtept><rtept lat="43.570254" lon="-122.622922"></rtept><rtept lat="43.568648" lon="-122.622928"></rtept><rtept lat="43.568633" lon="-122.626179"></rtept><rtept lat="43.568625" lon="-122.627892"></rtept><rtept lat="43.568579" lon="-122.637821"></rtept><rtept lat="43.568555" lon="-122.642783"></rtept><rtept lat="43.573592" lon="-122.642780"></rtept><rtept lat="43.573589" lon="-122.642770"></rtept><rtept lat="43.575359" lon="-122.642767"></rtept><rtept lat="43.575363" lon="-122.642779"></rtept><rtept lat="43.576688" lon="-122.642779"></rtept><rtept lat="43.577998" lon="-122.642778"></rtept><rtept lat="43.579405" lon="-122.642777"></rtept><rtept lat="43.579520" lon="-122.642777"></rtept><rtept lat="43.579889" lon="-122.642777"></rtept><rtept lat="43.579935" lon="-122.642777"></rtept><rtept lat="43.581274" lon="-122.642776"></rtept><rtept lat="43.581516" lon="-122.642776"></rtept><rtept lat="43.581816" lon="-122.642776"></rtept><rtept lat="43.582748" lon="-122.642775"></rtept><rtept lat="43.582968" lon="-122.642775"></rtept><rtept lat="43.583022" lon="-122.642775"></rtept><rtept lat="43.583028" lon="-122.641801"></rtept><rtept lat="43.583033" lon="-122.640824"></rtept><rtept lat="43.583039" lon="-122.639865"></rtept><rtept lat="43.583042" lon="-122.639275"></rtept><rtept lat="43.583051" lon="-122.637822"></rtept><rtept lat="43.583067" lon="-122.635049"></rtept><rtept lat="43.583069" lon="-122.634691"></rtept><rtept lat="43.583079" lon="-122.632868"></rtept><rtept lat="43.583087" lon="-122.631655"></rtept><rtept lat="43.583095" lon="-122.630168"></rtept><rtept lat="43.583107" lon="-122.628129"></rtept><rtept lat="43.583108" lon="-122.627913"></rtept><rtept lat="43.583118" lon="-122.626179"></rtept><rtept lat="43.583129" lon="-122.624144"></rtept><rtept lat="43.583136" lon="-122.622958"></rtept><rtept lat="43.581967" lon="-122.622954"></rtept><rtept lat="43.579791" lon="-122.622947"></rtept><rtept lat="43.579507" lon="-122.622946"></rtept><rtept lat="43.579342" lon="-122.622946"></rtept><rtept lat="43.578327" lon="-122.622943"></rtept><rtept lat="43.578259" lon="-122.622942"></rtept><rtept lat="43.577693" lon="-122.622941"></rtept><rtept lat="43.577400" lon="-122.622939"></rtept><rtept lat="43.576382" lon="-122.622936"></rtept><rtept lat="43.575997" lon="-122.622936"></rtept><rtept lat="43.571120" lon="-122.622924"></rtept></rte><rte><name>Pop Gun</name><type>Area</type><extensions><onx:style>dot</onx:style><onx:weight>4.0</onx:weight><onx:color>rgba(255, 51, 0, 1)</onx:color></extensions><rtept lat="43.571120" lon="-122.622924"></rtept><rtept lat="43.570254" lon="-122.622922"></rtept><rtept lat="43.568648" lon="-122.622928"></rtept><rtept lat="43.568633" lon="-122.626179"></rtept><rtept lat="43.568625" lon="-122.627892"></rtept><rtept lat="43.568579" lon="-122.637821"></rtept><rtept lat="43.568555" lon="-122.642783"></rtept><rtept lat="43.573592" lon="-122.642780"></rtept><rtept lat="43.573589" lon="-122.642770"></rtept><rtept lat="43.575359" lon="-122.642767"></rtept><rtept lat="43.575363" lon="-122.642779"></rtept><rtept lat="43.576688" lon="-122.642779"></rtept><rtept lat="43.577998" lon="-122.642778"></rtept><rtept lat="43.579405" lon="-122.642777"></rtept><rtept lat="43.579520" lon="-122.642777"></rtept><rtept lat="43.579889" lon="-122.642777"></rtept><rtept lat="43.579935" lon="-122.642777"></rtept><rtept lat="43.581274" lon="-122.642776"></rtept><rtept lat="43.581516" lon="-122.642776"></rtept><rtept lat="43.581816" lon="-122.642776"></rtept><rtept lat="43.582748" lon="-122.642775"></rtept><rtept lat="43.582968" lon="-122.642775"></rtept><rtept lat="43.583022" lon="-122.642775"></rtept><rtept lat="43.583028" lon="-122.641801"></rtept><rtept lat="43.583033" lon="-122.640824"></rtept><rtept lat="43.583039" lon="-122.639865"></rtept><rtept lat="43.583042" lon="-122.639275"></rtept><rtept lat="43.583051" lon="-122.637822"></rtept><rtept lat="43.583067" lon="-122.635049"></rtept><rtept lat="43.583069" lon="-122.634691"></rtept><rtept lat="43.583079" lon="-122.632868"></rtept><rtept lat="43.583087" lon="-122.631655"></rtept><rtept lat="43.583095" lon="-122.630168"></rtept><rtept lat="43.583107" lon="-122.628129"></rtept><rtept lat="43.583108" lon="-122.627913"></rtept><rtept lat="43.583118" lon="-122.626179"></rtept><rtept lat="43.583129" lon="-122.624144"></rtept><rtept lat="43.583136" lon="-122.622958"></rtept><rtept lat="43.581967" lon="-122.622954"></rtept><rtept lat="43.579791" lon="-122.622947"></rtept><rtept lat="43.579507" lon="-122.622946"></rtept><rtept lat="43.579342" lon="-122.622946"></rtept><rtept lat="43.578327" lon="-122.622943"></rtept><rtept lat="43.578259" lon="-122.622942"></rtept><rtept lat="43.577693" lon="-122.622941"></rtept><rtept lat="43.577400" lon="-122.622939"></rtept><rtept lat="43.576382" lon="-122.622936"></rtept><rtept lat="43.575997" lon="-122.622936"></rtept><rtept lat="43.571120" lon="-122.622924"></rtept></rte><rte><name>Bird's Nest Nuevo 2</name><type>Area</type><extensions><onx:style>dot</onx:style><onx:weight>4.0</onx:weight><onx:color>rgba(255, 51, 0, 1)</onx:color></extensions><rtept lat="43.568528" lon="-122.702459"></rtept><rtept lat="43.568577" lon="-122.722319"></rtept><rtept lat="43.583084" lon="-122.722361"></rtept><rtept lat="43.583037" lon="-122.702527"></rtept><rtept lat="43.576395" lon="-122.702509"></rtept><rtept lat="43.568528" lon="-122.702459"></rtept></rte></gpx>