<?xml version="1.0" encoding="UTF-8"?><kml xmlns="http://www.opengis.net/kml/2.2"><Document><name>Bohemia Mining District (Sharps/Brice/Martin/Quartz Creeks, Row River headwaters)</name><Style id="my_claim"><IconStyle><color>ff00a5ff</color><scale>1.0</scale><Icon><href>http://maps.google.com/mapfiles/kml/paddle/orange-circle.png</href></Icon></IconStyle></Style><Style id="public_site"><IconStyle><color>ff008000</color><scale>1.0</scale><Icon><href>http://maps.google.com/mapfiles/kml/paddle/grn-circle.png</href></Icon></IconStyle></Style><Style id="usmin"><IconStyle><color>ff000000</color><scale>0.7</scale><Icon><href>http://maps.google.com/mapfiles/kml/shapes/placemark_circle.png</href></Icon></IconStyle></Style><Style id="usmin_polygon"><LineStyle><color>ff000000</color><width>2</width></LineStyle><PolyStyle><color>40000000</color></PolyStyle></Style><Style id="milo_gold"><IconStyle><color>ff00d7ff</color><scale>1.0</scale><Icon><href>http://maps.google.com/mapfiles/kml/shapes/mining.png</href></Icon></IconStyle></Style><Style id="site_other"><IconStyle><color>ff808080</color><scale>0.8</scale><Icon><href>http://maps.google.com/mapfiles/kml/shapes/placemark_circle.png</href></Icon></IconStyle></Style><Style id="active_claim"><LineStyle><color>ff0000ff</color><width>2</width></LineStyle><PolyStyle><color>660000ff</color></PolyStyle></Style><Style id="density_low"><LineStyle><color>ff00ffff</color><width>2</width></LineStyle><PolyStyle><color>9900ffff</color></PolyStyle></Style><Style id="density_med"><LineStyle><color>ff00a5ff</color><width>2</width></LineStyle><PolyStyle><color>9900a5ff</color></PolyStyle></Style><Style id="density_high"><LineStyle><color>ff0000ff</color><width>2</width></LineStyle><PolyStyle><color>990000ff</color></PolyStyle></Style><Style id="open_ground"><IconStyle><color>ff00ff00</color><scale>1.1</scale><Icon><href>http://maps.google.com/mapfiles/kml/shapes/star.png</href></Icon></IconStyle></Style><Folder><name>My claims &amp; public sites</name><Placemark><name>BMOA War Eagle III [APPROX quarter-section]</name><description>BMOA | serial ORMC156963 | placer | 18.19 ac | Active | APPROX (BLM quarter-section) | src: BLM MLRS</description><styleUrl>#my_claim</styleUrl><Polygon><outerBoundaryIs><LinearRing><coordinates>-122.833227,43.688998,0 -122.828337,43.689048,0 -122.828294,43.686490,0 -122.828280,43.685625,0 -122.828224,43.682202,0 -122.833086,43.682222,0 -122.837948,43.682242,0 -122.838032,43.685595,0 -122.838117,43.688948,0 -122.833227,43.688998,0</coordinates></LinearRing></outerBoundaryIs></Polygon></Placemark><Placemark><name>BMOA Westside [APPROX quarter-section]</name><description>BMOA | serial ORMC86891 | placer | 40.0 ac | Active | APPROX (BLM quarter-section) | src: BLM MLRS</description><styleUrl>#my_claim</styleUrl><Polygon><outerBoundaryIs><LinearRing><coordinates>-122.818180,43.667637,0 -122.818233,43.671372,0 -122.818286,43.675107,0 -122.813331,43.674966,0 -122.808376,43.674825,0 -122.808284,43.671298,0 -122.808167,43.667770,0 -122.813173,43.667701,0 -122.818180,43.667637,0</coordinates></LinearRing></outerBoundaryIs></Polygon></Placemark><Placemark><name>BMOA Y Not [APPROX quarter-section]</name><description>BMOA | serial ORMC173540 | placer | 40.0 ac | Active | APPROX (BLM quarter-section) | src: BLM MLRS</description><styleUrl>#my_claim</styleUrl><Polygon><outerBoundaryIs><LinearRing><coordinates>-122.808154,43.660514,0 -122.802998,43.660146,0 -122.798079,43.659794,0 -122.793160,43.659442,0 -122.793166,43.655943,0 -122.793172,43.652444,0 -122.798241,43.652723,0 -122.803311,43.653002,0 -122.808420,43.653283,0 -122.808281,43.656899,0 -122.808154,43.660514,0</coordinates></LinearRing></outerBoundaryIs></Polygon></Placemark><Placemark><name>BMOA Placer Claim [APPROX quarter-section]</name><description>BMOA | serial ORMC147500 | placer | 20.0 ac | Active | APPROX (BLM quarter-section) | src: BLM MLRS</description><styleUrl>#my_claim</styleUrl><Polygon><outerBoundaryIs><LinearRing><coordinates>-122.722361,43.583084,0 -122.722383,43.590337,0 -122.712475,43.590324,0 -122.712444,43.583061,0 -122.722361,43.583084,0</coordinates></LinearRing></outerBoundaryIs></Polygon></Placemark><Placemark><name>BMOA Little Red [APPROX quarter-section]</name><description>BMOA | serial ORMC163049 | placer | 35.02 ac | Active | APPROX (BLM quarter-section) | src: BLM MLRS</description><styleUrl>#my_claim</styleUrl><Polygon><outerBoundaryIs><LinearRing><coordinates>-122.731941,43.554136,0 -122.741540,43.554154,0 -122.741493,43.558973,0 -122.746432,43.558678,0 -122.751417,43.558387,0 -122.751325,43.561747,0 -122.751233,43.565108,0 -122.746286,43.565452,0 -122.741426,43.565801,0 -122.741391,43.569272,0 -122.731855,43.568924,0 -122.731898,43.561530,0 -122.731941,43.554136,0</coordinates></LinearRing></outerBoundaryIs></Polygon></Placemark><Placemark><name>BMOA Big Bend [APPROX quarter-section]</name><description>BMOA | serial ORMC159678 | placer | 20.0 ac | Active | APPROX (BLM quarter-section) | src: BLM MLRS</description><styleUrl>#my_claim</styleUrl><Polygon><outerBoundaryIs><LinearRing><coordinates>-122.731941,43.554136,0 -122.741540,43.554154,0 -122.741493,43.558973,0 -122.746432,43.558678,0 -122.751417,43.558387,0 -122.751325,43.561747,0 -122.751233,43.565108,0 -122.746286,43.565452,0 -122.741350,43.565806,0 -122.741363,43.565033,0 -122.741403,43.562391,0 -122.741413,43.561712,0 -122.731898,43.561530,0 -122.731941,43.554136,0</coordinates></LinearRing></outerBoundaryIs></Polygon></Placemark><Placemark><name>BMOA Argentite [APPROX quarter-section]</name><description>BMOA | serial ORMC159677 | lode | 20.66 ac | Active | APPROX (BLM quarter-section) | src: BLM MLRS</description><styleUrl>#my_claim</styleUrl><Polygon><outerBoundaryIs><LinearRing><coordinates>-122.741565,43.551572,0 -122.746585,43.551482,0 -122.751605,43.551393,0 -122.751507,43.554886,0 -122.751417,43.558387,0 -122.751325,43.561747,0 -122.751233,43.565108,0 -122.746286,43.565452,0 -122.741350,43.565806,0 -122.741363,43.565033,0 -122.741403,43.562391,0 -122.741413,43.561712,0 -122.731898,43.561530,0 -122.731941,43.554136,0 -122.741540,43.554154,0 -122.741565,43.551572,0</coordinates></LinearRing></outerBoundaryIs></Polygon></Placemark><Placemark><name>BMOA Exodus [APPROX quarter-section]</name><description>BMOA | serial ORMC163687 | placer | 80.0 ac | Active | APPROX (BLM quarter-section) | src: BLM MLRS</description><styleUrl>#my_claim</styleUrl><Polygon><outerBoundaryIs><LinearRing><coordinates>-122.749095,43.551437,0 -122.749052,43.553210,0 -122.749008,43.554983,0 -122.746509,43.555080,0 -122.744015,43.555177,0 -122.744045,43.553352,0 -122.744075,43.551527,0 -122.746585,43.551482,0 -122.749095,43.551437,0</coordinates></LinearRing></outerBoundaryIs></Polygon></Placemark><Placemark><name>BMOA 4 Aces [APPROX quarter-section]</name><description>BMOA | serial ORMC163686 | placer | 80.0 ac | Active | APPROX (BLM quarter-section) | src: BLM MLRS</description><styleUrl>#my_claim</styleUrl><Polygon><outerBoundaryIs><LinearRing><coordinates>-122.729566,43.552332,0 -122.729590,43.550533,0 -122.732003,43.550539,0 -122.734415,43.550545,0 -122.734378,43.552342,0 -122.736783,43.552348,0 -122.736741,43.554145,0 -122.739141,43.554149,0 -122.739124,43.556029,0 -122.741522,43.556043,0 -122.741503,43.557933,0 -122.739107,43.557908,0 -122.736711,43.557883,0 -122.736726,43.556014,0 -122.734328,43.555999,0 -122.734341,43.554140,0 -122.731941,43.554136,0 -122.731972,43.552337,0 -122.729566,43.552332,0</coordinates></LinearRing></outerBoundaryIs></Polygon></Placemark><Placemark><name>Cedar Creek Campground (Brice Cr)</name><description>public | serial n/a | precision: published | published site</description><styleUrl>#public_site</styleUrl><Point><coordinates>-122.708000,43.671000,0</coordinates></Point></Placemark></Folder><Folder><name>Historical workings (USMIN)</name><Placemark><name>Prospect Pit</name><description>USMIN Prospect Pit | topo: Fairview Peak (1955) 1:62500 | src: USGS USMIN</description><styleUrl>#usmin</styleUrl><Point><coordinates>-122.593497,43.569997,0</coordinates></Point></Placemark><Placemark><name>Prospect Pit</name><description>USMIN Prospect Pit | topo: Fairview Peak (1955) 1:62500 | src: USGS USMIN</description><styleUrl>#usmin</styleUrl><Point><coordinates>-122.594112,43.570292,0</coordinates></Point></Placemark><Placemark><name>Prospect Pit</name><description>USMIN Prospect Pit | topo: Illahee Rock (1955) 1:62500 | src: USGS USMIN</description><styleUrl>#usmin</styleUrl><Point><coordinates>-122.599570,43.498577,0</coordinates></Point></Placemark><Placemark><name>Adit</name><description>USMIN Adit | topo: Fairview Peak (1986) 1:24000 | src: USGS USMIN</description><styleUrl>#usmin</styleUrl><Point><coordinates>-122.704273,43.559495,0</coordinates></Point></Placemark><Placemark><name>Adit</name><description>USMIN Adit | topo: Fairview Peak (1986) 1:24000 | src: USGS USMIN</description><styleUrl>#usmin</styleUrl><Point><coordinates>-122.649222,43.560144,0</coordinates></Point></Placemark><Placemark><name>Adit</name><description>USMIN Adit | topo: Fairview Peak (1986) 1:24000 | src: USGS USMIN</description><styleUrl>#usmin</styleUrl><Point><coordinates>-122.666525,43.567726,0</coordinates></Point></Placemark><Placemark><name>Adit</name><description>USMIN Adit | topo: Fairview Peak (1955) 1:62500 | src: USGS USMIN</description><styleUrl>#usmin</styleUrl><Point><coordinates>-122.666531,43.568284,0</coordinates></Point></Placemark><Placemark><name>Adit</name><description>USMIN Adit | topo: Fairview Peak (1955) 1:62500 | src: USGS USMIN</description><styleUrl>#usmin</styleUrl><Point><coordinates>-122.648883,43.559783,0</coordinates></Point></Placemark><Placemark><name>Adit</name><description>USMIN Adit | topo: Fairview Peak (1986) 1:24000 | src: USGS USMIN</description><styleUrl>#usmin</styleUrl><Point><coordinates>-122.675342,43.604759,0</coordinates></Point></Placemark><Placemark><name>Adit</name><description>USMIN Adit | topo: Fairview Peak (1986) 1:24000 | src: USGS USMIN</description><styleUrl>#usmin</styleUrl><Point><coordinates>-122.660377,43.598499,0</coordinates></Point></Placemark><Placemark><name>Adit</name><description>USMIN Adit | topo: Fairview Peak (1986) 1:24000 | src: USGS USMIN</description><styleUrl>#usmin</styleUrl><Point><coordinates>-122.665008,43.581088,0</coordinates></Point></Placemark><Placemark><name>Adit</name><description>USMIN Adit | topo: Fairview Peak (1986) 1:24000 | src: USGS USMIN</description><styleUrl>#usmin</styleUrl><Point><coordinates>-122.702941,43.560618,0</coordinates></Point></Placemark><Placemark><name>Adit</name><description>USMIN Adit | topo: Fairview Peak (1955) 1:62500 | src: USGS USMIN</description><styleUrl>#usmin</styleUrl><Point><coordinates>-122.660884,43.583665,0</coordinates></Point></Placemark><Placemark><name>Adit</name><description>USMIN Adit | topo: Fairview Peak (1955) 1:62500 | src: USGS USMIN</description><styleUrl>#usmin</styleUrl><Point><coordinates>-122.660308,43.597650,0</coordinates></Point></Placemark><Placemark><name>Adit</name><description>USMIN Adit | topo: Fairview Peak (1955) 1:62500 | src: USGS USMIN</description><styleUrl>#usmin</styleUrl><Point><coordinates>-122.659910,43.584911,0</coordinates></Point></Placemark><Placemark><name>Adit</name><description>USMIN Adit | topo: Fairview Peak (1955) 1:62500 | src: USGS USMIN</description><styleUrl>#usmin</styleUrl><Point><coordinates>-122.630176,43.577290,0</coordinates></Point></Placemark><Placemark><name>Adit</name><description>USMIN Adit | topo: Fairview Peak (1986) 1:24000 | src: USGS USMIN</description><styleUrl>#usmin</styleUrl><Point><coordinates>-122.726723,43.542505,0</coordinates></Point></Placemark><Placemark><name>Adit</name><description>USMIN Adit | topo: Fairview Peak (1986) 1:24000 | src: USGS USMIN</description><styleUrl>#usmin</styleUrl><Point><coordinates>-122.660628,43.583577,0</coordinates></Point></Placemark><Placemark><name>Adit</name><description>USMIN Adit | topo: Fairview Peak (1986) 1:24000 | src: USGS USMIN</description><styleUrl>#usmin</styleUrl><Point><coordinates>-122.656153,43.583756,0</coordinates></Point></Placemark><Placemark><name>Adit</name><description>USMIN Adit | topo: Fairview Peak (1986) 1:24000 | src: USGS USMIN</description><styleUrl>#usmin</styleUrl><Point><coordinates>-122.705914,43.561340,0</coordinates></Point></Placemark><Placemark><name>Adit</name><description>USMIN Adit | topo: Fairview Peak (1986) 1:24000 | src: USGS USMIN</description><styleUrl>#usmin</styleUrl><Point><coordinates>-122.693773,43.544394,0</coordinates></Point></Placemark><Placemark><name>Adit</name><description>USMIN Adit | topo: Fairview Peak (1986) 1:24000 | src: USGS USMIN</description><styleUrl>#usmin</styleUrl><Point><coordinates>-122.679717,43.584409,0</coordinates></Point></Placemark><Placemark><name>Adit</name><description>USMIN Adit | topo: Fairview Peak (1986) 1:24000 | src: USGS USMIN</description><styleUrl>#usmin</styleUrl><Point><coordinates>-122.629702,43.576742,0</coordinates></Point></Placemark><Placemark><name>Adit</name><description>USMIN Adit | topo: Fairview Peak (1986) 1:24000 | src: USGS USMIN</description><styleUrl>#usmin</styleUrl><Point><coordinates>-122.658416,43.590415,0</coordinates></Point></Placemark><Placemark><name>Adit</name><description>USMIN Adit | topo: Fairview Peak (1986) 1:24000 | src: USGS USMIN</description><styleUrl>#usmin</styleUrl><Point><coordinates>-122.707134,43.579454,0</coordinates></Point></Placemark><Placemark><name>Adit</name><description>USMIN Adit | topo: Fairview Peak (1986) 1:24000 | src: USGS USMIN</description><styleUrl>#usmin</styleUrl><Point><coordinates>-122.669857,43.564102,0</coordinates></Point></Placemark><Placemark><name>Adit</name><description>USMIN Adit | topo: Fairview Peak (1955) 1:62500 | src: USGS USMIN</description><styleUrl>#usmin</styleUrl><Point><coordinates>-122.658830,43.593555,0</coordinates></Point></Placemark><Placemark><name>Adit</name><description>USMIN Adit | topo: Fairview Peak (1986) 1:24000 | src: USGS USMIN</description><styleUrl>#usmin</styleUrl><Point><coordinates>-122.689325,43.584104,0</coordinates></Point></Placemark><Placemark><name>Adit</name><description>USMIN Adit | topo: Fairview Peak (1986) 1:24000 | src: USGS USMIN</description><styleUrl>#usmin</styleUrl><Point><coordinates>-122.652731,43.579155,0</coordinates></Point></Placemark><Placemark><name>Adit</name><description>USMIN Adit | topo: Fairview Peak (1986) 1:24000 | src: USGS USMIN</description><styleUrl>#usmin</styleUrl><Point><coordinates>-122.664857,43.580918,0</coordinates></Point></Placemark><Placemark><name>Adit</name><description>USMIN Adit | topo: Fairview Peak (1986) 1:24000 | src: USGS USMIN</description><styleUrl>#usmin</styleUrl><Point><coordinates>-122.667627,43.566938,0</coordinates></Point></Placemark><Placemark><name>Adit</name><description>USMIN Adit | topo: Fairview Peak (1986) 1:24000 | src: USGS USMIN</description><styleUrl>#usmin</styleUrl><Point><coordinates>-122.737620,43.558970,0</coordinates></Point></Placemark><Placemark><name>Adit</name><description>USMIN Adit | topo: Fairview Peak (1955) 1:62500 | src: USGS USMIN</description><styleUrl>#usmin</styleUrl><Point><coordinates>-122.638292,43.628309,0</coordinates></Point></Placemark><Placemark><name>Adit</name><description>USMIN Adit | topo: Fairview Peak (1955) 1:62500 | src: USGS USMIN</description><styleUrl>#usmin</styleUrl><Point><coordinates>-122.666360,43.564949,0</coordinates></Point></Placemark><Placemark><name>Adit</name><description>USMIN Adit | topo: Fairview Peak (1986) 1:24000 | src: USGS USMIN</description><styleUrl>#usmin</styleUrl><Point><coordinates>-122.672124,43.587091,0</coordinates></Point></Placemark><Placemark><name>Adit</name><description>USMIN Adit | topo: Fairview Peak (1986) 1:24000 | src: USGS USMIN</description><styleUrl>#usmin</styleUrl><Point><coordinates>-122.633504,43.580750,0</coordinates></Point></Placemark><Placemark><name>Adit</name><description>USMIN Adit | topo: Fairview Peak (1986) 1:24000 | src: USGS USMIN</description><styleUrl>#usmin</styleUrl><Point><coordinates>-122.672188,43.587730,0</coordinates></Point></Placemark><Placemark><name>Adit</name><description>USMIN Adit | topo: Rose Hill (1986) 1:24000 | src: USGS USMIN</description><styleUrl>#usmin</styleUrl><Point><coordinates>-122.638091,43.628650,0</coordinates></Point></Placemark><Placemark><name>Adit</name><description>USMIN Adit | topo: Fairview Peak (1986) 1:24000 | src: USGS USMIN</description><styleUrl>#usmin</styleUrl><Point><coordinates>-122.672342,43.607637,0</coordinates></Point></Placemark><Placemark><name>Adit</name><description>USMIN Adit | topo: Fairview Peak (1986) 1:24000 | src: USGS USMIN</description><styleUrl>#usmin</styleUrl><Point><coordinates>-122.698179,43.580248,0</coordinates></Point></Placemark><Placemark><name>Adit</name><description>USMIN Adit | topo: Fairview Peak (1955) 1:62500 | src: USGS USMIN</description><styleUrl>#usmin</styleUrl><Point><coordinates>-122.634183,43.580769,0</coordinates></Point></Placemark><Placemark><name>Adit</name><description>USMIN Adit | topo: Bearbones Mtn. (1986) 1:24000 | src: USGS USMIN</description><styleUrl>#usmin</styleUrl><Point><coordinates>-122.616738,43.578606,0</coordinates></Point></Placemark><Placemark><name>Adit</name><description>USMIN Adit | topo: Fairview Peak (1986) 1:24000 | src: USGS USMIN</description><styleUrl>#usmin</styleUrl><Point><coordinates>-122.653608,43.578080,0</coordinates></Point></Placemark><Placemark><name>Adit</name><description>USMIN Adit | topo: Fairview Peak (1955) 1:62500 | src: USGS USMIN</description><styleUrl>#usmin</styleUrl><Point><coordinates>-122.653828,43.579253,0</coordinates></Point></Placemark><Placemark><name>Adit</name><description>USMIN Adit | topo: Fairview Peak (1955) 1:62500 | src: USGS USMIN</description><styleUrl>#usmin</styleUrl><Point><coordinates>-122.616704,43.578328,0</coordinates></Point></Placemark><Placemark><name>Adit</name><description>USMIN Adit | topo: Fairview Peak (1986) 1:24000 | src: USGS USMIN</description><styleUrl>#usmin</styleUrl><Point><coordinates>-122.651262,43.575667,0</coordinates></Point></Placemark><Placemark><name>Adit</name><description>USMIN Adit | topo: Bearbones Mtn. (1986) 1:24000 | src: USGS USMIN</description><styleUrl>#usmin</styleUrl><Point><coordinates>-122.593122,43.571881,0</coordinates></Point></Placemark><Placemark><name>Adit</name><description>USMIN Adit | topo: Fairview Peak (1986) 1:24000 | src: USGS USMIN</description><styleUrl>#usmin</styleUrl><Point><coordinates>-122.742920,43.558986,0</coordinates></Point></Placemark><Placemark><name>Adit</name><description>USMIN Adit | topo: Bearbones Mtn. (1986) 1:24000 | src: USGS USMIN</description><styleUrl>#usmin</styleUrl><Point><coordinates>-122.593042,43.567914,0</coordinates></Point></Placemark><Placemark><name>Adit</name><description>USMIN Adit | topo: Fairview Peak (1955) 1:62500 | src: USGS USMIN</description><styleUrl>#usmin</styleUrl><Point><coordinates>-122.603521,43.579515,0</coordinates></Point></Placemark><Placemark><name>Adit</name><description>USMIN Adit | topo: Fairview Peak (1955) 1:62500 | src: USGS USMIN</description><styleUrl>#usmin</styleUrl><Point><coordinates>-122.649080,43.593411,0</coordinates></Point></Placemark><Placemark><name>Adit</name><description>USMIN Adit | topo: Fairview Peak (1955) 1:62500 | src: USGS USMIN</description><styleUrl>#usmin</styleUrl><Point><coordinates>-122.653506,43.578429,0</coordinates></Point></Placemark><Placemark><name>Adit</name><description>USMIN Adit | topo: Fairview Peak (1986) 1:24000 | src: USGS USMIN</description><styleUrl>#usmin</styleUrl><Point><coordinates>-122.685326,43.581281,0</coordinates></Point></Placemark><Placemark><name>Adit</name><description>USMIN Adit | topo: Bearbones Mtn. (1986) 1:24000 | src: USGS USMIN</description><styleUrl>#usmin</styleUrl><Point><coordinates>-122.613540,43.584179,0</coordinates></Point></Placemark><Placemark><name>Adit</name><description>USMIN Adit | topo: Fairview Peak (1986) 1:24000 | src: USGS USMIN</description><styleUrl>#usmin</styleUrl><Point><coordinates>-122.649376,43.593937,0</coordinates></Point></Placemark><Placemark><name>Adit</name><description>USMIN Adit | topo: Fairview Peak (1986) 1:24000 | src: USGS USMIN</description><styleUrl>#usmin</styleUrl><Point><coordinates>-122.722027,43.581113,0</coordinates></Point></Placemark><Placemark><name>Adit</name><description>USMIN Adit | topo: Fairview Peak (1986) 1:24000 | src: USGS USMIN</description><styleUrl>#usmin</styleUrl><Point><coordinates>-122.648870,43.593547,0</coordinates></Point></Placemark><Placemark><name>Adit</name><description>USMIN Adit | topo: Fairview Peak (1986) 1:24000 | src: USGS USMIN</description><styleUrl>#usmin</styleUrl><Point><coordinates>-122.703141,43.560504,0</coordinates></Point></Placemark><Placemark><name>Adit</name><description>USMIN Adit | topo: Fairview Peak (1955) 1:62500 | src: USGS USMIN</description><styleUrl>#usmin</styleUrl><Point><coordinates>-122.593141,43.571858,0</coordinates></Point></Placemark><Placemark><name>Adit</name><description>USMIN Adit | topo: Fairview Peak (1955) 1:62500 | src: USGS USMIN</description><styleUrl>#usmin</styleUrl><Point><coordinates>-122.613136,43.583235,0</coordinates></Point></Placemark><Placemark><name>Adit</name><description>USMIN Adit | topo: Fairview Peak (1955) 1:62500 | src: USGS USMIN</description><styleUrl>#usmin</styleUrl><Point><coordinates>-122.696738,43.583040,0</coordinates></Point></Placemark><Placemark><name>Adit</name><description>USMIN Adit | topo: Fairview Peak (1955) 1:62500 | src: USGS USMIN</description><styleUrl>#usmin</styleUrl><Point><coordinates>-122.615095,43.584492,0</coordinates></Point></Placemark><Placemark><name>Adit</name><description>USMIN Adit | topo: Fairview Peak (1986) 1:24000 | src: USGS USMIN</description><styleUrl>#usmin</styleUrl><Point><coordinates>-122.703797,43.560913,0</coordinates></Point></Placemark><Placemark><name>Adit</name><description>USMIN Adit | topo: Fairview Peak (1986) 1:24000 | src: USGS USMIN</description><styleUrl>#usmin</styleUrl><Point><coordinates>-122.697101,43.582606,0</coordinates></Point></Placemark></Folder><Folder><name>Mine &amp; prospect sites (MILO/MRDS, gold)</name><Placemark><name>Orchad mine (lower adit)</name><description>MILO gold | gold, copper, silver | lode | discovered ? | prod started ? | size: n/a | src: DOGAMI MILO-4 ID_07478</description><styleUrl>#milo_gold</styleUrl><Point><coordinates>-122.639287,43.630606,0</coordinates></Point></Placemark><Placemark><name>prospect</name><description>MILO gold | gold, silver, copper, lead, zinc | lode | discovered ? | prod started ? | size: small | src: DOGAMI MILO-4 ID_07479</description><styleUrl>#milo_gold</styleUrl><Point><coordinates>-122.643880,43.628612,0</coordinates></Point></Placemark><Placemark><name>gold prospect</name><description>MILO gold | gold, barium | lode | discovered ? | prod started ? | size: n/a | src: DOGAMI MILO-4 ID_07480</description><styleUrl>#milo_gold</styleUrl><Point><coordinates>-122.616419,43.632366,0</coordinates></Point></Placemark><Placemark><name>Arrastra Mine</name><description>MILO gold | gold | unknown | discovered ? | prod started ? | size: small | src: DOGAMI MILO-4 ID_07491</description><styleUrl>#milo_gold</styleUrl><Point><coordinates>-122.761527,43.597731,0</coordinates></Point></Placemark><Placemark><name>gold prospect</name><description>MILO gold | gold | unknown | discovered ? | prod started ? | size: n/a | src: DOGAMI MILO-4 ID_07492</description><styleUrl>#milo_gold</styleUrl><Point><coordinates>-122.801702,43.569928,0</coordinates></Point></Placemark><Placemark><name>Utopia</name><description>MILO gold | gold, silver, zinc | lode | discovered ? | prod started ? | size: n/a | src: DOGAMI MILO-4 ID_07493</description><styleUrl>#milo_gold</styleUrl><Point><coordinates>-122.672243,43.610872,0</coordinates></Point></Placemark><Placemark><name>Sunrise Group</name><description>MILO gold | gold | lode | discovered ? | prod started ? | size: n/a | src: DOGAMI MILO-4 ID_07494</description><styleUrl>#milo_gold</styleUrl><Point><coordinates>-122.681882,43.621859,0</coordinates></Point></Placemark><Placemark><name>Sunset Mine (lower adit)</name><description>MILO gold | zinc, lead, gold, silver, copper, antimony | lode | discovered ? | prod started ? | size: n/a | src: DOGAMI MILO-4 ID_07495</description><styleUrl>#milo_gold</styleUrl><Point><coordinates>-122.643807,43.623160,0</coordinates></Point></Placemark><Placemark><name>Golden Curry</name><description>MILO gold | gold | lode | discovered ? | prod started ? | size: n/a | src: DOGAMI MILO-4 ID_07497</description><styleUrl>#milo_gold</styleUrl><Point><coordinates>-122.637636,43.612058,0</coordinates></Point></Placemark><Placemark><name>Noonday Ridge</name><description>MILO gold | gold, silver | lode | discovered ? | prod started ? | size: n/a | src: DOGAMI MILO-4 ID_07498</description><styleUrl>#milo_gold</styleUrl><Point><coordinates>-122.633761,43.620177,0</coordinates></Point></Placemark><Placemark><name>Warrener</name><description>MILO gold | gold | lode | discovered ? | prod started ? | size: n/a | src: DOGAMI MILO-4 ID_07499</description><styleUrl>#milo_gold</styleUrl><Point><coordinates>-122.629845,43.598711,0</coordinates></Point></Placemark><Placemark><name>Sweepstakes</name><description>MILO gold | gold | lode | discovered ? | prod started ? | size: small | src: DOGAMI MILO-4 ID_07500</description><styleUrl>#milo_gold</styleUrl><Point><coordinates>-122.668350,43.600421,0</coordinates></Point></Placemark><Placemark><name>Elephant Group</name><description>MILO gold | gold, silver, copper | lode | discovered ? | prod started ? | size: n/a | src: DOGAMI MILO-4 ID_07501</description><styleUrl>#milo_gold</styleUrl><Point><coordinates>-122.660840,43.599441,0</coordinates></Point></Placemark><Placemark><name>Big 4 claim</name><description>MILO gold | gold | lode | discovered ? | prod started ? | size: n/a | src: DOGAMI MILO-4 ID_07502</description><styleUrl>#milo_gold</styleUrl><Point><coordinates>-122.707107,43.592020,0</coordinates></Point></Placemark><Placemark><name>Walton Creek prospect</name><description>MILO gold | gold, manganese | lode | discovered ? | prod started ? | size: n/a | src: DOGAMI MILO-4 ID_07503</description><styleUrl>#milo_gold</styleUrl><Point><coordinates>-122.716523,43.595759,0</coordinates></Point></Placemark><Placemark><name>Good Friday</name><description>MILO gold | gold | lode | discovered ? | prod started ? | size: n/a | src: DOGAMI MILO-4 ID_07504</description><styleUrl>#milo_gold</styleUrl><Point><coordinates>-122.689339,43.584110,0</coordinates></Point></Placemark><Placemark><name>Boston Tunnel</name><description>MILO gold | gold | unknown | discovered ? | prod started ? | size: n/a | src: DOGAMI MILO-4 ID_07505</description><styleUrl>#milo_gold</styleUrl><Point><coordinates>-122.697692,43.584400,0</coordinates></Point></Placemark><Placemark><name>Four Monte</name><description>MILO gold | gold, silver | lode | discovered ? | prod started ? | size: n/a | src: DOGAMI MILO-4 ID_07506</description><styleUrl>#milo_gold</styleUrl><Point><coordinates>-122.668445,43.590968,0</coordinates></Point></Placemark><Placemark><name>Black Diamond</name><description>MILO gold | gold, silver, copper | lode | discovered ? | prod started ? | size: n/a | src: DOGAMI MILO-4 ID_07507</description><styleUrl>#milo_gold</styleUrl><Point><coordinates>-122.678785,43.590962,0</coordinates></Point></Placemark><Placemark><name>Judson Rock Group</name><description>MILO gold | gold | unknown | discovered ? | prod started ? | size: n/a | src: DOGAMI MILO-4 ID_07508</description><styleUrl>#milo_gold</styleUrl><Point><coordinates>-122.678888,43.584772,0</coordinates></Point></Placemark><Placemark><name>Hiawatha</name><description>MILO gold | gold | unknown | discovered ? | prod started ? | size: n/a | src: DOGAMI MILO-4 ID_07509</description><styleUrl>#milo_gold</styleUrl><Point><coordinates>-122.672202,43.587735,0</coordinates></Point></Placemark><Placemark><name>Crystal</name><description>MILO gold | gold, lead, zinc, copper | lode | discovered ? | prod started ? | size: small | src: DOGAMI MILO-4 ID_07510</description><styleUrl>#milo_gold</styleUrl><Point><coordinates>-122.655719,43.596464,0</coordinates></Point></Placemark><Placemark><name>North Fairview</name><description>MILO gold | gold, silver | lode | discovered ? | prod started ? | size: n/a | src: DOGAMI MILO-4 ID_07511</description><styleUrl>#milo_gold</styleUrl><Point><coordinates>-122.657273,43.591090,0</coordinates></Point></Placemark><Placemark><name>Gem, Rico, and Slide</name><description>MILO gold | gold, silver | lode | discovered ? | prod started ? | size: n/a | src: DOGAMI MILO-4 ID_07512</description><styleUrl>#milo_gold</styleUrl><Point><coordinates>-122.660627,43.587904,0</coordinates></Point></Placemark><Placemark><name>Star Group</name><description>MILO gold | gold, silver, zinc | lode | discovered ? | prod started ? | size: n/a | src: DOGAMI MILO-4 ID_07513</description><styleUrl>#milo_gold</styleUrl><Point><coordinates>-122.644248,43.585568,0</coordinates></Point></Placemark><Placemark><name>Shotgun</name><description>MILO gold | gold, silver, zinc | lode | discovered ? | prod started ? | size: n/a | src: DOGAMI MILO-4 ID_07514</description><styleUrl>#milo_gold</styleUrl><Point><coordinates>-122.644097,43.589186,0</coordinates></Point></Placemark><Placemark><name>Golden Rule Group</name><description>MILO gold | gold | unknown | discovered ? | prod started ? | size: n/a | src: DOGAMI MILO-4 ID_07515</description><styleUrl>#milo_gold</styleUrl><Point><coordinates>-122.658101,43.591814,0</coordinates></Point></Placemark><Placemark><name>Leroy</name><description>MILO gold | copper, zinc, gold, silver, lead | lode | discovered ? | prod started ? | size: n/a | src: DOGAMI MILO-4 ID_07516</description><styleUrl>#milo_gold</styleUrl><Point><coordinates>-122.635939,43.589094,0</coordinates></Point></Placemark><Placemark><name>Columbia Vein</name><description>MILO gold | gold, silver, copper, lead | unknown | discovered ? | prod started ? | size: n/a | src: DOGAMI MILO-4 ID_07517</description><styleUrl>#milo_gold</styleUrl><Point><coordinates>-122.633929,43.585674,0</coordinates></Point></Placemark><Placemark><name>Fallen Leaf Vein</name><description>MILO gold | gold, silver, copper, lead | unknown | discovered ? | prod started ? | size: n/a | src: DOGAMI MILO-4 ID_07518</description><styleUrl>#milo_gold</styleUrl><Point><coordinates>-122.628362,43.589254,0</coordinates></Point></Placemark><Placemark><name>Cross Vein</name><description>MILO gold | gold, silver, copper | lode | discovered ? | prod started ? | size: n/a | src: DOGAMI MILO-4 ID_07519</description><styleUrl>#milo_gold</styleUrl><Point><coordinates>-122.637792,43.585057,0</coordinates></Point></Placemark><Placemark><name>Reed and Fletcher</name><description>MILO gold | gold, silver, zinc, copper | lode | discovered ? | prod started ? | size: n/a | src: DOGAMI MILO-4 ID_07520</description><styleUrl>#milo_gold</styleUrl><Point><coordinates>-122.630245,43.586180,0</coordinates></Point></Placemark><Placemark><name>Grizzly Vein</name><description>MILO gold | gold, silver, zinc | lode | discovered ? | prod started ? | size: n/a | src: DOGAMI MILO-4 ID_07521</description><styleUrl>#milo_gold</styleUrl><Point><coordinates>-122.628825,43.595320,0</coordinates></Point></Placemark><Placemark><name>Dean Cabin</name><description>MILO gold | gold | unknown | discovered ? | prod started ? | size: n/a | src: DOGAMI MILO-4 ID_07522</description><styleUrl>#milo_gold</styleUrl><Point><coordinates>-122.748898,43.584636,0</coordinates></Point></Placemark><Placemark><name>Salor Gulch placer</name><description>MILO gold | gold | placer | discovered ? | prod started ? | size: n/a | src: DOGAMI MILO-4 ID_07523</description><styleUrl>#milo_gold</styleUrl><Point><coordinates>-122.728808,43.582467,0</coordinates></Point></Placemark><Placemark><name>Graham Property</name><description>MILO gold | gold, silver, mercury | lode | discovered ? | prod started ? | size: n/a | src: DOGAMI MILO-4 ID_07524</description><styleUrl>#milo_gold</styleUrl><Point><coordinates>-122.709900,43.569373,0</coordinates></Point></Placemark><Placemark><name>Wild Hog Mine, Vesuvius Mine, Wild Hog Level</name><description>MILO gold | gold, silver | lode | discovered 1895 | prod started ? | size: small | src: DOGAMI MILO-4 ID_07525</description><styleUrl>#milo_gold</styleUrl><Point><coordinates>-122.660590,43.583618,0</coordinates></Point></Placemark><Placemark><name>Lower Musick (Level No.10 Drift)</name><description>MILO gold | gold | unknown | discovered ? | prod started ? | size: n/a | src: DOGAMI MILO-4 ID_07526</description><styleUrl>#milo_gold</styleUrl><Point><coordinates>-122.665022,43.581094,0</coordinates></Point></Placemark><Placemark><name>Old Henery</name><description>MILO gold | antimony, gold, silver | lode | discovered ? | prod started ? | size: n/a | src: DOGAMI MILO-4 ID_07527</description><styleUrl>#milo_gold</styleUrl><Point><coordinates>-122.671736,43.570406,0</coordinates></Point></Placemark><Placemark><name>War Eagle No.2</name><description>MILO gold | gold, lead, zinc, copper | unknown | discovered ? | prod started ? | size: n/a | src: DOGAMI MILO-4 ID_07528</description><styleUrl>#milo_gold</styleUrl><Point><coordinates>-122.644431,43.578747,0</coordinates></Point></Placemark><Placemark><name>Yucon Vein</name><description>MILO gold | gold | unknown | discovered ? | prod started ? | size: n/a | src: DOGAMI MILO-4 ID_07529</description><styleUrl>#milo_gold</styleUrl><Point><coordinates>-122.655523,43.578174,0</coordinates></Point></Placemark><Placemark><name>Morning Glory Vein</name><description>MILO gold | gold | unknown | discovered ? | prod started ? | size: n/a | src: DOGAMI MILO-4 ID_07530</description><styleUrl>#milo_gold</styleUrl><Point><coordinates>-122.644988,43.581719,0</coordinates></Point></Placemark><Placemark><name>Musick (cross cut level 6)</name><description>MILO gold | gold, silver, copper, lead, zinc | lode | discovered 1891 | prod started ? | size: small | src: DOGAMI MILO-4 ID_07531</description><styleUrl>#milo_gold</styleUrl><Point><coordinates>-122.653795,43.578039,0</coordinates></Point></Placemark><Placemark><name>Alpharetta</name><description>MILO gold | gold, silver, copper | lode | discovered ? | prod started ? | size: n/a | src: DOGAMI MILO-4 ID_07532</description><styleUrl>#milo_gold</styleUrl><Point><coordinates>-122.642759,43.574606,0</coordinates></Point></Placemark><Placemark><name>Ophir</name><description>MILO gold | gold, silver, lead | lode | discovered ? | prod started ? | size: n/a | src: DOGAMI MILO-4 ID_07533</description><styleUrl>#milo_gold</styleUrl><Point><coordinates>-122.649985,43.574355,0</coordinates></Point></Placemark><Placemark><name>Peekaboo</name><description>MILO gold | gold, silver, copper, zinc, lead | lode | discovered ? | prod started ? | size: small | src: DOGAMI MILO-4 ID_07534</description><styleUrl>#milo_gold</styleUrl><Point><coordinates>-122.648595,43.568980,0</coordinates></Point></Placemark><Placemark><name>Mystery Vein</name><description>MILO gold | copper, zinc, gold, silver, lead | lode | discovered ? | prod started ? | size: n/a | src: DOGAMI MILO-4 ID_07535</description><styleUrl>#milo_gold</styleUrl><Point><coordinates>-122.643268,43.576552,0</coordinates></Point></Placemark><Placemark><name>California Vein</name><description>MILO gold | gold, silver, copper | lode | discovered ? | prod started ? | size: n/a | src: DOGAMI MILO-4 ID_07536</description><styleUrl>#milo_gold</styleUrl><Point><coordinates>-122.654125,43.579901,0</coordinates></Point></Placemark><Placemark><name>Rienzi claim</name><description>MILO gold | gold | lode | discovered ? | prod started ? | size: n/a | src: DOGAMI MILO-4 ID_07537</description><styleUrl>#milo_gold</styleUrl><Point><coordinates>-122.644610,43.569536,0</coordinates></Point></Placemark><Placemark><name>Tipperary</name><description>MILO gold | gold, silver, copper | lode | discovered ? | prod started ? | size: n/a | src: DOGAMI MILO-4 ID_07538</description><styleUrl>#milo_gold</styleUrl><Point><coordinates>-122.648980,43.572739,0</coordinates></Point></Placemark><Placemark><name>Champion 1200 Level</name><description>MILO gold | gold, silver, lead, zinc, copper | lode | discovered ? | prod started ? | size: small | src: DOGAMI MILO-4 ID_07539</description><styleUrl>#milo_gold</styleUrl><Point><coordinates>-122.633795,43.580958,0</coordinates></Point></Placemark><Placemark><name>Vindicator</name><description>MILO gold | gold, silver, zinc, lead, copper | lode | discovered ? | prod started ? | size: n/a | src: DOGAMI MILO-4 ID_07540</description><styleUrl>#milo_gold</styleUrl><Point><coordinates>-122.639515,43.582906,0</coordinates></Point></Placemark><Placemark><name>Mable Vein</name><description>MILO gold | gold, silver, zinc | lode | discovered ? | prod started ? | size: n/a | src: DOGAMI MILO-4 ID_07541</description><styleUrl>#milo_gold</styleUrl><Point><coordinates>-122.630515,43.579941,0</coordinates></Point></Placemark><Placemark><name>Cline adit</name><description>MILO gold | gold, silver, zinc | lode | discovered ? | prod started ? | size: n/a | src: DOGAMI MILO-4 ID_07542</description><styleUrl>#milo_gold</styleUrl><Point><coordinates>-122.639725,43.574539,0</coordinates></Point></Placemark><Placemark><name>Yellowjacket</name><description>MILO gold | gold, silver, zinc | lode | discovered ? | prod started ? | size: n/a | src: DOGAMI MILO-4 ID_07543</description><styleUrl>#milo_gold</styleUrl><Point><coordinates>-122.632813,43.574505,0</coordinates></Point></Placemark><Placemark><name>War Eagle No.1 and 2</name><description>MILO gold | gold, copper, lead, zinc | lode | discovered ? | prod started ? | size: small | src: DOGAMI MILO-4 ID_07544</description><styleUrl>#milo_gold</styleUrl><Point><coordinates>-122.638905,43.578367,0</coordinates></Point></Placemark><Placemark><name>Black Hawk</name><description>MILO gold | gold, silver | unknown | discovered ? | prod started ? | size: n/a | src: DOGAMI MILO-4 ID_07545</description><styleUrl>#milo_gold</styleUrl><Point><coordinates>-122.631425,43.575096,0</coordinates></Point></Placemark><Placemark><name>Sehrs</name><description>MILO gold | gold | unknown | discovered ? | prod started ? | size: n/a | src: DOGAMI MILO-4 ID_07546</description><styleUrl>#milo_gold</styleUrl><Point><coordinates>-122.632150,43.576411,0</coordinates></Point></Placemark><Placemark><name>Grouse Mountain Proj/Birdie Vein</name><description>MILO gold | gold | unknown | discovered ? | prod started ? | size: n/a | src: DOGAMI MILO-4 ID_07547</description><styleUrl>#milo_gold</styleUrl><Point><coordinates>-122.627114,43.576487,0</coordinates></Point></Placemark><Placemark><name>Excelsior Vein</name><description>MILO gold | gold | unknown | discovered ? | prod started ? | size: n/a | src: DOGAMI MILO-4 ID_07548</description><styleUrl>#milo_gold</styleUrl><Point><coordinates>-122.634296,43.579536,0</coordinates></Point></Placemark><Placemark><name>Combination Group</name><description>MILO gold | silver, gold, lead, zinc, copper | lode | discovered ? | prod started ? | size: n/a | src: DOGAMI MILO-4 ID_07549</description><styleUrl>#milo_gold</styleUrl><Point><coordinates>-122.742795,43.558847,0</coordinates></Point></Placemark><Placemark><name>Goldenstar Mine (upper adit)</name><description>MILO gold | gold | lode | discovered ? | prod started ? | size: small | src: DOGAMI MILO-4 ID_07550</description><styleUrl>#milo_gold</styleUrl><Point><coordinates>-122.706040,43.561214,0</coordinates></Point></Placemark><Placemark><name>Bull Lead</name><description>MILO gold | gold, silver, copper, lead | lode | discovered ? | prod started ? | size: n/a | src: DOGAMI MILO-4 ID_07551</description><styleUrl>#milo_gold</styleUrl><Point><coordinates>-122.666302,43.567556,0</coordinates></Point></Placemark><Placemark><name>Rattlesnake Vein</name><description>MILO gold | gold, silver, copper | lode | discovered ? | prod started ? | size: n/a | src: DOGAMI MILO-4 ID_07552</description><styleUrl>#milo_gold</styleUrl><Point><coordinates>-122.663820,43.566587,0</coordinates></Point></Placemark><Placemark><name>Tall Timber Veins</name><description>MILO gold | antimony, lead, gold, silver, copper | lode | discovered ? | prod started ? | size: n/a | src: DOGAMI MILO-4 ID_07553</description><styleUrl>#milo_gold</styleUrl><Point><coordinates>-122.667621,43.566930,0</coordinates></Point></Placemark><Placemark><name>Glenwood</name><description>MILO gold | gold, silver | lode | discovered ? | prod started ? | size: n/a | src: DOGAMI MILO-4 ID_07554</description><styleUrl>#milo_gold</styleUrl><Point><coordinates>-122.668233,43.558828,0</coordinates></Point></Placemark><Placemark><name>Elkhorn</name><description>MILO gold | gold | unknown | discovered ? | prod started ? | size: n/a | src: DOGAMI MILO-4 ID_07555</description><styleUrl>#milo_gold</styleUrl><Point><coordinates>-122.674578,43.563579,0</coordinates></Point></Placemark><Placemark><name>Risseu Property</name><description>MILO gold | gold, silver, antimony | lode | discovered ? | prod started ? | size: n/a | src: DOGAMI MILO-4 ID_07556</description><styleUrl>#milo_gold</styleUrl><Point><coordinates>-122.669841,43.564116,0</coordinates></Point></Placemark><Placemark><name>El Capitan (upper adit)</name><description>MILO gold | gold, silver, antimony, copper, lead | lode | discovered 1898 | prod started ? | size: small | src: DOGAMI MILO-4 ID_07557</description><styleUrl>#milo_gold</styleUrl><Point><coordinates>-122.649137,43.560285,0</coordinates></Point></Placemark><Placemark><name>Henry Clay</name><description>MILO gold | gold | unknown | discovered ? | prod started ? | size: n/a | src: DOGAMI MILO-4 ID_07558</description><styleUrl>#milo_gold</styleUrl><Point><coordinates>-122.645526,43.554861,0</coordinates></Point></Placemark><Placemark><name>Cripple Creek Vein</name><description>MILO gold | gold, silver, zinc | lode | discovered ? | prod started ? | size: n/a | src: DOGAMI MILO-4 ID_07560</description><styleUrl>#milo_gold</styleUrl><Point><coordinates>-122.640666,43.567933,0</coordinates></Point></Placemark><Placemark><name>Western Vein</name><description>MILO gold | gold, silver, zinc, lead, copper | lode | discovered ? | prod started ? | size: small | src: DOGAMI MILO-4 ID_07561</description><styleUrl>#milo_gold</styleUrl><Point><coordinates>-122.635252,43.566010,0</coordinates></Point></Placemark><Placemark><name>Martha W.</name><description>MILO gold | zinc, gold, silver | lode | discovered ? | prod started ? | size: n/a | src: DOGAMI MILO-4 ID_07563</description><styleUrl>#milo_gold</styleUrl><Point><coordinates>-122.638006,43.555523,0</coordinates></Point></Placemark><Placemark><name>Burkhart</name><description>MILO gold | gold | unknown | discovered ? | prod started ? | size: n/a | src: DOGAMI MILO-4 ID_07564</description><styleUrl>#milo_gold</styleUrl><Point><coordinates>-122.730211,43.547738,0</coordinates></Point></Placemark><Placemark><name>Scorpion</name><description>MILO gold | gold | unknown | discovered ? | prod started ? | size: n/a | src: DOGAMI MILO-4 ID_07565</description><styleUrl>#milo_gold</styleUrl><Point><coordinates>-122.648282,43.548249,0</coordinates></Point></Placemark><Placemark><name>Redsides claim</name><description>MILO gold | gold, silver | lode | discovered 1905 | prod started ? | size: n/a | src: DOGAMI MILO-4 ID_07566</description><styleUrl>#milo_gold</styleUrl><Point><coordinates>-122.662015,43.553182,0</coordinates></Point></Placemark><Placemark><name>Annie Trail No.5</name><description>MILO gold | gold | unknown | discovered ? | prod started ? | size: n/a | src: DOGAMI MILO-4 ID_07567</description><styleUrl>#milo_gold</styleUrl><Point><coordinates>-122.607776,43.612021,0</coordinates></Point></Placemark><Placemark><name>Santa Barbara</name><description>MILO gold | zinc, gold, silver | lode | discovered ? | prod started ? | size: n/a | src: DOGAMI MILO-4 ID_07568</description><styleUrl>#milo_gold</styleUrl><Point><coordinates>-122.608212,43.609683,0</coordinates></Point></Placemark><Placemark><name>Jumbo Creek prospect</name><description>MILO gold | copper, zinc, gold | lode | discovered ? | prod started ? | size: n/a | src: DOGAMI MILO-4 ID_07569</description><styleUrl>#milo_gold</styleUrl><Point><coordinates>-122.615138,43.610818,0</coordinates></Point></Placemark><Placemark><name>Annie Trail No.3</name><description>MILO gold | gold | unknown | discovered ? | prod started ? | size: n/a | src: DOGAMI MILO-4 ID_07570</description><styleUrl>#milo_gold</styleUrl><Point><coordinates>-122.614979,43.605648,0</coordinates></Point></Placemark><Placemark><name>Annie Trail No.4</name><description>MILO gold | gold | unknown | discovered ? | prod started ? | size: n/a | src: DOGAMI MILO-4 ID_07571</description><styleUrl>#milo_gold</styleUrl><Point><coordinates>-122.619280,43.609150,0</coordinates></Point></Placemark><Placemark><name>Annie Trail No.1</name><description>MILO gold | gold | unknown | discovered ? | prod started ? | size: n/a | src: DOGAMI MILO-4 ID_07572</description><styleUrl>#milo_gold</styleUrl><Point><coordinates>-122.588387,43.589863,0</coordinates></Point></Placemark><Placemark><name>Annie Trail No.2</name><description>MILO gold | gold | unknown | discovered ? | prod started ? | size: n/a | src: DOGAMI MILO-4 ID_07573</description><styleUrl>#milo_gold</styleUrl><Point><coordinates>-122.610050,43.602498,0</coordinates></Point></Placemark><Placemark><name>Stonewall</name><description>MILO gold | zinc, lead, gold, silver, copper | lode | discovered ? | prod started ? | size: n/a | src: DOGAMI MILO-4 ID_07574</description><styleUrl>#milo_gold</styleUrl><Point><coordinates>-122.589345,43.591348,0</coordinates></Point></Placemark><Placemark><name>Blue Bird Vein</name><description>MILO gold | gold, silver, copper, lead | unknown | discovered ? | prod started ? | size: n/a | src: DOGAMI MILO-4 ID_07575</description><styleUrl>#milo_gold</styleUrl><Point><coordinates>-122.623509,43.584340,0</coordinates></Point></Placemark><Placemark><name>White Bear Vein</name><description>MILO gold | gold, silver, copper, lead | unknown | discovered ? | prod started ? | size: n/a | src: DOGAMI MILO-4 ID_07576</description><styleUrl>#milo_gold</styleUrl><Point><coordinates>-122.625366,43.588503,0</coordinates></Point></Placemark><Placemark><name>Sunset Vein</name><description>MILO gold | gold, silver | unknown | discovered ? | prod started ? | size: n/a | src: DOGAMI MILO-4 ID_07577</description><styleUrl>#milo_gold</styleUrl><Point><coordinates>-122.620577,43.571049,0</coordinates></Point></Placemark><Placemark><name>Noonday Mine (Level 3 crosscut)</name><description>MILO gold | gold, silver, copper, lead | lode | discovered 1890 | prod started ? | size: small | src: DOGAMI MILO-4 ID_07578</description><styleUrl>#milo_gold</styleUrl><Point><coordinates>-122.616800,43.578515,0</coordinates></Point></Placemark><Placemark><name>Gray Eagle</name><description>MILO gold | gold, silver | lode | discovered ? | prod started ? | size: n/a | src: DOGAMI MILO-4 ID_07579</description><styleUrl>#milo_gold</styleUrl><Point><coordinates>-122.619182,43.574979,0</coordinates></Point></Placemark><Placemark><name>Helena Mine (400 level)</name><description>MILO gold | gold | unknown | discovered ? | prod started ? | size: n/a | src: DOGAMI MILO-4 ID_07580</description><styleUrl>#milo_gold</styleUrl><Point><coordinates>-122.615192,43.584734,0</coordinates></Point></Placemark><Placemark><name>Helena Mine (700 level)</name><description>MILO gold | gold, silver, zinc, lead, copper, antimony, barium | lode | discovered ? | prod started ? | size: small | src: DOGAMI MILO-4 ID_07581</description><styleUrl>#milo_gold</styleUrl><Point><coordinates>-122.613635,43.584153,0</coordinates></Point></Placemark><Placemark><name>Myrtle Vein</name><description>MILO gold | gold, silver, zinc | lode | discovered ? | prod started ? | size: n/a | src: DOGAMI MILO-4 ID_07582</description><styleUrl>#milo_gold</styleUrl><Point><coordinates>-122.606495,43.575967,0</coordinates></Point></Placemark><Placemark><name>Paymaster Vein</name><description>MILO gold | gold, silver | lode | discovered ? | prod started ? | size: n/a | src: DOGAMI MILO-4 ID_07583</description><styleUrl>#milo_gold</styleUrl><Point><coordinates>-122.603293,43.579320,0</coordinates></Point></Placemark><Placemark><name>Copper King</name><description>MILO gold | gold, silver, zinc, lead | lode | discovered ? | prod started ? | size: n/a | src: DOGAMI MILO-4 ID_07584</description><styleUrl>#milo_gold</styleUrl><Point><coordinates>-122.597896,43.576779,0</coordinates></Point></Placemark><Placemark><name>Professor Vein</name><description>MILO gold | zinc, lead, copper, gold, silver, barium | lode | discovered ? | prod started ? | size: n/a | src: DOGAMI MILO-4 ID_07585</description><styleUrl>#milo_gold</styleUrl><Point><coordinates>-122.592380,43.583499,0</coordinates></Point></Placemark><Placemark><name>Syndicate Group</name><description>MILO gold | gold, silver | unknown | discovered ? | prod started ? | size: n/a | src: DOGAMI MILO-4 ID_07586</description><styleUrl>#milo_gold</styleUrl><Point><coordinates>-122.604662,43.575838,0</coordinates></Point></Placemark><Placemark><name>Owl Vein</name><description>MILO gold | gold, silver | unknown | discovered ? | prod started ? | size: n/a | src: DOGAMI MILO-4 ID_07587</description><styleUrl>#milo_gold</styleUrl><Point><coordinates>-122.604815,43.577620,0</coordinates></Point></Placemark><Placemark><name>Knott claim</name><description>MILO gold | gold | lode | discovered ? | prod started ? | size: small | src: DOGAMI MILO-4 ID_07588</description><styleUrl>#milo_gold</styleUrl><Point><coordinates>-122.625581,43.578708,0</coordinates></Point></Placemark><Placemark><name>Ingham Group</name><description>MILO gold | gold, silver | lode | discovered ? | prod started ? | size: n/a | src: DOGAMI MILO-4 ID_07589</description><styleUrl>#milo_gold</styleUrl><Point><coordinates>-122.616744,43.569899,0</coordinates></Point></Placemark><Placemark><name>Oregon-Colorado, lower adit</name><description>MILO gold | gold, silver, copper | lode | discovered ? | prod started ? | size: n/a | src: DOGAMI MILO-4 ID_07590</description><styleUrl>#milo_gold</styleUrl><Point><coordinates>-122.613733,43.558624,0</coordinates></Point></Placemark><Placemark><name>Gold Cross</name><description>MILO gold | gold, silver | lode | discovered ? | prod started ? | size: n/a | src: DOGAMI MILO-4 ID_07591</description><styleUrl>#milo_gold</styleUrl><Point><coordinates>-122.610039,43.568738,0</coordinates></Point></Placemark><Placemark><name>Great Falls Vein</name><description>MILO gold | gold, silver | unknown | discovered ? | prod started ? | size: n/a | src: DOGAMI MILO-4 ID_07592</description><styleUrl>#milo_gold</styleUrl><Point><coordinates>-122.618635,43.568368,0</coordinates></Point></Placemark><Placemark><name>Gold Dollar Vein</name><description>MILO gold | gold, silver | unknown | discovered ? | prod started ? | size: n/a | src: DOGAMI MILO-4 ID_07593</description><styleUrl>#milo_gold</styleUrl><Point><coordinates>-122.615770,43.569099,0</coordinates></Point></Placemark><Placemark><name>Mayflower Mine</name><description>MILO gold | lead, zinc, copper, gold, silver | lode | discovered ? | prod started ? | size: small | src: DOGAMI MILO-4 ID_07594</description><styleUrl>#milo_gold</styleUrl><Point><coordinates>-122.593136,43.571886,0</coordinates></Point></Placemark><Placemark><name>Mineral King</name><description>MILO gold | gold | placer (heuristic: surface workings) | discovered ? | prod started ? | size: n/a | src: DOGAMI MILO-4 ID_07595</description><styleUrl>#milo_gold</styleUrl><Point><coordinates>-122.600541,43.559541,0</coordinates></Point></Placemark><Placemark><name>Riverside</name><description>MILO gold | gold, silver, copper | lode | discovered ? | prod started ? | size: n/a | src: DOGAMI MILO-4 ID_07596</description><styleUrl>#milo_gold</styleUrl><Point><coordinates>-122.592756,43.559219,0</coordinates></Point></Placemark><Placemark><name>Golden Slipper</name><description>MILO gold | gold, silver | lode | discovered ? | prod started ? | size: n/a | src: DOGAMI MILO-4 ID_07597</description><styleUrl>#milo_gold</styleUrl><Point><coordinates>-122.592968,43.567489,0</coordinates></Point></Placemark><Placemark><name>Confidence</name><description>MILO gold | gold, silver, copper | unknown | discovered ? | prod started ? | size: n/a | src: DOGAMI MILO-4 ID_07598</description><styleUrl>#milo_gold</styleUrl><Point><coordinates>-122.609212,43.556055,0</coordinates></Point></Placemark><Placemark><name>Gold King</name><description>MILO gold | gold | unknown | discovered ? | prod started ? | size: n/a | src: DOGAMI MILO-4 ID_07599</description><styleUrl>#milo_gold</styleUrl><Point><coordinates>-122.602848,43.548427,0</coordinates></Point></Placemark><Placemark><name>Doddlebug claims 1-3</name><description>MILO gold | gold | unknown | discovered ? | prod started ? | size: n/a | src: DOGAMI MILO-4 ID_07600</description><styleUrl>#milo_gold</styleUrl><Point><coordinates>-122.596094,43.501721,0</coordinates></Point></Placemark><Placemark><name>City Creek</name><description>MILO gold | gold | unknown | discovered ? | prod started ? | size: n/a | src: DOGAMI MILO-4 ID_07606</description><styleUrl>#milo_gold</styleUrl><Point><coordinates>-122.601816,43.480511,0</coordinates></Point></Placemark><Placemark><name>gold prospect</name><description>MILO gold | gold | unknown | discovered ? | prod started ? | size: n/a | src: DOGAMI MILO-4 ID_07607</description><styleUrl>#milo_gold</styleUrl><Point><coordinates>-122.601720,43.478831,0</coordinates></Point></Placemark><Placemark><name>Shotgun</name><description>MILO gold | gold, silver, zinc | lode | discovered ? | prod started ? | size: n/a | src: DOGAMI MILO-4 ID_13977</description><styleUrl>#milo_gold</styleUrl><Point><coordinates>-122.643695,43.588994,0</coordinates></Point></Placemark><Placemark><name>Shotgun</name><description>MILO gold | gold, silver, zinc | lode | discovered ? | prod started ? | size: n/a | src: DOGAMI MILO-4 ID_13978</description><styleUrl>#milo_gold</styleUrl><Point><coordinates>-122.645418,43.589583,0</coordinates></Point></Placemark><Placemark><name>Shotgun</name><description>MILO gold | gold, silver, zinc | lode | discovered ? | prod started ? | size: n/a | src: DOGAMI MILO-4 ID_13979</description><styleUrl>#milo_gold</styleUrl><Point><coordinates>-122.645095,43.589440,0</coordinates></Point></Placemark><Placemark><name>Shotgun</name><description>MILO gold | gold, silver, zinc | lode | discovered ? | prod started ? | size: n/a | src: DOGAMI MILO-4 ID_13980</description><styleUrl>#milo_gold</styleUrl><Point><coordinates>-122.644709,43.589268,0</coordinates></Point></Placemark><Placemark><name>Shotgun</name><description>MILO gold | gold, silver, zinc | lode | discovered ? | prod started ? | size: n/a | src: DOGAMI MILO-4 ID_13981</description><styleUrl>#milo_gold</styleUrl><Point><coordinates>-122.642123,43.588501,0</coordinates></Point></Placemark><Placemark><name>Shotgun</name><description>MILO gold | gold, silver, zinc | lode | discovered ? | prod started ? | size: n/a | src: DOGAMI MILO-4 ID_13982</description><styleUrl>#milo_gold</styleUrl><Point><coordinates>-122.642732,43.588622,0</coordinates></Point></Placemark><Placemark><name>Shotgun</name><description>MILO gold | gold, silver, zinc | lode | discovered ? | prod started ? | size: n/a | src: DOGAMI MILO-4 ID_13983</description><styleUrl>#milo_gold</styleUrl><Point><coordinates>-122.643240,43.588780,0</coordinates></Point></Placemark><Placemark><name>Star Group</name><description>MILO gold | gold, silver, zinc | unknown | discovered ? | prod started ? | size: n/a | src: DOGAMI MILO-4 ID_13984</description><styleUrl>#milo_gold</styleUrl><Point><coordinates>-122.645183,43.585124,0</coordinates></Point></Placemark><Placemark><name>Leroy</name><description>MILO gold | copper, zinc, gold, silver, lead | lode | discovered ? | prod started ? | size: n/a | src: DOGAMI MILO-4 ID_13985</description><styleUrl>#milo_gold</styleUrl><Point><coordinates>-122.637620,43.590352,0</coordinates></Point></Placemark><Placemark><name>Shotgun</name><description>MILO gold | gold, silver, zinc | lode | discovered ? | prod started ? | size: n/a | src: DOGAMI MILO-4 ID_13986</description><styleUrl>#milo_gold</styleUrl><Point><coordinates>-122.641358,43.588028,0</coordinates></Point></Placemark><Placemark><name>Cross Vein</name><description>MILO gold | gold, silver, copper | lode | discovered ? | prod started ? | size: n/a | src: DOGAMI MILO-4 ID_13987</description><styleUrl>#milo_gold</styleUrl><Point><coordinates>-122.637089,43.585761,0</coordinates></Point></Placemark><Placemark><name>Cross Vein</name><description>MILO gold | gold, silver, copper | lode | discovered ? | prod started ? | size: n/a | src: DOGAMI MILO-4 ID_13988</description><styleUrl>#milo_gold</styleUrl><Point><coordinates>-122.636301,43.586554,0</coordinates></Point></Placemark><Placemark><name>Vindicator</name><description>MILO gold | gold, silver, zinc, lead, copper | lode | discovered ? | prod started ? | size: n/a | src: DOGAMI MILO-4 ID_13989</description><styleUrl>#milo_gold</styleUrl><Point><coordinates>-122.639986,43.583123,0</coordinates></Point></Placemark><Placemark><name>Tipperary</name><description>MILO gold | gold, silver, copper | lode | discovered ? | prod started ? | size: n/a | src: DOGAMI MILO-4 ID_13990</description><styleUrl>#milo_gold</styleUrl><Point><coordinates>-122.647861,43.572018,0</coordinates></Point></Placemark><Placemark><name>Tipperary</name><description>MILO gold | gold, silver, copper | lode | discovered ? | prod started ? | size: n/a | src: DOGAMI MILO-4 ID_13991</description><styleUrl>#milo_gold</styleUrl><Point><coordinates>-122.648008,43.571677,0</coordinates></Point></Placemark><Placemark><name>Tipperary</name><description>MILO gold | gold, silver, copper | lode | discovered ? | prod started ? | size: n/a | src: DOGAMI MILO-4 ID_13992</description><styleUrl>#milo_gold</styleUrl><Point><coordinates>-122.647782,43.571403,0</coordinates></Point></Placemark><Placemark><name>Tipperary</name><description>MILO gold | gold, silver, copper | lode | discovered ? | prod started ? | size: n/a | src: DOGAMI MILO-4 ID_13993</description><styleUrl>#milo_gold</styleUrl><Point><coordinates>-122.647449,43.571617,0</coordinates></Point></Placemark><Placemark><name>Tipperary</name><description>MILO gold | gold, silver, copper | lode | discovered ? | prod started ? | size: n/a | src: DOGAMI MILO-4 ID_13994</description><styleUrl>#milo_gold</styleUrl><Point><coordinates>-122.647582,43.571989,0</coordinates></Point></Placemark><Placemark><name>prospect</name><description>MILO gold | gold | lode | discovered ? | prod started ? | size: n/a | src: DOGAMI MILO-4 ID_13995</description><styleUrl>#milo_gold</styleUrl><Point><coordinates>-122.645736,43.568882,0</coordinates></Point></Placemark><Placemark><name>Peekaboo</name><description>MILO gold | gold, silver, copper, zinc, lead | lode | discovered ? | prod started ? | size: small | src: DOGAMI MILO-4 ID_13996</description><styleUrl>#milo_gold</styleUrl><Point><coordinates>-122.648794,43.568447,0</coordinates></Point></Placemark><Placemark><name>prospect</name><description>MILO gold | gold | unknown | discovered ? | prod started ? | size: n/a | src: DOGAMI MILO-4 ID_13997</description><styleUrl>#milo_gold</styleUrl><Point><coordinates>-122.647096,43.582157,0</coordinates></Point></Placemark><Placemark><name>Ophir</name><description>MILO gold | gold, silver, lead | lode | discovered ? | prod started ? | size: n/a | src: DOGAMI MILO-4 ID_13998</description><styleUrl>#milo_gold</styleUrl><Point><coordinates>-122.650186,43.574623,0</coordinates></Point></Placemark><Placemark><name>Ophir</name><description>MILO gold | gold, silver, lead | lode | discovered ? | prod started ? | size: n/a | src: DOGAMI MILO-4 ID_13999</description><styleUrl>#milo_gold</styleUrl><Point><coordinates>-122.650359,43.574936,0</coordinates></Point></Placemark><Placemark><name>Ophir</name><description>MILO gold | gold, silver, lead | lode | discovered ? | prod started ? | size: n/a | src: DOGAMI MILO-4 ID_14000</description><styleUrl>#milo_gold</styleUrl><Point><coordinates>-122.650468,43.575181,0</coordinates></Point></Placemark><Placemark><name>Vindicator</name><description>MILO gold | gold, silver, zinc, lead, copper | lode | discovered ? | prod started ? | size: n/a | src: DOGAMI MILO-4 ID_14001</description><styleUrl>#milo_gold</styleUrl><Point><coordinates>-122.637313,43.582946,0</coordinates></Point></Placemark><Placemark><name>Vindicator</name><description>MILO gold | gold, silver, zinc, lead, copper | lode | discovered ? | prod started ? | size: n/a | src: DOGAMI MILO-4 ID_14002</description><styleUrl>#milo_gold</styleUrl><Point><coordinates>-122.637642,43.583119,0</coordinates></Point></Placemark><Placemark><name>Vindicator</name><description>MILO gold | gold, silver, zinc, lead, copper | lode | discovered ? | prod started ? | size: n/a | src: DOGAMI MILO-4 ID_14003</description><styleUrl>#milo_gold</styleUrl><Point><coordinates>-122.638090,43.582695,0</coordinates></Point></Placemark><Placemark><name>Goldenstar Mine</name><description>MILO gold | gold | lode | discovered ? | prod started ? | size: small | src: DOGAMI MILO-4 ID_14004</description><styleUrl>#milo_gold</styleUrl><Point><coordinates>-122.704238,43.561126,0</coordinates></Point></Placemark><Placemark><name>Star Mine</name><description>MILO gold | gold | lode | discovered ? | prod started ? | size: small | src: DOGAMI MILO-4 ID_14005</description><styleUrl>#milo_gold</styleUrl><Point><coordinates>-122.705274,43.559613,0</coordinates></Point></Placemark><Placemark><name>Goldenstar Mine</name><description>MILO gold | gold | lode | discovered ? | prod started ? | size: small | src: DOGAMI MILO-4 ID_14006</description><styleUrl>#milo_gold</styleUrl><Point><coordinates>-122.702599,43.560359,0</coordinates></Point></Placemark><Placemark><name>Peekaboo</name><description>MILO gold | gold, silver, copper, zinc, lead | lode | discovered ? | prod started ? | size: small | src: DOGAMI MILO-4 ID_14007</description><styleUrl>#milo_gold</styleUrl><Point><coordinates>-122.648754,43.568871,0</coordinates></Point></Placemark><Placemark><name>Peekaboo</name><description>MILO gold | gold, silver, copper, zinc, lead | lode | discovered ? | prod started ? | size: small | src: DOGAMI MILO-4 ID_14008</description><styleUrl>#milo_gold</styleUrl><Point><coordinates>-122.649938,43.567956,0</coordinates></Point></Placemark><Placemark><name>Peekaboo</name><description>MILO gold | gold, silver, copper, zinc, lead | lode | discovered ? | prod started ? | size: small | src: DOGAMI MILO-4 ID_14009</description><styleUrl>#milo_gold</styleUrl><Point><coordinates>-122.649564,43.567757,0</coordinates></Point></Placemark><Placemark><name>Peekaboo</name><description>MILO gold | gold, silver, copper, zinc, lead | lode | discovered ? | prod started ? | size: small | src: DOGAMI MILO-4 ID_14010</description><styleUrl>#milo_gold</styleUrl><Point><coordinates>-122.649644,43.567251,0</coordinates></Point></Placemark><Placemark><name>Peekaboo</name><description>MILO gold | gold, silver, copper, zinc, lead | lode | discovered ? | prod started ? | size: small | src: DOGAMI MILO-4 ID_14011</description><styleUrl>#milo_gold</styleUrl><Point><coordinates>-122.649443,43.567586,0</coordinates></Point></Placemark><Placemark><name>Peekaboo</name><description>MILO gold | gold, silver, copper, zinc, lead | lode | discovered ? | prod started ? | size: small | src: DOGAMI MILO-4 ID_14012</description><styleUrl>#milo_gold</styleUrl><Point><coordinates>-122.648960,43.568282,0</coordinates></Point></Placemark><Placemark><name>Cripple Creek Vein</name><description>MILO gold | gold, silver, zinc | lode | discovered ? | prod started ? | size: n/a | src: DOGAMI MILO-4 ID_14013</description><styleUrl>#milo_gold</styleUrl><Point><coordinates>-122.639781,43.565990,0</coordinates></Point></Placemark><Placemark><name>Cripple Creek Vein</name><description>MILO gold | gold, silver, zinc | lode | discovered ? | prod started ? | size: n/a | src: DOGAMI MILO-4 ID_14014</description><styleUrl>#milo_gold</styleUrl><Point><coordinates>-122.639472,43.565706,0</coordinates></Point></Placemark><Placemark><name>Grizzly Vein</name><description>MILO gold | gold, silver, zinc | lode | discovered ? | prod started ? | size: n/a | src: DOGAMI MILO-4 ID_14019</description><styleUrl>#milo_gold</styleUrl><Point><coordinates>-122.627254,43.594610,0</coordinates></Point></Placemark><Placemark><name>Ingham Group</name><description>MILO gold | gold, silver | lode | discovered ? | prod started ? | size: n/a | src: DOGAMI MILO-4 ID_14020</description><styleUrl>#milo_gold</styleUrl><Point><coordinates>-122.619578,43.570138,0</coordinates></Point></Placemark><Placemark><name>Ingham Group</name><description>MILO gold | gold, silver | lode | discovered ? | prod started ? | size: n/a | src: DOGAMI MILO-4 ID_14021</description><styleUrl>#milo_gold</styleUrl><Point><coordinates>-122.620142,43.570915,0</coordinates></Point></Placemark><Placemark><name>Gold Dollar Vein</name><description>MILO gold | gold, silver | unknown | discovered ? | prod started ? | size: n/a | src: DOGAMI MILO-4 ID_14022</description><styleUrl>#milo_gold</styleUrl><Point><coordinates>-122.617897,43.569653,0</coordinates></Point></Placemark><Placemark><name>Gold Dollar Vein</name><description>MILO gold | gold, silver | unknown | discovered ? | prod started ? | size: n/a | src: DOGAMI MILO-4 ID_14023</description><styleUrl>#milo_gold</styleUrl><Point><coordinates>-122.616087,43.570069,0</coordinates></Point></Placemark><Placemark><name>Gold Dollar Vein</name><description>MILO gold | gold, silver | unknown | discovered ? | prod started ? | size: n/a | src: DOGAMI MILO-4 ID_14024</description><styleUrl>#milo_gold</styleUrl><Point><coordinates>-122.616611,43.570090,0</coordinates></Point></Placemark><Placemark><name>Gold Cross</name><description>MILO gold | gold, silver | lode | discovered ? | prod started ? | size: n/a | src: DOGAMI MILO-4 ID_14025</description><styleUrl>#milo_gold</styleUrl><Point><coordinates>-122.610649,43.569009,0</coordinates></Point></Placemark><Placemark><name>Gold Cross</name><description>MILO gold | gold, silver | lode | discovered ? | prod started ? | size: n/a | src: DOGAMI MILO-4 ID_14026</description><styleUrl>#milo_gold</styleUrl><Point><coordinates>-122.612399,43.569823,0</coordinates></Point></Placemark><Placemark><name>Gold Cross</name><description>MILO gold | gold, silver | lode | discovered ? | prod started ? | size: n/a | src: DOGAMI MILO-4 ID_14027</description><styleUrl>#milo_gold</styleUrl><Point><coordinates>-122.613615,43.570311,0</coordinates></Point></Placemark><Placemark><name>Gold Cross</name><description>MILO gold | gold, silver | lode | discovered ? | prod started ? | size: n/a | src: DOGAMI MILO-4 ID_14028</description><styleUrl>#milo_gold</styleUrl><Point><coordinates>-122.614358,43.570527,0</coordinates></Point></Placemark><Placemark><name>Beverly mine (west)</name><description>MILO gold | gold, silver, copper, lead, zinc | unknown | discovered ? | prod started ? | size: n/a | src: DOGAMI MILO-4 ID_17238</description><styleUrl>#milo_gold</styleUrl><Point><coordinates>-122.635639,43.628082,0</coordinates></Point></Placemark><Placemark><name>Katmai, Beverly mine (east)</name><description>MILO gold | gold, silver, copper, lead, zinc | unknown | discovered ? | prod started ? | size: n/a | src: DOGAMI MILO-4 ID_17239</description><styleUrl>#milo_gold</styleUrl><Point><coordinates>-122.633381,43.629673,0</coordinates></Point></Placemark><Placemark><name>Canyon View Claim mine</name><description>MILO gold | gold, silver, copper, lead, zinc | lode | discovered ? | prod started ? | size: n/a | src: DOGAMI MILO-4 ID_17240</description><styleUrl>#milo_gold</styleUrl><Point><coordinates>-122.637840,43.628499,0</coordinates></Point></Placemark><Placemark><name>Iron Dyke adit</name><description>MILO gold | gold, silver, copper, lead, zinc | lode | discovered ? | prod started ? | size: n/a | src: DOGAMI MILO-4 ID_17241</description><styleUrl>#milo_gold</styleUrl><Point><coordinates>-122.640896,43.629297,0</coordinates></Point></Placemark><Placemark><name>prospect</name><description>MILO gold | gold, silver, copper, lead, zinc | unknown | discovered ? | prod started ? | size: n/a | src: DOGAMI MILO-4 ID_17242</description><styleUrl>#milo_gold</styleUrl><Point><coordinates>-122.645142,43.628629,0</coordinates></Point></Placemark><Placemark><name>prospect</name><description>MILO gold | gold | unknown | discovered ? | prod started ? | size: n/a | src: DOGAMI MILO-4 ID_17243</description><styleUrl>#milo_gold</styleUrl><Point><coordinates>-122.646813,43.625300,0</coordinates></Point></Placemark><Placemark><name>discovery prospect</name><description>MILO gold | gold, silver, copper, lead, zinc | unknown | discovered ? | prod started ? | size: n/a | src: DOGAMI MILO-4 ID_17244</description><styleUrl>#milo_gold</styleUrl><Point><coordinates>-122.642661,43.628107,0</coordinates></Point></Placemark><Placemark><name>prospect</name><description>MILO gold | gold, silver, copper, lead, zinc | lode | discovered ? | prod started ? | size: small | src: DOGAMI MILO-4 ID_17245</description><styleUrl>#milo_gold</styleUrl><Point><coordinates>-122.640169,43.627851,0</coordinates></Point></Placemark><Placemark><name>Orchad mine (upper adit)</name><description>MILO gold | gold, copper, silver | lode | discovered ? | prod started ? | size: n/a | src: DOGAMI MILO-4 ID_17246</description><styleUrl>#milo_gold</styleUrl><Point><coordinates>-122.639503,43.630508,0</coordinates></Point></Placemark><Placemark><name>gold prospect</name><description>MILO gold | gold | placer (heuristic: surface workings) | discovered ? | prod started ? | size: No | src: DOGAMI MILO-4 ID_17255</description><styleUrl>#milo_gold</styleUrl><Point><coordinates>-122.793044,43.562541,0</coordinates></Point></Placemark><Placemark><name>prospect</name><description>MILO gold | zinc, lead, gold, silver, copper, antimony | lode | discovered ? | prod started ? | size: n/a | src: DOGAMI MILO-4 ID_17256</description><styleUrl>#milo_gold</styleUrl><Point><coordinates>-122.638816,43.623808,0</coordinates></Point></Placemark><Placemark><name>mine</name><description>MILO gold | zinc, lead, gold, silver, copper, antimony | lode | discovered ? | prod started ? | size: n/a | src: DOGAMI MILO-4 ID_17257</description><styleUrl>#milo_gold</styleUrl><Point><coordinates>-122.635692,43.623378,0</coordinates></Point></Placemark><Placemark><name>mine</name><description>MILO gold | zinc, lead, gold, silver, copper, antimony | lode | discovered ? | prod started ? | size: n/a | src: DOGAMI MILO-4 ID_17258</description><styleUrl>#milo_gold</styleUrl><Point><coordinates>-122.634042,43.623438,0</coordinates></Point></Placemark><Placemark><name>prospect</name><description>MILO gold | zinc, lead, gold, silver, copper, antimony | unknown | discovered ? | prod started ? | size: n/a | src: DOGAMI MILO-4 ID_17259</description><styleUrl>#milo_gold</styleUrl><Point><coordinates>-122.642795,43.623094,0</coordinates></Point></Placemark><Placemark><name>prospect</name><description>MILO gold | zinc, lead, gold, silver, copper, antimony | unknown | discovered ? | prod started ? | size: n/a | src: DOGAMI MILO-4 ID_17260</description><styleUrl>#milo_gold</styleUrl><Point><coordinates>-122.642875,43.622345,0</coordinates></Point></Placemark><Placemark><name>prospect</name><description>MILO gold | zinc, lead, gold, silver, copper, antimony | unknown | discovered ? | prod started ? | size: n/a | src: DOGAMI MILO-4 ID_17261</description><styleUrl>#milo_gold</styleUrl><Point><coordinates>-122.640763,43.623626,0</coordinates></Point></Placemark><Placemark><name>prospect</name><description>MILO gold | gold | lode | discovered ? | prod started ? | size: n/a | src: DOGAMI MILO-4 ID_17262</description><styleUrl>#milo_gold</styleUrl><Point><coordinates>-122.637330,43.610980,0</coordinates></Point></Placemark><Placemark><name>mine</name><description>MILO gold | gold | lode | discovered ? | prod started ? | size: n/a | src: DOGAMI MILO-4 ID_17263</description><styleUrl>#milo_gold</styleUrl><Point><coordinates>-122.629466,43.598970,0</coordinates></Point></Placemark><Placemark><name>mine</name><description>MILO gold | gold | lode | discovered ? | prod started ? | size: n/a | src: DOGAMI MILO-4 ID_17264</description><styleUrl>#milo_gold</styleUrl><Point><coordinates>-122.634871,43.608858,0</coordinates></Point></Placemark><Placemark><name>mine</name><description>MILO gold | gold | lode | discovered ? | prod started ? | size: n/a | src: DOGAMI MILO-4 ID_17265</description><styleUrl>#milo_gold</styleUrl><Point><coordinates>-122.635262,43.607806,0</coordinates></Point></Placemark><Placemark><name>prospect</name><description>MILO gold | gold | lode | discovered ? | prod started ? | size: n/a | src: DOGAMI MILO-4 ID_17266</description><styleUrl>#milo_gold</styleUrl><Point><coordinates>-122.667210,43.600622,0</coordinates></Point></Placemark><Placemark><name>Philco II/Cat Mountain Two</name><description>MILO gold | gold | lode | discovered ? | prod started ? | size: n/a | src: DOGAMI MILO-4 ID_17267</description><styleUrl>#milo_gold</styleUrl><Point><coordinates>-122.673184,43.602492,0</coordinates></Point></Placemark><Placemark><name>mine</name><description>MILO gold | gold, silver, copper | lode | discovered ? | prod started ? | size: n/a | src: DOGAMI MILO-4 ID_17268</description><styleUrl>#milo_gold</styleUrl><Point><coordinates>-122.659422,43.599314,0</coordinates></Point></Placemark><Placemark><name>mine</name><description>MILO gold | gold, silver, copper | lode | discovered ? | prod started ? | size: n/a | src: DOGAMI MILO-4 ID_17269</description><styleUrl>#milo_gold</styleUrl><Point><coordinates>-122.653066,43.599229,0</coordinates></Point></Placemark><Placemark><name>No.2 lower short adit</name><description>MILO gold | gold, silver, copper | lode | discovered ? | prod started ? | size: n/a | src: DOGAMI MILO-4 ID_17270</description><styleUrl>#milo_gold</styleUrl><Point><coordinates>-122.660738,43.599479,0</coordinates></Point></Placemark><Placemark><name>No.2 Claim</name><description>MILO gold | gold, silver, copper | unknown | discovered ? | prod started ? | size: n/a | src: DOGAMI MILO-4 ID_17271</description><styleUrl>#milo_gold</styleUrl><Point><coordinates>-122.660486,43.599455,0</coordinates></Point></Placemark><Placemark><name>No.2 Claim (upper adit)</name><description>MILO gold | gold, silver, copper | unknown | discovered ? | prod started ? | size: n/a | src: DOGAMI MILO-4 ID_17272</description><styleUrl>#milo_gold</styleUrl><Point><coordinates>-122.659462,43.599345,0</coordinates></Point></Placemark><Placemark><name>prospect</name><description>MILO gold | gold, silver, copper | unknown | discovered ? | prod started ? | size: n/a | src: DOGAMI MILO-4 ID_17273</description><styleUrl>#milo_gold</styleUrl><Point><coordinates>-122.654283,43.599761,0</coordinates></Point></Placemark><Placemark><name>prospect</name><description>MILO gold | gold, silver, copper | unknown | discovered ? | prod started ? | size: n/a | src: DOGAMI MILO-4 ID_17274</description><styleUrl>#milo_gold</styleUrl><Point><coordinates>-122.653783,43.599494,0</coordinates></Point></Placemark><Placemark><name>Grubstake Claim adit (upper)</name><description>MILO gold | gold, silver, copper | lode | discovered ? | prod started ? | size: n/a | src: DOGAMI MILO-4 ID_17275</description><styleUrl>#milo_gold</styleUrl><Point><coordinates>-122.655526,43.598253,0</coordinates></Point></Placemark><Placemark><name>No.2 Claim adit</name><description>MILO gold | gold, silver, copper | unknown | discovered ? | prod started ? | size: n/a | src: DOGAMI MILO-4 ID_17276</description><styleUrl>#milo_gold</styleUrl><Point><coordinates>-122.660595,43.598613,0</coordinates></Point></Placemark><Placemark><name>mine</name><description>MILO gold | gold, silver | lode | discovered ? | prod started ? | size: n/a | src: DOGAMI MILO-4 ID_17277</description><styleUrl>#milo_gold</styleUrl><Point><coordinates>-122.670564,43.592176,0</coordinates></Point></Placemark><Placemark><name>prospect</name><description>MILO gold | gold, silver | unknown | discovered ? | prod started ? | size: n/a | src: DOGAMI MILO-4 ID_17278</description><styleUrl>#milo_gold</styleUrl><Point><coordinates>-122.649047,43.586494,0</coordinates></Point></Placemark><Placemark><name>mine</name><description>MILO gold | gold, silver | lode | discovered ? | prod started ? | size: n/a | src: DOGAMI MILO-4 ID_17279</description><styleUrl>#milo_gold</styleUrl><Point><coordinates>-122.648707,43.586877,0</coordinates></Point></Placemark><Placemark><name>mine</name><description>MILO gold | gold, silver | lode | discovered ? | prod started ? | size: n/a | src: DOGAMI MILO-4 ID_17280</description><styleUrl>#milo_gold</styleUrl><Point><coordinates>-122.644508,43.586459,0</coordinates></Point></Placemark><Placemark><name>mine</name><description>MILO gold | gold, silver | lode | discovered ? | prod started ? | size: n/a | src: DOGAMI MILO-4 ID_17281</description><styleUrl>#milo_gold</styleUrl><Point><coordinates>-122.645140,43.586467,0</coordinates></Point></Placemark><Placemark><name>prospect</name><description>MILO gold | gold | lode | discovered ? | prod started ? | size: n/a | src: DOGAMI MILO-4 ID_17282</description><styleUrl>#milo_gold</styleUrl><Point><coordinates>-122.648160,43.582943,0</coordinates></Point></Placemark><Placemark><name>prospect</name><description>MILO gold | gold | unknown | discovered ? | prod started ? | size: n/a | src: DOGAMI MILO-4 ID_17283</description><styleUrl>#milo_gold</styleUrl><Point><coordinates>-122.649659,43.584248,0</coordinates></Point></Placemark><Placemark><name>Slide</name><description>MILO gold | gold | unknown | discovered ? | prod started ? | size: n/a | src: DOGAMI MILO-4 ID_17284</description><styleUrl>#milo_gold</styleUrl><Point><coordinates>-122.649369,43.583939,0</coordinates></Point></Placemark><Placemark><name>prospect</name><description>MILO gold | gold | unknown | discovered ? | prod started ? | size: n/a | src: DOGAMI MILO-4 ID_17285</description><styleUrl>#milo_gold</styleUrl><Point><coordinates>-122.649058,43.582928,0</coordinates></Point></Placemark><Placemark><name>adit</name><description>MILO gold | gold, lead, zinc, copper | lode | discovered ? | prod started ? | size: n/a | src: DOGAMI MILO-4 ID_17286</description><styleUrl>#milo_gold</styleUrl><Point><coordinates>-122.650458,43.595243,0</coordinates></Point></Placemark><Placemark><name>shaft</name><description>MILO gold | gold, lead, zinc, copper | unknown | discovered ? | prod started ? | size: n/a | src: DOGAMI MILO-4 ID_17287</description><styleUrl>#milo_gold</styleUrl><Point><coordinates>-122.644544,43.592502,0</coordinates></Point></Placemark><Placemark><name>Lead Crystal</name><description>MILO gold | gold, lead, zinc, copper | lode | discovered ? | prod started ? | size: n/a | src: DOGAMI MILO-4 ID_17288</description><styleUrl>#milo_gold</styleUrl><Point><coordinates>-122.649036,43.593452,0</coordinates></Point></Placemark><Placemark><name>Lead Crystal</name><description>MILO gold | gold, lead, zinc, copper | lode | discovered ? | prod started ? | size: n/a | src: DOGAMI MILO-4 ID_17289</description><styleUrl>#milo_gold</styleUrl><Point><coordinates>-122.649414,43.593942,0</coordinates></Point></Placemark><Placemark><name>Jasper Vein, Vesuvius Claim</name><description>MILO gold | gold, silver | unknown | discovered ? | prod started ? | size: n/a | src: DOGAMI MILO-4 ID_17290</description><styleUrl>#milo_gold</styleUrl><Point><coordinates>-122.660700,43.586388,0</coordinates></Point></Placemark><Placemark><name>prospect</name><description>MILO gold | gold, silver, copper | unknown | discovered ? | prod started ? | size: n/a | src: DOGAMI MILO-4 ID_17291</description><styleUrl>#milo_gold</styleUrl><Point><coordinates>-122.653126,43.585719,0</coordinates></Point></Placemark><Placemark><name>prospect</name><description>MILO gold | gold, silver, copper | lode | discovered ? | prod started ? | size: n/a | src: DOGAMI MILO-4 ID_17292</description><styleUrl>#milo_gold</styleUrl><Point><coordinates>-122.658762,43.585792,0</coordinates></Point></Placemark><Placemark><name>prospect</name><description>MILO gold | gold, silver, copper | lode | discovered ? | prod started ? | size: n/a | src: DOGAMI MILO-4 ID_17293</description><styleUrl>#milo_gold</styleUrl><Point><coordinates>-122.652715,43.584022,0</coordinates></Point></Placemark><Placemark><name>prospect</name><description>MILO gold | gold, silver, copper | lode | discovered ? | prod started ? | size: n/a | src: DOGAMI MILO-4 ID_17294</description><styleUrl>#milo_gold</styleUrl><Point><coordinates>-122.654466,43.584246,0</coordinates></Point></Placemark><Placemark><name>prospect</name><description>MILO gold | gold, silver, copper | lode | discovered ? | prod started ? | size: n/a | src: DOGAMI MILO-4 ID_17295</description><styleUrl>#milo_gold</styleUrl><Point><coordinates>-122.655592,43.584112,0</coordinates></Point></Placemark><Placemark><name>prospect</name><description>MILO gold | gold, silver, copper | lode | discovered ? | prod started ? | size: n/a | src: DOGAMI MILO-4 ID_17296</description><styleUrl>#milo_gold</styleUrl><Point><coordinates>-122.653733,43.584093,0</coordinates></Point></Placemark><Placemark><name>prospect</name><description>MILO gold | gold, silver, copper | unknown | discovered ? | prod started ? | size: n/a | src: DOGAMI MILO-4 ID_17297</description><styleUrl>#milo_gold</styleUrl><Point><coordinates>-122.656314,43.585342,0</coordinates></Point></Placemark><Placemark><name>mine</name><description>MILO gold | gold, lead, zinc, copper | lode | discovered ? | prod started ? | size: n/a | src: DOGAMI MILO-4 ID_17298</description><styleUrl>#milo_gold</styleUrl><Point><coordinates>-122.653407,43.594576,0</coordinates></Point></Placemark><Placemark><name>White Bear Claim</name><description>MILO gold | gold, lead, zinc, copper | lode | discovered ? | prod started ? | size: n/a | src: DOGAMI MILO-4 ID_17299</description><styleUrl>#milo_gold</styleUrl><Point><coordinates>-122.658865,43.596404,0</coordinates></Point></Placemark><Placemark><name>prospect</name><description>MILO gold | gold, lead, zinc, copper | unknown | discovered ? | prod started ? | size: n/a | src: DOGAMI MILO-4 ID_17300</description><styleUrl>#milo_gold</styleUrl><Point><coordinates>-122.656280,43.596414,0</coordinates></Point></Placemark><Placemark><name>prospect</name><description>MILO gold | gold, lead, zinc, copper | unknown | discovered ? | prod started ? | size: n/a | src: DOGAMI MILO-4 ID_17301</description><styleUrl>#milo_gold</styleUrl><Point><coordinates>-122.656872,43.596696,0</coordinates></Point></Placemark><Placemark><name>Grubstake adit (lower)</name><description>MILO gold | gold, lead, zinc, copper | lode | discovered ? | prod started ? | size: n/a | src: DOGAMI MILO-4 ID_17302</description><styleUrl>#milo_gold</styleUrl><Point><coordinates>-122.654582,43.597963,0</coordinates></Point></Placemark><Placemark><name>prospect</name><description>MILO gold | gold, lead, zinc, copper | unknown | discovered ? | prod started ? | size: n/a | src: DOGAMI MILO-4 ID_17303</description><styleUrl>#milo_gold</styleUrl><Point><coordinates>-122.652782,43.595916,0</coordinates></Point></Placemark><Placemark><name>prospect</name><description>MILO gold | gold, lead, zinc, copper | unknown | discovered ? | prod started ? | size: n/a | src: DOGAMI MILO-4 ID_17304</description><styleUrl>#milo_gold</styleUrl><Point><coordinates>-122.654426,43.596300,0</coordinates></Point></Placemark><Placemark><name>Grubstake Claim shaft or adit</name><description>MILO gold | gold, lead, zinc, copper | lode | discovered ? | prod started ? | size: n/a | src: DOGAMI MILO-4 ID_17305</description><styleUrl>#milo_gold</styleUrl><Point><coordinates>-122.653678,43.596964,0</coordinates></Point></Placemark><Placemark><name>prospect</name><description>MILO gold | gold | unknown | discovered ? | prod started ? | size: n/a | src: DOGAMI MILO-4 ID_17306</description><styleUrl>#milo_gold</styleUrl><Point><coordinates>-122.660016,43.592543,0</coordinates></Point></Placemark><Placemark><name>mine</name><description>MILO gold | gold, silver | lode | discovered ? | prod started ? | size: n/a | src: DOGAMI MILO-4 ID_17307</description><styleUrl>#milo_gold</styleUrl><Point><coordinates>-122.648799,43.588500,0</coordinates></Point></Placemark><Placemark><name>mine</name><description>MILO gold | gold, silver | lode | discovered ? | prod started ? | size: n/a | src: DOGAMI MILO-4 ID_17308</description><styleUrl>#milo_gold</styleUrl><Point><coordinates>-122.657851,43.591252,0</coordinates></Point></Placemark><Placemark><name>Lake Murphy</name><description>MILO gold | gold, silver | lode | discovered ? | prod started ? | size: n/a | src: DOGAMI MILO-4 ID_17309</description><styleUrl>#milo_gold</styleUrl><Point><coordinates>-122.653030,43.590642,0</coordinates></Point></Placemark><Placemark><name>prospect</name><description>MILO gold | gold, silver | unknown | discovered ? | prod started ? | size: n/a | src: DOGAMI MILO-4 ID_17310</description><styleUrl>#milo_gold</styleUrl><Point><coordinates>-122.656253,43.591287,0</coordinates></Point></Placemark><Placemark><name>prospect</name><description>MILO gold | gold, silver | unknown | discovered ? | prod started ? | size: n/a | src: DOGAMI MILO-4 ID_17311</description><styleUrl>#milo_gold</styleUrl><Point><coordinates>-122.651476,43.588785,0</coordinates></Point></Placemark><Placemark><name>prospect</name><description>MILO gold | gold, silver | unknown | discovered ? | prod started ? | size: n/a | src: DOGAMI MILO-4 ID_17312</description><styleUrl>#milo_gold</styleUrl><Point><coordinates>-122.653441,43.592096,0</coordinates></Point></Placemark><Placemark><name>prospect</name><description>MILO gold | gold, silver | unknown | discovered ? | prod started ? | size: n/a | src: DOGAMI MILO-4 ID_17313</description><styleUrl>#milo_gold</styleUrl><Point><coordinates>-122.653533,43.592503,0</coordinates></Point></Placemark><Placemark><name>prospect</name><description>MILO gold | gold, silver | unknown | discovered ? | prod started ? | size: n/a | src: DOGAMI MILO-4 ID_17314</description><styleUrl>#milo_gold</styleUrl><Point><coordinates>-122.655075,43.591074,0</coordinates></Point></Placemark><Placemark><name>prospect</name><description>MILO gold | gold, silver | unknown | discovered ? | prod started ? | size: n/a | src: DOGAMI MILO-4 ID_17315</description><styleUrl>#milo_gold</styleUrl><Point><coordinates>-122.655403,43.591126,0</coordinates></Point></Placemark><Placemark><name>mine</name><description>MILO gold | gold, silver | lode | discovered ? | prod started ? | size: n/a | src: DOGAMI MILO-4 ID_17316</description><styleUrl>#milo_gold</styleUrl><Point><coordinates>-122.651921,43.588938,0</coordinates></Point></Placemark><Placemark><name>mine</name><description>MILO gold | gold, silver | lode | discovered ? | prod started ? | size: n/a | src: DOGAMI MILO-4 ID_17317</description><styleUrl>#milo_gold</styleUrl><Point><coordinates>-122.656946,43.591382,0</coordinates></Point></Placemark><Placemark><name>mine</name><description>MILO gold | gold, silver | lode | discovered ? | prod started ? | size: n/a | src: DOGAMI MILO-4 ID_17318</description><styleUrl>#milo_gold</styleUrl><Point><coordinates>-122.653303,43.588961,0</coordinates></Point></Placemark><Placemark><name>mine</name><description>MILO gold | gold, silver | lode | discovered ? | prod started ? | size: n/a | src: DOGAMI MILO-4 ID_17319</description><styleUrl>#milo_gold</styleUrl><Point><coordinates>-122.653251,43.589120,0</coordinates></Point></Placemark><Placemark><name>prospect</name><description>MILO gold | gold, silver | unknown | discovered ? | prod started ? | size: n/a | src: DOGAMI MILO-4 ID_17320</description><styleUrl>#milo_gold</styleUrl><Point><coordinates>-122.659964,43.588695,0</coordinates></Point></Placemark><Placemark><name>Vesuvius Mine, Main Drift on Vesuvius Vein</name><description>MILO gold | gold, silver, copper | lode | discovered ? | prod started ? | size: n/a | src: DOGAMI MILO-4 ID_17321</description><styleUrl>#milo_gold</styleUrl><Point><coordinates>-122.656189,43.583892,0</coordinates></Point></Placemark><Placemark><name>mine</name><description>MILO gold | gold, silver | lode | discovered ? | prod started ? | size: n/a | src: DOGAMI MILO-4 ID_17322</description><styleUrl>#milo_gold</styleUrl><Point><coordinates>-122.658516,43.590853,0</coordinates></Point></Placemark><Placemark><name>Helena No.2 lower adit</name><description>MILO gold | gold | unknown | discovered ? | prod started ? | size: n/a | src: DOGAMI MILO-4 ID_17323</description><styleUrl>#milo_gold</styleUrl><Point><coordinates>-122.633047,43.588296,0</coordinates></Point></Placemark><Placemark><name>Helena No.2 upper adit</name><description>MILO gold | gold | lode | discovered ? | prod started ? | size: n/a | src: DOGAMI MILO-4 ID_17324</description><styleUrl>#milo_gold</styleUrl><Point><coordinates>-122.632535,43.588287,0</coordinates></Point></Placemark><Placemark><name>mine</name><description>MILO gold | gold | lode | discovered ? | prod started ? | size: n/a | src: DOGAMI MILO-4 ID_17325</description><styleUrl>#milo_gold</styleUrl><Point><coordinates>-122.630972,43.588200,0</coordinates></Point></Placemark><Placemark><name>mine</name><description>MILO gold | gold | lode | discovered ? | prod started ? | size: n/a | src: DOGAMI MILO-4 ID_17326</description><styleUrl>#milo_gold</styleUrl><Point><coordinates>-122.630025,43.588118,0</coordinates></Point></Placemark><Placemark><name>prospect</name><description>MILO gold | gold | unknown | discovered ? | prod started ? | size: n/a | src: DOGAMI MILO-4 ID_17327</description><styleUrl>#milo_gold</styleUrl><Point><coordinates>-122.629425,43.588069,0</coordinates></Point></Placemark><Placemark><name>mine</name><description>MILO gold | gold | lode | discovered ? | prod started ? | size: n/a | src: DOGAMI MILO-4 ID_17328</description><styleUrl>#milo_gold</styleUrl><Point><coordinates>-122.627388,43.589251,0</coordinates></Point></Placemark><Placemark><name>mine</name><description>MILO gold | gold | lode | discovered ? | prod started ? | size: n/a | src: DOGAMI MILO-4 ID_17329</description><styleUrl>#milo_gold</styleUrl><Point><coordinates>-122.626336,43.589228,0</coordinates></Point></Placemark><Placemark><name>prospect</name><description>MILO gold | gold | lode | discovered ? | prod started ? | size: n/a | src: DOGAMI MILO-4 ID_17330</description><styleUrl>#milo_gold</styleUrl><Point><coordinates>-122.633789,43.589512,0</coordinates></Point></Placemark><Placemark><name>prospect</name><description>MILO gold | gold, silver | unknown | discovered ? | prod started ? | size: n/a | src: DOGAMI MILO-4 ID_17331</description><styleUrl>#milo_gold</styleUrl><Point><coordinates>-122.667288,43.575476,0</coordinates></Point></Placemark><Placemark><name>Musick Vein, Musick Claim</name><description>MILO gold | gold | unknown | discovered ? | prod started ? | size: n/a | src: DOGAMI MILO-4 ID_17332</description><styleUrl>#milo_gold</styleUrl><Point><coordinates>-122.667143,43.582221,0</coordinates></Point></Placemark><Placemark><name>Musick Vein, Musick Claim</name><description>MILO gold | gold | lode | discovered ? | prod started ? | size: n/a | src: DOGAMI MILO-4 ID_17333</description><styleUrl>#milo_gold</styleUrl><Point><coordinates>-122.667937,43.582963,0</coordinates></Point></Placemark><Placemark><name>prospect</name><description>MILO gold | gold | lode | discovered ? | prod started ? | size: n/a | src: DOGAMI MILO-4 ID_17334</description><styleUrl>#milo_gold</styleUrl><Point><coordinates>-122.650648,43.572642,0</coordinates></Point></Placemark><Placemark><name>prospect</name><description>MILO gold | gold, silver, copper | lode | discovered ? | prod started ? | size: n/a | src: DOGAMI MILO-4 ID_17335</description><styleUrl>#milo_gold</styleUrl><Point><coordinates>-122.643149,43.576008,0</coordinates></Point></Placemark><Placemark><name>prospect</name><description>MILO gold | gold, silver, copper | lode | discovered ? | prod started ? | size: n/a | src: DOGAMI MILO-4 ID_17336</description><styleUrl>#milo_gold</styleUrl><Point><coordinates>-122.645309,43.574391,0</coordinates></Point></Placemark><Placemark><name>prospect</name><description>MILO gold | gold, silver, copper | lode | discovered ? | prod started ? | size: n/a | src: DOGAMI MILO-4 ID_17337</description><styleUrl>#milo_gold</styleUrl><Point><coordinates>-122.648848,43.575939,0</coordinates></Point></Placemark><Placemark><name>prospect</name><description>MILO gold | gold, lead, zinc, copper | unknown | discovered ? | prod started ? | size: n/a | src: DOGAMI MILO-4 ID_17338</description><styleUrl>#milo_gold</styleUrl><Point><coordinates>-122.647815,43.580864,0</coordinates></Point></Placemark><Placemark><name>prospect</name><description>MILO gold | gold, lead, zinc, copper | unknown | discovered ? | prod started ? | size: n/a | src: DOGAMI MILO-4 ID_17339</description><styleUrl>#milo_gold</styleUrl><Point><coordinates>-122.648763,43.582174,0</coordinates></Point></Placemark><Placemark><name>prospect</name><description>MILO gold | gold, lead, zinc, copper | unknown | discovered ? | prod started ? | size: n/a | src: DOGAMI MILO-4 ID_17340</description><styleUrl>#milo_gold</styleUrl><Point><coordinates>-122.648211,43.581343,0</coordinates></Point></Placemark><Placemark><name>prospect</name><description>MILO gold | gold, lead, zinc, copper | unknown | discovered ? | prod started ? | size: n/a | src: DOGAMI MILO-4 ID_17341</description><styleUrl>#milo_gold</styleUrl><Point><coordinates>-122.644321,43.581824,0</coordinates></Point></Placemark><Placemark><name>prospect</name><description>MILO gold | gold, lead, zinc, copper | lode | discovered ? | prod started ? | size: n/a | src: DOGAMI MILO-4 ID_17342</description><styleUrl>#milo_gold</styleUrl><Point><coordinates>-122.648104,43.582663,0</coordinates></Point></Placemark><Placemark><name>prospect</name><description>MILO gold | gold, lead, zinc, copper | lode | discovered ? | prod started ? | size: n/a | src: DOGAMI MILO-4 ID_17343</description><styleUrl>#milo_gold</styleUrl><Point><coordinates>-122.650931,43.583076,0</coordinates></Point></Placemark><Placemark><name>prospect</name><description>MILO gold | gold | unknown | discovered ? | prod started ? | size: n/a | src: DOGAMI MILO-4 ID_17344</description><styleUrl>#milo_gold</styleUrl><Point><coordinates>-122.642437,43.582823,0</coordinates></Point></Placemark><Placemark><name>prospect</name><description>MILO gold | gold, silver | lode | discovered ? | prod started ? | size: n/a | src: DOGAMI MILO-4 ID_17345</description><styleUrl>#milo_gold</styleUrl><Point><coordinates>-122.655353,43.568805,0</coordinates></Point></Placemark><Placemark><name>prospect</name><description>MILO gold | gold, silver | lode | discovered ? | prod started ? | size: n/a | src: DOGAMI MILO-4 ID_17346</description><styleUrl>#milo_gold</styleUrl><Point><coordinates>-122.656998,43.568333,0</coordinates></Point></Placemark><Placemark><name>prospect</name><description>MILO gold | gold, silver | lode | discovered ? | prod started ? | size: n/a | src: DOGAMI MILO-4 ID_17347</description><styleUrl>#milo_gold</styleUrl><Point><coordinates>-122.653695,43.572482,0</coordinates></Point></Placemark><Placemark><name>prospect</name><description>MILO gold | gold, silver, copper, lead, zinc | unknown | discovered ? | prod started ? | size: n/a | src: DOGAMI MILO-4 ID_17348</description><styleUrl>#milo_gold</styleUrl><Point><coordinates>-122.650336,43.577201,0</coordinates></Point></Placemark><Placemark><name>prospect</name><description>MILO gold | gold, silver, copper, lead, zinc | unknown | discovered ? | prod started ? | size: n/a | src: DOGAMI MILO-4 ID_17349</description><styleUrl>#milo_gold</styleUrl><Point><coordinates>-122.650777,43.577378,0</coordinates></Point></Placemark><Placemark><name>prospect</name><description>MILO gold | gold, silver, copper, lead, zinc | unknown | discovered ? | prod started ? | size: n/a | src: DOGAMI MILO-4 ID_17350</description><styleUrl>#milo_gold</styleUrl><Point><coordinates>-122.653103,43.577426,0</coordinates></Point></Placemark><Placemark><name>prospect</name><description>MILO gold | gold, silver, copper, lead, zinc | unknown | discovered ? | prod started ? | size: n/a | src: DOGAMI MILO-4 ID_17351</description><styleUrl>#milo_gold</styleUrl><Point><coordinates>-122.654098,43.577976,0</coordinates></Point></Placemark><Placemark><name>prospect</name><description>MILO gold | gold, silver, copper, lead, zinc | unknown | discovered ? | prod started ? | size: n/a | src: DOGAMI MILO-4 ID_17352</description><styleUrl>#milo_gold</styleUrl><Point><coordinates>-122.654988,43.578165,0</coordinates></Point></Placemark><Placemark><name>prospect</name><description>MILO gold | gold, silver, copper, lead, zinc | unknown | discovered ? | prod started ? | size: n/a | src: DOGAMI MILO-4 ID_17353</description><styleUrl>#milo_gold</styleUrl><Point><coordinates>-122.657672,43.579899,0</coordinates></Point></Placemark><Placemark><name>prospect</name><description>MILO gold | gold, silver, copper, lead, zinc | unknown | discovered ? | prod started ? | size: n/a | src: DOGAMI MILO-4 ID_17354</description><styleUrl>#milo_gold</styleUrl><Point><coordinates>-122.657228,43.579942,0</coordinates></Point></Placemark><Placemark><name>prospect</name><description>MILO gold | gold, silver, copper, lead, zinc | unknown | discovered ? | prod started ? | size: n/a | src: DOGAMI MILO-4 ID_17355</description><styleUrl>#milo_gold</styleUrl><Point><coordinates>-122.657502,43.579967,0</coordinates></Point></Placemark><Placemark><name>prospect</name><description>MILO gold | gold, silver, copper, lead, zinc | lode | discovered ? | prod started ? | size: n/a | src: DOGAMI MILO-4 ID_17356</description><styleUrl>#milo_gold</styleUrl><Point><coordinates>-122.656492,43.578863,0</coordinates></Point></Placemark><Placemark><name>prospect</name><description>MILO gold | gold, silver, copper | unknown | discovered ? | prod started ? | size: n/a | src: DOGAMI MILO-4 ID_17357</description><styleUrl>#milo_gold</styleUrl><Point><coordinates>-122.656459,43.580061,0</coordinates></Point></Placemark><Placemark><name>prospect</name><description>MILO gold | gold, silver, copper | unknown | discovered ? | prod started ? | size: n/a | src: DOGAMI MILO-4 ID_17358</description><styleUrl>#milo_gold</styleUrl><Point><coordinates>-122.654459,43.579962,0</coordinates></Point></Placemark><Placemark><name>mine</name><description>MILO gold | gold, silver, copper | lode | discovered ? | prod started ? | size: n/a | src: DOGAMI MILO-4 ID_17359</description><styleUrl>#milo_gold</styleUrl><Point><coordinates>-122.654922,43.579963,0</coordinates></Point></Placemark><Placemark><name>Musick mine (cross cut level 4)</name><description>MILO gold | gold, silver, copper | lode | discovered ? | prod started ? | size: n/a | src: DOGAMI MILO-4 ID_17360</description><styleUrl>#milo_gold</styleUrl><Point><coordinates>-122.653901,43.579200,0</coordinates></Point></Placemark><Placemark><name>prospect</name><description>MILO gold | gold, silver, copper | lode | discovered ? | prod started ? | size: n/a | src: DOGAMI MILO-4 ID_17361</description><styleUrl>#milo_gold</styleUrl><Point><coordinates>-122.653361,43.581431,0</coordinates></Point></Placemark><Placemark><name>prospect</name><description>MILO gold | gold, silver, copper | lode | discovered ? | prod started ? | size: n/a | src: DOGAMI MILO-4 ID_17362</description><styleUrl>#milo_gold</styleUrl><Point><coordinates>-122.653010,43.582131,0</coordinates></Point></Placemark><Placemark><name>prospect</name><description>MILO gold | gold, silver, copper | unknown | discovered ? | prod started ? | size: n/a | src: DOGAMI MILO-4 ID_17363</description><styleUrl>#milo_gold</styleUrl><Point><coordinates>-122.651982,43.581646,0</coordinates></Point></Placemark><Placemark><name>prospect</name><description>MILO gold | gold, silver, copper | unknown | discovered ? | prod started ? | size: n/a | src: DOGAMI MILO-4 ID_17364</description><styleUrl>#milo_gold</styleUrl><Point><coordinates>-122.651684,43.581600,0</coordinates></Point></Placemark><Placemark><name>prospect</name><description>MILO gold | gold, silver, copper | unknown | discovered ? | prod started ? | size: n/a | src: DOGAMI MILO-4 ID_17365</description><styleUrl>#milo_gold</styleUrl><Point><coordinates>-122.652294,43.581667,0</coordinates></Point></Placemark><Placemark><name>shaft</name><description>MILO gold | gold, silver, copper, lead, zinc | unknown | discovered ? | prod started ? | size: n/a | src: DOGAMI MILO-4 ID_17366</description><styleUrl>#milo_gold</styleUrl><Point><coordinates>-122.654575,43.578131,0</coordinates></Point></Placemark><Placemark><name>prospect</name><description>MILO gold | gold, silver, copper | lode | discovered ? | prod started ? | size: n/a | src: DOGAMI MILO-4 ID_17367</description><styleUrl>#milo_gold</styleUrl><Point><coordinates>-122.653283,43.582240,0</coordinates></Point></Placemark><Placemark><name>prospect</name><description>MILO gold | gold, silver, copper | lode | discovered ? | prod started ? | size: n/a | src: DOGAMI MILO-4 ID_17368</description><styleUrl>#milo_gold</styleUrl><Point><coordinates>-122.652502,43.581811,0</coordinates></Point></Placemark><Placemark><name>prospect</name><description>MILO gold | gold | lode | discovered ? | prod started ? | size: n/a | src: DOGAMI MILO-4 ID_17369</description><styleUrl>#milo_gold</styleUrl><Point><coordinates>-122.652151,43.572742,0</coordinates></Point></Placemark><Placemark><name>prospect</name><description>MILO gold | gold, silver, zinc, lead, copper | lode | discovered ? | prod started ? | size: n/a | src: DOGAMI MILO-4 ID_17370</description><styleUrl>#milo_gold</styleUrl><Point><coordinates>-122.638382,43.568644,0</coordinates></Point></Placemark><Placemark><name>prospect</name><description>MILO gold | gold, silver, zinc, lead, copper | lode | discovered ? | prod started ? | size: n/a | src: DOGAMI MILO-4 ID_17371</description><styleUrl>#milo_gold</styleUrl><Point><coordinates>-122.639478,43.568303,0</coordinates></Point></Placemark><Placemark><name>Cripple Creek</name><description>MILO gold | gold, silver, zinc, lead, copper | lode | discovered ? | prod started ? | size: n/a | src: DOGAMI MILO-4 ID_17372</description><styleUrl>#milo_gold</styleUrl><Point><coordinates>-122.638003,43.570798,0</coordinates></Point></Placemark><Placemark><name>prospect</name><description>MILO gold | gold, silver, zinc, lead, copper | unknown | discovered ? | prod started ? | size: n/a | src: DOGAMI MILO-4 ID_17373</description><styleUrl>#milo_gold</styleUrl><Point><coordinates>-122.638316,43.571266,0</coordinates></Point></Placemark><Placemark><name>prospect</name><description>MILO gold | gold, silver, copper | lode | discovered ? | prod started ? | size: n/a | src: DOGAMI MILO-4 ID_17374</description><styleUrl>#milo_gold</styleUrl><Point><coordinates>-122.642261,43.573333,0</coordinates></Point></Placemark><Placemark><name>Noonday Road No.2</name><description>MILO gold | gold, silver, zinc | unknown | discovered ? | prod started ? | size: n/a | src: DOGAMI MILO-4 ID_17375</description><styleUrl>#milo_gold</styleUrl><Point><coordinates>-122.629847,43.579732,0</coordinates></Point></Placemark><Placemark><name>shaft</name><description>MILO gold | gold, silver, zinc | lode | discovered ? | prod started ? | size: n/a | src: DOGAMI MILO-4 ID_17376</description><styleUrl>#milo_gold</styleUrl><Point><coordinates>-122.628096,43.578745,0</coordinates></Point></Placemark><Placemark><name>mine</name><description>MILO gold | gold, lead, zinc, copper | lode | discovered ? | prod started ? | size: n/a | src: DOGAMI MILO-4 ID_17377</description><styleUrl>#milo_gold</styleUrl><Point><coordinates>-122.641108,43.578807,0</coordinates></Point></Placemark><Placemark><name>prospect</name><description>MILO gold | gold, lead, zinc, copper | unknown | discovered ? | prod started ? | size: n/a | src: DOGAMI MILO-4 ID_17378</description><styleUrl>#milo_gold</styleUrl><Point><coordinates>-122.635909,43.577385,0</coordinates></Point></Placemark><Placemark><name>prospect</name><description>MILO gold | gold, lead, zinc, copper | unknown | discovered ? | prod started ? | size: n/a | src: DOGAMI MILO-4 ID_17379</description><styleUrl>#milo_gold</styleUrl><Point><coordinates>-122.642652,43.579189,0</coordinates></Point></Placemark><Placemark><name>prospect</name><description>MILO gold | gold, lead, zinc, copper | unknown | discovered ? | prod started ? | size: n/a | src: DOGAMI MILO-4 ID_17380</description><styleUrl>#milo_gold</styleUrl><Point><coordinates>-122.636688,43.576965,0</coordinates></Point></Placemark><Placemark><name>prospect</name><description>MILO gold | gold, lead, zinc, copper | unknown | discovered ? | prod started ? | size: n/a | src: DOGAMI MILO-4 ID_17381</description><styleUrl>#milo_gold</styleUrl><Point><coordinates>-122.634662,43.576778,0</coordinates></Point></Placemark><Placemark><name>prospect</name><description>MILO gold | gold, lead, zinc, copper | unknown | discovered ? | prod started ? | size: n/a | src: DOGAMI MILO-4 ID_17382</description><styleUrl>#milo_gold</styleUrl><Point><coordinates>-122.641186,43.578209,0</coordinates></Point></Placemark><Placemark><name>prospect</name><description>MILO gold | gold | lode | discovered ? | prod started ? | size: n/a | src: DOGAMI MILO-4 ID_17383</description><styleUrl>#milo_gold</styleUrl><Point><coordinates>-122.625371,43.579009,0</coordinates></Point></Placemark><Placemark><name>shaft</name><description>MILO gold | gold | unknown | discovered ? | prod started ? | size: n/a | src: DOGAMI MILO-4 ID_17384</description><styleUrl>#milo_gold</styleUrl><Point><coordinates>-122.628394,43.578381,0</coordinates></Point></Placemark><Placemark><name>Evening Star crosscut</name><description>MILO gold | gold | lode | discovered ? | prod started ? | size: n/a | src: DOGAMI MILO-4 ID_17385</description><styleUrl>#milo_gold</styleUrl><Point><coordinates>-122.629907,43.576884,0</coordinates></Point></Placemark><Placemark><name>prospect</name><description>MILO gold | gold | unknown | discovered ? | prod started ? | size: n/a | src: DOGAMI MILO-4 ID_17386</description><styleUrl>#milo_gold</styleUrl><Point><coordinates>-122.627702,43.577599,0</coordinates></Point></Placemark><Placemark><name>prospect</name><description>MILO gold | gold | unknown | discovered ? | prod started ? | size: n/a | src: DOGAMI MILO-4 ID_17387</description><styleUrl>#milo_gold</styleUrl><Point><coordinates>-122.627957,43.577613,0</coordinates></Point></Placemark><Placemark><name>prospect</name><description>MILO gold | gold | unknown | discovered ? | prod started ? | size: n/a | src: DOGAMI MILO-4 ID_17388</description><styleUrl>#milo_gold</styleUrl><Point><coordinates>-122.630885,43.578414,0</coordinates></Point></Placemark><Placemark><name>prospect</name><description>MILO gold | gold | unknown | discovered ? | prod started ? | size: n/a | src: DOGAMI MILO-4 ID_17389</description><styleUrl>#milo_gold</styleUrl><Point><coordinates>-122.628123,43.577610,0</coordinates></Point></Placemark><Placemark><name>mine</name><description>MILO gold | gold | lode | discovered ? | prod started ? | size: n/a | src: DOGAMI MILO-4 ID_17390</description><styleUrl>#milo_gold</styleUrl><Point><coordinates>-122.635607,43.580232,0</coordinates></Point></Placemark><Placemark><name>Champion Mine, crosscut to 400 Level</name><description>MILO gold | gold | lode | discovered ? | prod started ? | size: n/a | src: DOGAMI MILO-4 ID_17391</description><styleUrl>#milo_gold</styleUrl><Point><coordinates>-122.628366,43.577390,0</coordinates></Point></Placemark><Placemark><name>prospect</name><description>MILO gold | gold | unknown | discovered ? | prod started ? | size: n/a | src: DOGAMI MILO-4 ID_17392</description><styleUrl>#milo_gold</styleUrl><Point><coordinates>-122.633025,43.577812,0</coordinates></Point></Placemark><Placemark><name>mine</name><description>MILO gold | gold | lode | discovered ? | prod started ? | size: n/a | src: DOGAMI MILO-4 ID_17393</description><styleUrl>#milo_gold</styleUrl><Point><coordinates>-122.632174,43.578472,0</coordinates></Point></Placemark><Placemark><name>prospect</name><description>MILO gold | gold, lead, zinc, copper | unknown | discovered ? | prod started ? | size: n/a | src: DOGAMI MILO-4 ID_17394</description><styleUrl>#milo_gold</styleUrl><Point><coordinates>-122.634639,43.577625,0</coordinates></Point></Placemark><Placemark><name>mine</name><description>MILO gold | gold, lead, zinc, copper | lode | discovered ? | prod started ? | size: n/a | src: DOGAMI MILO-4 ID_17395</description><styleUrl>#milo_gold</styleUrl><Point><coordinates>-122.634096,43.577411,0</coordinates></Point></Placemark><Placemark><name>prospect</name><description>MILO gold | gold | unknown | discovered ? | prod started ? | size: n/a | src: DOGAMI MILO-4 ID_17396</description><styleUrl>#milo_gold</styleUrl><Point><coordinates>-122.627405,43.576398,0</coordinates></Point></Placemark><Placemark><name>prospect</name><description>MILO gold | gold | unknown | discovered ? | prod started ? | size: n/a | src: DOGAMI MILO-4 ID_17397</description><styleUrl>#milo_gold</styleUrl><Point><coordinates>-122.626878,43.576524,0</coordinates></Point></Placemark><Placemark><name>prospect</name><description>MILO gold | gold | unknown | discovered ? | prod started ? | size: n/a | src: DOGAMI MILO-4 ID_17398</description><styleUrl>#milo_gold</styleUrl><Point><coordinates>-122.628793,43.576813,0</coordinates></Point></Placemark><Placemark><name>prospect</name><description>MILO gold | gold | unknown | discovered ? | prod started ? | size: n/a | src: DOGAMI MILO-4 ID_17399</description><styleUrl>#milo_gold</styleUrl><Point><coordinates>-122.626515,43.573963,0</coordinates></Point></Placemark><Placemark><name>Bluebird</name><description>MILO gold | gold | unknown | discovered ? | prod started ? | size: n/a | src: DOGAMI MILO-4 ID_17400</description><styleUrl>#milo_gold</styleUrl><Point><coordinates>-122.628831,43.582776,0</coordinates></Point></Placemark><Placemark><name>Glenwood</name><description>MILO gold | gold, silver | lode | discovered ? | prod started ? | size: n/a | src: DOGAMI MILO-4 ID_17401</description><styleUrl>#milo_gold</styleUrl><Point><coordinates>-122.665695,43.560002,0</coordinates></Point></Placemark><Placemark><name>Glenwood</name><description>MILO gold | gold, silver | lode | discovered ? | prod started ? | size: n/a | src: DOGAMI MILO-4 ID_17402</description><styleUrl>#milo_gold</styleUrl><Point><coordinates>-122.665404,43.559485,0</coordinates></Point></Placemark><Placemark><name>Rattlesnake Vein</name><description>MILO gold | gold, silver | unknown | discovered ? | prod started ? | size: n/a | src: DOGAMI MILO-4 ID_17403</description><styleUrl>#milo_gold</styleUrl><Point><coordinates>-122.662519,43.565463,0</coordinates></Point></Placemark><Placemark><name>Rattlesnake Vein</name><description>MILO gold | gold, silver | lode | discovered ? | prod started ? | size: n/a | src: DOGAMI MILO-4 ID_17404</description><styleUrl>#milo_gold</styleUrl><Point><coordinates>-122.663000,43.565685,0</coordinates></Point></Placemark><Placemark><name>Tall Timber</name><description>MILO gold | gold, silver | lode | discovered ? | prod started ? | size: n/a | src: DOGAMI MILO-4 ID_17405</description><styleUrl>#milo_gold</styleUrl><Point><coordinates>-122.666057,43.564965,0</coordinates></Point></Placemark><Placemark><name>Tall Timber</name><description>MILO gold | gold, silver | lode | discovered ? | prod started ? | size: n/a | src: DOGAMI MILO-4 ID_17406</description><styleUrl>#milo_gold</styleUrl><Point><coordinates>-122.665307,43.567046,0</coordinates></Point></Placemark><Placemark><name>Glenwood</name><description>MILO gold | gold, silver | lode | discovered ? | prod started ? | size: n/a | src: DOGAMI MILO-4 ID_17407</description><styleUrl>#milo_gold</styleUrl><Point><coordinates>-122.667889,43.558771,0</coordinates></Point></Placemark><Placemark><name>Tall Timber</name><description>MILO gold | gold, silver | lode | discovered ? | prod started ? | size: n/a | src: DOGAMI MILO-4 ID_17408</description><styleUrl>#milo_gold</styleUrl><Point><coordinates>-122.665917,43.566138,0</coordinates></Point></Placemark><Placemark><name>prospect</name><description>MILO gold | gold | lode | discovered ? | prod started ? | size: n/a | src: DOGAMI MILO-4 ID_17409</description><styleUrl>#milo_gold</styleUrl><Point><coordinates>-122.646127,43.567789,0</coordinates></Point></Placemark><Placemark><name>prospect</name><description>MILO gold | gold, silver, antimony, copper, lead | unknown | discovered ? | prod started ? | size: n/a | src: DOGAMI MILO-4 ID_17410</description><styleUrl>#milo_gold</styleUrl><Point><coordinates>-122.647767,43.559473,0</coordinates></Point></Placemark><Placemark><name>mine</name><description>MILO gold | gold, silver, antimony, copper, lead | lode | discovered ? | prod started ? | size: n/a | src: DOGAMI MILO-4 ID_17411</description><styleUrl>#milo_gold</styleUrl><Point><coordinates>-122.648095,43.558990,0</coordinates></Point></Placemark><Placemark><name>prospect</name><description>MILO gold | gold, silver, antimony, copper, lead | unknown | discovered ? | prod started ? | size: n/a | src: DOGAMI MILO-4 ID_17412</description><styleUrl>#milo_gold</styleUrl><Point><coordinates>-122.651360,43.561858,0</coordinates></Point></Placemark><Placemark><name>prospect</name><description>MILO gold | gold, silver, antimony, copper, lead | unknown | discovered ? | prod started ? | size: n/a | src: DOGAMI MILO-4 ID_17413</description><styleUrl>#milo_gold</styleUrl><Point><coordinates>-122.646323,43.559245,0</coordinates></Point></Placemark><Placemark><name>prospect</name><description>MILO gold | gold, silver, antimony, copper, lead | unknown | discovered ? | prod started ? | size: n/a | src: DOGAMI MILO-4 ID_17414</description><styleUrl>#milo_gold</styleUrl><Point><coordinates>-122.647049,43.559332,0</coordinates></Point></Placemark><Placemark><name>prospect</name><description>MILO gold | gold, silver, antimony, copper, lead | unknown | discovered ? | prod started ? | size: n/a | src: DOGAMI MILO-4 ID_17415</description><styleUrl>#milo_gold</styleUrl><Point><coordinates>-122.648376,43.560895,0</coordinates></Point></Placemark><Placemark><name>prospect</name><description>MILO gold | gold, silver, antimony, copper, lead | unknown | discovered ? | prod started ? | size: n/a | src: DOGAMI MILO-4 ID_17416</description><styleUrl>#milo_gold</styleUrl><Point><coordinates>-122.649742,43.561093,0</coordinates></Point></Placemark><Placemark><name>prospect</name><description>MILO gold | gold, silver | lode | discovered ? | prod started ? | size: n/a | src: DOGAMI MILO-4 ID_17417</description><styleUrl>#milo_gold</styleUrl><Point><coordinates>-122.658673,43.560434,0</coordinates></Point></Placemark><Placemark><name>prospect</name><description>MILO gold | gold, silver | unknown | discovered ? | prod started ? | size: n/a | src: DOGAMI MILO-4 ID_17418</description><styleUrl>#milo_gold</styleUrl><Point><coordinates>-122.658267,43.560021,0</coordinates></Point></Placemark><Placemark><name>prospect</name><description>MILO gold | gold, silver, zinc, lead, copper | unknown | discovered ? | prod started ? | size: n/a | src: DOGAMI MILO-4 ID_17419</description><styleUrl>#milo_gold</styleUrl><Point><coordinates>-122.634159,43.564826,0</coordinates></Point></Placemark><Placemark><name>prospect</name><description>MILO gold | gold, silver, zinc, lead, copper | unknown | discovered ? | prod started ? | size: n/a | src: DOGAMI MILO-4 ID_17420</description><styleUrl>#milo_gold</styleUrl><Point><coordinates>-122.632638,43.563798,0</coordinates></Point></Placemark><Placemark><name>prospect</name><description>MILO gold | gold, silver, zinc, lead, copper | unknown | discovered ? | prod started ? | size: n/a | src: DOGAMI MILO-4 ID_17421</description><styleUrl>#milo_gold</styleUrl><Point><coordinates>-122.635558,43.566523,0</coordinates></Point></Placemark><Placemark><name>mine</name><description>MILO gold | gold, silver, zinc, lead, copper | lode | discovered ? | prod started ? | size: n/a | src: DOGAMI MILO-4 ID_17422</description><styleUrl>#milo_gold</styleUrl><Point><coordinates>-122.634358,43.565014,0</coordinates></Point></Placemark><Placemark><name>mine</name><description>MILO gold | gold, silver, zinc, lead, copper | lode | discovered ? | prod started ? | size: n/a | src: DOGAMI MILO-4 ID_17423</description><styleUrl>#milo_gold</styleUrl><Point><coordinates>-122.634996,43.565574,0</coordinates></Point></Placemark><Placemark><name>prospect</name><description>MILO gold | gold, silver, zinc, lead, copper | lode | discovered ? | prod started ? | size: n/a | src: DOGAMI MILO-4 ID_17424</description><styleUrl>#milo_gold</styleUrl><Point><coordinates>-122.635488,43.568174,0</coordinates></Point></Placemark><Placemark><name>mine</name><description>MILO gold | gold, silver, zinc, lead, copper | lode | discovered ? | prod started ? | size: n/a | src: DOGAMI MILO-4 ID_17425</description><styleUrl>#milo_gold</styleUrl><Point><coordinates>-122.633059,43.564472,0</coordinates></Point></Placemark><Placemark><name>prospect</name><description>MILO gold | gold | lode | discovered ? | prod started ? | size: n/a | src: DOGAMI MILO-4 ID_17426</description><styleUrl>#milo_gold</styleUrl><Point><coordinates>-122.628239,43.566829,0</coordinates></Point></Placemark><Placemark><name>Trixie Mine</name><description>MILO gold | gold, silver, copper, lead, zinc | placer (heuristic: surface workings) | discovered ? | prod started ? | size: Undete | src: DOGAMI MILO-4 ID_17427</description><styleUrl>#milo_gold</styleUrl><Point><coordinates>-122.635175,43.607940,0</coordinates></Point></Placemark><Placemark><name>mine</name><description>MILO gold | gold | lode | discovered ? | prod started ? | size: n/a | src: DOGAMI MILO-4 ID_17428</description><styleUrl>#milo_gold</styleUrl><Point><coordinates>-122.622993,43.619275,0</coordinates></Point></Placemark><Placemark><name>prospect</name><description>MILO gold | gold | unknown | discovered ? | prod started ? | size: n/a | src: DOGAMI MILO-4 ID_17429</description><styleUrl>#milo_gold</styleUrl><Point><coordinates>-122.629011,43.598371,0</coordinates></Point></Placemark><Placemark><name>prospect</name><description>MILO gold | gold | unknown | discovered ? | prod started ? | size: n/a | src: DOGAMI MILO-4 ID_17430</description><styleUrl>#milo_gold</styleUrl><Point><coordinates>-122.633540,43.599236,0</coordinates></Point></Placemark><Placemark><name>prospect</name><description>MILO gold | gold | unknown | discovered ? | prod started ? | size: n/a | src: DOGAMI MILO-4 ID_17431</description><styleUrl>#milo_gold</styleUrl><Point><coordinates>-122.604929,43.610687,0</coordinates></Point></Placemark><Placemark><name>prospect</name><description>MILO gold | gold | unknown | discovered ? | prod started ? | size: n/a | src: DOGAMI MILO-4 ID_17432</description><styleUrl>#milo_gold</styleUrl><Point><coordinates>-122.620017,43.586127,0</coordinates></Point></Placemark><Placemark><name>mine</name><description>MILO gold | gold | lode | discovered ? | prod started ? | size: n/a | src: DOGAMI MILO-4 ID_17433</description><styleUrl>#milo_gold</styleUrl><Point><coordinates>-122.620180,43.586136,0</coordinates></Point></Placemark><Placemark><name>prospect</name><description>MILO gold | gold, silver | unknown | discovered ? | prod started ? | size: n/a | src: DOGAMI MILO-4 ID_17434</description><styleUrl>#milo_gold</styleUrl><Point><coordinates>-122.601167,43.591096,0</coordinates></Point></Placemark><Placemark><name>mine</name><description>MILO gold | gold | lode | discovered ? | prod started ? | size: n/a | src: DOGAMI MILO-4 ID_17435</description><styleUrl>#milo_gold</styleUrl><Point><coordinates>-122.620357,43.586187,0</coordinates></Point></Placemark><Placemark><name>prospect</name><description>MILO gold | gold | unknown | discovered ? | prod started ? | size: n/a | src: DOGAMI MILO-4 ID_17436</description><styleUrl>#milo_gold</styleUrl><Point><coordinates>-122.623331,43.586920,0</coordinates></Point></Placemark><Placemark><name>mine</name><description>MILO gold | gold, silver, lead, zinc, copper | lode | discovered ? | prod started ? | size: n/a | src: DOGAMI MILO-4 ID_17437</description><styleUrl>#milo_gold</styleUrl><Point><coordinates>-122.624180,43.587120,0</coordinates></Point></Placemark><Placemark><name>mine</name><description>MILO gold | gold, silver, lead, zinc, copper | lode | discovered ? | prod started ? | size: n/a | src: DOGAMI MILO-4 ID_17438</description><styleUrl>#milo_gold</styleUrl><Point><coordinates>-122.623071,43.587161,0</coordinates></Point></Placemark><Placemark><name>mine</name><description>MILO gold | gold, silver, lead, zinc, copper | lode | discovered ? | prod started ? | size: n/a | src: DOGAMI MILO-4 ID_17439</description><styleUrl>#milo_gold</styleUrl><Point><coordinates>-122.625397,43.587345,0</coordinates></Point></Placemark><Placemark><name>prospect</name><description>MILO gold | gold | unknown | discovered ? | prod started ? | size: n/a | src: DOGAMI MILO-4 ID_17440</description><styleUrl>#milo_gold</styleUrl><Point><coordinates>-122.623514,43.587224,0</coordinates></Point></Placemark><Placemark><name>prospect</name><description>MILO gold | gold | lode | discovered ? | prod started ? | size: n/a | src: DOGAMI MILO-4 ID_17441</description><styleUrl>#milo_gold</styleUrl><Point><coordinates>-122.623849,43.585996,0</coordinates></Point></Placemark><Placemark><name>Grizzly Vein</name><description>MILO gold | gold, silver, zinc | lode | discovered ? | prod started ? | size: n/a | src: DOGAMI MILO-4 ID_17442</description><styleUrl>#milo_gold</styleUrl><Point><coordinates>-122.621748,43.593604,0</coordinates></Point></Placemark><Placemark><name>mine</name><description>MILO gold | gold, silver | lode | discovered ? | prod started ? | size: n/a | src: DOGAMI MILO-4 ID_17443</description><styleUrl>#milo_gold</styleUrl><Point><coordinates>-122.615700,43.573204,0</coordinates></Point></Placemark><Placemark><name>mine</name><description>MILO gold | gold, silver | lode | discovered ? | prod started ? | size: n/a | src: DOGAMI MILO-4 ID_17444</description><styleUrl>#milo_gold</styleUrl><Point><coordinates>-122.614834,43.572661,0</coordinates></Point></Placemark><Placemark><name>prospect</name><description>MILO gold | gold, silver | unknown | discovered ? | prod started ? | size: n/a | src: DOGAMI MILO-4 ID_17445</description><styleUrl>#milo_gold</styleUrl><Point><coordinates>-122.619564,43.575045,0</coordinates></Point></Placemark><Placemark><name>prospect</name><description>MILO gold | gold, silver | unknown | discovered ? | prod started ? | size: n/a | src: DOGAMI MILO-4 ID_17446</description><styleUrl>#milo_gold</styleUrl><Point><coordinates>-122.619821,43.575461,0</coordinates></Point></Placemark><Placemark><name>prospect</name><description>MILO gold | gold, silver | unknown | discovered ? | prod started ? | size: n/a | src: DOGAMI MILO-4 ID_17447</description><styleUrl>#milo_gold</styleUrl><Point><coordinates>-122.617565,43.576379,0</coordinates></Point></Placemark><Placemark><name>Helena Mine (500 level)</name><description>MILO gold | gold | lode | discovered ? | prod started ? | size: n/a | src: DOGAMI MILO-4 ID_17448</description><styleUrl>#milo_gold</styleUrl><Point><coordinates>-122.614546,43.584506,0</coordinates></Point></Placemark><Placemark><name>Helena Mine (100 level)</name><description>MILO gold | gold | lode | discovered ? | prod started ? | size: n/a | src: DOGAMI MILO-4 ID_17449</description><styleUrl>#milo_gold</styleUrl><Point><coordinates>-122.617321,43.585308,0</coordinates></Point></Placemark><Placemark><name>Helena Mine (discovery cut)</name><description>MILO gold | gold | lode | discovered ? | prod started ? | size: n/a | src: DOGAMI MILO-4 ID_17450</description><styleUrl>#milo_gold</styleUrl><Point><coordinates>-122.613948,43.584260,0</coordinates></Point></Placemark><Placemark><name>Helena Mine (200 level)</name><description>MILO gold | gold | lode | discovered ? | prod started ? | size: n/a | src: DOGAMI MILO-4 ID_17451</description><styleUrl>#milo_gold</styleUrl><Point><coordinates>-122.616690,43.585111,0</coordinates></Point></Placemark><Placemark><name>mine</name><description>MILO gold | gold | lode | discovered ? | prod started ? | size: n/a | src: DOGAMI MILO-4 ID_17452</description><styleUrl>#milo_gold</styleUrl><Point><coordinates>-122.614363,43.575912,0</coordinates></Point></Placemark><Placemark><name>mine</name><description>MILO gold | gold | lode | discovered ? | prod started ? | size: n/a | src: DOGAMI MILO-4 ID_17453</description><styleUrl>#milo_gold</styleUrl><Point><coordinates>-122.620735,43.576656,0</coordinates></Point></Placemark><Placemark><name>shaft</name><description>MILO gold | gold | unknown | discovered ? | prod started ? | size: n/a | src: DOGAMI MILO-4 ID_17454</description><styleUrl>#milo_gold</styleUrl><Point><coordinates>-122.619697,43.577241,0</coordinates></Point></Placemark><Placemark><name>prospect</name><description>MILO gold | gold | unknown | discovered ? | prod started ? | size: n/a | src: DOGAMI MILO-4 ID_17455</description><styleUrl>#milo_gold</styleUrl><Point><coordinates>-122.621720,43.579513,0</coordinates></Point></Placemark><Placemark><name>Vein on Happy Jack Claim</name><description>MILO gold | gold | unknown | discovered ? | prod started ? | size: n/a | src: DOGAMI MILO-4 ID_17456</description><styleUrl>#milo_gold</styleUrl><Point><coordinates>-122.611510,43.577179,0</coordinates></Point></Placemark><Placemark><name>mine</name><description>MILO gold | gold, silver, copper, lead | lode | discovered ? | prod started ? | size: n/a | src: DOGAMI MILO-4 ID_17457</description><styleUrl>#milo_gold</styleUrl><Point><coordinates>-122.620397,43.578418,0</coordinates></Point></Placemark><Placemark><name>Noonday Mine (Stope at Surface)</name><description>MILO gold | gold, silver, copper, lead | lode | discovered ? | prod started ? | size: n/a | src: DOGAMI MILO-4 ID_17458</description><styleUrl>#milo_gold</styleUrl><Point><coordinates>-122.619309,43.578004,0</coordinates></Point></Placemark><Placemark><name>mine</name><description>MILO gold | gold, silver, copper, lead | lode | discovered ? | prod started ? | size: n/a | src: DOGAMI MILO-4 ID_17459</description><styleUrl>#milo_gold</styleUrl><Point><coordinates>-122.615993,43.577009,0</coordinates></Point></Placemark><Placemark><name>prospect</name><description>MILO gold | gold, silver, copper, lead | unknown | discovered ? | prod started ? | size: n/a | src: DOGAMI MILO-4 ID_17460</description><styleUrl>#milo_gold</styleUrl><Point><coordinates>-122.617539,43.577361,0</coordinates></Point></Placemark><Placemark><name>prospect</name><description>MILO gold | gold, silver, copper, lead | unknown | discovered ? | prod started ? | size: n/a | src: DOGAMI MILO-4 ID_17461</description><styleUrl>#milo_gold</styleUrl><Point><coordinates>-122.615338,43.576594,0</coordinates></Point></Placemark><Placemark><name>prospect</name><description>MILO gold | gold | lode | discovered ? | prod started ? | size: n/a | src: DOGAMI MILO-4 ID_17462</description><styleUrl>#milo_gold</styleUrl><Point><coordinates>-122.610805,43.573827,0</coordinates></Point></Placemark><Placemark><name>prospect</name><description>MILO gold | gold | unknown | discovered ? | prod started ? | size: n/a | src: DOGAMI MILO-4 ID_17463</description><styleUrl>#milo_gold</styleUrl><Point><coordinates>-122.610428,43.573857,0</coordinates></Point></Placemark><Placemark><name>prospect</name><description>MILO gold | gold, silver, zinc | unknown | discovered ? | prod started ? | size: n/a | src: DOGAMI MILO-4 ID_17464</description><styleUrl>#milo_gold</styleUrl><Point><coordinates>-122.612614,43.575858,0</coordinates></Point></Placemark><Placemark><name>prospect</name><description>MILO gold | gold, silver, zinc | unknown | discovered ? | prod started ? | size: n/a | src: DOGAMI MILO-4 ID_17465</description><styleUrl>#milo_gold</styleUrl><Point><coordinates>-122.613229,43.576097,0</coordinates></Point></Placemark><Placemark><name>mine</name><description>MILO gold | gold, silver, zinc | lode | discovered ? | prod started ? | size: n/a | src: DOGAMI MILO-4 ID_17466</description><styleUrl>#milo_gold</styleUrl><Point><coordinates>-122.610235,43.575689,0</coordinates></Point></Placemark><Placemark><name>prospect</name><description>MILO gold | gold, silver, zinc | unknown | discovered ? | prod started ? | size: n/a | src: DOGAMI MILO-4 ID_17467</description><styleUrl>#milo_gold</styleUrl><Point><coordinates>-122.603185,43.576945,0</coordinates></Point></Placemark><Placemark><name>Paymaster Vein</name><description>MILO gold | gold, silver | unknown | discovered ? | prod started ? | size: n/a | src: DOGAMI MILO-4 ID_17468</description><styleUrl>#milo_gold</styleUrl><Point><coordinates>-122.604059,43.579787,0</coordinates></Point></Placemark><Placemark><name>Paymaster Vein</name><description>MILO gold | gold, silver | unknown | discovered ? | prod started ? | size: n/a | src: DOGAMI MILO-4 ID_17469</description><styleUrl>#milo_gold</styleUrl><Point><coordinates>-122.605046,43.579860,0</coordinates></Point></Placemark><Placemark><name>prospect</name><description>MILO gold | gold, silver | lode | discovered ? | prod started ? | size: n/a | src: DOGAMI MILO-4 ID_17470</description><styleUrl>#milo_gold</styleUrl><Point><coordinates>-122.596889,43.574509,0</coordinates></Point></Placemark><Placemark><name>prospect</name><description>MILO gold | gold, silver, zinc, lead | unknown | discovered ? | prod started ? | size: n/a | src: DOGAMI MILO-4 ID_17471</description><styleUrl>#milo_gold</styleUrl><Point><coordinates>-122.598376,43.575603,0</coordinates></Point></Placemark><Placemark><name>prospect</name><description>MILO gold | gold | unknown | discovered ? | prod started ? | size: n/a | src: DOGAMI MILO-4 ID_17472</description><styleUrl>#milo_gold</styleUrl><Point><coordinates>-122.625400,43.578721,0</coordinates></Point></Placemark><Placemark><name>prospect</name><description>MILO gold | gold | unknown | discovered ? | prod started ? | size: n/a | src: DOGAMI MILO-4 ID_17473</description><styleUrl>#milo_gold</styleUrl><Point><coordinates>-122.625310,43.578655,0</coordinates></Point></Placemark><Placemark><name>mine</name><description>MILO gold | gold | lode | discovered ? | prod started ? | size: n/a | src: DOGAMI MILO-4 ID_17474</description><styleUrl>#milo_gold</styleUrl><Point><coordinates>-122.627192,43.577507,0</coordinates></Point></Placemark><Placemark><name>prospect</name><description>MILO gold | gold | unknown | discovered ? | prod started ? | size: n/a | src: DOGAMI MILO-4 ID_17475</description><styleUrl>#milo_gold</styleUrl><Point><coordinates>-122.622687,43.582386,0</coordinates></Point></Placemark><Placemark><name>prospect</name><description>MILO gold | gold | lode | discovered ? | prod started ? | size: n/a | src: DOGAMI MILO-4 ID_17476</description><styleUrl>#milo_gold</styleUrl><Point><coordinates>-122.623650,43.578655,0</coordinates></Point></Placemark><Placemark><name>mine</name><description>MILO gold | gold | lode | discovered ? | prod started ? | size: n/a | src: DOGAMI MILO-4 ID_17477</description><styleUrl>#milo_gold</styleUrl><Point><coordinates>-122.624298,43.577309,0</coordinates></Point></Placemark><Placemark><name>mine</name><description>MILO gold | gold | lode | discovered ? | prod started ? | size: n/a | src: DOGAMI MILO-4 ID_17478</description><styleUrl>#milo_gold</styleUrl><Point><coordinates>-122.623940,43.577154,0</coordinates></Point></Placemark><Placemark><name>mine</name><description>MILO gold | gold | lode | discovered ? | prod started ? | size: n/a | src: DOGAMI MILO-4 ID_17479</description><styleUrl>#milo_gold</styleUrl><Point><coordinates>-122.623869,43.582498,0</coordinates></Point></Placemark><Placemark><name>prospect</name><description>MILO gold | gold | unknown | discovered ? | prod started ? | size: n/a | src: DOGAMI MILO-4 ID_17480</description><styleUrl>#milo_gold</styleUrl><Point><coordinates>-122.623151,43.582403,0</coordinates></Point></Placemark><Placemark><name>prospect</name><description>MILO gold | lead, zinc, copper, gold, silver | lode | discovered ? | prod started ? | size: n/a | src: DOGAMI MILO-4 ID_17481</description><styleUrl>#milo_gold</styleUrl><Point><coordinates>-122.590540,43.569516,0</coordinates></Point></Placemark><Placemark><name>prospect</name><description>MILO gold | lead, zinc, copper, gold, silver | lode | discovered ? | prod started ? | size: n/a | src: DOGAMI MILO-4 ID_17482</description><styleUrl>#milo_gold</styleUrl><Point><coordinates>-122.588999,43.569253,0</coordinates></Point></Placemark><Placemark><name>prospect</name><description>MILO gold | gold, silver | lode | discovered ? | prod started ? | size: n/a | src: DOGAMI MILO-4 ID_17483</description><styleUrl>#milo_gold</styleUrl><Point><coordinates>-122.599617,43.566677,0</coordinates></Point></Placemark><Placemark><name>prospect</name><description>MILO gold | lead, zinc, copper, gold, silver | lode | discovered ? | prod started ? | size: n/a | src: DOGAMI MILO-4 ID_17484</description><styleUrl>#milo_gold</styleUrl><Point><coordinates>-122.585470,43.568476,0</coordinates></Point></Placemark><Placemark><name>Star Group</name><description>MILO gold | gold, silver, zinc | lode | discovered ? | prod started ? | size: n/a | src: DOGAMI MILO-4 ID_17485</description><styleUrl>#milo_gold</styleUrl><Point><coordinates>-122.576656,43.584939,0</coordinates></Point></Placemark><Placemark><name>Winchester Group</name><description>MILO gold | gold, silver, lead, zinc, copper | unknown | discovered ? | prod started ? | size: Undete | src: DOGAMI MILO-4 ID_17486</description><styleUrl>#milo_gold</styleUrl><Point><coordinates>-122.552997,43.576864,0</coordinates></Point></Placemark><Placemark><name>Ophir Claim</name><description>MILO gold | gold, silver, lead | lode | discovered ? | prod started ? | size: n/a | src: DOGAMI MILO-4 ID_17487</description><styleUrl>#milo_gold</styleUrl><Point><coordinates>-122.519143,43.573493,0</coordinates></Point></Placemark><Placemark><name>Philco II/Cat Mountain Two</name><description>MILO gold | gold | lode | discovered ? | prod started ? | size: n/a | src: DOGAMI MILO-4 ID_21218</description><styleUrl>#milo_gold</styleUrl><Point><coordinates>-122.673492,43.602920,0</coordinates></Point></Placemark><Placemark><name>mine</name><description>MILO gold | zinc, lead, gold, silver, copper, antimony | lode | discovered ? | prod started ? | size: n/a | src: DOGAMI MILO-4 ID_21238</description><styleUrl>#milo_gold</styleUrl><Point><coordinates>-122.672356,43.607643,0</coordinates></Point></Placemark><Placemark><name>Beverly mine (west)</name><description>MILO gold | gold, silver, copper, lead, zinc | unknown | discovered ? | prod started ? | size: n/a | src: DOGAMI MILO-4 ID_21588</description><styleUrl>#milo_gold</styleUrl><Point><coordinates>-122.636995,43.627607,0</coordinates></Point></Placemark><Placemark><name>gold prospect</name><description>MILO gold | gold | lode | discovered ? | prod started ? | size: n/a | src: DOGAMI MILO-4 ID_21930</description><styleUrl>#milo_gold</styleUrl><Point><coordinates>-122.614015,43.631449,0</coordinates></Point></Placemark><Placemark><name>gold prospect</name><description>MILO gold | gold, barium | lode | discovered ? | prod started ? | size: n/a | src: DOGAMI MILO-4 ID_21931</description><styleUrl>#milo_gold</styleUrl><Point><coordinates>-122.616248,43.632144,0</coordinates></Point></Placemark><Placemark><name>prospect</name><description>MILO gold | gold, silver, copper, lead, zinc | lode | discovered ? | prod started ? | size: small | src: DOGAMI MILO-4 ID_21932</description><styleUrl>#milo_gold</styleUrl><Point><coordinates>-122.635274,43.627193,0</coordinates></Point></Placemark><Placemark><name>prospect</name><description>MILO gold | gold, silver, copper, lead, zinc | lode | discovered ? | prod started ? | size: small | src: DOGAMI MILO-4 ID_21933</description><styleUrl>#milo_gold</styleUrl><Point><coordinates>-122.634859,43.625447,0</coordinates></Point></Placemark><Placemark><name>prospect</name><description>MILO gold | gold | unknown | discovered ? | prod started ? | size: n/a | src: DOGAMI MILO-4 ID_21934</description><styleUrl>#milo_gold</styleUrl><Point><coordinates>-122.647518,43.623276,0</coordinates></Point></Placemark><Placemark><name>prospect</name><description>MILO gold | gold | unknown | discovered ? | prod started ? | size: n/a | src: DOGAMI MILO-4 ID_21935</description><styleUrl>#milo_gold</styleUrl><Point><coordinates>-122.657118,43.631175,0</coordinates></Point></Placemark><Placemark><name>prospect</name><description>MILO gold | gold | unknown | discovered ? | prod started ? | size: n/a | src: DOGAMI MILO-4 ID_21936</description><styleUrl>#milo_gold</styleUrl><Point><coordinates>-122.657557,43.631750,0</coordinates></Point></Placemark><Placemark><name>prospect</name><description>MILO gold | gold | unknown | discovered ? | prod started ? | size: n/a | src: DOGAMI MILO-4 ID_21937</description><styleUrl>#milo_gold</styleUrl><Point><coordinates>-122.657655,43.630869,0</coordinates></Point></Placemark><Placemark><name>prospect</name><description>MILO gold | gold | unknown | discovered ? | prod started ? | size: n/a | src: DOGAMI MILO-4 ID_21938</description><styleUrl>#milo_gold</styleUrl><Point><coordinates>-122.657147,43.631810,0</coordinates></Point></Placemark><Placemark><name>prospect</name><description>MILO gold | gold | unknown | discovered ? | prod started ? | size: n/a | src: DOGAMI MILO-4 ID_21939</description><styleUrl>#milo_gold</styleUrl><Point><coordinates>-122.658367,43.631595,0</coordinates></Point></Placemark><Placemark><name>prospect</name><description>MILO gold | gold | unknown | discovered ? | prod started ? | size: n/a | src: DOGAMI MILO-4 ID_21940</description><styleUrl>#milo_gold</styleUrl><Point><coordinates>-122.655836,43.631991,0</coordinates></Point></Placemark><Placemark><name>prospect</name><description>MILO gold | gold | unknown | discovered ? | prod started ? | size: n/a | src: DOGAMI MILO-4 ID_21941</description><styleUrl>#milo_gold</styleUrl><Point><coordinates>-122.655237,43.631500,0</coordinates></Point></Placemark><Placemark><name>Sunrise Group</name><description>MILO gold | gold | lode | discovered ? | prod started ? | size: n/a | src: DOGAMI MILO-4 ID_21942</description><styleUrl>#milo_gold</styleUrl><Point><coordinates>-122.681007,43.621780,0</coordinates></Point></Placemark><Placemark><name>Sunrise Group</name><description>MILO gold | gold | lode | discovered ? | prod started ? | size: n/a | src: DOGAMI MILO-4 ID_21943</description><styleUrl>#milo_gold</styleUrl><Point><coordinates>-122.681369,43.622032,0</coordinates></Point></Placemark><Placemark><name>Goldenstar Mine</name><description>MILO gold | gold | lode | discovered ? | prod started ? | size: small | src: DOGAMI MILO-4 ID_21944</description><styleUrl>#milo_gold</styleUrl><Point><coordinates>-122.704365,43.561040,0</coordinates></Point></Placemark><Placemark><name>Goldenstar Mine</name><description>MILO gold | gold | lode | discovered ? | prod started ? | size: small | src: DOGAMI MILO-4 ID_21945</description><styleUrl>#milo_gold</styleUrl><Point><coordinates>-122.704625,43.560991,0</coordinates></Point></Placemark><Placemark><name>Goldenstar Mine (Bug Adit, shaft)</name><description>MILO gold | gold | lode | discovered ? | prod started ? | size: small | src: DOGAMI MILO-4 ID_21946</description><styleUrl>#milo_gold</styleUrl><Point><coordinates>-122.705928,43.561345,0</coordinates></Point></Placemark><Placemark><name>Goldenstar Mine</name><description>MILO gold | gold | lode | discovered ? | prod started ? | size: small | src: DOGAMI MILO-4 ID_21947</description><styleUrl>#milo_gold</styleUrl><Point><coordinates>-122.703250,43.560514,0</coordinates></Point></Placemark><Placemark><name>Goldenstar Mine</name><description>MILO gold | gold | lode | discovered ? | prod started ? | size: small | src: DOGAMI MILO-4 ID_21948</description><styleUrl>#milo_gold</styleUrl><Point><coordinates>-122.703400,43.560672,0</coordinates></Point></Placemark><Placemark><name>Goldenstar Mine</name><description>MILO gold | gold | lode | discovered ? | prod started ? | size: small | src: DOGAMI MILO-4 ID_21949</description><styleUrl>#milo_gold</styleUrl><Point><coordinates>-122.702170,43.560439,0</coordinates></Point></Placemark><Placemark><name>Goldenstar Mine</name><description>MILO gold | gold | lode | discovered ? | prod started ? | size: small | src: DOGAMI MILO-4 ID_21950</description><styleUrl>#milo_gold</styleUrl><Point><coordinates>-122.701859,43.560810,0</coordinates></Point></Placemark><Placemark><name>prospect</name><description>MILO gold | gold, silver | lode | discovered ? | prod started ? | size: n/a | src: DOGAMI MILO-4 ID_21951</description><styleUrl>#milo_gold</styleUrl><Point><coordinates>-122.662375,43.570896,0</coordinates></Point></Placemark><Placemark><name>prospect</name><description>MILO gold | gold, silver | lode | discovered ? | prod started ? | size: n/a | src: DOGAMI MILO-4 ID_21952</description><styleUrl>#milo_gold</styleUrl><Point><coordinates>-122.658542,43.569881,0</coordinates></Point></Placemark><Placemark><name>prospect</name><description>MILO gold | gold, silver | lode | discovered ? | prod started ? | size: n/a | src: DOGAMI MILO-4 ID_21953</description><styleUrl>#milo_gold</styleUrl><Point><coordinates>-122.661602,43.570108,0</coordinates></Point></Placemark><Placemark><name>prospect</name><description>MILO gold | gold, silver | unknown | discovered ? | prod started ? | size: n/a | src: DOGAMI MILO-4 ID_21954</description><styleUrl>#milo_gold</styleUrl><Point><coordinates>-122.666964,43.575865,0</coordinates></Point></Placemark><Placemark><name>prospect</name><description>MILO gold | gold, silver | unknown | discovered ? | prod started ? | size: n/a | src: DOGAMI MILO-4 ID_21955</description><styleUrl>#milo_gold</styleUrl><Point><coordinates>-122.664084,43.579210,0</coordinates></Point></Placemark><Placemark><name>prospect</name><description>MILO gold | gold, silver | unknown | discovered ? | prod started ? | size: n/a | src: DOGAMI MILO-4 ID_21956</description><styleUrl>#milo_gold</styleUrl><Point><coordinates>-122.664905,43.579016,0</coordinates></Point></Placemark><Placemark><name>prospect</name><description>MILO gold | gold, silver, copper, lead, zinc | unknown | discovered ? | prod started ? | size: n/a | src: DOGAMI MILO-4 ID_21957</description><styleUrl>#milo_gold</styleUrl><Point><coordinates>-122.657248,43.580323,0</coordinates></Point></Placemark><Placemark><name>prospect</name><description>MILO gold | gold, silver, copper, lead, zinc | unknown | discovered ? | prod started ? | size: n/a | src: DOGAMI MILO-4 ID_21958</description><styleUrl>#milo_gold</styleUrl><Point><coordinates>-122.657783,43.579967,0</coordinates></Point></Placemark><Placemark><name>prospect</name><description>MILO gold | gold | unknown | discovered ? | prod started ? | size: n/a | src: DOGAMI MILO-4 ID_21959</description><styleUrl>#milo_gold</styleUrl><Point><coordinates>-122.667165,43.584866,0</coordinates></Point></Placemark><Placemark><name>prospect</name><description>MILO gold | gold | unknown | discovered ? | prod started ? | size: n/a | src: DOGAMI MILO-4 ID_21960</description><styleUrl>#milo_gold</styleUrl><Point><coordinates>-122.668359,43.585331,0</coordinates></Point></Placemark><Placemark><name>Sunrise Group</name><description>MILO gold | gold | lode | discovered ? | prod started ? | size: n/a | src: DOGAMI MILO-4 ID_21961</description><styleUrl>#milo_gold</styleUrl><Point><coordinates>-122.681649,43.622073,0</coordinates></Point></Placemark><Placemark><name>prospect</name><description>MILO gold | gold | lode | discovered ? | prod started ? | size: n/a | src: DOGAMI MILO-4 ID_21962</description><styleUrl>#milo_gold</styleUrl><Point><coordinates>-122.678190,43.623115,0</coordinates></Point></Placemark><Placemark><name>prospect</name><description>MILO gold | gold | lode | discovered ? | prod started ? | size: n/a | src: DOGAMI MILO-4 ID_21963</description><styleUrl>#milo_gold</styleUrl><Point><coordinates>-122.678083,43.623150,0</coordinates></Point></Placemark><Placemark><name>prospect</name><description>MILO gold | gold | lode | discovered ? | prod started ? | size: n/a | src: DOGAMI MILO-4 ID_21964</description><styleUrl>#milo_gold</styleUrl><Point><coordinates>-122.678087,43.622803,0</coordinates></Point></Placemark><Placemark><name>prospect</name><description>MILO gold | gold | lode | discovered ? | prod started ? | size: n/a | src: DOGAMI MILO-4 ID_21965</description><styleUrl>#milo_gold</styleUrl><Point><coordinates>-122.677953,43.622896,0</coordinates></Point></Placemark><Placemark><name>prospect</name><description>MILO gold | gold | lode | discovered ? | prod started ? | size: n/a | src: DOGAMI MILO-4 ID_21966</description><styleUrl>#milo_gold</styleUrl><Point><coordinates>-122.678892,43.622869,0</coordinates></Point></Placemark><Placemark><name>prospect</name><description>MILO gold | gold, silver | unknown | discovered ? | prod started ? | size: n/a | src: DOGAMI MILO-4 ID_21967</description><styleUrl>#milo_gold</styleUrl><Point><coordinates>-122.665593,43.562145,0</coordinates></Point></Placemark><Placemark><name>mine</name><description>MILO gold | gold, silver | lode | discovered ? | prod started ? | size: n/a | src: DOGAMI MILO-4 ID_21968</description><styleUrl>#milo_gold</styleUrl><Point><coordinates>-122.671756,43.568009,0</coordinates></Point></Placemark><Placemark><name>prospect</name><description>MILO gold | gold | unknown | discovered ? | prod started ? | size: n/a | src: DOGAMI MILO-4 ID_21969</description><styleUrl>#milo_gold</styleUrl><Point><coordinates>-122.694986,43.585991,0</coordinates></Point></Placemark><Placemark><name>prospect</name><description>MILO gold | gold | unknown | discovered ? | prod started ? | size: n/a | src: DOGAMI MILO-4 ID_21970</description><styleUrl>#milo_gold</styleUrl><Point><coordinates>-122.694886,43.586065,0</coordinates></Point></Placemark><Placemark><name>prospect</name><description>MILO gold | gold, silver | unknown | discovered ? | prod started ? | size: n/a | src: DOGAMI MILO-4 ID_21971</description><styleUrl>#milo_gold</styleUrl><Point><coordinates>-122.720444,43.560872,0</coordinates></Point></Placemark><Placemark><name>prospect</name><description>MILO gold | gold, silver, zinc, lead, copper | unknown | discovered ? | prod started ? | size: n/a | src: DOGAMI MILO-4 ID_21972</description><styleUrl>#milo_gold</styleUrl><Point><coordinates>-122.635807,43.566773,0</coordinates></Point></Placemark><Placemark><name>prospect</name><description>MILO gold | gold, silver, zinc, lead, copper | unknown | discovered ? | prod started ? | size: n/a | src: DOGAMI MILO-4 ID_21973</description><styleUrl>#milo_gold</styleUrl><Point><coordinates>-122.635413,43.566222,0</coordinates></Point></Placemark><Placemark><name>prospect</name><description>MILO gold | gold, silver, zinc, lead, copper | unknown | discovered ? | prod started ? | size: n/a | src: DOGAMI MILO-4 ID_21974</description><styleUrl>#milo_gold</styleUrl><Point><coordinates>-122.635220,43.566298,0</coordinates></Point></Placemark><Placemark><name>prospect</name><description>MILO gold | gold, silver, zinc, lead, copper | unknown | discovered ? | prod started ? | size: n/a | src: DOGAMI MILO-4 ID_21975</description><styleUrl>#milo_gold</styleUrl><Point><coordinates>-122.636150,43.566377,0</coordinates></Point></Placemark><Placemark><name>prospect</name><description>MILO gold | gold, silver, zinc, lead, copper | unknown | discovered ? | prod started ? | size: n/a | src: DOGAMI MILO-4 ID_21976</description><styleUrl>#milo_gold</styleUrl><Point><coordinates>-122.635914,43.566961,0</coordinates></Point></Placemark><Placemark><name>Cripple Creek Vein</name><description>MILO gold | gold, silver, zinc | lode | discovered ? | prod started ? | size: n/a | src: DOGAMI MILO-4 ID_21982</description><styleUrl>#milo_gold</styleUrl><Point><coordinates>-122.639950,43.567750,0</coordinates></Point></Placemark><Placemark><name>prospect</name><description>MILO gold | gold | lode | discovered ? | prod started ? | size: n/a | src: DOGAMI MILO-4 ID_21983</description><styleUrl>#milo_gold</styleUrl><Point><coordinates>-122.646236,43.568382,0</coordinates></Point></Placemark><Placemark><name>Tipperary</name><description>MILO gold | gold, silver, copper | lode | discovered ? | prod started ? | size: n/a | src: DOGAMI MILO-4 ID_21984</description><styleUrl>#milo_gold</styleUrl><Point><coordinates>-122.648986,43.572620,0</coordinates></Point></Placemark><Placemark><name>Tipperary</name><description>MILO gold | gold, silver, copper | lode | discovered ? | prod started ? | size: n/a | src: DOGAMI MILO-4 ID_21985</description><styleUrl>#milo_gold</styleUrl><Point><coordinates>-122.649369,43.573283,0</coordinates></Point></Placemark><Placemark><name>prospect</name><description>MILO gold | gold, silver, copper, lead, zinc | lode | discovered ? | prod started ? | size: n/a | src: DOGAMI MILO-4 ID_21986</description><styleUrl>#milo_gold</styleUrl><Point><coordinates>-122.655885,43.579063,0</coordinates></Point></Placemark><Placemark><name>prospect</name><description>MILO gold | gold, silver, copper | unknown | discovered ? | prod started ? | size: n/a | src: DOGAMI MILO-4 ID_21987</description><styleUrl>#milo_gold</styleUrl><Point><coordinates>-122.655605,43.580129,0</coordinates></Point></Placemark><Placemark><name>prospect</name><description>MILO gold | gold, silver, copper | unknown | discovered ? | prod started ? | size: n/a | src: DOGAMI MILO-4 ID_21988</description><styleUrl>#milo_gold</styleUrl><Point><coordinates>-122.655279,43.580072,0</coordinates></Point></Placemark><Placemark><name>prospect</name><description>MILO gold | gold, silver, copper | unknown | discovered ? | prod started ? | size: n/a | src: DOGAMI MILO-4 ID_21989</description><styleUrl>#milo_gold</styleUrl><Point><coordinates>-122.654425,43.579863,0</coordinates></Point></Placemark><Placemark><name>prospect</name><description>MILO gold | gold, lead, zinc, copper | unknown | discovered ? | prod started ? | size: n/a | src: DOGAMI MILO-4 ID_21990</description><styleUrl>#milo_gold</styleUrl><Point><coordinates>-122.648781,43.581620,0</coordinates></Point></Placemark><Placemark><name>prospect</name><description>MILO gold | gold, lead, zinc, copper | unknown | discovered ? | prod started ? | size: n/a | src: DOGAMI MILO-4 ID_21991</description><styleUrl>#milo_gold</styleUrl><Point><coordinates>-122.644272,43.579510,0</coordinates></Point></Placemark><Placemark><name>prospect</name><description>MILO gold | gold, lead, zinc, copper | unknown | discovered ? | prod started ? | size: n/a | src: DOGAMI MILO-4 ID_21992</description><styleUrl>#milo_gold</styleUrl><Point><coordinates>-122.644532,43.581210,0</coordinates></Point></Placemark><Placemark><name>prospect</name><description>MILO gold | gold, lead, zinc, copper | unknown | discovered ? | prod started ? | size: n/a | src: DOGAMI MILO-4 ID_21993</description><styleUrl>#milo_gold</styleUrl><Point><coordinates>-122.640817,43.579719,0</coordinates></Point></Placemark><Placemark><name>prospect</name><description>MILO gold | gold, lead, zinc, copper | unknown | discovered ? | prod started ? | size: n/a | src: DOGAMI MILO-4 ID_21994</description><styleUrl>#milo_gold</styleUrl><Point><coordinates>-122.640705,43.579857,0</coordinates></Point></Placemark><Placemark><name>prospect</name><description>MILO gold | gold, lead, zinc, copper | unknown | discovered ? | prod started ? | size: n/a | src: DOGAMI MILO-4 ID_21995</description><styleUrl>#milo_gold</styleUrl><Point><coordinates>-122.640678,43.580136,0</coordinates></Point></Placemark><Placemark><name>prospect</name><description>MILO gold | gold, lead, zinc, copper | unknown | discovered ? | prod started ? | size: n/a | src: DOGAMI MILO-4 ID_21996</description><styleUrl>#milo_gold</styleUrl><Point><coordinates>-122.639217,43.580443,0</coordinates></Point></Placemark><Placemark><name>prospect</name><description>MILO gold | gold, lead, zinc, copper | unknown | discovered ? | prod started ? | size: n/a | src: DOGAMI MILO-4 ID_21997</description><styleUrl>#milo_gold</styleUrl><Point><coordinates>-122.641384,43.578355,0</coordinates></Point></Placemark><Placemark><name>prospect</name><description>MILO gold | gold, lead, zinc, copper | unknown | discovered ? | prod started ? | size: n/a | src: DOGAMI MILO-4 ID_21998</description><styleUrl>#milo_gold</styleUrl><Point><coordinates>-122.637777,43.579491,0</coordinates></Point></Placemark><Placemark><name>prospect</name><description>MILO gold | gold, silver, zinc, lead, copper | unknown | discovered ? | prod started ? | size: n/a | src: DOGAMI MILO-4 ID_21999</description><styleUrl>#milo_gold</styleUrl><Point><coordinates>-122.632992,43.571333,0</coordinates></Point></Placemark><Placemark><name>prospect</name><description>MILO gold | gold, silver, antimony, copper, lead | unknown | discovered ? | prod started ? | size: n/a | src: DOGAMI MILO-4 ID_22000</description><styleUrl>#milo_gold</styleUrl><Point><coordinates>-122.651488,43.561647,0</coordinates></Point></Placemark><Placemark><name>prospect</name><description>MILO gold | gold, silver, antimony, copper, lead | unknown | discovered ? | prod started ? | size: n/a | src: DOGAMI MILO-4 ID_22001</description><styleUrl>#milo_gold</styleUrl><Point><coordinates>-122.649820,43.561294,0</coordinates></Point></Placemark><Placemark><name>prospect</name><description>MILO gold | gold, silver, antimony, copper, lead | unknown | discovered ? | prod started ? | size: n/a | src: DOGAMI MILO-4 ID_22002</description><styleUrl>#milo_gold</styleUrl><Point><coordinates>-122.649971,43.561791,0</coordinates></Point></Placemark><Placemark><name>prospect</name><description>MILO gold | gold, silver, antimony, copper, lead | unknown | discovered ? | prod started ? | size: n/a | src: DOGAMI MILO-4 ID_22003</description><styleUrl>#milo_gold</styleUrl><Point><coordinates>-122.649947,43.561477,0</coordinates></Point></Placemark><Placemark><name>El Capitan</name><description>MILO gold | gold, silver, antimony, copper, lead | lode | discovered 1898 | prod started ? | size: small | src: DOGAMI MILO-4 ID_22004</description><styleUrl>#milo_gold</styleUrl><Point><coordinates>-122.648401,43.561103,0</coordinates></Point></Placemark><Placemark><name>prospect</name><description>MILO gold | gold, silver, antimony, copper, lead | unknown | discovered ? | prod started ? | size: n/a | src: DOGAMI MILO-4 ID_22005</description><styleUrl>#milo_gold</styleUrl><Point><coordinates>-122.646071,43.559226,0</coordinates></Point></Placemark><Placemark><name>prospect</name><description>MILO gold | gold, silver, antimony, copper, lead | unknown | discovered ? | prod started ? | size: n/a | src: DOGAMI MILO-4 ID_22006</description><styleUrl>#milo_gold</styleUrl><Point><coordinates>-122.645535,43.559103,0</coordinates></Point></Placemark><Placemark><name>prospect</name><description>MILO gold | gold, silver, antimony, copper, lead | unknown | discovered ? | prod started ? | size: n/a | src: DOGAMI MILO-4 ID_22007</description><styleUrl>#milo_gold</styleUrl><Point><coordinates>-122.643012,43.559494,0</coordinates></Point></Placemark><Placemark><name>prospect</name><description>MILO gold | gold, silver, antimony, copper, lead | unknown | discovered ? | prod started ? | size: n/a | src: DOGAMI MILO-4 ID_22008</description><styleUrl>#milo_gold</styleUrl><Point><coordinates>-122.643175,43.564399,0</coordinates></Point></Placemark><Placemark><name>prospect</name><description>MILO gold | gold, silver, antimony, copper, lead | unknown | discovered ? | prod started ? | size: n/a | src: DOGAMI MILO-4 ID_22009</description><styleUrl>#milo_gold</styleUrl><Point><coordinates>-122.642349,43.562861,0</coordinates></Point></Placemark><Placemark><name>prospect</name><description>MILO gold | gold, silver, antimony, copper, lead | unknown | discovered ? | prod started ? | size: n/a | src: DOGAMI MILO-4 ID_22010</description><styleUrl>#milo_gold</styleUrl><Point><coordinates>-122.641798,43.559062,0</coordinates></Point></Placemark><Placemark><name>prospect</name><description>MILO gold | gold, silver, antimony, copper, lead | unknown | discovered ? | prod started ? | size: n/a | src: DOGAMI MILO-4 ID_22011</description><styleUrl>#milo_gold</styleUrl><Point><coordinates>-122.639423,43.558400,0</coordinates></Point></Placemark><Placemark><name>prospect</name><description>MILO gold | gold, silver, antimony, copper, lead | unknown | discovered ? | prod started ? | size: n/a | src: DOGAMI MILO-4 ID_22012</description><styleUrl>#milo_gold</styleUrl><Point><coordinates>-122.639439,43.558089,0</coordinates></Point></Placemark><Placemark><name>prospect</name><description>MILO gold | gold, silver, antimony, copper, lead | unknown | discovered ? | prod started ? | size: n/a | src: DOGAMI MILO-4 ID_22013</description><styleUrl>#milo_gold</styleUrl><Point><coordinates>-122.639601,43.558321,0</coordinates></Point></Placemark><Placemark><name>prospect</name><description>MILO gold | gold, silver, antimony, copper, lead | unknown | discovered ? | prod started ? | size: n/a | src: DOGAMI MILO-4 ID_22014</description><styleUrl>#milo_gold</styleUrl><Point><coordinates>-122.643652,43.558306,0</coordinates></Point></Placemark><Placemark><name>prospect</name><description>MILO gold | gold, silver, zinc, lead, copper | lode | discovered ? | prod started ? | size: n/a | src: DOGAMI MILO-4 ID_22015</description><styleUrl>#milo_gold</styleUrl><Point><coordinates>-122.637789,43.568390,0</coordinates></Point></Placemark><Placemark><name>prospect</name><description>MILO gold | gold, silver, zinc, lead, copper | lode | discovered ? | prod started ? | size: n/a | src: DOGAMI MILO-4 ID_22016</description><styleUrl>#milo_gold</styleUrl><Point><coordinates>-122.639026,43.569117,0</coordinates></Point></Placemark><Placemark><name>prospect</name><description>MILO gold | gold | lode | discovered ? | prod started ? | size: n/a | src: DOGAMI MILO-4 ID_22017</description><styleUrl>#milo_gold</styleUrl><Point><coordinates>-122.626931,43.566102,0</coordinates></Point></Placemark><Placemark><name>prospect</name><description>MILO gold | gold | lode | discovered ? | prod started ? | size: n/a | src: DOGAMI MILO-4 ID_22018</description><styleUrl>#milo_gold</styleUrl><Point><coordinates>-122.627376,43.566301,0</coordinates></Point></Placemark><Placemark><name>prospect</name><description>MILO gold | gold | lode | discovered ? | prod started ? | size: n/a | src: DOGAMI MILO-4 ID_22019</description><styleUrl>#milo_gold</styleUrl><Point><coordinates>-122.625090,43.566046,0</coordinates></Point></Placemark><Placemark><name>Gold Dollar Vein</name><description>MILO gold | gold, silver | unknown | discovered ? | prod started ? | size: n/a | src: DOGAMI MILO-4 ID_22020</description><styleUrl>#milo_gold</styleUrl><Point><coordinates>-122.617601,43.569739,0</coordinates></Point></Placemark><Placemark><name>prospect</name><description>MILO gold | gold, silver | unknown | discovered ? | prod started ? | size: n/a | src: DOGAMI MILO-4 ID_22021</description><styleUrl>#milo_gold</styleUrl><Point><coordinates>-122.622707,43.575107,0</coordinates></Point></Placemark><Placemark><name>prospect</name><description>MILO gold | gold, silver | unknown | discovered ? | prod started ? | size: n/a | src: DOGAMI MILO-4 ID_22022</description><styleUrl>#milo_gold</styleUrl><Point><coordinates>-122.623059,43.575492,0</coordinates></Point></Placemark><Placemark><name>prospect</name><description>MILO gold | gold, silver | unknown | discovered ? | prod started ? | size: n/a | src: DOGAMI MILO-4 ID_22023</description><styleUrl>#milo_gold</styleUrl><Point><coordinates>-122.623080,43.574441,0</coordinates></Point></Placemark><Placemark><name>prospect</name><description>MILO gold | gold, silver | unknown | discovered ? | prod started ? | size: n/a | src: DOGAMI MILO-4 ID_22024</description><styleUrl>#milo_gold</styleUrl><Point><coordinates>-122.622759,43.574305,0</coordinates></Point></Placemark><Placemark><name>prospect</name><description>MILO gold | gold, silver | unknown | discovered ? | prod started ? | size: n/a | src: DOGAMI MILO-4 ID_22025</description><styleUrl>#milo_gold</styleUrl><Point><coordinates>-122.622707,43.575107,0</coordinates></Point></Placemark><Placemark><name>prospect</name><description>MILO gold | gold | lode | discovered ? | prod started ? | size: n/a | src: DOGAMI MILO-4 ID_22026</description><styleUrl>#milo_gold</styleUrl><Point><coordinates>-122.624101,43.578930,0</coordinates></Point></Placemark><Placemark><name>prospect</name><description>MILO gold | gold | lode | discovered ? | prod started ? | size: n/a | src: DOGAMI MILO-4 ID_22027</description><styleUrl>#milo_gold</styleUrl><Point><coordinates>-122.622107,43.578182,0</coordinates></Point></Placemark><Placemark><name>prospect</name><description>MILO gold | gold | lode | discovered ? | prod started ? | size: n/a | src: DOGAMI MILO-4 ID_22028</description><styleUrl>#milo_gold</styleUrl><Point><coordinates>-122.621685,43.577987,0</coordinates></Point></Placemark><Placemark><name>prospect</name><description>MILO gold | gold | lode | discovered ? | prod started ? | size: n/a | src: DOGAMI MILO-4 ID_22029</description><styleUrl>#milo_gold</styleUrl><Point><coordinates>-122.620762,43.577719,0</coordinates></Point></Placemark><Placemark><name>prospect</name><description>MILO gold | gold | lode | discovered ? | prod started ? | size: n/a | src: DOGAMI MILO-4 ID_22030</description><styleUrl>#milo_gold</styleUrl><Point><coordinates>-122.620419,43.577541,0</coordinates></Point></Placemark><Placemark><name>prospect</name><description>MILO gold | gold | unknown | discovered ? | prod started ? | size: n/a | src: DOGAMI MILO-4 ID_22031</description><styleUrl>#milo_gold</styleUrl><Point><coordinates>-122.627894,43.577459,0</coordinates></Point></Placemark><Placemark><name>Champion Mine, crosscut to 300 Level</name><description>MILO gold | gold | unknown | discovered ? | prod started ? | size: n/a | src: DOGAMI MILO-4 ID_22032</description><styleUrl>#milo_gold</styleUrl><Point><coordinates>-122.627930,43.577777,0</coordinates></Point></Placemark><Placemark><name>prospect</name><description>MILO gold | gold | unknown | discovered ? | prod started ? | size: n/a | src: DOGAMI MILO-4 ID_22033</description><styleUrl>#milo_gold</styleUrl><Point><coordinates>-122.630088,43.577871,0</coordinates></Point></Placemark><Placemark><name>prospect</name><description>MILO gold | gold | unknown | discovered ? | prod started ? | size: n/a | src: DOGAMI MILO-4 ID_22034</description><styleUrl>#milo_gold</styleUrl><Point><coordinates>-122.629823,43.577820,0</coordinates></Point></Placemark><Placemark><name>prospect</name><description>MILO gold | gold | unknown | discovered ? | prod started ? | size: n/a | src: DOGAMI MILO-4 ID_22035</description><styleUrl>#milo_gold</styleUrl><Point><coordinates>-122.629665,43.577800,0</coordinates></Point></Placemark><Placemark><name>prospect</name><description>MILO gold | gold | unknown | discovered ? | prod started ? | size: n/a | src: DOGAMI MILO-4 ID_22036</description><styleUrl>#milo_gold</styleUrl><Point><coordinates>-122.624963,43.576906,0</coordinates></Point></Placemark><Placemark><name>prospect</name><description>MILO gold | gold, silver, copper, lead | unknown | discovered ? | prod started ? | size: n/a | src: DOGAMI MILO-4 ID_22037</description><styleUrl>#milo_gold</styleUrl><Point><coordinates>-122.617238,43.577410,0</coordinates></Point></Placemark><Placemark><name>prospect</name><description>MILO gold | gold | lode | discovered ? | prod started ? | size: n/a | src: DOGAMI MILO-4 ID_22038</description><styleUrl>#milo_gold</styleUrl><Point><coordinates>-122.612711,43.574225,0</coordinates></Point></Placemark><Placemark><name>prospect</name><description>MILO gold | lead, zinc, copper, gold, silver | lode | discovered ? | prod started ? | size: n/a | src: DOGAMI MILO-4 ID_22039</description><styleUrl>#milo_gold</styleUrl><Point><coordinates>-122.589250,43.569361,0</coordinates></Point></Placemark><Placemark><name>prospect</name><description>MILO gold | lead, zinc, copper, gold, silver | lode | discovered ? | prod started ? | size: n/a | src: DOGAMI MILO-4 ID_22040</description><styleUrl>#milo_gold</styleUrl><Point><coordinates>-122.588396,43.569081,0</coordinates></Point></Placemark><Placemark><name>prospect</name><description>MILO gold | lead, zinc, copper, gold, silver | lode | discovered ? | prod started ? | size: n/a | src: DOGAMI MILO-4 ID_22041</description><styleUrl>#milo_gold</styleUrl><Point><coordinates>-122.585461,43.568594,0</coordinates></Point></Placemark><Placemark><name>prospect</name><description>MILO gold | lead, zinc, copper, gold, silver | lode | discovered ? | prod started ? | size: n/a | src: DOGAMI MILO-4 ID_22042</description><styleUrl>#milo_gold</styleUrl><Point><coordinates>-122.584895,43.568482,0</coordinates></Point></Placemark><Placemark><name>Champion 900 Level</name><description>MILO gold | gold, silver, lead, zinc, copper | lode | discovered ? | prod started ? | size: small | src: DOGAMI MILO-4 ID_22043</description><styleUrl>#milo_gold</styleUrl><Point><coordinates>-122.631426,43.580628,0</coordinates></Point></Placemark><Placemark><name>prospect</name><description>MILO gold | gold | unknown | discovered ? | prod started ? | size: n/a | src: DOGAMI MILO-4 ID_22044</description><styleUrl>#milo_gold</styleUrl><Point><coordinates>-122.631060,43.578482,0</coordinates></Point></Placemark><Placemark><name>prospect</name><description>MILO gold | gold | unknown | discovered ? | prod started ? | size: n/a | src: DOGAMI MILO-4 ID_22045</description><styleUrl>#milo_gold</styleUrl><Point><coordinates>-122.633524,43.577699,0</coordinates></Point></Placemark><Placemark><name>prospect</name><description>MILO gold | gold | unknown | discovered ? | prod started ? | size: n/a | src: DOGAMI MILO-4 ID_22046</description><styleUrl>#milo_gold</styleUrl><Point><coordinates>-122.633245,43.576875,0</coordinates></Point></Placemark><Placemark><name>prospect</name><description>MILO gold | gold | unknown | discovered ? | prod started ? | size: n/a | src: DOGAMI MILO-4 ID_22047</description><styleUrl>#milo_gold</styleUrl><Point><coordinates>-122.633076,43.576587,0</coordinates></Point></Placemark><Placemark><name>prospect</name><description>MILO gold | gold | unknown | discovered ? | prod started ? | size: n/a | src: DOGAMI MILO-4 ID_22048</description><styleUrl>#milo_gold</styleUrl><Point><coordinates>-122.631313,43.577838,0</coordinates></Point></Placemark><Placemark><name>prospect</name><description>MILO gold | gold | unknown | discovered ? | prod started ? | size: n/a | src: DOGAMI MILO-4 ID_22049</description><styleUrl>#milo_gold</styleUrl><Point><coordinates>-122.634597,43.576246,0</coordinates></Point></Placemark><Placemark><name>mine</name><description>MILO gold | gold | lode | discovered ? | prod started ? | size: n/a | src: DOGAMI MILO-4 ID_22050</description><styleUrl>#milo_gold</styleUrl><Point><coordinates>-122.635263,43.581119,0</coordinates></Point></Placemark><Placemark><name>mine</name><description>MILO gold | gold | lode | discovered ? | prod started ? | size: n/a | src: DOGAMI MILO-4 ID_22051</description><styleUrl>#milo_gold</styleUrl><Point><coordinates>-122.636118,43.581971,0</coordinates></Point></Placemark><Placemark><name>prospect</name><description>MILO gold | gold | lode | discovered ? | prod started ? | size: n/a | src: DOGAMI MILO-4 ID_22052</description><styleUrl>#milo_gold</styleUrl><Point><coordinates>-122.623508,43.585418,0</coordinates></Point></Placemark><Placemark><name>prospect</name><description>MILO gold | gold | lode | discovered ? | prod started ? | size: n/a | src: DOGAMI MILO-4 ID_22053</description><styleUrl>#milo_gold</styleUrl><Point><coordinates>-122.623064,43.585160,0</coordinates></Point></Placemark><Placemark><name>prospect</name><description>MILO gold | gold | lode | discovered ? | prod started ? | size: n/a | src: DOGAMI MILO-4 ID_22054</description><styleUrl>#milo_gold</styleUrl><Point><coordinates>-122.622418,43.585905,0</coordinates></Point></Placemark><Placemark><name>prospect</name><description>MILO gold | gold | lode | discovered ? | prod started ? | size: n/a | src: DOGAMI MILO-4 ID_22055</description><styleUrl>#milo_gold</styleUrl><Point><coordinates>-122.620577,43.586191,0</coordinates></Point></Placemark><Placemark><name>prospect</name><description>MILO gold | gold | lode | discovered ? | prod started ? | size: n/a | src: DOGAMI MILO-4 ID_22056</description><styleUrl>#milo_gold</styleUrl><Point><coordinates>-122.620781,43.584725,0</coordinates></Point></Placemark><Placemark><name>prospect</name><description>MILO gold | gold | lode | discovered ? | prod started ? | size: n/a | src: DOGAMI MILO-4 ID_22057</description><styleUrl>#milo_gold</styleUrl><Point><coordinates>-122.620545,43.584824,0</coordinates></Point></Placemark><Placemark><name>prospect</name><description>MILO gold | gold | lode | discovered ? | prod started ? | size: n/a | src: DOGAMI MILO-4 ID_22058</description><styleUrl>#milo_gold</styleUrl><Point><coordinates>-122.618071,43.584201,0</coordinates></Point></Placemark><Placemark><name>prospect</name><description>MILO gold | gold | lode | discovered ? | prod started ? | size: n/a | src: DOGAMI MILO-4 ID_22059</description><styleUrl>#milo_gold</styleUrl><Point><coordinates>-122.619592,43.584193,0</coordinates></Point></Placemark><Placemark><name>prospect</name><description>MILO gold | gold | lode | discovered ? | prod started ? | size: n/a | src: DOGAMI MILO-4 ID_22060</description><styleUrl>#milo_gold</styleUrl><Point><coordinates>-122.618412,43.585660,0</coordinates></Point></Placemark><Placemark><name>prospect</name><description>MILO gold | gold | lode | discovered ? | prod started ? | size: n/a | src: DOGAMI MILO-4 ID_22061</description><styleUrl>#milo_gold</styleUrl><Point><coordinates>-122.609068,43.584818,0</coordinates></Point></Placemark><Placemark><name>prospect</name><description>MILO gold | gold | lode | discovered ? | prod started ? | size: n/a | src: DOGAMI MILO-4 ID_22062</description><styleUrl>#milo_gold</styleUrl><Point><coordinates>-122.608438,43.584667,0</coordinates></Point></Placemark><Placemark><name>prospect</name><description>MILO gold | gold | lode | discovered ? | prod started ? | size: n/a | src: DOGAMI MILO-4 ID_22063</description><styleUrl>#milo_gold</styleUrl><Point><coordinates>-122.608365,43.584926,0</coordinates></Point></Placemark><Placemark><name>prospect</name><description>MILO gold | gold | lode | discovered ? | prod started ? | size: n/a | src: DOGAMI MILO-4 ID_22064</description><styleUrl>#milo_gold</styleUrl><Point><coordinates>-122.605192,43.583490,0</coordinates></Point></Placemark><Placemark><name>prospect</name><description>MILO gold | gold | lode | discovered ? | prod started ? | size: n/a | src: DOGAMI MILO-4 ID_22065</description><styleUrl>#milo_gold</styleUrl><Point><coordinates>-122.604099,43.584864,0</coordinates></Point></Placemark><Placemark><name>prospect</name><description>MILO gold | gold | lode | discovered ? | prod started ? | size: n/a | src: DOGAMI MILO-4 ID_22066</description><styleUrl>#milo_gold</styleUrl><Point><coordinates>-122.598633,43.583710,0</coordinates></Point></Placemark><Placemark><name>prospect</name><description>MILO gold | gold | lode | discovered ? | prod started ? | size: n/a | src: DOGAMI MILO-4 ID_22067</description><styleUrl>#milo_gold</styleUrl><Point><coordinates>-122.590193,43.579728,0</coordinates></Point></Placemark><Placemark><name>prospect</name><description>MILO gold | gold | lode | discovered ? | prod started ? | size: n/a | src: DOGAMI MILO-4 ID_22068</description><styleUrl>#milo_gold</styleUrl><Point><coordinates>-122.591603,43.580469,0</coordinates></Point></Placemark><Placemark><name>prospect</name><description>MILO gold | gold | lode | discovered ? | prod started ? | size: n/a | src: DOGAMI MILO-4 ID_22069</description><styleUrl>#milo_gold</styleUrl><Point><coordinates>-122.586300,43.582436,0</coordinates></Point></Placemark><Placemark><name>prospect</name><description>MILO gold | gold, silver | lode | discovered ? | prod started ? | size: n/a | src: DOGAMI MILO-4 ID_22070</description><styleUrl>#milo_gold</styleUrl><Point><coordinates>-122.663214,43.554394,0</coordinates></Point></Placemark><Placemark><name>prospect</name><description>MILO gold | gold, silver | lode | discovered ? | prod started ? | size: n/a | src: DOGAMI MILO-4 ID_22071</description><styleUrl>#milo_gold</styleUrl><Point><coordinates>-122.663511,43.555020,0</coordinates></Point></Placemark><Placemark><name>prospect</name><description>MILO gold | gold, silver | lode | discovered ? | prod started ? | size: n/a | src: DOGAMI MILO-4 ID_22072</description><styleUrl>#milo_gold</styleUrl><Point><coordinates>-122.663213,43.553374,0</coordinates></Point></Placemark><Placemark><name>prospect</name><description>MILO gold | gold, silver | lode | discovered ? | prod started ? | size: n/a | src: DOGAMI MILO-4 ID_22073</description><styleUrl>#milo_gold</styleUrl><Point><coordinates>-122.659149,43.555535,0</coordinates></Point></Placemark><Placemark><name>prospect</name><description>MILO gold | gold, silver | lode | discovered ? | prod started ? | size: n/a | src: DOGAMI MILO-4 ID_22074</description><styleUrl>#milo_gold</styleUrl><Point><coordinates>-122.658692,43.552973,0</coordinates></Point></Placemark><Placemark><name>prospect</name><description>MILO gold | gold, silver | lode | discovered ? | prod started ? | size: n/a | src: DOGAMI MILO-4 ID_22075</description><styleUrl>#milo_gold</styleUrl><Point><coordinates>-122.663387,43.554156,0</coordinates></Point></Placemark><Placemark><name>prospect</name><description>MILO gold | gold, silver | lode | discovered ? | prod started ? | size: n/a | src: DOGAMI MILO-4 ID_22076</description><styleUrl>#milo_gold</styleUrl><Point><coordinates>-122.663584,43.553737,0</coordinates></Point></Placemark><Placemark><name>prospect</name><description>MILO gold | gold, silver | lode | discovered ? | prod started ? | size: n/a | src: DOGAMI MILO-4 ID_22077</description><styleUrl>#milo_gold</styleUrl><Point><coordinates>-122.663279,43.553806,0</coordinates></Point></Placemark><Placemark><name>prospect</name><description>MILO gold | gold, silver | lode | discovered ? | prod started ? | size: n/a | src: DOGAMI MILO-4 ID_22078</description><styleUrl>#milo_gold</styleUrl><Point><coordinates>-122.663038,43.553984,0</coordinates></Point></Placemark><Placemark><name>prospect</name><description>MILO gold | gold, silver | lode | discovered ? | prod started ? | size: n/a | src: DOGAMI MILO-4 ID_22079</description><styleUrl>#milo_gold</styleUrl><Point><coordinates>-122.675014,43.552134,0</coordinates></Point></Placemark><Placemark><name>prospect</name><description>MILO gold | gold, silver | lode | discovered ? | prod started ? | size: n/a | src: DOGAMI MILO-4 ID_22080</description><styleUrl>#milo_gold</styleUrl><Point><coordinates>-122.675333,43.552663,0</coordinates></Point></Placemark><Placemark><name>Glenwood</name><description>MILO gold | gold, silver | lode | discovered ? | prod started ? | size: n/a | src: DOGAMI MILO-4 ID_22081</description><styleUrl>#milo_gold</styleUrl><Point><coordinates>-122.667336,43.558504,0</coordinates></Point></Placemark><Placemark><name>prospect</name><description>MILO gold | gold, silver | unknown | discovered ? | prod started ? | size: n/a | src: DOGAMI MILO-4 ID_22082</description><styleUrl>#milo_gold</styleUrl><Point><coordinates>-122.668868,43.561370,0</coordinates></Point></Placemark><Placemark><name>prospect</name><description>MILO gold | gold, silver | unknown | discovered ? | prod started ? | size: n/a | src: DOGAMI MILO-4 ID_22083</description><styleUrl>#milo_gold</styleUrl><Point><coordinates>-122.668495,43.561105,0</coordinates></Point></Placemark><Placemark><name>prospect</name><description>MILO gold | gold, silver | unknown | discovered ? | prod started ? | size: n/a | src: DOGAMI MILO-4 ID_22084</description><styleUrl>#milo_gold</styleUrl><Point><coordinates>-122.665332,43.561812,0</coordinates></Point></Placemark><Placemark><name>prospect</name><description>MILO gold | gold, silver | unknown | discovered ? | prod started ? | size: n/a | src: DOGAMI MILO-4 ID_22085</description><styleUrl>#milo_gold</styleUrl><Point><coordinates>-122.661613,43.564121,0</coordinates></Point></Placemark><Placemark><name>prospect</name><description>MILO gold | gold, silver | lode | discovered ? | prod started ? | size: n/a | src: DOGAMI MILO-4 ID_22086</description><styleUrl>#milo_gold</styleUrl><Point><coordinates>-122.655970,43.568263,0</coordinates></Point></Placemark><Placemark><name>prospect</name><description>MILO gold | gold, silver | lode | discovered ? | prod started ? | size: n/a | src: DOGAMI MILO-4 ID_22087</description><styleUrl>#milo_gold</styleUrl><Point><coordinates>-122.657814,43.567891,0</coordinates></Point></Placemark><Placemark><name>prospect</name><description>MILO gold | gold, silver | lode | discovered ? | prod started ? | size: n/a | src: DOGAMI MILO-4 ID_22088</description><styleUrl>#milo_gold</styleUrl><Point><coordinates>-122.654990,43.567071,0</coordinates></Point></Placemark><Placemark><name>prospect</name><description>MILO gold | gold, silver | lode | discovered ? | prod started ? | size: n/a | src: DOGAMI MILO-4 ID_22089</description><styleUrl>#milo_gold</styleUrl><Point><coordinates>-122.654879,43.567157,0</coordinates></Point></Placemark><Placemark><name>prospect</name><description>MILO gold | gold, silver | lode | discovered ? | prod started ? | size: n/a | src: DOGAMI MILO-4 ID_22090</description><styleUrl>#milo_gold</styleUrl><Point><coordinates>-122.657904,43.566989,0</coordinates></Point></Placemark><Placemark><name>prospect</name><description>MILO gold | gold, silver | lode | discovered ? | prod started ? | size: n/a | src: DOGAMI MILO-4 ID_22091</description><styleUrl>#milo_gold</styleUrl><Point><coordinates>-122.657581,43.566735,0</coordinates></Point></Placemark><Placemark><name>upper adit</name><description>MILO gold | gold | lode | discovered ? | prod started ? | size: n/a | src: DOGAMI MILO-4 ID_22092</description><styleUrl>#milo_gold</styleUrl><Point><coordinates>-122.603852,43.570333,0</coordinates></Point></Placemark><Placemark><name>lower adit</name><description>MILO gold | gold | lode | discovered ? | prod started ? | size: n/a | src: DOGAMI MILO-4 ID_22093</description><styleUrl>#milo_gold</styleUrl><Point><coordinates>-122.603037,43.570330,0</coordinates></Point></Placemark><Placemark><name>prospect</name><description>MILO gold | gold | unknown | discovered ? | prod started ? | size: n/a | src: DOGAMI MILO-4 ID_22094</description><styleUrl>#milo_gold</styleUrl><Point><coordinates>-122.607384,43.570366,0</coordinates></Point></Placemark><Placemark><name>prospect</name><description>MILO gold | gold, silver | lode | discovered ? | prod started ? | size: n/a | src: DOGAMI MILO-4 ID_22095</description><styleUrl>#milo_gold</styleUrl><Point><coordinates>-122.596082,43.574052,0</coordinates></Point></Placemark><Placemark><name>prospect</name><description>MILO gold | gold, silver | lode | discovered ? | prod started ? | size: n/a | src: DOGAMI MILO-4 ID_22096</description><styleUrl>#milo_gold</styleUrl><Point><coordinates>-122.595165,43.567544,0</coordinates></Point></Placemark><Placemark><name>prospect</name><description>MILO gold | gold, silver | lode | discovered ? | prod started ? | size: n/a | src: DOGAMI MILO-4 ID_22097</description><styleUrl>#milo_gold</styleUrl><Point><coordinates>-122.596272,43.567017,0</coordinates></Point></Placemark><Placemark><name>prospect</name><description>MILO gold | gold, silver | lode | discovered ? | prod started ? | size: n/a | src: DOGAMI MILO-4 ID_22098</description><styleUrl>#milo_gold</styleUrl><Point><coordinates>-122.595184,43.566882,0</coordinates></Point></Placemark><Placemark><name>prospect</name><description>MILO gold | gold, silver, zinc, lead | unknown | discovered ? | prod started ? | size: n/a | src: DOGAMI MILO-4 ID_22099</description><styleUrl>#milo_gold</styleUrl><Point><coordinates>-122.594336,43.576017,0</coordinates></Point></Placemark><Placemark><name>prospect</name><description>MILO gold | gold, silver, zinc, lead | unknown | discovered ? | prod started ? | size: n/a | src: DOGAMI MILO-4 ID_22100</description><styleUrl>#milo_gold</styleUrl><Point><coordinates>-122.594121,43.576355,0</coordinates></Point></Placemark><Placemark><name>prospect</name><description>MILO gold | gold, silver, zinc, lead | unknown | discovered ? | prod started ? | size: n/a | src: DOGAMI MILO-4 ID_22101</description><styleUrl>#milo_gold</styleUrl><Point><coordinates>-122.600995,43.575884,0</coordinates></Point></Placemark><Placemark><name>prospect</name><description>MILO gold | gold, silver | lode | discovered ? | prod started ? | size: n/a | src: DOGAMI MILO-4 ID_22102</description><styleUrl>#milo_gold</styleUrl><Point><coordinates>-122.599084,43.572324,0</coordinates></Point></Placemark><Placemark><name>prospect</name><description>MILO gold | gold | lode | discovered ? | prod started ? | size: n/a | src: DOGAMI MILO-4 ID_22103</description><styleUrl>#milo_gold</styleUrl><Point><coordinates>-122.607905,43.583445,0</coordinates></Point></Placemark><Placemark><name>prospect</name><description>MILO gold | gold | lode | discovered ? | prod started ? | size: n/a | src: DOGAMI MILO-4 ID_22104</description><styleUrl>#milo_gold</styleUrl><Point><coordinates>-122.609385,43.586478,0</coordinates></Point></Placemark><Placemark><name>prospect</name><description>MILO gold | gold | lode | discovered ? | prod started ? | size: n/a | src: DOGAMI MILO-4 ID_22105</description><styleUrl>#milo_gold</styleUrl><Point><coordinates>-122.606781,43.586754,0</coordinates></Point></Placemark><Placemark><name>prospect</name><description>MILO gold | gold | lode | discovered ? | prod started ? | size: n/a | src: DOGAMI MILO-4 ID_22106</description><styleUrl>#milo_gold</styleUrl><Point><coordinates>-122.610047,43.587644,0</coordinates></Point></Placemark><Placemark><name>prospect</name><description>MILO gold | gold | lode | discovered ? | prod started ? | size: n/a | src: DOGAMI MILO-4 ID_22107</description><styleUrl>#milo_gold</styleUrl><Point><coordinates>-122.607619,43.588935,0</coordinates></Point></Placemark><Placemark><name>prospect</name><description>MILO gold | gold | lode | discovered ? | prod started ? | size: n/a | src: DOGAMI MILO-4 ID_22108</description><styleUrl>#milo_gold</styleUrl><Point><coordinates>-122.612392,43.588492,0</coordinates></Point></Placemark><Placemark><name>prospect</name><description>MILO gold | gold | lode | discovered ? | prod started ? | size: n/a | src: DOGAMI MILO-4 ID_22109</description><styleUrl>#milo_gold</styleUrl><Point><coordinates>-122.612286,43.587988,0</coordinates></Point></Placemark><Placemark><name>prospect</name><description>MILO gold | gold | lode | discovered ? | prod started ? | size: n/a | src: DOGAMI MILO-4 ID_22110</description><styleUrl>#milo_gold</styleUrl><Point><coordinates>-122.606306,43.593320,0</coordinates></Point></Placemark><Placemark><name>prospect</name><description>MILO gold | gold | lode | discovered ? | prod started ? | size: n/a | src: DOGAMI MILO-4 ID_22111</description><styleUrl>#milo_gold</styleUrl><Point><coordinates>-122.633235,43.591612,0</coordinates></Point></Placemark><Placemark><name>prospect</name><description>MILO gold | gold | lode | discovered ? | prod started ? | size: n/a | src: DOGAMI MILO-4 ID_22112</description><styleUrl>#milo_gold</styleUrl><Point><coordinates>-122.640236,43.588708,0</coordinates></Point></Placemark><Placemark><name>prospect</name><description>MILO gold | gold | lode | discovered ? | prod started ? | size: n/a | src: DOGAMI MILO-4 ID_22113</description><styleUrl>#milo_gold</styleUrl><Point><coordinates>-122.642706,43.589593,0</coordinates></Point></Placemark><Placemark><name>prospect</name><description>MILO gold | gold | lode | discovered ? | prod started ? | size: n/a | src: DOGAMI MILO-4 ID_22114</description><styleUrl>#milo_gold</styleUrl><Point><coordinates>-122.641353,43.589257,0</coordinates></Point></Placemark><Placemark><name>prospect</name><description>MILO gold | gold | lode | discovered ? | prod started ? | size: n/a | src: DOGAMI MILO-4 ID_22115</description><styleUrl>#milo_gold</styleUrl><Point><coordinates>-122.640627,43.589267,0</coordinates></Point></Placemark><Placemark><name>prospect</name><description>MILO gold | gold, lead, zinc, copper | unknown | discovered ? | prod started ? | size: n/a | src: DOGAMI MILO-4 ID_22116</description><styleUrl>#milo_gold</styleUrl><Point><coordinates>-122.648784,43.579822,0</coordinates></Point></Placemark><Placemark><name>prospect</name><description>MILO gold | gold, silver, copper | lode | discovered ? | prod started ? | size: n/a | src: DOGAMI MILO-4 ID_22117</description><styleUrl>#milo_gold</styleUrl><Point><coordinates>-122.645762,43.576573,0</coordinates></Point></Placemark><Placemark><name>prospect</name><description>MILO gold | gold, silver, copper | lode | discovered ? | prod started ? | size: n/a | src: DOGAMI MILO-4 ID_22118</description><styleUrl>#milo_gold</styleUrl><Point><coordinates>-122.651919,43.574972,0</coordinates></Point></Placemark><Placemark><name>prospect</name><description>MILO gold | gold, silver, copper | lode | discovered ? | prod started ? | size: n/a | src: DOGAMI MILO-4 ID_22119</description><styleUrl>#milo_gold</styleUrl><Point><coordinates>-122.652115,43.574247,0</coordinates></Point></Placemark><Placemark><name>prospect</name><description>MILO gold | gold, silver, copper | lode | discovered ? | prod started ? | size: n/a | src: DOGAMI MILO-4 ID_22120</description><styleUrl>#milo_gold</styleUrl><Point><coordinates>-122.641630,43.575768,0</coordinates></Point></Placemark><Placemark><name>prospect</name><description>MILO gold | gold, silver, copper | lode | discovered ? | prod started ? | size: n/a | src: DOGAMI MILO-4 ID_22121</description><styleUrl>#milo_gold</styleUrl><Point><coordinates>-122.641798,43.575578,0</coordinates></Point></Placemark><Placemark><name>prospect</name><description>MILO gold | gold, silver, copper | lode | discovered ? | prod started ? | size: n/a | src: DOGAMI MILO-4 ID_22122</description><styleUrl>#milo_gold</styleUrl><Point><coordinates>-122.641990,43.575316,0</coordinates></Point></Placemark><Placemark><name>prospect</name><description>MILO gold | gold, silver, copper | lode | discovered ? | prod started ? | size: n/a | src: DOGAMI MILO-4 ID_22123</description><styleUrl>#milo_gold</styleUrl><Point><coordinates>-122.642422,43.575158,0</coordinates></Point></Placemark><Placemark><name>prospect</name><description>MILO gold | gold, lead, zinc, copper | unknown | discovered ? | prod started ? | size: n/a | src: DOGAMI MILO-4 ID_22124</description><styleUrl>#milo_gold</styleUrl><Point><coordinates>-122.636894,43.576749,0</coordinates></Point></Placemark><Placemark><name>prospect</name><description>MILO gold | gold, lead, zinc, copper | unknown | discovered ? | prod started ? | size: n/a | src: DOGAMI MILO-4 ID_22125</description><styleUrl>#milo_gold</styleUrl><Point><coordinates>-122.636655,43.577555,0</coordinates></Point></Placemark><Placemark><name>prospect</name><description>MILO gold | gold, lead, zinc, copper | unknown | discovered ? | prod started ? | size: n/a | src: DOGAMI MILO-4 ID_22126</description><styleUrl>#milo_gold</styleUrl><Point><coordinates>-122.638933,43.576158,0</coordinates></Point></Placemark><Placemark><name>prospect</name><description>MILO gold | gold, lead, zinc, copper | unknown | discovered ? | prod started ? | size: n/a | src: DOGAMI MILO-4 ID_22127</description><styleUrl>#milo_gold</styleUrl><Point><coordinates>-122.638928,43.575943,0</coordinates></Point></Placemark><Placemark><name>prospect</name><description>MILO gold | gold, lead, zinc, copper | unknown | discovered ? | prod started ? | size: n/a | src: DOGAMI MILO-4 ID_22128</description><styleUrl>#milo_gold</styleUrl><Point><coordinates>-122.640920,43.577253,0</coordinates></Point></Placemark><Placemark><name>prospect</name><description>MILO gold | gold, lead, zinc, copper | unknown | discovered ? | prod started ? | size: n/a | src: DOGAMI MILO-4 ID_22129</description><styleUrl>#milo_gold</styleUrl><Point><coordinates>-122.640885,43.577008,0</coordinates></Point></Placemark><Placemark><name>prospect</name><description>MILO gold | gold, lead, zinc, copper | unknown | discovered ? | prod started ? | size: n/a | src: DOGAMI MILO-4 ID_22130</description><styleUrl>#milo_gold</styleUrl><Point><coordinates>-122.637935,43.575074,0</coordinates></Point></Placemark><Placemark><name>prospect</name><description>MILO gold | gold, lead, zinc, copper | unknown | discovered ? | prod started ? | size: n/a | src: DOGAMI MILO-4 ID_22131</description><styleUrl>#milo_gold</styleUrl><Point><coordinates>-122.638382,43.574849,0</coordinates></Point></Placemark><Placemark><name>prospect</name><description>MILO gold | gold, lead, zinc, copper | unknown | discovered ? | prod started ? | size: n/a | src: DOGAMI MILO-4 ID_22132</description><styleUrl>#milo_gold</styleUrl><Point><coordinates>-122.639998,43.574692,0</coordinates></Point></Placemark><Placemark><name>prospect</name><description>MILO gold | gold, lead, zinc, copper | unknown | discovered ? | prod started ? | size: n/a | src: DOGAMI MILO-4 ID_22133</description><styleUrl>#milo_gold</styleUrl><Point><coordinates>-122.640100,43.574979,0</coordinates></Point></Placemark><Placemark><name>prospect</name><description>MILO gold | gold | unknown | discovered ? | prod started ? | size: n/a | src: DOGAMI MILO-4 ID_22134</description><styleUrl>#milo_gold</styleUrl><Point><coordinates>-122.642682,43.582614,0</coordinates></Point></Placemark><Placemark><name>prospect</name><description>MILO gold | gold | unknown | discovered ? | prod started ? | size: n/a | src: DOGAMI MILO-4 ID_22135</description><styleUrl>#milo_gold</styleUrl><Point><coordinates>-122.642725,43.582476,0</coordinates></Point></Placemark><Placemark><name>prospect</name><description>MILO gold | gold | unknown | discovered ? | prod started ? | size: n/a | src: DOGAMI MILO-4 ID_22136</description><styleUrl>#milo_gold</styleUrl><Point><coordinates>-122.642899,43.582347,0</coordinates></Point></Placemark><Placemark><name>prospect</name><description>MILO gold | gold | unknown | discovered ? | prod started ? | size: n/a | src: DOGAMI MILO-4 ID_22137</description><styleUrl>#milo_gold</styleUrl><Point><coordinates>-122.643208,43.581744,0</coordinates></Point></Placemark><Placemark><name>prospect</name><description>MILO gold | gold | unknown | discovered ? | prod started ? | size: n/a | src: DOGAMI MILO-4 ID_22138</description><styleUrl>#milo_gold</styleUrl><Point><coordinates>-122.647517,43.582333,0</coordinates></Point></Placemark><Placemark><name>prospect</name><description>MILO gold | gold | unknown | discovered ? | prod started ? | size: n/a | src: DOGAMI MILO-4 ID_22139</description><styleUrl>#milo_gold</styleUrl><Point><coordinates>-122.646711,43.582056,0</coordinates></Point></Placemark><Placemark><name>prospect</name><description>MILO gold | gold, lead, zinc, copper | unknown | discovered ? | prod started ? | size: n/a | src: DOGAMI MILO-4 ID_22140</description><styleUrl>#milo_gold</styleUrl><Point><coordinates>-122.644506,43.581867,0</coordinates></Point></Placemark><Placemark><name>prospect</name><description>MILO gold | gold | unknown | discovered ? | prod started ? | size: n/a | src: DOGAMI MILO-4 ID_22141</description><styleUrl>#milo_gold</styleUrl><Point><coordinates>-122.643059,43.582405,0</coordinates></Point></Placemark><Placemark><name>Vesuvius Mine, Upper Adit Level</name><description>MILO gold | gold, silver, copper | lode | discovered ? | prod started ? | size: n/a | src: DOGAMI MILO-4 ID_22142</description><styleUrl>#milo_gold</styleUrl><Point><coordinates>-122.654015,43.584259,0</coordinates></Point></Placemark><Placemark><name>prospect</name><description>MILO gold | gold, silver | lode | discovered ? | prod started ? | size: n/a | src: DOGAMI MILO-4 ID_22143</description><styleUrl>#milo_gold</styleUrl><Point><coordinates>-122.655179,43.570090,0</coordinates></Point></Placemark><Placemark><name>prospect</name><description>MILO gold | gold, silver | lode | discovered ? | prod started ? | size: n/a | src: DOGAMI MILO-4 ID_22144</description><styleUrl>#milo_gold</styleUrl><Point><coordinates>-122.653057,43.569277,0</coordinates></Point></Placemark><Placemark><name>prospect</name><description>MILO gold | gold, silver | lode | discovered ? | prod started ? | size: n/a | src: DOGAMI MILO-4 ID_22145</description><styleUrl>#milo_gold</styleUrl><Point><coordinates>-122.652750,43.569241,0</coordinates></Point></Placemark><Placemark><name>prospect</name><description>MILO gold | gold, silver | lode | discovered ? | prod started ? | size: n/a | src: DOGAMI MILO-4 ID_22146</description><styleUrl>#milo_gold</styleUrl><Point><coordinates>-122.658235,43.569813,0</coordinates></Point></Placemark><Placemark><name>prospect</name><description>MILO gold | gold, silver | lode | discovered ? | prod started ? | size: n/a | src: DOGAMI MILO-4 ID_22147</description><styleUrl>#milo_gold</styleUrl><Point><coordinates>-122.659187,43.570326,0</coordinates></Point></Placemark><Placemark><name>prospect</name><description>MILO gold | gold, silver | lode | discovered ? | prod started ? | size: n/a | src: DOGAMI MILO-4 ID_22148</description><styleUrl>#milo_gold</styleUrl><Point><coordinates>-122.659409,43.570328,0</coordinates></Point></Placemark><Placemark><name>prospect</name><description>MILO gold | gold, silver | lode | discovered ? | prod started ? | size: n/a | src: DOGAMI MILO-4 ID_22149</description><styleUrl>#milo_gold</styleUrl><Point><coordinates>-122.659050,43.570330,0</coordinates></Point></Placemark><Placemark><name>prospect</name><description>MILO gold | gold, silver | lode | discovered ? | prod started ? | size: n/a | src: DOGAMI MILO-4 ID_22150</description><styleUrl>#milo_gold</styleUrl><Point><coordinates>-122.658961,43.570321,0</coordinates></Point></Placemark><Placemark><name>prospect</name><description>MILO gold | gold, silver | lode | discovered ? | prod started ? | size: n/a | src: DOGAMI MILO-4 ID_22151</description><styleUrl>#milo_gold</styleUrl><Point><coordinates>-122.658985,43.570417,0</coordinates></Point></Placemark><Placemark><name>prospect</name><description>MILO gold | gold, silver | lode | discovered ? | prod started ? | size: n/a | src: DOGAMI MILO-4 ID_22152</description><styleUrl>#milo_gold</styleUrl><Point><coordinates>-122.659061,43.570469,0</coordinates></Point></Placemark><Placemark><name>prospect</name><description>MILO gold | gold, silver | lode | discovered ? | prod started ? | size: n/a | src: DOGAMI MILO-4 ID_22153</description><styleUrl>#milo_gold</styleUrl><Point><coordinates>-122.650385,43.569341,0</coordinates></Point></Placemark><Placemark><name>prospect</name><description>MILO gold | gold | lode | discovered ? | prod started ? | size: n/a | src: DOGAMI MILO-4 ID_22154</description><styleUrl>#milo_gold</styleUrl><Point><coordinates>-122.653180,43.572875,0</coordinates></Point></Placemark><Placemark><name>prospect</name><description>MILO gold | gold | lode | discovered ? | prod started ? | size: n/a | src: DOGAMI MILO-4 ID_22155</description><styleUrl>#milo_gold</styleUrl><Point><coordinates>-122.653249,43.573373,0</coordinates></Point></Placemark><Placemark><name>prospect</name><description>MILO gold | gold | lode | discovered ? | prod started ? | size: n/a | src: DOGAMI MILO-4 ID_22156</description><styleUrl>#milo_gold</styleUrl><Point><coordinates>-122.653810,43.573750,0</coordinates></Point></Placemark><Placemark><name>prospect</name><description>MILO gold | gold, silver, copper | lode | discovered ? | prod started ? | size: n/a | src: DOGAMI MILO-4 ID_22157</description><styleUrl>#milo_gold</styleUrl><Point><coordinates>-122.646615,43.572930,0</coordinates></Point></Placemark><Placemark><name>prospect</name><description>MILO gold | gold, silver, copper | lode | discovered ? | prod started ? | size: n/a | src: DOGAMI MILO-4 ID_22158</description><styleUrl>#milo_gold</styleUrl><Point><coordinates>-122.645651,43.574260,0</coordinates></Point></Placemark><Placemark><name>prospect</name><description>MILO gold | gold, silver, copper | lode | discovered ? | prod started ? | size: n/a | src: DOGAMI MILO-4 ID_22159</description><styleUrl>#milo_gold</styleUrl><Point><coordinates>-122.645658,43.574141,0</coordinates></Point></Placemark><Placemark><name>prospect</name><description>MILO gold | gold, silver, copper | lode | discovered ? | prod started ? | size: n/a | src: DOGAMI MILO-4 ID_22160</description><styleUrl>#milo_gold</styleUrl><Point><coordinates>-122.644791,43.574004,0</coordinates></Point></Placemark><Placemark><name>prospect</name><description>MILO gold | gold | lode | discovered ? | prod started ? | size: n/a | src: DOGAMI MILO-4 ID_22161</description><styleUrl>#milo_gold</styleUrl><Point><coordinates>-122.643194,43.570152,0</coordinates></Point></Placemark><Placemark><name>prospect</name><description>MILO gold | gold, silver, antimony, copper, lead | unknown | discovered ? | prod started ? | size: n/a | src: DOGAMI MILO-4 ID_22162</description><styleUrl>#milo_gold</styleUrl><Point><coordinates>-122.643420,43.565289,0</coordinates></Point></Placemark><Placemark><name>prospect</name><description>MILO gold | gold, silver, antimony, copper, lead | unknown | discovered ? | prod started ? | size: n/a | src: DOGAMI MILO-4 ID_22163</description><styleUrl>#milo_gold</styleUrl><Point><coordinates>-122.644019,43.563566,0</coordinates></Point></Placemark><Placemark><name>prospect</name><description>MILO gold | gold | lode | discovered ? | prod started ? | size: n/a | src: DOGAMI MILO-4 ID_22164</description><styleUrl>#milo_gold</styleUrl><Point><coordinates>-122.637861,43.613589,0</coordinates></Point></Placemark><Placemark><name>prospect</name><description>MILO gold | gold | lode | discovered ? | prod started ? | size: n/a | src: DOGAMI MILO-4 ID_22165</description><styleUrl>#milo_gold</styleUrl><Point><coordinates>-122.638394,43.612548,0</coordinates></Point></Placemark><Placemark><name>prospect</name><description>MILO gold | gold | lode | discovered ? | prod started ? | size: n/a | src: DOGAMI MILO-4 ID_22166</description><styleUrl>#milo_gold</styleUrl><Point><coordinates>-122.631122,43.612771,0</coordinates></Point></Placemark><Placemark><name>prospect</name><description>MILO gold | gold | lode | discovered ? | prod started ? | size: n/a | src: DOGAMI MILO-4 ID_22167</description><styleUrl>#milo_gold</styleUrl><Point><coordinates>-122.630886,43.612455,0</coordinates></Point></Placemark><Placemark><name>prospect</name><description>MILO gold | gold | lode | discovered ? | prod started ? | size: n/a | src: DOGAMI MILO-4 ID_22168</description><styleUrl>#milo_gold</styleUrl><Point><coordinates>-122.632383,43.614265,0</coordinates></Point></Placemark><Placemark><name>prospect</name><description>MILO gold | gold | lode | discovered ? | prod started ? | size: n/a | src: DOGAMI MILO-4 ID_22169</description><styleUrl>#milo_gold</styleUrl><Point><coordinates>-122.632966,43.614232,0</coordinates></Point></Placemark><Placemark><name>prospect</name><description>MILO gold | gold | lode | discovered ? | prod started ? | size: n/a | src: DOGAMI MILO-4 ID_22170</description><styleUrl>#milo_gold</styleUrl><Point><coordinates>-122.632616,43.614193,0</coordinates></Point></Placemark><Placemark><name>prospect</name><description>MILO gold | gold | lode | discovered ? | prod started ? | size: n/a | src: DOGAMI MILO-4 ID_22171</description><styleUrl>#milo_gold</styleUrl><Point><coordinates>-122.632766,43.614313,0</coordinates></Point></Placemark><Placemark><name>prospect</name><description>MILO gold | gold | lode | discovered ? | prod started ? | size: n/a | src: DOGAMI MILO-4 ID_22172</description><styleUrl>#milo_gold</styleUrl><Point><coordinates>-122.629952,43.614766,0</coordinates></Point></Placemark><Placemark><name>prospect</name><description>MILO gold | zinc, lead, gold, silver, copper, antimony | unknown | discovered ? | prod started ? | size: n/a | src: DOGAMI MILO-4 ID_22173</description><styleUrl>#milo_gold</styleUrl><Point><coordinates>-122.643790,43.622517,0</coordinates></Point></Placemark><Placemark><name>prospect</name><description>MILO gold | zinc, lead, gold, silver, copper, antimony | unknown | discovered ? | prod started ? | size: n/a | src: DOGAMI MILO-4 ID_22174</description><styleUrl>#milo_gold</styleUrl><Point><coordinates>-122.643918,43.622461,0</coordinates></Point></Placemark><Placemark><name>prospect</name><description>MILO gold | zinc, lead, gold, silver, copper, antimony | unknown | discovered ? | prod started ? | size: n/a | src: DOGAMI MILO-4 ID_22175</description><styleUrl>#milo_gold</styleUrl><Point><coordinates>-122.641130,43.620669,0</coordinates></Point></Placemark><Placemark><name>prospect</name><description>MILO gold | zinc, lead, gold, silver, copper, antimony | unknown | discovered ? | prod started ? | size: n/a | src: DOGAMI MILO-4 ID_22176</description><styleUrl>#milo_gold</styleUrl><Point><coordinates>-122.641251,43.621875,0</coordinates></Point></Placemark><Placemark><name>prospect</name><description>MILO gold | zinc, lead, gold, silver, copper, antimony | unknown | discovered ? | prod started ? | size: n/a | src: DOGAMI MILO-4 ID_22177</description><styleUrl>#milo_gold</styleUrl><Point><coordinates>-122.647925,43.621372,0</coordinates></Point></Placemark><Placemark><name>Katmai Beverly mine (east)</name><description>MILO gold | gold, silver, copper, lead, zinc | unknown | discovered ? | prod started ? | size: n/a | src: DOGAMI MILO-4 ID_22178</description><styleUrl>#milo_gold</styleUrl><Point><coordinates>-122.633103,43.629508,0</coordinates></Point></Placemark><Placemark><name>prospect</name><description>MILO gold | gold | lode | discovered ? | prod started ? | size: n/a | src: DOGAMI MILO-4 ID_22179</description><styleUrl>#milo_gold</styleUrl><Point><coordinates>-122.636644,43.598556,0</coordinates></Point></Placemark><Placemark><name>prospect</name><description>MILO gold | gold | unknown | discovered ? | prod started ? | size: n/a | src: DOGAMI MILO-4 ID_22180</description><styleUrl>#milo_gold</styleUrl><Point><coordinates>-122.632482,43.598374,0</coordinates></Point></Placemark><Placemark><name>mine</name><description>MILO gold | gold | lode | discovered ? | prod started ? | size: n/a | src: DOGAMI MILO-4 ID_22181</description><styleUrl>#milo_gold</styleUrl><Point><coordinates>-122.630981,43.598734,0</coordinates></Point></Placemark><Placemark><name>prospect</name><description>MILO gold | gold | lode | discovered ? | prod started ? | size: n/a | src: DOGAMI MILO-4 ID_22182</description><styleUrl>#milo_gold</styleUrl><Point><coordinates>-122.637072,43.587992,0</coordinates></Point></Placemark><Placemark><name>prospect</name><description>MILO gold | gold | lode | discovered ? | prod started ? | size: n/a | src: DOGAMI MILO-4 ID_22183</description><styleUrl>#milo_gold</styleUrl><Point><coordinates>-122.639208,43.589185,0</coordinates></Point></Placemark><Placemark><name>prospect</name><description>MILO gold | gold | lode | discovered ? | prod started ? | size: n/a | src: DOGAMI MILO-4 ID_22184</description><styleUrl>#milo_gold</styleUrl><Point><coordinates>-122.640009,43.588952,0</coordinates></Point></Placemark><Placemark><name>prospect</name><description>MILO gold | gold, silver | lode | discovered ? | prod started ? | size: n/a | src: DOGAMI MILO-4 ID_22185</description><styleUrl>#milo_gold</styleUrl><Point><coordinates>-122.656109,43.570544,0</coordinates></Point></Placemark><Placemark><name>prospect</name><description>MILO gold | gold, silver | lode | discovered ? | prod started ? | size: n/a | src: DOGAMI MILO-4 ID_22186</description><styleUrl>#milo_gold</styleUrl><Point><coordinates>-122.656813,43.570891,0</coordinates></Point></Placemark><Placemark><name>prospect</name><description>MILO gold | gold, silver | lode | discovered ? | prod started ? | size: n/a | src: DOGAMI MILO-4 ID_22187</description><styleUrl>#milo_gold</styleUrl><Point><coordinates>-122.596265,43.562436,0</coordinates></Point></Placemark><Placemark><name>prospect</name><description>MILO gold | gold, silver | lode | discovered ? | prod started ? | size: n/a | src: DOGAMI MILO-4 ID_22188</description><styleUrl>#milo_gold</styleUrl><Point><coordinates>-122.597226,43.562146,0</coordinates></Point></Placemark><Placemark><name>prospect</name><description>MILO gold | gold, silver | lode | discovered ? | prod started ? | size: n/a | src: DOGAMI MILO-4 ID_22189</description><styleUrl>#milo_gold</styleUrl><Point><coordinates>-122.597077,43.562121,0</coordinates></Point></Placemark><Placemark><name>prospect</name><description>MILO gold | gold, silver | lode | discovered ? | prod started ? | size: n/a | src: DOGAMI MILO-4 ID_22190</description><styleUrl>#milo_gold</styleUrl><Point><coordinates>-122.597412,43.561580,0</coordinates></Point></Placemark><Placemark><name>prospect</name><description>MILO gold | gold, silver | lode | discovered ? | prod started ? | size: n/a | src: DOGAMI MILO-4 ID_22191</description><styleUrl>#milo_gold</styleUrl><Point><coordinates>-122.597548,43.561545,0</coordinates></Point></Placemark><Placemark><name>prospect</name><description>MILO gold | gold, silver | lode | discovered ? | prod started ? | size: n/a | src: DOGAMI MILO-4 ID_22192</description><styleUrl>#milo_gold</styleUrl><Point><coordinates>-122.596868,43.561736,0</coordinates></Point></Placemark><Placemark><name>prospect</name><description>MILO gold | gold, silver | lode | discovered ? | prod started ? | size: n/a | src: DOGAMI MILO-4 ID_22193</description><styleUrl>#milo_gold</styleUrl><Point><coordinates>-122.597132,43.561580,0</coordinates></Point></Placemark><Placemark><name>prospect</name><description>MILO gold | gold, silver | lode | discovered ? | prod started ? | size: n/a | src: DOGAMI MILO-4 ID_22194</description><styleUrl>#milo_gold</styleUrl><Point><coordinates>-122.597514,43.561996,0</coordinates></Point></Placemark><Placemark><name>prospect</name><description>MILO gold | gold, silver | lode | discovered ? | prod started ? | size: n/a | src: DOGAMI MILO-4 ID_22195</description><styleUrl>#milo_gold</styleUrl><Point><coordinates>-122.597104,43.560523,0</coordinates></Point></Placemark><Placemark><name>prospect</name><description>MILO gold | gold, silver | lode | discovered ? | prod started ? | size: n/a | src: DOGAMI MILO-4 ID_22196</description><styleUrl>#milo_gold</styleUrl><Point><coordinates>-122.595807,43.560414,0</coordinates></Point></Placemark><Placemark><name>prospect</name><description>MILO gold | gold, silver | lode | discovered ? | prod started ? | size: n/a | src: DOGAMI MILO-4 ID_22197</description><styleUrl>#milo_gold</styleUrl><Point><coordinates>-122.595514,43.560693,0</coordinates></Point></Placemark><Placemark><name>prospect</name><description>MILO gold | gold, silver | lode | discovered ? | prod started ? | size: n/a | src: DOGAMI MILO-4 ID_22198</description><styleUrl>#milo_gold</styleUrl><Point><coordinates>-122.594307,43.559971,0</coordinates></Point></Placemark><Placemark><name>prospect</name><description>MILO gold | gold, silver | lode | discovered ? | prod started ? | size: n/a | src: DOGAMI MILO-4 ID_22199</description><styleUrl>#milo_gold</styleUrl><Point><coordinates>-122.594071,43.559744,0</coordinates></Point></Placemark><Placemark><name>prospect</name><description>MILO gold | gold, silver | lode | discovered ? | prod started ? | size: n/a | src: DOGAMI MILO-4 ID_22200</description><styleUrl>#milo_gold</styleUrl><Point><coordinates>-122.593435,43.559712,0</coordinates></Point></Placemark><Placemark><name>prospect</name><description>MILO gold | gold, silver | lode | discovered ? | prod started ? | size: n/a | src: DOGAMI MILO-4 ID_22201</description><styleUrl>#milo_gold</styleUrl><Point><coordinates>-122.592930,43.559513,0</coordinates></Point></Placemark><Placemark><name>prospect</name><description>MILO gold | gold, silver | lode | discovered ? | prod started ? | size: n/a | src: DOGAMI MILO-4 ID_22202</description><styleUrl>#milo_gold</styleUrl><Point><coordinates>-122.595019,43.559813,0</coordinates></Point></Placemark><Placemark><name>prospect</name><description>MILO gold | gold, silver | lode | discovered ? | prod started ? | size: n/a | src: DOGAMI MILO-4 ID_22203</description><styleUrl>#milo_gold</styleUrl><Point><coordinates>-122.595599,43.559952,0</coordinates></Point></Placemark><Placemark><name>prospect</name><description>MILO gold | gold, silver | lode | discovered ? | prod started ? | size: n/a | src: DOGAMI MILO-4 ID_22204</description><styleUrl>#milo_gold</styleUrl><Point><coordinates>-122.595668,43.560110,0</coordinates></Point></Placemark><Placemark><name>prospect</name><description>MILO gold | gold, silver | lode | discovered ? | prod started ? | size: n/a | src: DOGAMI MILO-4 ID_22205</description><styleUrl>#milo_gold</styleUrl><Point><coordinates>-122.594459,43.558564,0</coordinates></Point></Placemark><Placemark><name>prospect</name><description>MILO gold | gold, silver | lode | discovered ? | prod started ? | size: n/a | src: DOGAMI MILO-4 ID_22206</description><styleUrl>#milo_gold</styleUrl><Point><coordinates>-122.594208,43.558803,0</coordinates></Point></Placemark><Placemark><name>prospect</name><description>MILO gold | gold, silver | lode | discovered ? | prod started ? | size: n/a | src: DOGAMI MILO-4 ID_22207</description><styleUrl>#milo_gold</styleUrl><Point><coordinates>-122.594965,43.558147,0</coordinates></Point></Placemark><Placemark><name>prospect</name><description>MILO gold | gold | unknown | discovered ? | prod started ? | size: n/a | src: DOGAMI MILO-4 ID_22208</description><styleUrl>#milo_gold</styleUrl><Point><coordinates>-122.623369,43.593805,0</coordinates></Point></Placemark><Placemark><name>prospect</name><description>MILO gold | gold | unknown | discovered ? | prod started ? | size: n/a | src: DOGAMI MILO-4 ID_22209</description><styleUrl>#milo_gold</styleUrl><Point><coordinates>-122.624010,43.594022,0</coordinates></Point></Placemark><Placemark><name>prospect</name><description>MILO gold | gold | unknown | discovered ? | prod started ? | size: n/a | src: DOGAMI MILO-4 ID_22210</description><styleUrl>#milo_gold</styleUrl><Point><coordinates>-122.628797,43.596005,0</coordinates></Point></Placemark><Placemark><name>prospect</name><description>MILO gold | gold | unknown | discovered ? | prod started ? | size: n/a | src: DOGAMI MILO-4 ID_22211</description><styleUrl>#milo_gold</styleUrl><Point><coordinates>-122.628836,43.596498,0</coordinates></Point></Placemark><Placemark><name>prospect</name><description>MILO gold | gold | unknown | discovered ? | prod started ? | size: n/a | src: DOGAMI MILO-4 ID_22212</description><styleUrl>#milo_gold</styleUrl><Point><coordinates>-122.631763,43.596607,0</coordinates></Point></Placemark><Placemark><name>prospect</name><description>MILO gold | gold | unknown | discovered ? | prod started ? | size: n/a | src: DOGAMI MILO-4 ID_22213</description><styleUrl>#milo_gold</styleUrl><Point><coordinates>-122.631431,43.596886,0</coordinates></Point></Placemark><Placemark><name>prospect</name><description>MILO gold | gold | unknown | discovered ? | prod started ? | size: n/a | src: DOGAMI MILO-4 ID_22214</description><styleUrl>#milo_gold</styleUrl><Point><coordinates>-122.633371,43.594991,0</coordinates></Point></Placemark><Placemark><name>prospect</name><description>MILO gold | gold | unknown | discovered ? | prod started ? | size: n/a | src: DOGAMI MILO-4 ID_22215</description><styleUrl>#milo_gold</styleUrl><Point><coordinates>-122.634275,43.597042,0</coordinates></Point></Placemark><Placemark><name>prospect</name><description>MILO gold | gold, silver, copper | unknown | discovered ? | prod started ? | size: n/a | src: DOGAMI MILO-4 ID_22216</description><styleUrl>#milo_gold</styleUrl><Point><coordinates>-122.665037,43.598404,0</coordinates></Point></Placemark><Placemark><name>prospect</name><description>MILO gold | gold, silver, copper | unknown | discovered ? | prod started ? | size: n/a | src: DOGAMI MILO-4 ID_22217</description><styleUrl>#milo_gold</styleUrl><Point><coordinates>-122.661629,43.597614,0</coordinates></Point></Placemark><Placemark><name>prospect</name><description>MILO gold | gold, silver, copper | unknown | discovered ? | prod started ? | size: n/a | src: DOGAMI MILO-4 ID_22218</description><styleUrl>#milo_gold</styleUrl><Point><coordinates>-122.662022,43.597600,0</coordinates></Point></Placemark><Placemark><name>No.1 Claim</name><description>MILO gold | gold, silver, copper | placer (heuristic: surface workings) | discovered ? | prod started ? | size: n/a | src: DOGAMI MILO-4 ID_22219</description><styleUrl>#milo_gold</styleUrl><Point><coordinates>-122.659814,43.597791,0</coordinates></Point></Placemark><Placemark><name>No.1 Claim</name><description>MILO gold | gold, silver, copper | unknown | discovered ? | prod started ? | size: n/a | src: DOGAMI MILO-4 ID_22220</description><styleUrl>#milo_gold</styleUrl><Point><coordinates>-122.660230,43.597794,0</coordinates></Point></Placemark><Placemark><name>mine</name><description>MILO gold | gold, silver, copper | lode | discovered ? | prod started ? | size: n/a | src: DOGAMI MILO-4 ID_22221</description><styleUrl>#milo_gold</styleUrl><Point><coordinates>-122.653644,43.598768,0</coordinates></Point></Placemark><Placemark><name>prospect</name><description>MILO gold | gold, silver, copper | unknown | discovered ? | prod started ? | size: n/a | src: DOGAMI MILO-4 ID_22222</description><styleUrl>#milo_gold</styleUrl><Point><coordinates>-122.651350,43.601381,0</coordinates></Point></Placemark><Placemark><name>prospect</name><description>MILO gold | gold, silver, copper | unknown | discovered ? | prod started ? | size: n/a | src: DOGAMI MILO-4 ID_22223</description><styleUrl>#milo_gold</styleUrl><Point><coordinates>-122.650725,43.600920,0</coordinates></Point></Placemark><Placemark><name>prospect</name><description>MILO gold | gold | unknown | discovered ? | prod started ? | size: n/a | src: DOGAMI MILO-4 ID_22224</description><styleUrl>#milo_gold</styleUrl><Point><coordinates>-122.628467,43.598241,0</coordinates></Point></Placemark><Placemark><name>prospect</name><description>MILO gold | gold | unknown | discovered ? | prod started ? | size: n/a | src: DOGAMI MILO-4 ID_22225</description><styleUrl>#milo_gold</styleUrl><Point><coordinates>-122.634319,43.599407,0</coordinates></Point></Placemark><Placemark><name>prospect</name><description>MILO gold | gold | lode | discovered ? | prod started ? | size: n/a | src: DOGAMI MILO-4 ID_22226</description><styleUrl>#milo_gold</styleUrl><Point><coordinates>-122.616202,43.575119,0</coordinates></Point></Placemark><Placemark><name>prospect</name><description>MILO gold | gold | lode | discovered ? | prod started ? | size: n/a | src: DOGAMI MILO-4 ID_22227</description><styleUrl>#milo_gold</styleUrl><Point><coordinates>-122.616477,43.575405,0</coordinates></Point></Placemark><Placemark><name>prospect</name><description>MILO gold | gold | lode | discovered ? | prod started ? | size: n/a | src: DOGAMI MILO-4 ID_22228</description><styleUrl>#milo_gold</styleUrl><Point><coordinates>-122.615561,43.575277,0</coordinates></Point></Placemark><Placemark><name>prospect</name><description>MILO gold | gold | lode | discovered ? | prod started ? | size: n/a | src: DOGAMI MILO-4 ID_22229</description><styleUrl>#milo_gold</styleUrl><Point><coordinates>-122.618370,43.573943,0</coordinates></Point></Placemark><Placemark><name>prospect</name><description>MILO gold | gold | lode | discovered ? | prod started ? | size: n/a | src: DOGAMI MILO-4 ID_22230</description><styleUrl>#milo_gold</styleUrl><Point><coordinates>-122.618269,43.573886,0</coordinates></Point></Placemark><Placemark><name>prospect</name><description>MILO gold | gold | lode | discovered ? | prod started ? | size: n/a | src: DOGAMI MILO-4 ID_22231</description><styleUrl>#milo_gold</styleUrl><Point><coordinates>-122.618001,43.573749,0</coordinates></Point></Placemark><Placemark><name>prospect</name><description>MILO gold | gold | lode | discovered ? | prod started ? | size: n/a | src: DOGAMI MILO-4 ID_22232</description><styleUrl>#milo_gold</styleUrl><Point><coordinates>-122.609375,43.574227,0</coordinates></Point></Placemark><Placemark><name>prospect</name><description>MILO gold | gold | lode | discovered ? | prod started ? | size: n/a | src: DOGAMI MILO-4 ID_22233</description><styleUrl>#milo_gold</styleUrl><Point><coordinates>-122.608046,43.572722,0</coordinates></Point></Placemark><Placemark><name>prospect</name><description>MILO gold | gold | lode | discovered ? | prod started ? | size: n/a | src: DOGAMI MILO-4 ID_22234</description><styleUrl>#milo_gold</styleUrl><Point><coordinates>-122.611152,43.578073,0</coordinates></Point></Placemark><Placemark><name>prospect</name><description>MILO gold | gold | lode | discovered ? | prod started ? | size: n/a | src: DOGAMI MILO-4 ID_22235</description><styleUrl>#milo_gold</styleUrl><Point><coordinates>-122.609951,43.570270,0</coordinates></Point></Placemark><Placemark><name>prospect</name><description>MILO gold | gold | lode | discovered ? | prod started ? | size: n/a | src: DOGAMI MILO-4 ID_22236</description><styleUrl>#milo_gold</styleUrl><Point><coordinates>-122.605719,43.573876,0</coordinates></Point></Placemark><Placemark><name>prospect</name><description>MILO gold | gold | lode | discovered ? | prod started ? | size: n/a | src: DOGAMI MILO-4 ID_22237</description><styleUrl>#milo_gold</styleUrl><Point><coordinates>-122.603731,43.573703,0</coordinates></Point></Placemark><Placemark><name>prospect</name><description>MILO gold | gold | lode | discovered ? | prod started ? | size: n/a | src: DOGAMI MILO-4 ID_22238</description><styleUrl>#milo_gold</styleUrl><Point><coordinates>-122.604020,43.574002,0</coordinates></Point></Placemark><Placemark><name>prospect</name><description>MILO gold | gold | lode | discovered ? | prod started ? | size: n/a | src: DOGAMI MILO-4 ID_22239</description><styleUrl>#milo_gold</styleUrl><Point><coordinates>-122.603284,43.571323,0</coordinates></Point></Placemark><Placemark><name>prospect</name><description>MILO gold | gold | lode | discovered ? | prod started ? | size: n/a | src: DOGAMI MILO-4 ID_22240</description><styleUrl>#milo_gold</styleUrl><Point><coordinates>-122.608830,43.571306,0</coordinates></Point></Placemark><Placemark><name>prospect</name><description>MILO gold | gold | lode | discovered ? | prod started ? | size: n/a | src: DOGAMI MILO-4 ID_22241</description><styleUrl>#milo_gold</styleUrl><Point><coordinates>-122.613055,43.571950,0</coordinates></Point></Placemark><Placemark><name>prospect</name><description>MILO gold | gold | lode | discovered ? | prod started ? | size: n/a | src: DOGAMI MILO-4 ID_22242</description><styleUrl>#milo_gold</styleUrl><Point><coordinates>-122.612825,43.559415,0</coordinates></Point></Placemark><Placemark><name>prospect</name><description>MILO gold | gold | lode | discovered ? | prod started ? | size: n/a | src: DOGAMI MILO-4 ID_22243</description><styleUrl>#milo_gold</styleUrl><Point><coordinates>-122.612977,43.559397,0</coordinates></Point></Placemark><Placemark><name>prospect</name><description>MILO gold | gold | lode | discovered ? | prod started ? | size: n/a | src: DOGAMI MILO-4 ID_22244</description><styleUrl>#milo_gold</styleUrl><Point><coordinates>-122.612720,43.559360,0</coordinates></Point></Placemark><Placemark><name>prospect</name><description>MILO gold | gold | lode | discovered ? | prod started ? | size: n/a | src: DOGAMI MILO-4 ID_22245</description><styleUrl>#milo_gold</styleUrl><Point><coordinates>-122.614045,43.558443,0</coordinates></Point></Placemark><Placemark><name>prospect</name><description>MILO gold | gold | lode | discovered ? | prod started ? | size: n/a | src: DOGAMI MILO-4 ID_22246</description><styleUrl>#milo_gold</styleUrl><Point><coordinates>-122.615728,43.558153,0</coordinates></Point></Placemark><Placemark><name>prospect</name><description>MILO gold | gold | lode | discovered ? | prod started ? | size: n/a | src: DOGAMI MILO-4 ID_22247</description><styleUrl>#milo_gold</styleUrl><Point><coordinates>-122.620850,43.558337,0</coordinates></Point></Placemark><Placemark><name>prospect</name><description>MILO gold | gold | lode | discovered ? | prod started ? | size: n/a | src: DOGAMI MILO-4 ID_22248</description><styleUrl>#milo_gold</styleUrl><Point><coordinates>-122.616066,43.556316,0</coordinates></Point></Placemark><Placemark><name>prospect</name><description>MILO gold | gold | lode | discovered ? | prod started ? | size: n/a | src: DOGAMI MILO-4 ID_22249</description><styleUrl>#milo_gold</styleUrl><Point><coordinates>-122.616246,43.556540,0</coordinates></Point></Placemark><Placemark><name>prospect</name><description>MILO gold | gold | lode | discovered ? | prod started ? | size: n/a | src: DOGAMI MILO-4 ID_22250</description><styleUrl>#milo_gold</styleUrl><Point><coordinates>-122.613093,43.556672,0</coordinates></Point></Placemark><Placemark><name>prospect</name><description>MILO gold | gold | lode | discovered ? | prod started ? | size: n/a | src: DOGAMI MILO-4 ID_22251</description><styleUrl>#milo_gold</styleUrl><Point><coordinates>-122.616373,43.560548,0</coordinates></Point></Placemark><Placemark><name>prospect</name><description>MILO gold | gold | lode | discovered ? | prod started ? | size: n/a | src: DOGAMI MILO-4 ID_22252</description><styleUrl>#milo_gold</styleUrl><Point><coordinates>-122.622439,43.558118,0</coordinates></Point></Placemark><Placemark><name>prospect</name><description>MILO gold | gold | lode | discovered ? | prod started ? | size: n/a | src: DOGAMI MILO-4 ID_22253</description><styleUrl>#milo_gold</styleUrl><Point><coordinates>-122.607088,43.553441,0</coordinates></Point></Placemark><Placemark><name>prospect</name><description>MILO gold | gold | lode | discovered ? | prod started ? | size: n/a | src: DOGAMI MILO-4 ID_22254</description><styleUrl>#milo_gold</styleUrl><Point><coordinates>-122.608425,43.553586,0</coordinates></Point></Placemark><Placemark><name>prospect</name><description>MILO gold | gold | lode | discovered ? | prod started ? | size: n/a | src: DOGAMI MILO-4 ID_22255</description><styleUrl>#milo_gold</styleUrl><Point><coordinates>-122.610365,43.553716,0</coordinates></Point></Placemark><Placemark><name>prospect</name><description>MILO gold | gold | lode | discovered ? | prod started ? | size: n/a | src: DOGAMI MILO-4 ID_22256</description><styleUrl>#milo_gold</styleUrl><Point><coordinates>-122.606868,43.553499,0</coordinates></Point></Placemark><Placemark><name>prospect</name><description>MILO gold | gold | lode | discovered ? | prod started ? | size: n/a | src: DOGAMI MILO-4 ID_22257</description><styleUrl>#milo_gold</styleUrl><Point><coordinates>-122.608613,43.553386,0</coordinates></Point></Placemark><Placemark><name>prospect</name><description>MILO gold | gold | lode | discovered ? | prod started ? | size: n/a | src: DOGAMI MILO-4 ID_22258</description><styleUrl>#milo_gold</styleUrl><Point><coordinates>-122.609921,43.553017,0</coordinates></Point></Placemark><Placemark><name>prospect</name><description>MILO gold | gold | lode | discovered ? | prod started ? | size: n/a | src: DOGAMI MILO-4 ID_22259</description><styleUrl>#milo_gold</styleUrl><Point><coordinates>-122.597975,43.550140,0</coordinates></Point></Placemark><Placemark><name>prospect</name><description>MILO gold | gold | lode | discovered ? | prod started ? | size: n/a | src: DOGAMI MILO-4 ID_22260</description><styleUrl>#milo_gold</styleUrl><Point><coordinates>-122.609881,43.552303,0</coordinates></Point></Placemark><Placemark><name>prospect</name><description>MILO gold | gold | lode | discovered ? | prod started ? | size: n/a | src: DOGAMI MILO-4 ID_22261</description><styleUrl>#milo_gold</styleUrl><Point><coordinates>-122.609798,43.552466,0</coordinates></Point></Placemark><Placemark><name>prospect</name><description>MILO gold | gold | lode | discovered ? | prod started ? | size: n/a | src: DOGAMI MILO-4 ID_22262</description><styleUrl>#milo_gold</styleUrl><Point><coordinates>-122.608675,43.551724,0</coordinates></Point></Placemark><Placemark><name>prospect</name><description>MILO gold | gold | lode | discovered ? | prod started ? | size: n/a | src: DOGAMI MILO-4 ID_22263</description><styleUrl>#milo_gold</styleUrl><Point><coordinates>-122.615188,43.551725,0</coordinates></Point></Placemark><Placemark><name>prospect</name><description>MILO gold | gold | lode | discovered ? | prod started ? | size: n/a | src: DOGAMI MILO-4 ID_22264</description><styleUrl>#milo_gold</styleUrl><Point><coordinates>-122.601043,43.551618,0</coordinates></Point></Placemark><Placemark><name>Knickerbocker Claim short adit</name><description>MILO gold | gold, silver, copper | lode | discovered ? | prod started ? | size: n/a | src: DOGAMI MILO-4 ID_22265</description><styleUrl>#milo_gold</styleUrl><Point><coordinates>-122.647703,43.595231,0</coordinates></Point></Placemark><Placemark><name>prospect</name><description>MILO gold | gold | unknown | discovered ? | prod started ? | size: n/a | src: DOGAMI MILO-4 ID_22266</description><styleUrl>#milo_gold</styleUrl><Point><coordinates>-122.620945,43.578501,0</coordinates></Point></Placemark><Placemark><name>prospect</name><description>MILO gold | gold | unknown | discovered ? | prod started ? | size: n/a | src: DOGAMI MILO-4 ID_22267</description><styleUrl>#milo_gold</styleUrl><Point><coordinates>-122.620776,43.578208,0</coordinates></Point></Placemark><Placemark><name>prospect</name><description>MILO gold | gold | unknown | discovered ? | prod started ? | size: n/a | src: DOGAMI MILO-4 ID_22268</description><styleUrl>#milo_gold</styleUrl><Point><coordinates>-122.621550,43.579011,0</coordinates></Point></Placemark><Placemark><name>prospect</name><description>MILO gold | gold | unknown | discovered ? | prod started ? | size: n/a | src: DOGAMI MILO-4 ID_22269</description><styleUrl>#milo_gold</styleUrl><Point><coordinates>-122.621764,43.579042,0</coordinates></Point></Placemark><Placemark><name>prospect</name><description>MILO gold | gold | unknown | discovered ? | prod started ? | size: n/a | src: DOGAMI MILO-4 ID_22270</description><styleUrl>#milo_gold</styleUrl><Point><coordinates>-122.621129,43.579140,0</coordinates></Point></Placemark><Placemark><name>prospect</name><description>MILO gold | gold | unknown | discovered ? | prod started ? | size: n/a | src: DOGAMI MILO-4 ID_22271</description><styleUrl>#milo_gold</styleUrl><Point><coordinates>-122.621241,43.576708,0</coordinates></Point></Placemark><Placemark><name>Noonday Mine (Level 2)</name><description>MILO gold | gold | unknown | discovered ? | prod started ? | size: n/a | src: DOGAMI MILO-4 ID_22272</description><styleUrl>#milo_gold</styleUrl><Point><coordinates>-122.618940,43.578388,0</coordinates></Point></Placemark><Placemark><name>prospect</name><description>MILO gold | gold | unknown | discovered ? | prod started ? | size: n/a | src: DOGAMI MILO-4 ID_22273</description><styleUrl>#milo_gold</styleUrl><Point><coordinates>-122.630003,43.577619,0</coordinates></Point></Placemark><Placemark><name>prospect</name><description>MILO gold | gold | lode | discovered ? | prod started ? | size: n/a | src: DOGAMI MILO-4 ID_22274</description><styleUrl>#milo_gold</styleUrl><Point><coordinates>-122.624827,43.579580,0</coordinates></Point></Placemark><Placemark><name>Broadway tunnel</name><description>MILO gold | gold | unknown | discovered ? | prod started ? | size: n/a | src: DOGAMI MILO-4 ID_22275</description><styleUrl>#milo_gold</styleUrl><Point><coordinates>-122.633833,43.578789,0</coordinates></Point></Placemark><Placemark><name>Champion Mine 600 Level portal</name><description>MILO gold | gold | unknown | discovered ? | prod started ? | size: n/a | src: DOGAMI MILO-4 ID_22276</description><styleUrl>#milo_gold</styleUrl><Point><coordinates>-122.633185,43.578967,0</coordinates></Point></Placemark><Placemark><name>Whipple tunnel</name><description>MILO gold | gold | unknown | discovered ? | prod started ? | size: n/a | src: DOGAMI MILO-4 ID_22277</description><styleUrl>#milo_gold</styleUrl><Point><coordinates>-122.626883,43.577762,0</coordinates></Point></Placemark><Placemark><name>Champion Mine 500 Level portal</name><description>MILO gold | gold | unknown | discovered ? | prod started ? | size: n/a | src: DOGAMI MILO-4 ID_22278</description><styleUrl>#milo_gold</styleUrl><Point><coordinates>-122.632244,43.578772,0</coordinates></Point></Placemark><Placemark><name>prospect</name><description>MILO gold | gold | unknown | discovered ? | prod started ? | size: n/a | src: DOGAMI MILO-4 ID_22279</description><styleUrl>#milo_gold</styleUrl><Point><coordinates>-122.624724,43.576959,0</coordinates></Point></Placemark><Placemark><name>Champion Mine, crosscut to 300 Level</name><description>MILO gold | gold | lode | discovered ? | prod started ? | size: n/a | src: DOGAMI MILO-4 ID_22280</description><styleUrl>#milo_gold</styleUrl><Point><coordinates>-122.627409,43.577645,0</coordinates></Point></Placemark><Placemark><name>prospect</name><description>MILO gold | gold | unknown | discovered ? | prod started ? | size: n/a | src: DOGAMI MILO-4 ID_22281</description><styleUrl>#milo_gold</styleUrl><Point><coordinates>-122.627081,43.577916,0</coordinates></Point></Placemark><Placemark><name>prospect</name><description>MILO gold | gold | unknown | discovered ? | prod started ? | size: n/a | src: DOGAMI MILO-4 ID_22282</description><styleUrl>#milo_gold</styleUrl><Point><coordinates>-122.625416,43.577728,0</coordinates></Point></Placemark><Placemark><name>prospect</name><description>MILO gold | gold, silver | lode | discovered ? | prod started ? | size: n/a | src: DOGAMI MILO-4 ID_22283</description><styleUrl>#milo_gold</styleUrl><Point><coordinates>-122.608478,43.564483,0</coordinates></Point></Placemark><Placemark><name>prospect</name><description>MILO gold | gold, silver | lode | discovered ? | prod started ? | size: n/a | src: DOGAMI MILO-4 ID_22284</description><styleUrl>#milo_gold</styleUrl><Point><coordinates>-122.609012,43.564703,0</coordinates></Point></Placemark><Placemark><name>prospect</name><description>MILO gold | gold, silver | lode | discovered ? | prod started ? | size: n/a | src: DOGAMI MILO-4 ID_22285</description><styleUrl>#milo_gold</styleUrl><Point><coordinates>-122.608342,43.564570,0</coordinates></Point></Placemark><Placemark><name>prospect</name><description>MILO gold | gold, silver | lode | discovered ? | prod started ? | size: n/a | src: DOGAMI MILO-4 ID_22286</description><styleUrl>#milo_gold</styleUrl><Point><coordinates>-122.610368,43.566082,0</coordinates></Point></Placemark><Placemark><name>prospect</name><description>MILO gold | gold, silver | lode | discovered ? | prod started ? | size: n/a | src: DOGAMI MILO-4 ID_22287</description><styleUrl>#milo_gold</styleUrl><Point><coordinates>-122.612811,43.566453,0</coordinates></Point></Placemark><Placemark><name>prospect</name><description>MILO gold | gold, silver | lode | discovered ? | prod started ? | size: n/a | src: DOGAMI MILO-4 ID_22288</description><styleUrl>#milo_gold</styleUrl><Point><coordinates>-122.609859,43.566055,0</coordinates></Point></Placemark><Placemark><name>prospect</name><description>MILO gold | gold, silver | lode | discovered ? | prod started ? | size: n/a | src: DOGAMI MILO-4 ID_22289</description><styleUrl>#milo_gold</styleUrl><Point><coordinates>-122.611285,43.566718,0</coordinates></Point></Placemark><Placemark><name>prospect</name><description>MILO gold | gold, silver | lode | discovered ? | prod started ? | size: n/a | src: DOGAMI MILO-4 ID_22290</description><styleUrl>#milo_gold</styleUrl><Point><coordinates>-122.608946,43.565869,0</coordinates></Point></Placemark><Placemark><name>prospect</name><description>MILO gold | gold, silver | lode | discovered ? | prod started ? | size: n/a | src: DOGAMI MILO-4 ID_22291</description><styleUrl>#milo_gold</styleUrl><Point><coordinates>-122.608321,43.565962,0</coordinates></Point></Placemark><Placemark><name>prospect</name><description>MILO gold | gold, silver | lode | discovered ? | prod started ? | size: n/a | src: DOGAMI MILO-4 ID_22292</description><styleUrl>#milo_gold</styleUrl><Point><coordinates>-122.610953,43.564578,0</coordinates></Point></Placemark><Placemark><name>prospect</name><description>MILO gold | gold, silver | lode | discovered ? | prod started ? | size: n/a | src: DOGAMI MILO-4 ID_22293</description><styleUrl>#milo_gold</styleUrl><Point><coordinates>-122.610264,43.565149,0</coordinates></Point></Placemark><Placemark><name>prospect</name><description>MILO gold | gold, silver | lode | discovered ? | prod started ? | size: n/a | src: DOGAMI MILO-4 ID_22294</description><styleUrl>#milo_gold</styleUrl><Point><coordinates>-122.604522,43.564019,0</coordinates></Point></Placemark><Placemark><name>prospect</name><description>MILO gold | gold, silver | lode | discovered ? | prod started ? | size: n/a | src: DOGAMI MILO-4 ID_22295</description><styleUrl>#milo_gold</styleUrl><Point><coordinates>-122.603797,43.564304,0</coordinates></Point></Placemark><Placemark><name>prospect</name><description>MILO gold | gold, silver | lode | discovered ? | prod started ? | size: n/a | src: DOGAMI MILO-4 ID_22296</description><styleUrl>#milo_gold</styleUrl><Point><coordinates>-122.597807,43.566693,0</coordinates></Point></Placemark><Placemark><name>prospect</name><description>MILO gold | gold, silver | lode | discovered ? | prod started ? | size: n/a | src: DOGAMI MILO-4 ID_22297</description><styleUrl>#milo_gold</styleUrl><Point><coordinates>-122.599291,43.566726,0</coordinates></Point></Placemark><Placemark><name>prospect</name><description>MILO gold | gold, silver | lode | discovered ? | prod started ? | size: n/a | src: DOGAMI MILO-4 ID_22298</description><styleUrl>#milo_gold</styleUrl><Point><coordinates>-122.599808,43.567950,0</coordinates></Point></Placemark><Placemark><name>prospect</name><description>MILO gold | gold, silver | lode | discovered ? | prod started ? | size: n/a | src: DOGAMI MILO-4 ID_22299</description><styleUrl>#milo_gold</styleUrl><Point><coordinates>-122.600337,43.567909,0</coordinates></Point></Placemark><Placemark><name>prospect</name><description>MILO gold | gold, silver | lode | discovered ? | prod started ? | size: n/a | src: DOGAMI MILO-4 ID_22300</description><styleUrl>#milo_gold</styleUrl><Point><coordinates>-122.600128,43.568221,0</coordinates></Point></Placemark><Placemark><name>prospect</name><description>MILO gold | gold, silver | lode | discovered ? | prod started ? | size: n/a | src: DOGAMI MILO-4 ID_22301</description><styleUrl>#milo_gold</styleUrl><Point><coordinates>-122.590147,43.567194,0</coordinates></Point></Placemark><Placemark><name>prospect</name><description>MILO gold | gold, silver | lode | discovered ? | prod started ? | size: n/a | src: DOGAMI MILO-4 ID_22302</description><styleUrl>#milo_gold</styleUrl><Point><coordinates>-122.590306,43.567534,0</coordinates></Point></Placemark><Placemark><name>prospect</name><description>MILO gold | gold, silver | lode | discovered ? | prod started ? | size: n/a | src: DOGAMI MILO-4 ID_22303</description><styleUrl>#milo_gold</styleUrl><Point><coordinates>-122.590851,43.567392,0</coordinates></Point></Placemark><Placemark><name>prospect</name><description>MILO gold | gold, silver | lode | discovered ? | prod started ? | size: n/a | src: DOGAMI MILO-4 ID_22304</description><styleUrl>#milo_gold</styleUrl><Point><coordinates>-122.590074,43.566729,0</coordinates></Point></Placemark><Placemark><name>prospect</name><description>MILO gold | gold, silver | lode | discovered ? | prod started ? | size: n/a | src: DOGAMI MILO-4 ID_22305</description><styleUrl>#milo_gold</styleUrl><Point><coordinates>-122.592058,43.565354,0</coordinates></Point></Placemark><Placemark><name>prospect</name><description>MILO gold | gold, silver | lode | discovered ? | prod started ? | size: n/a | src: DOGAMI MILO-4 ID_22306</description><styleUrl>#milo_gold</styleUrl><Point><coordinates>-122.652491,43.535061,0</coordinates></Point></Placemark><Placemark><name>prospect</name><description>MILO gold | gold, silver | lode | discovered ? | prod started ? | size: n/a | src: DOGAMI MILO-4 ID_22307</description><styleUrl>#milo_gold</styleUrl><Point><coordinates>-122.652354,43.534864,0</coordinates></Point></Placemark><Placemark><name>prospect</name><description>MILO gold | gold, silver | unknown | discovered ? | prod started ? | size: n/a | src: DOGAMI MILO-4 ID_22308</description><styleUrl>#milo_gold</styleUrl><Point><coordinates>-122.722688,43.562603,0</coordinates></Point></Placemark><Placemark><name>prospect</name><description>MILO gold | gold, silver | unknown | discovered ? | prod started ? | size: n/a | src: DOGAMI MILO-4 ID_22309</description><styleUrl>#milo_gold</styleUrl><Point><coordinates>-122.709534,43.561342,0</coordinates></Point></Placemark><Placemark><name>prospect</name><description>MILO gold | gold, silver | unknown | discovered ? | prod started ? | size: n/a | src: DOGAMI MILO-4 ID_22310</description><styleUrl>#milo_gold</styleUrl><Point><coordinates>-122.711262,43.563534,0</coordinates></Point></Placemark><Placemark><name>prospect</name><description>MILO gold | gold, silver | unknown | discovered ? | prod started ? | size: n/a | src: DOGAMI MILO-4 ID_22311</description><styleUrl>#milo_gold</styleUrl><Point><coordinates>-122.712838,43.561909,0</coordinates></Point></Placemark><Placemark><name>prospect</name><description>MILO gold | gold, silver | unknown | discovered ? | prod started ? | size: n/a | src: DOGAMI MILO-4 ID_22312</description><styleUrl>#milo_gold</styleUrl><Point><coordinates>-122.710430,43.561996,0</coordinates></Point></Placemark><Placemark><name>prospect</name><description>MILO gold | gold, silver | unknown | discovered ? | prod started ? | size: n/a | src: DOGAMI MILO-4 ID_22313</description><styleUrl>#milo_gold</styleUrl><Point><coordinates>-122.711046,43.563889,0</coordinates></Point></Placemark><Placemark><name>prospect</name><description>MILO gold | gold, silver | unknown | discovered ? | prod started ? | size: n/a | src: DOGAMI MILO-4 ID_22314</description><styleUrl>#milo_gold</styleUrl><Point><coordinates>-122.710619,43.564028,0</coordinates></Point></Placemark><Placemark><name>prospect</name><description>MILO gold | gold, silver | unknown | discovered ? | prod started ? | size: n/a | src: DOGAMI MILO-4 ID_22315</description><styleUrl>#milo_gold</styleUrl><Point><coordinates>-122.710521,43.564238,0</coordinates></Point></Placemark><Placemark><name>prospect</name><description>MILO gold | gold, silver | unknown | discovered ? | prod started ? | size: n/a | src: DOGAMI MILO-4 ID_22316</description><styleUrl>#milo_gold</styleUrl><Point><coordinates>-122.710720,43.564285,0</coordinates></Point></Placemark><Placemark><name>prospect</name><description>MILO gold | gold, silver | unknown | discovered ? | prod started ? | size: n/a | src: DOGAMI MILO-4 ID_22317</description><styleUrl>#milo_gold</styleUrl><Point><coordinates>-122.719297,43.564741,0</coordinates></Point></Placemark><Placemark><name>prospect</name><description>MILO gold | gold, silver | unknown | discovered ? | prod started ? | size: n/a | src: DOGAMI MILO-4 ID_22318</description><styleUrl>#milo_gold</styleUrl><Point><coordinates>-122.722280,43.564387,0</coordinates></Point></Placemark><Placemark><name>prospect</name><description>MILO gold | gold, silver | unknown | discovered ? | prod started ? | size: n/a | src: DOGAMI MILO-4 ID_22319</description><styleUrl>#milo_gold</styleUrl><Point><coordinates>-122.726992,43.563088,0</coordinates></Point></Placemark><Placemark><name>prospect</name><description>MILO gold | gold, silver | unknown | discovered ? | prod started ? | size: n/a | src: DOGAMI MILO-4 ID_22320</description><styleUrl>#milo_gold</styleUrl><Point><coordinates>-122.726571,43.563355,0</coordinates></Point></Placemark><Placemark><name>prospect</name><description>MILO gold | gold, silver | unknown | discovered ? | prod started ? | size: n/a | src: DOGAMI MILO-4 ID_22321</description><styleUrl>#milo_gold</styleUrl><Point><coordinates>-122.727057,43.562667,0</coordinates></Point></Placemark><Placemark><name>prospect</name><description>MILO gold | gold, silver | unknown | discovered ? | prod started ? | size: n/a | src: DOGAMI MILO-4 ID_22322</description><styleUrl>#milo_gold</styleUrl><Point><coordinates>-122.727718,43.562222,0</coordinates></Point></Placemark><Placemark><name>prospect</name><description>MILO gold | gold, silver, zinc | lode | discovered ? | prod started ? | size: n/a | src: DOGAMI MILO-4 ID_22323</description><styleUrl>#milo_gold</styleUrl><Point><coordinates>-122.674023,43.610724,0</coordinates></Point></Placemark><Placemark><name>prospect</name><description>MILO gold | gold, silver, zinc | lode | discovered ? | prod started ? | size: n/a | src: DOGAMI MILO-4 ID_22324</description><styleUrl>#milo_gold</styleUrl><Point><coordinates>-122.673914,43.609488,0</coordinates></Point></Placemark><Placemark><name>prospect</name><description>MILO gold | gold, silver, zinc | lode | discovered ? | prod started ? | size: n/a | src: DOGAMI MILO-4 ID_22325</description><styleUrl>#milo_gold</styleUrl><Point><coordinates>-122.668750,43.611042,0</coordinates></Point></Placemark><Placemark><name>prospect</name><description>MILO gold | gold, silver, zinc | lode | discovered ? | prod started ? | size: n/a | src: DOGAMI MILO-4 ID_22326</description><styleUrl>#milo_gold</styleUrl><Point><coordinates>-122.667909,43.609386,0</coordinates></Point></Placemark><Placemark><name>prospect</name><description>MILO gold | gold, silver, zinc | lode | discovered ? | prod started ? | size: n/a | src: DOGAMI MILO-4 ID_22327</description><styleUrl>#milo_gold</styleUrl><Point><coordinates>-122.674265,43.610909,0</coordinates></Point></Placemark><Placemark><name>prospect</name><description>MILO gold | gold, silver, zinc | lode | discovered ? | prod started ? | size: n/a | src: DOGAMI MILO-4 ID_22328</description><styleUrl>#milo_gold</styleUrl><Point><coordinates>-122.668485,43.609268,0</coordinates></Point></Placemark><Placemark><name>prospect</name><description>MILO gold | gold, silver, zinc | lode | discovered ? | prod started ? | size: n/a | src: DOGAMI MILO-4 ID_22329</description><styleUrl>#milo_gold</styleUrl><Point><coordinates>-122.667420,43.608051,0</coordinates></Point></Placemark><Placemark><name>prospect</name><description>MILO gold | gold, silver, zinc | lode | discovered ? | prod started ? | size: n/a | src: DOGAMI MILO-4 ID_22330</description><styleUrl>#milo_gold</styleUrl><Point><coordinates>-122.668663,43.607678,0</coordinates></Point></Placemark><Placemark><name>prospect</name><description>MILO gold | gold, silver, zinc | lode | discovered ? | prod started ? | size: n/a | src: DOGAMI MILO-4 ID_22331</description><styleUrl>#milo_gold</styleUrl><Point><coordinates>-122.671356,43.607716,0</coordinates></Point></Placemark><Placemark><name>prospect</name><description>MILO gold | gold, silver, zinc | lode | discovered ? | prod started ? | size: n/a | src: DOGAMI MILO-4 ID_22332</description><styleUrl>#milo_gold</styleUrl><Point><coordinates>-122.670451,43.609017,0</coordinates></Point></Placemark><Placemark><name>prospect</name><description>MILO gold | gold, silver, zinc | lode | discovered ? | prod started ? | size: n/a | src: DOGAMI MILO-4 ID_22333</description><styleUrl>#milo_gold</styleUrl><Point><coordinates>-122.669711,43.606017,0</coordinates></Point></Placemark><Placemark><name>prospect</name><description>MILO gold | gold, silver, zinc | lode | discovered ? | prod started ? | size: n/a | src: DOGAMI MILO-4 ID_22334</description><styleUrl>#milo_gold</styleUrl><Point><coordinates>-122.666332,43.606022,0</coordinates></Point></Placemark><Placemark><name>prospect</name><description>MILO gold | gold, silver, zinc | lode | discovered ? | prod started ? | size: n/a | src: DOGAMI MILO-4 ID_22335</description><styleUrl>#milo_gold</styleUrl><Point><coordinates>-122.659151,43.604641,0</coordinates></Point></Placemark><Placemark><name>prospect</name><description>MILO gold | gold | lode | discovered ? | prod started ? | size: n/a | src: DOGAMI MILO-4 ID_22336</description><styleUrl>#milo_gold</styleUrl><Point><coordinates>-122.675181,43.600755,0</coordinates></Point></Placemark><Placemark><name>prospect</name><description>MILO gold | gold | lode | discovered ? | prod started ? | size: n/a | src: DOGAMI MILO-4 ID_22337</description><styleUrl>#milo_gold</styleUrl><Point><coordinates>-122.687730,43.601161,0</coordinates></Point></Placemark><Placemark><name>prospect</name><description>MILO gold | gold | lode | discovered ? | prod started ? | size: n/a | src: DOGAMI MILO-4 ID_22338</description><styleUrl>#milo_gold</styleUrl><Point><coordinates>-122.687210,43.600873,0</coordinates></Point></Placemark><Placemark><name>prospect</name><description>MILO gold | gold | lode | discovered ? | prod started ? | size: n/a | src: DOGAMI MILO-4 ID_22339</description><styleUrl>#milo_gold</styleUrl><Point><coordinates>-122.692293,43.598942,0</coordinates></Point></Placemark><Placemark><name>prospect</name><description>MILO gold | gold | lode | discovered ? | prod started ? | size: n/a | src: DOGAMI MILO-4 ID_22340</description><styleUrl>#milo_gold</styleUrl><Point><coordinates>-122.694369,43.598439,0</coordinates></Point></Placemark><Placemark><name>prospect</name><description>MILO gold | gold | lode | discovered ? | prod started ? | size: n/a | src: DOGAMI MILO-4 ID_22341</description><styleUrl>#milo_gold</styleUrl><Point><coordinates>-122.627284,43.617020,0</coordinates></Point></Placemark><Placemark><name>prospect</name><description>MILO gold | gold | lode | discovered ? | prod started ? | size: n/a | src: DOGAMI MILO-4 ID_22342</description><styleUrl>#milo_gold</styleUrl><Point><coordinates>-122.623403,43.616226,0</coordinates></Point></Placemark><Placemark><name>prospect</name><description>MILO gold | gold | lode | discovered ? | prod started ? | size: n/a | src: DOGAMI MILO-4 ID_22343</description><styleUrl>#milo_gold</styleUrl><Point><coordinates>-122.632274,43.614139,0</coordinates></Point></Placemark><Placemark><name>prospect</name><description>MILO gold | gold | lode | discovered ? | prod started ? | size: n/a | src: DOGAMI MILO-4 ID_22344</description><styleUrl>#milo_gold</styleUrl><Point><coordinates>-122.631975,43.613732,0</coordinates></Point></Placemark><Placemark><name>prospect</name><description>MILO gold | gold | lode | discovered ? | prod started ? | size: n/a | src: DOGAMI MILO-4 ID_22345</description><styleUrl>#milo_gold</styleUrl><Point><coordinates>-122.634269,43.614938,0</coordinates></Point></Placemark><Placemark><name>prospect</name><description>MILO gold | gold | lode | discovered ? | prod started ? | size: n/a | src: DOGAMI MILO-4 ID_22346</description><styleUrl>#milo_gold</styleUrl><Point><coordinates>-122.630062,43.614595,0</coordinates></Point></Placemark><Placemark><name>prospect</name><description>MILO gold | gold | lode | discovered ? | prod started ? | size: n/a | src: DOGAMI MILO-4 ID_22347</description><styleUrl>#milo_gold</styleUrl><Point><coordinates>-122.628832,43.614371,0</coordinates></Point></Placemark><Placemark><name>prospect</name><description>MILO gold | gold | lode | discovered ? | prod started ? | size: n/a | src: DOGAMI MILO-4 ID_22348</description><styleUrl>#milo_gold</styleUrl><Point><coordinates>-122.628641,43.614518,0</coordinates></Point></Placemark><Placemark><name>prospect</name><description>MILO gold | gold | lode | discovered ? | prod started ? | size: n/a | src: DOGAMI MILO-4 ID_22349</description><styleUrl>#milo_gold</styleUrl><Point><coordinates>-122.629092,43.614465,0</coordinates></Point></Placemark><Placemark><name>prospect</name><description>MILO gold | gold | lode | discovered ? | prod started ? | size: n/a | src: DOGAMI MILO-4 ID_22350</description><styleUrl>#milo_gold</styleUrl><Point><coordinates>-122.645872,43.608382,0</coordinates></Point></Placemark><Placemark><name>prospect</name><description>MILO gold | gold | lode | discovered ? | prod started ? | size: n/a | src: DOGAMI MILO-4 ID_22351</description><styleUrl>#milo_gold</styleUrl><Point><coordinates>-122.647301,43.606984,0</coordinates></Point></Placemark><Placemark><name>prospect</name><description>MILO gold | gold | lode | discovered ? | prod started ? | size: n/a | src: DOGAMI MILO-4 ID_22352</description><styleUrl>#milo_gold</styleUrl><Point><coordinates>-122.643441,43.608655,0</coordinates></Point></Placemark><Placemark><name>prospect</name><description>MILO gold | gold | lode | discovered ? | prod started ? | size: n/a | src: DOGAMI MILO-4 ID_22353</description><styleUrl>#milo_gold</styleUrl><Point><coordinates>-122.642887,43.608370,0</coordinates></Point></Placemark><Placemark><name>prospect</name><description>MILO gold | gold | lode | discovered ? | prod started ? | size: n/a | src: DOGAMI MILO-4 ID_22354</description><styleUrl>#milo_gold</styleUrl><Point><coordinates>-122.642759,43.608260,0</coordinates></Point></Placemark><Placemark><name>Sunrise Group</name><description>MILO gold | gold | lode | discovered ? | prod started ? | size: n/a | src: DOGAMI MILO-4 ID_22355</description><styleUrl>#milo_gold</styleUrl><Point><coordinates>-122.679727,43.621439,0</coordinates></Point></Placemark><Placemark><name>prospect</name><description>MILO gold | zinc, lead, gold, silver, copper, antimony | unknown | discovered ? | prod started ? | size: n/a | src: DOGAMI MILO-4 ID_22356</description><styleUrl>#milo_gold</styleUrl><Point><coordinates>-122.648658,43.620725,0</coordinates></Point></Placemark><Placemark><name>prospect</name><description>MILO gold | gold, silver, copper | lode | discovered ? | prod started ? | size: n/a | src: DOGAMI MILO-4 ID_22361</description><styleUrl>#milo_gold</styleUrl><Point><coordinates>-122.648534,43.576256,0</coordinates></Point></Placemark><Placemark><name>prospect</name><description>MILO gold | gold, silver, copper, lead, zinc | lode | discovered ? | prod started ? | size: n/a | src: DOGAMI MILO-4 ID_22362</description><styleUrl>#milo_gold</styleUrl><Point><coordinates>-122.658686,43.578235,0</coordinates></Point></Placemark><Placemark><name>prospect</name><description>MILO gold | gold, silver, copper, lead, zinc | lode | discovered ? | prod started ? | size: n/a | src: DOGAMI MILO-4 ID_22363</description><styleUrl>#milo_gold</styleUrl><Point><coordinates>-122.659409,43.577903,0</coordinates></Point></Placemark><Placemark><name>Monarch</name><description>MILO gold | gold, silver, copper, lead, zinc | lode | discovered ? | prod started ? | size: n/a | src: DOGAMI MILO-4 ID_22364</description><styleUrl>#milo_gold</styleUrl><Point><coordinates>-122.658305,43.578266,0</coordinates></Point></Placemark><Placemark><name>prospect</name><description>MILO gold | gold, silver | unknown | discovered ? | prod started ? | size: n/a | src: DOGAMI MILO-4 ID_22365</description><styleUrl>#milo_gold</styleUrl><Point><coordinates>-122.666073,43.578750,0</coordinates></Point></Placemark><Placemark><name>prospect</name><description>MILO gold | gold, silver | unknown | discovered ? | prod started ? | size: n/a | src: DOGAMI MILO-4 ID_22366</description><styleUrl>#milo_gold</styleUrl><Point><coordinates>-122.662402,43.580219,0</coordinates></Point></Placemark><Placemark><name>prospect</name><description>MILO gold | gold | unknown | discovered ? | prod started ? | size: n/a | src: DOGAMI MILO-4 ID_22367</description><styleUrl>#milo_gold</styleUrl><Point><coordinates>-122.667710,43.581731,0</coordinates></Point></Placemark><Placemark><name>mine</name><description>MILO gold | gold | lode | discovered ? | prod started ? | size: n/a | src: DOGAMI MILO-4 ID_22368</description><styleUrl>#milo_gold</styleUrl><Point><coordinates>-122.666485,43.583579,0</coordinates></Point></Placemark><Placemark><name>Moor Claim</name><description>MILO gold | gold | unknown | discovered ? | prod started ? | size: n/a | src: DOGAMI MILO-4 ID_22369</description><styleUrl>#milo_gold</styleUrl><Point><coordinates>-122.676128,43.581025,0</coordinates></Point></Placemark><Placemark><name>prospect</name><description>MILO gold | gold | unknown | discovered ? | prod started ? | size: n/a | src: DOGAMI MILO-4 ID_22370</description><styleUrl>#milo_gold</styleUrl><Point><coordinates>-122.649769,43.584296,0</coordinates></Point></Placemark><Placemark><name>prospect</name><description>MILO gold | gold | unknown | discovered ? | prod started ? | size: n/a | src: DOGAMI MILO-4 ID_22371</description><styleUrl>#milo_gold</styleUrl><Point><coordinates>-122.652211,43.582620,0</coordinates></Point></Placemark><Placemark><name>prospect</name><description>MILO gold | gold, silver, copper | lode | discovered ? | prod started ? | size: n/a | src: DOGAMI MILO-4 ID_22372</description><styleUrl>#milo_gold</styleUrl><Point><coordinates>-122.655020,43.584178,0</coordinates></Point></Placemark><Placemark><name>prospect</name><description>MILO gold | gold, silver, copper | lode | discovered ? | prod started ? | size: n/a | src: DOGAMI MILO-4 ID_22373</description><styleUrl>#milo_gold</styleUrl><Point><coordinates>-122.654742,43.584258,0</coordinates></Point></Placemark><Placemark><name>prospect</name><description>MILO gold | gold, silver, copper | lode | discovered ? | prod started ? | size: n/a | src: DOGAMI MILO-4 ID_22374</description><styleUrl>#milo_gold</styleUrl><Point><coordinates>-122.654591,43.584333,0</coordinates></Point></Placemark><Placemark><name>prospect</name><description>MILO gold | gold, silver, copper | lode | discovered ? | prod started ? | size: n/a | src: DOGAMI MILO-4 ID_22375</description><styleUrl>#milo_gold</styleUrl><Point><coordinates>-122.653254,43.584144,0</coordinates></Point></Placemark><Placemark><name>prospect</name><description>MILO gold | gold, lead, zinc, copper | unknown | discovered ? | prod started ? | size: n/a | src: DOGAMI MILO-4 ID_22376</description><styleUrl>#milo_gold</styleUrl><Point><coordinates>-122.639942,43.580089,0</coordinates></Point></Placemark><Placemark><name>prospect</name><description>MILO gold | gold, silver, copper | unknown | discovered ? | prod started ? | size: n/a | src: DOGAMI MILO-4 ID_22377</description><styleUrl>#milo_gold</styleUrl><Point><coordinates>-122.659981,43.585138,0</coordinates></Point></Placemark><Placemark><name>prospect</name><description>MILO gold | gold | unknown | discovered ? | prod started ? | size: n/a | src: DOGAMI MILO-4 ID_22378</description><styleUrl>#milo_gold</styleUrl><Point><coordinates>-122.667153,43.586784,0</coordinates></Point></Placemark><Placemark><name>prospect</name><description>MILO gold | gold | unknown | discovered ? | prod started ? | size: n/a | src: DOGAMI MILO-4 ID_22379</description><styleUrl>#milo_gold</styleUrl><Point><coordinates>-122.672150,43.587112,0</coordinates></Point></Placemark><Placemark><name>prospect</name><description>MILO gold | gold | unknown | discovered ? | prod started ? | size: n/a | src: DOGAMI MILO-4 ID_22380</description><styleUrl>#milo_gold</styleUrl><Point><coordinates>-122.668853,43.589123,0</coordinates></Point></Placemark><Placemark><name>prospect</name><description>MILO gold | gold | unknown | discovered ? | prod started ? | size: n/a | src: DOGAMI MILO-4 ID_22381</description><styleUrl>#milo_gold</styleUrl><Point><coordinates>-122.669056,43.589528,0</coordinates></Point></Placemark><Placemark><name>prospect</name><description>MILO gold | gold, silver | unknown | discovered ? | prod started ? | size: n/a | src: DOGAMI MILO-4 ID_22382</description><styleUrl>#milo_gold</styleUrl><Point><coordinates>-122.654434,43.592736,0</coordinates></Point></Placemark><Placemark><name>prospect</name><description>MILO gold | gold, silver | unknown | discovered ? | prod started ? | size: n/a | src: DOGAMI MILO-4 ID_22383</description><styleUrl>#milo_gold</styleUrl><Point><coordinates>-122.652956,43.592686,0</coordinates></Point></Placemark><Placemark><name>prospect</name><description>MILO gold | gold, silver | unknown | discovered ? | prod started ? | size: n/a | src: DOGAMI MILO-4 ID_22384</description><styleUrl>#milo_gold</styleUrl><Point><coordinates>-122.653535,43.591140,0</coordinates></Point></Placemark><Placemark><name>prospect</name><description>MILO gold | gold, silver | unknown | discovered ? | prod started ? | size: n/a | src: DOGAMI MILO-4 ID_22385</description><styleUrl>#milo_gold</styleUrl><Point><coordinates>-122.657441,43.592664,0</coordinates></Point></Placemark><Placemark><name>adit</name><description>MILO gold | gold, silver | unknown | discovered ? | prod started ? | size: n/a | src: DOGAMI MILO-4 ID_22386</description><styleUrl>#milo_gold</styleUrl><Point><coordinates>-122.693756,43.544422,0</coordinates></Point></Placemark><Placemark><name>adit</name><description>MILO gold | gold, silver | unknown | discovered ? | prod started ? | size: n/a | src: DOGAMI MILO-4 ID_22388</description><styleUrl>#milo_gold</styleUrl><Point><coordinates>-122.726579,43.542456,0</coordinates></Point></Placemark><Placemark><name>Goldenstar Mine (lower adit)</name><description>MILO gold | gold | lode | discovered ? | prod started ? | size: small | src: DOGAMI MILO-4 ID_22409</description><styleUrl>#milo_gold</styleUrl><Point><coordinates>-122.706234,43.561059,0</coordinates></Point></Placemark><Placemark><name>adit</name><description>MILO gold | gold, silver | unknown | discovered ? | prod started ? | size: n/a | src: DOGAMI MILO-4 ID_22410</description><styleUrl>#milo_gold</styleUrl><Point><coordinates>-122.737700,43.558908,0</coordinates></Point></Placemark><Placemark><name>Goldenstar Mine</name><description>MILO gold | gold | lode | discovered ? | prod started ? | size: small | src: DOGAMI MILO-4 ID_22411</description><styleUrl>#milo_gold</styleUrl><Point><coordinates>-122.704541,43.561178,0</coordinates></Point></Placemark><Placemark><name>Goldenstar Mine</name><description>MILO gold | gold | lode | discovered ? | prod started ? | size: small | src: DOGAMI MILO-4 ID_22412</description><styleUrl>#milo_gold</styleUrl><Point><coordinates>-122.703060,43.560548,0</coordinates></Point></Placemark><Placemark><name>prospect</name><description>MILO gold | gold, silver | unknown | discovered ? | prod started ? | size: n/a | src: DOGAMI MILO-4 ID_22413</description><styleUrl>#milo_gold</styleUrl><Point><coordinates>-122.657192,43.558289,0</coordinates></Point></Placemark><Placemark><name>prospect</name><description>MILO gold | gold, silver | unknown | discovered ? | prod started ? | size: n/a | src: DOGAMI MILO-4 ID_22414</description><styleUrl>#milo_gold</styleUrl><Point><coordinates>-122.659406,43.559554,0</coordinates></Point></Placemark><Placemark><name>prospect</name><description>MILO gold | gold, silver | unknown | discovered ? | prod started ? | size: n/a | src: DOGAMI MILO-4 ID_22415</description><styleUrl>#milo_gold</styleUrl><Point><coordinates>-122.661789,43.560641,0</coordinates></Point></Placemark><Placemark><name>prospect</name><description>MILO gold | gold, silver | unknown | discovered ? | prod started ? | size: n/a | src: DOGAMI MILO-4 ID_22416</description><styleUrl>#milo_gold</styleUrl><Point><coordinates>-122.661019,43.560721,0</coordinates></Point></Placemark><Placemark><name>Harlow-Stocks vein; Vesuvius Claim</name><description>MILO gold | gold, silver | unknown | discovered ? | prod started ? | size: n/a | src: DOGAMI MILO-4 ID_22417</description><styleUrl>#milo_gold</styleUrl><Point><coordinates>-122.660753,43.584509,0</coordinates></Point></Placemark><Placemark><name>Harlow-Stocks vein; Vesuvius Claim</name><description>MILO gold | gold, silver | unknown | discovered ? | prod started ? | size: n/a | src: DOGAMI MILO-4 ID_22418</description><styleUrl>#milo_gold</styleUrl><Point><coordinates>-122.661009,43.584851,0</coordinates></Point></Placemark><Placemark><name>prospect</name><description>MILO gold | gold | unknown | discovered ? | prod started ? | size: n/a | src: DOGAMI MILO-4 ID_22419</description><styleUrl>#milo_gold</styleUrl><Point><coordinates>-122.666269,43.584844,0</coordinates></Point></Placemark><Placemark><name>prospect</name><description>MILO gold | gold, silver | unknown | discovered ? | prod started ? | size: n/a | src: DOGAMI MILO-4 ID_22420</description><styleUrl>#milo_gold</styleUrl><Point><coordinates>-122.711794,43.562438,0</coordinates></Point></Placemark><Placemark><name>prospect</name><description>MILO gold | gold | placer (heuristic: surface workings) | discovered ? | prod started ? | size: n/a | src: DOGAMI MILO-4 ID_22421</description><styleUrl>#milo_gold</styleUrl><Point><coordinates>-122.752481,43.597605,0</coordinates></Point></Placemark><Placemark><name>prospect (adit)</name><description>MILO gold | gold | lode | discovered ? | prod started ? | size: n/a | src: DOGAMI MILO-4 ID_22422</description><styleUrl>#milo_gold</styleUrl><Point><coordinates>-122.698517,43.580304,0</coordinates></Point></Placemark><Placemark><name>prospect (adits)</name><description>MILO gold | gold | lode | discovered ? | prod started ? | size: n/a | src: DOGAMI MILO-4 ID_22423</description><styleUrl>#milo_gold</styleUrl><Point><coordinates>-122.697047,43.582537,0</coordinates></Point></Placemark><Placemark><name>prospect (adit)</name><description>MILO gold | gold | lode | discovered ? | prod started ? | size: n/a | src: DOGAMI MILO-4 ID_22424</description><styleUrl>#milo_gold</styleUrl><Point><coordinates>-122.685340,43.581286,0</coordinates></Point></Placemark><Placemark><name>prospect (adit)</name><description>MILO gold | gold | lode | discovered ? | prod started ? | size: n/a | src: DOGAMI MILO-4 ID_22425</description><styleUrl>#milo_gold</styleUrl><Point><coordinates>-122.694718,43.584615,0</coordinates></Point></Placemark><Placemark><name>prospect</name><description>MILO gold | gold | unknown | discovered ? | prod started ? | size: n/a | src: DOGAMI MILO-4 ID_22426</description><styleUrl>#milo_gold</styleUrl><Point><coordinates>-122.645155,43.623542,0</coordinates></Point></Placemark><Placemark><name>prospect</name><description>MILO gold | gold | unknown | discovered ? | prod started ? | size: n/a | src: DOGAMI MILO-4 ID_22427</description><styleUrl>#milo_gold</styleUrl><Point><coordinates>-122.646426,43.623511,0</coordinates></Point></Placemark><Placemark><name>prospect</name><description>MILO gold | gold | unknown | discovered ? | prod started ? | size: n/a | src: DOGAMI MILO-4 ID_22428</description><styleUrl>#milo_gold</styleUrl><Point><coordinates>-122.644917,43.623943,0</coordinates></Point></Placemark><Placemark><name>prospect</name><description>MILO gold | gold | unknown | discovered ? | prod started ? | size: n/a | src: DOGAMI MILO-4 ID_22429</description><styleUrl>#milo_gold</styleUrl><Point><coordinates>-122.644506,43.623996,0</coordinates></Point></Placemark><Placemark><name>Sunset Mine (middle adit)</name><description>MILO gold | zinc, lead, gold, silver, copper, antimony | lode | discovered ? | prod started ? | size: n/a | src: DOGAMI MILO-4 ID_22430</description><styleUrl>#milo_gold</styleUrl><Point><coordinates>-122.642443,43.623110,0</coordinates></Point></Placemark><Placemark><name>Sunset Mine (upper adit)</name><description>MILO gold | zinc, lead, gold, silver, copper, antimony | lode | discovered ? | prod started ? | size: n/a | src: DOGAMI MILO-4 ID_22431</description><styleUrl>#milo_gold</styleUrl><Point><coordinates>-122.637820,43.623422,0</coordinates></Point></Placemark><Placemark><name>prospect</name><description>MILO gold | gold | lode | discovered ? | prod started ? | size: n/a | src: DOGAMI MILO-4 ID_22434</description><styleUrl>#milo_gold</styleUrl><Point><coordinates>-122.671203,43.603547,0</coordinates></Point></Placemark><Placemark><name>prospect</name><description>MILO gold | gold | lode | discovered ? | prod started ? | size: n/a | src: DOGAMI MILO-4 ID_22435</description><styleUrl>#milo_gold</styleUrl><Point><coordinates>-122.670635,43.603475,0</coordinates></Point></Placemark><Placemark><name>Sweepstakes</name><description>MILO gold | gold | lode | discovered ? | prod started ? | size: small | src: DOGAMI MILO-4 ID_22436</description><styleUrl>#milo_gold</styleUrl><Point><coordinates>-122.669384,43.600128,0</coordinates></Point></Placemark><Placemark><name>Sweepstakes</name><description>MILO gold | gold | lode | discovered ? | prod started ? | size: small | src: DOGAMI MILO-4 ID_22437</description><styleUrl>#milo_gold</styleUrl><Point><coordinates>-122.668911,43.600333,0</coordinates></Point></Placemark><Placemark><name>prospect</name><description>MILO gold | gold | lode | discovered ? | prod started ? | size: n/a | src: DOGAMI MILO-4 ID_22438</description><styleUrl>#milo_gold</styleUrl><Point><coordinates>-122.669527,43.601620,0</coordinates></Point></Placemark><Placemark><name>prospect</name><description>MILO gold | gold | lode | discovered ? | prod started ? | size: n/a | src: DOGAMI MILO-4 ID_22439</description><styleUrl>#milo_gold</styleUrl><Point><coordinates>-122.669870,43.601064,0</coordinates></Point></Placemark><Placemark><name>prospect</name><description>MILO gold | gold | lode | discovered ? | prod started ? | size: n/a | src: DOGAMI MILO-4 ID_22440</description><styleUrl>#milo_gold</styleUrl><Point><coordinates>-122.674297,43.600246,0</coordinates></Point></Placemark><Placemark><name>North Fairview</name><description>MILO gold | gold, silver | lode | discovered ? | prod started ? | size: n/a | src: DOGAMI MILO-4 ID_22441</description><styleUrl>#milo_gold</styleUrl><Point><coordinates>-122.654055,43.590996,0</coordinates></Point></Placemark><Placemark><name>mine</name><description>MILO gold | gold, silver | lode | discovered ? | prod started ? | size: n/a | src: DOGAMI MILO-4 ID_22442</description><styleUrl>#milo_gold</styleUrl><Point><coordinates>-122.669447,43.591684,0</coordinates></Point></Placemark><Placemark><name>mine</name><description>MILO gold | gold, silver | lode | discovered ? | prod started ? | size: n/a | src: DOGAMI MILO-4 ID_22443</description><styleUrl>#milo_gold</styleUrl><Point><coordinates>-122.666917,43.590580,0</coordinates></Point></Placemark><Placemark><name>prospect</name><description>MILO gold | gold | unknown | discovered ? | prod started ? | size: n/a | src: DOGAMI MILO-4 ID_22444</description><styleUrl>#milo_gold</styleUrl><Point><coordinates>-122.665063,43.590143,0</coordinates></Point></Placemark><Placemark><name>prospect</name><description>MILO gold | gold | unknown | discovered ? | prod started ? | size: n/a | src: DOGAMI MILO-4 ID_22445</description><styleUrl>#milo_gold</styleUrl><Point><coordinates>-122.665395,43.591088,0</coordinates></Point></Placemark><Placemark><name>prospect</name><description>MILO gold | gold | unknown | discovered ? | prod started ? | size: n/a | src: DOGAMI MILO-4 ID_22446</description><styleUrl>#milo_gold</styleUrl><Point><coordinates>-122.664815,43.591178,0</coordinates></Point></Placemark><Placemark><name>prospect</name><description>MILO gold | gold | unknown | discovered ? | prod started ? | size: n/a | src: DOGAMI MILO-4 ID_22447</description><styleUrl>#milo_gold</styleUrl><Point><coordinates>-122.668595,43.587851,0</coordinates></Point></Placemark><Placemark><name>prospect (adit)</name><description>MILO gold | gold | lode | discovered ? | prod started ? | size: n/a | src: DOGAMI MILO-4 ID_22448</description><styleUrl>#milo_gold</styleUrl><Point><coordinates>-122.686448,43.581313,0</coordinates></Point></Placemark><Placemark><name>prospect</name><description>MILO gold | gold | unknown | discovered ? | prod started ? | size: n/a | src: DOGAMI MILO-4 ID_22449</description><styleUrl>#milo_gold</styleUrl><Point><coordinates>-122.630890,43.574137,0</coordinates></Point></Placemark><Placemark><name>prospect</name><description>MILO gold | gold | unknown | discovered ? | prod started ? | size: n/a | src: DOGAMI MILO-4 ID_22450</description><styleUrl>#milo_gold</styleUrl><Point><coordinates>-122.631894,43.574371,0</coordinates></Point></Placemark><Placemark><name>prospect</name><description>MILO gold | gold | unknown | discovered ? | prod started ? | size: n/a | src: DOGAMI MILO-4 ID_22451</description><styleUrl>#milo_gold</styleUrl><Point><coordinates>-122.628558,43.574011,0</coordinates></Point></Placemark><Placemark><name>prospect</name><description>MILO gold | gold, lead, zinc, copper | unknown | discovered ? | prod started ? | size: n/a | src: DOGAMI MILO-4 ID_22452</description><styleUrl>#milo_gold</styleUrl><Point><coordinates>-122.646704,43.580648,0</coordinates></Point></Placemark><Placemark><name>prospect</name><description>MILO gold | gold | unknown | discovered ? | prod started ? | size: n/a | src: DOGAMI MILO-4 ID_22453</description><styleUrl>#milo_gold</styleUrl><Point><coordinates>-122.654235,43.639978,0</coordinates></Point></Placemark><Placemark><name>prospect</name><description>MILO gold | gold | unknown | discovered ? | prod started ? | size: n/a | src: DOGAMI MILO-4 ID_22454</description><styleUrl>#milo_gold</styleUrl><Point><coordinates>-122.654175,43.639843,0</coordinates></Point></Placemark><Placemark><name>prospect</name><description>MILO gold | gold | unknown | discovered ? | prod started ? | size: n/a | src: DOGAMI MILO-4 ID_22455</description><styleUrl>#milo_gold</styleUrl><Point><coordinates>-122.654437,43.640092,0</coordinates></Point></Placemark><Placemark><name>prospect</name><description>MILO gold | gold | unknown | discovered ? | prod started ? | size: n/a | src: DOGAMI MILO-4 ID_22456</description><styleUrl>#milo_gold</styleUrl><Point><coordinates>-122.654665,43.640062,0</coordinates></Point></Placemark><Placemark><name>prospect</name><description>MILO gold | gold, silver | unknown | discovered ? | prod started ? | size: n/a | src: DOGAMI MILO-4 ID_22457</description><styleUrl>#milo_gold</styleUrl><Point><coordinates>-122.694551,43.561475,0</coordinates></Point></Placemark><Placemark><name>prospect</name><description>MILO gold | gold, silver | unknown | discovered ? | prod started ? | size: n/a | src: DOGAMI MILO-4 ID_22458</description><styleUrl>#milo_gold</styleUrl><Point><coordinates>-122.702810,43.564431,0</coordinates></Point></Placemark><Placemark><name>prospect</name><description>MILO gold | gold, silver | unknown | discovered ? | prod started ? | size: n/a | src: DOGAMI MILO-4 ID_22459</description><styleUrl>#milo_gold</styleUrl><Point><coordinates>-122.691481,43.542872,0</coordinates></Point></Placemark><Placemark><name>prospect</name><description>MILO gold | gold, silver | unknown | discovered ? | prod started ? | size: n/a | src: DOGAMI MILO-4 ID_22460</description><styleUrl>#milo_gold</styleUrl><Point><coordinates>-122.690829,43.534656,0</coordinates></Point></Placemark><Placemark><name>prospect</name><description>MILO gold | gold, silver | unknown | discovered ? | prod started ? | size: n/a | src: DOGAMI MILO-4 ID_22461</description><styleUrl>#milo_gold</styleUrl><Point><coordinates>-122.690880,43.534790,0</coordinates></Point></Placemark><Placemark><name>prospect</name><description>MILO gold | gold, silver | unknown | discovered ? | prod started ? | size: n/a | src: DOGAMI MILO-4 ID_22462</description><styleUrl>#milo_gold</styleUrl><Point><coordinates>-122.675387,43.560297,0</coordinates></Point></Placemark><Placemark><name>prospect</name><description>MILO gold | gold, silver | unknown | discovered ? | prod started ? | size: n/a | src: DOGAMI MILO-4 ID_22463</description><styleUrl>#milo_gold</styleUrl><Point><coordinates>-122.672099,43.561070,0</coordinates></Point></Placemark><Placemark><name>prospect</name><description>MILO gold | gold | lode | discovered ? | prod started ? | size: n/a | src: DOGAMI MILO-4 ID_22464</description><styleUrl>#milo_gold</styleUrl><Point><coordinates>-122.652995,43.573129,0</coordinates></Point></Placemark><Placemark><name>prospect</name><description>MILO gold | gold | lode | discovered ? | prod started ? | size: n/a | src: DOGAMI MILO-4 ID_22465</description><styleUrl>#milo_gold</styleUrl><Point><coordinates>-122.653880,43.573122,0</coordinates></Point></Placemark><Placemark><name>prospect</name><description>MILO gold | gold | lode | discovered ? | prod started ? | size: n/a | src: DOGAMI MILO-4 ID_22466</description><styleUrl>#milo_gold</styleUrl><Point><coordinates>-122.655416,43.572628,0</coordinates></Point></Placemark><Placemark><name>prospect</name><description>MILO gold | gold, silver | lode | discovered ? | prod started ? | size: n/a | src: DOGAMI MILO-4 ID_22467</description><styleUrl>#milo_gold</styleUrl><Point><coordinates>-122.685312,43.551296,0</coordinates></Point></Placemark><Placemark><name>prospect</name><description>MILO gold | gold | unknown | discovered ? | prod started ? | size: n/a | src: DOGAMI MILO-4 ID_22468</description><styleUrl>#milo_gold</styleUrl><Point><coordinates>-122.697792,43.584623,0</coordinates></Point></Placemark><Placemark><name>prospect</name><description>MILO gold | gold | unknown | discovered ? | prod started ? | size: n/a | src: DOGAMI MILO-4 ID_22469</description><styleUrl>#milo_gold</styleUrl><Point><coordinates>-122.721887,43.582631,0</coordinates></Point></Placemark><Placemark><name>prospect</name><description>MILO gold | gold | unknown | discovered ? | prod started ? | size: n/a | src: DOGAMI MILO-4 ID_22470</description><styleUrl>#milo_gold</styleUrl><Point><coordinates>-122.699066,43.583973,0</coordinates></Point></Placemark><Placemark><name>prospect</name><description>MILO gold | gold, silver, copper | unknown | discovered ? | prod started ? | size: n/a | src: DOGAMI MILO-4 ID_22471</description><styleUrl>#milo_gold</styleUrl><Point><coordinates>-122.654932,43.599856,0</coordinates></Point></Placemark><Placemark><name>prospect</name><description>MILO gold | gold, silver, copper | unknown | discovered ? | prod started ? | size: n/a | src: DOGAMI MILO-4 ID_22472</description><styleUrl>#milo_gold</styleUrl><Point><coordinates>-122.651911,43.601711,0</coordinates></Point></Placemark><Placemark><name>prospect</name><description>MILO gold | gold, silver, copper | unknown | discovered ? | prod started ? | size: n/a | src: DOGAMI MILO-4 ID_22473</description><styleUrl>#milo_gold</styleUrl><Point><coordinates>-122.652083,43.601825,0</coordinates></Point></Placemark><Placemark><name>prospect</name><description>MILO gold | gold, silver, copper | unknown | discovered ? | prod started ? | size: n/a | src: DOGAMI MILO-4 ID_22474</description><styleUrl>#milo_gold</styleUrl><Point><coordinates>-122.651606,43.600964,0</coordinates></Point></Placemark><Placemark><name>Oregon-Colorado, upper adit</name><description>MILO gold | gold, silver, copper | lode | discovered ? | prod started ? | size: n/a | src: DOGAMI MILO-4 ID_22475</description><styleUrl>#milo_gold</styleUrl><Point><coordinates>-122.613635,43.558795,0</coordinates></Point></Placemark><Placemark><name>prospect</name><description>MILO gold | gold | lode | discovered ? | prod started ? | size: n/a | src: DOGAMI MILO-4 ID_22476</description><styleUrl>#milo_gold</styleUrl><Point><coordinates>-122.612871,43.559219,0</coordinates></Point></Placemark><Placemark><name>prospect</name><description>MILO gold | lead, zinc, copper, gold, silver | lode | discovered ? | prod started ? | size: n/a | src: DOGAMI MILO-4 ID_22477</description><styleUrl>#milo_gold</styleUrl><Point><coordinates>-122.590080,43.569494,0</coordinates></Point></Placemark><Placemark><name>prospect</name><description>MILO gold | lead, zinc, copper, gold, silver | lode | discovered ? | prod started ? | size: n/a | src: DOGAMI MILO-4 ID_22478</description><styleUrl>#milo_gold</styleUrl><Point><coordinates>-122.590076,43.569398,0</coordinates></Point></Placemark><Placemark><name>Mayflower Mine</name><description>MILO gold | lead, zinc, copper, gold, silver | lode | discovered ? | prod started ? | size: small | src: DOGAMI MILO-4 ID_22479</description><styleUrl>#milo_gold</styleUrl><Point><coordinates>-122.592482,43.573317,0</coordinates></Point></Placemark><Placemark><name>Mayflower Mine</name><description>MILO gold | lead, zinc, copper, gold, silver | lode | discovered ? | prod started ? | size: small | src: DOGAMI MILO-4 ID_22480</description><styleUrl>#milo_gold</styleUrl><Point><coordinates>-122.591635,43.573209,0</coordinates></Point></Placemark><Placemark><name>prospect</name><description>MILO gold | gold | lode | discovered ? | prod started ? | size: n/a | src: DOGAMI MILO-4 ID_22482</description><styleUrl>#milo_gold</styleUrl><Point><coordinates>-122.680042,43.622722,0</coordinates></Point></Placemark><Placemark><name>prospect</name><description>MILO gold | gold | lode | discovered ? | prod started ? | size: n/a | src: DOGAMI MILO-4 ID_22483</description><styleUrl>#milo_gold</styleUrl><Point><coordinates>-122.680205,43.622885,0</coordinates></Point></Placemark><Placemark><name>prospect</name><description>MILO gold | gold | lode | discovered ? | prod started ? | size: n/a | src: DOGAMI MILO-4 ID_22484</description><styleUrl>#milo_gold</styleUrl><Point><coordinates>-122.676624,43.622960,0</coordinates></Point></Placemark><Placemark><name>prospect</name><description>MILO gold | gold | lode | discovered ? | prod started ? | size: n/a | src: DOGAMI MILO-4 ID_22485</description><styleUrl>#milo_gold</styleUrl><Point><coordinates>-122.679509,43.622475,0</coordinates></Point></Placemark><Placemark><name>prospect</name><description>MILO gold | gold | lode | discovered ? | prod started ? | size: n/a | src: DOGAMI MILO-4 ID_22486</description><styleUrl>#milo_gold</styleUrl><Point><coordinates>-122.679355,43.622125,0</coordinates></Point></Placemark><Placemark><name>prospect</name><description>MILO gold | gold | lode | discovered ? | prod started ? | size: n/a | src: DOGAMI MILO-4 ID_22487</description><styleUrl>#milo_gold</styleUrl><Point><coordinates>-122.668782,43.622959,0</coordinates></Point></Placemark><Placemark><name>Martin Springs prospect</name><description>MILO gold | gold | lode | discovered ? | prod started ? | size: n/a | src: DOGAMI MILO-4 ID_22489</description><styleUrl>#milo_gold</styleUrl><Point><coordinates>-122.696164,43.617217,0</coordinates></Point></Placemark><Placemark><name>prospect</name><description>MILO gold | gold | lode | discovered ? | prod started ? | size: n/a | src: DOGAMI MILO-4 ID_22490</description><styleUrl>#milo_gold</styleUrl><Point><coordinates>-122.694601,43.616940,0</coordinates></Point></Placemark><Placemark><name>prospect</name><description>MILO gold | gold | lode | discovered ? | prod started ? | size: n/a | src: DOGAMI MILO-4 ID_22491</description><styleUrl>#milo_gold</styleUrl><Point><coordinates>-122.643292,43.608634,0</coordinates></Point></Placemark><Placemark><name>prospect</name><description>MILO gold | gold | lode | discovered ? | prod started ? | size: n/a | src: DOGAMI MILO-4 ID_22492</description><styleUrl>#milo_gold</styleUrl><Point><coordinates>-122.639240,43.609414,0</coordinates></Point></Placemark><Placemark><name>prospect</name><description>MILO gold | gold | lode | discovered ? | prod started ? | size: n/a | src: DOGAMI MILO-4 ID_22493</description><styleUrl>#milo_gold</styleUrl><Point><coordinates>-122.639080,43.609347,0</coordinates></Point></Placemark><Placemark><name>prospect</name><description>MILO gold | gold | lode | discovered ? | prod started ? | size: n/a | src: DOGAMI MILO-4 ID_22494</description><styleUrl>#milo_gold</styleUrl><Point><coordinates>-122.646963,43.606834,0</coordinates></Point></Placemark><Placemark><name>prospect</name><description>MILO gold | gold | lode | discovered ? | prod started ? | size: n/a | src: DOGAMI MILO-4 ID_22495</description><styleUrl>#milo_gold</styleUrl><Point><coordinates>-122.639932,43.603311,0</coordinates></Point></Placemark><Placemark><name>prospect</name><description>MILO gold | gold | lode | discovered ? | prod started ? | size: n/a | src: DOGAMI MILO-4 ID_22496</description><styleUrl>#milo_gold</styleUrl><Point><coordinates>-122.639697,43.603345,0</coordinates></Point></Placemark><Placemark><name>prospect</name><description>MILO gold | gold, silver, copper | unknown | discovered ? | prod started ? | size: n/a | src: DOGAMI MILO-4 ID_22497</description><styleUrl>#milo_gold</styleUrl><Point><coordinates>-122.648036,43.596445,0</coordinates></Point></Placemark><Placemark><name>adit or shaft</name><description>MILO gold | gold, lead, zinc, copper | lode | discovered ? | prod started ? | size: n/a | src: DOGAMI MILO-4 ID_22498</description><styleUrl>#milo_gold</styleUrl><Point><coordinates>-122.648677,43.592907,0</coordinates></Point></Placemark><Placemark><name>prospect</name><description>MILO gold | gold | unknown | discovered ? | prod started ? | size: n/a | src: DOGAMI MILO-4 ID_22499</description><styleUrl>#milo_gold</styleUrl><Point><coordinates>-122.606253,43.609241,0</coordinates></Point></Placemark><Placemark><name>prospect</name><description>MILO gold | gold | unknown | discovered ? | prod started ? | size: n/a | src: DOGAMI MILO-4 ID_22500</description><styleUrl>#milo_gold</styleUrl><Point><coordinates>-122.606944,43.608334,0</coordinates></Point></Placemark><Placemark><name>prospect</name><description>MILO gold | gold | unknown | discovered ? | prod started ? | size: n/a | src: DOGAMI MILO-4 ID_22501</description><styleUrl>#milo_gold</styleUrl><Point><coordinates>-122.607347,43.608553,0</coordinates></Point></Placemark><Placemark><name>prospect</name><description>MILO gold | gold | unknown | discovered ? | prod started ? | size: n/a | src: DOGAMI MILO-4 ID_22502</description><styleUrl>#milo_gold</styleUrl><Point><coordinates>-122.607980,43.607523,0</coordinates></Point></Placemark><Placemark><name>prospect</name><description>MILO gold | gold | lode | discovered ? | prod started ? | size: n/a | src: DOGAMI MILO-4 ID_22503</description><styleUrl>#milo_gold</styleUrl><Point><coordinates>-122.606592,43.593649,0</coordinates></Point></Placemark><Placemark><name>prospect</name><description>MILO gold | gold | lode | discovered ? | prod started ? | size: n/a | src: DOGAMI MILO-4 ID_22504</description><styleUrl>#milo_gold</styleUrl><Point><coordinates>-122.605179,43.593596,0</coordinates></Point></Placemark><Placemark><name>prospect</name><description>MILO gold | gold, silver, zinc | lode | discovered ? | prod started ? | size: n/a | src: DOGAMI MILO-4 ID_22505</description><styleUrl>#milo_gold</styleUrl><Point><coordinates>-122.663732,43.606547,0</coordinates></Point></Placemark><Placemark><name>prospect</name><description>MILO gold | gold | unknown | discovered ? | prod started ? | size: n/a | src: DOGAMI MILO-4 ID_22506</description><styleUrl>#milo_gold</styleUrl><Point><coordinates>-122.609450,43.603430,0</coordinates></Point></Placemark><Placemark><name>prospect</name><description>MILO gold | gold | unknown | discovered ? | prod started ? | size: n/a | src: DOGAMI MILO-4 ID_22507</description><styleUrl>#milo_gold</styleUrl><Point><coordinates>-122.612298,43.602237,0</coordinates></Point></Placemark><Placemark><name>prospect</name><description>MILO gold | gold | unknown | discovered ? | prod started ? | size: n/a | src: DOGAMI MILO-4 ID_22508</description><styleUrl>#milo_gold</styleUrl><Point><coordinates>-122.606095,43.611216,0</coordinates></Point></Placemark><Placemark><name>prospect</name><description>MILO gold | gold | unknown | discovered ? | prod started ? | size: n/a | src: DOGAMI MILO-4 ID_22509</description><styleUrl>#milo_gold</styleUrl><Point><coordinates>-122.609820,43.613063,0</coordinates></Point></Placemark><Placemark><name>prospect</name><description>MILO gold | gold | unknown | discovered ? | prod started ? | size: n/a | src: DOGAMI MILO-4 ID_22510</description><styleUrl>#milo_gold</styleUrl><Point><coordinates>-122.611649,43.608294,0</coordinates></Point></Placemark><Placemark><name>shaft</name><description>MILO gold | gold | unknown | discovered ? | prod started ? | size: n/a | src: DOGAMI MILO-4 ID_22511</description><styleUrl>#milo_gold</styleUrl><Point><coordinates>-122.609648,43.609604,0</coordinates></Point></Placemark><Placemark><name>prospect</name><description>MILO gold | gold | unknown | discovered ? | prod started ? | size: n/a | src: DOGAMI MILO-4 ID_22512</description><styleUrl>#milo_gold</styleUrl><Point><coordinates>-122.612046,43.610133,0</coordinates></Point></Placemark><Placemark><name>prospect</name><description>MILO gold | gold | unknown | discovered ? | prod started ? | size: n/a | src: DOGAMI MILO-4 ID_22513</description><styleUrl>#milo_gold</styleUrl><Point><coordinates>-122.607997,43.610248,0</coordinates></Point></Placemark><Placemark><name>prospect</name><description>MILO gold | gold | unknown | discovered ? | prod started ? | size: n/a | src: DOGAMI MILO-4 ID_22514</description><styleUrl>#milo_gold</styleUrl><Point><coordinates>-122.608367,43.611015,0</coordinates></Point></Placemark><Placemark><name>prospect</name><description>MILO gold | gold | lode | discovered ? | prod started ? | size: n/a | src: DOGAMI MILO-4 ID_22515</description><styleUrl>#milo_gold</styleUrl><Point><coordinates>-122.611204,43.617259,0</coordinates></Point></Placemark><Placemark><name>prospect</name><description>MILO gold | gold | lode | discovered ? | prod started ? | size: n/a | src: DOGAMI MILO-4 ID_22516</description><styleUrl>#milo_gold</styleUrl><Point><coordinates>-122.610621,43.616320,0</coordinates></Point></Placemark><Placemark><name>prospect</name><description>MILO gold | gold | unknown | discovered ? | prod started ? | size: n/a | src: DOGAMI MILO-4 ID_22517</description><styleUrl>#milo_gold</styleUrl><Point><coordinates>-122.607425,43.614081,0</coordinates></Point></Placemark><Placemark><name>prospect</name><description>MILO gold | gold | unknown | discovered ? | prod started ? | size: n/a | src: DOGAMI MILO-4 ID_22519</description><styleUrl>#milo_gold</styleUrl><Point><coordinates>-122.603088,43.619955,0</coordinates></Point></Placemark><Placemark><name>prospect</name><description>MILO gold | gold | unknown | discovered ? | prod started ? | size: n/a | src: DOGAMI MILO-4 ID_22520</description><styleUrl>#milo_gold</styleUrl><Point><coordinates>-122.602852,43.619964,0</coordinates></Point></Placemark><Placemark><name>gold prospect</name><description>MILO gold | gold, barium | lode | discovered ? | prod started ? | size: n/a | src: DOGAMI MILO-4 ID_22521</description><styleUrl>#milo_gold</styleUrl><Point><coordinates>-122.623083,43.630459,0</coordinates></Point></Placemark><Placemark><name>gold prospect</name><description>MILO gold | gold, barium | lode | discovered ? | prod started ? | size: n/a | src: DOGAMI MILO-4 ID_22522</description><styleUrl>#milo_gold</styleUrl><Point><coordinates>-122.622833,43.630646,0</coordinates></Point></Placemark><Placemark><name>gold prospect</name><description>MILO gold | gold | lode | discovered ? | prod started ? | size: n/a | src: DOGAMI MILO-4 ID_22523</description><styleUrl>#milo_gold</styleUrl><Point><coordinates>-122.613681,43.631035,0</coordinates></Point></Placemark><Placemark><name>gold prospect</name><description>MILO gold | gold | lode | discovered ? | prod started ? | size: n/a | src: DOGAMI MILO-4 ID_22524</description><styleUrl>#milo_gold</styleUrl><Point><coordinates>-122.614928,43.629419,0</coordinates></Point></Placemark><Placemark><name>prospect</name><description>MILO gold | gold, silver, copper, lead, zinc | lode | discovered ? | prod started ? | size: small | src: DOGAMI MILO-4 ID_22525</description><styleUrl>#milo_gold</styleUrl><Point><coordinates>-122.641368,43.628237,0</coordinates></Point></Placemark><Placemark><name>prospect</name><description>MILO gold | gold, silver, copper, lead, zinc | lode | discovered ? | prod started ? | size: small | src: DOGAMI MILO-4 ID_22526</description><styleUrl>#milo_gold</styleUrl><Point><coordinates>-122.640120,43.630828,0</coordinates></Point></Placemark><Placemark><name>prospect</name><description>MILO gold | gold, silver, copper, lead, zinc | lode | discovered ? | prod started ? | size: small | src: DOGAMI MILO-4 ID_22527</description><styleUrl>#milo_gold</styleUrl><Point><coordinates>-122.640482,43.631002,0</coordinates></Point></Placemark><Placemark><name>prospect</name><description>MILO gold | gold, silver, copper, lead, zinc | lode | discovered ? | prod started ? | size: small | src: DOGAMI MILO-4 ID_22528</description><styleUrl>#milo_gold</styleUrl><Point><coordinates>-122.640040,43.630916,0</coordinates></Point></Placemark><Placemark><name>Huckleberry Prospect</name><description>MILO gold | gold | placer (heuristic: surface workings) | discovered ? | prod started ? | size: No | src: DOGAMI MILO-4 ID_22530</description><styleUrl>#milo_gold</styleUrl><Point><coordinates>-122.839649,43.505473,0</coordinates></Point></Placemark><Placemark><name>adit</name><description>MILO gold | gold, silver | unknown | discovered ? | prod started ? | size: n/a | src: DOGAMI MILO-4 ID_22533</description><styleUrl>#milo_gold</styleUrl><Point><coordinates>-122.743520,43.562713,0</coordinates></Point></Placemark><Placemark><name>adit</name><description>MILO gold | gold, silver | unknown | discovered ? | prod started ? | size: n/a | src: DOGAMI MILO-4 ID_22534</description><styleUrl>#milo_gold</styleUrl><Point><coordinates>-122.743708,43.562406,0</coordinates></Point></Placemark><Placemark><name>prospect</name><description>MILO gold | gold | unknown | discovered ? | prod started ? | size: n/a | src: DOGAMI MILO-4 ID_22535</description><styleUrl>#milo_gold</styleUrl><Point><coordinates>-122.698658,43.584647,0</coordinates></Point></Placemark><Placemark><name>prospect</name><description>MILO gold | gold | unknown | discovered ? | prod started ? | size: n/a | src: DOGAMI MILO-4 ID_22536</description><styleUrl>#milo_gold</styleUrl><Point><coordinates>-122.733634,43.583351,0</coordinates></Point></Placemark><Placemark><name>prospect</name><description>MILO gold | gold | unknown | discovered ? | prod started ? | size: n/a | src: DOGAMI MILO-4 ID_22537</description><styleUrl>#milo_gold</styleUrl><Point><coordinates>-122.729285,43.578433,0</coordinates></Point></Placemark><Placemark><name>prospect</name><description>MILO gold | gold | unknown | discovered ? | prod started ? | size: n/a | src: DOGAMI MILO-4 ID_22538</description><styleUrl>#milo_gold</styleUrl><Point><coordinates>-122.734954,43.575701,0</coordinates></Point></Placemark><Placemark><name>prospect</name><description>MILO gold | gold | unknown | discovered ? | prod started ? | size: n/a | src: DOGAMI MILO-4 ID_22539</description><styleUrl>#milo_gold</styleUrl><Point><coordinates>-122.739021,43.578516,0</coordinates></Point></Placemark><Placemark><name>prospect</name><description>MILO gold | gold | unknown | discovered ? | prod started ? | size: n/a | src: DOGAMI MILO-4 ID_22540</description><styleUrl>#milo_gold</styleUrl><Point><coordinates>-122.740620,43.578496,0</coordinates></Point></Placemark><Placemark><name>prospect</name><description>MILO gold | gold | unknown | discovered ? | prod started ? | size: n/a | src: DOGAMI MILO-4 ID_22541</description><styleUrl>#milo_gold</styleUrl><Point><coordinates>-122.728414,43.582813,0</coordinates></Point></Placemark><Placemark><name>El Capitan (lower adit)</name><description>MILO gold | gold, silver, antimony, copper, lead | lode | discovered 1898 | prod started ? | size: small | src: DOGAMI MILO-4 ID_22545</description><styleUrl>#milo_gold</styleUrl><Point><coordinates>-122.648627,43.560053,0</coordinates></Point></Placemark><Placemark><name>prospect</name><description>MILO gold | gold, silver, copper, lead, zinc | lode | discovered ? | prod started ? | size: n/a | src: DOGAMI MILO-4 ID_22546</description><styleUrl>#milo_gold</styleUrl><Point><coordinates>-122.657331,43.578287,0</coordinates></Point></Placemark><Placemark><name>prospect</name><description>MILO gold | gold, silver, copper, lead, zinc | lode | discovered ? | prod started ? | size: n/a | src: DOGAMI MILO-4 ID_22547</description><styleUrl>#milo_gold</styleUrl><Point><coordinates>-122.658067,43.578295,0</coordinates></Point></Placemark><Placemark><name>prospect</name><description>MILO gold | gold, silver, copper, lead, zinc | unknown | discovered ? | prod started ? | size: n/a | src: DOGAMI MILO-4 ID_22548</description><styleUrl>#milo_gold</styleUrl><Point><coordinates>-122.652732,43.576969,0</coordinates></Point></Placemark><Placemark><name>prospect</name><description>MILO gold | gold, silver, copper, lead, zinc | unknown | discovered ? | prod started ? | size: n/a | src: DOGAMI MILO-4 ID_22549</description><styleUrl>#milo_gold</styleUrl><Point><coordinates>-122.652345,43.576729,0</coordinates></Point></Placemark><Placemark><name>prospect</name><description>MILO gold | gold, lead, zinc, copper | unknown | discovered ? | prod started ? | size: n/a | src: DOGAMI MILO-4 ID_22550</description><styleUrl>#milo_gold</styleUrl><Point><coordinates>-122.640874,43.579253,0</coordinates></Point></Placemark><Placemark><name>prospect</name><description>MILO gold | gold, lead, zinc, copper | unknown | discovered ? | prod started ? | size: n/a | src: DOGAMI MILO-4 ID_22551</description><styleUrl>#milo_gold</styleUrl><Point><coordinates>-122.641474,43.579142,0</coordinates></Point></Placemark><Placemark><name>prospect</name><description>MILO gold | gold | placer (heuristic: surface workings) | discovered ? | prod started ? | size: n/a | src: DOGAMI MILO-4 ID_22572</description><styleUrl>#milo_gold</styleUrl><Point><coordinates>-122.752318,43.597448,0</coordinates></Point></Placemark><Placemark><name>prospect</name><description>MILO gold | gold | placer (heuristic: surface workings) | discovered ? | prod started ? | size: n/a | src: DOGAMI MILO-4 ID_22573</description><styleUrl>#milo_gold</styleUrl><Point><coordinates>-122.752322,43.597364,0</coordinates></Point></Placemark><Placemark><name>prospect</name><description>MILO gold | gold | placer (heuristic: surface workings) | discovered ? | prod started ? | size: n/a | src: DOGAMI MILO-4 ID_22574</description><styleUrl>#milo_gold</styleUrl><Point><coordinates>-122.752271,43.597842,0</coordinates></Point></Placemark><Placemark><name>prospect</name><description>MILO gold | gold | lode | discovered ? | prod started ? | size: n/a | src: DOGAMI MILO-4 ID_22576</description><styleUrl>#milo_gold</styleUrl><Point><coordinates>-122.524426,43.536074,0</coordinates></Point></Placemark><Placemark><name>prospect</name><description>MILO gold | gold | lode | discovered ? | prod started ? | size: n/a | src: DOGAMI MILO-4 ID_22577</description><styleUrl>#milo_gold</styleUrl><Point><coordinates>-122.525631,43.535719,0</coordinates></Point></Placemark><Placemark><name>prospect</name><description>MILO gold | gold | lode | discovered ? | prod started ? | size: n/a | src: DOGAMI MILO-4 ID_22578</description><styleUrl>#milo_gold</styleUrl><Point><coordinates>-122.524978,43.535666,0</coordinates></Point></Placemark><Placemark><name>prospect</name><description>MILO gold | gold | lode | discovered ? | prod started ? | size: n/a | src: DOGAMI MILO-4 ID_22579</description><styleUrl>#milo_gold</styleUrl><Point><coordinates>-122.525134,43.535594,0</coordinates></Point></Placemark><Placemark><name>prospect</name><description>MILO gold | gold | lode | discovered ? | prod started ? | size: n/a | src: DOGAMI MILO-4 ID_22580</description><styleUrl>#milo_gold</styleUrl><Point><coordinates>-122.523409,43.535862,0</coordinates></Point></Placemark><Placemark><name>prospect</name><description>MILO gold | gold | lode | discovered ? | prod started ? | size: n/a | src: DOGAMI MILO-4 ID_22581</description><styleUrl>#milo_gold</styleUrl><Point><coordinates>-122.521528,43.537287,0</coordinates></Point></Placemark><Placemark><name>prospect</name><description>MILO gold | gold | lode | discovered ? | prod started ? | size: n/a | src: DOGAMI MILO-4 ID_22582</description><styleUrl>#milo_gold</styleUrl><Point><coordinates>-122.521461,43.537408,0</coordinates></Point></Placemark><Placemark><name>prospect</name><description>MILO gold | gold | lode | discovered ? | prod started ? | size: n/a | src: DOGAMI MILO-4 ID_22583</description><styleUrl>#milo_gold</styleUrl><Point><coordinates>-122.521279,43.537741,0</coordinates></Point></Placemark><Placemark><name>prospect</name><description>MILO gold | gold | lode | discovered ? | prod started ? | size: n/a | src: DOGAMI MILO-4 ID_22584</description><styleUrl>#milo_gold</styleUrl><Point><coordinates>-122.520290,43.538506,0</coordinates></Point></Placemark><Placemark><name>prospect</name><description>MILO gold | gold | lode | discovered ? | prod started ? | size: n/a | src: DOGAMI MILO-4 ID_22585</description><styleUrl>#milo_gold</styleUrl><Point><coordinates>-122.520110,43.538430,0</coordinates></Point></Placemark><Placemark><name>prospect</name><description>MILO gold | gold | lode | discovered ? | prod started ? | size: n/a | src: DOGAMI MILO-4 ID_22586</description><styleUrl>#milo_gold</styleUrl><Point><coordinates>-122.521081,43.537090,0</coordinates></Point></Placemark><Placemark><name>prospect</name><description>MILO gold | gold | lode | discovered ? | prod started ? | size: n/a | src: DOGAMI MILO-4 ID_22587</description><styleUrl>#milo_gold</styleUrl><Point><coordinates>-122.522211,43.536495,0</coordinates></Point></Placemark><Placemark><name>prospect</name><description>MILO gold | gold | lode | discovered ? | prod started ? | size: n/a | src: DOGAMI MILO-4 ID_22588</description><styleUrl>#milo_gold</styleUrl><Point><coordinates>-122.520746,43.536919,0</coordinates></Point></Placemark><Placemark><name>prospect</name><description>MILO gold | gold, silver, copper, lead | unknown | discovered ? | prod started ? | size: n/a | src: DOGAMI MILO-4 ID_22591</description><styleUrl>#milo_gold</styleUrl><Point><coordinates>-122.616303,43.577168,0</coordinates></Point></Placemark><Placemark><name>prospect</name><description>MILO gold | gold, silver, copper, lead | unknown | discovered ? | prod started ? | size: n/a | src: DOGAMI MILO-4 ID_22592</description><styleUrl>#milo_gold</styleUrl><Point><coordinates>-122.616249,43.577055,0</coordinates></Point></Placemark><Placemark><name>adit</name><description>MILO gold | gold | unknown | discovered ? | prod started ? | size: n/a | src: DOGAMI MILO-4 ID_23107</description><styleUrl>#milo_gold</styleUrl><Point><coordinates>-122.707148,43.579459,0</coordinates></Point></Placemark><Placemark><name>adit</name><description>MILO gold | gold | lode | discovered ? | prod started ? | size: n/a | src: DOGAMI MILO-4 ID_23134</description><styleUrl>#milo_gold</styleUrl><Point><coordinates>-122.675356,43.604764,0</coordinates></Point></Placemark><Placemark><name>Vesuvius Mine</name><description>MILO gold | gold, silver | unknown | discovered ? | prod started ? | size: n/a | src: DOGAMI MILO-4 ID_23135</description><styleUrl>#milo_gold</styleUrl><Point><coordinates>-122.664871,43.580923,0</coordinates></Point></Placemark><Placemark><name>prospect</name><description>MILO gold | gold, silver, copper | lode | discovered ? | prod started ? | size: n/a | src: DOGAMI MILO-4 ID_23136</description><styleUrl>#milo_gold</styleUrl><Point><coordinates>-122.651276,43.575673,0</coordinates></Point></Placemark><Placemark><name>prospect</name><description>MILO gold | gold, silver, copper | unknown | discovered ? | prod started ? | size: n/a | src: DOGAMI MILO-4 ID_23137</description><styleUrl>#milo_gold</styleUrl><Point><coordinates>-122.652745,43.579160,0</coordinates></Point></Placemark><Placemark><name>prospect</name><description>MILO gold | gold, silver | lode | discovered ? | prod started ? | size: n/a | src: DOGAMI MILO-4 ID_23139</description><styleUrl>#milo_gold</styleUrl><Point><coordinates>-122.593056,43.567920,0</coordinates></Point></Placemark><Placemark><name>adit</name><description>MILO gold | gold | lode | discovered ? | prod started ? | size: n/a | src: DOGAMI MILO-4 ID_23140</description><styleUrl>#milo_gold</styleUrl><Point><coordinates>-122.633518,43.580755,0</coordinates></Point></Placemark><Placemark><name>prospect</name><description>MILO gold | gold | unknown | discovered ? | prod started ? | size: n/a | src: DOGAMI MILO-4 ID_23141</description><styleUrl>#milo_gold</styleUrl><Point><coordinates>-122.679731,43.584415,0</coordinates></Point></Placemark><Placemark><name>prospect</name><description>MILO gold | gold | unknown | discovered ? | prod started ? | size: n/a | src: DOGAMI MILO-4 ID_23142</description><styleUrl>#milo_gold</styleUrl><Point><coordinates>-122.722041,43.581119,0</coordinates></Point></Placemark><Placemark><name>prospect (adit)</name><description>MILO gold | gold | lode | discovered ? | prod started ? | size: n/a | src: DOGAMI MILO-4 ID_23143</description><styleUrl>#milo_gold</styleUrl><Point><coordinates>-122.698193,43.580254,0</coordinates></Point></Placemark><Placemark><name>prospect (adit)</name><description>MILO gold | gold | lode | discovered ? | prod started ? | size: n/a | src: DOGAMI MILO-4 ID_23144</description><styleUrl>#milo_gold</styleUrl><Point><coordinates>-122.698667,43.581170,0</coordinates></Point></Placemark><Placemark><name>mine</name><description>MILO gold | gold, silver | lode | discovered ? | prod started ? | size: n/a | src: DOGAMI MILO-4 ID_23145</description><styleUrl>#milo_gold</styleUrl><Point><coordinates>-122.658430,43.590420,0</coordinates></Point></Placemark><Placemark><name>Star Mine</name><description>MILO gold | gold | lode | discovered ? | prod started ? | size: small | src: DOGAMI MILO-4 ID_23146</description><styleUrl>#milo_gold</styleUrl><Point><coordinates>-122.704287,43.559501,0</coordinates></Point></Placemark><Placemark><name>Goldenstar Mine</name><description>MILO gold | gold | lode | discovered ? | prod started ? | size: small | src: DOGAMI MILO-4 ID_23147</description><styleUrl>#milo_gold</styleUrl><Point><coordinates>-122.703811,43.560919,0</coordinates></Point></Placemark><Placemark><name>prospect</name><description>MILO gold | gold | unknown | discovered ? | prod started ? | size: n/a | src: DOGAMI MILO-4 ID_23156</description><styleUrl>#milo_gold</styleUrl><Point><coordinates>-122.731314,43.582699,0</coordinates></Point></Placemark><Placemark><name>prospect</name><description>MILO gold | gold | lode | discovered ? | prod started ? | size: n/a | src: DOGAMI MILO-4 ID_23157</description><styleUrl>#milo_gold</styleUrl><Point><coordinates>-122.636315,43.597373,0</coordinates></Point></Placemark><Placemark><name>Lost Mine Claim</name><description>MILO gold | gold | unknown | discovered ? | prod started ? | size: n/a | src: DOGAMI MILO-4 ID_23168</description><styleUrl>#milo_gold</styleUrl><Point><coordinates>-122.675090,43.583376,0</coordinates></Point></Placemark><Placemark><name>Hindoo Claim</name><description>MILO gold | gold | unknown | discovered ? | prod started ? | size: n/a | src: DOGAMI MILO-4 ID_23169</description><styleUrl>#milo_gold</styleUrl><Point><coordinates>-122.674649,43.582620,0</coordinates></Point></Placemark><Placemark><name>Emil Claim</name><description>MILO gold | gold | unknown | discovered ? | prod started ? | size: n/a | src: DOGAMI MILO-4 ID_23170</description><styleUrl>#milo_gold</styleUrl><Point><coordinates>-122.676504,43.580354,0</coordinates></Point></Placemark><Placemark><name>Omega Claim</name><description>MILO gold | gold | unknown | discovered ? | prod started ? | size: n/a | src: DOGAMI MILO-4 ID_23171</description><styleUrl>#milo_gold</styleUrl><Point><coordinates>-122.675689,43.583226,0</coordinates></Point></Placemark><Placemark><name>Big 4 claim</name><description>MILO gold | gold | lode | discovered ? | prod started ? | size: n/a | src: DOGAMI MILO-4 ID_23172</description><styleUrl>#milo_gold</styleUrl><Point><coordinates>-122.707673,43.591803,0</coordinates></Point></Placemark><Placemark><name>Big 4 claim</name><description>MILO gold | gold | lode | discovered ? | prod started ? | size: n/a | src: DOGAMI MILO-4 ID_23173</description><styleUrl>#milo_gold</styleUrl><Point><coordinates>-122.709076,43.590824,0</coordinates></Point></Placemark><Placemark><name>prospect</name><description>MILO gold | gold | lode | discovered ? | prod started ? | size: n/a | src: DOGAMI MILO-4 ID_23174</description><styleUrl>#milo_gold</styleUrl><Point><coordinates>-122.721315,43.596464,0</coordinates></Point></Placemark><Placemark><name>prospect</name><description>MILO gold | gold | lode | discovered ? | prod started ? | size: n/a | src: DOGAMI MILO-4 ID_23175</description><styleUrl>#milo_gold</styleUrl><Point><coordinates>-122.721429,43.596504,0</coordinates></Point></Placemark><Placemark><name>prospect</name><description>MILO gold | gold | unknown | discovered ? | prod started ? | size: n/a | src: DOGAMI MILO-4 ID_23176</description><styleUrl>#milo_gold</styleUrl><Point><coordinates>-122.711917,43.591217,0</coordinates></Point></Placemark><Placemark><name>Walton Creek prospect</name><description>MILO gold | gold, manganese | lode | discovered ? | prod started ? | size: n/a | src: DOGAMI MILO-4 ID_23177</description><styleUrl>#milo_gold</styleUrl><Point><coordinates>-122.716401,43.595582,0</coordinates></Point></Placemark><Placemark><name>prospect</name><description>MILO gold | gold | unknown | discovered ? | prod started ? | size: n/a | src: DOGAMI MILO-4 ID_23178</description><styleUrl>#milo_gold</styleUrl><Point><coordinates>-122.712219,43.591638,0</coordinates></Point></Placemark><Placemark><name>prospect</name><description>MILO gold | gold | unknown | discovered ? | prod started ? | size: n/a | src: DOGAMI MILO-4 ID_23179</description><styleUrl>#milo_gold</styleUrl><Point><coordinates>-122.712574,43.591801,0</coordinates></Point></Placemark><Placemark><name>prospect</name><description>MILO gold | gold | unknown | discovered ? | prod started ? | size: n/a | src: DOGAMI MILO-4 ID_23180</description><styleUrl>#milo_gold</styleUrl><Point><coordinates>-122.712707,43.591974,0</coordinates></Point></Placemark><Placemark><name>prospect</name><description>MILO gold | gold | unknown | discovered ? | prod started ? | size: n/a | src: DOGAMI MILO-4 ID_23181</description><styleUrl>#milo_gold</styleUrl><Point><coordinates>-122.729266,43.583236,0</coordinates></Point></Placemark><Placemark><name>prospect</name><description>MILO gold | gold | unknown | discovered ? | prod started ? | size: n/a | src: DOGAMI MILO-4 ID_23182</description><styleUrl>#milo_gold</styleUrl><Point><coordinates>-122.735448,43.584569,0</coordinates></Point></Placemark><Placemark><name>prospect</name><description>MILO gold | gold | unknown | discovered ? | prod started ? | size: n/a | src: DOGAMI MILO-4 ID_23183</description><styleUrl>#milo_gold</styleUrl><Point><coordinates>-122.735397,43.584865,0</coordinates></Point></Placemark><Placemark><name>prospect</name><description>MILO gold | gold | unknown | discovered ? | prod started ? | size: n/a | src: DOGAMI MILO-4 ID_23184</description><styleUrl>#milo_gold</styleUrl><Point><coordinates>-122.734138,43.583615,0</coordinates></Point></Placemark><Placemark><name>prospect</name><description>MILO gold | gold | unknown | discovered ? | prod started ? | size: n/a | src: DOGAMI MILO-4 ID_23185</description><styleUrl>#milo_gold</styleUrl><Point><coordinates>-122.709115,43.579816,0</coordinates></Point></Placemark><Placemark><name>shaft</name><description>MILO gold | gold | lode | discovered ? | prod started ? | size: n/a | src: DOGAMI MILO-4 ID_23187</description><styleUrl>#milo_gold</styleUrl><Point><coordinates>-122.604376,43.570330,0</coordinates></Point></Placemark><Placemark><name>prospect</name><description>MILO gold | gold | unknown | discovered ? | prod started ? | size: n/a | src: DOGAMI MILO-4 ID_23188</description><styleUrl>#milo_gold</styleUrl><Point><coordinates>-122.607120,43.569682,0</coordinates></Point></Placemark><Placemark><name>prospect</name><description>MILO gold | lead, zinc, copper, gold, silver | lode | discovered ? | prod started ? | size: n/a | src: DOGAMI MILO-4 ID_23189</description><styleUrl>#milo_gold</styleUrl><Point><coordinates>-122.593248,43.570032,0</coordinates></Point></Placemark><Placemark><name>Helena Mine (800 level)</name><description>MILO gold | gold | lode | discovered ? | prod started ? | size: n/a | src: DOGAMI MILO-4 ID_23190</description><styleUrl>#milo_gold</styleUrl><Point><coordinates>-122.612938,43.584013,0</coordinates></Point></Placemark><Placemark><name>Helena Mine (600 level)</name><description>MILO gold | gold | lode | discovered ? | prod started ? | size: n/a | src: DOGAMI MILO-4 ID_23191</description><styleUrl>#milo_gold</styleUrl><Point><coordinates>-122.614235,43.584380,0</coordinates></Point></Placemark><Placemark><name>Helena Mine (300 level)</name><description>MILO gold | gold | lode | discovered ? | prod started ? | size: n/a | src: DOGAMI MILO-4 ID_23192</description><styleUrl>#milo_gold</styleUrl><Point><coordinates>-122.616080,43.584947,0</coordinates></Point></Placemark><Placemark><name>prospect</name><description>MILO gold | gold | lode | discovered ? | prod started ? | size: n/a | src: DOGAMI MILO-4 ID_23193</description><styleUrl>#milo_gold</styleUrl><Point><coordinates>-122.612246,43.584901,0</coordinates></Point></Placemark><Placemark><name>prospect</name><description>MILO gold | gold | lode | discovered ? | prod started ? | size: n/a | src: DOGAMI MILO-4 ID_23194</description><styleUrl>#milo_gold</styleUrl><Point><coordinates>-122.612384,43.584907,0</coordinates></Point></Placemark><Placemark><name>prospect</name><description>MILO gold | gold | lode | discovered ? | prod started ? | size: n/a | src: DOGAMI MILO-4 ID_23195</description><styleUrl>#milo_gold</styleUrl><Point><coordinates>-122.613314,43.585033,0</coordinates></Point></Placemark><Placemark><name>prospect</name><description>MILO gold | gold | lode | discovered ? | prod started ? | size: n/a | src: DOGAMI MILO-4 ID_23196</description><styleUrl>#milo_gold</styleUrl><Point><coordinates>-122.601640,43.581674,0</coordinates></Point></Placemark><Placemark><name>prospect</name><description>MILO gold | gold | lode | discovered ? | prod started ? | size: n/a | src: DOGAMI MILO-4 ID_23197</description><styleUrl>#milo_gold</styleUrl><Point><coordinates>-122.601524,43.581635,0</coordinates></Point></Placemark><Placemark><name>prospect</name><description>MILO gold | gold | lode | discovered ? | prod started ? | size: n/a | src: DOGAMI MILO-4 ID_23198</description><styleUrl>#milo_gold</styleUrl><Point><coordinates>-122.602217,43.581833,0</coordinates></Point></Placemark><Placemark><name>Stone Easel Claim (adit)</name><description>MILO gold | gold | lode | discovered ? | prod started ? | size: n/a | src: DOGAMI MILO-4 ID_23231</description><styleUrl>#milo_gold</styleUrl><Point><coordinates>-122.659539,43.593955,0</coordinates></Point></Placemark><Placemark><name>prospect</name><description>MILO gold | gold, silver | lode | discovered ? | prod started ? | size: n/a | src: DOGAMI MILO-4 ID_23232</description><styleUrl>#milo_gold</styleUrl><Point><coordinates>-122.649921,43.592587,0</coordinates></Point></Placemark><Placemark><name>Knickerbocker Claim</name><description>MILO gold | gold, silver, copper | placer (heuristic: surface workings) | discovered ? | prod started ? | size: n/a | src: DOGAMI MILO-4 ID_23233</description><styleUrl>#milo_gold</styleUrl><Point><coordinates>-122.646819,43.594170,0</coordinates></Point></Placemark><Placemark><name>prospect</name><description>MILO gold | gold, lead, zinc, copper | unknown | discovered ? | prod started ? | size: n/a | src: DOGAMI MILO-4 ID_23234</description><styleUrl>#milo_gold</styleUrl><Point><coordinates>-122.656969,43.596799,0</coordinates></Point></Placemark><Placemark><name>Grubstake Claim adit</name><description>MILO gold | gold, lead, zinc, copper | lode | discovered ? | prod started ? | size: n/a | src: DOGAMI MILO-4 ID_23235</description><styleUrl>#milo_gold</styleUrl><Point><coordinates>-122.652146,43.596984,0</coordinates></Point></Placemark><Placemark><name>No.5 Claim</name><description>MILO gold | gold, silver, copper | placer (heuristic: surface workings) | discovered ? | prod started ? | size: n/a | src: DOGAMI MILO-4 ID_23236</description><styleUrl>#milo_gold</styleUrl><Point><coordinates>-122.661079,43.600975,0</coordinates></Point></Placemark><Placemark><name>No.1 Claim</name><description>MILO gold | gold, silver, copper | placer (heuristic: surface workings) | discovered ? | prod started ? | size: n/a | src: DOGAMI MILO-4 ID_23237</description><styleUrl>#milo_gold</styleUrl><Point><coordinates>-122.659508,43.598219,0</coordinates></Point></Placemark><Placemark><name>No.2 Claim</name><description>MILO gold | gold, silver, copper | unknown | discovered ? | prod started ? | size: n/a | src: DOGAMI MILO-4 ID_23238</description><styleUrl>#milo_gold</styleUrl><Point><coordinates>-122.660605,43.599443,0</coordinates></Point></Placemark><Placemark><name>No.2 Claim middle adit</name><description>MILO gold | gold, silver, copper | lode | discovered ? | prod started ? | size: n/a | src: DOGAMI MILO-4 ID_23239</description><styleUrl>#milo_gold</styleUrl><Point><coordinates>-122.660324,43.599414,0</coordinates></Point></Placemark><Placemark><name>No.4 Claim</name><description>MILO gold | gold, silver, copper | unknown | discovered ? | prod started ? | size: n/a | src: DOGAMI MILO-4 ID_23240</description><styleUrl>#milo_gold</styleUrl><Point><coordinates>-122.658358,43.599720,0</coordinates></Point></Placemark><Placemark><name>No.4 Claim</name><description>MILO gold | gold, silver, copper | unknown | discovered ? | prod started ? | size: n/a | src: DOGAMI MILO-4 ID_23241</description><styleUrl>#milo_gold</styleUrl><Point><coordinates>-122.658351,43.599194,0</coordinates></Point></Placemark><Placemark><name>No.4 Claim</name><description>MILO gold | gold, silver, copper | unknown | discovered ? | prod started ? | size: n/a | src: DOGAMI MILO-4 ID_23242</description><styleUrl>#milo_gold</styleUrl><Point><coordinates>-122.658174,43.599177,0</coordinates></Point></Placemark><Placemark><name>No.4 Claim</name><description>MILO gold | gold, silver, copper | unknown | discovered ? | prod started ? | size: n/a | src: DOGAMI MILO-4 ID_23243</description><styleUrl>#milo_gold</styleUrl><Point><coordinates>-122.657589,43.599391,0</coordinates></Point></Placemark><Placemark><name>War Eagle</name><description>MILO gold | gold, silver, copper | placer (heuristic: surface workings) | discovered ? | prod started ? | size: n/a | src: DOGAMI MILO-4 ID_23244</description><styleUrl>#milo_gold</styleUrl><Point><coordinates>-122.643726,43.594234,0</coordinates></Point></Placemark><Placemark><name>Laura Claim</name><description>MILO gold | gold | lode | discovered ? | prod started ? | size: n/a | src: DOGAMI MILO-4 ID_23245</description><styleUrl>#milo_gold</styleUrl><Point><coordinates>-122.638360,43.590876,0</coordinates></Point></Placemark><Placemark><name>Laura Claim</name><description>MILO gold | gold | lode | discovered ? | prod started ? | size: n/a | src: DOGAMI MILO-4 ID_23246</description><styleUrl>#milo_gold</styleUrl><Point><coordinates>-122.638510,43.590804,0</coordinates></Point></Placemark><Placemark><name>Laura Claim</name><description>MILO gold | gold | lode | discovered ? | prod started ? | size: n/a | src: DOGAMI MILO-4 ID_23247</description><styleUrl>#milo_gold</styleUrl><Point><coordinates>-122.638332,43.590974,0</coordinates></Point></Placemark><Placemark><name>Doddlebug Claims 1-3</name><description>MRDS gold occurrence | status: Occurrence | commodities: AU | src: https://mrdata.usgs.gov/mrds/show-mrds.php?dep_id=10053741</description><styleUrl>#site_other</styleUrl><Point><coordinates>-122.600040,43.504260,0</coordinates></Point></Placemark><Placemark><name>City Creek Placers</name><description>MRDS gold occurrence | status: Past Producer | commodities: AU | src: https://mrdata.usgs.gov/mrds/show-mrds.php?dep_id=10225499</description><styleUrl>#site_other</styleUrl><Point><coordinates>-122.601450,43.480920,0</coordinates></Point></Placemark><Placemark><name>Doodlebug Claims 1-3</name><description>MRDS gold occurrence | status: Prospect | commodities: AU | src: https://mrdata.usgs.gov/mrds/show-mrds.php?dep_id=10128652</description><styleUrl>#site_other</styleUrl><Point><coordinates>-122.600050,43.504220,0</coordinates></Point></Placemark><Placemark><name>Dean Cabin Claim</name><description>MRDS gold occurrence | status: Unknown | commodities: AU | src: https://mrdata.usgs.gov/mrds/show-mrds.php?dep_id=10128735</description><styleUrl>#site_other</styleUrl><Point><coordinates>-122.745050,43.582320,0</coordinates></Point></Placemark><Placemark><name>Sehrs Property</name><description>MRDS gold occurrence | status: Prospect | commodities: AU | src: https://mrdata.usgs.gov/mrds/show-mrds.php?dep_id=10225662</description><styleUrl>#site_other</styleUrl><Point><coordinates>-122.631750,43.575920,0</coordinates></Point></Placemark><Placemark><name>Annie Trail Prospect No. 4</name><description>MRDS gold occurrence | status: Prospect | commodities: AU | src: https://mrdata.usgs.gov/mrds/show-mrds.php?dep_id=10257028</description><styleUrl>#site_other</styleUrl><Point><coordinates>-122.618950,43.608420,0</coordinates></Point></Placemark><Placemark><name>Annie Trail #5</name><description>MRDS gold occurrence | status: Occurrence | commodities: AU | src: https://mrdata.usgs.gov/mrds/show-mrds.php?dep_id=10053707</description><styleUrl>#site_other</styleUrl><Point><coordinates>-122.610870,43.612880,0</coordinates></Point></Placemark><Placemark><name>Grouse Mountain Proj/Birdie Vein</name><description>MRDS gold occurrence | status: Occurrence | commodities: AU | src: https://mrdata.usgs.gov/mrds/show-mrds.php?dep_id=10053716</description><styleUrl>#site_other</styleUrl><Point><coordinates>-122.624210,43.574820,0</coordinates></Point></Placemark><Placemark><name>Yucon Vein</name><description>MRDS gold occurrence | status: Occurrence | commodities: AU | src: https://mrdata.usgs.gov/mrds/show-mrds.php?dep_id=10053719</description><styleUrl>#site_other</styleUrl><Point><coordinates>-122.658370,43.580100,0</coordinates></Point></Placemark><Placemark><name>Elkhorn</name><description>MRDS gold occurrence | status: Past Producer | commodities: AU | src: https://mrdata.usgs.gov/mrds/show-mrds.php?dep_id=10053723</description><styleUrl>#site_other</styleUrl><Point><coordinates>-122.678650,43.563990,0</coordinates></Point></Placemark><Placemark><name>Dean Cabin</name><description>MRDS gold occurrence | status: Occurrence | commodities: AU | src: https://mrdata.usgs.gov/mrds/show-mrds.php?dep_id=10053726</description><styleUrl>#site_other</styleUrl><Point><coordinates>-122.745040,43.582320,0</coordinates></Point></Placemark><Placemark><name>Gold Prospect</name><description>MRDS gold occurrence | status: Occurrence | commodities: AU | src: https://mrdata.usgs.gov/mrds/show-mrds.php?dep_id=10053727</description><styleUrl>#site_other</styleUrl><Point><coordinates>-122.806720,43.567320,0</coordinates></Point></Placemark><Placemark><name>Annie Trail #1</name><description>MRDS gold occurrence | status: Occurrence | commodities: AU | src: https://mrdata.usgs.gov/mrds/show-mrds.php?dep_id=10053730</description><styleUrl>#site_other</styleUrl><Point><coordinates>-122.597540,43.591760,0</coordinates></Point></Placemark><Placemark><name>Lower Musick</name><description>MRDS gold occurrence | status: Past Producer | commodities: AU | src: https://mrdata.usgs.gov/mrds/show-mrds.php?dep_id=10099168</description><styleUrl>#site_other</styleUrl><Point><coordinates>-122.667260,43.582040,0</coordinates></Point></Placemark><Placemark><name>Scorpion Prospect</name><description>MRDS gold occurrence | status: Prospect | commodities: AU | src: https://mrdata.usgs.gov/mrds/show-mrds.php?dep_id=10250400</description><styleUrl>#site_other</styleUrl><Point><coordinates>-122.647850,43.548420,0</coordinates></Point></Placemark><Placemark><name>Unnamed Prospect</name><description>MRDS gold occurrence | status: Prospect | commodities: AU | src: https://mrdata.usgs.gov/mrds/show-mrds.php?dep_id=10274138</description><styleUrl>#site_other</styleUrl><Point><coordinates>-122.601750,43.480120,0</coordinates></Point></Placemark><Placemark><name>Annie Trail Prospect No. 3</name><description>MRDS gold occurrence | status: Prospect | commodities: AU | src: https://mrdata.usgs.gov/mrds/show-mrds.php?dep_id=10274436</description><styleUrl>#site_other</styleUrl><Point><coordinates>-122.614250,43.606520,0</coordinates></Point></Placemark><Placemark><name>Storey Vein</name><description>MRDS gold occurrence | status: Past Producer | commodities: AU | src: https://mrdata.usgs.gov/mrds/show-mrds.php?dep_id=10250281</description><styleUrl>#site_other</styleUrl><Point><coordinates>-122.649450,43.584020,0</coordinates></Point></Placemark><Placemark><name>Golden Rule Group</name><description>MRDS gold occurrence | status: Prospect | commodities: AU | src: https://mrdata.usgs.gov/mrds/show-mrds.php?dep_id=10250930</description><styleUrl>#site_other</styleUrl><Point><coordinates>-122.657550,43.594820,0</coordinates></Point></Placemark><Placemark><name>Mineral King Prospect</name><description>MRDS gold occurrence | status: Prospect | commodities: AU | src: https://mrdata.usgs.gov/mrds/show-mrds.php?dep_id=10298744</description><styleUrl>#site_other</styleUrl><Point><coordinates>-122.591450,43.557320,0</coordinates></Point></Placemark><Placemark><name>Annie Trail Prospect No. 2</name><description>MRDS gold occurrence | status: Prospect | commodities: AU | src: https://mrdata.usgs.gov/mrds/show-mrds.php?dep_id=10298907</description><styleUrl>#site_other</styleUrl><Point><coordinates>-122.607550,43.599220,0</coordinates></Point></Placemark><Placemark><name>Gold Prospect</name><description>MRDS gold occurrence | status: Occurrence | commodities: AU | src: https://mrdata.usgs.gov/mrds/show-mrds.php?dep_id=10095327</description><styleUrl>#site_other</styleUrl><Point><coordinates>-122.697820,43.582880,0</coordinates></Point></Placemark><Placemark><name>Annie Trail Prospect No. 5</name><description>MRDS gold occurrence | status: Occurrence | commodities: AU | src: https://mrdata.usgs.gov/mrds/show-mrds.php?dep_id=10250471</description><styleUrl>#site_other</styleUrl><Point><coordinates>-122.610850,43.612920,0</coordinates></Point></Placemark><Placemark><name>Arrastramine</name><description>MRDS gold occurrence | status: Past Producer | commodities: AU | src: https://mrdata.usgs.gov/mrds/show-mrds.php?dep_id=10274394</description><styleUrl>#site_other</styleUrl><Point><coordinates>-122.765860,43.595620,0</coordinates></Point></Placemark><Placemark><name>Golden Curry</name><description>MRDS gold occurrence | status: Occurrence | commodities: AU | src: https://mrdata.usgs.gov/mrds/show-mrds.php?dep_id=10036509</description><styleUrl>#site_other</styleUrl><Point><coordinates>-122.638650,43.603150,0</coordinates></Point></Placemark><Placemark><name>Arrastra Mine</name><description>MRDS gold occurrence | status: Producer | commodities: AU | src: https://mrdata.usgs.gov/mrds/show-mrds.php?dep_id=10036513</description><styleUrl>#site_other</styleUrl><Point><coordinates>-122.765880,43.595650,0</coordinates></Point></Placemark><Placemark><name>Gold Prospect</name><description>MRDS gold occurrence | status: Prospect | commodities: AU | src: https://mrdata.usgs.gov/mrds/show-mrds.php?dep_id=10048668</description><styleUrl>#site_other</styleUrl><Point><coordinates>-122.795600,43.564260,0</coordinates></Point></Placemark><Placemark><name>Golden Rule Group</name><description>MRDS gold occurrence | status: Past Producer | commodities: AU | src: https://mrdata.usgs.gov/mrds/show-mrds.php?dep_id=10053711</description><styleUrl>#site_other</styleUrl><Point><coordinates>-122.657540,43.594820,0</coordinates></Point></Placemark><Placemark><name>Burkhart</name><description>MRDS gold occurrence | status: Past Producer | commodities: AU | src: https://mrdata.usgs.gov/mrds/show-mrds.php?dep_id=10053725</description><styleUrl>#site_other</styleUrl><Point><coordinates>-122.726150,43.550380,0</coordinates></Point></Placemark><Placemark><name>Annie Trail #3</name><description>MRDS gold occurrence | status: Occurrence | commodities: AU | src: https://mrdata.usgs.gov/mrds/show-mrds.php?dep_id=10053728</description><styleUrl>#site_other</styleUrl><Point><coordinates>-122.614210,43.606490,0</coordinates></Point></Placemark><Placemark><name>Annie Trail #4</name><description>MRDS gold occurrence | status: Occurrence | commodities: AU | src: https://mrdata.usgs.gov/mrds/show-mrds.php?dep_id=10053729</description><styleUrl>#site_other</styleUrl><Point><coordinates>-122.618930,43.608430,0</coordinates></Point></Placemark><Placemark><name>Annie Trail #2</name><description>MRDS gold occurrence | status: Occurrence | commodities: AU | src: https://mrdata.usgs.gov/mrds/show-mrds.php?dep_id=10053731</description><styleUrl>#site_other</styleUrl><Point><coordinates>-122.607540,43.599260,0</coordinates></Point></Placemark><Placemark><name>Mineral King</name><description>MRDS gold occurrence | status: Occurrence | commodities: AU | src: https://mrdata.usgs.gov/mrds/show-mrds.php?dep_id=10053737</description><styleUrl>#site_other</styleUrl><Point><coordinates>-122.591430,43.557320,0</coordinates></Point></Placemark><Placemark><name>Hiawatha</name><description>MRDS gold occurrence | status: Past Producer | commodities: AU | src: https://mrdata.usgs.gov/mrds/show-mrds.php?dep_id=10099165</description><styleUrl>#site_other</styleUrl><Point><coordinates>-122.666980,43.586490,0</coordinates></Point></Placemark><Placemark><name>Annie Trail Prospect No. 1</name><description>MRDS gold occurrence | status: Prospect | commodities: AU | src: https://mrdata.usgs.gov/mrds/show-mrds.php?dep_id=10128185</description><styleUrl>#site_other</styleUrl><Point><coordinates>-122.597550,43.591720,0</coordinates></Point></Placemark><Placemark><name>Hiawatha Claim</name><description>MRDS gold occurrence | status: Prospect | commodities: AU | src: https://mrdata.usgs.gov/mrds/show-mrds.php?dep_id=10128352</description><styleUrl>#site_other</styleUrl><Point><coordinates>-122.666950,43.586520,0</coordinates></Point></Placemark><Placemark><name>Gold King Prospect</name><description>MRDS gold occurrence | status: Prospect | commodities: AU | src: https://mrdata.usgs.gov/mrds/show-mrds.php?dep_id=10153281</description><styleUrl>#site_other</styleUrl><Point><coordinates>-122.600850,43.549220,0</coordinates></Point></Placemark><Placemark><name>Elkhorn Prospect</name><description>MRDS gold occurrence | status: Prospect | commodities: AU | src: https://mrdata.usgs.gov/mrds/show-mrds.php?dep_id=10153424</description><styleUrl>#site_other</styleUrl><Point><coordinates>-122.678650,43.564020,0</coordinates></Point></Placemark><Placemark><name>Yucon Vein</name><description>MRDS gold occurrence | status: Prospect | commodities: AU | src: https://mrdata.usgs.gov/mrds/show-mrds.php?dep_id=10153442</description><styleUrl>#site_other</styleUrl><Point><coordinates>-122.658350,43.580120,0</coordinates></Point></Placemark><Placemark><name>Birdie Vein</name><description>MRDS gold occurrence | status: Prospect | commodities: AU | src: https://mrdata.usgs.gov/mrds/show-mrds.php?dep_id=10177406</description><styleUrl>#site_other</styleUrl><Point><coordinates>-122.624250,43.574820,0</coordinates></Point></Placemark><Placemark><name>Jasper Vein</name><description>MRDS gold occurrence | status: Past Producer | commodities: AU | src: https://mrdata.usgs.gov/mrds/show-mrds.php?dep_id=10177563</description><styleUrl>#site_other</styleUrl><Point><coordinates>-122.659450,43.585420,0</coordinates></Point></Placemark><Placemark><name>Sailor Gulch Placer</name><description>MRDS gold occurrence | status: Prospect | commodities: AU | src: https://mrdata.usgs.gov/mrds/show-mrds.php?dep_id=10201196</description><styleUrl>#site_other</styleUrl><Point><coordinates>-122.727850,43.581520,0</coordinates></Point></Placemark><Placemark><name>Henry Clay Prospect</name><description>MRDS gold occurrence | status: Prospect | commodities: AU | src: https://mrdata.usgs.gov/mrds/show-mrds.php?dep_id=10201455</description><styleUrl>#site_other</styleUrl><Point><coordinates>-122.646450,43.554820,0</coordinates></Point></Placemark><Placemark><name>Sunrise Group</name><description>MRDS gold occurrence | status: Prospect | commodities: AU | src: https://mrdata.usgs.gov/mrds/show-mrds.php?dep_id=10201645</description><styleUrl>#site_other</styleUrl><Point><coordinates>-122.685850,43.621720,0</coordinates></Point></Placemark><Placemark><name>Good Friday Group</name><description>MRDS gold occurrence | status: Prospect | commodities: AU | src: https://mrdata.usgs.gov/mrds/show-mrds.php?dep_id=10250216</description><styleUrl>#site_other</styleUrl><Point><coordinates>-122.688350,43.585620,0</coordinates></Point></Placemark><Placemark><name>Unnamed Site</name><description>MRDS gold occurrence | status: Prospect | commodities: AU | src: https://mrdata.usgs.gov/mrds/show-mrds.php?dep_id=10250342</description><styleUrl>#site_other</styleUrl><Point><coordinates>-122.806760,43.567320,0</coordinates></Point></Placemark><Placemark><name>Burkhart Property</name><description>MRDS gold occurrence | status: Occurrence | commodities: AU | src: https://mrdata.usgs.gov/mrds/show-mrds.php?dep_id=10250450</description><styleUrl>#site_other</styleUrl><Point><coordinates>-122.726150,43.550420,0</coordinates></Point></Placemark><Placemark><name>Stocks-Harlow Vein</name><description>MRDS gold occurrence | status: Past Producer | commodities: AU | src: https://mrdata.usgs.gov/mrds/show-mrds.php?dep_id=10250686</description><styleUrl>#site_other</styleUrl><Point><coordinates>-122.659250,43.585120,0</coordinates></Point></Placemark><Placemark><name>Warrener Vein</name><description>MRDS gold occurrence | status: Prospect | commodities: AU | src: https://mrdata.usgs.gov/mrds/show-mrds.php?dep_id=10274410</description><styleUrl>#site_other</styleUrl><Point><coordinates>-122.627550,43.598420,0</coordinates></Point></Placemark><Placemark><name>Golden Curry</name><description>MRDS gold occurrence | status: Prospect | commodities: AU | src: https://mrdata.usgs.gov/mrds/show-mrds.php?dep_id=10281377</description><styleUrl>#site_other</styleUrl><Point><coordinates>-122.638650,43.603120,0</coordinates></Point></Placemark><Placemark><name>Lower Music</name><description>MRDS gold occurrence | status: Prospect | commodities: AU | src: https://mrdata.usgs.gov/mrds/show-mrds.php?dep_id=10298923</description><styleUrl>#site_other</styleUrl><Point><coordinates>-122.667250,43.582020,0</coordinates></Point></Placemark></Folder><Folder><name>Active mining claims (BLM MLRS)</name><Placemark><name>Rattlesnake 2 [APPROX quarter-section]</name><description>lode | serial OR105269485 | 0.0 ac | Active | qtr-sec OR 33 0230S 0010E 022 NE | recorded~2021 (DB date, not legal located date) | src: BLM MLRS Not Closed | APPROX (BLM quarter-section)</description><styleUrl>#active_claim</styleUrl><Polygon><outerBoundaryIs><LinearRing><coordinates>-122.672564,43.561255,0 -122.672561,43.568505,0 -122.662635,43.568497,0 -122.662650,43.561266,0 -122.672564,43.561255,0</coordinates></LinearRing></outerBoundaryIs></Polygon></Placemark><Placemark><name>Rattlesnake 3 [APPROX quarter-section]</name><description>lode | serial OR105269484 | 0.0 ac | Active | qtr-sec OR 33 0230S 0010E 022 NE | recorded~2021 (DB date, not legal located date) | src: BLM MLRS Not Closed | APPROX (BLM quarter-section)</description><styleUrl>#active_claim</styleUrl><Polygon><outerBoundaryIs><LinearRing><coordinates>-122.672564,43.561255,0 -122.672561,43.568505,0 -122.662635,43.568497,0 -122.662650,43.561266,0 -122.672564,43.561255,0</coordinates></LinearRing></outerBoundaryIs></Polygon></Placemark><Placemark><name>Admiral Nelson [APPROX quarter-section]</name><description>lode | serial OR105795369 | 20.66 ac | Active | qtr-sec OR 33 0230S 0010E 024 A ALL|OR 33 0230S 0010E 024 A ALL|OR 33 0230S 0010E 024 A NW | recorded~2022 (DB date, not legal located date) | src: BLM MLRS Not Closed | APPROX (BLM quarter-section)</description><styleUrl>#active_claim</styleUrl><Polygon><outerBoundaryIs><LinearRing><coordinates>-122.622983,43.554208,0 -122.626178,43.554185,0 -122.642805,43.554063,0 -122.642800,43.557685,0 -122.642797,43.559262,0 -122.642796,43.559256,0 -122.642792,43.561309,0 -122.642794,43.561309,0 -122.642788,43.565140,0 -122.642788,43.565140,0 -122.642783,43.568555,0 -122.637821,43.568579,0 -122.627892,43.568625,0 -122.626179,43.568633,0 -122.622928,43.568648,0 -122.622933,43.567433,0 -122.622946,43.563818,0 -122.622959,43.560260,0 -122.622972,43.556684,0 -122.622983,43.554208,0</coordinates></LinearRing></outerBoundaryIs></Polygon></Placemark><Placemark><name>Cripple Creek [APPROX quarter-section]</name><description>lode | serial OR105795370 | 20.66 ac | Active | qtr-sec OR 33 0230S 0010E 024 A NW|OR 33 0230S 0010E 024 A ALL|OR 33 0230S 0010E 024 A ALL | recorded~2022 (DB date, not legal located date) | src: BLM MLRS Not Closed | APPROX (BLM quarter-section)</description><styleUrl>#active_claim</styleUrl><Polygon><outerBoundaryIs><LinearRing><coordinates>-122.622983,43.554208,0 -122.626178,43.554185,0 -122.642805,43.554063,0 -122.642800,43.557685,0 -122.642797,43.559262,0 -122.642796,43.559256,0 -122.642792,43.561309,0 -122.642794,43.561309,0 -122.642788,43.565140,0 -122.642788,43.565140,0 -122.642783,43.568555,0 -122.637821,43.568579,0 -122.627892,43.568625,0 -122.626179,43.568633,0 -122.622928,43.568648,0 -122.622933,43.567433,0 -122.622946,43.563818,0 -122.622959,43.560260,0 -122.622972,43.556684,0 -122.622983,43.554208,0</coordinates></LinearRing></outerBoundaryIs></Polygon></Placemark><Placemark><name>Kruse [APPROX quarter-section]</name><description>lode | serial OR105795371 | 20.66 ac | Active | qtr-sec OR 33 0230S 0010E 013 A SW|OR 33 0230S 0010E 024 A ALL|OR 33 0230S 0010E 024 A ALL | recorded~2022 (DB date, not legal located date) | src: BLM MLRS Not Closed | APPROX (BLM quarter-section)</description><styleUrl>#active_claim</styleUrl><Polygon><outerBoundaryIs><LinearRing><coordinates>-122.622983,43.554208,0 -122.626178,43.554185,0 -122.642805,43.554063,0 -122.642800,43.557685,0 -122.642797,43.559262,0 -122.642796,43.559256,0 -122.642785,43.565136,0 -122.642788,43.565140,0 -122.642783,43.568555,0 -122.642779,43.575789,0 -122.632862,43.575840,0 -122.632856,43.568602,0 -122.627892,43.568625,0 -122.626179,43.568633,0 -122.622928,43.568648,0 -122.622933,43.567433,0 -122.622946,43.563818,0 -122.622959,43.560260,0 -122.622972,43.556684,0 -122.622983,43.554208,0</coordinates></LinearRing></outerBoundaryIs></Polygon></Placemark><Placemark><name>La Fiesta [APPROX quarter-section]</name><description>lode | serial OR105795372 | 20.66 ac | Active | qtr-sec OR 33 0230S 0010E 014 A SE|OR 33 0230S 0010E 024 A ALL|OR 33 0230S 0010E 024 A ALL | recorded~2022 (DB date, not legal located date) | src: BLM MLRS Not Closed | APPROX (BLM quarter-section)</description><styleUrl>#active_claim</styleUrl><Polygon><outerBoundaryIs><LinearRing><coordinates>-122.637821,43.568579,0 -122.627892,43.568625,0 -122.626179,43.568633,0 -122.622928,43.568648,0 -122.622933,43.567433,0 -122.622946,43.563818,0 -122.622959,43.560260,0 -122.622972,43.556684,0 -122.622983,43.554208,0 -122.626178,43.554185,0 -122.642805,43.554063,0 -122.642800,43.557685,0 -122.642797,43.559262,0 -122.642796,43.559256,0 -122.642785,43.565136,0 -122.642788,43.565140,0 -122.642783,43.568555,0 -122.637821,43.568579,0</coordinates></LinearRing></outerBoundaryIs></Polygon></Placemark><Placemark><name>Nola G. [APPROX quarter-section]</name><description>lode | serial OR105795373 | 20.66 ac | Active | qtr-sec OR 33 0230S 0010E 024 A NW|OR 33 0230S 0010E 024 A ALL|OR 33 0230S 0010E 024 A ALL | recorded~2022 (DB date, not legal located date) | src: BLM MLRS Not Closed | APPROX (BLM quarter-section)</description><styleUrl>#active_claim</styleUrl><Polygon><outerBoundaryIs><LinearRing><coordinates>-122.622983,43.554208,0 -122.626178,43.554185,0 -122.642805,43.554063,0 -122.642800,43.557685,0 -122.642797,43.559262,0 -122.642796,43.559256,0 -122.642792,43.561309,0 -122.642794,43.561309,0 -122.642788,43.565140,0 -122.642788,43.565140,0 -122.642783,43.568555,0 -122.637821,43.568579,0 -122.627892,43.568625,0 -122.626179,43.568633,0 -122.622928,43.568648,0 -122.622933,43.567433,0 -122.622946,43.563818,0 -122.622959,43.560260,0 -122.622972,43.556684,0 -122.622983,43.554208,0</coordinates></LinearRing></outerBoundaryIs></Polygon></Placemark><Placemark><name>Peekaboo [APPROX quarter-section]</name><description>lode | serial OR105795374 | 20.66 ac | Active | qtr-sec OR 33 0230S 0010E 014 A SE|OR 33 0230S 0010E 024 A ALL|OR 33 0230S 0010E 024 A ALL | recorded~2022 (DB date, not legal located date) | src: BLM MLRS Not Closed | APPROX (BLM quarter-section)</description><styleUrl>#active_claim</styleUrl><Polygon><outerBoundaryIs><LinearRing><coordinates>-122.637821,43.568579,0 -122.627892,43.568625,0 -122.626179,43.568633,0 -122.622928,43.568648,0 -122.622933,43.567433,0 -122.622946,43.563818,0 -122.622959,43.560260,0 -122.622972,43.556684,0 -122.622983,43.554208,0 -122.626178,43.554185,0 -122.642805,43.554063,0 -122.642800,43.557685,0 -122.642797,43.559262,0 -122.642796,43.559256,0 -122.642785,43.565136,0 -122.642788,43.565140,0 -122.642783,43.568555,0 -122.637821,43.568579,0</coordinates></LinearRing></outerBoundaryIs></Polygon></Placemark><Placemark><name>PAYDIRT DISCOVERY [APPROX quarter-section]</name><description>lode | serial ORMC101588 | 17.0 ac | Active | qtr-sec OR 33 0230S 0010E 012 A NE | recorded~2021 (DB date, not legal located date) | src: BLM MLRS Not Closed | APPROX (BLM quarter-section)</description><styleUrl>#active_claim</styleUrl><Polygon><outerBoundaryIs><LinearRing><coordinates>-122.632874,43.590321,0 -122.632880,43.597563,0 -122.623032,43.597610,0 -122.623008,43.590372,0 -122.632874,43.590321,0</coordinates></LinearRing></outerBoundaryIs></Polygon></Placemark><Placemark><name>SILVER ROCK [APPROX quarter-section]</name><description>lode | serial ORMC101589 | 20.66 ac | Active | qtr-sec OR 33 0230S 0010E 012 A SE|OR 33 0230S 0020E 002 A SW | recorded~2021 (DB date, not legal located date) | src: BLM MLRS Not Closed | APPROX (BLM quarter-section)</description><styleUrl>#active_claim</styleUrl><Polygon><outerBoundaryIs><LinearRing><coordinates>-122.623008,43.590372,0 -122.622958,43.583136,0 -122.632868,43.583079,0 -122.632874,43.590321,0 -122.623008,43.590372,0</coordinates></LinearRing></outerBoundaryIs></Polygon></Placemark><Placemark><name>RETIREMENT PLAN TOO [APPROX quarter-section]</name><description>lode | serial ORMC102703 | 18.65 ac | Active | qtr-sec OR 33 0230S 0010E 017 A NW | recorded~2021 (DB date, not legal located date) | src: BLM MLRS Not Closed | APPROX (BLM quarter-section)</description><styleUrl>#active_claim</styleUrl><Polygon><outerBoundaryIs><LinearRing><coordinates>-122.722340,43.575831,0 -122.722361,43.583084,0 -122.712444,43.583061,0 -122.712416,43.575807,0 -122.722340,43.575831,0</coordinates></LinearRing></outerBoundaryIs></Polygon></Placemark><Placemark><name>EVENING STAR [APPROX quarter-section]</name><description>lode | serial ORMC149529 | 20.66 ac | Active | qtr-sec OR 33 0230S 0010E 013 A NE | recorded~2021 (DB date, not legal located date) | src: BLM MLRS Not Closed | APPROX (BLM quarter-section)</description><styleUrl>#active_claim</styleUrl><Polygon><outerBoundaryIs><LinearRing><coordinates>-122.632862,43.575840,0 -122.632868,43.583079,0 -122.622958,43.583136,0 -122.622943,43.575892,0 -122.632862,43.575840,0</coordinates></LinearRing></outerBoundaryIs></Polygon></Placemark><Placemark><name>EVENING STAR ANNEX [APPROX quarter-section]</name><description>lode | serial ORMC149530 | 20.66 ac | Active | qtr-sec OR 33 0230S 0010E 013 A NE|OR 33 0230S 0010E 013 A SE | recorded~2021 (DB date, not legal located date) | src: BLM MLRS Not Closed | APPROX (BLM quarter-section)</description><styleUrl>#active_claim</styleUrl><Polygon><outerBoundaryIs><LinearRing><coordinates>-122.632856,43.568602,0 -122.632862,43.575840,0 -122.632868,43.583079,0 -122.622958,43.583136,0 -122.622943,43.575892,0 -122.622928,43.568648,0 -122.632856,43.568602,0</coordinates></LinearRing></outerBoundaryIs></Polygon></Placemark><Placemark><name>ARGENTITE [APPROX quarter-section]</name><description>lode | serial ORMC159677 | 20.66 ac | Active | qtr-sec OR 33 0230S 0010W 024 A NE|OR 33 0230S 0010W 024 A SE|OR 33 0230S 0010E 019 A SW | recorded~2021 (DB date, not legal located date) | src: BLM MLRS Not Closed | APPROX (BLM quarter-section)</description><styleUrl>#active_claim</styleUrl><Polygon><outerBoundaryIs><LinearRing><coordinates>-122.741565,43.551572,0 -122.746585,43.551482,0 -122.751605,43.551393,0 -122.751507,43.554886,0 -122.751417,43.558387,0 -122.751325,43.561747,0 -122.751233,43.565108,0 -122.746286,43.565452,0 -122.741350,43.565806,0 -122.741363,43.565033,0 -122.741403,43.562391,0 -122.741413,43.561712,0 -122.731898,43.561530,0 -122.731941,43.554136,0 -122.741540,43.554154,0 -122.741565,43.551572,0</coordinates></LinearRing></outerBoundaryIs></Polygon></Placemark><Placemark><name>GOLDEN STAR [APPROX quarter-section]</name><description>lode | serial ORMC163920 | 15.11 ac | Active | qtr-sec OR 33 0230S 0010E 020 A SE|OR 33 0230S 0010E 021 A SW | recorded~2021 (DB date, not legal located date) | src: BLM MLRS Not Closed | APPROX (BLM quarter-section)</description><styleUrl>#active_claim</styleUrl><Polygon><outerBoundaryIs><LinearRing><coordinates>-122.702428,43.554009,0 -122.712385,43.554063,0 -122.712387,43.561308,0 -122.702443,43.561268,0 -122.692460,43.561256,0 -122.692447,43.553992,0 -122.702428,43.554009,0</coordinates></LinearRing></outerBoundaryIs></Polygon></Placemark><Placemark><name>STAR EXTENSION [APPROX quarter-section]</name><description>lode | serial ORMC163921 | 20.1 ac | Active | qtr-sec OR 33 0230S 0010E 020 A SE | recorded~2021 (DB date, not legal located date) | src: BLM MLRS Not Closed | APPROX (BLM quarter-section)</description><styleUrl>#active_claim</styleUrl><Polygon><outerBoundaryIs><LinearRing><coordinates>-122.712385,43.554063,0 -122.712387,43.561308,0 -122.702443,43.561268,0 -122.702428,43.554009,0 -122.712385,43.554063,0</coordinates></LinearRing></outerBoundaryIs></Polygon></Placemark><Placemark><name>NICHODEMUS [APPROX quarter-section]</name><description>lode | serial ORMC163922 | 19.8 ac | Active | qtr-sec OR 33 0230S 0010E 020 A NW|OR 33 0230S 0010E 020 A NE | recorded~2021 (DB date, not legal located date) | src: BLM MLRS Not Closed | APPROX (BLM quarter-section)</description><styleUrl>#active_claim</styleUrl><Polygon><outerBoundaryIs><LinearRing><coordinates>-122.712387,43.561308,0 -122.722330,43.561347,0 -122.722319,43.568577,0 -122.712389,43.568552,0 -122.702459,43.568528,0 -122.702443,43.561268,0 -122.712387,43.561308,0</coordinates></LinearRing></outerBoundaryIs></Polygon></Placemark><Placemark><name>THREE BROTHERS MINE [APPROX quarter-section]</name><description>lode | serial ORMC172956 | 20.66 ac | Active | qtr-sec OR 33 0230S 0010E 010 A SW | recorded~2021 (DB date, not legal located date) | src: BLM MLRS Not Closed | APPROX (BLM quarter-section)</description><styleUrl>#active_claim</styleUrl><Polygon><outerBoundaryIs><LinearRing><coordinates>-122.682534,43.583003,0 -122.682557,43.590228,0 -122.672561,43.590223,0 -122.672565,43.582982,0 -122.682534,43.583003,0</coordinates></LinearRing></outerBoundaryIs></Polygon></Placemark><Placemark><name>SUNSET MINE [APPROX quarter-section]</name><description>lode | serial ORMC174221 | 20.66 ac | Active | qtr-sec OR 33 0220S 0010E 025 A SW|OR 33 0220S 0010E 036 A NW | recorded~2021 (DB date, not legal located date) | src: BLM MLRS Not Closed | APPROX (BLM quarter-section)</description><styleUrl>#active_claim</styleUrl><Polygon><outerBoundaryIs><LinearRing><coordinates>-122.637215,43.622929,0 -122.637214,43.622665,0 -122.637210,43.621279,0 -122.637206,43.620101,0 -122.637195,43.616498,0 -122.642151,43.616502,0 -122.647108,43.616507,0 -122.647108,43.620116,0 -122.647108,43.622188,0 -122.647108,43.623724,0 -122.647107,43.623865,0 -122.647104,43.623865,0 -122.647101,43.623864,0 -122.647040,43.624592,0 -122.647106,43.624602,0 -122.647103,43.626285,0 -122.647101,43.627325,0 -122.647095,43.630926,0 -122.642148,43.630931,0 -122.637202,43.630937,0 -122.637210,43.627321,0 -122.637212,43.625972,0 -122.637216,43.624322,0 -122.637217,43.623704,0 -122.637215,43.622929,0</coordinates></LinearRing></outerBoundaryIs></Polygon></Placemark><Placemark><name>BUCKET [APPROX quarter-section]</name><description>lode | serial ORMC176067 | 20.66 ac | Active | qtr-sec OR 33 0230S 0010E 020 A NW|OR 33 0230S 0010E 020 A SW | recorded~2021 (DB date, not legal located date) | src: BLM MLRS Not Closed | APPROX (BLM quarter-section)</description><styleUrl>#active_claim</styleUrl><Polygon><outerBoundaryIs><LinearRing><coordinates>-122.722342,43.554118,0 -122.722330,43.561347,0 -122.722319,43.568577,0 -122.712389,43.568552,0 -122.712387,43.561308,0 -122.712385,43.554063,0 -122.722342,43.554118,0</coordinates></LinearRing></outerBoundaryIs></Polygon></Placemark><Placemark><name>MISTY MOUNTAIN 1 [APPROX quarter-section]</name><description>lode | serial ORMC177113 | 20.66 ac | Active | qtr-sec OR 33 0230S 0010E 012 A SW | recorded~2021 (DB date, not legal located date) | src: BLM MLRS Not Closed | APPROX (BLM quarter-section)</description><styleUrl>#active_claim</styleUrl><Polygon><outerBoundaryIs><LinearRing><coordinates>-122.642775,43.583022,0 -122.642758,43.590270,0 -122.632874,43.590321,0 -122.632868,43.583079,0 -122.642775,43.583022,0</coordinates></LinearRing></outerBoundaryIs></Polygon></Placemark><Placemark><name>MISTY MOUNTAIN 2 [APPROX quarter-section]</name><description>lode | serial ORMC177114 | 20.66 ac | Active | qtr-sec OR 33 0230S 0010E 012 A SW | recorded~2021 (DB date, not legal located date) | src: BLM MLRS Not Closed | APPROX (BLM quarter-section)</description><styleUrl>#active_claim</styleUrl><Polygon><outerBoundaryIs><LinearRing><coordinates>-122.642775,43.583022,0 -122.642758,43.590270,0 -122.632874,43.590321,0 -122.632868,43.583079,0 -122.642775,43.583022,0</coordinates></LinearRing></outerBoundaryIs></Polygon></Placemark><Placemark><name>MISTY MOUNTAIN 3 [APPROX quarter-section]</name><description>lode | serial ORMC177115 | 20.66 ac | Active | qtr-sec OR 33 0230S 0010E 012 A SW | recorded~2021 (DB date, not legal located date) | src: BLM MLRS Not Closed | APPROX (BLM quarter-section)</description><styleUrl>#active_claim</styleUrl><Polygon><outerBoundaryIs><LinearRing><coordinates>-122.642775,43.583022,0 -122.642758,43.590270,0 -122.632874,43.590321,0 -122.632868,43.583079,0 -122.642775,43.583022,0</coordinates></LinearRing></outerBoundaryIs></Polygon></Placemark><Placemark><name>LUCKY MAUD [APPROX quarter-section]</name><description>lode | serial ORMC18168 | 20.66 ac | Active | qtr-sec OR 33 0230S 0010E 012 A NW|OR 33 0230S 0010E 012 A NE | recorded~2021 (DB date, not legal located date) | src: BLM MLRS Not Closed | APPROX (BLM quarter-section)</description><styleUrl>#active_claim</styleUrl><Polygon><outerBoundaryIs><LinearRing><coordinates>-122.642758,43.590270,0 -122.642727,43.597517,0 -122.632880,43.597563,0 -122.623032,43.597610,0 -122.623008,43.590372,0 -122.632874,43.590321,0 -122.642758,43.590270,0</coordinates></LinearRing></outerBoundaryIs></Polygon></Placemark><Placemark><name>RAINBOW ELSIE [APPROX quarter-section]</name><description>lode | serial ORMC18169 | 20.66 ac | Active | qtr-sec OR 33 0230S 0010E 012 A NE|OR 33 0230S 0010E 012 A SE | recorded~2021 (DB date, not legal located date) | src: BLM MLRS Not Closed | APPROX (BLM quarter-section)</description><styleUrl>#active_claim</styleUrl><Polygon><outerBoundaryIs><LinearRing><coordinates>-122.632868,43.583079,0 -122.632874,43.590321,0 -122.632880,43.597563,0 -122.623032,43.597610,0 -122.623008,43.590372,0 -122.622958,43.583136,0 -122.632868,43.583079,0</coordinates></LinearRing></outerBoundaryIs></Polygon></Placemark><Placemark><name>IRISH LUCK #1 [APPROX quarter-section]</name><description>lode | serial ORMC34974 | 20.66 ac | Active | qtr-sec OR 33 0230S 0010W 013 A NE | recorded~2021 (DB date, not legal located date) | src: BLM MLRS Not Closed | APPROX (BLM quarter-section)</description><styleUrl>#active_claim</styleUrl><Polygon><outerBoundaryIs><LinearRing><coordinates>-122.746308,43.579621,0 -122.741368,43.579649,0 -122.741367,43.579552,0 -122.741308,43.576193,0 -122.741304,43.575953,0 -122.741360,43.572738,0 -122.746297,43.572296,0 -122.751234,43.571854,0 -122.751241,43.575724,0 -122.751249,43.579593,0 -122.746308,43.579621,0</coordinates></LinearRing></outerBoundaryIs></Polygon></Placemark><Placemark><name>GOLD ROCK [APPROX quarter-section]</name><description>lode | serial ORMC39692 | 20.66 ac | Active | qtr-sec OR 33 0230S 0010E 012 A SE|OR 33 0230S 0020E 007 A SW | recorded~2021 (DB date, not legal located date) | src: BLM MLRS Not Closed | APPROX (BLM quarter-section)</description><styleUrl>#active_claim</styleUrl><Polygon><outerBoundaryIs><LinearRing><coordinates>-122.632868,43.583079,0 -122.632874,43.590321,0 -122.623008,43.590372,0 -122.623003,43.589647,0 -122.623014,43.592831,0 -122.615623,43.592635,0 -122.615595,43.585179,0 -122.622975,43.585572,0 -122.622958,43.583136,0 -122.632868,43.583079,0</coordinates></LinearRing></outerBoundaryIs></Polygon></Placemark><Placemark><name>WHITE CRYSTAL [APPROX quarter-section]</name><description>lode | serial ORMC39834 | 17.21 ac | Active | qtr-sec OR 33 0230S 0020E 007 A SW | recorded~2021 (DB date, not legal located date) | src: BLM MLRS Not Closed | APPROX (BLM quarter-section)</description><styleUrl>#active_claim</styleUrl><Polygon><outerBoundaryIs><LinearRing><coordinates>-122.615595,43.585179,0 -122.622989,43.585572,0 -122.623014,43.592831,0 -122.615623,43.592635,0 -122.615595,43.585179,0</coordinates></LinearRing></outerBoundaryIs></Polygon></Placemark><Placemark><name>HIGH VALUE [APPROX quarter-section]</name><description>lode | serial ORMC53731 | 20.66 ac | Active | qtr-sec OR 33 0230S 0010E 012 A SE|OR 33 0230S 0020E 007 A SW | recorded~2021 (DB date, not legal located date) | src: BLM MLRS Not Closed | APPROX (BLM quarter-section)</description><styleUrl>#active_claim</styleUrl><Polygon><outerBoundaryIs><LinearRing><coordinates>-122.632868,43.583079,0 -122.632874,43.590321,0 -122.623008,43.590372,0 -122.623003,43.589647,0 -122.623014,43.592831,0 -122.615623,43.592635,0 -122.615595,43.585179,0 -122.622975,43.585572,0 -122.622958,43.583136,0 -122.632868,43.583079,0</coordinates></LinearRing></outerBoundaryIs></Polygon></Placemark><Placemark><name>Troll Hole [APPROX quarter-section]</name><description>lode | serial OR106301132 | 9.9862259 ac | Active | qtr-sec OR 33 0230S 0010E 010 A SE|OR 33 0230S 0010E 010 A ALL|OR 33 0230S 0010E 015 A ALL|OR 33 0230S 0010E 015 A ALL|OR 33 0230S 0010E 015 A ALL|OR 33 0230S 0010E 010 A ALL|OR 33 0230S 0010E 010 A ALL|OR 33 0230S 0010E 014 A ALL|OR 33 0230S 0010…</description><styleUrl>#active_claim</styleUrl><Polygon><outerBoundaryIs><LinearRing><coordinates>-122.673060,43.568488,0 -122.682486,43.568512,0 -122.682528,43.575875,0 -122.682534,43.583003,0 -122.682580,43.597452,0 -122.672558,43.597463,0 -122.667546,43.597468,0 -122.665645,43.597470,0 -122.662536,43.597473,0 -122.662534,43.597188,0 -122.662540,43.596580,0 -122.662554,43.593025,0 -122.662559,43.593027,0 -122.662561,43.592562,0 -122.662568,43.591221,0 -122.662562,43.591219,0 -122.662564,43.590563,0 -122.662571,43.590572,0 -122.662573,43.590218,0 -122.662579,43.588117,0 -122.662574,43.588121,0 -122.662575,43.587868,0 -122.662582,43.586217,0 -122.662585,43.586218,0 -122.662592,43.584097,0 -122.662591,43.584097,0 -122.662595,43.582962,0 -122.658802,43.582942,0 -122.649438,43.583011,0 -122.646956,43.583029,0 -122.645962,43.583027,0 -122.644804,43.583025,0 -122.642775,43.583022,0 -122.642775,43.582968,0 -122.642775,43.582748,0 -122.642776,43.581816,0 -122.642776,43.581516,0 -122.642776,43.581274,0 -122.642777,43.579935,0 -122.642777,43.579889,0 -122.642777,43.579520,0 -122.642777,43.579405,0 -122.642778,43.577998,0 -122.642779,43.576688,0 -122.642779,43.575363,0 -122.642767,43.575359,0 -122.642770,43.573589,0 -122.642780,43.573592,0 -122.642783,43.568555,0 -122.647748,43.568541,0 -122.651986,43.568529,0 -122.652710,43.568527,0 -122.657671,43.568512,0 -122.662635,43.568497,0 -122.673060,43.568488,0</coordinates></LinearRing></outerBoundaryIs></Polygon></Placemark><Placemark><name>Larsana L [APPROX quarter-section]</name><description>lode | serial OR106304271 | 20.66 ac | Active | qtr-sec OR 33 0230S 0010E 013 A SW|OR 33 0230S 0010E 013 A ALL|OR 33 0230S 0010E 013 A ALL | recorded~2023 (DB date, not legal located date) | src: BLM MLRS Not Closed | APPROX (BLM quarter-section)</description><styleUrl>#active_claim</styleUrl><Polygon><outerBoundaryIs><LinearRing><coordinates>-122.642783,43.568555,0 -122.642779,43.575789,0 -122.642779,43.576688,0 -122.642778,43.577998,0 -122.642777,43.579405,0 -122.642777,43.579520,0 -122.642777,43.579889,0 -122.642777,43.579935,0 -122.642776,43.581274,0 -122.642776,43.581516,0 -122.642776,43.581816,0 -122.642775,43.582748,0 -122.642775,43.582968,0 -122.642775,43.583022,0 -122.641801,43.583028,0 -122.640824,43.583033,0 -122.639865,43.583039,0 -122.639275,43.583042,0 -122.637822,43.583051,0 -122.635049,43.583067,0 -122.634691,43.583069,0 -122.632868,43.583079,0 -122.631655,43.583087,0 -122.630168,43.583095,0 -122.628129,43.583107,0 -122.627913,43.583108,0 -122.626179,43.583118,0 -122.624144,43.583129,0 -122.622958,43.583136,0 -122.622954,43.581967,0 -122.622947,43.579791,0 -122.622946,43.579507,0 -122.622946,43.579342,0 -122.622943,43.578327,0 -122.622942,43.578259,0 -122.622941,43.577693,0 -122.622939,43.577400,0 -122.622936,43.576382,0 -122.622936,43.575997,0 -122.622924,43.571120,0 -122.622922,43.570254,0 -122.622928,43.568648,0 -122.626179,43.568633,0 -122.627892,43.568625,0 -122.632856,43.568602,0 -122.632856,43.568602,0 -122.642783,43.568555,0</coordinates></LinearRing></outerBoundaryIs></Polygon></Placemark><Placemark><name>EVENING STAR [APPROX quarter-section]</name><description>mill site | serial ORMC154943 | 5.0 ac | Active | qtr-sec OR 33 0230S 0010E 013 A NE | recorded~2021 (DB date, not legal located date) | src: BLM MLRS Not Closed | APPROX (BLM quarter-section)</description><styleUrl>#active_claim</styleUrl><Polygon><outerBoundaryIs><LinearRing><coordinates>-122.632862,43.575840,0 -122.632868,43.583079,0 -122.622958,43.583136,0 -122.622943,43.575892,0 -122.632862,43.575840,0</coordinates></LinearRing></outerBoundaryIs></Polygon></Placemark><Placemark><name>DIAMOND [APPROX quarter-section]</name><description>mill site | serial ORMC158717 | 5.0 ac | Active | qtr-sec OR 33 0230S 0010E 013 A NW | recorded~2021 (DB date, not legal located date) | src: BLM MLRS Not Closed | APPROX (BLM quarter-section)</description><styleUrl>#active_claim</styleUrl><Polygon><outerBoundaryIs><LinearRing><coordinates>-122.642779,43.575789,0 -122.642775,43.583022,0 -122.632868,43.583079,0 -122.632862,43.575840,0 -122.642779,43.575789,0</coordinates></LinearRing></outerBoundaryIs></Polygon></Placemark><Placemark><name>STAR MILL SITE I [APPROX quarter-section]</name><description>mill site | serial ORMC163923 | 5.0 ac | Active | qtr-sec OR 33 0230S 0010E 020 A SW|OR 33 0230S 0010E 020 A SE | recorded~2021 (DB date, not legal located date) | src: BLM MLRS Not Closed | APPROX (BLM quarter-section)</description><styleUrl>#active_claim</styleUrl><Polygon><outerBoundaryIs><LinearRing><coordinates>-122.712385,43.554063,0 -122.722342,43.554118,0 -122.722330,43.561347,0 -122.712387,43.561308,0 -122.702443,43.561268,0 -122.702428,43.554009,0 -122.712385,43.554063,0</coordinates></LinearRing></outerBoundaryIs></Polygon></Placemark><Placemark><name>STAR MILL SITE II [APPROX quarter-section]</name><description>mill site | serial ORMC163924 | 5.0 ac | Active | qtr-sec OR 33 0230S 0010E 020 A SW|OR 33 0230S 0010E 020 A SE | recorded~2021 (DB date, not legal located date) | src: BLM MLRS Not Closed | APPROX (BLM quarter-section)</description><styleUrl>#active_claim</styleUrl><Polygon><outerBoundaryIs><LinearRing><coordinates>-122.712385,43.554063,0 -122.722342,43.554118,0 -122.722330,43.561347,0 -122.712387,43.561308,0 -122.702443,43.561268,0 -122.702428,43.554009,0 -122.712385,43.554063,0</coordinates></LinearRing></outerBoundaryIs></Polygon></Placemark><Placemark><name>STAR MILL SITE III [APPROX quarter-section]</name><description>mill site | serial ORMC163925 | 4.03 ac | Active | qtr-sec OR 33 0230S 0010E 020 A NW|OR 33 0230S 0010E 020 A SW | recorded~2021 (DB date, not legal located date) | src: BLM MLRS Not Closed | APPROX (BLM quarter-section)</description><styleUrl>#active_claim</styleUrl><Polygon><outerBoundaryIs><LinearRing><coordinates>-122.722342,43.554118,0 -122.722330,43.561347,0 -122.722319,43.568577,0 -122.712389,43.568552,0 -122.712387,43.561308,0 -122.712385,43.554063,0 -122.722342,43.554118,0</coordinates></LinearRing></outerBoundaryIs></Polygon></Placemark><Placemark><name>HANAMII II [APPROX quarter-section]</name><description>placer | serial OR105260884 | 20.0 ac | Active | qtr-sec OR 33 0230S 0010E 017 A NW|OR 33 0230S 0010E 018 A NE | recorded~2021 (DB date, not legal located date) | src: BLM MLRS Not Closed | APPROX (BLM quarter-section)</description><styleUrl>#active_claim</styleUrl><Polygon><outerBoundaryIs><LinearRing><coordinates>-122.712402,43.575802,0 -122.722326,43.575826,0 -122.722326,43.575810,0 -122.722326,43.575809,0 -122.728528,43.575799,0 -122.732315,43.575794,0 -122.732337,43.583067,0 -122.722347,43.583079,0 -122.712750,43.583056,0 -122.712430,43.583055,0 -122.712413,43.578700,0 -122.712402,43.575802,0</coordinates></LinearRing></outerBoundaryIs></Polygon></Placemark><Placemark><name>Emerald City [APPROX quarter-section]</name><description>placer | serial OR105795366 | 0.0 ac | Active | qtr-sec OR 33 0230S 0010E 018 A N2NENW | recorded~2022 (DB date, not legal located date) | src: BLM MLRS Not Closed | APPROX (BLM quarter-section)</description><styleUrl>#active_claim</styleUrl><Polygon><outerBoundaryIs><LinearRing><coordinates>-122.732031,43.583240,0 -122.732009,43.581451,0 -122.734422,43.581496,0 -122.736835,43.581541,0 -122.736866,43.583318,0 -122.734448,43.583279,0 -122.732031,43.583240,0</coordinates></LinearRing></outerBoundaryIs></Polygon></Placemark><Placemark><name>CAROLINA #1 [APPROX quarter-section]</name><description>placer | serial ORMC10819 | 40.0 ac | Active | qtr-sec OR 33 0230S 0010W 013 A NE|OR 33 0230S 0010W 012 A SE | recorded~2021 (DB date, not legal located date) | src: BLM MLRS Not Closed | APPROX (BLM quarter-section)</description><styleUrl>#active_claim</styleUrl><Polygon><outerBoundaryIs><LinearRing><coordinates>-122.741367,43.579552,0 -122.741308,43.576193,0 -122.741304,43.575953,0 -122.741360,43.572738,0 -122.746297,43.572296,0 -122.751234,43.571854,0 -122.751241,43.575724,0 -122.751249,43.579593,0 -122.751658,43.583096,0 -122.752067,43.586598,0 -122.747050,43.586870,0 -122.742032,43.587141,0 -122.742005,43.586821,0 -122.741701,43.583396,0 -122.741682,43.583173,0 -122.741368,43.579649,0 -122.741367,43.579552,0</coordinates></LinearRing></outerBoundaryIs></Polygon></Placemark><Placemark><name>TOBY WAN II [APPROX quarter-section]</name><description>placer | serial ORMC122494 | 20.0 ac | Active | qtr-sec OR 33 0230S 0010W 001 A SW | recorded~2021 (DB date, not legal located date) | src: BLM MLRS Not Closed | APPROX (BLM quarter-section)</description><styleUrl>#active_claim</styleUrl><Polygon><outerBoundaryIs><LinearRing><coordinates>-122.763073,43.598294,0 -122.763264,43.601974,0 -122.758370,43.602005,0 -122.753476,43.602037,0 -122.753237,43.598303,0 -122.752999,43.594569,0 -122.754254,43.594573,0 -122.757940,43.594583,0 -122.759929,43.594589,0 -122.762881,43.594597,0 -122.763073,43.598294,0</coordinates></LinearRing></outerBoundaryIs></Polygon></Placemark><Placemark><name>EMPTY BOTTLE [APPROX quarter-section]</name><description>placer | serial ORMC133937 | 60.0 ac | Active | qtr-sec OR 33 0230S 0010E 018 A NE|OR 33 0230S 0010E 018 A SE | recorded~2021 (DB date, not legal located date) | src: BLM MLRS Not Closed | APPROX (BLM quarter-section)</description><styleUrl>#active_claim</styleUrl><Polygon><outerBoundaryIs><LinearRing><coordinates>-122.722319,43.568577,0 -122.731855,43.568924,0 -122.731943,43.576082,0 -122.732031,43.583240,0 -122.722361,43.583084,0 -122.722340,43.575831,0 -122.722319,43.568577,0</coordinates></LinearRing></outerBoundaryIs></Polygon></Placemark><Placemark><name>LUCKY 7 MINE [APPROX quarter-section]</name><description>placer | serial ORMC137191 | 70.0 ac | Active | qtr-sec OR 33 0230S 0010W 001 A SW|OR 33 0230S 0010W 012 A NW | recorded~2021 (DB date, not legal located date) | src: BLM MLRS Not Closed | APPROX (BLM quarter-section)</description><styleUrl>#active_claim</styleUrl><Polygon><outerBoundaryIs><LinearRing><coordinates>-122.757034,43.586329,0 -122.762000,43.586060,0 -122.762441,43.590329,0 -122.762881,43.594597,0 -122.763073,43.598294,0 -122.763264,43.601974,0 -122.758370,43.602005,0 -122.753476,43.602037,0 -122.753237,43.598303,0 -122.752999,43.594569,0 -122.752533,43.590584,0 -122.752067,43.586598,0 -122.757034,43.586329,0</coordinates></LinearRing></outerBoundaryIs></Polygon></Placemark><Placemark><name>CLIMAX #3 [APPROX quarter-section]</name><description>placer | serial ORMC144400 | 40.0 ac | Active | qtr-sec OR 33 0230S 0010E 019 A NE|OR 33 0230S 0010E 019 A SE | recorded~2021 (DB date, not legal located date) | src: BLM MLRS Not Closed | APPROX (BLM quarter-section)</description><styleUrl>#active_claim</styleUrl><Polygon><outerBoundaryIs><LinearRing><coordinates>-122.722342,43.554118,0 -122.731941,43.554136,0 -122.731898,43.561530,0 -122.731855,43.568924,0 -122.722319,43.568577,0 -122.722330,43.561347,0 -122.722342,43.554118,0</coordinates></LinearRing></outerBoundaryIs></Polygon></Placemark><Placemark><name>CHRISTO COUNTESSA [APPROX quarter-section]</name><description>placer | serial ORMC146334 | 100.0 ac | Active | qtr-sec OR 33 0230S 0010W 012 A NE|OR 33 0230S 0010W 012 A SE | recorded~2021 (DB date, not legal located date) | src: BLM MLRS Not Closed | APPROX (BLM quarter-section)</description><styleUrl>#active_claim</styleUrl><Polygon><outerBoundaryIs><LinearRing><coordinates>-122.741368,43.579649,0 -122.746308,43.579621,0 -122.751249,43.579593,0 -122.751658,43.583096,0 -122.752067,43.586598,0 -122.752533,43.590584,0 -122.752999,43.594569,0 -122.747845,43.594598,0 -122.742691,43.594627,0 -122.742649,43.594124,0 -122.742362,43.590884,0 -122.742327,43.590468,0 -122.742177,43.588777,0 -122.742032,43.587141,0 -122.742005,43.586821,0 -122.741701,43.583396,0 -122.741682,43.583173,0 -122.741368,43.579649,0</coordinates></LinearRing></outerBoundaryIs></Polygon></Placemark><Placemark><name>PLACER CLAIM [APPROX quarter-section]</name><description>placer | serial ORMC147500 | 20.0 ac | Active | qtr-sec OR 33 0230S 0010E 008 A SW | recorded~2021 (DB date, not legal located date) | src: BLM MLRS Not Closed | APPROX (BLM quarter-section)</description><styleUrl>#active_claim</styleUrl><Polygon><outerBoundaryIs><LinearRing><coordinates>-122.722361,43.583084,0 -122.722383,43.590337,0 -122.712475,43.590324,0 -122.712444,43.583061,0 -122.722361,43.583084,0</coordinates></LinearRing></outerBoundaryIs></Polygon></Placemark><Placemark><name>WILD ROSE [APPROX quarter-section]</name><description>placer | serial ORMC149056 | 20.0 ac | Active | qtr-sec OR 33 0230S 0010W 013 A SE | recorded~2021 (DB date, not legal located date) | src: BLM MLRS Not Closed | APPROX (BLM quarter-section)</description><styleUrl>#active_claim</styleUrl><Polygon><outerBoundaryIs><LinearRing><coordinates>-122.746297,43.572296,0 -122.741360,43.572738,0 -122.741364,43.572309,0 -122.741391,43.569272,0 -122.741397,43.568666,0 -122.741350,43.565806,0 -122.746286,43.565452,0 -122.751233,43.565108,0 -122.751228,43.568476,0 -122.751234,43.571854,0 -122.746297,43.572296,0</coordinates></LinearRing></outerBoundaryIs></Polygon></Placemark><Placemark><name>BUTTER CUP [APPROX quarter-section]</name><description>placer | serial ORMC149057 | 20.0 ac | Active | qtr-sec OR 33 0230S 0010W 013 A SE | recorded~2021 (DB date, not legal located date) | src: BLM MLRS Not Closed | APPROX (BLM quarter-section)</description><styleUrl>#active_claim</styleUrl><Polygon><outerBoundaryIs><LinearRing><coordinates>-122.746297,43.572296,0 -122.741360,43.572738,0 -122.741364,43.572309,0 -122.741391,43.569272,0 -122.741397,43.568666,0 -122.741350,43.565806,0 -122.746286,43.565452,0 -122.751233,43.565108,0 -122.751228,43.568476,0 -122.751234,43.571854,0 -122.746297,43.572296,0</coordinates></LinearRing></outerBoundaryIs></Polygon></Placemark><Placemark><name>GOLDEN CAT [APPROX quarter-section]</name><description>placer | serial ORMC152300 | 40.0 ac | Active | qtr-sec OR 33 0220S 0010E 023 A SW|OR 33 0220S 0010E 023 A SE | recorded~2021 (DB date, not legal located date) | src: BLM MLRS Not Closed | APPROX (BLM quarter-section)</description><styleUrl>#active_claim</styleUrl><Polygon><outerBoundaryIs><LinearRing><coordinates>-122.652068,43.645324,0 -122.647077,43.645298,0 -122.647079,43.641713,0 -122.647081,43.638128,0 -122.652069,43.638147,0 -122.657056,43.638167,0 -122.662044,43.638187,0 -122.667031,43.638206,0 -122.667036,43.641805,0 -122.667041,43.645403,0 -122.662050,43.645377,0 -122.657059,43.645351,0 -122.652068,43.645324,0</coordinates></LinearRing></outerBoundaryIs></Polygon></Placemark><Placemark><name>RETIREMENT PLAN [APPROX quarter-section]</name><description>placer | serial ORMC154017 | 20.0 ac | Active | qtr-sec OR 33 0230S 0010E 017 A NE | recorded~2021 (DB date, not legal located date) | src: BLM MLRS Not Closed | APPROX (BLM quarter-section)</description><styleUrl>#active_claim</styleUrl><Polygon><outerBoundaryIs><LinearRing><coordinates>-122.712416,43.575807,0 -122.712444,43.583061,0 -122.702527,43.583037,0 -122.702493,43.575782,0 -122.712416,43.575807,0</coordinates></LinearRing></outerBoundaryIs></Polygon></Placemark><Placemark><name>EAGLE I [APPROX quarter-section]</name><description>placer | serial ORMC155482 | 20.0 ac | Active | qtr-sec OR 33 0230S 0010W 013 A NE | recorded~2021 (DB date, not legal located date) | src: BLM MLRS Not Closed | APPROX (BLM quarter-section)</description><styleUrl>#active_claim</styleUrl><Polygon><outerBoundaryIs><LinearRing><coordinates>-122.746308,43.579621,0 -122.741368,43.579649,0 -122.741367,43.579552,0 -122.741308,43.576193,0 -122.741304,43.575953,0 -122.741360,43.572738,0 -122.746297,43.572296,0 -122.751234,43.571854,0 -122.751241,43.575724,0 -122.751249,43.579593,0 -122.746308,43.579621,0</coordinates></LinearRing></outerBoundaryIs></Polygon></Placemark><Placemark><name>KIT KAT B [APPROX quarter-section]</name><description>placer | serial ORMC156231 | 18.6 ac | Active | qtr-sec OR 33 0230S 0010W 024 A NE | recorded~2021 (DB date, not legal located date) | src: BLM MLRS Not Closed | APPROX (BLM quarter-section)</description><styleUrl>#active_claim</styleUrl><Polygon><outerBoundaryIs><LinearRing><coordinates>-122.746432,43.558678,0 -122.751417,43.558387,0 -122.751325,43.561747,0 -122.751233,43.565108,0 -122.746286,43.565452,0 -122.741350,43.565806,0 -122.741363,43.565033,0 -122.741403,43.562391,0 -122.741418,43.561400,0 -122.741455,43.558976,0 -122.746432,43.558678,0</coordinates></LinearRing></outerBoundaryIs></Polygon></Placemark><Placemark><name>WAR EAGLE III [APPROX quarter-section]</name><description>placer | serial ORMC156963 | 18.19 ac | Active | qtr-sec OR 33 0220S 0010W 005 A SE | recorded~2021 (DB date, not legal located date) | src: BLM MLRS Not Closed | APPROX (BLM quarter-section)</description><styleUrl>#active_claim</styleUrl><Polygon><outerBoundaryIs><LinearRing><coordinates>-122.833227,43.688998,0 -122.828337,43.689048,0 -122.828294,43.686490,0 -122.828280,43.685625,0 -122.828224,43.682202,0 -122.833086,43.682222,0 -122.837948,43.682242,0 -122.838032,43.685595,0 -122.838117,43.688948,0 -122.833227,43.688998,0</coordinates></LinearRing></outerBoundaryIs></Polygon></Placemark><Placemark><name>LAST ONE IV #1 [APPROX quarter-section]</name><description>placer | serial ORMC157613 | 20.0 ac | Active | qtr-sec OR 33 0220S 0010W 027 A NE | recorded~2021 (DB date, not legal located date) | src: BLM MLRS Not Closed | APPROX (BLM quarter-section)</description><styleUrl>#active_claim</styleUrl><Polygon><outerBoundaryIs><LinearRing><coordinates>-122.782949,43.637538,0 -122.782984,43.633966,0 -122.783009,43.630425,0 -122.788009,43.630374,0 -122.793008,43.630323,0 -122.793079,43.633812,0 -122.793151,43.637301,0 -122.788056,43.637422,0 -122.782949,43.637538,0</coordinates></LinearRing></outerBoundaryIs></Polygon></Placemark><Placemark><name>TOMS HONOR [APPROX quarter-section]</name><description>placer | serial ORMC158573 | 40.0 ac | Active | qtr-sec OR 33 0230S 0010E 018 A NE | recorded~2021 (DB date, not legal located date) | src: BLM MLRS Not Closed | APPROX (BLM quarter-section)</description><styleUrl>#active_claim</styleUrl><Polygon><outerBoundaryIs><LinearRing><coordinates>-122.722340,43.575831,0 -122.731943,43.576082,0 -122.732031,43.583240,0 -122.722361,43.583084,0 -122.722340,43.575831,0</coordinates></LinearRing></outerBoundaryIs></Polygon></Placemark><Placemark><name>END OF THE TRAIL [APPROX quarter-section]</name><description>placer | serial ORMC159291 | 40.0 ac | Active | qtr-sec OR 33 0230S 0010E 008 A SE | recorded~2021 (DB date, not legal located date) | src: BLM MLRS Not Closed | APPROX (BLM quarter-section)</description><styleUrl>#active_claim</styleUrl><Polygon><outerBoundaryIs><LinearRing><coordinates>-122.712444,43.583061,0 -122.712475,43.590324,0 -122.702567,43.590312,0 -122.702527,43.583037,0 -122.712444,43.583061,0</coordinates></LinearRing></outerBoundaryIs></Polygon></Placemark><Placemark><name>BIG BEND [APPROX quarter-section]</name><description>placer | serial ORMC159678 | 20.0 ac | Active | qtr-sec OR 33 0230S 0010E 019 A SW|OR 33 0230S 0010W 024 A NE | recorded~2021 (DB date, not legal located date) | src: BLM MLRS Not Closed | APPROX (BLM quarter-section)</description><styleUrl>#active_claim</styleUrl><Polygon><outerBoundaryIs><LinearRing><coordinates>-122.731941,43.554136,0 -122.741540,43.554154,0 -122.741493,43.558973,0 -122.746432,43.558678,0 -122.751417,43.558387,0 -122.751325,43.561747,0 -122.751233,43.565108,0 -122.746286,43.565452,0 -122.741350,43.565806,0 -122.741363,43.565033,0 -122.741403,43.562391,0 -122.741413,43.561712,0 -122.731898,43.561530,0 -122.731941,43.554136,0</coordinates></LinearRing></outerBoundaryIs></Polygon></Placemark><Placemark><name>BUD PLACER I [APPROX quarter-section]</name><description>placer | serial ORMC160286 | 37.33 ac | Active | qtr-sec OR 33 0230S 0010E 007 A SW | recorded~2021 (DB date, not legal located date) | src: BLM MLRS Not Closed | APPROX (BLM quarter-section)</description><styleUrl>#active_claim</styleUrl><Polygon><outerBoundaryIs><LinearRing><coordinates>-122.732031,43.583240,0 -122.741701,43.583396,0 -122.742326,43.590576,0 -122.732354,43.590456,0 -122.732031,43.583240,0</coordinates></LinearRing></outerBoundaryIs></Polygon></Placemark><Placemark><name>SIX BITS GULCH [APPROX quarter-section]</name><description>placer | serial ORMC161494 | 80.0 ac | Active | qtr-sec OR 33 0230S 0010E 016 A NW|OR 33 0230S 0010E 017 A NE | recorded~2021 (DB date, not legal located date) | src: BLM MLRS Not Closed | APPROX (BLM quarter-section)</description><styleUrl>#active_claim</styleUrl><Polygon><outerBoundaryIs><LinearRing><coordinates>-122.702493,43.575782,0 -122.712416,43.575807,0 -122.712444,43.583061,0 -122.702527,43.583037,0 -122.692530,43.583020,0 -122.692501,43.575770,0 -122.702493,43.575782,0</coordinates></LinearRing></outerBoundaryIs></Polygon></Placemark><Placemark><name>LITTLE RED [APPROX quarter-section]</name><description>placer | serial ORMC163049 | 35.02 ac | Active | qtr-sec OR 33 0230S 0010E 019 A NW|OR 33 0230S 0010E 019 A SW|OR 33 0230S 0010W 024 A NE | recorded~2021 (DB date, not legal located date) | src: BLM MLRS Not Closed | APPROX (BLM quarter-section)</description><styleUrl>#active_claim</styleUrl><Polygon><outerBoundaryIs><LinearRing><coordinates>-122.731941,43.554136,0 -122.741540,43.554154,0 -122.741493,43.558973,0 -122.746432,43.558678,0 -122.751417,43.558387,0 -122.751325,43.561747,0 -122.751233,43.565108,0 -122.746286,43.565452,0 -122.741426,43.565801,0 -122.741391,43.569272,0 -122.731855,43.568924,0 -122.731898,43.561530,0 -122.731941,43.554136,0</coordinates></LinearRing></outerBoundaryIs></Polygon></Placemark><Placemark><name>SAILORS GULCH [APPROX quarter-section]</name><description>placer | serial ORMC163056 | 20.0 ac | Active | qtr-sec OR 33 0230S 0010E 018 A NE | recorded~2021 (DB date, not legal located date) | src: BLM MLRS Not Closed | APPROX (BLM quarter-section)</description><styleUrl>#active_claim</styleUrl><Polygon><outerBoundaryIs><LinearRing><coordinates>-122.722340,43.575831,0 -122.731943,43.576082,0 -122.732031,43.583240,0 -122.722361,43.583084,0 -122.722340,43.575831,0</coordinates></LinearRing></outerBoundaryIs></Polygon></Placemark><Placemark><name>4 ACES [APPROX quarter-section]</name><description>placer | serial ORMC163686 | 80.0 ac | Active | qtr-sec OR 33 0230S 0010E 030 A SENENW | OR 33 0230S 0010E 030 A SWNWNE | OR 33 0230S 0010E 019 A SESWSW | OR 33 0230S 0010E 019 A SWSESW | OR 33 0230S 0010E 019 A N2SWSW | OR 33 0230S 0010E 030 A N2NENW | recorded~2021 (DB date, not legal located dat…</description><styleUrl>#active_claim</styleUrl><Polygon><outerBoundaryIs><LinearRing><coordinates>-122.729566,43.552332,0 -122.729590,43.550533,0 -122.732003,43.550539,0 -122.734415,43.550545,0 -122.734378,43.552342,0 -122.736783,43.552348,0 -122.736741,43.554145,0 -122.739141,43.554149,0 -122.739124,43.556029,0 -122.741522,43.556043,0 -122.741503,43.557933,0 -122.739107,43.557908,0 -122.736711,43.557883,0 -122.736726,43.556014,0 -122.734328,43.555999,0 -122.734341,43.554140,0 -122.731941,43.554136,0 -122.731972,43.552337,0 -122.729566,43.552332,0</coordinates></LinearRing></outerBoundaryIs></Polygon></Placemark><Placemark><name>EXODUS [APPROX quarter-section]</name><description>placer | serial ORMC163687 | 80.0 ac | Active | qtr-sec OR 33 0230S 0010W 024 A W2SESE | OR 33 0230S 0010W 024 A E2SWSE | recorded~2021 (DB date, not legal located date) | src: BLM MLRS Not Closed | APPROX (BLM quarter-section)</description><styleUrl>#active_claim</styleUrl><Polygon><outerBoundaryIs><LinearRing><coordinates>-122.749095,43.551437,0 -122.749052,43.553210,0 -122.749008,43.554983,0 -122.746509,43.555080,0 -122.744015,43.555177,0 -122.744045,43.553352,0 -122.744075,43.551527,0 -122.746585,43.551482,0 -122.749095,43.551437,0</coordinates></LinearRing></outerBoundaryIs></Polygon></Placemark><Placemark><name>GOLDEN MAGGIE II [APPROX quarter-section]</name><description>placer | serial ORMC164746 | 80.0 ac | Active | qtr-sec OR 33 0220S 0020E 030 A NE | recorded~2021 (DB date, not legal located date) | src: BLM MLRS Not Closed | APPROX (BLM quarter-section)</description><styleUrl>#active_claim</styleUrl><Polygon><outerBoundaryIs><LinearRing><coordinates>-122.608939,43.633566,0 -122.618109,43.633459,0 -122.618115,43.640703,0 -122.608948,43.640798,0 -122.608939,43.633566,0</coordinates></LinearRing></outerBoundaryIs></Polygon></Placemark><Placemark><name>HOPEFUL [APPROX quarter-section]</name><description>placer | serial ORMC165929 | 40.0 ac | Active | qtr-sec OR 33 0220S 0010E 036 A SWSE | recorded~2021 (DB date, not legal located date) | src: BLM MLRS Not Closed | APPROX (BLM quarter-section)</description><styleUrl>#active_claim</styleUrl><Polygon><outerBoundaryIs><LinearRing><coordinates>-122.632204,43.609274,0 -122.632788,43.609274,0 -122.637172,43.609279,0 -122.637184,43.612888,0 -122.632211,43.612883,0 -122.632204,43.609274,0</coordinates></LinearRing></outerBoundaryIs></Polygon></Placemark><Placemark><name>QTJD #81 [APPROX quarter-section]</name><description>placer | serial ORMC166303 | 40.0 ac | Active | qtr-sec OR 33 0220S 0010W 015 A SW | recorded~2021 (DB date, not legal located date) | src: BLM MLRS Not Closed | APPROX (BLM quarter-section)</description><styleUrl>#active_claim</styleUrl><Polygon><outerBoundaryIs><LinearRing><coordinates>-122.808420,43.653283,0 -122.808281,43.656899,0 -122.808154,43.660514,0 -122.802998,43.660146,0 -122.798079,43.659794,0 -122.793160,43.659442,0 -122.793166,43.655943,0 -122.793172,43.652444,0 -122.798241,43.652723,0 -122.803311,43.653002,0 -122.808420,43.653283,0</coordinates></LinearRing></outerBoundaryIs></Polygon></Placemark><Placemark><name>TOO EASY [APPROX quarter-section]</name><description>placer | serial ORMC167097 | 40.0 ac | Active | qtr-sec OR 33 0220S 0010E 036 A SW | recorded~2021 (DB date, not legal located date) | src: BLM MLRS Not Closed | APPROX (BLM quarter-section)</description><styleUrl>#active_claim</styleUrl><Polygon><outerBoundaryIs><LinearRing><coordinates>-122.642140,43.609285,0 -122.642713,43.609285,0 -122.647109,43.609290,0 -122.647108,43.612899,0 -122.647108,43.616507,0 -122.642151,43.616502,0 -122.637195,43.616498,0 -122.637184,43.612888,0 -122.637172,43.609279,0 -122.637751,43.609279,0 -122.642140,43.609285,0</coordinates></LinearRing></outerBoundaryIs></Polygon></Placemark><Placemark><name>BACK FORTY [APPROX quarter-section]</name><description>placer | serial ORMC168989 | 35.0 ac | Active | qtr-sec OR 33 0230S 0020E 020 A SE | recorded~2021 (DB date, not legal located date) | src: BLM MLRS Not Closed | APPROX (BLM quarter-section)</description><styleUrl>#active_claim</styleUrl><Polygon><outerBoundaryIs><LinearRing><coordinates>-122.598231,43.556623,0 -122.598238,43.563857,0 -122.588323,43.563840,0 -122.588322,43.556601,0 -122.598231,43.556623,0</coordinates></LinearRing></outerBoundaryIs></Polygon></Placemark><Placemark><name>DAY DREAMER [APPROX quarter-section]</name><description>placer | serial ORMC169498 | 0.0 ac | Active | qtr-sec OR 33 0240S 0020E 006 L 1 | recorded~2021 (DB date, not legal located date) | src: BLM MLRS Not Closed | APPROX (BLM quarter-section)</description><styleUrl>#active_claim</styleUrl><Polygon><outerBoundaryIs><LinearRing><coordinates>-122.608246,43.523666,0 -122.608269,43.520059,0 -122.608317,43.512727,0 -122.613377,43.512742,0 -122.618325,43.512757,0 -122.622992,43.512770,0 -122.623074,43.516357,0 -122.623108,43.517837,0 -122.623099,43.520014,0 -122.623094,43.521404,0 -122.623085,43.523639,0 -122.623079,43.525130,0 -122.623078,43.527705,0 -122.618266,43.527695,0 -122.618105,43.527695,0 -122.613212,43.527686,0 -122.608220,43.527676,0 -122.608246,43.523666,0</coordinates></LinearRing></outerBoundaryIs></Polygon></Placemark><Placemark><name>PAIR A DICE [APPROX quarter-section]</name><description>placer | serial ORMC169499 | 20.0 ac | Active | qtr-sec OR 33 0240S 0020E 005 A NW | recorded~2021 (DB date, not legal located date) | src: BLM MLRS Not Closed | APPROX (BLM quarter-section)</description><styleUrl>#active_claim</styleUrl><Polygon><outerBoundaryIs><LinearRing><coordinates>-122.598302,43.520186,0 -122.608268,43.520202,0 -122.608220,43.527676,0 -122.598276,43.527655,0 -122.598302,43.520186,0</coordinates></LinearRing></outerBoundaryIs></Polygon></Placemark><Placemark><name>FINDERS KEEPERS #1 [APPROX quarter-section]</name><description>placer | serial ORMC169699 | 20.0 ac | Active | qtr-sec OR 33 0230S 0020E 031 A NE | recorded~2021 (DB date, not legal located date) | src: BLM MLRS Not Closed | APPROX (BLM quarter-section)</description><styleUrl>#active_claim</styleUrl><Polygon><outerBoundaryIs><LinearRing><coordinates>-122.608187,43.534921,0 -122.615619,43.534932,0 -122.615590,43.542175,0 -122.608155,43.542166,0 -122.608187,43.534921,0</coordinates></LinearRing></outerBoundaryIs></Polygon></Placemark><Placemark><name>FINDERS KEEPERS #2 [APPROX quarter-section]</name><description>placer | serial ORMC169700 | 20.0 ac | Active | qtr-sec OR 33 0230S 0020E 031 A NE | recorded~2021 (DB date, not legal located date) | src: BLM MLRS Not Closed | APPROX (BLM quarter-section)</description><styleUrl>#active_claim</styleUrl><Polygon><outerBoundaryIs><LinearRing><coordinates>-122.608187,43.534921,0 -122.615619,43.534932,0 -122.615590,43.542175,0 -122.608155,43.542166,0 -122.608187,43.534921,0</coordinates></LinearRing></outerBoundaryIs></Polygon></Placemark><Placemark><name>FINDERS KEEPERS #3 [APPROX quarter-section]</name><description>placer | serial ORMC169701 | 20.0 ac | Active | qtr-sec OR 33 0230S 0020E 030 A SW|OR 33 0230S 0020E 031 A NW | recorded~2021 (DB date, not legal located date) | src: BLM MLRS Not Closed | APPROX (BLM quarter-section)</description><styleUrl>#active_claim</styleUrl><Polygon><outerBoundaryIs><LinearRing><coordinates>-122.615619,43.534932,0 -122.623052,43.534944,0 -122.623025,43.542183,0 -122.622998,43.549434,0 -122.615574,43.549418,0 -122.615590,43.542175,0 -122.615619,43.534932,0</coordinates></LinearRing></outerBoundaryIs></Polygon></Placemark><Placemark><name>RADIO FLYER #1 [APPROX quarter-section]</name><description>placer | serial ORMC169702 | 20.0 ac | Active | qtr-sec OR 33 0230S 0020E 031 A SE | recorded~2021 (DB date, not legal located date) | src: BLM MLRS Not Closed | APPROX (BLM quarter-section)</description><styleUrl>#active_claim</styleUrl><Polygon><outerBoundaryIs><LinearRing><coordinates>-122.608220,43.527676,0 -122.615649,43.527690,0 -122.615619,43.534932,0 -122.608187,43.534921,0 -122.608220,43.527676,0</coordinates></LinearRing></outerBoundaryIs></Polygon></Placemark><Placemark><name>RADIO FLYER #2 [APPROX quarter-section]</name><description>placer | serial ORMC169703 | 20.0 ac | Active | qtr-sec OR 33 0230S 0020E 031 A SE | recorded~2021 (DB date, not legal located date) | src: BLM MLRS Not Closed | APPROX (BLM quarter-section)</description><styleUrl>#active_claim</styleUrl><Polygon><outerBoundaryIs><LinearRing><coordinates>-122.608220,43.527676,0 -122.615649,43.527690,0 -122.615619,43.534932,0 -122.608187,43.534921,0 -122.608220,43.527676,0</coordinates></LinearRing></outerBoundaryIs></Polygon></Placemark><Placemark><name>FRANKLIN MINT [APPROX quarter-section]</name><description>placer | serial ORMC169864 | 19.4 ac | Active | qtr-sec OR 33 0230S 0020E 030 A SW | recorded~2021 (DB date, not legal located date) | src: BLM MLRS Not Closed | APPROX (BLM quarter-section)</description><styleUrl>#active_claim</styleUrl><Polygon><outerBoundaryIs><LinearRing><coordinates>-122.615590,43.542175,0 -122.623025,43.542183,0 -122.622998,43.549434,0 -122.615574,43.549418,0 -122.615590,43.542175,0</coordinates></LinearRing></outerBoundaryIs></Polygon></Placemark><Placemark><name>DELIVERANCE [APPROX quarter-section]</name><description>placer | serial ORMC171003 | 19.53 ac | Active | qtr-sec OR 33 0230S 0020E 030 A NW | recorded~2021 (DB date, not legal located date) | src: BLM MLRS Not Closed | APPROX (BLM quarter-section)</description><styleUrl>#active_claim</styleUrl><Polygon><outerBoundaryIs><LinearRing><coordinates>-122.615574,43.549418,0 -122.622998,43.549434,0 -122.622972,43.556684,0 -122.615557,43.556661,0 -122.615574,43.549418,0</coordinates></LinearRing></outerBoundaryIs></Polygon></Placemark><Placemark><name>BROKEN FINGER [APPROX quarter-section]</name><description>placer | serial ORMC171182 | 19.08 ac | Active | qtr-sec OR 33 0230S 0010E 001 A NW|OR 33 0230S 0010E 001 A NE | recorded~2021 (DB date, not legal located date) | src: BLM MLRS Not Closed | APPROX (BLM quarter-section)</description><styleUrl>#active_claim</styleUrl><Polygon><outerBoundaryIs><LinearRing><coordinates>-122.642720,43.603401,0 -122.642713,43.609285,0 -122.632920,43.610582,0 -122.623126,43.611879,0 -122.623079,43.604744,0 -122.632900,43.604073,0 -122.642720,43.603401,0</coordinates></LinearRing></outerBoundaryIs></Polygon></Placemark><Placemark><name>GOLDIGGERS [APPROX quarter-section]</name><description>placer | serial ORMC171183 | 20.0 ac | Active | qtr-sec OR 33 0230S 0010E 001 A SW | recorded~2021 (DB date, not legal located date) | src: BLM MLRS Not Closed | APPROX (BLM quarter-section)</description><styleUrl>#active_claim</styleUrl><Polygon><outerBoundaryIs><LinearRing><coordinates>-122.632880,43.597563,0 -122.642727,43.597517,0 -122.642720,43.603401,0 -122.632900,43.604073,0 -122.632880,43.597563,0</coordinates></LinearRing></outerBoundaryIs></Polygon></Placemark><Placemark><name>TEDDY BEAR [APPROX quarter-section]</name><description>placer | serial ORMC171890 | 0.0 ac | Active | qtr-sec OR 33 0230S 0010E 030 A NESWNE | OR 33 0230S 0010E 030 A SENWNE | OR 33 0230S 0010E 030 A NWSWNE | recorded~2021 (DB date, not legal located date) | src: BLM MLRS Not Closed | APPROX (BLM quarter-section)</description><styleUrl>#active_claim</styleUrl><Polygon><outerBoundaryIs><LinearRing><coordinates>-122.727195,43.548727,0 -122.729614,43.548733,0 -122.732034,43.548740,0 -122.732003,43.550539,0 -122.729590,43.550533,0 -122.729566,43.552332,0 -122.727159,43.552327,0 -122.727177,43.550527,0 -122.727195,43.548727,0</coordinates></LinearRing></outerBoundaryIs></Polygon></Placemark><Placemark><name>GYPSY LADY [APPROX quarter-section]</name><description>placer | serial ORMC172299 | 18.42 ac | Active | qtr-sec OR 33 0220S 0010W 005 A NW | recorded~2021 (DB date, not legal located date) | src: BLM MLRS Not Closed | APPROX (BLM quarter-section)</description><styleUrl>#active_claim</styleUrl><Polygon><outerBoundaryIs><LinearRing><coordinates>-122.843225,43.695599,0 -122.838285,43.695749,0 -122.838201,43.692351,0 -122.838152,43.690383,0 -122.838117,43.688948,0 -122.843020,43.688899,0 -122.847923,43.688850,0 -122.848026,43.692155,0 -122.848164,43.695450,0 -122.843225,43.695599,0</coordinates></LinearRing></outerBoundaryIs></Polygon></Placemark><Placemark><name>LINNY BELL 2 [APPROX quarter-section]</name><description>placer | serial ORMC172371 | 20.0 ac | Active | qtr-sec OR 33 0230S 0010E 031 A NE | recorded~2021 (DB date, not legal located date) | src: BLM MLRS Not Closed | APPROX (BLM quarter-section)</description><styleUrl>#active_claim</styleUrl><Polygon><outerBoundaryIs><LinearRing><coordinates>-122.722408,43.531741,0 -122.732211,43.531704,0 -122.732188,43.539737,0 -122.722378,43.539705,0 -122.722408,43.531741,0</coordinates></LinearRing></outerBoundaryIs></Polygon></Placemark><Placemark><name>GOLDEN BRICE [APPROX quarter-section]</name><description>placer | serial ORMC172405 | 40.0 ac | Active | qtr-sec OR 33 0220S 0010E 023 A SW | recorded~2021 (DB date, not legal located date) | src: BLM MLRS Not Closed | APPROX (BLM quarter-section)</description><styleUrl>#active_claim</styleUrl><Polygon><outerBoundaryIs><LinearRing><coordinates>-122.667036,43.641805,0 -122.667041,43.645403,0 -122.662050,43.645377,0 -122.657059,43.645351,0 -122.657058,43.641759,0 -122.657056,43.638167,0 -122.662044,43.638187,0 -122.667031,43.638206,0 -122.667036,43.641805,0</coordinates></LinearRing></outerBoundaryIs></Polygon></Placemark><Placemark><name>GOLDEN DOG GOLD [APPROX quarter-section]</name><description>placer | serial ORMC172406 | 20.0 ac | Active | qtr-sec OR 33 0220S 0010E 023 A SW | recorded~2021 (DB date, not legal located date) | src: BLM MLRS Not Closed | APPROX (BLM quarter-section)</description><styleUrl>#active_claim</styleUrl><Polygon><outerBoundaryIs><LinearRing><coordinates>-122.667036,43.641805,0 -122.667041,43.645403,0 -122.662050,43.645377,0 -122.657059,43.645351,0 -122.657058,43.641759,0 -122.657056,43.638167,0 -122.662044,43.638187,0 -122.667031,43.638206,0 -122.667036,43.641805,0</coordinates></LinearRing></outerBoundaryIs></Polygon></Placemark><Placemark><name>HOPE [APPROX quarter-section]</name><description>placer | serial ORMC172614 | 20.0 ac | Active | qtr-sec OR 33 0220S 0010W 027 A NE | recorded~2021 (DB date, not legal located date) | src: BLM MLRS Not Closed | APPROX (BLM quarter-section)</description><styleUrl>#active_claim</styleUrl><Polygon><outerBoundaryIs><LinearRing><coordinates>-122.782949,43.637538,0 -122.782984,43.633966,0 -122.783009,43.630425,0 -122.788009,43.630374,0 -122.793008,43.630323,0 -122.793079,43.633812,0 -122.793151,43.637301,0 -122.788056,43.637422,0 -122.782949,43.637538,0</coordinates></LinearRing></outerBoundaryIs></Polygon></Placemark><Placemark><name>GOLD MEADOW PLAINS [APPROX quarter-section]</name><description>placer | serial ORMC173386 | 145.0 ac | Active | qtr-sec OR 33 0220S 0010E 007 A NE|OR 33 0220S 0010E 007 A NW|OR 33 0220S 0010E 007 A SE | recorded~2021 (DB date, not legal located date) | src: BLM MLRS Not Closed | APPROX (BLM quarter-section)</description><styleUrl>#active_claim</styleUrl><Polygon><outerBoundaryIs><LinearRing><coordinates>-122.736122,43.669391,0 -122.736090,43.672905,0 -122.741031,43.672917,0 -122.744094,43.672923,0 -122.744053,43.676448,0 -122.744012,43.679973,0 -122.740946,43.679978,0 -122.736027,43.679975,0 -122.731177,43.679944,0 -122.726328,43.679912,0 -122.726332,43.676397,0 -122.726336,43.672882,0 -122.726341,43.669368,0 -122.726345,43.665853,0 -122.731249,43.665865,0 -122.736154,43.665877,0 -122.736122,43.669391,0</coordinates></LinearRing></outerBoundaryIs></Polygon></Placemark><Placemark><name>Y NOT [APPROX quarter-section]</name><description>placer | serial ORMC173540 | 40.0 ac | Active | qtr-sec OR 33 0220S 0010W 015 A SW | recorded~2021 (DB date, not legal located date) | src: BLM MLRS Not Closed | APPROX (BLM quarter-section)</description><styleUrl>#active_claim</styleUrl><Polygon><outerBoundaryIs><LinearRing><coordinates>-122.808154,43.660514,0 -122.802998,43.660146,0 -122.798079,43.659794,0 -122.793160,43.659442,0 -122.793166,43.655943,0 -122.793172,43.652444,0 -122.798241,43.652723,0 -122.803311,43.653002,0 -122.808420,43.653283,0 -122.808281,43.656899,0 -122.808154,43.660514,0</coordinates></LinearRing></outerBoundaryIs></Polygon></Placemark><Placemark><name>SILVERADO #1 [APPROX quarter-section]</name><description>placer | serial ORMC176597 | 40.0 ac | Active | qtr-sec OR 33 0230S 0010W 025 A SW | recorded~2021 (DB date, not legal located date) | src: BLM MLRS Not Closed | APPROX (BLM quarter-section)</description><styleUrl>#active_claim</styleUrl><Polygon><outerBoundaryIs><LinearRing><coordinates>-122.756741,43.544484,0 -122.751778,43.544543,0 -122.751866,43.541095,0 -122.751953,43.537647,0 -122.756898,43.537647,0 -122.761843,43.537648,0 -122.761774,43.541036,0 -122.761564,43.544395,0 -122.756741,43.544484,0</coordinates></LinearRing></outerBoundaryIs></Polygon></Placemark><Placemark><name>SILVERADO #2 [APPROX quarter-section]</name><description>placer | serial ORMC176598 | 40.0 ac | Active | qtr-sec OR 33 0230S 0010W 025 A SW | recorded~2021 (DB date, not legal located date) | src: BLM MLRS Not Closed | APPROX (BLM quarter-section)</description><styleUrl>#active_claim</styleUrl><Polygon><outerBoundaryIs><LinearRing><coordinates>-122.756741,43.544484,0 -122.751778,43.544543,0 -122.751866,43.541095,0 -122.751953,43.537647,0 -122.756898,43.537647,0 -122.761843,43.537648,0 -122.761774,43.541036,0 -122.761564,43.544395,0 -122.756741,43.544484,0</coordinates></LinearRing></outerBoundaryIs></Polygon></Placemark><Placemark><name>FORTUNE COOKIE [APPROX quarter-section]</name><description>placer | serial ORMC176605 | 10.0 ac | Active | qtr-sec OR 33 0220S 0010E 026 A SE | recorded~2021 (DB date, not legal located date) | src: BLM MLRS Not Closed | APPROX (BLM quarter-section)</description><styleUrl>#active_claim</styleUrl><Polygon><outerBoundaryIs><LinearRing><coordinates>-122.657082,43.625065,0 -122.657077,43.627371,0 -122.657074,43.629167,0 -122.657070,43.630964,0 -122.654576,43.630954,0 -122.652082,43.630945,0 -122.647095,43.630926,0 -122.647101,43.627325,0 -122.647103,43.626285,0 -122.647106,43.624602,0 -122.647040,43.624592,0 -122.647101,43.623864,0 -122.647104,43.623865,0 -122.647107,43.623865,0 -122.647561,43.623928,0 -122.647578,43.623727,0 -122.652096,43.623751,0 -122.653199,43.623757,0 -122.657084,43.623779,0 -122.657082,43.625065,0</coordinates></LinearRing></outerBoundaryIs></Polygon></Placemark><Placemark><name>CATTY [APPROX quarter-section]</name><description>placer | serial ORMC177196 | 20.0 ac | Active | qtr-sec OR 33 0220S 0010E 027 A SE | recorded~2021 (DB date, not legal located date) | src: BLM MLRS Not Closed | APPROX (BLM quarter-section)</description><styleUrl>#active_claim</styleUrl><Polygon><outerBoundaryIs><LinearRing><coordinates>-122.676969,43.623850,0 -122.676977,43.627438,0 -122.676985,43.631049,0 -122.672008,43.631025,0 -122.667030,43.631001,0 -122.667029,43.627398,0 -122.667028,43.623795,0 -122.671999,43.623811,0 -122.676969,43.623827,0 -122.676969,43.623850,0</coordinates></LinearRing></outerBoundaryIs></Polygon></Placemark><Placemark><name>CROOKED T [APPROX quarter-section]</name><description>placer | serial ORMC178467 | 20.0 ac | Active | qtr-sec OR 33 0230S 0010W 013 A SWNE | recorded~2021 (DB date, not legal located date) | src: BLM MLRS Not Closed | APPROX (BLM quarter-section)</description><styleUrl>#active_claim</styleUrl><Polygon><outerBoundaryIs><LinearRing><coordinates>-122.751234,43.571854,0 -122.751241,43.575724,0 -122.746303,43.575957,0 -122.746297,43.572296,0 -122.751234,43.571854,0</coordinates></LinearRing></outerBoundaryIs></Polygon></Placemark><Placemark><name>RONDEE [APPROX quarter-section]</name><description>placer | serial ORMC18170 | 11.0 ac | Active | qtr-sec OR 33 0230S 0010E 012 A NW|OR 33 0230S 0010E 012 A NE|OR 33 0230S 0010E 012 A SE | recorded~2021 (DB date, not legal located date) | src: BLM MLRS Not Closed | APPROX (BLM quarter-section)</description><styleUrl>#active_claim</styleUrl><Polygon><outerBoundaryIs><LinearRing><coordinates>-122.632868,43.583079,0 -122.632874,43.590321,0 -122.642758,43.590270,0 -122.642727,43.597517,0 -122.632880,43.597563,0 -122.623032,43.597610,0 -122.623008,43.590372,0 -122.622958,43.583136,0 -122.632868,43.583079,0</coordinates></LinearRing></outerBoundaryIs></Polygon></Placemark><Placemark><name>CLIMAX #1 [APPROX quarter-section]</name><description>placer | serial ORMC23002 | 18.24 ac | Active | qtr-sec OR 33 0230S 0010E 019 A SW | recorded~2021 (DB date, not legal located date) | src: BLM MLRS Not Closed | APPROX (BLM quarter-section)</description><styleUrl>#active_claim</styleUrl><Polygon><outerBoundaryIs><LinearRing><coordinates>-122.731941,43.554136,0 -122.741540,43.554154,0 -122.741466,43.561713,0 -122.731898,43.561530,0 -122.731941,43.554136,0</coordinates></LinearRing></outerBoundaryIs></Polygon></Placemark><Placemark><name>CLIMAX #2 [APPROX quarter-section]</name><description>placer | serial ORMC23003 | 20.0 ac | Active | qtr-sec OR 33 0230S 0010E 019 A SW | recorded~2021 (DB date, not legal located date) | src: BLM MLRS Not Closed | APPROX (BLM quarter-section)</description><styleUrl>#active_claim</styleUrl><Polygon><outerBoundaryIs><LinearRing><coordinates>-122.731941,43.554136,0 -122.741540,43.554154,0 -122.741466,43.561713,0 -122.731898,43.561530,0 -122.731941,43.554136,0</coordinates></LinearRing></outerBoundaryIs></Polygon></Placemark><Placemark><name>CLIMAX #4 [APPROX quarter-section]</name><description>placer | serial ORMC23005 | 20.0 ac | Active | qtr-sec OR 33 0230S 0010E 019 A SE | recorded~2021 (DB date, not legal located date) | src: BLM MLRS Not Closed | APPROX (BLM quarter-section)</description><styleUrl>#active_claim</styleUrl><Polygon><outerBoundaryIs><LinearRing><coordinates>-122.722342,43.554118,0 -122.731941,43.554136,0 -122.731898,43.561530,0 -122.722330,43.561347,0 -122.722342,43.554118,0</coordinates></LinearRing></outerBoundaryIs></Polygon></Placemark><Placemark><name>CLIMAX #5 [APPROX quarter-section]</name><description>placer | serial ORMC23006 | 20.0 ac | Active | qtr-sec OR 33 0230S 0010E 019 A SE | recorded~2021 (DB date, not legal located date) | src: BLM MLRS Not Closed | APPROX (BLM quarter-section)</description><styleUrl>#active_claim</styleUrl><Polygon><outerBoundaryIs><LinearRing><coordinates>-122.722342,43.554118,0 -122.731941,43.554136,0 -122.731898,43.561530,0 -122.722330,43.561347,0 -122.722342,43.554118,0</coordinates></LinearRing></outerBoundaryIs></Polygon></Placemark><Placemark><name>CLIMAX #6 [APPROX quarter-section]</name><description>placer | serial ORMC23007 | 20.0 ac | Active | qtr-sec OR 33 0230S 0010E 020 A SW | recorded~2021 (DB date, not legal located date) | src: BLM MLRS Not Closed | APPROX (BLM quarter-section)</description><styleUrl>#active_claim</styleUrl><Polygon><outerBoundaryIs><LinearRing><coordinates>-122.722342,43.554118,0 -122.722330,43.561347,0 -122.712387,43.561308,0 -122.712385,43.554063,0 -122.722342,43.554118,0</coordinates></LinearRing></outerBoundaryIs></Polygon></Placemark><Placemark><name>NEPTUNE BLUE I [APPROX quarter-section]</name><description>placer | serial ORMC34471 | 15.0 ac | Active | qtr-sec OR 33 0230S 0010E 017 A NW | recorded~2021 (DB date, not legal located date) | src: BLM MLRS Not Closed | APPROX (BLM quarter-section)</description><styleUrl>#active_claim</styleUrl><Polygon><outerBoundaryIs><LinearRing><coordinates>-122.722340,43.575831,0 -122.722361,43.583084,0 -122.712444,43.583061,0 -122.712416,43.575807,0 -122.722340,43.575831,0</coordinates></LinearRing></outerBoundaryIs></Polygon></Placemark><Placemark><name>WESTSIDE [APPROX quarter-section]</name><description>placer | serial ORMC86891 | 40.0 ac | Active | qtr-sec OR 33 0220S 0010W 009 A SE | recorded~2021 (DB date, not legal located date) | src: BLM MLRS Not Closed | APPROX (BLM quarter-section)</description><styleUrl>#active_claim</styleUrl><Polygon><outerBoundaryIs><LinearRing><coordinates>-122.818180,43.667637,0 -122.818233,43.671372,0 -122.818286,43.675107,0 -122.813331,43.674966,0 -122.808376,43.674825,0 -122.808284,43.671298,0 -122.808167,43.667770,0 -122.813173,43.667701,0 -122.818180,43.667637,0</coordinates></LinearRing></outerBoundaryIs></Polygon></Placemark><Placemark><name>Halfway [APPROX quarter-section]</name><description>placer | serial OR105830811 | 18.0 ac | Active | qtr-sec OR 33 0220S 0010W 005 A SW | recorded~2023 (DB date, not legal located date) | src: BLM MLRS Not Closed | APPROX (BLM quarter-section)</description><styleUrl>#active_claim</styleUrl><Polygon><outerBoundaryIs><LinearRing><coordinates>-122.847798,43.685558,0 -122.847923,43.688850,0 -122.843020,43.688899,0 -122.838117,43.688948,0 -122.838032,43.685595,0 -122.837948,43.682242,0 -122.842813,43.682242,0 -122.847679,43.682243,0 -122.847798,43.685558,0</coordinates></LinearRing></outerBoundaryIs><innerBoundaryIs><LinearRing><coordinates>-122.842917,43.685577,0 -122.842916,43.685577,0 -122.843020,43.688899,0 -122.842917,43.685577,0</coordinates></LinearRing></innerBoundaryIs></Polygon></Placemark><Placemark><name>Bells Gold PMC [APPROX quarter-section]</name><description>placer | serial OR106326444 | 0.0 ac | Active | qtr-sec OR 33 0022S 0002E 033 South1/2ofthenorth1/2&amp;thenorth1/2ofthesouth1/2oftheSWNEquarterofsection33,Township22South,Range2Eastofthewillamettemeridian | OR 33 0220S 0020E 033 | OR 33 0220S 0020E 033 A NE | recorded~2023 (DB date, not legal located …</description><styleUrl>#active_claim</styleUrl><Polygon><outerBoundaryIs><LinearRing><coordinates>-122.578939,43.619244,0 -122.578976,43.626457,0 -122.568952,43.626485,0 -122.568924,43.619284,0 -122.578939,43.619244,0</coordinates></LinearRing></outerBoundaryIs></Polygon></Placemark><Placemark><name>Crooked T 2 [APPROX quarter-section]</name><description>placer | serial OR106370888 | 9.29 ac | Active | qtr-sec OR 33 0230S 0010W 013 A SE | recorded~2024 (DB date, not legal located date) | src: BLM MLRS Not Closed | APPROX (BLM quarter-section)</description><styleUrl>#active_claim</styleUrl><Polygon><outerBoundaryIs><LinearRing><coordinates>-122.741350,43.565806,0 -122.746286,43.565452,0 -122.751233,43.565108,0 -122.751228,43.568476,0 -122.751234,43.571854,0 -122.746297,43.572296,0 -122.741360,43.572738,0 -122.741364,43.572309,0 -122.741391,43.569272,0 -122.741397,43.568666,0 -122.741350,43.565806,0</coordinates></LinearRing></outerBoundaryIs></Polygon></Placemark><Placemark><name>Geisha Gal [APPROX quarter-section]</name><description>placer | serial OR106391866 | 20.0 ac | Filed | qtr-sec OR 33 0220S 0020E 029 | OR 33 0220S 0020E 029 A NW | recorded~2024 (DB date, not legal located date) | src: BLM MLRS Not Closed | APPROX (BLM quarter-section)</description><styleUrl>#active_claim</styleUrl><Polygon><outerBoundaryIs><LinearRing><coordinates>-122.608939,43.633566,0 -122.608948,43.640798,0 -122.599009,43.640843,0 -122.598987,43.633612,0 -122.608939,43.633566,0</coordinates></LinearRing></outerBoundaryIs></Polygon></Placemark><Placemark><name>Nuthin But Nugget [APPROX quarter-section]</name><description>placer | serial OR106391868 | 20.0 ac | Filed | qtr-sec OR 33 0220S 0010E 026 A NW | recorded~2024 (DB date, not legal located date) | src: BLM MLRS Not Closed | APPROX (BLM quarter-section)</description><styleUrl>#active_claim</styleUrl><Polygon><outerBoundaryIs><LinearRing><coordinates>-122.662050,43.630982,0 -122.667030,43.631001,0 -122.667031,43.634604,0 -122.667031,43.638206,0 -122.662044,43.638187,0 -122.657056,43.638167,0 -122.657063,43.634565,0 -122.657070,43.630964,0 -122.659560,43.630973,0 -122.662050,43.630982,0</coordinates></LinearRing></outerBoundaryIs></Polygon></Placemark><Placemark><name>Ol' Number Seven [APPROX quarter-section]</name><description>placer | serial OR106391867 | 20.0 ac | Filed | qtr-sec OR 33 0220S 0010E 026 A NW | recorded~2024 (DB date, not legal located date) | src: BLM MLRS Not Closed | APPROX (BLM quarter-section)</description><styleUrl>#active_claim</styleUrl><Polygon><outerBoundaryIs><LinearRing><coordinates>-122.662050,43.630982,0 -122.667030,43.631001,0 -122.667031,43.634604,0 -122.667031,43.638206,0 -122.662044,43.638187,0 -122.657056,43.638167,0 -122.657063,43.634565,0 -122.657070,43.630964,0 -122.659560,43.630973,0 -122.662050,43.630982,0</coordinates></LinearRing></outerBoundaryIs></Polygon></Placemark><Placemark><name>Geisha Girl [APPROX quarter-section]</name><description>placer | serial OR106391869 | 20.0 ac | Filed | qtr-sec OR 33 0220S 0010E 035 A NE | OR 33 0220S 0010E 035 A NE | OR 33 0220S 0010E 035 A NE | OR 33 0220S 0010E 035 A NE | recorded~2024 (DB date, not legal located date) | src: BLM MLRS Not Closed | APPROX (BLM quarter-section)</description><styleUrl>#active_claim</styleUrl><Polygon><outerBoundaryIs><LinearRing><coordinates>-122.657084,43.623779,0 -122.653199,43.623757,0 -122.652096,43.623751,0 -122.647578,43.623727,0 -122.647108,43.623724,0 -122.647108,43.622188,0 -122.647108,43.620116,0 -122.647108,43.616507,0 -122.652085,43.616520,0 -122.657063,43.616533,0 -122.657074,43.620156,0 -122.657083,43.623395,0 -122.657084,43.623779,0</coordinates></LinearRing></outerBoundaryIs></Polygon></Placemark><Placemark><name>Golden Lotus [APPROX quarter-section]</name><description>placer | serial OR106391870 | 360.0 ac | Active | qtr-sec OR 33 0220S 0010E 036 A SWNWNWSWNW | OR 33 0220S 0010E 036 A N2NESWSWNW | OR 33 0220S 0010E 036 A N2SWSESWNW | OR 33 0220S 0010E 036 A SWSESESWNW | OR 33 0220S 0010E 036 A S2SENWSWNW | OR 33 0220S 0010E 036 A W2NWSESWNW | OR 33 0220S 0010E 0…</description><styleUrl>#active_claim</styleUrl><Polygon><outerBoundaryIs><LinearRing><coordinates>-122.645251,43.618760,0 -122.644631,43.618759,0 -122.644631,43.618308,0 -122.644012,43.618308,0 -122.644011,43.617857,0 -122.644011,43.617406,0 -122.643392,43.617405,0 -122.643391,43.616954,0 -122.642772,43.616954,0 -122.642771,43.616503,0 -122.643391,43.616504,0 -122.644010,43.616504,0 -122.644011,43.616955,0 -122.644630,43.616956,0 -122.644630,43.617406,0 -122.645250,43.617407,0 -122.645250,43.617858,0 -122.645869,43.617859,0 -122.645869,43.618310,0 -122.645870,43.618761,0 -122.645251,43.618760,0</coordinates></LinearRing></outerBoundaryIs></Polygon></Placemark><Placemark><name>EVENING STAR 900 [APPROX quarter-section]</name><description>tunnel site | serial ORMC154942 | 206.61 ac | Active | qtr-sec OR 33 0230S 0010E 013 A NE | recorded~2021 (DB date, not legal located date) | src: BLM MLRS Not Closed | APPROX (BLM quarter-section)</description><styleUrl>#active_claim</styleUrl><Polygon><outerBoundaryIs><LinearRing><coordinates>-122.632862,43.575840,0 -122.632868,43.583079,0 -122.622958,43.583136,0 -122.622943,43.575892,0 -122.632862,43.575840,0</coordinates></LinearRing></outerBoundaryIs></Polygon></Placemark><Placemark><name>Dag Nabit [APPROX quarter-section]</name><description>placer | serial OR106709327 | 40.0 ac | Active | qtr-sec OR 33 0230S 0010W 012 A E2NESE | recorded~2024 (DB date, not legal located date) | src: BLM MLRS Not Closed | APPROX (BLM quarter-section)</description><styleUrl>#active_claim</styleUrl><Polygon><outerBoundaryIs><LinearRing><coordinates>-122.741701,43.583396,0 -122.744190,43.583321,0 -122.744365,43.585163,0 -122.744541,43.587005,0 -122.742032,43.587141,0 -122.741866,43.585268,0 -122.741701,43.583396,0</coordinates></LinearRing></outerBoundaryIs></Polygon></Placemark><Placemark><name>Home Run [APPROX quarter-section]</name><description>lode | serial OR106712442 | 20.66 ac | Filed | qtr-sec OR 33 0230S 0010E 013 NW | recorded~2025 (DB date, not legal located date) | src: BLM MLRS Not Closed | APPROX (BLM quarter-section)</description><styleUrl>#active_claim</styleUrl><Polygon><outerBoundaryIs><LinearRing><coordinates>-122.642779,43.575789,0 -122.642775,43.583022,0 -122.632868,43.583079,0 -122.632862,43.575840,0 -122.642779,43.575789,0</coordinates></LinearRing></outerBoundaryIs></Polygon></Placemark><Placemark><name>Musick Extension [APPROX quarter-section]</name><description>lode | serial OR106712444 | 20.66 ac | Filed | qtr-sec OR 33 0230S 0010E 013 SW | recorded~2025 (DB date, not legal located date) | src: BLM MLRS Not Closed | APPROX (BLM quarter-section)</description><styleUrl>#active_claim</styleUrl><Polygon><outerBoundaryIs><LinearRing><coordinates>-122.642783,43.568555,0 -122.642779,43.575789,0 -122.632862,43.575840,0 -122.632856,43.568602,0 -122.642783,43.568555,0</coordinates></LinearRing></outerBoundaryIs></Polygon></Placemark><Placemark><name>Specimen [APPROX quarter-section]</name><description>lode | serial OR106712436 | 20.66 ac | Filed | qtr-sec OR 33 0230S 0010E 013 NW | recorded~2025 (DB date, not legal located date) | src: BLM MLRS Not Closed | APPROX (BLM quarter-section)</description><styleUrl>#active_claim</styleUrl><Polygon><outerBoundaryIs><LinearRing><coordinates>-122.642779,43.575789,0 -122.642775,43.583022,0 -122.632868,43.583079,0 -122.632862,43.575840,0 -122.642779,43.575789,0</coordinates></LinearRing></outerBoundaryIs></Polygon></Placemark><Placemark><name>Home Run Extension [APPROX quarter-section]</name><description>lode | serial OR106712443 | 20.66 ac | Filed | qtr-sec OR 33 0230S 0010E 014 NW | recorded~2025 (DB date, not legal located date) | src: BLM MLRS Not Closed | APPROX (BLM quarter-section)</description><styleUrl>#active_claim</styleUrl><Polygon><outerBoundaryIs><LinearRing><coordinates>-122.662615,43.575729,0 -122.662595,43.582962,0 -122.652685,43.582992,0 -122.652697,43.575759,0 -122.662615,43.575729,0</coordinates></LinearRing></outerBoundaryIs></Polygon></Placemark><Placemark><name>Mystery [APPROX quarter-section]</name><description>lode | serial OR106712445 | 20.66 ac | Filed | qtr-sec OR 33 0230S 0010E 014 NE | recorded~2025 (DB date, not legal located date) | src: BLM MLRS Not Closed | APPROX (BLM quarter-section)</description><styleUrl>#active_claim</styleUrl><Polygon><outerBoundaryIs><LinearRing><coordinates>-122.652697,43.575759,0 -122.652685,43.582992,0 -122.642775,43.583022,0 -122.642779,43.575789,0 -122.652697,43.575759,0</coordinates></LinearRing></outerBoundaryIs></Polygon></Placemark><Placemark><name>Hackysack [APPROX quarter-section]</name><description>lode | serial OR106712441 | 20.66 ac | Filed | qtr-sec OR 33 0230S 0010E 013 SW | recorded~2025 (DB date, not legal located date) | src: BLM MLRS Not Closed | APPROX (BLM quarter-section)</description><styleUrl>#active_claim</styleUrl><Polygon><outerBoundaryIs><LinearRing><coordinates>-122.642783,43.568555,0 -122.642779,43.575789,0 -122.632862,43.575840,0 -122.632856,43.568602,0 -122.642783,43.568555,0</coordinates></LinearRing></outerBoundaryIs></Polygon></Placemark><Placemark><name>War Eagle [APPROX quarter-section]</name><description>lode | serial OR106712437 | 20.66 ac | Filed | qtr-sec OR 33 0230S 0010E 014 NE | recorded~2025 (DB date, not legal located date) | src: BLM MLRS Not Closed | APPROX (BLM quarter-section)</description><styleUrl>#active_claim</styleUrl><Polygon><outerBoundaryIs><LinearRing><coordinates>-122.652697,43.575759,0 -122.652685,43.582992,0 -122.642775,43.583022,0 -122.642779,43.575789,0 -122.652697,43.575759,0</coordinates></LinearRing></outerBoundaryIs></Polygon></Placemark><Placemark><name>Butte [APPROX quarter-section]</name><description>lode | serial OR106712439 | 20.66 ac | Filed | qtr-sec OR 33 0230S 0010E 014 NW | recorded~2025 (DB date, not legal located date) | src: BLM MLRS Not Closed | APPROX (BLM quarter-section)</description><styleUrl>#active_claim</styleUrl><Polygon><outerBoundaryIs><LinearRing><coordinates>-122.662615,43.575729,0 -122.662595,43.582962,0 -122.652685,43.582992,0 -122.652697,43.575759,0 -122.662615,43.575729,0</coordinates></LinearRing></outerBoundaryIs></Polygon></Placemark><Placemark><name>Yukon [APPROX quarter-section]</name><description>lode | serial OR106712438 | 20.66 ac | Filed | qtr-sec OR 33 0230S 0010E 014 NW | recorded~2025 (DB date, not legal located date) | src: BLM MLRS Not Closed | APPROX (BLM quarter-section)</description><styleUrl>#active_claim</styleUrl><Polygon><outerBoundaryIs><LinearRing><coordinates>-122.662615,43.575729,0 -122.662595,43.582962,0 -122.652685,43.582992,0 -122.652697,43.575759,0 -122.662615,43.575729,0</coordinates></LinearRing></outerBoundaryIs></Polygon></Placemark><Placemark><name>Defiance Apex [APPROX quarter-section]</name><description>lode | serial OR106712440 | 20.66 ac | Filed | qtr-sec OR 33 0230S 0010E 014 NW | recorded~2025 (DB date, not legal located date) | src: BLM MLRS Not Closed | APPROX (BLM quarter-section)</description><styleUrl>#active_claim</styleUrl><Polygon><outerBoundaryIs><LinearRing><coordinates>-122.662615,43.575729,0 -122.662595,43.582962,0 -122.652685,43.582992,0 -122.652697,43.575759,0 -122.662615,43.575729,0</coordinates></LinearRing></outerBoundaryIs></Polygon></Placemark><Placemark><name>EMPTY POCKETS [APPROX quarter-section]</name><description>placer | serial OR106715274 | 40.0 ac | Active | qtr-sec OR 33 0220S 0010E 035 A NWNE | recorded~2025 (DB date, not legal located date) | src: BLM MLRS Not Closed | APPROX (BLM quarter-section)</description><styleUrl>#active_claim</styleUrl><Polygon><outerBoundaryIs><LinearRing><coordinates>-122.655186,43.621995,0 -122.652093,43.621558,0 -122.652091,43.620136,0 -122.657074,43.620156,0 -122.657083,43.623395,0 -122.654894,43.623089,0 -122.655186,43.621995,0</coordinates></LinearRing></outerBoundaryIs></Polygon></Placemark><Placemark><name>Brass Nugget #2 [APPROX quarter-section]</name><description>placer | serial OR106716735 | 40.0 ac | Filed | qtr-sec OR 33 0220S 0010W 035 A W2NWSE | recorded~2025 (DB date, not legal located date) | src: BLM MLRS Not Closed | APPROX (BLM quarter-section)</description><styleUrl>#active_claim</styleUrl><Polygon><outerBoundaryIs><LinearRing><coordinates>-122.770995,43.612905,0 -122.773434,43.612876,0 -122.773398,43.614643,0 -122.773363,43.616409,0 -122.770925,43.616442,0 -122.770960,43.614673,0 -122.770995,43.612905,0</coordinates></LinearRing></outerBoundaryIs></Polygon></Placemark><Placemark><name>RMPA Brice [APPROX quarter-section]</name><description>placer | serial OR106719394 | 20.0 ac | Active | qtr-sec OR 33 0220S 0010E 015 E2W2SESW | recorded~2025 (DB date, not legal located date) | src: BLM MLRS Not Closed | APPROX (BLM quarter-section)</description><styleUrl>#active_claim</styleUrl><Polygon><outerBoundaryIs><LinearRing><coordinates>-122.679547,43.652731,0 -122.680796,43.652744,0 -122.680801,43.654558,0 -122.680807,43.656372,0 -122.679551,43.656354,0 -122.679549,43.654543,0 -122.679547,43.652731,0</coordinates></LinearRing></outerBoundaryIs></Polygon></Placemark><Placemark><name>CandC [APPROX quarter-section]</name><description>placer | serial OR106721464 | 40.0 ac | Under Review | qtr-sec OR 33 0220S 0010W 035 SWNE | OR 33 0220S 0010W 035 SENW | OR 33 0220S 0010W 035 SWNW | recorded~2025 (DB date, not legal located date) | src: BLM MLRS Not Closed | APPROX (BLM quarter-section)</description><styleUrl>#active_claim</styleUrl><Polygon><outerBoundaryIs><LinearRing><coordinates>-122.783174,43.616275,0 -122.783121,43.619756,0 -122.778206,43.619863,0 -122.773292,43.619970,0 -122.768413,43.620043,0 -122.768487,43.616474,0 -122.773363,43.616409,0 -122.774589,43.616392,0 -122.775815,43.616375,0 -122.777042,43.616359,0 -122.778268,43.616342,0 -122.783174,43.616275,0</coordinates></LinearRing></outerBoundaryIs></Polygon></Placemark><Placemark><name>Never Enough [APPROX quarter-section]</name><description>placer | serial OR106737431 | 40.0 ac | Active | qtr-sec OR 33 0230S 0010E 013 A S2NESW | OR 33 0230S 0010E 013 A E2NWSW | recorded~2025 (DB date, not legal located date) | src: BLM MLRS Not Closed | APPROX (BLM quarter-section)</description><styleUrl>#active_claim</styleUrl><Polygon><outerBoundaryIs><LinearRing><coordinates>-122.632860,43.574031,0 -122.632859,43.572221,0 -122.635339,43.572209,0 -122.637820,43.572196,0 -122.640300,43.572184,0 -122.640300,43.573993,0 -122.640300,43.575802,0 -122.637820,43.575814,0 -122.637820,43.574005,0 -122.635340,43.574018,0 -122.632860,43.574031,0</coordinates></LinearRing></outerBoundaryIs></Polygon></Placemark><Placemark><name>Jakey Y [APPROX quarter-section]</name><description>placer | serial OR106728937 | 40.0 ac | Active | qtr-sec OR 33 0230S 0010E 024 A SENWNE | OR 33 0230S 0010E 024 A SWNENE | OR 33 0230S 0010E 024 A NESWNE | OR 33 0230S 0010E 024 A NWSENE | recorded~2025 (DB date, not legal located date) | src: BLM MLRS Not Closed | APPROX (BLM quarter-section)</description><styleUrl>#active_claim</styleUrl><Polygon><outerBoundaryIs><LinearRing><coordinates>-122.625429,43.563219,0 -122.627910,43.563205,0 -122.630390,43.563191,0 -122.630385,43.564999,0 -122.630379,43.566806,0 -122.627898,43.566818,0 -122.625417,43.566831,0 -122.625423,43.565025,0 -122.625429,43.563219,0</coordinates></LinearRing></outerBoundaryIs></Polygon></Placemark><Placemark><name>RYEMS [APPROX quarter-section]</name><description>placer | serial OR106728941 | 40.0 ac | Active | qtr-sec OR 33 0230S 0010E 013 A SESESW | OR 33 0230S 0010E 024 A NENENW | OR 33 0230S 0010E 013 A SWSWSE | OR 33 0230S 0010E 024 A NWNWNE | recorded~2025 (DB date, not legal located date) | src: BLM MLRS Not Closed | APPROX (BLM quarter-section)</description><styleUrl>#active_claim</styleUrl><Polygon><outerBoundaryIs><LinearRing><coordinates>-122.630379,43.566806,0 -122.632861,43.566794,0 -122.635342,43.566781,0 -122.635338,43.568590,0 -122.635338,43.570399,0 -122.632857,43.570411,0 -122.630376,43.570423,0 -122.630374,43.568613,0 -122.630379,43.566806,0</coordinates></LinearRing></outerBoundaryIs></Polygon></Placemark><Placemark><name>East Helena III [APPROX quarter-section]</name><description>lode | serial OR106760025 | 20.66 ac | Active | qtr-sec OR 33 0230S 0020E 017 | OR 33 0230S 0020E 017 | OR 33 0230S 0020E 017 | OR 33 0230S 0020E 017 | OR 33 0230S 0020E 017 | OR 33 0230S 0020E 017 | recorded~2025 (DB date, not legal located date) | src: BLM MLRS Not Closed | APPROX (BLM quarter-se…</description><styleUrl>#active_claim</styleUrl><Polygon><outerBoundaryIs><LinearRing><coordinates>-122.598260,43.578349,0 -122.608181,43.578358,0 -122.608203,43.585588,0 -122.598275,43.585596,0 -122.598260,43.578349,0</coordinates></LinearRing></outerBoundaryIs></Polygon></Placemark><Placemark><name>BIRD'S NEST #1 [APPROX quarter-section]</name><description>lode | serial OR106763019 | 20.66115702 ac | Active | qtr-sec OR 33 0230S 0010E 017 A SESWSE | OR 33 0230S 0010E 017 A SWSESE | recorded~2025 (DB date, not legal located date) | src: BLM MLRS Not Closed | APPROX (BLM quarter-section)</description><styleUrl>#active_claim</styleUrl><Polygon><outerBoundaryIs><LinearRing><coordinates>-122.704949,43.570347,0 -122.704941,43.568534,0 -122.707424,43.568540,0 -122.709906,43.568546,0 -122.709913,43.570360,0 -122.707431,43.570354,0 -122.704949,43.570347,0</coordinates></LinearRing></outerBoundaryIs></Polygon></Placemark><Placemark><name>Cat House [APPROX quarter-section]</name><description>lode | serial OR106762686 | 20.66115702 ac | Active | qtr-sec OR 33 0230S 0010E 003 E NW | OR 33 0230S 0010E 003 E SE | recorded~2025 (DB date, not legal located date) | src: BLM MLRS Not Closed | APPROX (BLM quarter-section)</description><styleUrl>#active_claim</styleUrl><Polygon><outerBoundaryIs><LinearRing><coordinates>-122.662534,43.609313,0 -122.662528,43.602821,0 -122.662531,43.600970,0 -122.662531,43.600569,0 -122.662531,43.600452,0 -122.662534,43.598884,0 -122.662536,43.597473,0 -122.665645,43.597470,0 -122.667546,43.597468,0 -122.672558,43.597463,0 -122.682580,43.597452,0 -122.682586,43.602675,0 -122.682496,43.609345,0 -122.681864,43.609344,0 -122.677506,43.609337,0 -122.676901,43.609337,0 -122.672517,43.609329,0 -122.672402,43.609329,0 -122.671938,43.609329,0 -122.669166,43.609324,0 -122.667527,43.609321,0 -122.666975,43.609321,0 -122.662534,43.609313,0</coordinates></LinearRing></outerBoundaryIs></Polygon></Placemark><Placemark><name>Norseman [APPROX quarter-section]</name><description>placer | serial OR106758248 | 20.0 ac | Active | qtr-sec OR 33 0230S 0010W 012 A W2NESE | recorded~2025 (DB date, not legal located date) | src: BLM MLRS Not Closed | APPROX (BLM quarter-section)</description><styleUrl>#active_claim</styleUrl><Polygon><outerBoundaryIs><LinearRing><coordinates>-122.744190,43.583321,0 -122.746679,43.583246,0 -122.746864,43.585058,0 -122.747050,43.586870,0 -122.744541,43.587005,0 -122.744365,43.585163,0 -122.744190,43.583321,0</coordinates></LinearRing></outerBoundaryIs></Polygon></Placemark><Placemark><name>Bernard’s [APPROX quarter-section]</name><description>placer | serial OR106780173 | 40.0 ac | Active | qtr-sec OR 33 0230S 0010E 030 A NENWSE | OR 33 0230S 0010E 030 A NWSESE | OR 33 0230S 0010E 030 A NWNESE | OR 33 0230S 0010E 030 A SWNESE | recorded~2026 (DB date, not legal located date) | src: BLM MLRS Not Closed | APPROX (BLM quarter-section)</description><styleUrl>#active_claim</styleUrl><Polygon><outerBoundaryIs><LinearRing><coordinates>-122.724820,43.541514,0 -122.727266,43.541522,0 -122.727248,43.543324,0 -122.727230,43.545125,0 -122.729663,43.545133,0 -122.729639,43.546934,0 -122.727212,43.546926,0 -122.724786,43.546919,0 -122.724797,43.545117,0 -122.724808,43.543316,0 -122.724820,43.541514,0</coordinates></LinearRing></outerBoundaryIs></Polygon></Placemark><Placemark><name>Winston [APPROX quarter-section]</name><description>placer | serial OR106785004 | 20.0 ac | Active | qtr-sec OR 33 0230S 0010E 030 A S2SWNE | recorded~2026 (DB date, not legal located date) | src: BLM MLRS Not Closed | APPROX (BLM quarter-section)</description><styleUrl>#active_claim</styleUrl><Polygon><outerBoundaryIs><LinearRing><coordinates>-122.727195,43.548727,0 -122.727212,43.546926,0 -122.729639,43.546934,0 -122.732065,43.546942,0 -122.732034,43.548740,0 -122.729614,43.548733,0 -122.727195,43.548727,0</coordinates></LinearRing></outerBoundaryIs></Polygon></Placemark><Placemark><name>Constant [APPROX quarter-section]</name><description>lode | serial OR105804746 | 20.66 ac | Active | qtr-sec OR 33 0230S 0010E 014 A SE|OR 33 0230S 0010E 014 A ALL|OR 33 0230S 0010E 014 A ALL|OR 33 0230S 0010E 014 A ALL|OR 33 0230S 0010E 014 A ALL|OR 33 0230S 0010E 014 A ALL|OR 33 0230S 0010E 014 A ALL|OR 33 0230S 0010E 014 A ALL|OR 33 0230S 0010E 01…</description><styleUrl>#active_claim</styleUrl><Polygon><outerBoundaryIs><LinearRing><coordinates>-122.645962,43.583027,0 -122.644804,43.583025,0 -122.642775,43.583022,0 -122.642775,43.582968,0 -122.642775,43.582748,0 -122.642776,43.581816,0 -122.642776,43.581516,0 -122.642776,43.581274,0 -122.642777,43.579935,0 -122.642777,43.579889,0 -122.642777,43.579520,0 -122.642777,43.579405,0 -122.642778,43.577998,0 -122.642779,43.576688,0 -122.642779,43.575363,0 -122.642767,43.575359,0 -122.642770,43.573589,0 -122.642780,43.573592,0 -122.642783,43.568555,0 -122.652710,43.568527,0 -122.657671,43.568512,0 -122.662635,43.568497,0 -122.662618,43.578251,0 -122.662616,43.579345,0 -122.662615,43.579593,0 -122.662609,43.579591,0 -122.662599,43.581958,0 -122.662611,43.581960,0 -122.663162,43.582068,0 -122.663068,43.582192,0 -122.662611,43.582041,0 -122.662599,43.582037,0 -122.662595,43.582962,0 -122.658802,43.582942,0 -122.649438,43.583011,0 -122.646956,43.583029,0 -122.645962,43.583027,0</coordinates></LinearRing></outerBoundaryIs></Polygon></Placemark><Placemark><name>Full Moon [APPROX quarter-section]</name><description>lode | serial OR105804748 | 20.66 ac | Active | qtr-sec OR 33 0230S 0010E 014 A SE|OR 33 0230S 0010E 014 A ALL|OR 33 0230S 0010E 014 A ALL|OR 33 0230S 0010E 014 A ALL|OR 33 0230S 0010E 014 A ALL|OR 33 0230S 0010E 014 A ALL|OR 33 0230S 0010E 014 A ALL|OR 33 0230S 0010E 014 A ALL|OR 33 0230S 0010E 01…</description><styleUrl>#active_claim</styleUrl><Polygon><outerBoundaryIs><LinearRing><coordinates>-122.645962,43.583027,0 -122.644804,43.583025,0 -122.642775,43.583022,0 -122.642775,43.582968,0 -122.642775,43.582748,0 -122.642776,43.581816,0 -122.642776,43.581516,0 -122.642776,43.581274,0 -122.642777,43.579935,0 -122.642777,43.579889,0 -122.642777,43.579520,0 -122.642777,43.579405,0 -122.642778,43.577998,0 -122.642779,43.576688,0 -122.642779,43.575363,0 -122.642767,43.575359,0 -122.642770,43.573589,0 -122.642780,43.573592,0 -122.642783,43.568555,0 -122.652710,43.568527,0 -122.657671,43.568512,0 -122.662635,43.568497,0 -122.662618,43.578251,0 -122.662616,43.579345,0 -122.662615,43.579593,0 -122.662609,43.579591,0 -122.662599,43.581958,0 -122.662611,43.581960,0 -122.663162,43.582068,0 -122.663068,43.582192,0 -122.662611,43.582041,0 -122.662599,43.582037,0 -122.662595,43.582962,0 -122.658802,43.582942,0 -122.649438,43.583011,0 -122.646956,43.583029,0 -122.645962,43.583027,0</coordinates></LinearRing></outerBoundaryIs></Polygon></Placemark><Placemark><name>Jackass #1 [APPROX quarter-section]</name><description>lode | serial OR105804749 | 20.66 ac | Active | qtr-sec OR 33 0230S 0010E 014 A SE|OR 33 0230S 0010E 014 A ALL|OR 33 0230S 0010E 014 A ALL|OR 33 0230S 0010E 014 A ALL|OR 33 0230S 0010E 014 A ALL|OR 33 0230S 0010E 014 A ALL|OR 33 0230S 0010E 014 A ALL|OR 33 0230S 0010E 014 A ALL|OR 33 0230S 0010E 01…</description><styleUrl>#active_claim</styleUrl><Polygon><outerBoundaryIs><LinearRing><coordinates>-122.645962,43.583027,0 -122.644804,43.583025,0 -122.642775,43.583022,0 -122.642775,43.582968,0 -122.642775,43.582748,0 -122.642776,43.581816,0 -122.642776,43.581516,0 -122.642776,43.581274,0 -122.642777,43.579935,0 -122.642777,43.579889,0 -122.642777,43.579520,0 -122.642777,43.579405,0 -122.642778,43.577998,0 -122.642779,43.576688,0 -122.642779,43.575363,0 -122.642767,43.575359,0 -122.642770,43.573589,0 -122.642780,43.573592,0 -122.642783,43.568555,0 -122.652710,43.568527,0 -122.657671,43.568512,0 -122.662635,43.568497,0 -122.662618,43.578251,0 -122.662616,43.579345,0 -122.662615,43.579593,0 -122.662609,43.579591,0 -122.662599,43.581958,0 -122.662611,43.581960,0 -122.663162,43.582068,0 -122.663068,43.582192,0 -122.662611,43.582041,0 -122.662599,43.582037,0 -122.662595,43.582962,0 -122.658802,43.582942,0 -122.649438,43.583011,0 -122.646956,43.583029,0 -122.645962,43.583027,0</coordinates></LinearRing></outerBoundaryIs></Polygon></Placemark><Placemark><name>Lincoln [APPROX quarter-section]</name><description>lode | serial OR105804750 | 20.66 ac | Active | qtr-sec OR 33 0230S 0010E 014 A ALL|OR 33 0230S 0010E 023 A SE|OR 33 0230S 0010E 014 A ALL|OR 33 0230S 0010E 014 A ALL|OR 33 0230S 0010E 014 A ALL|OR 33 0230S 0010E 014 A ALL|OR 33 0230S 0010E 014 A ALL|OR 33 0230S 0010E 014 A ALL|OR 33 0230S 0010E 01…</description><styleUrl>#active_claim</styleUrl><Polygon><outerBoundaryIs><LinearRing><coordinates>-122.642775,43.583022,0 -122.642775,43.582968,0 -122.642775,43.582748,0 -122.642776,43.581816,0 -122.642776,43.581516,0 -122.642776,43.581274,0 -122.642777,43.579935,0 -122.642777,43.579889,0 -122.642777,43.579520,0 -122.642777,43.579405,0 -122.642778,43.577998,0 -122.642779,43.576688,0 -122.642779,43.575363,0 -122.642767,43.575359,0 -122.642770,43.573589,0 -122.642780,43.573592,0 -122.642783,43.568555,0 -122.647748,43.568541,0 -122.651986,43.568529,0 -122.652710,43.568527,0 -122.657671,43.568512,0 -122.662635,43.568497,0 -122.662618,43.578251,0 -122.662616,43.579345,0 -122.662615,43.579593,0 -122.662609,43.579591,0 -122.662599,43.581958,0 -122.662611,43.581960,0 -122.663162,43.582068,0 -122.663068,43.582192,0 -122.662611,43.582041,0 -122.662599,43.582037,0 -122.662595,43.582962,0 -122.658802,43.582942,0 -122.649438,43.583011,0 -122.646956,43.583029,0 -122.645962,43.583027,0 -122.644804,43.583025,0 -122.642775,43.583022,0</coordinates></LinearRing></outerBoundaryIs></Polygon></Placemark><Placemark><name>Coolidge [APPROX quarter-section]</name><description>lode | serial OR105804747 | 20.66 ac | Active | qtr-sec OR 33 0230S 0010E 014 A ALL|OR 33 0230S 0010E 023 A SE|OR 33 0230S 0010E 014 A ALL|OR 33 0230S 0010E 014 A ALL|OR 33 0230S 0010E 014 A ALL|OR 33 0230S 0010E 014 A ALL|OR 33 0230S 0010E 014 A ALL|OR 33 0230S 0010E 014 A ALL|OR 33 0230S 0010E 01…</description><styleUrl>#active_claim</styleUrl><Polygon><outerBoundaryIs><LinearRing><coordinates>-122.642775,43.583022,0 -122.642775,43.582968,0 -122.642775,43.582748,0 -122.642776,43.581816,0 -122.642776,43.581516,0 -122.642776,43.581274,0 -122.642777,43.579935,0 -122.642777,43.579889,0 -122.642777,43.579520,0 -122.642777,43.579405,0 -122.642778,43.577998,0 -122.642779,43.576688,0 -122.642779,43.575363,0 -122.642767,43.575359,0 -122.642770,43.573589,0 -122.642780,43.573592,0 -122.642783,43.568555,0 -122.647748,43.568541,0 -122.651986,43.568529,0 -122.652710,43.568527,0 -122.657671,43.568512,0 -122.662635,43.568497,0 -122.662618,43.578251,0 -122.662616,43.579345,0 -122.662615,43.579593,0 -122.662609,43.579591,0 -122.662599,43.581958,0 -122.662611,43.581960,0 -122.663162,43.582068,0 -122.663068,43.582192,0 -122.662611,43.582041,0 -122.662599,43.582037,0 -122.662595,43.582962,0 -122.658802,43.582942,0 -122.649438,43.583011,0 -122.646956,43.583029,0 -122.645962,43.583027,0 -122.644804,43.583025,0 -122.642775,43.583022,0</coordinates></LinearRing></outerBoundaryIs></Polygon></Placemark><Placemark><name>Cupel [APPROX quarter-section]</name><description>placer | serial OR106788765 | 13.25 ac | Active | qtr-sec OR 33 0230S 0010E 012 A S2NESW | recorded~2026 (DB date, not legal located date) | src: BLM MLRS Not Closed | APPROX (BLM quarter-section)</description><styleUrl>#active_claim</styleUrl><Polygon><outerBoundaryIs><LinearRing><coordinates>-122.635345,43.588497,0 -122.632872,43.588510,0 -122.632871,43.586700,0 -122.635345,43.586687,0 -122.637819,43.586673,0 -122.637817,43.588484,0 -122.635345,43.588497,0</coordinates></LinearRing></outerBoundaryIs></Polygon></Placemark><Placemark><name>Deep Down 2 [APPROX quarter-section]</name><description>placer | serial OR106788741 | 20.0 ac | Active | qtr-sec OR 33 0220S 0010E 016 A SESENE | OR 33 0220S 0010E 015 A SWSWNW | recorded~2026 (DB date, not legal located date) | src: BLM MLRS Not Closed | APPROX (BLM quarter-section)</description><styleUrl>#active_claim</styleUrl><Polygon><outerBoundaryIs><LinearRing><coordinates>-122.684581,43.661806,0 -122.684601,43.660067,0 -122.687124,43.660111,0 -122.689584,43.660093,0 -122.689568,43.661832,0 -122.687100,43.661839,0 -122.684581,43.661806,0</coordinates></LinearRing></outerBoundaryIs></Polygon></Placemark><Placemark><name>Good Memories 3 [APPROX quarter-section]</name><description>lode | serial OR106789274 | 20.66115702 ac | Active | qtr-sec OR 33 0220S 0010E 025 E SW | recorded~2026 (DB date, not legal located date) | src: BLM MLRS Not Closed | APPROX (BLM quarter-section)</description><styleUrl>#active_claim</styleUrl><Polygon><outerBoundaryIs><LinearRing><coordinates>-122.641491,43.623713,0 -122.642162,43.623714,0 -122.646089,43.623722,0 -122.647108,43.623724,0 -122.647107,43.623865,0 -122.647104,43.623865,0 -122.647101,43.623864,0 -122.647040,43.624592,0 -122.647106,43.624602,0 -122.647103,43.626285,0 -122.647101,43.627325,0 -122.647095,43.630926,0 -122.647088,43.634527,0 -122.647081,43.638128,0 -122.642134,43.638142,0 -122.637186,43.638155,0 -122.632239,43.638169,0 -122.627291,43.638183,0 -122.627291,43.637005,0 -122.627286,43.634565,0 -122.627286,43.633367,0 -122.627281,43.630948,0 -122.627281,43.629732,0 -122.627276,43.627331,0 -122.627276,43.626094,0 -122.627272,43.624262,0 -122.627271,43.623713,0 -122.629011,43.623712,0 -122.630596,43.623710,0 -122.631858,43.623709,0 -122.632244,43.623709,0 -122.636271,43.623705,0 -122.637217,43.623704,0 -122.641491,43.623713,0</coordinates></LinearRing></outerBoundaryIs></Polygon></Placemark><Placemark><name>Good Memories 2 [APPROX quarter-section]</name><description>lode | serial OR106789273 | 20.66115702 ac | Active | qtr-sec OR 33 0220S 0010E 025 E SE | recorded~2026 (DB date, not legal located date) | src: BLM MLRS Not Closed | APPROX (BLM quarter-section)</description><styleUrl>#active_claim</styleUrl><Polygon><outerBoundaryIs><LinearRing><coordinates>-122.641491,43.623713,0 -122.642162,43.623714,0 -122.646089,43.623722,0 -122.647108,43.623724,0 -122.647107,43.623865,0 -122.647104,43.623865,0 -122.647101,43.623864,0 -122.647040,43.624592,0 -122.647106,43.624602,0 -122.647103,43.626285,0 -122.647101,43.627325,0 -122.647095,43.630926,0 -122.647088,43.634527,0 -122.647081,43.638128,0 -122.642134,43.638142,0 -122.637186,43.638155,0 -122.632239,43.638169,0 -122.627291,43.638183,0 -122.627291,43.637005,0 -122.627286,43.634565,0 -122.627286,43.633367,0 -122.627281,43.630948,0 -122.627281,43.629732,0 -122.627276,43.627331,0 -122.627276,43.626094,0 -122.627272,43.624262,0 -122.627271,43.623713,0 -122.629011,43.623712,0 -122.630596,43.623710,0 -122.631858,43.623709,0 -122.632244,43.623709,0 -122.636271,43.623705,0 -122.637217,43.623704,0 -122.641491,43.623713,0</coordinates></LinearRing></outerBoundaryIs></Polygon></Placemark><Placemark><name>Good Memories 1 [APPROX quarter-section]</name><description>lode | serial OR106789272 | 20.66115702 ac | Active | qtr-sec OR 33 0220S 0010E 025 A SWSW | OR 33 0220S 0010E 025 A NENE | OR 33 0220S 0010E 025 A NWNE | OR 33 0220S 0010E 025 A SENE | OR 33 0220S 0010E 025 A SWNE | OR 33 0220S 0010E 025 A NENW | OR 33 0220S 0010E 025 A NWNW | OR 33 0220S 0010E 02…</description><styleUrl>#active_claim</styleUrl><Polygon><outerBoundaryIs><LinearRing><coordinates>-122.627271,43.623713,0 -122.629011,43.623712,0 -122.630596,43.623710,0 -122.631858,43.623709,0 -122.632244,43.623709,0 -122.636271,43.623705,0 -122.637217,43.623704,0 -122.641491,43.623713,0 -122.642162,43.623714,0 -122.646089,43.623722,0 -122.647108,43.623724,0 -122.647107,43.623865,0 -122.647104,43.623865,0 -122.647101,43.623864,0 -122.647040,43.624592,0 -122.647106,43.624602,0 -122.647103,43.626285,0 -122.647101,43.627325,0 -122.647095,43.630926,0 -122.647088,43.634527,0 -122.647081,43.638128,0 -122.642134,43.638142,0 -122.637186,43.638155,0 -122.632239,43.638169,0 -122.627291,43.638183,0 -122.627291,43.637005,0 -122.627286,43.634565,0 -122.627286,43.633367,0 -122.627281,43.630948,0 -122.627281,43.629732,0 -122.627276,43.627331,0 -122.627276,43.626094,0 -122.627272,43.624262,0 -122.627271,43.623713,0</coordinates></LinearRing></outerBoundaryIs></Polygon></Placemark><Placemark><name>THE PEARL de VERE [APPROX quarter-section]</name><description>placer | serial OR106802498 | 20.0 ac | Filed | qtr-sec OR 33 0220S 0010E 036 SW | recorded~2026 (DB date, not legal located date) | src: BLM MLRS Not Closed | APPROX (BLM quarter-section)</description><styleUrl>#active_claim</styleUrl><Polygon><outerBoundaryIs><LinearRing><coordinates>-122.637172,43.609279,0 -122.637751,43.609279,0 -122.642140,43.609285,0 -122.642713,43.609285,0 -122.647109,43.609290,0 -122.647108,43.612899,0 -122.647108,43.616507,0 -122.642151,43.616502,0 -122.637195,43.616498,0 -122.637184,43.612888,0 -122.637172,43.609279,0</coordinates></LinearRing></outerBoundaryIs></Polygon></Placemark><Placemark><name>Fundamental [APPROX quarter-section]</name><description>placer | serial OR106803259 | 20.0 ac | Filed | qtr-sec OR 33 0230S 0010E 008 N1/2ofSE1/4ofNE1/4 | recorded~2026 (DB date, not legal located date) | src: BLM MLRS Not Closed | APPROX (BLM quarter-section)</description><styleUrl>#active_claim</styleUrl><Polygon><outerBoundaryIs><LinearRing><coordinates>-122.702527,43.583037,0 -122.722361,43.583084,0 -122.722404,43.597589,0 -122.702608,43.597587,0 -122.702527,43.583037,0</coordinates></LinearRing></outerBoundaryIs></Polygon></Placemark><Placemark><name>John Lode [APPROX quarter-section]</name><description>lode | serial OR106815172 | 20.66 ac | Filed | qtr-sec OR 33 0230S 0010E 013 E NW | recorded~2026 (DB date, not legal located date) | src: BLM MLRS Not Closed | APPROX (BLM quarter-section)</description><styleUrl>#active_claim</styleUrl><Polygon><outerBoundaryIs><LinearRing><coordinates>-122.622924,43.571120,0 -122.622922,43.570254,0 -122.622928,43.568648,0 -122.626179,43.568633,0 -122.627892,43.568625,0 -122.637821,43.568579,0 -122.642783,43.568555,0 -122.642780,43.573592,0 -122.642770,43.573589,0 -122.642767,43.575359,0 -122.642779,43.575363,0 -122.642779,43.576688,0 -122.642778,43.577998,0 -122.642777,43.579405,0 -122.642777,43.579520,0 -122.642777,43.579889,0 -122.642777,43.579935,0 -122.642776,43.581274,0 -122.642776,43.581516,0 -122.642776,43.581816,0 -122.642775,43.582748,0 -122.642775,43.582968,0 -122.642775,43.583022,0 -122.641801,43.583028,0 -122.640824,43.583033,0 -122.639865,43.583039,0 -122.639275,43.583042,0 -122.637822,43.583051,0 -122.635049,43.583067,0 -122.634691,43.583069,0 -122.632868,43.583079,0 -122.631655,43.583087,0 -122.630168,43.583095,0 -122.628129,43.583107,0 -122.627913,43.583108,0 -122.626179,43.583118,0 -122.624144,43.583129,0 -122.622958,43.583136,0 -122.622954,43.581967,0 -122.622947,43.579791,0 -122.622946,43.579507,0 -122.622946,43.579342,0 -122.622943,43.578327,0 -122.622942,43.578259,0 -122.622941,43.577693,0 -122.622939,43.577400,0 -122.622936,43.576382,0 -122.622936,43.575997,0 -122.622924,43.571120,0</coordinates></LinearRing></outerBoundaryIs></Polygon></Placemark><Placemark><name>Pop Gun [APPROX quarter-section]</name><description>lode | serial OR106815173 | 20.66 ac | Filed | qtr-sec OR 33 0230S 0010E 013 E NW | recorded~2026 (DB date, not legal located date) | src: BLM MLRS Not Closed | APPROX (BLM quarter-section)</description><styleUrl>#active_claim</styleUrl><Polygon><outerBoundaryIs><LinearRing><coordinates>-122.622924,43.571120,0 -122.622922,43.570254,0 -122.622928,43.568648,0 -122.626179,43.568633,0 -122.627892,43.568625,0 -122.637821,43.568579,0 -122.642783,43.568555,0 -122.642780,43.573592,0 -122.642770,43.573589,0 -122.642767,43.575359,0 -122.642779,43.575363,0 -122.642779,43.576688,0 -122.642778,43.577998,0 -122.642777,43.579405,0 -122.642777,43.579520,0 -122.642777,43.579889,0 -122.642777,43.579935,0 -122.642776,43.581274,0 -122.642776,43.581516,0 -122.642776,43.581816,0 -122.642775,43.582748,0 -122.642775,43.582968,0 -122.642775,43.583022,0 -122.641801,43.583028,0 -122.640824,43.583033,0 -122.639865,43.583039,0 -122.639275,43.583042,0 -122.637822,43.583051,0 -122.635049,43.583067,0 -122.634691,43.583069,0 -122.632868,43.583079,0 -122.631655,43.583087,0 -122.630168,43.583095,0 -122.628129,43.583107,0 -122.627913,43.583108,0 -122.626179,43.583118,0 -122.624144,43.583129,0 -122.622958,43.583136,0 -122.622954,43.581967,0 -122.622947,43.579791,0 -122.622946,43.579507,0 -122.622946,43.579342,0 -122.622943,43.578327,0 -122.622942,43.578259,0 -122.622941,43.577693,0 -122.622939,43.577400,0 -122.622936,43.576382,0 -122.622936,43.575997,0 -122.622924,43.571120,0</coordinates></LinearRing></outerBoundaryIs></Polygon></Placemark><Placemark><name>Bird's Nest Nuevo #2 [APPROX quarter-section]</name><description>lode | serial OR106815171 | 20.66 ac | Filed | qtr-sec OR 33 0230S 0010E 017 E NW | recorded~2026 (DB date, not legal located date) | src: BLM MLRS Not Closed | APPROX (BLM quarter-section)</description><styleUrl>#active_claim</styleUrl><Polygon><outerBoundaryIs><LinearRing><coordinates>-122.702459,43.568528,0 -122.722319,43.568577,0 -122.722361,43.583084,0 -122.702527,43.583037,0 -122.702509,43.576395,0 -122.702459,43.568528,0</coordinates></LinearRing></outerBoundaryIs></Polygon></Placemark></Folder><Folder><name>Open ground to sample</name><Placemark><name>OPEN-bohemia-01</name><description>No.1 Claim (placer (heuristic: surface workings)) | agency: USFS | 107m to stream | cluster: 6 nearby | src: MILO</description><styleUrl>#open_ground</styleUrl><Point><coordinates>-122.659814,43.597791,0</coordinates></Point></Placemark><Placemark><name>OPEN-bohemia-02</name><description>prospect (placer (heuristic: surface workings)) | agency: USFS | 88m to stream | cluster: 3 nearby | src: MILO</description><styleUrl>#open_ground</styleUrl><Point><coordinates>-122.752271,43.597842,0</coordinates></Point></Placemark><Placemark><name>OPEN-bohemia-03</name><description>prospect (placer (heuristic: surface workings)) | agency: USFS | 102m to stream | cluster: 3 nearby | src: MILO</description><styleUrl>#open_ground</styleUrl><Point><coordinates>-122.752481,43.597605,0</coordinates></Point></Placemark><Placemark><name>OPEN-bohemia-04</name><description>prospect (placer (heuristic: surface workings)) | agency: USFS | 110m to stream | cluster: 3 nearby | src: MILO</description><styleUrl>#open_ground</styleUrl><Point><coordinates>-122.752322,43.597364,0</coordinates></Point></Placemark><Placemark><name>OPEN-bohemia-05</name><description>prospect (placer (heuristic: surface workings)) | agency: USFS | 117m to stream | cluster: 3 nearby | src: MILO</description><styleUrl>#open_ground</styleUrl><Point><coordinates>-122.752318,43.597448,0</coordinates></Point></Placemark><Placemark><name>OPEN-bohemia-06</name><description>No.5 Claim (placer (heuristic: surface workings)) | agency: USFS | 126m to stream | cluster: 2 nearby | src: MILO</description><styleUrl>#open_ground</styleUrl><Point><coordinates>-122.661079,43.600975,0</coordinates></Point></Placemark><Placemark><name>OPEN-bohemia-07</name><description>Mineral King (placer (heuristic: surface workings)) | agency: USFS | 95m to stream | cluster: 0 nearby | src: MILO</description><styleUrl>#open_ground</styleUrl><Point><coordinates>-122.600541,43.559541,0</coordinates></Point></Placemark><Placemark><name>OPEN-bohemia-08</name><description>Huckleberry Prospect (placer (heuristic: surface workings)) | agency: BLM | 98m to stream | cluster: 0 nearby | src: MILO</description><styleUrl>#open_ground</styleUrl><Point><coordinates>-122.839649,43.505473,0</coordinates></Point></Placemark><Placemark><name>OPEN-bohemia-09</name><description>USMIN Adit | agency: USFS | 66m to stream | cluster: 10 nearby | src: USMIN</description><styleUrl>#open_ground</styleUrl><Point><coordinates>-122.593042,43.567914,0</coordinates></Point></Placemark><Placemark><name>OPEN-bohemia-10</name><description>USMIN Adit | agency: USFS | 139m to stream | cluster: 7 nearby | src: USMIN</description><styleUrl>#open_ground</styleUrl><Point><coordinates>-122.660377,43.598499,0</coordinates></Point></Placemark><Placemark><name>OPEN-bohemia-11</name><description>USMIN Adit | agency: USFS | 65m to stream | cluster: 6 nearby | src: USMIN</description><styleUrl>#open_ground</styleUrl><Point><coordinates>-122.660308,43.597650,0</coordinates></Point></Placemark><Placemark><name>OPEN-bohemia-12</name><description>USMIN Adit | agency: USFS | 79m to stream | cluster: 5 nearby | NEAR ACTIVE CLAIM (&lt;50m, approx) | src: USMIN</description><styleUrl>#open_ground</styleUrl><Point><coordinates>-122.696738,43.583040,0</coordinates></Point></Placemark><Placemark><name>OPEN-bohemia-13</name><description>USMIN Adit | agency: USFS | 71m to stream | cluster: 2 nearby | src: USMIN</description><styleUrl>#open_ground</styleUrl><Point><coordinates>-122.685326,43.581281,0</coordinates></Point></Placemark><Placemark><name>OPEN-bohemia-14</name><description>USMIN Adit | agency: USFS | 84m to stream | cluster: 2 nearby | src: USMIN</description><styleUrl>#open_ground</styleUrl><Point><coordinates>-122.689325,43.584104,0</coordinates></Point></Placemark><Placemark><name>OPEN-bohemia-15</name><description>USMIN Adit | agency: USFS | 145m to stream | cluster: 1 nearby | src: USMIN</description><styleUrl>#open_ground</styleUrl><Point><coordinates>-122.693773,43.544394,0</coordinates></Point></Placemark><Placemark><name>OPEN-bohemia-16</name><description>USMIN Prospect Pit | agency: USFS | 22m to stream | cluster: 0 nearby | src: USMIN</description><styleUrl>#open_ground</styleUrl><Point><coordinates>-122.599570,43.498577,0</coordinates></Point></Placemark><Placemark><name>OPEN-bohemia-17</name><description>prospect (lode) | agency: USFS | 2m to stream | cluster: 12 nearby | src: MILO</description><styleUrl>#open_ground</styleUrl><Point><coordinates>-122.631975,43.613732,0</coordinates></Point></Placemark><Placemark><name>OPEN-bohemia-18</name><description>prospect (lode) | agency: USFS | 27m to stream | cluster: 12 nearby | src: MILO</description><styleUrl>#open_ground</styleUrl><Point><coordinates>-122.632274,43.614139,0</coordinates></Point></Placemark><Placemark><name>OPEN-bohemia-19</name><description>prospect (lode) | agency: USFS | 94m to stream | cluster: 12 nearby | src: MILO</description><styleUrl>#open_ground</styleUrl><Point><coordinates>-122.630886,43.612455,0</coordinates></Point></Placemark><Placemark><name>OPEN-bohemia-20</name><description>prospect (lode) | agency: USFS | 98m to stream | cluster: 12 nearby | src: MILO</description><styleUrl>#open_ground</styleUrl><Point><coordinates>-122.631122,43.612771,0</coordinates></Point></Placemark><Placemark><name>OPEN-bohemia-21</name><description>prospect (lode) | agency: USFS | 108m to stream | cluster: 12 nearby | src: MILO</description><styleUrl>#open_ground</styleUrl><Point><coordinates>-122.629952,43.614766,0</coordinates></Point></Placemark><Placemark><name>OPEN-bohemia-22</name><description>prospect (lode) | agency: USFS | 109m to stream | cluster: 12 nearby | src: MILO</description><styleUrl>#open_ground</styleUrl><Point><coordinates>-122.630062,43.614595,0</coordinates></Point></Placemark><Placemark><name>OPEN-bohemia-23</name><description>prospect (lode) | agency: USFS | 38m to stream | cluster: 11 nearby | src: MILO</description><styleUrl>#open_ground</styleUrl><Point><coordinates>-122.632383,43.614265,0</coordinates></Point></Placemark><Placemark><name>OPEN-bohemia-24</name><description>prospect (lode) | agency: USFS | 103m to stream | cluster: 11 nearby | src: MILO</description><styleUrl>#open_ground</styleUrl><Point><coordinates>-122.629092,43.614465,0</coordinates></Point></Placemark><Placemark><name>OPEN-bohemia-25</name><description>Golden Slipper (lode) | agency: USFS | 47m to stream | cluster: 10 nearby | src: MILO</description><styleUrl>#open_ground</styleUrl><Point><coordinates>-122.592968,43.567489,0</coordinates></Point></Placemark></Folder></Document></kml>