<?xml version="1.0" encoding="UTF-8"?><kml xmlns="http://www.opengis.net/kml/2.2"><Document><name>bohemia Other active claims</name><Style id="s0"><LineStyle><color>ff0033ff</color><width>2</width></LineStyle><PolyStyle><color>400033ff</color></PolyStyle></Style><Folder><name>Other active claims</name><Placemark><name>Rattlesnake 2</name><description>lode | serial OR105269485 | 0.0 ac | Active | qtr-sec OR 33 0230S 0010E 022 NE | recorded~2021 (DB date, not legal located date) | src: BLM MLRS Not Closed | boundary approx (BLM quarter-section) | do not dig here (active claim)</description><styleUrl>#s0</styleUrl><Polygon><outerBoundaryIs><LinearRing><coordinates>-122.672564,43.561255,0 -122.672561,43.568505,0 -122.662635,43.568497,0 -122.662650,43.561266,0 -122.672564,43.561255,0</coordinates></LinearRing></outerBoundaryIs></Polygon></Placemark><Placemark><name>Rattlesnake 3</name><description>lode | serial OR105269484 | 0.0 ac | Active | qtr-sec OR 33 0230S 0010E 022 NE | recorded~2021 (DB date, not legal located date) | src: BLM MLRS Not Closed | boundary approx (BLM quarter-section) | do not dig here (active claim)</description><styleUrl>#s0</styleUrl><Polygon><outerBoundaryIs><LinearRing><coordinates>-122.672564,43.561255,0 -122.672561,43.568505,0 -122.662635,43.568497,0 -122.662650,43.561266,0 -122.672564,43.561255,0</coordinates></LinearRing></outerBoundaryIs></Polygon></Placemark><Placemark><name>Admiral Nelson</name><description>lode | serial OR105795369 | 20.66 ac | Active | qtr-sec OR 33 0230S 0010E 024 A ALL|OR 33 0230S 0010E 024 A ALL|OR 33 0230S 0010E 024 A NW | recorded~2022 (DB date, not legal located date) | src: BLM MLRS Not Closed | boundary approx (BLM quarter-section) | do not dig here (active claim)</description><styleUrl>#s0</styleUrl><Polygon><outerBoundaryIs><LinearRing><coordinates>-122.622983,43.554208,0 -122.626178,43.554185,0 -122.642805,43.554063,0 -122.642800,43.557685,0 -122.642797,43.559262,0 -122.642796,43.559256,0 -122.642792,43.561309,0 -122.642794,43.561309,0 -122.642788,43.565140,0 -122.642788,43.565140,0 -122.642783,43.568555,0 -122.637821,43.568579,0 -122.627892,43.568625,0 -122.626179,43.568633,0 -122.622928,43.568648,0 -122.622933,43.567433,0 -122.622946,43.563818,0 -122.622959,43.560260,0 -122.622972,43.556684,0 -122.622983,43.554208,0</coordinates></LinearRing></outerBoundaryIs></Polygon></Placemark><Placemark><name>Cripple Creek</name><description>lode | serial OR105795370 | 20.66 ac | Active | qtr-sec OR 33 0230S 0010E 024 A NW|OR 33 0230S 0010E 024 A ALL|OR 33 0230S 0010E 024 A ALL | recorded~2022 (DB date, not legal located date) | src: BLM MLRS Not Closed | boundary approx (BLM quarter-section) | do not dig here (active claim)</description><styleUrl>#s0</styleUrl><Polygon><outerBoundaryIs><LinearRing><coordinates>-122.622983,43.554208,0 -122.626178,43.554185,0 -122.642805,43.554063,0 -122.642800,43.557685,0 -122.642797,43.559262,0 -122.642796,43.559256,0 -122.642792,43.561309,0 -122.642794,43.561309,0 -122.642788,43.565140,0 -122.642788,43.565140,0 -122.642783,43.568555,0 -122.637821,43.568579,0 -122.627892,43.568625,0 -122.626179,43.568633,0 -122.622928,43.568648,0 -122.622933,43.567433,0 -122.622946,43.563818,0 -122.622959,43.560260,0 -122.622972,43.556684,0 -122.622983,43.554208,0</coordinates></LinearRing></outerBoundaryIs></Polygon></Placemark><Placemark><name>Kruse</name><description>lode | serial OR105795371 | 20.66 ac | Active | qtr-sec OR 33 0230S 0010E 013 A SW|OR 33 0230S 0010E 024 A ALL|OR 33 0230S 0010E 024 A ALL | recorded~2022 (DB date, not legal located date) | src: BLM MLRS Not Closed | boundary approx (BLM quarter-section) | do not dig here (active claim)</description><styleUrl>#s0</styleUrl><Polygon><outerBoundaryIs><LinearRing><coordinates>-122.622983,43.554208,0 -122.626178,43.554185,0 -122.642805,43.554063,0 -122.642800,43.557685,0 -122.642797,43.559262,0 -122.642796,43.559256,0 -122.642785,43.565136,0 -122.642788,43.565140,0 -122.642783,43.568555,0 -122.642779,43.575789,0 -122.632862,43.575840,0 -122.632856,43.568602,0 -122.627892,43.568625,0 -122.626179,43.568633,0 -122.622928,43.568648,0 -122.622933,43.567433,0 -122.622946,43.563818,0 -122.622959,43.560260,0 -122.622972,43.556684,0 -122.622983,43.554208,0</coordinates></LinearRing></outerBoundaryIs></Polygon></Placemark><Placemark><name>La Fiesta</name><description>lode | serial OR105795372 | 20.66 ac | Active | qtr-sec OR 33 0230S 0010E 014 A SE|OR 33 0230S 0010E 024 A ALL|OR 33 0230S 0010E 024 A ALL | recorded~2022 (DB date, not legal located date) | src: BLM MLRS Not Closed | boundary approx (BLM quarter-section) | do not dig here (active claim)</description><styleUrl>#s0</styleUrl><Polygon><outerBoundaryIs><LinearRing><coordinates>-122.637821,43.568579,0 -122.627892,43.568625,0 -122.626179,43.568633,0 -122.622928,43.568648,0 -122.622933,43.567433,0 -122.622946,43.563818,0 -122.622959,43.560260,0 -122.622972,43.556684,0 -122.622983,43.554208,0 -122.626178,43.554185,0 -122.642805,43.554063,0 -122.642800,43.557685,0 -122.642797,43.559262,0 -122.642796,43.559256,0 -122.642785,43.565136,0 -122.642788,43.565140,0 -122.642783,43.568555,0 -122.637821,43.568579,0</coordinates></LinearRing></outerBoundaryIs></Polygon></Placemark><Placemark><name>Nola G.</name><description>lode | serial OR105795373 | 20.66 ac | Active | qtr-sec OR 33 0230S 0010E 024 A NW|OR 33 0230S 0010E 024 A ALL|OR 33 0230S 0010E 024 A ALL | recorded~2022 (DB date, not legal located date) | src: BLM MLRS Not Closed | boundary approx (BLM quarter-section) | do not dig here (active claim)</description><styleUrl>#s0</styleUrl><Polygon><outerBoundaryIs><LinearRing><coordinates>-122.622983,43.554208,0 -122.626178,43.554185,0 -122.642805,43.554063,0 -122.642800,43.557685,0 -122.642797,43.559262,0 -122.642796,43.559256,0 -122.642792,43.561309,0 -122.642794,43.561309,0 -122.642788,43.565140,0 -122.642788,43.565140,0 -122.642783,43.568555,0 -122.637821,43.568579,0 -122.627892,43.568625,0 -122.626179,43.568633,0 -122.622928,43.568648,0 -122.622933,43.567433,0 -122.622946,43.563818,0 -122.622959,43.560260,0 -122.622972,43.556684,0 -122.622983,43.554208,0</coordinates></LinearRing></outerBoundaryIs></Polygon></Placemark><Placemark><name>Peekaboo</name><description>lode | serial OR105795374 | 20.66 ac | Active | qtr-sec OR 33 0230S 0010E 014 A SE|OR 33 0230S 0010E 024 A ALL|OR 33 0230S 0010E 024 A ALL | recorded~2022 (DB date, not legal located date) | src: BLM MLRS Not Closed | boundary approx (BLM quarter-section) | do not dig here (active claim)</description><styleUrl>#s0</styleUrl><Polygon><outerBoundaryIs><LinearRing><coordinates>-122.637821,43.568579,0 -122.627892,43.568625,0 -122.626179,43.568633,0 -122.622928,43.568648,0 -122.622933,43.567433,0 -122.622946,43.563818,0 -122.622959,43.560260,0 -122.622972,43.556684,0 -122.622983,43.554208,0 -122.626178,43.554185,0 -122.642805,43.554063,0 -122.642800,43.557685,0 -122.642797,43.559262,0 -122.642796,43.559256,0 -122.642785,43.565136,0 -122.642788,43.565140,0 -122.642783,43.568555,0 -122.637821,43.568579,0</coordinates></LinearRing></outerBoundaryIs></Polygon></Placemark><Placemark><name>PAYDIRT DISCOVERY</name><description>lode | serial ORMC101588 | 17.0 ac | Active | qtr-sec OR 33 0230S 0010E 012 A NE | recorded~2021 (DB date, not legal located date) | src: BLM MLRS Not Closed | boundary approx (BLM quarter-section) | do not dig here (active claim)</description><styleUrl>#s0</styleUrl><Polygon><outerBoundaryIs><LinearRing><coordinates>-122.632874,43.590321,0 -122.632880,43.597563,0 -122.623032,43.597610,0 -122.623008,43.590372,0 -122.632874,43.590321,0</coordinates></LinearRing></outerBoundaryIs></Polygon></Placemark><Placemark><name>SILVER ROCK</name><description>lode | serial ORMC101589 | 20.66 ac | Active | qtr-sec OR 33 0230S 0010E 012 A SE|OR 33 0230S 0020E 002 A SW | recorded~2021 (DB date, not legal located date) | src: BLM MLRS Not Closed | boundary approx (BLM quarter-section) | do not dig here (active claim)</description><styleUrl>#s0</styleUrl><Polygon><outerBoundaryIs><LinearRing><coordinates>-122.623008,43.590372,0 -122.622958,43.583136,0 -122.632868,43.583079,0 -122.632874,43.590321,0 -122.623008,43.590372,0</coordinates></LinearRing></outerBoundaryIs></Polygon></Placemark><Placemark><name>RETIREMENT PLAN TOO</name><description>lode | serial ORMC102703 | 18.65 ac | Active | qtr-sec OR 33 0230S 0010E 017 A NW | recorded~2021 (DB date, not legal located date) | src: BLM MLRS Not Closed | boundary approx (BLM quarter-section) | do not dig here (active claim)</description><styleUrl>#s0</styleUrl><Polygon><outerBoundaryIs><LinearRing><coordinates>-122.722340,43.575831,0 -122.722361,43.583084,0 -122.712444,43.583061,0 -122.712416,43.575807,0 -122.722340,43.575831,0</coordinates></LinearRing></outerBoundaryIs></Polygon></Placemark><Placemark><name>EVENING STAR</name><description>lode | serial ORMC149529 | 20.66 ac | Active | qtr-sec OR 33 0230S 0010E 013 A NE | recorded~2021 (DB date, not legal located date) | src: BLM MLRS Not Closed | boundary approx (BLM quarter-section) | do not dig here (active claim)</description><styleUrl>#s0</styleUrl><Polygon><outerBoundaryIs><LinearRing><coordinates>-122.632862,43.575840,0 -122.632868,43.583079,0 -122.622958,43.583136,0 -122.622943,43.575892,0 -122.632862,43.575840,0</coordinates></LinearRing></outerBoundaryIs></Polygon></Placemark><Placemark><name>EVENING STAR ANNEX</name><description>lode | serial ORMC149530 | 20.66 ac | Active | qtr-sec OR 33 0230S 0010E 013 A NE|OR 33 0230S 0010E 013 A SE | recorded~2021 (DB date, not legal located date) | src: BLM MLRS Not Closed | boundary approx (BLM quarter-section) | do not dig here (active claim)</description><styleUrl>#s0</styleUrl><Polygon><outerBoundaryIs><LinearRing><coordinates>-122.632856,43.568602,0 -122.632862,43.575840,0 -122.632868,43.583079,0 -122.622958,43.583136,0 -122.622943,43.575892,0 -122.622928,43.568648,0 -122.632856,43.568602,0</coordinates></LinearRing></outerBoundaryIs></Polygon></Placemark><Placemark><name>GOLDEN STAR</name><description>lode | serial ORMC163920 | 15.11 ac | Active | qtr-sec OR 33 0230S 0010E 020 A SE|OR 33 0230S 0010E 021 A SW | recorded~2021 (DB date, not legal located date) | src: BLM MLRS Not Closed | boundary approx (BLM quarter-section) | do not dig here (active claim)</description><styleUrl>#s0</styleUrl><Polygon><outerBoundaryIs><LinearRing><coordinates>-122.702428,43.554009,0 -122.712385,43.554063,0 -122.712387,43.561308,0 -122.702443,43.561268,0 -122.692460,43.561256,0 -122.692447,43.553992,0 -122.702428,43.554009,0</coordinates></LinearRing></outerBoundaryIs></Polygon></Placemark><Placemark><name>STAR EXTENSION</name><description>lode | serial ORMC163921 | 20.1 ac | Active | qtr-sec OR 33 0230S 0010E 020 A SE | recorded~2021 (DB date, not legal located date) | src: BLM MLRS Not Closed | boundary approx (BLM quarter-section) | do not dig here (active claim)</description><styleUrl>#s0</styleUrl><Polygon><outerBoundaryIs><LinearRing><coordinates>-122.712385,43.554063,0 -122.712387,43.561308,0 -122.702443,43.561268,0 -122.702428,43.554009,0 -122.712385,43.554063,0</coordinates></LinearRing></outerBoundaryIs></Polygon></Placemark><Placemark><name>NICHODEMUS</name><description>lode | serial ORMC163922 | 19.8 ac | Active | qtr-sec OR 33 0230S 0010E 020 A NW|OR 33 0230S 0010E 020 A NE | recorded~2021 (DB date, not legal located date) | src: BLM MLRS Not Closed | boundary approx (BLM quarter-section) | do not dig here (active claim)</description><styleUrl>#s0</styleUrl><Polygon><outerBoundaryIs><LinearRing><coordinates>-122.712387,43.561308,0 -122.722330,43.561347,0 -122.722319,43.568577,0 -122.712389,43.568552,0 -122.702459,43.568528,0 -122.702443,43.561268,0 -122.712387,43.561308,0</coordinates></LinearRing></outerBoundaryIs></Polygon></Placemark><Placemark><name>THREE BROTHERS MINE</name><description>lode | serial ORMC172956 | 20.66 ac | Active | qtr-sec OR 33 0230S 0010E 010 A SW | recorded~2021 (DB date, not legal located date) | src: BLM MLRS Not Closed | boundary approx (BLM quarter-section) | do not dig here (active claim)</description><styleUrl>#s0</styleUrl><Polygon><outerBoundaryIs><LinearRing><coordinates>-122.682534,43.583003,0 -122.682557,43.590228,0 -122.672561,43.590223,0 -122.672565,43.582982,0 -122.682534,43.583003,0</coordinates></LinearRing></outerBoundaryIs></Polygon></Placemark><Placemark><name>SUNSET MINE</name><description>lode | serial ORMC174221 | 20.66 ac | Active | qtr-sec OR 33 0220S 0010E 025 A SW|OR 33 0220S 0010E 036 A NW | recorded~2021 (DB date, not legal located date) | src: BLM MLRS Not Closed | boundary approx (BLM quarter-section) | do not dig here (active claim)</description><styleUrl>#s0</styleUrl><Polygon><outerBoundaryIs><LinearRing><coordinates>-122.637215,43.622929,0 -122.637214,43.622665,0 -122.637210,43.621279,0 -122.637206,43.620101,0 -122.637195,43.616498,0 -122.642151,43.616502,0 -122.647108,43.616507,0 -122.647108,43.620116,0 -122.647108,43.622188,0 -122.647108,43.623724,0 -122.647107,43.623865,0 -122.647104,43.623865,0 -122.647101,43.623864,0 -122.647040,43.624592,0 -122.647106,43.624602,0 -122.647103,43.626285,0 -122.647101,43.627325,0 -122.647095,43.630926,0 -122.642148,43.630931,0 -122.637202,43.630937,0 -122.637210,43.627321,0 -122.637212,43.625972,0 -122.637216,43.624322,0 -122.637217,43.623704,0 -122.637215,43.622929,0</coordinates></LinearRing></outerBoundaryIs></Polygon></Placemark><Placemark><name>BUCKET</name><description>lode | serial ORMC176067 | 20.66 ac | Active | qtr-sec OR 33 0230S 0010E 020 A NW|OR 33 0230S 0010E 020 A SW | recorded~2021 (DB date, not legal located date) | src: BLM MLRS Not Closed | boundary approx (BLM quarter-section) | do not dig here (active claim)</description><styleUrl>#s0</styleUrl><Polygon><outerBoundaryIs><LinearRing><coordinates>-122.722342,43.554118,0 -122.722330,43.561347,0 -122.722319,43.568577,0 -122.712389,43.568552,0 -122.712387,43.561308,0 -122.712385,43.554063,0 -122.722342,43.554118,0</coordinates></LinearRing></outerBoundaryIs></Polygon></Placemark><Placemark><name>MISTY MOUNTAIN 1</name><description>lode | serial ORMC177113 | 20.66 ac | Active | qtr-sec OR 33 0230S 0010E 012 A SW | recorded~2021 (DB date, not legal located date) | src: BLM MLRS Not Closed | boundary approx (BLM quarter-section) | do not dig here (active claim)</description><styleUrl>#s0</styleUrl><Polygon><outerBoundaryIs><LinearRing><coordinates>-122.642775,43.583022,0 -122.642758,43.590270,0 -122.632874,43.590321,0 -122.632868,43.583079,0 -122.642775,43.583022,0</coordinates></LinearRing></outerBoundaryIs></Polygon></Placemark><Placemark><name>MISTY MOUNTAIN 2</name><description>lode | serial ORMC177114 | 20.66 ac | Active | qtr-sec OR 33 0230S 0010E 012 A SW | recorded~2021 (DB date, not legal located date) | src: BLM MLRS Not Closed | boundary approx (BLM quarter-section) | do not dig here (active claim)</description><styleUrl>#s0</styleUrl><Polygon><outerBoundaryIs><LinearRing><coordinates>-122.642775,43.583022,0 -122.642758,43.590270,0 -122.632874,43.590321,0 -122.632868,43.583079,0 -122.642775,43.583022,0</coordinates></LinearRing></outerBoundaryIs></Polygon></Placemark><Placemark><name>MISTY MOUNTAIN 3</name><description>lode | serial ORMC177115 | 20.66 ac | Active | qtr-sec OR 33 0230S 0010E 012 A SW | recorded~2021 (DB date, not legal located date) | src: BLM MLRS Not Closed | boundary approx (BLM quarter-section) | do not dig here (active claim)</description><styleUrl>#s0</styleUrl><Polygon><outerBoundaryIs><LinearRing><coordinates>-122.642775,43.583022,0 -122.642758,43.590270,0 -122.632874,43.590321,0 -122.632868,43.583079,0 -122.642775,43.583022,0</coordinates></LinearRing></outerBoundaryIs></Polygon></Placemark><Placemark><name>LUCKY MAUD</name><description>lode | serial ORMC18168 | 20.66 ac | Active | qtr-sec OR 33 0230S 0010E 012 A NW|OR 33 0230S 0010E 012 A NE | recorded~2021 (DB date, not legal located date) | src: BLM MLRS Not Closed | boundary approx (BLM quarter-section) | do not dig here (active claim)</description><styleUrl>#s0</styleUrl><Polygon><outerBoundaryIs><LinearRing><coordinates>-122.642758,43.590270,0 -122.642727,43.597517,0 -122.632880,43.597563,0 -122.623032,43.597610,0 -122.623008,43.590372,0 -122.632874,43.590321,0 -122.642758,43.590270,0</coordinates></LinearRing></outerBoundaryIs></Polygon></Placemark><Placemark><name>RAINBOW ELSIE</name><description>lode | serial ORMC18169 | 20.66 ac | Active | qtr-sec OR 33 0230S 0010E 012 A NE|OR 33 0230S 0010E 012 A SE | recorded~2021 (DB date, not legal located date) | src: BLM MLRS Not Closed | boundary approx (BLM quarter-section) | do not dig here (active claim)</description><styleUrl>#s0</styleUrl><Polygon><outerBoundaryIs><LinearRing><coordinates>-122.632868,43.583079,0 -122.632874,43.590321,0 -122.632880,43.597563,0 -122.623032,43.597610,0 -122.623008,43.590372,0 -122.622958,43.583136,0 -122.632868,43.583079,0</coordinates></LinearRing></outerBoundaryIs></Polygon></Placemark><Placemark><name>IRISH LUCK 1</name><description>lode | serial ORMC34974 | 20.66 ac | Active | qtr-sec OR 33 0230S 0010W 013 A NE | recorded~2021 (DB date, not legal located date) | src: BLM MLRS Not Closed | boundary approx (BLM quarter-section) | do not dig here (active claim)</description><styleUrl>#s0</styleUrl><Polygon><outerBoundaryIs><LinearRing><coordinates>-122.746308,43.579621,0 -122.741368,43.579649,0 -122.741367,43.579552,0 -122.741308,43.576193,0 -122.741304,43.575953,0 -122.741360,43.572738,0 -122.746297,43.572296,0 -122.751234,43.571854,0 -122.751241,43.575724,0 -122.751249,43.579593,0 -122.746308,43.579621,0</coordinates></LinearRing></outerBoundaryIs></Polygon></Placemark><Placemark><name>GOLD ROCK</name><description>lode | serial ORMC39692 | 20.66 ac | Active | qtr-sec OR 33 0230S 0010E 012 A SE|OR 33 0230S 0020E 007 A SW | recorded~2021 (DB date, not legal located date) | src: BLM MLRS Not Closed | boundary approx (BLM quarter-section) | do not dig here (active claim)</description><styleUrl>#s0</styleUrl><Polygon><outerBoundaryIs><LinearRing><coordinates>-122.632868,43.583079,0 -122.632874,43.590321,0 -122.623008,43.590372,0 -122.623003,43.589647,0 -122.623014,43.592831,0 -122.615623,43.592635,0 -122.615595,43.585179,0 -122.622975,43.585572,0 -122.622958,43.583136,0 -122.632868,43.583079,0</coordinates></LinearRing></outerBoundaryIs></Polygon></Placemark><Placemark><name>WHITE CRYSTAL</name><description>lode | serial ORMC39834 | 17.21 ac | Active | qtr-sec OR 33 0230S 0020E 007 A SW | recorded~2021 (DB date, not legal located date) | src: BLM MLRS Not Closed | boundary approx (BLM quarter-section) | do not dig here (active claim)</description><styleUrl>#s0</styleUrl><Polygon><outerBoundaryIs><LinearRing><coordinates>-122.615595,43.585179,0 -122.622989,43.585572,0 -122.623014,43.592831,0 -122.615623,43.592635,0 -122.615595,43.585179,0</coordinates></LinearRing></outerBoundaryIs></Polygon></Placemark><Placemark><name>HIGH VALUE</name><description>lode | serial ORMC53731 | 20.66 ac | Active | qtr-sec OR 33 0230S 0010E 012 A SE|OR 33 0230S 0020E 007 A SW | recorded~2021 (DB date, not legal located date) | src: BLM MLRS Not Closed | boundary approx (BLM quarter-section) | do not dig here (active claim)</description><styleUrl>#s0</styleUrl><Polygon><outerBoundaryIs><LinearRing><coordinates>-122.632868,43.583079,0 -122.632874,43.590321,0 -122.623008,43.590372,0 -122.623003,43.589647,0 -122.623014,43.592831,0 -122.615623,43.592635,0 -122.615595,43.585179,0 -122.622975,43.585572,0 -122.622958,43.583136,0 -122.632868,43.583079,0</coordinates></LinearRing></outerBoundaryIs></Polygon></Placemark><Placemark><name>Troll Hole</name><description>lode | serial OR106301132 | 9.9862259 ac | Active | qtr-sec OR 33 0230S 0010E 010 A SE|OR 33 0230S 0010E 010 A ALL|OR 33 0230S 0010E 015 A ALL|OR 33 0230S 0010E 015 A ALL|OR 33 0230S 0010E 015 A ALL|OR 33 0230S 0010E 010 A ALL|OR 33 0230S 0010E 010 A ALL|OR 33 0230S 0010E 014 A ALL|OR 33 0230S 0010…</description><styleUrl>#s0</styleUrl><Polygon><outerBoundaryIs><LinearRing><coordinates>-122.673060,43.568488,0 -122.682486,43.568512,0 -122.682528,43.575875,0 -122.682534,43.583003,0 -122.682580,43.597452,0 -122.672558,43.597463,0 -122.667546,43.597468,0 -122.665645,43.597470,0 -122.662536,43.597473,0 -122.662534,43.597188,0 -122.662540,43.596580,0 -122.662554,43.593025,0 -122.662559,43.593027,0 -122.662561,43.592562,0 -122.662568,43.591221,0 -122.662562,43.591219,0 -122.662564,43.590563,0 -122.662571,43.590572,0 -122.662573,43.590218,0 -122.662579,43.588117,0 -122.662574,43.588121,0 -122.662575,43.587868,0 -122.662582,43.586217,0 -122.662585,43.586218,0 -122.662592,43.584097,0 -122.662591,43.584097,0 -122.662595,43.582962,0 -122.658802,43.582942,0 -122.649438,43.583011,0 -122.646956,43.583029,0 -122.645962,43.583027,0 -122.644804,43.583025,0 -122.642775,43.583022,0 -122.642775,43.582968,0 -122.642775,43.582748,0 -122.642776,43.581816,0 -122.642776,43.581516,0 -122.642776,43.581274,0 -122.642777,43.579935,0 -122.642777,43.579889,0 -122.642777,43.579520,0 -122.642777,43.579405,0 -122.642778,43.577998,0 -122.642779,43.576688,0 -122.642779,43.575363,0 -122.642767,43.575359,0 -122.642770,43.573589,0 -122.642780,43.573592,0 -122.642783,43.568555,0 -122.647748,43.568541,0 -122.651986,43.568529,0 -122.652710,43.568527,0 -122.657671,43.568512,0 -122.662635,43.568497,0 -122.673060,43.568488,0</coordinates></LinearRing></outerBoundaryIs></Polygon></Placemark><Placemark><name>Larsana L</name><description>lode | serial OR106304271 | 20.66 ac | Active | qtr-sec OR 33 0230S 0010E 013 A SW|OR 33 0230S 0010E 013 A ALL|OR 33 0230S 0010E 013 A ALL | recorded~2023 (DB date, not legal located date) | src: BLM MLRS Not Closed | boundary approx (BLM quarter-section) | do not dig here (active claim)</description><styleUrl>#s0</styleUrl><Polygon><outerBoundaryIs><LinearRing><coordinates>-122.642783,43.568555,0 -122.642779,43.575789,0 -122.642779,43.576688,0 -122.642778,43.577998,0 -122.642777,43.579405,0 -122.642777,43.579520,0 -122.642777,43.579889,0 -122.642777,43.579935,0 -122.642776,43.581274,0 -122.642776,43.581516,0 -122.642776,43.581816,0 -122.642775,43.582748,0 -122.642775,43.582968,0 -122.642775,43.583022,0 -122.641801,43.583028,0 -122.640824,43.583033,0 -122.639865,43.583039,0 -122.639275,43.583042,0 -122.637822,43.583051,0 -122.635049,43.583067,0 -122.634691,43.583069,0 -122.632868,43.583079,0 -122.631655,43.583087,0 -122.630168,43.583095,0 -122.628129,43.583107,0 -122.627913,43.583108,0 -122.626179,43.583118,0 -122.624144,43.583129,0 -122.622958,43.583136,0 -122.622954,43.581967,0 -122.622947,43.579791,0 -122.622946,43.579507,0 -122.622946,43.579342,0 -122.622943,43.578327,0 -122.622942,43.578259,0 -122.622941,43.577693,0 -122.622939,43.577400,0 -122.622936,43.576382,0 -122.622936,43.575997,0 -122.622924,43.571120,0 -122.622922,43.570254,0 -122.622928,43.568648,0 -122.626179,43.568633,0 -122.627892,43.568625,0 -122.632856,43.568602,0 -122.632856,43.568602,0 -122.642783,43.568555,0</coordinates></LinearRing></outerBoundaryIs></Polygon></Placemark><Placemark><name>EVENING STAR</name><description>mill site | serial ORMC154943 | 5.0 ac | Active | qtr-sec OR 33 0230S 0010E 013 A NE | recorded~2021 (DB date, not legal located date) | src: BLM MLRS Not Closed | boundary approx (BLM quarter-section) | do not dig here (active claim)</description><styleUrl>#s0</styleUrl><Polygon><outerBoundaryIs><LinearRing><coordinates>-122.632862,43.575840,0 -122.632868,43.583079,0 -122.622958,43.583136,0 -122.622943,43.575892,0 -122.632862,43.575840,0</coordinates></LinearRing></outerBoundaryIs></Polygon></Placemark><Placemark><name>DIAMOND</name><description>mill site | serial ORMC158717 | 5.0 ac | Active | qtr-sec OR 33 0230S 0010E 013 A NW | recorded~2021 (DB date, not legal located date) | src: BLM MLRS Not Closed | boundary approx (BLM quarter-section) | do not dig here (active claim)</description><styleUrl>#s0</styleUrl><Polygon><outerBoundaryIs><LinearRing><coordinates>-122.642779,43.575789,0 -122.642775,43.583022,0 -122.632868,43.583079,0 -122.632862,43.575840,0 -122.642779,43.575789,0</coordinates></LinearRing></outerBoundaryIs></Polygon></Placemark><Placemark><name>STAR MILL SITE I</name><description>mill site | serial ORMC163923 | 5.0 ac | Active | qtr-sec OR 33 0230S 0010E 020 A SW|OR 33 0230S 0010E 020 A SE | recorded~2021 (DB date, not legal located date) | src: BLM MLRS Not Closed | boundary approx (BLM quarter-section) | do not dig here (active claim)</description><styleUrl>#s0</styleUrl><Polygon><outerBoundaryIs><LinearRing><coordinates>-122.712385,43.554063,0 -122.722342,43.554118,0 -122.722330,43.561347,0 -122.712387,43.561308,0 -122.702443,43.561268,0 -122.702428,43.554009,0 -122.712385,43.554063,0</coordinates></LinearRing></outerBoundaryIs></Polygon></Placemark><Placemark><name>STAR MILL SITE II</name><description>mill site | serial ORMC163924 | 5.0 ac | Active | qtr-sec OR 33 0230S 0010E 020 A SW|OR 33 0230S 0010E 020 A SE | recorded~2021 (DB date, not legal located date) | src: BLM MLRS Not Closed | boundary approx (BLM quarter-section) | do not dig here (active claim)</description><styleUrl>#s0</styleUrl><Polygon><outerBoundaryIs><LinearRing><coordinates>-122.712385,43.554063,0 -122.722342,43.554118,0 -122.722330,43.561347,0 -122.712387,43.561308,0 -122.702443,43.561268,0 -122.702428,43.554009,0 -122.712385,43.554063,0</coordinates></LinearRing></outerBoundaryIs></Polygon></Placemark><Placemark><name>STAR MILL SITE III</name><description>mill site | serial ORMC163925 | 4.03 ac | Active | qtr-sec OR 33 0230S 0010E 020 A NW|OR 33 0230S 0010E 020 A SW | recorded~2021 (DB date, not legal located date) | src: BLM MLRS Not Closed | boundary approx (BLM quarter-section) | do not dig here (active claim)</description><styleUrl>#s0</styleUrl><Polygon><outerBoundaryIs><LinearRing><coordinates>-122.722342,43.554118,0 -122.722330,43.561347,0 -122.722319,43.568577,0 -122.712389,43.568552,0 -122.712387,43.561308,0 -122.712385,43.554063,0 -122.722342,43.554118,0</coordinates></LinearRing></outerBoundaryIs></Polygon></Placemark><Placemark><name>HANAMII II</name><description>placer | serial OR105260884 | 20.0 ac | Active | qtr-sec OR 33 0230S 0010E 017 A NW|OR 33 0230S 0010E 018 A NE | recorded~2021 (DB date, not legal located date) | src: BLM MLRS Not Closed | boundary approx (BLM quarter-section) | do not dig here (active claim)</description><styleUrl>#s0</styleUrl><Polygon><outerBoundaryIs><LinearRing><coordinates>-122.712402,43.575802,0 -122.722326,43.575826,0 -122.722326,43.575810,0 -122.722326,43.575809,0 -122.728528,43.575799,0 -122.732315,43.575794,0 -122.732337,43.583067,0 -122.722347,43.583079,0 -122.712750,43.583056,0 -122.712430,43.583055,0 -122.712413,43.578700,0 -122.712402,43.575802,0</coordinates></LinearRing></outerBoundaryIs></Polygon></Placemark><Placemark><name>Emerald City</name><description>placer | serial OR105795366 | 0.0 ac | Active | qtr-sec OR 33 0230S 0010E 018 A N2NENW | recorded~2022 (DB date, not legal located date) | src: BLM MLRS Not Closed | boundary approx (BLM quarter-section) | do not dig here (active claim)</description><styleUrl>#s0</styleUrl><Polygon><outerBoundaryIs><LinearRing><coordinates>-122.732031,43.583240,0 -122.732009,43.581451,0 -122.734422,43.581496,0 -122.736835,43.581541,0 -122.736866,43.583318,0 -122.734448,43.583279,0 -122.732031,43.583240,0</coordinates></LinearRing></outerBoundaryIs></Polygon></Placemark><Placemark><name>CAROLINA 1</name><description>placer | serial ORMC10819 | 40.0 ac | Active | qtr-sec OR 33 0230S 0010W 013 A NE|OR 33 0230S 0010W 012 A SE | recorded~2021 (DB date, not legal located date) | src: BLM MLRS Not Closed | boundary approx (BLM quarter-section) | do not dig here (active claim)</description><styleUrl>#s0</styleUrl><Polygon><outerBoundaryIs><LinearRing><coordinates>-122.741367,43.579552,0 -122.741308,43.576193,0 -122.741304,43.575953,0 -122.741360,43.572738,0 -122.746297,43.572296,0 -122.751234,43.571854,0 -122.751241,43.575724,0 -122.751249,43.579593,0 -122.751658,43.583096,0 -122.752067,43.586598,0 -122.747050,43.586870,0 -122.742032,43.587141,0 -122.742005,43.586821,0 -122.741701,43.583396,0 -122.741682,43.583173,0 -122.741368,43.579649,0 -122.741367,43.579552,0</coordinates></LinearRing></outerBoundaryIs></Polygon></Placemark><Placemark><name>TOBY WAN II</name><description>placer | serial ORMC122494 | 20.0 ac | Active | qtr-sec OR 33 0230S 0010W 001 A SW | recorded~2021 (DB date, not legal located date) | src: BLM MLRS Not Closed | boundary approx (BLM quarter-section) | do not dig here (active claim)</description><styleUrl>#s0</styleUrl><Polygon><outerBoundaryIs><LinearRing><coordinates>-122.763073,43.598294,0 -122.763264,43.601974,0 -122.758370,43.602005,0 -122.753476,43.602037,0 -122.753237,43.598303,0 -122.752999,43.594569,0 -122.754254,43.594573,0 -122.757940,43.594583,0 -122.759929,43.594589,0 -122.762881,43.594597,0 -122.763073,43.598294,0</coordinates></LinearRing></outerBoundaryIs></Polygon></Placemark><Placemark><name>EMPTY BOTTLE</name><description>placer | serial ORMC133937 | 60.0 ac | Active | qtr-sec OR 33 0230S 0010E 018 A NE|OR 33 0230S 0010E 018 A SE | recorded~2021 (DB date, not legal located date) | src: BLM MLRS Not Closed | boundary approx (BLM quarter-section) | do not dig here (active claim)</description><styleUrl>#s0</styleUrl><Polygon><outerBoundaryIs><LinearRing><coordinates>-122.722319,43.568577,0 -122.731855,43.568924,0 -122.731943,43.576082,0 -122.732031,43.583240,0 -122.722361,43.583084,0 -122.722340,43.575831,0 -122.722319,43.568577,0</coordinates></LinearRing></outerBoundaryIs></Polygon></Placemark><Placemark><name>LUCKY 7 MINE</name><description>placer | serial ORMC137191 | 70.0 ac | Active | qtr-sec OR 33 0230S 0010W 001 A SW|OR 33 0230S 0010W 012 A NW | recorded~2021 (DB date, not legal located date) | src: BLM MLRS Not Closed | boundary approx (BLM quarter-section) | do not dig here (active claim)</description><styleUrl>#s0</styleUrl><Polygon><outerBoundaryIs><LinearRing><coordinates>-122.757034,43.586329,0 -122.762000,43.586060,0 -122.762441,43.590329,0 -122.762881,43.594597,0 -122.763073,43.598294,0 -122.763264,43.601974,0 -122.758370,43.602005,0 -122.753476,43.602037,0 -122.753237,43.598303,0 -122.752999,43.594569,0 -122.752533,43.590584,0 -122.752067,43.586598,0 -122.757034,43.586329,0</coordinates></LinearRing></outerBoundaryIs></Polygon></Placemark><Placemark><name>CLIMAX 3</name><description>placer | serial ORMC144400 | 40.0 ac | Active | qtr-sec OR 33 0230S 0010E 019 A NE|OR 33 0230S 0010E 019 A SE | recorded~2021 (DB date, not legal located date) | src: BLM MLRS Not Closed | boundary approx (BLM quarter-section) | do not dig here (active claim)</description><styleUrl>#s0</styleUrl><Polygon><outerBoundaryIs><LinearRing><coordinates>-122.722342,43.554118,0 -122.731941,43.554136,0 -122.731898,43.561530,0 -122.731855,43.568924,0 -122.722319,43.568577,0 -122.722330,43.561347,0 -122.722342,43.554118,0</coordinates></LinearRing></outerBoundaryIs></Polygon></Placemark><Placemark><name>CHRISTO COUNTESSA</name><description>placer | serial ORMC146334 | 100.0 ac | Active | qtr-sec OR 33 0230S 0010W 012 A NE|OR 33 0230S 0010W 012 A SE | recorded~2021 (DB date, not legal located date) | src: BLM MLRS Not Closed | boundary approx (BLM quarter-section) | do not dig here (active claim)</description><styleUrl>#s0</styleUrl><Polygon><outerBoundaryIs><LinearRing><coordinates>-122.741368,43.579649,0 -122.746308,43.579621,0 -122.751249,43.579593,0 -122.751658,43.583096,0 -122.752067,43.586598,0 -122.752533,43.590584,0 -122.752999,43.594569,0 -122.747845,43.594598,0 -122.742691,43.594627,0 -122.742649,43.594124,0 -122.742362,43.590884,0 -122.742327,43.590468,0 -122.742177,43.588777,0 -122.742032,43.587141,0 -122.742005,43.586821,0 -122.741701,43.583396,0 -122.741682,43.583173,0 -122.741368,43.579649,0</coordinates></LinearRing></outerBoundaryIs></Polygon></Placemark><Placemark><name>WILD ROSE</name><description>placer | serial ORMC149056 | 20.0 ac | Active | qtr-sec OR 33 0230S 0010W 013 A SE | recorded~2021 (DB date, not legal located date) | src: BLM MLRS Not Closed | boundary approx (BLM quarter-section) | do not dig here (active claim)</description><styleUrl>#s0</styleUrl><Polygon><outerBoundaryIs><LinearRing><coordinates>-122.746297,43.572296,0 -122.741360,43.572738,0 -122.741364,43.572309,0 -122.741391,43.569272,0 -122.741397,43.568666,0 -122.741350,43.565806,0 -122.746286,43.565452,0 -122.751233,43.565108,0 -122.751228,43.568476,0 -122.751234,43.571854,0 -122.746297,43.572296,0</coordinates></LinearRing></outerBoundaryIs></Polygon></Placemark><Placemark><name>BUTTER CUP</name><description>placer | serial ORMC149057 | 20.0 ac | Active | qtr-sec OR 33 0230S 0010W 013 A SE | recorded~2021 (DB date, not legal located date) | src: BLM MLRS Not Closed | boundary approx (BLM quarter-section) | do not dig here (active claim)</description><styleUrl>#s0</styleUrl><Polygon><outerBoundaryIs><LinearRing><coordinates>-122.746297,43.572296,0 -122.741360,43.572738,0 -122.741364,43.572309,0 -122.741391,43.569272,0 -122.741397,43.568666,0 -122.741350,43.565806,0 -122.746286,43.565452,0 -122.751233,43.565108,0 -122.751228,43.568476,0 -122.751234,43.571854,0 -122.746297,43.572296,0</coordinates></LinearRing></outerBoundaryIs></Polygon></Placemark><Placemark><name>GOLDEN CAT</name><description>placer | serial ORMC152300 | 40.0 ac | Active | qtr-sec OR 33 0220S 0010E 023 A SW|OR 33 0220S 0010E 023 A SE | recorded~2021 (DB date, not legal located date) | src: BLM MLRS Not Closed | boundary approx (BLM quarter-section) | do not dig here (active claim)</description><styleUrl>#s0</styleUrl><Polygon><outerBoundaryIs><LinearRing><coordinates>-122.652068,43.645324,0 -122.647077,43.645298,0 -122.647079,43.641713,0 -122.647081,43.638128,0 -122.652069,43.638147,0 -122.657056,43.638167,0 -122.662044,43.638187,0 -122.667031,43.638206,0 -122.667036,43.641805,0 -122.667041,43.645403,0 -122.662050,43.645377,0 -122.657059,43.645351,0 -122.652068,43.645324,0</coordinates></LinearRing></outerBoundaryIs></Polygon></Placemark><Placemark><name>RETIREMENT PLAN</name><description>placer | serial ORMC154017 | 20.0 ac | Active | qtr-sec OR 33 0230S 0010E 017 A NE | recorded~2021 (DB date, not legal located date) | src: BLM MLRS Not Closed | boundary approx (BLM quarter-section) | do not dig here (active claim)</description><styleUrl>#s0</styleUrl><Polygon><outerBoundaryIs><LinearRing><coordinates>-122.712416,43.575807,0 -122.712444,43.583061,0 -122.702527,43.583037,0 -122.702493,43.575782,0 -122.712416,43.575807,0</coordinates></LinearRing></outerBoundaryIs></Polygon></Placemark><Placemark><name>EAGLE I</name><description>placer | serial ORMC155482 | 20.0 ac | Active | qtr-sec OR 33 0230S 0010W 013 A NE | recorded~2021 (DB date, not legal located date) | src: BLM MLRS Not Closed | boundary approx (BLM quarter-section) | do not dig here (active claim)</description><styleUrl>#s0</styleUrl><Polygon><outerBoundaryIs><LinearRing><coordinates>-122.746308,43.579621,0 -122.741368,43.579649,0 -122.741367,43.579552,0 -122.741308,43.576193,0 -122.741304,43.575953,0 -122.741360,43.572738,0 -122.746297,43.572296,0 -122.751234,43.571854,0 -122.751241,43.575724,0 -122.751249,43.579593,0 -122.746308,43.579621,0</coordinates></LinearRing></outerBoundaryIs></Polygon></Placemark><Placemark><name>KIT KAT B</name><description>placer | serial ORMC156231 | 18.6 ac | Active | qtr-sec OR 33 0230S 0010W 024 A NE | recorded~2021 (DB date, not legal located date) | src: BLM MLRS Not Closed | boundary approx (BLM quarter-section) | do not dig here (active claim)</description><styleUrl>#s0</styleUrl><Polygon><outerBoundaryIs><LinearRing><coordinates>-122.746432,43.558678,0 -122.751417,43.558387,0 -122.751325,43.561747,0 -122.751233,43.565108,0 -122.746286,43.565452,0 -122.741350,43.565806,0 -122.741363,43.565033,0 -122.741403,43.562391,0 -122.741418,43.561400,0 -122.741455,43.558976,0 -122.746432,43.558678,0</coordinates></LinearRing></outerBoundaryIs></Polygon></Placemark><Placemark><name>LAST ONE IV 1</name><description>placer | serial ORMC157613 | 20.0 ac | Active | qtr-sec OR 33 0220S 0010W 027 A NE | recorded~2021 (DB date, not legal located date) | src: BLM MLRS Not Closed | boundary approx (BLM quarter-section) | do not dig here (active claim)</description><styleUrl>#s0</styleUrl><Polygon><outerBoundaryIs><LinearRing><coordinates>-122.782949,43.637538,0 -122.782984,43.633966,0 -122.783009,43.630425,0 -122.788009,43.630374,0 -122.793008,43.630323,0 -122.793079,43.633812,0 -122.793151,43.637301,0 -122.788056,43.637422,0 -122.782949,43.637538,0</coordinates></LinearRing></outerBoundaryIs></Polygon></Placemark><Placemark><name>TOMS HONOR</name><description>placer | serial ORMC158573 | 40.0 ac | Active | qtr-sec OR 33 0230S 0010E 018 A NE | recorded~2021 (DB date, not legal located date) | src: BLM MLRS Not Closed | boundary approx (BLM quarter-section) | do not dig here (active claim)</description><styleUrl>#s0</styleUrl><Polygon><outerBoundaryIs><LinearRing><coordinates>-122.722340,43.575831,0 -122.731943,43.576082,0 -122.732031,43.583240,0 -122.722361,43.583084,0 -122.722340,43.575831,0</coordinates></LinearRing></outerBoundaryIs></Polygon></Placemark><Placemark><name>END OF THE TRAIL</name><description>placer | serial ORMC159291 | 40.0 ac | Active | qtr-sec OR 33 0230S 0010E 008 A SE | recorded~2021 (DB date, not legal located date) | src: BLM MLRS Not Closed | boundary approx (BLM quarter-section) | do not dig here (active claim)</description><styleUrl>#s0</styleUrl><Polygon><outerBoundaryIs><LinearRing><coordinates>-122.712444,43.583061,0 -122.712475,43.590324,0 -122.702567,43.590312,0 -122.702527,43.583037,0 -122.712444,43.583061,0</coordinates></LinearRing></outerBoundaryIs></Polygon></Placemark><Placemark><name>BUD PLACER I</name><description>placer | serial ORMC160286 | 37.33 ac | Active | qtr-sec OR 33 0230S 0010E 007 A SW | recorded~2021 (DB date, not legal located date) | src: BLM MLRS Not Closed | boundary approx (BLM quarter-section) | do not dig here (active claim)</description><styleUrl>#s0</styleUrl><Polygon><outerBoundaryIs><LinearRing><coordinates>-122.732031,43.583240,0 -122.741701,43.583396,0 -122.742326,43.590576,0 -122.732354,43.590456,0 -122.732031,43.583240,0</coordinates></LinearRing></outerBoundaryIs></Polygon></Placemark><Placemark><name>SIX BITS GULCH</name><description>placer | serial ORMC161494 | 80.0 ac | Active | qtr-sec OR 33 0230S 0010E 016 A NW|OR 33 0230S 0010E 017 A NE | recorded~2021 (DB date, not legal located date) | src: BLM MLRS Not Closed | boundary approx (BLM quarter-section) | do not dig here (active claim)</description><styleUrl>#s0</styleUrl><Polygon><outerBoundaryIs><LinearRing><coordinates>-122.702493,43.575782,0 -122.712416,43.575807,0 -122.712444,43.583061,0 -122.702527,43.583037,0 -122.692530,43.583020,0 -122.692501,43.575770,0 -122.702493,43.575782,0</coordinates></LinearRing></outerBoundaryIs></Polygon></Placemark><Placemark><name>SAILORS GULCH</name><description>placer | serial ORMC163056 | 20.0 ac | Active | qtr-sec OR 33 0230S 0010E 018 A NE | recorded~2021 (DB date, not legal located date) | src: BLM MLRS Not Closed | boundary approx (BLM quarter-section) | do not dig here (active claim)</description><styleUrl>#s0</styleUrl><Polygon><outerBoundaryIs><LinearRing><coordinates>-122.722340,43.575831,0 -122.731943,43.576082,0 -122.732031,43.583240,0 -122.722361,43.583084,0 -122.722340,43.575831,0</coordinates></LinearRing></outerBoundaryIs></Polygon></Placemark><Placemark><name>GOLDEN MAGGIE II</name><description>placer | serial ORMC164746 | 80.0 ac | Active | qtr-sec OR 33 0220S 0020E 030 A NE | recorded~2021 (DB date, not legal located date) | src: BLM MLRS Not Closed | boundary approx (BLM quarter-section) | do not dig here (active claim)</description><styleUrl>#s0</styleUrl><Polygon><outerBoundaryIs><LinearRing><coordinates>-122.608939,43.633566,0 -122.618109,43.633459,0 -122.618115,43.640703,0 -122.608948,43.640798,0 -122.608939,43.633566,0</coordinates></LinearRing></outerBoundaryIs></Polygon></Placemark><Placemark><name>HOPEFUL</name><description>placer | serial ORMC165929 | 40.0 ac | Active | qtr-sec OR 33 0220S 0010E 036 A SWSE | recorded~2021 (DB date, not legal located date) | src: BLM MLRS Not Closed | boundary approx (BLM quarter-section) | do not dig here (active claim)</description><styleUrl>#s0</styleUrl><Polygon><outerBoundaryIs><LinearRing><coordinates>-122.632204,43.609274,0 -122.632788,43.609274,0 -122.637172,43.609279,0 -122.637184,43.612888,0 -122.632211,43.612883,0 -122.632204,43.609274,0</coordinates></LinearRing></outerBoundaryIs></Polygon></Placemark><Placemark><name>QTJD 81</name><description>placer | serial ORMC166303 | 40.0 ac | Active | qtr-sec OR 33 0220S 0010W 015 A SW | recorded~2021 (DB date, not legal located date) | src: BLM MLRS Not Closed | boundary approx (BLM quarter-section) | do not dig here (active claim)</description><styleUrl>#s0</styleUrl><Polygon><outerBoundaryIs><LinearRing><coordinates>-122.808420,43.653283,0 -122.808281,43.656899,0 -122.808154,43.660514,0 -122.802998,43.660146,0 -122.798079,43.659794,0 -122.793160,43.659442,0 -122.793166,43.655943,0 -122.793172,43.652444,0 -122.798241,43.652723,0 -122.803311,43.653002,0 -122.808420,43.653283,0</coordinates></LinearRing></outerBoundaryIs></Polygon></Placemark><Placemark><name>TOO EASY</name><description>placer | serial ORMC167097 | 40.0 ac | Active | qtr-sec OR 33 0220S 0010E 036 A SW | recorded~2021 (DB date, not legal located date) | src: BLM MLRS Not Closed | boundary approx (BLM quarter-section) | do not dig here (active claim)</description><styleUrl>#s0</styleUrl><Polygon><outerBoundaryIs><LinearRing><coordinates>-122.642140,43.609285,0 -122.642713,43.609285,0 -122.647109,43.609290,0 -122.647108,43.612899,0 -122.647108,43.616507,0 -122.642151,43.616502,0 -122.637195,43.616498,0 -122.637184,43.612888,0 -122.637172,43.609279,0 -122.637751,43.609279,0 -122.642140,43.609285,0</coordinates></LinearRing></outerBoundaryIs></Polygon></Placemark><Placemark><name>BACK FORTY</name><description>placer | serial ORMC168989 | 35.0 ac | Active | qtr-sec OR 33 0230S 0020E 020 A SE | recorded~2021 (DB date, not legal located date) | src: BLM MLRS Not Closed | boundary approx (BLM quarter-section) | do not dig here (active claim)</description><styleUrl>#s0</styleUrl><Polygon><outerBoundaryIs><LinearRing><coordinates>-122.598231,43.556623,0 -122.598238,43.563857,0 -122.588323,43.563840,0 -122.588322,43.556601,0 -122.598231,43.556623,0</coordinates></LinearRing></outerBoundaryIs></Polygon></Placemark><Placemark><name>DAY DREAMER</name><description>placer | serial ORMC169498 | 0.0 ac | Active | qtr-sec OR 33 0240S 0020E 006 L 1 | recorded~2021 (DB date, not legal located date) | src: BLM MLRS Not Closed | boundary approx (BLM quarter-section) | do not dig here (active claim)</description><styleUrl>#s0</styleUrl><Polygon><outerBoundaryIs><LinearRing><coordinates>-122.608246,43.523666,0 -122.608269,43.520059,0 -122.608317,43.512727,0 -122.613377,43.512742,0 -122.618325,43.512757,0 -122.622992,43.512770,0 -122.623074,43.516357,0 -122.623108,43.517837,0 -122.623099,43.520014,0 -122.623094,43.521404,0 -122.623085,43.523639,0 -122.623079,43.525130,0 -122.623078,43.527705,0 -122.618266,43.527695,0 -122.618105,43.527695,0 -122.613212,43.527686,0 -122.608220,43.527676,0 -122.608246,43.523666,0</coordinates></LinearRing></outerBoundaryIs></Polygon></Placemark><Placemark><name>PAIR A DICE</name><description>placer | serial ORMC169499 | 20.0 ac | Active | qtr-sec OR 33 0240S 0020E 005 A NW | recorded~2021 (DB date, not legal located date) | src: BLM MLRS Not Closed | boundary approx (BLM quarter-section) | do not dig here (active claim)</description><styleUrl>#s0</styleUrl><Polygon><outerBoundaryIs><LinearRing><coordinates>-122.598302,43.520186,0 -122.608268,43.520202,0 -122.608220,43.527676,0 -122.598276,43.527655,0 -122.598302,43.520186,0</coordinates></LinearRing></outerBoundaryIs></Polygon></Placemark><Placemark><name>FINDERS KEEPERS 1</name><description>placer | serial ORMC169699 | 20.0 ac | Active | qtr-sec OR 33 0230S 0020E 031 A NE | recorded~2021 (DB date, not legal located date) | src: BLM MLRS Not Closed | boundary approx (BLM quarter-section) | do not dig here (active claim)</description><styleUrl>#s0</styleUrl><Polygon><outerBoundaryIs><LinearRing><coordinates>-122.608187,43.534921,0 -122.615619,43.534932,0 -122.615590,43.542175,0 -122.608155,43.542166,0 -122.608187,43.534921,0</coordinates></LinearRing></outerBoundaryIs></Polygon></Placemark><Placemark><name>FINDERS KEEPERS 2</name><description>placer | serial ORMC169700 | 20.0 ac | Active | qtr-sec OR 33 0230S 0020E 031 A NE | recorded~2021 (DB date, not legal located date) | src: BLM MLRS Not Closed | boundary approx (BLM quarter-section) | do not dig here (active claim)</description><styleUrl>#s0</styleUrl><Polygon><outerBoundaryIs><LinearRing><coordinates>-122.608187,43.534921,0 -122.615619,43.534932,0 -122.615590,43.542175,0 -122.608155,43.542166,0 -122.608187,43.534921,0</coordinates></LinearRing></outerBoundaryIs></Polygon></Placemark><Placemark><name>FINDERS KEEPERS 3</name><description>placer | serial ORMC169701 | 20.0 ac | Active | qtr-sec OR 33 0230S 0020E 030 A SW|OR 33 0230S 0020E 031 A NW | recorded~2021 (DB date, not legal located date) | src: BLM MLRS Not Closed | boundary approx (BLM quarter-section) | do not dig here (active claim)</description><styleUrl>#s0</styleUrl><Polygon><outerBoundaryIs><LinearRing><coordinates>-122.615619,43.534932,0 -122.623052,43.534944,0 -122.623025,43.542183,0 -122.622998,43.549434,0 -122.615574,43.549418,0 -122.615590,43.542175,0 -122.615619,43.534932,0</coordinates></LinearRing></outerBoundaryIs></Polygon></Placemark><Placemark><name>RADIO FLYER 1</name><description>placer | serial ORMC169702 | 20.0 ac | Active | qtr-sec OR 33 0230S 0020E 031 A SE | recorded~2021 (DB date, not legal located date) | src: BLM MLRS Not Closed | boundary approx (BLM quarter-section) | do not dig here (active claim)</description><styleUrl>#s0</styleUrl><Polygon><outerBoundaryIs><LinearRing><coordinates>-122.608220,43.527676,0 -122.615649,43.527690,0 -122.615619,43.534932,0 -122.608187,43.534921,0 -122.608220,43.527676,0</coordinates></LinearRing></outerBoundaryIs></Polygon></Placemark><Placemark><name>RADIO FLYER 2</name><description>placer | serial ORMC169703 | 20.0 ac | Active | qtr-sec OR 33 0230S 0020E 031 A SE | recorded~2021 (DB date, not legal located date) | src: BLM MLRS Not Closed | boundary approx (BLM quarter-section) | do not dig here (active claim)</description><styleUrl>#s0</styleUrl><Polygon><outerBoundaryIs><LinearRing><coordinates>-122.608220,43.527676,0 -122.615649,43.527690,0 -122.615619,43.534932,0 -122.608187,43.534921,0 -122.608220,43.527676,0</coordinates></LinearRing></outerBoundaryIs></Polygon></Placemark><Placemark><name>FRANKLIN MINT</name><description>placer | serial ORMC169864 | 19.4 ac | Active | qtr-sec OR 33 0230S 0020E 030 A SW | recorded~2021 (DB date, not legal located date) | src: BLM MLRS Not Closed | boundary approx (BLM quarter-section) | do not dig here (active claim)</description><styleUrl>#s0</styleUrl><Polygon><outerBoundaryIs><LinearRing><coordinates>-122.615590,43.542175,0 -122.623025,43.542183,0 -122.622998,43.549434,0 -122.615574,43.549418,0 -122.615590,43.542175,0</coordinates></LinearRing></outerBoundaryIs></Polygon></Placemark><Placemark><name>DELIVERANCE</name><description>placer | serial ORMC171003 | 19.53 ac | Active | qtr-sec OR 33 0230S 0020E 030 A NW | recorded~2021 (DB date, not legal located date) | src: BLM MLRS Not Closed | boundary approx (BLM quarter-section) | do not dig here (active claim)</description><styleUrl>#s0</styleUrl><Polygon><outerBoundaryIs><LinearRing><coordinates>-122.615574,43.549418,0 -122.622998,43.549434,0 -122.622972,43.556684,0 -122.615557,43.556661,0 -122.615574,43.549418,0</coordinates></LinearRing></outerBoundaryIs></Polygon></Placemark><Placemark><name>BROKEN FINGER</name><description>placer | serial ORMC171182 | 19.08 ac | Active | qtr-sec OR 33 0230S 0010E 001 A NW|OR 33 0230S 0010E 001 A NE | recorded~2021 (DB date, not legal located date) | src: BLM MLRS Not Closed | boundary approx (BLM quarter-section) | do not dig here (active claim)</description><styleUrl>#s0</styleUrl><Polygon><outerBoundaryIs><LinearRing><coordinates>-122.642720,43.603401,0 -122.642713,43.609285,0 -122.632920,43.610582,0 -122.623126,43.611879,0 -122.623079,43.604744,0 -122.632900,43.604073,0 -122.642720,43.603401,0</coordinates></LinearRing></outerBoundaryIs></Polygon></Placemark><Placemark><name>GOLDIGGERS</name><description>placer | serial ORMC171183 | 20.0 ac | Active | qtr-sec OR 33 0230S 0010E 001 A SW | recorded~2021 (DB date, not legal located date) | src: BLM MLRS Not Closed | boundary approx (BLM quarter-section) | do not dig here (active claim)</description><styleUrl>#s0</styleUrl><Polygon><outerBoundaryIs><LinearRing><coordinates>-122.632880,43.597563,0 -122.642727,43.597517,0 -122.642720,43.603401,0 -122.632900,43.604073,0 -122.632880,43.597563,0</coordinates></LinearRing></outerBoundaryIs></Polygon></Placemark><Placemark><name>TEDDY BEAR</name><description>placer | serial ORMC171890 | 0.0 ac | Active | qtr-sec OR 33 0230S 0010E 030 A NESWNE | OR 33 0230S 0010E 030 A SENWNE | OR 33 0230S 0010E 030 A NWSWNE | recorded~2021 (DB date, not legal located date) | src: BLM MLRS Not Closed | boundary approx (BLM quarter-section) | do not dig here (active clai…</description><styleUrl>#s0</styleUrl><Polygon><outerBoundaryIs><LinearRing><coordinates>-122.727195,43.548727,0 -122.729614,43.548733,0 -122.732034,43.548740,0 -122.732003,43.550539,0 -122.729590,43.550533,0 -122.729566,43.552332,0 -122.727159,43.552327,0 -122.727177,43.550527,0 -122.727195,43.548727,0</coordinates></LinearRing></outerBoundaryIs></Polygon></Placemark><Placemark><name>GYPSY LADY</name><description>placer | serial ORMC172299 | 18.42 ac | Active | qtr-sec OR 33 0220S 0010W 005 A NW | recorded~2021 (DB date, not legal located date) | src: BLM MLRS Not Closed | boundary approx (BLM quarter-section) | do not dig here (active claim)</description><styleUrl>#s0</styleUrl><Polygon><outerBoundaryIs><LinearRing><coordinates>-122.843225,43.695599,0 -122.838285,43.695749,0 -122.838201,43.692351,0 -122.838152,43.690383,0 -122.838117,43.688948,0 -122.843020,43.688899,0 -122.847923,43.688850,0 -122.848026,43.692155,0 -122.848164,43.695450,0 -122.843225,43.695599,0</coordinates></LinearRing></outerBoundaryIs></Polygon></Placemark><Placemark><name>LINNY BELL 2</name><description>placer | serial ORMC172371 | 20.0 ac | Active | qtr-sec OR 33 0230S 0010E 031 A NE | recorded~2021 (DB date, not legal located date) | src: BLM MLRS Not Closed | boundary approx (BLM quarter-section) | do not dig here (active claim)</description><styleUrl>#s0</styleUrl><Polygon><outerBoundaryIs><LinearRing><coordinates>-122.722408,43.531741,0 -122.732211,43.531704,0 -122.732188,43.539737,0 -122.722378,43.539705,0 -122.722408,43.531741,0</coordinates></LinearRing></outerBoundaryIs></Polygon></Placemark><Placemark><name>GOLDEN BRICE</name><description>placer | serial ORMC172405 | 40.0 ac | Active | qtr-sec OR 33 0220S 0010E 023 A SW | recorded~2021 (DB date, not legal located date) | src: BLM MLRS Not Closed | boundary approx (BLM quarter-section) | do not dig here (active claim)</description><styleUrl>#s0</styleUrl><Polygon><outerBoundaryIs><LinearRing><coordinates>-122.667036,43.641805,0 -122.667041,43.645403,0 -122.662050,43.645377,0 -122.657059,43.645351,0 -122.657058,43.641759,0 -122.657056,43.638167,0 -122.662044,43.638187,0 -122.667031,43.638206,0 -122.667036,43.641805,0</coordinates></LinearRing></outerBoundaryIs></Polygon></Placemark><Placemark><name>GOLDEN DOG GOLD</name><description>placer | serial ORMC172406 | 20.0 ac | Active | qtr-sec OR 33 0220S 0010E 023 A SW | recorded~2021 (DB date, not legal located date) | src: BLM MLRS Not Closed | boundary approx (BLM quarter-section) | do not dig here (active claim)</description><styleUrl>#s0</styleUrl><Polygon><outerBoundaryIs><LinearRing><coordinates>-122.667036,43.641805,0 -122.667041,43.645403,0 -122.662050,43.645377,0 -122.657059,43.645351,0 -122.657058,43.641759,0 -122.657056,43.638167,0 -122.662044,43.638187,0 -122.667031,43.638206,0 -122.667036,43.641805,0</coordinates></LinearRing></outerBoundaryIs></Polygon></Placemark><Placemark><name>HOPE</name><description>placer | serial ORMC172614 | 20.0 ac | Active | qtr-sec OR 33 0220S 0010W 027 A NE | recorded~2021 (DB date, not legal located date) | src: BLM MLRS Not Closed | boundary approx (BLM quarter-section) | do not dig here (active claim)</description><styleUrl>#s0</styleUrl><Polygon><outerBoundaryIs><LinearRing><coordinates>-122.782949,43.637538,0 -122.782984,43.633966,0 -122.783009,43.630425,0 -122.788009,43.630374,0 -122.793008,43.630323,0 -122.793079,43.633812,0 -122.793151,43.637301,0 -122.788056,43.637422,0 -122.782949,43.637538,0</coordinates></LinearRing></outerBoundaryIs></Polygon></Placemark><Placemark><name>GOLD MEADOW PLAINS</name><description>placer | serial ORMC173386 | 145.0 ac | Active | qtr-sec OR 33 0220S 0010E 007 A NE|OR 33 0220S 0010E 007 A NW|OR 33 0220S 0010E 007 A SE | recorded~2021 (DB date, not legal located date) | src: BLM MLRS Not Closed | boundary approx (BLM quarter-section) | do not dig here (active claim)</description><styleUrl>#s0</styleUrl><Polygon><outerBoundaryIs><LinearRing><coordinates>-122.736122,43.669391,0 -122.736090,43.672905,0 -122.741031,43.672917,0 -122.744094,43.672923,0 -122.744053,43.676448,0 -122.744012,43.679973,0 -122.740946,43.679978,0 -122.736027,43.679975,0 -122.731177,43.679944,0 -122.726328,43.679912,0 -122.726332,43.676397,0 -122.726336,43.672882,0 -122.726341,43.669368,0 -122.726345,43.665853,0 -122.731249,43.665865,0 -122.736154,43.665877,0 -122.736122,43.669391,0</coordinates></LinearRing></outerBoundaryIs></Polygon></Placemark><Placemark><name>SILVERADO 1</name><description>placer | serial ORMC176597 | 40.0 ac | Active | qtr-sec OR 33 0230S 0010W 025 A SW | recorded~2021 (DB date, not legal located date) | src: BLM MLRS Not Closed | boundary approx (BLM quarter-section) | do not dig here (active claim)</description><styleUrl>#s0</styleUrl><Polygon><outerBoundaryIs><LinearRing><coordinates>-122.756741,43.544484,0 -122.751778,43.544543,0 -122.751866,43.541095,0 -122.751953,43.537647,0 -122.756898,43.537647,0 -122.761843,43.537648,0 -122.761774,43.541036,0 -122.761564,43.544395,0 -122.756741,43.544484,0</coordinates></LinearRing></outerBoundaryIs></Polygon></Placemark><Placemark><name>SILVERADO 2</name><description>placer | serial ORMC176598 | 40.0 ac | Active | qtr-sec OR 33 0230S 0010W 025 A SW | recorded~2021 (DB date, not legal located date) | src: BLM MLRS Not Closed | boundary approx (BLM quarter-section) | do not dig here (active claim)</description><styleUrl>#s0</styleUrl><Polygon><outerBoundaryIs><LinearRing><coordinates>-122.756741,43.544484,0 -122.751778,43.544543,0 -122.751866,43.541095,0 -122.751953,43.537647,0 -122.756898,43.537647,0 -122.761843,43.537648,0 -122.761774,43.541036,0 -122.761564,43.544395,0 -122.756741,43.544484,0</coordinates></LinearRing></outerBoundaryIs></Polygon></Placemark><Placemark><name>FORTUNE COOKIE</name><description>placer | serial ORMC176605 | 10.0 ac | Active | qtr-sec OR 33 0220S 0010E 026 A SE | recorded~2021 (DB date, not legal located date) | src: BLM MLRS Not Closed | boundary approx (BLM quarter-section) | do not dig here (active claim)</description><styleUrl>#s0</styleUrl><Polygon><outerBoundaryIs><LinearRing><coordinates>-122.657082,43.625065,0 -122.657077,43.627371,0 -122.657074,43.629167,0 -122.657070,43.630964,0 -122.654576,43.630954,0 -122.652082,43.630945,0 -122.647095,43.630926,0 -122.647101,43.627325,0 -122.647103,43.626285,0 -122.647106,43.624602,0 -122.647040,43.624592,0 -122.647101,43.623864,0 -122.647104,43.623865,0 -122.647107,43.623865,0 -122.647561,43.623928,0 -122.647578,43.623727,0 -122.652096,43.623751,0 -122.653199,43.623757,0 -122.657084,43.623779,0 -122.657082,43.625065,0</coordinates></LinearRing></outerBoundaryIs></Polygon></Placemark><Placemark><name>CATTY</name><description>placer | serial ORMC177196 | 20.0 ac | Active | qtr-sec OR 33 0220S 0010E 027 A SE | recorded~2021 (DB date, not legal located date) | src: BLM MLRS Not Closed | boundary approx (BLM quarter-section) | do not dig here (active claim)</description><styleUrl>#s0</styleUrl><Polygon><outerBoundaryIs><LinearRing><coordinates>-122.676969,43.623850,0 -122.676977,43.627438,0 -122.676985,43.631049,0 -122.672008,43.631025,0 -122.667030,43.631001,0 -122.667029,43.627398,0 -122.667028,43.623795,0 -122.671999,43.623811,0 -122.676969,43.623827,0 -122.676969,43.623850,0</coordinates></LinearRing></outerBoundaryIs></Polygon></Placemark><Placemark><name>CROOKED T</name><description>placer | serial ORMC178467 | 20.0 ac | Active | qtr-sec OR 33 0230S 0010W 013 A SWNE | recorded~2021 (DB date, not legal located date) | src: BLM MLRS Not Closed | boundary approx (BLM quarter-section) | do not dig here (active claim)</description><styleUrl>#s0</styleUrl><Polygon><outerBoundaryIs><LinearRing><coordinates>-122.751234,43.571854,0 -122.751241,43.575724,0 -122.746303,43.575957,0 -122.746297,43.572296,0 -122.751234,43.571854,0</coordinates></LinearRing></outerBoundaryIs></Polygon></Placemark><Placemark><name>RONDEE</name><description>placer | serial ORMC18170 | 11.0 ac | Active | qtr-sec OR 33 0230S 0010E 012 A NW|OR 33 0230S 0010E 012 A NE|OR 33 0230S 0010E 012 A SE | recorded~2021 (DB date, not legal located date) | src: BLM MLRS Not Closed | boundary approx (BLM quarter-section) | do not dig here (active claim)</description><styleUrl>#s0</styleUrl><Polygon><outerBoundaryIs><LinearRing><coordinates>-122.632868,43.583079,0 -122.632874,43.590321,0 -122.642758,43.590270,0 -122.642727,43.597517,0 -122.632880,43.597563,0 -122.623032,43.597610,0 -122.623008,43.590372,0 -122.622958,43.583136,0 -122.632868,43.583079,0</coordinates></LinearRing></outerBoundaryIs></Polygon></Placemark><Placemark><name>CLIMAX 1</name><description>placer | serial ORMC23002 | 18.24 ac | Active | qtr-sec OR 33 0230S 0010E 019 A SW | recorded~2021 (DB date, not legal located date) | src: BLM MLRS Not Closed | boundary approx (BLM quarter-section) | do not dig here (active claim)</description><styleUrl>#s0</styleUrl><Polygon><outerBoundaryIs><LinearRing><coordinates>-122.731941,43.554136,0 -122.741540,43.554154,0 -122.741466,43.561713,0 -122.731898,43.561530,0 -122.731941,43.554136,0</coordinates></LinearRing></outerBoundaryIs></Polygon></Placemark><Placemark><name>CLIMAX 2</name><description>placer | serial ORMC23003 | 20.0 ac | Active | qtr-sec OR 33 0230S 0010E 019 A SW | recorded~2021 (DB date, not legal located date) | src: BLM MLRS Not Closed | boundary approx (BLM quarter-section) | do not dig here (active claim)</description><styleUrl>#s0</styleUrl><Polygon><outerBoundaryIs><LinearRing><coordinates>-122.731941,43.554136,0 -122.741540,43.554154,0 -122.741466,43.561713,0 -122.731898,43.561530,0 -122.731941,43.554136,0</coordinates></LinearRing></outerBoundaryIs></Polygon></Placemark><Placemark><name>CLIMAX 4</name><description>placer | serial ORMC23005 | 20.0 ac | Active | qtr-sec OR 33 0230S 0010E 019 A SE | recorded~2021 (DB date, not legal located date) | src: BLM MLRS Not Closed | boundary approx (BLM quarter-section) | do not dig here (active claim)</description><styleUrl>#s0</styleUrl><Polygon><outerBoundaryIs><LinearRing><coordinates>-122.722342,43.554118,0 -122.731941,43.554136,0 -122.731898,43.561530,0 -122.722330,43.561347,0 -122.722342,43.554118,0</coordinates></LinearRing></outerBoundaryIs></Polygon></Placemark><Placemark><name>CLIMAX 5</name><description>placer | serial ORMC23006 | 20.0 ac | Active | qtr-sec OR 33 0230S 0010E 019 A SE | recorded~2021 (DB date, not legal located date) | src: BLM MLRS Not Closed | boundary approx (BLM quarter-section) | do not dig here (active claim)</description><styleUrl>#s0</styleUrl><Polygon><outerBoundaryIs><LinearRing><coordinates>-122.722342,43.554118,0 -122.731941,43.554136,0 -122.731898,43.561530,0 -122.722330,43.561347,0 -122.722342,43.554118,0</coordinates></LinearRing></outerBoundaryIs></Polygon></Placemark><Placemark><name>CLIMAX 6</name><description>placer | serial ORMC23007 | 20.0 ac | Active | qtr-sec OR 33 0230S 0010E 020 A SW | recorded~2021 (DB date, not legal located date) | src: BLM MLRS Not Closed | boundary approx (BLM quarter-section) | do not dig here (active claim)</description><styleUrl>#s0</styleUrl><Polygon><outerBoundaryIs><LinearRing><coordinates>-122.722342,43.554118,0 -122.722330,43.561347,0 -122.712387,43.561308,0 -122.712385,43.554063,0 -122.722342,43.554118,0</coordinates></LinearRing></outerBoundaryIs></Polygon></Placemark><Placemark><name>NEPTUNE BLUE I</name><description>placer | serial ORMC34471 | 15.0 ac | Active | qtr-sec OR 33 0230S 0010E 017 A NW | recorded~2021 (DB date, not legal located date) | src: BLM MLRS Not Closed | boundary approx (BLM quarter-section) | do not dig here (active claim)</description><styleUrl>#s0</styleUrl><Polygon><outerBoundaryIs><LinearRing><coordinates>-122.722340,43.575831,0 -122.722361,43.583084,0 -122.712444,43.583061,0 -122.712416,43.575807,0 -122.722340,43.575831,0</coordinates></LinearRing></outerBoundaryIs></Polygon></Placemark><Placemark><name>Halfway</name><description>placer | serial OR105830811 | 18.0 ac | Active | qtr-sec OR 33 0220S 0010W 005 A SW | recorded~2023 (DB date, not legal located date) | src: BLM MLRS Not Closed | boundary approx (BLM quarter-section) | do not dig here (active claim)</description><styleUrl>#s0</styleUrl><Polygon><outerBoundaryIs><LinearRing><coordinates>-122.847798,43.685558,0 -122.847923,43.688850,0 -122.843020,43.688899,0 -122.838117,43.688948,0 -122.838032,43.685595,0 -122.837948,43.682242,0 -122.842813,43.682242,0 -122.847679,43.682243,0 -122.847798,43.685558,0</coordinates></LinearRing></outerBoundaryIs><innerBoundaryIs><LinearRing><coordinates>-122.842917,43.685577,0 -122.842916,43.685577,0 -122.843020,43.688899,0 -122.842917,43.685577,0</coordinates></LinearRing></innerBoundaryIs></Polygon></Placemark><Placemark><name>Bells Gold PMC</name><description>placer | serial OR106326444 | 0.0 ac | Active | qtr-sec OR 33 0022S 0002E 033 South1/2ofthenorth1/2&amp;thenorth1/2ofthesouth1/2oftheSWNEquarterofsection33,Township22South,Range2Eastofthewillamettemeridian | OR 33 0220S 0020E 033 | OR 33 0220S 0020E 033 A NE | recorded~2023 (DB date, not legal located …</description><styleUrl>#s0</styleUrl><Polygon><outerBoundaryIs><LinearRing><coordinates>-122.578939,43.619244,0 -122.578976,43.626457,0 -122.568952,43.626485,0 -122.568924,43.619284,0 -122.578939,43.619244,0</coordinates></LinearRing></outerBoundaryIs></Polygon></Placemark><Placemark><name>Crooked T 2</name><description>placer | serial OR106370888 | 9.29 ac | Active | qtr-sec OR 33 0230S 0010W 013 A SE | recorded~2024 (DB date, not legal located date) | src: BLM MLRS Not Closed | boundary approx (BLM quarter-section) | do not dig here (active claim)</description><styleUrl>#s0</styleUrl><Polygon><outerBoundaryIs><LinearRing><coordinates>-122.741350,43.565806,0 -122.746286,43.565452,0 -122.751233,43.565108,0 -122.751228,43.568476,0 -122.751234,43.571854,0 -122.746297,43.572296,0 -122.741360,43.572738,0 -122.741364,43.572309,0 -122.741391,43.569272,0 -122.741397,43.568666,0 -122.741350,43.565806,0</coordinates></LinearRing></outerBoundaryIs></Polygon></Placemark><Placemark><name>Geisha Gal</name><description>placer | serial OR106391866 | 20.0 ac | Filed | qtr-sec OR 33 0220S 0020E 029 | OR 33 0220S 0020E 029 A NW | recorded~2024 (DB date, not legal located date) | src: BLM MLRS Not Closed | boundary approx (BLM quarter-section) | do not dig here (active claim)</description><styleUrl>#s0</styleUrl><Polygon><outerBoundaryIs><LinearRing><coordinates>-122.608939,43.633566,0 -122.608948,43.640798,0 -122.599009,43.640843,0 -122.598987,43.633612,0 -122.608939,43.633566,0</coordinates></LinearRing></outerBoundaryIs></Polygon></Placemark><Placemark><name>Nuthin But Nugget</name><description>placer | serial OR106391868 | 20.0 ac | Filed | qtr-sec OR 33 0220S 0010E 026 A NW | recorded~2024 (DB date, not legal located date) | src: BLM MLRS Not Closed | boundary approx (BLM quarter-section) | do not dig here (active claim)</description><styleUrl>#s0</styleUrl><Polygon><outerBoundaryIs><LinearRing><coordinates>-122.662050,43.630982,0 -122.667030,43.631001,0 -122.667031,43.634604,0 -122.667031,43.638206,0 -122.662044,43.638187,0 -122.657056,43.638167,0 -122.657063,43.634565,0 -122.657070,43.630964,0 -122.659560,43.630973,0 -122.662050,43.630982,0</coordinates></LinearRing></outerBoundaryIs></Polygon></Placemark><Placemark><name>Ol' Number Seven</name><description>placer | serial OR106391867 | 20.0 ac | Filed | qtr-sec OR 33 0220S 0010E 026 A NW | recorded~2024 (DB date, not legal located date) | src: BLM MLRS Not Closed | boundary approx (BLM quarter-section) | do not dig here (active claim)</description><styleUrl>#s0</styleUrl><Polygon><outerBoundaryIs><LinearRing><coordinates>-122.662050,43.630982,0 -122.667030,43.631001,0 -122.667031,43.634604,0 -122.667031,43.638206,0 -122.662044,43.638187,0 -122.657056,43.638167,0 -122.657063,43.634565,0 -122.657070,43.630964,0 -122.659560,43.630973,0 -122.662050,43.630982,0</coordinates></LinearRing></outerBoundaryIs></Polygon></Placemark><Placemark><name>Geisha Girl</name><description>placer | serial OR106391869 | 20.0 ac | Filed | qtr-sec OR 33 0220S 0010E 035 A NE | OR 33 0220S 0010E 035 A NE | OR 33 0220S 0010E 035 A NE | OR 33 0220S 0010E 035 A NE | recorded~2024 (DB date, not legal located date) | src: BLM MLRS Not Closed | boundary approx (BLM quarter-section) | do not dig…</description><styleUrl>#s0</styleUrl><Polygon><outerBoundaryIs><LinearRing><coordinates>-122.657084,43.623779,0 -122.653199,43.623757,0 -122.652096,43.623751,0 -122.647578,43.623727,0 -122.647108,43.623724,0 -122.647108,43.622188,0 -122.647108,43.620116,0 -122.647108,43.616507,0 -122.652085,43.616520,0 -122.657063,43.616533,0 -122.657074,43.620156,0 -122.657083,43.623395,0 -122.657084,43.623779,0</coordinates></LinearRing></outerBoundaryIs></Polygon></Placemark><Placemark><name>Golden Lotus</name><description>placer | serial OR106391870 | 360.0 ac | Active | qtr-sec OR 33 0220S 0010E 036 A SWNWNWSWNW | OR 33 0220S 0010E 036 A N2NESWSWNW | OR 33 0220S 0010E 036 A N2SWSESWNW | OR 33 0220S 0010E 036 A SWSESESWNW | OR 33 0220S 0010E 036 A S2SENWSWNW | OR 33 0220S 0010E 036 A W2NWSESWNW | OR 33 0220S 0010E 0…</description><styleUrl>#s0</styleUrl><Polygon><outerBoundaryIs><LinearRing><coordinates>-122.645251,43.618760,0 -122.644631,43.618759,0 -122.644631,43.618308,0 -122.644012,43.618308,0 -122.644011,43.617857,0 -122.644011,43.617406,0 -122.643392,43.617405,0 -122.643391,43.616954,0 -122.642772,43.616954,0 -122.642771,43.616503,0 -122.643391,43.616504,0 -122.644010,43.616504,0 -122.644011,43.616955,0 -122.644630,43.616956,0 -122.644630,43.617406,0 -122.645250,43.617407,0 -122.645250,43.617858,0 -122.645869,43.617859,0 -122.645869,43.618310,0 -122.645870,43.618761,0 -122.645251,43.618760,0</coordinates></LinearRing></outerBoundaryIs></Polygon></Placemark><Placemark><name>EVENING STAR 900</name><description>tunnel site | serial ORMC154942 | 206.61 ac | Active | qtr-sec OR 33 0230S 0010E 013 A NE | recorded~2021 (DB date, not legal located date) | src: BLM MLRS Not Closed | boundary approx (BLM quarter-section) | do not dig here (active claim)</description><styleUrl>#s0</styleUrl><Polygon><outerBoundaryIs><LinearRing><coordinates>-122.632862,43.575840,0 -122.632868,43.583079,0 -122.622958,43.583136,0 -122.622943,43.575892,0 -122.632862,43.575840,0</coordinates></LinearRing></outerBoundaryIs></Polygon></Placemark><Placemark><name>Dag Nabit</name><description>placer | serial OR106709327 | 40.0 ac | Active | qtr-sec OR 33 0230S 0010W 012 A E2NESE | recorded~2024 (DB date, not legal located date) | src: BLM MLRS Not Closed | boundary approx (BLM quarter-section) | do not dig here (active claim)</description><styleUrl>#s0</styleUrl><Polygon><outerBoundaryIs><LinearRing><coordinates>-122.741701,43.583396,0 -122.744190,43.583321,0 -122.744365,43.585163,0 -122.744541,43.587005,0 -122.742032,43.587141,0 -122.741866,43.585268,0 -122.741701,43.583396,0</coordinates></LinearRing></outerBoundaryIs></Polygon></Placemark><Placemark><name>Home Run</name><description>lode | serial OR106712442 | 20.66 ac | Filed | qtr-sec OR 33 0230S 0010E 013 NW | recorded~2025 (DB date, not legal located date) | src: BLM MLRS Not Closed | boundary approx (BLM quarter-section) | do not dig here (active claim)</description><styleUrl>#s0</styleUrl><Polygon><outerBoundaryIs><LinearRing><coordinates>-122.642779,43.575789,0 -122.642775,43.583022,0 -122.632868,43.583079,0 -122.632862,43.575840,0 -122.642779,43.575789,0</coordinates></LinearRing></outerBoundaryIs></Polygon></Placemark><Placemark><name>Musick Extension</name><description>lode | serial OR106712444 | 20.66 ac | Filed | qtr-sec OR 33 0230S 0010E 013 SW | recorded~2025 (DB date, not legal located date) | src: BLM MLRS Not Closed | boundary approx (BLM quarter-section) | do not dig here (active claim)</description><styleUrl>#s0</styleUrl><Polygon><outerBoundaryIs><LinearRing><coordinates>-122.642783,43.568555,0 -122.642779,43.575789,0 -122.632862,43.575840,0 -122.632856,43.568602,0 -122.642783,43.568555,0</coordinates></LinearRing></outerBoundaryIs></Polygon></Placemark><Placemark><name>Specimen</name><description>lode | serial OR106712436 | 20.66 ac | Filed | qtr-sec OR 33 0230S 0010E 013 NW | recorded~2025 (DB date, not legal located date) | src: BLM MLRS Not Closed | boundary approx (BLM quarter-section) | do not dig here (active claim)</description><styleUrl>#s0</styleUrl><Polygon><outerBoundaryIs><LinearRing><coordinates>-122.642779,43.575789,0 -122.642775,43.583022,0 -122.632868,43.583079,0 -122.632862,43.575840,0 -122.642779,43.575789,0</coordinates></LinearRing></outerBoundaryIs></Polygon></Placemark><Placemark><name>Home Run Extension</name><description>lode | serial OR106712443 | 20.66 ac | Filed | qtr-sec OR 33 0230S 0010E 014 NW | recorded~2025 (DB date, not legal located date) | src: BLM MLRS Not Closed | boundary approx (BLM quarter-section) | do not dig here (active claim)</description><styleUrl>#s0</styleUrl><Polygon><outerBoundaryIs><LinearRing><coordinates>-122.662615,43.575729,0 -122.662595,43.582962,0 -122.652685,43.582992,0 -122.652697,43.575759,0 -122.662615,43.575729,0</coordinates></LinearRing></outerBoundaryIs></Polygon></Placemark><Placemark><name>Mystery</name><description>lode | serial OR106712445 | 20.66 ac | Filed | qtr-sec OR 33 0230S 0010E 014 NE | recorded~2025 (DB date, not legal located date) | src: BLM MLRS Not Closed | boundary approx (BLM quarter-section) | do not dig here (active claim)</description><styleUrl>#s0</styleUrl><Polygon><outerBoundaryIs><LinearRing><coordinates>-122.652697,43.575759,0 -122.652685,43.582992,0 -122.642775,43.583022,0 -122.642779,43.575789,0 -122.652697,43.575759,0</coordinates></LinearRing></outerBoundaryIs></Polygon></Placemark><Placemark><name>Hackysack</name><description>lode | serial OR106712441 | 20.66 ac | Filed | qtr-sec OR 33 0230S 0010E 013 SW | recorded~2025 (DB date, not legal located date) | src: BLM MLRS Not Closed | boundary approx (BLM quarter-section) | do not dig here (active claim)</description><styleUrl>#s0</styleUrl><Polygon><outerBoundaryIs><LinearRing><coordinates>-122.642783,43.568555,0 -122.642779,43.575789,0 -122.632862,43.575840,0 -122.632856,43.568602,0 -122.642783,43.568555,0</coordinates></LinearRing></outerBoundaryIs></Polygon></Placemark><Placemark><name>War Eagle</name><description>lode | serial OR106712437 | 20.66 ac | Filed | qtr-sec OR 33 0230S 0010E 014 NE | recorded~2025 (DB date, not legal located date) | src: BLM MLRS Not Closed | boundary approx (BLM quarter-section) | do not dig here (active claim)</description><styleUrl>#s0</styleUrl><Polygon><outerBoundaryIs><LinearRing><coordinates>-122.652697,43.575759,0 -122.652685,43.582992,0 -122.642775,43.583022,0 -122.642779,43.575789,0 -122.652697,43.575759,0</coordinates></LinearRing></outerBoundaryIs></Polygon></Placemark><Placemark><name>Butte</name><description>lode | serial OR106712439 | 20.66 ac | Filed | qtr-sec OR 33 0230S 0010E 014 NW | recorded~2025 (DB date, not legal located date) | src: BLM MLRS Not Closed | boundary approx (BLM quarter-section) | do not dig here (active claim)</description><styleUrl>#s0</styleUrl><Polygon><outerBoundaryIs><LinearRing><coordinates>-122.662615,43.575729,0 -122.662595,43.582962,0 -122.652685,43.582992,0 -122.652697,43.575759,0 -122.662615,43.575729,0</coordinates></LinearRing></outerBoundaryIs></Polygon></Placemark><Placemark><name>Yukon</name><description>lode | serial OR106712438 | 20.66 ac | Filed | qtr-sec OR 33 0230S 0010E 014 NW | recorded~2025 (DB date, not legal located date) | src: BLM MLRS Not Closed | boundary approx (BLM quarter-section) | do not dig here (active claim)</description><styleUrl>#s0</styleUrl><Polygon><outerBoundaryIs><LinearRing><coordinates>-122.662615,43.575729,0 -122.662595,43.582962,0 -122.652685,43.582992,0 -122.652697,43.575759,0 -122.662615,43.575729,0</coordinates></LinearRing></outerBoundaryIs></Polygon></Placemark><Placemark><name>Defiance Apex</name><description>lode | serial OR106712440 | 20.66 ac | Filed | qtr-sec OR 33 0230S 0010E 014 NW | recorded~2025 (DB date, not legal located date) | src: BLM MLRS Not Closed | boundary approx (BLM quarter-section) | do not dig here (active claim)</description><styleUrl>#s0</styleUrl><Polygon><outerBoundaryIs><LinearRing><coordinates>-122.662615,43.575729,0 -122.662595,43.582962,0 -122.652685,43.582992,0 -122.652697,43.575759,0 -122.662615,43.575729,0</coordinates></LinearRing></outerBoundaryIs></Polygon></Placemark><Placemark><name>EMPTY POCKETS</name><description>placer | serial OR106715274 | 40.0 ac | Active | qtr-sec OR 33 0220S 0010E 035 A NWNE | recorded~2025 (DB date, not legal located date) | src: BLM MLRS Not Closed | boundary approx (BLM quarter-section) | do not dig here (active claim)</description><styleUrl>#s0</styleUrl><Polygon><outerBoundaryIs><LinearRing><coordinates>-122.655186,43.621995,0 -122.652093,43.621558,0 -122.652091,43.620136,0 -122.657074,43.620156,0 -122.657083,43.623395,0 -122.654894,43.623089,0 -122.655186,43.621995,0</coordinates></LinearRing></outerBoundaryIs></Polygon></Placemark><Placemark><name>Brass Nugget 2</name><description>placer | serial OR106716735 | 40.0 ac | Filed | qtr-sec OR 33 0220S 0010W 035 A W2NWSE | recorded~2025 (DB date, not legal located date) | src: BLM MLRS Not Closed | boundary approx (BLM quarter-section) | do not dig here (active claim)</description><styleUrl>#s0</styleUrl><Polygon><outerBoundaryIs><LinearRing><coordinates>-122.770995,43.612905,0 -122.773434,43.612876,0 -122.773398,43.614643,0 -122.773363,43.616409,0 -122.770925,43.616442,0 -122.770960,43.614673,0 -122.770995,43.612905,0</coordinates></LinearRing></outerBoundaryIs></Polygon></Placemark><Placemark><name>RMPA Brice</name><description>placer | serial OR106719394 | 20.0 ac | Active | qtr-sec OR 33 0220S 0010E 015 E2W2SESW | recorded~2025 (DB date, not legal located date) | src: BLM MLRS Not Closed | boundary approx (BLM quarter-section) | do not dig here (active claim)</description><styleUrl>#s0</styleUrl><Polygon><outerBoundaryIs><LinearRing><coordinates>-122.679547,43.652731,0 -122.680796,43.652744,0 -122.680801,43.654558,0 -122.680807,43.656372,0 -122.679551,43.656354,0 -122.679549,43.654543,0 -122.679547,43.652731,0</coordinates></LinearRing></outerBoundaryIs></Polygon></Placemark><Placemark><name>CandC</name><description>placer | serial OR106721464 | 40.0 ac | Under Review | qtr-sec OR 33 0220S 0010W 035 SWNE | OR 33 0220S 0010W 035 SENW | OR 33 0220S 0010W 035 SWNW | recorded~2025 (DB date, not legal located date) | src: BLM MLRS Not Closed | boundary approx (BLM quarter-section) | do not dig here (active claim)</description><styleUrl>#s0</styleUrl><Polygon><outerBoundaryIs><LinearRing><coordinates>-122.783174,43.616275,0 -122.783121,43.619756,0 -122.778206,43.619863,0 -122.773292,43.619970,0 -122.768413,43.620043,0 -122.768487,43.616474,0 -122.773363,43.616409,0 -122.774589,43.616392,0 -122.775815,43.616375,0 -122.777042,43.616359,0 -122.778268,43.616342,0 -122.783174,43.616275,0</coordinates></LinearRing></outerBoundaryIs></Polygon></Placemark><Placemark><name>Never Enough</name><description>placer | serial OR106737431 | 40.0 ac | Active | qtr-sec OR 33 0230S 0010E 013 A S2NESW | OR 33 0230S 0010E 013 A E2NWSW | recorded~2025 (DB date, not legal located date) | src: BLM MLRS Not Closed | boundary approx (BLM quarter-section) | do not dig here (active claim)</description><styleUrl>#s0</styleUrl><Polygon><outerBoundaryIs><LinearRing><coordinates>-122.632860,43.574031,0 -122.632859,43.572221,0 -122.635339,43.572209,0 -122.637820,43.572196,0 -122.640300,43.572184,0 -122.640300,43.573993,0 -122.640300,43.575802,0 -122.637820,43.575814,0 -122.637820,43.574005,0 -122.635340,43.574018,0 -122.632860,43.574031,0</coordinates></LinearRing></outerBoundaryIs></Polygon></Placemark><Placemark><name>Jakey Y</name><description>placer | serial OR106728937 | 40.0 ac | Active | qtr-sec OR 33 0230S 0010E 024 A SENWNE | OR 33 0230S 0010E 024 A SWNENE | OR 33 0230S 0010E 024 A NESWNE | OR 33 0230S 0010E 024 A NWSENE | recorded~2025 (DB date, not legal located date) | src: BLM MLRS Not Closed | boundary approx (BLM quarter-sect…</description><styleUrl>#s0</styleUrl><Polygon><outerBoundaryIs><LinearRing><coordinates>-122.625429,43.563219,0 -122.627910,43.563205,0 -122.630390,43.563191,0 -122.630385,43.564999,0 -122.630379,43.566806,0 -122.627898,43.566818,0 -122.625417,43.566831,0 -122.625423,43.565025,0 -122.625429,43.563219,0</coordinates></LinearRing></outerBoundaryIs></Polygon></Placemark><Placemark><name>RYEMS</name><description>placer | serial OR106728941 | 40.0 ac | Active | qtr-sec OR 33 0230S 0010E 013 A SESESW | OR 33 0230S 0010E 024 A NENENW | OR 33 0230S 0010E 013 A SWSWSE | OR 33 0230S 0010E 024 A NWNWNE | recorded~2025 (DB date, not legal located date) | src: BLM MLRS Not Closed | boundary approx (BLM quarter-sect…</description><styleUrl>#s0</styleUrl><Polygon><outerBoundaryIs><LinearRing><coordinates>-122.630379,43.566806,0 -122.632861,43.566794,0 -122.635342,43.566781,0 -122.635338,43.568590,0 -122.635338,43.570399,0 -122.632857,43.570411,0 -122.630376,43.570423,0 -122.630374,43.568613,0 -122.630379,43.566806,0</coordinates></LinearRing></outerBoundaryIs></Polygon></Placemark><Placemark><name>East Helena III</name><description>lode | serial OR106760025 | 20.66 ac | Active | qtr-sec OR 33 0230S 0020E 017 | OR 33 0230S 0020E 017 | OR 33 0230S 0020E 017 | OR 33 0230S 0020E 017 | OR 33 0230S 0020E 017 | OR 33 0230S 0020E 017 | recorded~2025 (DB date, not legal located date) | src: BLM MLRS Not Closed | boundary approx (BLM q…</description><styleUrl>#s0</styleUrl><Polygon><outerBoundaryIs><LinearRing><coordinates>-122.598260,43.578349,0 -122.608181,43.578358,0 -122.608203,43.585588,0 -122.598275,43.585596,0 -122.598260,43.578349,0</coordinates></LinearRing></outerBoundaryIs></Polygon></Placemark><Placemark><name>BIRD'S NEST 1</name><description>lode | serial OR106763019 | 20.66115702 ac | Active | qtr-sec OR 33 0230S 0010E 017 A SESWSE | OR 33 0230S 0010E 017 A SWSESE | recorded~2025 (DB date, not legal located date) | src: BLM MLRS Not Closed | boundary approx (BLM quarter-section) | do not dig here (active claim)</description><styleUrl>#s0</styleUrl><Polygon><outerBoundaryIs><LinearRing><coordinates>-122.704949,43.570347,0 -122.704941,43.568534,0 -122.707424,43.568540,0 -122.709906,43.568546,0 -122.709913,43.570360,0 -122.707431,43.570354,0 -122.704949,43.570347,0</coordinates></LinearRing></outerBoundaryIs></Polygon></Placemark><Placemark><name>Cat House</name><description>lode | serial OR106762686 | 20.66115702 ac | Active | qtr-sec OR 33 0230S 0010E 003 E NW | OR 33 0230S 0010E 003 E SE | recorded~2025 (DB date, not legal located date) | src: BLM MLRS Not Closed | boundary approx (BLM quarter-section) | do not dig here (active claim)</description><styleUrl>#s0</styleUrl><Polygon><outerBoundaryIs><LinearRing><coordinates>-122.662534,43.609313,0 -122.662528,43.602821,0 -122.662531,43.600970,0 -122.662531,43.600569,0 -122.662531,43.600452,0 -122.662534,43.598884,0 -122.662536,43.597473,0 -122.665645,43.597470,0 -122.667546,43.597468,0 -122.672558,43.597463,0 -122.682580,43.597452,0 -122.682586,43.602675,0 -122.682496,43.609345,0 -122.681864,43.609344,0 -122.677506,43.609337,0 -122.676901,43.609337,0 -122.672517,43.609329,0 -122.672402,43.609329,0 -122.671938,43.609329,0 -122.669166,43.609324,0 -122.667527,43.609321,0 -122.666975,43.609321,0 -122.662534,43.609313,0</coordinates></LinearRing></outerBoundaryIs></Polygon></Placemark><Placemark><name>Norseman</name><description>placer | serial OR106758248 | 20.0 ac | Active | qtr-sec OR 33 0230S 0010W 012 A W2NESE | recorded~2025 (DB date, not legal located date) | src: BLM MLRS Not Closed | boundary approx (BLM quarter-section) | do not dig here (active claim)</description><styleUrl>#s0</styleUrl><Polygon><outerBoundaryIs><LinearRing><coordinates>-122.744190,43.583321,0 -122.746679,43.583246,0 -122.746864,43.585058,0 -122.747050,43.586870,0 -122.744541,43.587005,0 -122.744365,43.585163,0 -122.744190,43.583321,0</coordinates></LinearRing></outerBoundaryIs></Polygon></Placemark><Placemark><name>Bernard’s</name><description>placer | serial OR106780173 | 40.0 ac | Active | qtr-sec OR 33 0230S 0010E 030 A NENWSE | OR 33 0230S 0010E 030 A NWSESE | OR 33 0230S 0010E 030 A NWNESE | OR 33 0230S 0010E 030 A SWNESE | recorded~2026 (DB date, not legal located date) | src: BLM MLRS Not Closed | boundary approx (BLM quarter-sect…</description><styleUrl>#s0</styleUrl><Polygon><outerBoundaryIs><LinearRing><coordinates>-122.724820,43.541514,0 -122.727266,43.541522,0 -122.727248,43.543324,0 -122.727230,43.545125,0 -122.729663,43.545133,0 -122.729639,43.546934,0 -122.727212,43.546926,0 -122.724786,43.546919,0 -122.724797,43.545117,0 -122.724808,43.543316,0 -122.724820,43.541514,0</coordinates></LinearRing></outerBoundaryIs></Polygon></Placemark><Placemark><name>Winston</name><description>placer | serial OR106785004 | 20.0 ac | Active | qtr-sec OR 33 0230S 0010E 030 A S2SWNE | recorded~2026 (DB date, not legal located date) | src: BLM MLRS Not Closed | boundary approx (BLM quarter-section) | do not dig here (active claim)</description><styleUrl>#s0</styleUrl><Polygon><outerBoundaryIs><LinearRing><coordinates>-122.727195,43.548727,0 -122.727212,43.546926,0 -122.729639,43.546934,0 -122.732065,43.546942,0 -122.732034,43.548740,0 -122.729614,43.548733,0 -122.727195,43.548727,0</coordinates></LinearRing></outerBoundaryIs></Polygon></Placemark><Placemark><name>Constant</name><description>lode | serial OR105804746 | 20.66 ac | Active | qtr-sec OR 33 0230S 0010E 014 A SE|OR 33 0230S 0010E 014 A ALL|OR 33 0230S 0010E 014 A ALL|OR 33 0230S 0010E 014 A ALL|OR 33 0230S 0010E 014 A ALL|OR 33 0230S 0010E 014 A ALL|OR 33 0230S 0010E 014 A ALL|OR 33 0230S 0010E 014 A ALL|OR 33 0230S 0010E 01…</description><styleUrl>#s0</styleUrl><Polygon><outerBoundaryIs><LinearRing><coordinates>-122.645962,43.583027,0 -122.644804,43.583025,0 -122.642775,43.583022,0 -122.642775,43.582968,0 -122.642775,43.582748,0 -122.642776,43.581816,0 -122.642776,43.581516,0 -122.642776,43.581274,0 -122.642777,43.579935,0 -122.642777,43.579889,0 -122.642777,43.579520,0 -122.642777,43.579405,0 -122.642778,43.577998,0 -122.642779,43.576688,0 -122.642779,43.575363,0 -122.642767,43.575359,0 -122.642770,43.573589,0 -122.642780,43.573592,0 -122.642783,43.568555,0 -122.652710,43.568527,0 -122.657671,43.568512,0 -122.662635,43.568497,0 -122.662618,43.578251,0 -122.662616,43.579345,0 -122.662615,43.579593,0 -122.662609,43.579591,0 -122.662599,43.581958,0 -122.662611,43.581960,0 -122.663162,43.582068,0 -122.663068,43.582192,0 -122.662611,43.582041,0 -122.662599,43.582037,0 -122.662595,43.582962,0 -122.658802,43.582942,0 -122.649438,43.583011,0 -122.646956,43.583029,0 -122.645962,43.583027,0</coordinates></LinearRing></outerBoundaryIs></Polygon></Placemark><Placemark><name>Full Moon</name><description>lode | serial OR105804748 | 20.66 ac | Active | qtr-sec OR 33 0230S 0010E 014 A SE|OR 33 0230S 0010E 014 A ALL|OR 33 0230S 0010E 014 A ALL|OR 33 0230S 0010E 014 A ALL|OR 33 0230S 0010E 014 A ALL|OR 33 0230S 0010E 014 A ALL|OR 33 0230S 0010E 014 A ALL|OR 33 0230S 0010E 014 A ALL|OR 33 0230S 0010E 01…</description><styleUrl>#s0</styleUrl><Polygon><outerBoundaryIs><LinearRing><coordinates>-122.645962,43.583027,0 -122.644804,43.583025,0 -122.642775,43.583022,0 -122.642775,43.582968,0 -122.642775,43.582748,0 -122.642776,43.581816,0 -122.642776,43.581516,0 -122.642776,43.581274,0 -122.642777,43.579935,0 -122.642777,43.579889,0 -122.642777,43.579520,0 -122.642777,43.579405,0 -122.642778,43.577998,0 -122.642779,43.576688,0 -122.642779,43.575363,0 -122.642767,43.575359,0 -122.642770,43.573589,0 -122.642780,43.573592,0 -122.642783,43.568555,0 -122.652710,43.568527,0 -122.657671,43.568512,0 -122.662635,43.568497,0 -122.662618,43.578251,0 -122.662616,43.579345,0 -122.662615,43.579593,0 -122.662609,43.579591,0 -122.662599,43.581958,0 -122.662611,43.581960,0 -122.663162,43.582068,0 -122.663068,43.582192,0 -122.662611,43.582041,0 -122.662599,43.582037,0 -122.662595,43.582962,0 -122.658802,43.582942,0 -122.649438,43.583011,0 -122.646956,43.583029,0 -122.645962,43.583027,0</coordinates></LinearRing></outerBoundaryIs></Polygon></Placemark><Placemark><name>Jackass 1</name><description>lode | serial OR105804749 | 20.66 ac | Active | qtr-sec OR 33 0230S 0010E 014 A SE|OR 33 0230S 0010E 014 A ALL|OR 33 0230S 0010E 014 A ALL|OR 33 0230S 0010E 014 A ALL|OR 33 0230S 0010E 014 A ALL|OR 33 0230S 0010E 014 A ALL|OR 33 0230S 0010E 014 A ALL|OR 33 0230S 0010E 014 A ALL|OR 33 0230S 0010E 01…</description><styleUrl>#s0</styleUrl><Polygon><outerBoundaryIs><LinearRing><coordinates>-122.645962,43.583027,0 -122.644804,43.583025,0 -122.642775,43.583022,0 -122.642775,43.582968,0 -122.642775,43.582748,0 -122.642776,43.581816,0 -122.642776,43.581516,0 -122.642776,43.581274,0 -122.642777,43.579935,0 -122.642777,43.579889,0 -122.642777,43.579520,0 -122.642777,43.579405,0 -122.642778,43.577998,0 -122.642779,43.576688,0 -122.642779,43.575363,0 -122.642767,43.575359,0 -122.642770,43.573589,0 -122.642780,43.573592,0 -122.642783,43.568555,0 -122.652710,43.568527,0 -122.657671,43.568512,0 -122.662635,43.568497,0 -122.662618,43.578251,0 -122.662616,43.579345,0 -122.662615,43.579593,0 -122.662609,43.579591,0 -122.662599,43.581958,0 -122.662611,43.581960,0 -122.663162,43.582068,0 -122.663068,43.582192,0 -122.662611,43.582041,0 -122.662599,43.582037,0 -122.662595,43.582962,0 -122.658802,43.582942,0 -122.649438,43.583011,0 -122.646956,43.583029,0 -122.645962,43.583027,0</coordinates></LinearRing></outerBoundaryIs></Polygon></Placemark><Placemark><name>Lincoln</name><description>lode | serial OR105804750 | 20.66 ac | Active | qtr-sec OR 33 0230S 0010E 014 A ALL|OR 33 0230S 0010E 023 A SE|OR 33 0230S 0010E 014 A ALL|OR 33 0230S 0010E 014 A ALL|OR 33 0230S 0010E 014 A ALL|OR 33 0230S 0010E 014 A ALL|OR 33 0230S 0010E 014 A ALL|OR 33 0230S 0010E 014 A ALL|OR 33 0230S 0010E 01…</description><styleUrl>#s0</styleUrl><Polygon><outerBoundaryIs><LinearRing><coordinates>-122.642775,43.583022,0 -122.642775,43.582968,0 -122.642775,43.582748,0 -122.642776,43.581816,0 -122.642776,43.581516,0 -122.642776,43.581274,0 -122.642777,43.579935,0 -122.642777,43.579889,0 -122.642777,43.579520,0 -122.642777,43.579405,0 -122.642778,43.577998,0 -122.642779,43.576688,0 -122.642779,43.575363,0 -122.642767,43.575359,0 -122.642770,43.573589,0 -122.642780,43.573592,0 -122.642783,43.568555,0 -122.647748,43.568541,0 -122.651986,43.568529,0 -122.652710,43.568527,0 -122.657671,43.568512,0 -122.662635,43.568497,0 -122.662618,43.578251,0 -122.662616,43.579345,0 -122.662615,43.579593,0 -122.662609,43.579591,0 -122.662599,43.581958,0 -122.662611,43.581960,0 -122.663162,43.582068,0 -122.663068,43.582192,0 -122.662611,43.582041,0 -122.662599,43.582037,0 -122.662595,43.582962,0 -122.658802,43.582942,0 -122.649438,43.583011,0 -122.646956,43.583029,0 -122.645962,43.583027,0 -122.644804,43.583025,0 -122.642775,43.583022,0</coordinates></LinearRing></outerBoundaryIs></Polygon></Placemark><Placemark><name>Coolidge</name><description>lode | serial OR105804747 | 20.66 ac | Active | qtr-sec OR 33 0230S 0010E 014 A ALL|OR 33 0230S 0010E 023 A SE|OR 33 0230S 0010E 014 A ALL|OR 33 0230S 0010E 014 A ALL|OR 33 0230S 0010E 014 A ALL|OR 33 0230S 0010E 014 A ALL|OR 33 0230S 0010E 014 A ALL|OR 33 0230S 0010E 014 A ALL|OR 33 0230S 0010E 01…</description><styleUrl>#s0</styleUrl><Polygon><outerBoundaryIs><LinearRing><coordinates>-122.642775,43.583022,0 -122.642775,43.582968,0 -122.642775,43.582748,0 -122.642776,43.581816,0 -122.642776,43.581516,0 -122.642776,43.581274,0 -122.642777,43.579935,0 -122.642777,43.579889,0 -122.642777,43.579520,0 -122.642777,43.579405,0 -122.642778,43.577998,0 -122.642779,43.576688,0 -122.642779,43.575363,0 -122.642767,43.575359,0 -122.642770,43.573589,0 -122.642780,43.573592,0 -122.642783,43.568555,0 -122.647748,43.568541,0 -122.651986,43.568529,0 -122.652710,43.568527,0 -122.657671,43.568512,0 -122.662635,43.568497,0 -122.662618,43.578251,0 -122.662616,43.579345,0 -122.662615,43.579593,0 -122.662609,43.579591,0 -122.662599,43.581958,0 -122.662611,43.581960,0 -122.663162,43.582068,0 -122.663068,43.582192,0 -122.662611,43.582041,0 -122.662599,43.582037,0 -122.662595,43.582962,0 -122.658802,43.582942,0 -122.649438,43.583011,0 -122.646956,43.583029,0 -122.645962,43.583027,0 -122.644804,43.583025,0 -122.642775,43.583022,0</coordinates></LinearRing></outerBoundaryIs></Polygon></Placemark><Placemark><name>Cupel</name><description>placer | serial OR106788765 | 13.25 ac | Active | qtr-sec OR 33 0230S 0010E 012 A S2NESW | recorded~2026 (DB date, not legal located date) | src: BLM MLRS Not Closed | boundary approx (BLM quarter-section) | do not dig here (active claim)</description><styleUrl>#s0</styleUrl><Polygon><outerBoundaryIs><LinearRing><coordinates>-122.635345,43.588497,0 -122.632872,43.588510,0 -122.632871,43.586700,0 -122.635345,43.586687,0 -122.637819,43.586673,0 -122.637817,43.588484,0 -122.635345,43.588497,0</coordinates></LinearRing></outerBoundaryIs></Polygon></Placemark><Placemark><name>Deep Down 2</name><description>placer | serial OR106788741 | 20.0 ac | Active | qtr-sec OR 33 0220S 0010E 016 A SESENE | OR 33 0220S 0010E 015 A SWSWNW | recorded~2026 (DB date, not legal located date) | src: BLM MLRS Not Closed | boundary approx (BLM quarter-section) | do not dig here (active claim)</description><styleUrl>#s0</styleUrl><Polygon><outerBoundaryIs><LinearRing><coordinates>-122.684581,43.661806,0 -122.684601,43.660067,0 -122.687124,43.660111,0 -122.689584,43.660093,0 -122.689568,43.661832,0 -122.687100,43.661839,0 -122.684581,43.661806,0</coordinates></LinearRing></outerBoundaryIs></Polygon></Placemark><Placemark><name>Good Memories 3</name><description>lode | serial OR106789274 | 20.66115702 ac | Active | qtr-sec OR 33 0220S 0010E 025 E SW | recorded~2026 (DB date, not legal located date) | src: BLM MLRS Not Closed | boundary approx (BLM quarter-section) | do not dig here (active claim)</description><styleUrl>#s0</styleUrl><Polygon><outerBoundaryIs><LinearRing><coordinates>-122.641491,43.623713,0 -122.642162,43.623714,0 -122.646089,43.623722,0 -122.647108,43.623724,0 -122.647107,43.623865,0 -122.647104,43.623865,0 -122.647101,43.623864,0 -122.647040,43.624592,0 -122.647106,43.624602,0 -122.647103,43.626285,0 -122.647101,43.627325,0 -122.647095,43.630926,0 -122.647088,43.634527,0 -122.647081,43.638128,0 -122.642134,43.638142,0 -122.637186,43.638155,0 -122.632239,43.638169,0 -122.627291,43.638183,0 -122.627291,43.637005,0 -122.627286,43.634565,0 -122.627286,43.633367,0 -122.627281,43.630948,0 -122.627281,43.629732,0 -122.627276,43.627331,0 -122.627276,43.626094,0 -122.627272,43.624262,0 -122.627271,43.623713,0 -122.629011,43.623712,0 -122.630596,43.623710,0 -122.631858,43.623709,0 -122.632244,43.623709,0 -122.636271,43.623705,0 -122.637217,43.623704,0 -122.641491,43.623713,0</coordinates></LinearRing></outerBoundaryIs></Polygon></Placemark><Placemark><name>Good Memories 2</name><description>lode | serial OR106789273 | 20.66115702 ac | Active | qtr-sec OR 33 0220S 0010E 025 E SE | recorded~2026 (DB date, not legal located date) | src: BLM MLRS Not Closed | boundary approx (BLM quarter-section) | do not dig here (active claim)</description><styleUrl>#s0</styleUrl><Polygon><outerBoundaryIs><LinearRing><coordinates>-122.641491,43.623713,0 -122.642162,43.623714,0 -122.646089,43.623722,0 -122.647108,43.623724,0 -122.647107,43.623865,0 -122.647104,43.623865,0 -122.647101,43.623864,0 -122.647040,43.624592,0 -122.647106,43.624602,0 -122.647103,43.626285,0 -122.647101,43.627325,0 -122.647095,43.630926,0 -122.647088,43.634527,0 -122.647081,43.638128,0 -122.642134,43.638142,0 -122.637186,43.638155,0 -122.632239,43.638169,0 -122.627291,43.638183,0 -122.627291,43.637005,0 -122.627286,43.634565,0 -122.627286,43.633367,0 -122.627281,43.630948,0 -122.627281,43.629732,0 -122.627276,43.627331,0 -122.627276,43.626094,0 -122.627272,43.624262,0 -122.627271,43.623713,0 -122.629011,43.623712,0 -122.630596,43.623710,0 -122.631858,43.623709,0 -122.632244,43.623709,0 -122.636271,43.623705,0 -122.637217,43.623704,0 -122.641491,43.623713,0</coordinates></LinearRing></outerBoundaryIs></Polygon></Placemark><Placemark><name>Good Memories 1</name><description>lode | serial OR106789272 | 20.66115702 ac | Active | qtr-sec OR 33 0220S 0010E 025 A SWSW | OR 33 0220S 0010E 025 A NENE | OR 33 0220S 0010E 025 A NWNE | OR 33 0220S 0010E 025 A SENE | OR 33 0220S 0010E 025 A SWNE | OR 33 0220S 0010E 025 A NENW | OR 33 0220S 0010E 025 A NWNW | OR 33 0220S 0010E 02…</description><styleUrl>#s0</styleUrl><Polygon><outerBoundaryIs><LinearRing><coordinates>-122.627271,43.623713,0 -122.629011,43.623712,0 -122.630596,43.623710,0 -122.631858,43.623709,0 -122.632244,43.623709,0 -122.636271,43.623705,0 -122.637217,43.623704,0 -122.641491,43.623713,0 -122.642162,43.623714,0 -122.646089,43.623722,0 -122.647108,43.623724,0 -122.647107,43.623865,0 -122.647104,43.623865,0 -122.647101,43.623864,0 -122.647040,43.624592,0 -122.647106,43.624602,0 -122.647103,43.626285,0 -122.647101,43.627325,0 -122.647095,43.630926,0 -122.647088,43.634527,0 -122.647081,43.638128,0 -122.642134,43.638142,0 -122.637186,43.638155,0 -122.632239,43.638169,0 -122.627291,43.638183,0 -122.627291,43.637005,0 -122.627286,43.634565,0 -122.627286,43.633367,0 -122.627281,43.630948,0 -122.627281,43.629732,0 -122.627276,43.627331,0 -122.627276,43.626094,0 -122.627272,43.624262,0 -122.627271,43.623713,0</coordinates></LinearRing></outerBoundaryIs></Polygon></Placemark><Placemark><name>THE PEARL de VERE</name><description>placer | serial OR106802498 | 20.0 ac | Filed | qtr-sec OR 33 0220S 0010E 036 SW | recorded~2026 (DB date, not legal located date) | src: BLM MLRS Not Closed | boundary approx (BLM quarter-section) | do not dig here (active claim)</description><styleUrl>#s0</styleUrl><Polygon><outerBoundaryIs><LinearRing><coordinates>-122.637172,43.609279,0 -122.637751,43.609279,0 -122.642140,43.609285,0 -122.642713,43.609285,0 -122.647109,43.609290,0 -122.647108,43.612899,0 -122.647108,43.616507,0 -122.642151,43.616502,0 -122.637195,43.616498,0 -122.637184,43.612888,0 -122.637172,43.609279,0</coordinates></LinearRing></outerBoundaryIs></Polygon></Placemark><Placemark><name>Fundamental</name><description>placer | serial OR106803259 | 20.0 ac | Filed | qtr-sec OR 33 0230S 0010E 008 N1/2ofSE1/4ofNE1/4 | recorded~2026 (DB date, not legal located date) | src: BLM MLRS Not Closed | boundary approx (BLM quarter-section) | do not dig here (active claim)</description><styleUrl>#s0</styleUrl><Polygon><outerBoundaryIs><LinearRing><coordinates>-122.702527,43.583037,0 -122.722361,43.583084,0 -122.722404,43.597589,0 -122.702608,43.597587,0 -122.702527,43.583037,0</coordinates></LinearRing></outerBoundaryIs></Polygon></Placemark><Placemark><name>John Lode</name><description>lode | serial OR106815172 | 20.66 ac | Filed | qtr-sec OR 33 0230S 0010E 013 E NW | recorded~2026 (DB date, not legal located date) | src: BLM MLRS Not Closed | boundary approx (BLM quarter-section) | do not dig here (active claim)</description><styleUrl>#s0</styleUrl><Polygon><outerBoundaryIs><LinearRing><coordinates>-122.622924,43.571120,0 -122.622922,43.570254,0 -122.622928,43.568648,0 -122.626179,43.568633,0 -122.627892,43.568625,0 -122.637821,43.568579,0 -122.642783,43.568555,0 -122.642780,43.573592,0 -122.642770,43.573589,0 -122.642767,43.575359,0 -122.642779,43.575363,0 -122.642779,43.576688,0 -122.642778,43.577998,0 -122.642777,43.579405,0 -122.642777,43.579520,0 -122.642777,43.579889,0 -122.642777,43.579935,0 -122.642776,43.581274,0 -122.642776,43.581516,0 -122.642776,43.581816,0 -122.642775,43.582748,0 -122.642775,43.582968,0 -122.642775,43.583022,0 -122.641801,43.583028,0 -122.640824,43.583033,0 -122.639865,43.583039,0 -122.639275,43.583042,0 -122.637822,43.583051,0 -122.635049,43.583067,0 -122.634691,43.583069,0 -122.632868,43.583079,0 -122.631655,43.583087,0 -122.630168,43.583095,0 -122.628129,43.583107,0 -122.627913,43.583108,0 -122.626179,43.583118,0 -122.624144,43.583129,0 -122.622958,43.583136,0 -122.622954,43.581967,0 -122.622947,43.579791,0 -122.622946,43.579507,0 -122.622946,43.579342,0 -122.622943,43.578327,0 -122.622942,43.578259,0 -122.622941,43.577693,0 -122.622939,43.577400,0 -122.622936,43.576382,0 -122.622936,43.575997,0 -122.622924,43.571120,0</coordinates></LinearRing></outerBoundaryIs></Polygon></Placemark><Placemark><name>Pop Gun</name><description>lode | serial OR106815173 | 20.66 ac | Filed | qtr-sec OR 33 0230S 0010E 013 E NW | recorded~2026 (DB date, not legal located date) | src: BLM MLRS Not Closed | boundary approx (BLM quarter-section) | do not dig here (active claim)</description><styleUrl>#s0</styleUrl><Polygon><outerBoundaryIs><LinearRing><coordinates>-122.622924,43.571120,0 -122.622922,43.570254,0 -122.622928,43.568648,0 -122.626179,43.568633,0 -122.627892,43.568625,0 -122.637821,43.568579,0 -122.642783,43.568555,0 -122.642780,43.573592,0 -122.642770,43.573589,0 -122.642767,43.575359,0 -122.642779,43.575363,0 -122.642779,43.576688,0 -122.642778,43.577998,0 -122.642777,43.579405,0 -122.642777,43.579520,0 -122.642777,43.579889,0 -122.642777,43.579935,0 -122.642776,43.581274,0 -122.642776,43.581516,0 -122.642776,43.581816,0 -122.642775,43.582748,0 -122.642775,43.582968,0 -122.642775,43.583022,0 -122.641801,43.583028,0 -122.640824,43.583033,0 -122.639865,43.583039,0 -122.639275,43.583042,0 -122.637822,43.583051,0 -122.635049,43.583067,0 -122.634691,43.583069,0 -122.632868,43.583079,0 -122.631655,43.583087,0 -122.630168,43.583095,0 -122.628129,43.583107,0 -122.627913,43.583108,0 -122.626179,43.583118,0 -122.624144,43.583129,0 -122.622958,43.583136,0 -122.622954,43.581967,0 -122.622947,43.579791,0 -122.622946,43.579507,0 -122.622946,43.579342,0 -122.622943,43.578327,0 -122.622942,43.578259,0 -122.622941,43.577693,0 -122.622939,43.577400,0 -122.622936,43.576382,0 -122.622936,43.575997,0 -122.622924,43.571120,0</coordinates></LinearRing></outerBoundaryIs></Polygon></Placemark><Placemark><name>Bird's Nest Nuevo 2</name><description>lode | serial OR106815171 | 20.66 ac | Filed | qtr-sec OR 33 0230S 0010E 017 E NW | recorded~2026 (DB date, not legal located date) | src: BLM MLRS Not Closed | boundary approx (BLM quarter-section) | do not dig here (active claim)</description><styleUrl>#s0</styleUrl><Polygon><outerBoundaryIs><LinearRing><coordinates>-122.702459,43.568528,0 -122.722319,43.568577,0 -122.722361,43.583084,0 -122.702527,43.583037,0 -122.702509,43.576395,0 -122.702459,43.568528,0</coordinates></LinearRing></outerBoundaryIs></Polygon></Placemark></Folder></Document></kml>