{"type": "FeatureCollection", "features": [{"type": "Feature", "geometry": {"type": "Polygon", "coordinates": [[[-122.83322684730157, 43.68899804679413], [-122.82833665956572, 43.68904797526713], [-122.82829442709266, 43.68649019811026], [-122.82828013793265, 43.68562476205713], [-122.82822358929965, 43.68220152084714], [-122.83308555304396, 43.68222176038145], [-122.83794751678819, 43.6822420269157], [-122.83803163441256, 43.68559500111849], [-122.83811700803723, 43.68894789632116], [-122.83322684730157, 43.68899804679413]]]}, "properties": {"title": "BMOA War Eagle III", "description": "club: Bohemia Mine Owners Association (BMOA) | serial: ORMC156963 | acres: 18.19 | directions: not available (no club handbook source in this build) | boundary approx (BLM quarter-section)", "stroke": "#ffff00", "stroke-width": 2, "fill": "#ffff00", "fill-opacity": 0.25}}, {"type": "Feature", "geometry": {"type": "Point", "coordinates": [-122.83313927400752, 43.685613367786594]}, "properties": {"title": "BMOA War Eagle III", "description": "club: Bohemia Mine Owners Association (BMOA) | serial: ORMC156963 | acres: 18.19 | directions: not available (no club handbook source in this build) | boundary approx (BLM quarter-section)", "marker-color": "#ffff00", "marker-symbol": "circle"}}, {"type": "Feature", "geometry": {"type": "Polygon", "coordinates": [[[-122.81818002711496, 43.667637368894304], [-122.8182331388035, 43.67137203212453], [-122.81828624949213, 43.67510666635472], [-122.81333094671132, 43.67496609282163], [-122.80837564393038, 43.67482529528849], [-122.80828367827364, 43.67129827407502], [-122.80816684861303, 43.66776964186379], [-122.81317272936352, 43.667700992378954], [-122.81818002711496, 43.667637368894304]]]}, "properties": {"title": "BMOA Westside", "description": "club: Bohemia Mine Owners Association (BMOA) | serial: ORMC86891 | acres: 40.0 | directions: not available (no club handbook source in this build) | boundary approx (BLM quarter-section)", "stroke": "#ffff00", "stroke-width": 2, "fill": "#ffff00", "fill-opacity": 0.25}}, {"type": "Feature", "geometry": {"type": "Point", "coordinates": [-122.81330244329186, 43.67132773321557]}, "properties": {"title": "BMOA Westside", "description": "club: Bohemia Mine Owners Association (BMOA) | serial: ORMC86891 | acres: 40.0 | directions: not available (no club handbook source in this build) | boundary approx (BLM quarter-section)", "marker-color": "#ffff00", "marker-symbol": "circle"}}, {"type": "Feature", "geometry": {"type": "Polygon", "coordinates": [[[-122.80815436428982, 43.66051384740739], [-122.80299791143673, 43.66014557387889], [-122.79807885962276, 43.65979405132868], [-122.7931598638087, 43.659442278778464], [-122.79316585117276, 43.655943146556936], [-122.79317183853696, 43.65244398633541], [-122.79824139336073, 43.652723007866726], [-122.80331094718437, 43.65300200239809], [-122.80842031101429, 43.65328274592569], [-122.80828112865116, 43.65689926816718], [-122.80815436428982, 43.66051384740739]]]}, "properties": {"title": "BMOA Y Not", "description": "club: Bohemia Mine Owners Association (BMOA) | serial: ORMC173540 | acres: 40.0 | directions: not available (no club handbook source in this build) | boundary approx (BLM quarter-section)", "stroke": "#ffff00", "stroke-width": 2, "fill": "#ffff00", "fill-opacity": 0.25}}, {"type": "Feature", "geometry": {"type": "Point", "coordinates": [-122.80076922703178, 43.656413781708686]}, "properties": {"title": "BMOA Y Not", "description": "club: Bohemia Mine Owners Association (BMOA) | serial: ORMC173540 | acres: 40.0 | directions: not available (no club handbook source in this build) | boundary approx (BLM quarter-section)", "marker-color": "#ffff00", "marker-symbol": "circle"}}, {"type": "Feature", "geometry": {"type": "Polygon", "coordinates": [[[-122.72236139914388, 43.58308442871983], [-122.7223827234597, 43.590336646179146], [-122.71247501194338, 43.59032445112596], [-122.71244406662406, 43.583060749666544], [-122.72236139914388, 43.58308442871983]]]}, "properties": {"title": "BMOA Placer Claim", "description": "club: Bohemia Mine Owners Association (BMOA) | serial: ORMC147500 | acres: 20.0 | directions: not available (no club handbook source in this build) | boundary approx (BLM quarter-section)", "stroke": "#ffff00", "stroke-width": 2, "fill": "#ffff00", "fill-opacity": 0.25}}, {"type": "Feature", "geometry": {"type": "Point", "coordinates": [-122.71741449314291, 43.58670098203828]}, "properties": {"title": "BMOA Placer Claim", "description": "club: Bohemia Mine Owners Association (BMOA) | serial: ORMC147500 | acres: 20.0 | directions: not available (no club handbook source in this build) | boundary approx (BLM quarter-section)", "marker-color": "#ffff00", "marker-symbol": "circle"}}, {"type": "Feature", "geometry": {"type": "Polygon", "coordinates": [[[-122.73194110237431, 43.55413568296153], [-122.74154030784322, 43.554153538045746], [-122.74149283770652, 43.55897346335703], [-122.74643224440709, 43.5586777638663], [-122.75141680911524, 43.55838659537154], [-122.75132501770841, 43.56174707859402], [-122.75123322630166, 43.56510756181647], [-122.74628567860888, 43.5654524373112], [-122.74142559992993, 43.56580058679781], [-122.74139141555212, 43.56927151202183], [-122.73185508903317, 43.56892428991123], [-122.73189809570337, 43.56152998643645], [-122.73194110237431, 43.55413568296153]]]}, "properties": {"title": "BMOA Little Red", "description": "club: Bohemia Mine Owners Association (BMOA) | serial: ORMC163049 | acres: 35.02 | directions: not available (no club handbook source in this build) | boundary approx (BLM quarter-section)", "stroke": "#ffff00", "stroke-width": 2, "fill": "#ffff00", "fill-opacity": 0.25}}, {"type": "Feature", "geometry": {"type": "Point", "coordinates": [-122.73977833911115, 43.56175539836172]}, "properties": {"title": "BMOA Little Red", "description": "club: Bohemia Mine Owners Association (BMOA) | serial: ORMC163049 | acres: 35.02 | directions: not available (no club handbook source in this build) | boundary approx (BLM quarter-section)", "marker-color": "#ffff00", "marker-symbol": "circle"}}, {"type": "Feature", "geometry": {"type": "Polygon", "coordinates": [[[-122.73194110237431, 43.55413568296153], [-122.74154030784322, 43.554153538045746], [-122.74149283770652, 43.55897346335703], [-122.74643224440709, 43.5586777638663], [-122.75141680911524, 43.55838659537154], [-122.75132501770841, 43.56174707859402], [-122.75123322630166, 43.56510756181647], [-122.74628567860888, 43.5654524373112], [-122.74135015691937, 43.565805990805394], [-122.74136251978157, 43.56503331975501], [-122.74140252031015, 43.56239064458312], [-122.74141333018905, 43.56171152253887], [-122.73189809570337, 43.56152998643645], [-122.73194110237431, 43.55413568296153]]]}, "properties": {"title": "BMOA Big Bend", "description": "club: Bohemia Mine Owners Association (BMOA) | serial: ORMC159678 | acres: 20.0 | directions: not available (no club handbook source in this build) | boundary approx (BLM quarter-section)", "stroke": "#ffff00", "stroke-width": 2, "fill": "#ffff00", "fill-opacity": 0.25}}, {"type": "Feature", "geometry": {"type": "Point", "coordinates": [-122.74138253493291, 43.559903483001584]}, "properties": {"title": "BMOA Big Bend", "description": "club: Bohemia Mine Owners Association (BMOA) | serial: ORMC159678 | acres: 20.0 | directions: not available (no club handbook source in this build) | boundary approx (BLM quarter-section)", "marker-color": "#ffff00", "marker-symbol": "circle"}}, {"type": "Feature", "geometry": {"type": "Polygon", "coordinates": [[[-122.74156526638085, 43.551572214879045], [-122.74658514213088, 43.55148235739388], [-122.75160501888077, 43.551392514908656], [-122.75150716049674, 43.554886162140264], [-122.75141680911524, 43.55838659537154], [-122.75132501770841, 43.56174707859402], [-122.75123322630166, 43.56510756181647], [-122.74628567860888, 43.5654524373112], [-122.74135015691937, 43.565805990805394], [-122.74136251978157, 43.56503331975501], [-122.74140252031015, 43.56239064458312], [-122.74141333018905, 43.56171152253887], [-122.73189809570337, 43.56152998643645], [-122.73194110237431, 43.55413568296153], [-122.74154030784322, 43.554153538045746], [-122.74156526638085, 43.551572214879045]]]}, "properties": {"title": "BMOA Argentite", "description": "club: Bohemia Mine Owners Association (BMOA) | serial: ORMC159677 | acres: 20.66 | directions: not available (no club handbook source in this build) | boundary approx (BLM quarter-section)", "stroke": "#ffff00", "stroke-width": 2, "fill": "#ffff00", "fill-opacity": 0.25}}, {"type": "Feature", "geometry": {"type": "Point", "coordinates": [-122.74311810319838, 43.55825671840465]}, "properties": {"title": "BMOA Argentite", "description": "club: Bohemia Mine Owners Association (BMOA) | serial: ORMC159677 | acres: 20.66 | directions: not available (no club handbook source in this build) | boundary approx (BLM quarter-section)", "marker-color": "#ffff00", "marker-symbol": "circle"}}, {"type": "Feature", "geometry": {"type": "Polygon", "coordinates": [[[-122.74909508050585, 43.55143743615129], [-122.74905150681934, 43.55321036226827], [-122.74900793313284, 43.55498328738517], [-122.74650870476897, 43.55508041363012], [-122.74401462240576, 43.55517722487454], [-122.74404491308077, 43.55335225575553], [-122.7440752047559, 43.551527285636446], [-122.74658514213088, 43.55148235739388], [-122.74909508050585, 43.55143743615129]]]}, "properties": {"title": "BMOA Exodus", "description": "club: Bohemia Mine Owners Association (BMOA) | serial: ORMC163687 | acres: 80.0 | directions: not available (no club handbook source in this build) | boundary approx (BLM quarter-section)", "stroke": "#ffff00", "stroke-width": 2, "fill": "#ffff00", "fill-opacity": 0.25}}, {"type": "Feature", "geometry": {"type": "Point", "coordinates": [-122.74653608065721, 43.55327994692407]}, "properties": {"title": "BMOA Exodus", "description": "club: Bohemia Mine Owners Association (BMOA) | serial: ORMC163687 | acres: 80.0 | directions: not available (no club handbook source in this build) | boundary approx (BLM quarter-section)", "marker-color": "#ffff00", "marker-symbol": "circle"}}, {"type": "Feature", "geometry": {"type": "Polygon", "coordinates": [[[-122.72956560668588, 43.552331909073565], [-122.72958991236473, 43.55053259895657], [-122.73200289473434, 43.550538603726565], [-122.73441451010362, 43.55054460349662], [-122.73437770642256, 43.5523423746146], [-122.73678341479084, 43.55234760638515], [-122.73674070510886, 43.554144610503656], [-122.73914050647599, 43.554149074274676], [-122.73912385981292, 43.5560285283959], [-122.74152169618162, 43.55604328516782], [-122.74150308452009, 43.55793303128987], [-122.73910721314984, 43.55790798251712], [-122.73671134177953, 43.55788293274445], [-122.73672602344415, 43.55601377162405], [-122.73432818707532, 43.555999014852134], [-122.73434090374157, 43.554140146732564], [-122.73194110237431, 43.55413568296153], [-122.73197199905431, 43.552337142844074], [-122.72956560668588, 43.552331909073565]]]}, "properties": {"title": "BMOA 4 Aces", "description": "club: Bohemia Mine Owners Association (BMOA) | serial: ORMC163686 | acres: 80.0 | directions: not available (no club handbook source in this build) | boundary approx (BLM quarter-section)", "stroke": "#ffff00", "stroke-width": 2, "fill": "#ffff00", "fill-opacity": 0.25}}, {"type": "Feature", "geometry": {"type": "Point", "coordinates": [-122.73559664894475, 43.55421695101624]}, "properties": {"title": "BMOA 4 Aces", "description": "club: Bohemia Mine Owners Association (BMOA) | serial: ORMC163686 | acres: 80.0 | directions: not available (no club handbook source in this build) | boundary approx (BLM quarter-section)", "marker-color": "#ffff00", "marker-symbol": "circle"}}, {"type": "Feature", "geometry": {"type": "Point", "coordinates": [-122.708, 43.671]}, "properties": {"title": "Cedar Creek Campground (Brice Cr)", "description": "public panning site | precision: published | status: unconfirmed-green, using black (no confirmed onX green)", "marker-color": "#000000", "marker-symbol": "circle"}}, {"type": "Feature", "geometry": {"type": "Polygon", "coordinates": [[[-122.67256353158311, 43.56125487008694], [-122.67256087389245, 43.56850478655022], [-122.66263527837178, 43.568497078497955], [-122.66265016806788, 43.561266175034426], [-122.67256353158311, 43.56125487008694]]]}, "properties": {"title": "Rattlesnake 2", "description": "lode | serial OR105269485 | 0.0 ac | Active | qtr-sec OR 33 0230S 0010E 022 NE | recorded~2021 (DB date, not legal located date) | src: BLM MLRS Not Closed | boundary approx (BLM quarter-section) | do not dig here (active claim)", "stroke": "#ff3300", "stroke-width": 2, "fill": "#ff3300", "fill-opacity": 0.05, "stroke-dasharray": "1,6"}}, {"type": "Feature", "geometry": {"type": "Polygon", "coordinates": [[[-122.67256353158311, 43.56125487008694], [-122.67256087389245, 43.56850478655022], [-122.66263527837178, 43.568497078497955], [-122.66265016806788, 43.561266175034426], [-122.67256353158311, 43.56125487008694]]]}, "properties": {"title": "Rattlesnake 3", "description": "lode | serial OR105269484 | 0.0 ac | Active | qtr-sec OR 33 0230S 0010E 022 NE | recorded~2021 (DB date, not legal located date) | src: BLM MLRS Not Closed | boundary approx (BLM quarter-section) | do not dig here (active claim)", "stroke": "#ff3300", "stroke-width": 2, "fill": "#ff3300", "fill-opacity": 0.05, "stroke-dasharray": "1,6"}}, {"type": "Feature", "geometry": {"type": "Polygon", "coordinates": [[[-122.62298346971751, 43.55420813336998], [-122.6261784242031, 43.55418503606353], [-122.64280526172874, 43.554063394468585], [-122.64279971938147, 43.55768467970085], [-122.64279733666582, 43.55926170880203], [-122.64279586666453, 43.559255736801795], [-122.64279215103477, 43.56130930693356], [-122.64279415503508, 43.56130929493339], [-122.64278828272597, 43.56514008217901], [-122.64278836672602, 43.56514020617902], [-122.6427830473421, 43.56855519539803], [-122.63782141758625, 43.56857880087346], [-122.62789219907299, 43.5686253568248], [-122.62617870681183, 43.568633304988964], [-122.62292845531633, 43.56864831130031], [-122.62293282109738, 43.567432642222066], [-122.62294595744655, 43.563817779989265], [-122.62295873380612, 43.560260184760125], [-122.62297174416257, 43.556683944529766], [-122.62298346971751, 43.55420813336998]]]}, "properties": {"title": "Admiral Nelson", "description": "lode | serial OR105795369 | 20.66 ac | Active | qtr-sec OR 33 0230S 0010E 024 A ALL|OR 33 0230S 0010E 024 A ALL|OR 33 0230S 0010E 024 A NW | recorded~2022 (DB date, not legal located date) | src: BLM MLRS Not Closed | boundary approx (BLM quarter-section) | do not dig here (active claim)", "stroke": "#ff3300", "stroke-width": 2, "fill": "#ff3300", "fill-opacity": 0.05, "stroke-dasharray": "1,6"}}, {"type": "Feature", "geometry": {"type": "Polygon", "coordinates": [[[-122.62298346971751, 43.55420813336998], [-122.6261784242031, 43.55418503606353], [-122.64280526172874, 43.554063394468585], [-122.64279971938147, 43.55768467970085], [-122.64279733666582, 43.55926170880203], [-122.64279586666453, 43.559255736801795], [-122.64279215103477, 43.56130930693356], [-122.64279415503508, 43.56130929493339], [-122.64278828272597, 43.56514008217901], [-122.64278836672602, 43.56514020617902], [-122.6427830473421, 43.56855519539803], [-122.63782141758625, 43.56857880087346], [-122.62789219907299, 43.5686253568248], [-122.62617870681183, 43.568633304988964], [-122.62292845531633, 43.56864831130031], [-122.62293282109738, 43.567432642222066], [-122.62294595744655, 43.563817779989265], [-122.62295873380612, 43.560260184760125], [-122.62297174416257, 43.556683944529766], [-122.62298346971751, 43.55420813336998]]]}, "properties": {"title": "Cripple Creek", "description": "lode | serial OR105795370 | 20.66 ac | Active | qtr-sec OR 33 0230S 0010E 024 A NW|OR 33 0230S 0010E 024 A ALL|OR 33 0230S 0010E 024 A ALL | recorded~2022 (DB date, not legal located date) | src: BLM MLRS Not Closed | boundary approx (BLM quarter-section) | do not dig here (active claim)", "stroke": "#ff3300", "stroke-width": 2, "fill": "#ff3300", "fill-opacity": 0.05, "stroke-dasharray": "1,6"}}, {"type": "Feature", "geometry": {"type": "Polygon", "coordinates": [[[-122.62298346971751, 43.55420813336998], [-122.6261784242031, 43.55418503606353], [-122.64280526172874, 43.554063394468585], [-122.64279971938147, 43.55768467970085], [-122.64279733666582, 43.55926170880203], [-122.64279586666453, 43.559255736801795], [-122.64278522672474, 43.56513559617906], [-122.64278836672602, 43.56514020617902], [-122.6427830473421, 43.56855519539803], [-122.6427791226487, 43.57578853886101], [-122.63286172213841, 43.57584041281187], [-122.63285575182957, 43.56860208334921], [-122.62789219907299, 43.5686253568248], [-122.62617870681183, 43.568633304988964], [-122.62292845531633, 43.56864831130031], [-122.62293282109738, 43.567432642222066], [-122.62294595744655, 43.563817779989265], [-122.62295873380612, 43.560260184760125], [-122.62297174416257, 43.556683944529766], [-122.62298346971751, 43.55420813336998]]]}, "properties": {"title": "Kruse", "description": "lode | serial OR105795371 | 20.66 ac | Active | qtr-sec OR 33 0230S 0010E 013 A SW|OR 33 0230S 0010E 024 A ALL|OR 33 0230S 0010E 024 A ALL | recorded~2022 (DB date, not legal located date) | src: BLM MLRS Not Closed | boundary approx (BLM quarter-section) | do not dig here (active claim)", "stroke": "#ff3300", "stroke-width": 2, "fill": "#ff3300", "fill-opacity": 0.05, "stroke-dasharray": "1,6"}}, {"type": "Feature", "geometry": {"type": "Polygon", "coordinates": [[[-122.63782141758625, 43.56857880087346], [-122.62789219907299, 43.5686253568248], [-122.62617870681183, 43.568633304988964], [-122.62292845531633, 43.56864831130031], [-122.62293282109738, 43.567432642222066], [-122.62294595744655, 43.563817779989265], [-122.62295873380612, 43.560260184760125], [-122.62297174416257, 43.556683944529766], [-122.62298346971751, 43.55420813336998], [-122.6261784242031, 43.55418503606353], [-122.64280526172874, 43.554063394468585], [-122.64279971938147, 43.55768467970085], [-122.64279733666582, 43.55926170880203], [-122.64279586666453, 43.559255736801795], [-122.64278522672474, 43.56513559617906], [-122.64278836672602, 43.56514020617902], [-122.6427830473421, 43.56855519539803], [-122.63782141758625, 43.56857880087346]]]}, "properties": {"title": "La Fiesta", "description": "lode | serial OR105795372 | 20.66 ac | Active | qtr-sec OR 33 0230S 0010E 014 A SE|OR 33 0230S 0010E 024 A ALL|OR 33 0230S 0010E 024 A ALL | recorded~2022 (DB date, not legal located date) | src: BLM MLRS Not Closed | boundary approx (BLM quarter-section) | do not dig here (active claim)", "stroke": "#ff3300", "stroke-width": 2, "fill": "#ff3300", "fill-opacity": 0.05, "stroke-dasharray": "1,6"}}, {"type": "Feature", "geometry": {"type": "Polygon", "coordinates": [[[-122.62298346971751, 43.55420813336998], [-122.6261784242031, 43.55418503606353], [-122.64280526172874, 43.554063394468585], [-122.64279971938147, 43.55768467970085], [-122.64279733666582, 43.55926170880203], [-122.64279586666453, 43.559255736801795], [-122.64279215103477, 43.56130930693356], [-122.64279415503508, 43.56130929493339], [-122.64278828272597, 43.56514008217901], [-122.64278836672602, 43.56514020617902], [-122.6427830473421, 43.56855519539803], [-122.63782141758625, 43.56857880087346], [-122.62789219907299, 43.5686253568248], [-122.62617870681183, 43.568633304988964], [-122.62292845531633, 43.56864831130031], [-122.62293282109738, 43.567432642222066], [-122.62294595744655, 43.563817779989265], [-122.62295873380612, 43.560260184760125], [-122.62297174416257, 43.556683944529766], [-122.62298346971751, 43.55420813336998]]]}, "properties": {"title": "Nola G.", "description": "lode | serial OR105795373 | 20.66 ac | Active | qtr-sec OR 33 0230S 0010E 024 A NW|OR 33 0230S 0010E 024 A ALL|OR 33 0230S 0010E 024 A ALL | recorded~2022 (DB date, not legal located date) | src: BLM MLRS Not Closed | boundary approx (BLM quarter-section) | do not dig here (active claim)", "stroke": "#ff3300", "stroke-width": 2, "fill": "#ff3300", "fill-opacity": 0.05, "stroke-dasharray": "1,6"}}, {"type": "Feature", "geometry": {"type": "Polygon", "coordinates": [[[-122.63782141758625, 43.56857880087346], [-122.62789219907299, 43.5686253568248], [-122.62617870681183, 43.568633304988964], [-122.62292845531633, 43.56864831130031], [-122.62293282109738, 43.567432642222066], [-122.62294595744655, 43.563817779989265], [-122.62295873380612, 43.560260184760125], [-122.62297174416257, 43.556683944529766], [-122.62298346971751, 43.55420813336998], [-122.6261784242031, 43.55418503606353], [-122.64280526172874, 43.554063394468585], [-122.64279971938147, 43.55768467970085], [-122.64279733666582, 43.55926170880203], [-122.64279586666453, 43.559255736801795], [-122.64278522672474, 43.56513559617906], [-122.64278836672602, 43.56514020617902], [-122.6427830473421, 43.56855519539803], [-122.63782141758625, 43.56857880087346]]]}, "properties": {"title": "Peekaboo", "description": "lode | serial OR105795374 | 20.66 ac | Active | qtr-sec OR 33 0230S 0010E 014 A SE|OR 33 0230S 0010E 024 A ALL|OR 33 0230S 0010E 024 A ALL | recorded~2022 (DB date, not legal located date) | src: BLM MLRS Not Closed | boundary approx (BLM quarter-section) | do not dig here (active claim)", "stroke": "#ff3300", "stroke-width": 2, "fill": "#ff3300", "fill-opacity": 0.05, "stroke-dasharray": "1,6"}}, {"type": "Feature", "geometry": {"type": "Polygon", "coordinates": [[[-122.632873627759, 43.59032075973687], [-122.63287956207064, 43.5975631751993], [-122.62303248956948, 43.597609582143825], [-122.62300804825583, 43.59037162168321], [-122.632873627759, 43.59032075973687]]]}, "properties": {"title": "PAYDIRT DISCOVERY", "description": "lode | serial ORMC101588 | 17.0 ac | Active | qtr-sec OR 33 0230S 0010E 012 A NE | recorded~2021 (DB date, not legal located date) | src: BLM MLRS Not Closed | boundary approx (BLM quarter-section) | do not dig here (active claim)", "stroke": "#ff3300", "stroke-width": 2, "fill": "#ff3300", "fill-opacity": 0.05, "stroke-dasharray": "1,6"}}, {"type": "Feature", "geometry": {"type": "Polygon", "coordinates": [[[-122.62300804825583, 43.59037162168321], [-122.62295806893941, 43.583136272224976], [-122.63286769344816, 43.58307946527439], [-122.632873627759, 43.59032075973687], [-122.62300804825583, 43.59037162168321]]]}, "properties": {"title": "SILVER ROCK", "description": "lode | serial ORMC101589 | 20.66 ac | Active | qtr-sec OR 33 0230S 0010E 012 A SE|OR 33 0230S 0020E 002 A SW | recorded~2021 (DB date, not legal located date) | src: BLM MLRS Not Closed | boundary approx (BLM quarter-section) | do not dig here (active claim)", "stroke": "#ff3300", "stroke-width": 2, "fill": "#ff3300", "fill-opacity": 0.05, "stroke-dasharray": "1,6"}}, {"type": "Feature", "geometry": {"type": "Polygon", "coordinates": [[[-122.72234008082842, 43.57583074826021], [-122.72236139914388, 43.58308442871983], [-122.71244406662406, 43.583060749666544], [-122.71241635930768, 43.57580653520725], [-122.72234008082842, 43.57583074826021]]]}, "properties": {"title": "RETIREMENT PLAN TOO", "description": "lode | serial ORMC102703 | 18.65 ac | Active | qtr-sec OR 33 0230S 0010E 017 A NW | recorded~2021 (DB date, not legal located date) | src: BLM MLRS Not Closed | boundary approx (BLM quarter-section) | do not dig here (active claim)", "stroke": "#ff3300", "stroke-width": 2, "fill": "#ff3300", "fill-opacity": 0.05, "stroke-dasharray": "1,6"}}, {"type": "Feature", "geometry": {"type": "Polygon", "coordinates": [[[-122.63286172213841, 43.57584041281187], [-122.63286769344816, 43.58307946527439], [-122.62295806893941, 43.583136272224976], [-122.6229432626275, 43.57589229176273], [-122.63286172213841, 43.57584041281187]]]}, "properties": {"title": "EVENING STAR", "description": "lode | serial ORMC149529 | 20.66 ac | Active | qtr-sec OR 33 0230S 0010E 013 A NE | recorded~2021 (DB date, not legal located date) | src: BLM MLRS Not Closed | boundary approx (BLM quarter-section) | do not dig here (active claim)", "stroke": "#ff3300", "stroke-width": 2, "fill": "#ff3300", "fill-opacity": 0.05, "stroke-dasharray": "1,6"}}, {"type": "Feature", "geometry": {"type": "Polygon", "coordinates": [[[-122.63285575182948, 43.56860175334922], [-122.63286172213841, 43.57584041281187], [-122.63286769344816, 43.58307946527439], [-122.62295806893941, 43.583136272224976], [-122.6229432626275, 43.57589229176273], [-122.62292845531633, 43.56864831130031], [-122.63285575182948, 43.56860175334922]]]}, "properties": {"title": "EVENING STAR ANNEX", "description": "lode | serial ORMC149530 | 20.66 ac | Active | qtr-sec OR 33 0230S 0010E 013 A NE|OR 33 0230S 0010E 013 A SE | recorded~2021 (DB date, not legal located date) | src: BLM MLRS Not Closed | boundary approx (BLM quarter-section) | do not dig here (active claim)", "stroke": "#ff3300", "stroke-width": 2, "fill": "#ff3300", "fill-opacity": 0.05, "stroke-dasharray": "1,6"}}, {"type": "Feature", "geometry": {"type": "Polygon", "coordinates": [[[-122.70242767084227, 43.55400903977224], [-122.7123847843739, 43.55406343382477], [-122.71238671768259, 43.56130787628638], [-122.70244310615563, 43.561268306233764], [-122.69246000062701, 43.56125593618662], [-122.69244749531329, 43.553991837724226], [-122.70242767084227, 43.55400903977224]]]}, "properties": {"title": "GOLDEN STAR", "description": "lode | serial ORMC163920 | 15.11 ac | Active | qtr-sec OR 33 0230S 0010E 020 A SE|OR 33 0230S 0010E 021 A SW | recorded~2021 (DB date, not legal located date) | src: BLM MLRS Not Closed | boundary approx (BLM quarter-section) | do not dig here (active claim)", "stroke": "#ff3300", "stroke-width": 2, "fill": "#ff3300", "fill-opacity": 0.05, "stroke-dasharray": "1,6"}}, {"type": "Feature", "geometry": {"type": "Polygon", "coordinates": [[[-122.7123847843739, 43.55406343382477], [-122.71238671768259, 43.56130787628638], [-122.70244310615563, 43.561268306233764], [-122.70242767084227, 43.55400903977224], [-122.7123847843739, 43.55406343382477]]]}, "properties": {"title": "STAR EXTENSION", "description": "lode | serial ORMC163921 | 20.1 ac | Active | qtr-sec OR 33 0230S 0010E 020 A SE | recorded~2021 (DB date, not legal located date) | src: BLM MLRS Not Closed | boundary approx (BLM quarter-section) | do not dig here (active claim)", "stroke": "#ff3300", "stroke-width": 2, "fill": "#ff3300", "fill-opacity": 0.05, "stroke-dasharray": "1,6"}}, {"type": "Feature", "geometry": {"type": "Polygon", "coordinates": [[[-122.71238671768259, 43.56130787628638], [-122.72233032920904, 43.56134744733894], [-122.72231876151369, 43.5685770678005], [-122.71238865199193, 43.568552320747806], [-122.70245854146961, 43.568527572695146], [-122.70244310615563, 43.561268306233764], [-122.71238671768259, 43.56130787628638]]]}, "properties": {"title": "NICHODEMUS", "description": "lode | serial ORMC163922 | 19.8 ac | Active | qtr-sec OR 33 0230S 0010E 020 A NW|OR 33 0230S 0010E 020 A NE | recorded~2021 (DB date, not legal located date) | src: BLM MLRS Not Closed | boundary approx (BLM quarter-section) | do not dig here (active claim)", "stroke": "#ff3300", "stroke-width": 2, "fill": "#ff3300", "fill-opacity": 0.05, "stroke-dasharray": "1,6"}}, {"type": "Feature", "geometry": {"type": "Polygon", "coordinates": [[[-122.68253410103978, 43.58300303252239], [-122.68255722035059, 43.59022770398088], [-122.67256133181999, 43.5902227049363], [-122.67256465951044, 43.58298238547411], [-122.68253410103978, 43.58300303252239]]]}, "properties": {"title": "THREE BROTHERS MINE", "description": "lode | serial ORMC172956 | 20.66 ac | Active | qtr-sec OR 33 0230S 0010E 010 A SW | recorded~2021 (DB date, not legal located date) | src: BLM MLRS Not Closed | boundary approx (BLM quarter-section) | do not dig here (active claim)", "stroke": "#ff3300", "stroke-width": 2, "fill": "#ff3300", "fill-opacity": 0.05, "stroke-dasharray": "1,6"}}, {"type": "Feature", "geometry": {"type": "Polygon", "coordinates": [[[-122.63721486533149, 43.62292891440465], [-122.63721404228349, 43.62266510038789], [-122.63720971903146, 43.62127885929984], [-122.63720604581734, 43.62010108522499], [-122.63719480716226, 43.616497666996025], [-122.64215143392275, 43.61650235052203], [-122.64710806068317, 43.616507033048], [-122.64710780033737, 43.620115511278236], [-122.64710765071334, 43.622188330410516], [-122.64710754099183, 43.62372398750845], [-122.64710728501736, 43.623865034517465], [-122.64710394201676, 43.62386456751775], [-122.64710059901621, 43.62386410051803], [-122.64704042213891, 43.62459152457024], [-122.64710595415079, 43.624601574564565], [-122.64710290945578, 43.62628548267226], [-122.64710103064412, 43.627324895738745], [-122.64709452029652, 43.63092580196895], [-122.6421481345395, 43.630931452442965], [-122.63720174878237, 43.63093710191693], [-122.63720951712733, 43.62732080168543], [-122.63721241888304, 43.62597163759908], [-122.6372159595843, 43.62432177749341], [-122.63721728447251, 43.62370449945389], [-122.63721486533149, 43.62292891440465]]]}, "properties": {"title": "SUNSET MINE", "description": "lode | serial ORMC174221 | 20.66 ac | Active | qtr-sec OR 33 0220S 0010E 025 A SW|OR 33 0220S 0010E 036 A NW | recorded~2021 (DB date, not legal located date) | src: BLM MLRS Not Closed | boundary approx (BLM quarter-section) | do not dig here (active claim)", "stroke": "#ff3300", "stroke-width": 2, "fill": "#ff3300", "fill-opacity": 0.05, "stroke-dasharray": "1,6"}}, {"type": "Feature", "geometry": {"type": "Polygon", "coordinates": [[[-122.722341896905, 43.55411782687727], [-122.72233032920904, 43.56134744733894], [-122.72231876151369, 43.5685770678005], [-122.71238865199193, 43.568552320747806], [-122.71238671768259, 43.56130787628638], [-122.7123847843739, 43.55406343382477], [-122.722341896905, 43.55411782687727]]]}, "properties": {"title": "BUCKET", "description": "lode | serial ORMC176067 | 20.66 ac | Active | qtr-sec OR 33 0230S 0010E 020 A NW|OR 33 0230S 0010E 020 A SW | recorded~2021 (DB date, not legal located date) | src: BLM MLRS Not Closed | boundary approx (BLM quarter-section) | do not dig here (active claim)", "stroke": "#ff3300", "stroke-width": 2, "fill": "#ff3300", "fill-opacity": 0.05, "stroke-dasharray": "1,6"}}, {"type": "Feature", "geometry": {"type": "Polygon", "coordinates": [[[-122.64277519795593, 43.583021881323866], [-122.64275798226443, 43.59026980178873], [-122.632873627759, 43.59032075973687], [-122.63286769344816, 43.58307946527439], [-122.64277519795593, 43.583021881323866]]]}, "properties": {"title": "MISTY MOUNTAIN 1", "description": "lode | serial ORMC177113 | 20.66 ac | Active | qtr-sec OR 33 0230S 0010E 012 A SW | recorded~2021 (DB date, not legal located date) | src: BLM MLRS Not Closed | boundary approx (BLM quarter-section) | do not dig here (active claim)", "stroke": "#ff3300", "stroke-width": 2, "fill": "#ff3300", "fill-opacity": 0.05, "stroke-dasharray": "1,6"}}, {"type": "Feature", "geometry": {"type": "Polygon", "coordinates": [[[-122.64277519795593, 43.583021881323866], [-122.64275798226443, 43.59026980178873], [-122.632873627759, 43.59032075973687], [-122.63286769344816, 43.58307946527439], [-122.64277519795593, 43.583021881323866]]]}, "properties": {"title": "MISTY MOUNTAIN 2", "description": "lode | serial ORMC177114 | 20.66 ac | Active | qtr-sec OR 33 0230S 0010E 012 A SW | recorded~2021 (DB date, not legal located date) | src: BLM MLRS Not Closed | boundary approx (BLM quarter-section) | do not dig here (active claim)", "stroke": "#ff3300", "stroke-width": 2, "fill": "#ff3300", "fill-opacity": 0.05, "stroke-dasharray": "1,6"}}, {"type": "Feature", "geometry": {"type": "Polygon", "coordinates": [[[-122.64277519795593, 43.583021881323866], [-122.64275798226443, 43.59026980178873], [-122.632873627759, 43.59032075973687], [-122.63286769344816, 43.58307946527439], [-122.64277519795593, 43.583021881323866]]]}, "properties": {"title": "MISTY MOUNTAIN 3", "description": "lode | serial ORMC177115 | 20.66 ac | Active | qtr-sec OR 33 0230S 0010E 012 A SW | recorded~2021 (DB date, not legal located date) | src: BLM MLRS Not Closed | boundary approx (BLM quarter-section) | do not dig here (active claim)", "stroke": "#ff3300", "stroke-width": 2, "fill": "#ff3300", "fill-opacity": 0.05, "stroke-dasharray": "1,6"}}, {"type": "Feature", "geometry": {"type": "Polygon", "coordinates": [[[-122.64275798226443, 43.59026980178873], [-122.64272663457136, 43.59751676825478], [-122.63287956207064, 43.5975631751993], [-122.62303248956948, 43.597609582143825], [-122.62300804825583, 43.59037162168321], [-122.632873627759, 43.59032075973687], [-122.64275798226443, 43.59026980178873]]]}, "properties": {"title": "LUCKY MAUD", "description": "lode | serial ORMC18168 | 20.66 ac | Active | qtr-sec OR 33 0230S 0010E 012 A NW|OR 33 0230S 0010E 012 A NE | recorded~2021 (DB date, not legal located date) | src: BLM MLRS Not Closed | boundary approx (BLM quarter-section) | do not dig here (active claim)", "stroke": "#ff3300", "stroke-width": 2, "fill": "#ff3300", "fill-opacity": 0.05, "stroke-dasharray": "1,6"}}, {"type": "Feature", "geometry": {"type": "Polygon", "coordinates": [[[-122.63286769344816, 43.58307946527439], [-122.632873627759, 43.59032075973687], [-122.63287956207064, 43.5975631751993], [-122.62303248956948, 43.597609582143825], [-122.62300804825583, 43.59037162168321], [-122.62295806893941, 43.583136272224976], [-122.63286769344816, 43.58307946527439]]]}, "properties": {"title": "RAINBOW ELSIE", "description": "lode | serial ORMC18169 | 20.66 ac | Active | qtr-sec OR 33 0230S 0010E 012 A NE|OR 33 0230S 0010E 012 A SE | recorded~2021 (DB date, not legal located date) | src: BLM MLRS Not Closed | boundary approx (BLM quarter-section) | do not dig here (active claim)", "stroke": "#ff3300", "stroke-width": 2, "fill": "#ff3300", "fill-opacity": 0.05, "stroke-dasharray": "1,6"}}, {"type": "Feature", "geometry": {"type": "Polygon", "coordinates": [[[-122.74630847517459, 43.579621184209785], [-122.74136822742543, 43.57964940368396], [-122.74136664340756, 43.57955180067794], [-122.74130801679107, 43.57619340547], [-122.74130405874698, 43.57595310045513], [-122.741359821174, 43.5727375922453], [-122.7462969248478, 43.57229584274525], [-122.7512340065215, 43.57185411624526], [-122.75124135222245, 43.57572352749045], [-122.7512486999236, 43.579592940735616], [-122.74630847517459, 43.579621184209785]]]}, "properties": {"title": "IRISH LUCK 1", "description": "lode | serial ORMC34974 | 20.66 ac | Active | qtr-sec OR 33 0230S 0010W 013 A NE | recorded~2021 (DB date, not legal located date) | src: BLM MLRS Not Closed | boundary approx (BLM quarter-section) | do not dig here (active claim)", "stroke": "#ff3300", "stroke-width": 2, "fill": "#ff3300", "fill-opacity": 0.05, "stroke-dasharray": "1,6"}}, {"type": "Feature", "geometry": {"type": "Polygon", "coordinates": [[[-122.63286769344816, 43.58307946527439], [-122.632873627759, 43.59032075973687], [-122.62300804825583, 43.59037162168321], [-122.62300304112388, 43.58964677863731], [-122.62301421170183, 43.59283140583996], [-122.61562284053292, 43.59263534853396], [-122.6155946561798, 43.58517910105941], [-122.62297489138238, 43.58557159537926], [-122.62295806893941, 43.583136272224976], [-122.63286769344816, 43.58307946527439]]]}, "properties": {"title": "GOLD ROCK", "description": "lode | serial ORMC39692 | 20.66 ac | Active | qtr-sec OR 33 0230S 0010E 012 A SE|OR 33 0230S 0020E 007 A SW | recorded~2021 (DB date, not legal located date) | src: BLM MLRS Not Closed | boundary approx (BLM quarter-section) | do not dig here (active claim)", "stroke": "#ff3300", "stroke-width": 2, "fill": "#ff3300", "fill-opacity": 0.05, "stroke-dasharray": "1,6"}}, {"type": "Feature", "geometry": {"type": "Polygon", "coordinates": [[[-122.6155946561798, 43.58517910105941], [-122.62298875038469, 43.58557233237797], [-122.62301421170183, 43.59283140583996], [-122.61562284053292, 43.59263534853396], [-122.6155946561798, 43.58517910105941]]]}, "properties": {"title": "WHITE CRYSTAL", "description": "lode | serial ORMC39834 | 17.21 ac | Active | qtr-sec OR 33 0230S 0020E 007 A SW | recorded~2021 (DB date, not legal located date) | src: BLM MLRS Not Closed | boundary approx (BLM quarter-section) | do not dig here (active claim)", "stroke": "#ff3300", "stroke-width": 2, "fill": "#ff3300", "fill-opacity": 0.05, "stroke-dasharray": "1,6"}}, {"type": "Feature", "geometry": {"type": "Polygon", "coordinates": [[[-122.63286769344816, 43.58307946527439], [-122.632873627759, 43.59032075973687], [-122.62300804825583, 43.59037162168321], [-122.62300304112388, 43.58964677863731], [-122.62301421170183, 43.59283140583996], [-122.61562284053292, 43.59263534853396], [-122.6155946561798, 43.58517910105941], [-122.62297489138238, 43.58557159537926], [-122.62295806893941, 43.583136272224976], [-122.63286769344816, 43.58307946527439]]]}, "properties": {"title": "HIGH VALUE", "description": "lode | serial ORMC53731 | 20.66 ac | Active | qtr-sec OR 33 0230S 0010E 012 A SE|OR 33 0230S 0020E 007 A SW | recorded~2021 (DB date, not legal located date) | src: BLM MLRS Not Closed | boundary approx (BLM quarter-section) | do not dig here (active claim)", "stroke": "#ff3300", "stroke-width": 2, "fill": "#ff3300", "fill-opacity": 0.05, "stroke-dasharray": "1,6"}}, {"type": "Feature", "geometry": {"type": "Polygon", "coordinates": [[[-122.67306033696573, 43.56848755750142], [-122.68248647041254, 43.56851249460244], [-122.68252768874972, 43.57587541506836], [-122.68253410103978, 43.58300303252239], [-122.68258033866213, 43.59745237643922], [-122.67255800513024, 43.59746337139849], [-122.66754603336396, 43.59746849187813], [-122.6656447240732, 43.59747040606015], [-122.66253604359777, 43.59747349235763], [-122.66253404954574, 43.59718777833956], [-122.66254011443658, 43.596579736300164], [-122.66255418179526, 43.593025225071976], [-122.66255852879624, 43.593026846071695], [-122.66256087671249, 43.59256222904185], [-122.66256762547076, 43.59122105195558], [-122.66256154746941, 43.59121874595601], [-122.66256422135118, 43.590563030913906], [-122.66257087635384, 43.59057220591385], [-122.66257273429, 43.59021770889105], [-122.66257924191088, 43.588117477756384], [-122.66257418091071, 43.588120584757064], [-122.6625752128651, 43.58786750974077], [-122.66258194456739, 43.58621657263477], [-122.6625851285681, 43.58621760363454], [-122.6625917011854, 43.58409655349847], [-122.66259058918523, 43.58409663949859], [-122.66259521698065, 43.58296173842568], [-122.65880216239633, 43.582942079786996], [-122.64943755797452, 43.583010622686366], [-122.64695637059772, 43.58302878392469], [-122.64596198144514, 43.583027230019624], [-122.64480446726746, 43.5830252531301], [-122.64277519795593, 43.583021881323866], [-122.64277522094625, 43.58296820732041], [-122.64277532990637, 43.582747790306314], [-122.64277575773798, 43.581816201246745], [-122.64277592368373, 43.581516173227506], [-122.64277611164005, 43.58127449921206], [-122.64277684339808, 43.579935459126375], [-122.6427768713896, 43.57988872712339], [-122.64277707132304, 43.57952044709984], [-122.64277712930226, 43.57940537309247], [-122.64277789404785, 43.57799772100239], [-122.6427785738113, 43.5766884869186], [-122.64277935057183, 43.575363223833826], [-122.64276672856907, 43.575358675834686], [-122.64276993124966, 43.573588585721204], [-122.64278027625188, 43.573592332720445], [-122.6427830473421, 43.56855519539803], [-122.64774784210002, 43.568541017922854], [-122.6519859857469, 43.56852865151727], [-122.6527096598574, 43.568526525447965], [-122.65767148361451, 43.568511901973075], [-122.66263527837178, 43.568497078497955], [-122.67306033696573, 43.56848755750142]]]}, "properties": {"title": "Troll Hole", "description": "lode | serial OR106301132 | 9.9862259 ac | Active | qtr-sec OR 33 0230S 0010E 010 A SE|OR 33 0230S 0010E 010 A ALL|OR 33 0230S 0010E 015 A ALL|OR 33 0230S 0010E 015 A ALL|OR 33 0230S 0010E 015 A ALL|OR 33 0230S 0010E 010 A ALL|OR 33 0230S 0010E 010 A ALL|OR 33 0230S 0010E 014 A ALL|OR 33 0230S 0010E 015 A NE|OR 33 0230S 0010E 015 A N1/2NE1/4|OR 33 0230S 0010E 010 A S1/2SE1/4 | recorded~2023 (DB date, not legal located date) | src: BLM MLRS Not Closed | boundary approx (BLM quarter-section) | do not dig here (active claim)", "stroke": "#ff3300", "stroke-width": 2, "fill": "#ff3300", "fill-opacity": 0.05, "stroke-dasharray": "1,6"}}, {"type": "Feature", "geometry": {"type": "Polygon", "coordinates": [[[-122.6427830473421, 43.56855519539803], [-122.6427791116487, 43.57578853886102], [-122.6427785738113, 43.5766884869186], [-122.64277789404785, 43.57799772100239], [-122.64277712930226, 43.57940537309247], [-122.64277707132304, 43.57952044709984], [-122.6427768713896, 43.57988872712339], [-122.64277684339808, 43.579935459126375], [-122.64277611164005, 43.58127449921206], [-122.64277592368373, 43.581516173227506], [-122.64277575773798, 43.581816201246745], [-122.64277532990637, 43.582747790306314], [-122.64277522094625, 43.58296820732041], [-122.64277519795593, 43.583021881323866], [-122.64180108380775, 43.58302765341733], [-122.64082424365907, 43.58303331051103], [-122.63986462051307, 43.583038927603084], [-122.63927512342337, 43.58304237965964], [-122.63782224920226, 43.583050830799074], [-122.63504879678015, 43.583066928065165], [-122.63469131072571, 43.58306893409945], [-122.63286769344816, 43.58307946527439], [-122.63165475626354, 43.58308654039073], [-122.63016843603728, 43.58309505453333], [-122.62812916172679, 43.58310670072897], [-122.62791313269393, 43.58310798074968], [-122.62617896742988, 43.583117882916014], [-122.62414425212, 43.58312947211119], [-122.62295806893941, 43.583136272224976], [-122.6229543437273, 43.581966501150504], [-122.62294736633285, 43.579790666011895], [-122.62294640628143, 43.57950720299383], [-122.62294595425146, 43.57934179198334], [-122.62294262806745, 43.578326717918664], [-122.62294242805527, 43.57825936291437], [-122.62294063395264, 43.57769325487825], [-122.62293937089939, 43.57739979785961], [-122.622936433715, 43.57638202079476], [-122.6229355366453, 43.575997117770214], [-122.62292417176228, 43.57112047145905], [-122.62292215260547, 43.57025422040378], [-122.62292845531633, 43.56864831130031], [-122.62617870681183, 43.568633304988964], [-122.62789219907299, 43.5686253568248], [-122.63285575182957, 43.56860208334921], [-122.63285575182948, 43.56860175334922], [-122.6427830473421, 43.56855519539803]]]}, "properties": {"title": "Larsana L", "description": "lode | serial OR106304271 | 20.66 ac | Active | qtr-sec OR 33 0230S 0010E 013 A SW|OR 33 0230S 0010E 013 A ALL|OR 33 0230S 0010E 013 A ALL | recorded~2023 (DB date, not legal located date) | src: BLM MLRS Not Closed | boundary approx (BLM quarter-section) | do not dig here (active claim)", "stroke": "#ff3300", "stroke-width": 2, "fill": "#ff3300", "fill-opacity": 0.05, "stroke-dasharray": "1,6"}}, {"type": "Feature", "geometry": {"type": "Polygon", "coordinates": [[[-122.63286172213841, 43.57584041281187], [-122.63286769344816, 43.58307946527439], [-122.62295806893941, 43.583136272224976], [-122.6229432626275, 43.57589229176273], [-122.63286172213841, 43.57584041281187]]]}, "properties": {"title": "EVENING STAR", "description": "mill site | serial ORMC154943 | 5.0 ac | Active | qtr-sec OR 33 0230S 0010E 013 A NE | recorded~2021 (DB date, not legal located date) | src: BLM MLRS Not Closed | boundary approx (BLM quarter-section) | do not dig here (active claim)", "stroke": "#ff3300", "stroke-width": 2, "fill": "#ff3300", "fill-opacity": 0.05, "stroke-dasharray": "1,6"}}, {"type": "Feature", "geometry": {"type": "Polygon", "coordinates": [[[-122.6427791226487, 43.57578853886101], [-122.64277519795593, 43.583021881323866], [-122.63286769344816, 43.58307946527439], [-122.63286172213841, 43.57584041281187], [-122.6427791226487, 43.57578853886101]]]}, "properties": {"title": "DIAMOND", "description": "mill site | serial ORMC158717 | 5.0 ac | Active | qtr-sec OR 33 0230S 0010E 013 A NW | recorded~2021 (DB date, not legal located date) | src: BLM MLRS Not Closed | boundary approx (BLM quarter-section) | do not dig here (active claim)", "stroke": "#ff3300", "stroke-width": 2, "fill": "#ff3300", "fill-opacity": 0.05, "stroke-dasharray": "1,6"}}, {"type": "Feature", "geometry": {"type": "Polygon", "coordinates": [[[-122.7123847843739, 43.55406343382477], [-122.722341896905, 43.55411782687727], [-122.72233032920904, 43.56134744733894], [-122.71238671768259, 43.56130787628638], [-122.70244310615563, 43.561268306233764], [-122.70242767084227, 43.55400903977224], [-122.7123847843739, 43.55406343382477]]]}, "properties": {"title": "STAR MILL SITE I", "description": "mill site | serial ORMC163923 | 5.0 ac | Active | qtr-sec OR 33 0230S 0010E 020 A SW|OR 33 0230S 0010E 020 A SE | recorded~2021 (DB date, not legal located date) | src: BLM MLRS Not Closed | boundary approx (BLM quarter-section) | do not dig here (active claim)", "stroke": "#ff3300", "stroke-width": 2, "fill": "#ff3300", "fill-opacity": 0.05, "stroke-dasharray": "1,6"}}, {"type": "Feature", "geometry": {"type": "Polygon", "coordinates": [[[-122.7123847843739, 43.55406343382477], [-122.722341896905, 43.55411782687727], [-122.72233032920904, 43.56134744733894], [-122.71238671768259, 43.56130787628638], [-122.70244310615563, 43.561268306233764], [-122.70242767084227, 43.55400903977224], [-122.7123847843739, 43.55406343382477]]]}, "properties": {"title": "STAR MILL SITE II", "description": "mill site | serial ORMC163924 | 5.0 ac | Active | qtr-sec OR 33 0230S 0010E 020 A SW|OR 33 0230S 0010E 020 A SE | recorded~2021 (DB date, not legal located date) | src: BLM MLRS Not Closed | boundary approx (BLM quarter-section) | do not dig here (active claim)", "stroke": "#ff3300", "stroke-width": 2, "fill": "#ff3300", "fill-opacity": 0.05, "stroke-dasharray": "1,6"}}, {"type": "Feature", "geometry": {"type": "Polygon", "coordinates": [[[-122.722341896905, 43.55411782687727], [-122.72233032920904, 43.56134744733894], [-122.72231876151369, 43.5685770678005], [-122.71238865199193, 43.568552320747806], [-122.71238671768259, 43.56130787628638], [-122.7123847843739, 43.55406343382477], [-122.722341896905, 43.55411782687727]]]}, "properties": {"title": "STAR MILL SITE III", "description": "mill site | serial ORMC163925 | 4.03 ac | Active | qtr-sec OR 33 0230S 0010E 020 A NW|OR 33 0230S 0010E 020 A SW | recorded~2021 (DB date, not legal located date) | src: BLM MLRS Not Closed | boundary approx (BLM quarter-section) | do not dig here (active claim)", "stroke": "#ff3300", "stroke-width": 2, "fill": "#ff3300", "fill-opacity": 0.05, "stroke-dasharray": "1,6"}}, {"type": "Feature", "geometry": {"type": "Polygon", "coordinates": [[[-122.71240222730464, 43.57580161220834], [-122.72232596782544, 43.57582582126128], [-122.72232592082251, 43.57580985526024], [-122.72232591682233, 43.5758089662602], [-122.72852763876804, 43.575799430666756], [-122.73231516934553, 43.57579360030428], [-122.73233656266454, 43.583066662764864], [-122.7223472961408, 43.583079091720826], [-122.71275003867004, 43.583056169637004], [-122.71242995462096, 43.58305540566756], [-122.71241331983057, 43.57870033239186], [-122.71240222730464, 43.57580161220834]]]}, "properties": {"title": "HANAMII II", "description": "placer | serial OR105260884 | 20.0 ac | Active | qtr-sec OR 33 0230S 0010E 017 A NW|OR 33 0230S 0010E 018 A NE | recorded~2021 (DB date, not legal located date) | src: BLM MLRS Not Closed | boundary approx (BLM quarter-section) | do not dig here (active claim)", "stroke": "#ff3300", "stroke-width": 2, "fill": "#ff3300", "fill-opacity": 0.05, "stroke-dasharray": "1,6"}}, {"type": "Feature", "geometry": {"type": "Polygon", "coordinates": [[[-122.73203100764927, 43.58324022480511], [-122.73200901832209, 43.581450732693405], [-122.73442225569879, 43.581495664465486], [-122.73683549207544, 43.58154059523765], [-122.73686581240175, 43.583318122347755], [-122.73444841002554, 43.583279173576415], [-122.73203100764927, 43.58324022480511]]]}, "properties": {"title": "Emerald City", "description": "placer | serial OR105795366 | 0.0 ac | Active | qtr-sec OR 33 0230S 0010E 018 A N2NENW | recorded~2022 (DB date, not legal located date) | src: BLM MLRS Not Closed | boundary approx (BLM quarter-section) | do not dig here (active claim)", "stroke": "#ff3300", "stroke-width": 2, "fill": "#ff3300", "fill-opacity": 0.05, "stroke-dasharray": "1,6"}}, {"type": "Feature", "geometry": {"type": "Polygon", "coordinates": [[[-122.74136664340756, 43.57955180067794], [-122.74130801679107, 43.57619340547], [-122.74130405874698, 43.57595310045513], [-122.741359821174, 43.5727375922453], [-122.7462969248478, 43.57229584274525], [-122.7512340065215, 43.57185411624526], [-122.75124135222245, 43.57572352749045], [-122.7512486999236, 43.579592940735616], [-122.75165796961986, 43.583095552918984], [-122.75206726331632, 43.58659814010232], [-122.74704955359947, 43.58686952859947], [-122.74203184288253, 43.58714089309666], [-122.7420050198206, 43.58682140307888], [-122.74170061715412, 43.58339602089031], [-122.74168194411092, 43.58317317887795], [-122.74136822742543, 43.57964940368396], [-122.74136664340756, 43.57955180067794]]]}, "properties": {"title": "CAROLINA 1", "description": "placer | serial ORMC10819 | 40.0 ac | Active | qtr-sec OR 33 0230S 0010W 013 A NE|OR 33 0230S 0010W 012 A SE | recorded~2021 (DB date, not legal located date) | src: BLM MLRS Not Closed | boundary approx (BLM quarter-section) | do not dig here (active claim)", "stroke": "#ff3300", "stroke-width": 2, "fill": "#ff3300", "fill-opacity": 0.05, "stroke-dasharray": "1,6"}}, {"type": "Feature", "geometry": {"type": "Polygon", "coordinates": [[[-122.76307284611414, 43.59829420079174], [-122.76326353481004, 43.60197371700686], [-122.75836955106881, 43.60200514947727], [-122.75347558932756, 43.60203660594765], [-122.75323726361465, 43.5983029797335], [-122.75299893690189, 43.59456935451932], [-122.75425373109405, 43.59457286939952], [-122.75793999965853, 43.59458313704744], [-122.7599288629631, 43.5945887248575], [-122.76288103941508, 43.59459694357555], [-122.76307284611414, 43.59829420079174]]]}, "properties": {"title": "TOBY WAN II", "description": "placer | serial ORMC122494 | 20.0 ac | Active | qtr-sec OR 33 0230S 0010W 001 A SW | recorded~2021 (DB date, not legal located date) | src: BLM MLRS Not Closed | boundary approx (BLM quarter-section) | do not dig here (active claim)", "stroke": "#ff3300", "stroke-width": 2, "fill": "#ff3300", "fill-opacity": 0.05, "stroke-dasharray": "1,6"}}, {"type": "Feature", "geometry": {"type": "Polygon", "coordinates": [[[-122.72231876151369, 43.5685770678005], [-122.73185508903317, 43.56892428991123], [-122.73194304834087, 43.576082257358216], [-122.73203100864924, 43.58324022480511], [-122.72236139914388, 43.58308442871983], [-122.72234008082842, 43.57583074826021], [-122.72231876151369, 43.5685770678005]]]}, "properties": {"title": "EMPTY BOTTLE", "description": "placer | serial ORMC133937 | 60.0 ac | Active | qtr-sec OR 33 0230S 0010E 018 A NE|OR 33 0230S 0010E 018 A SE | recorded~2021 (DB date, not legal located date) | src: BLM MLRS Not Closed | boundary approx (BLM quarter-section) | do not dig here (active claim)", "stroke": "#ff3300", "stroke-width": 2, "fill": "#ff3300", "fill-opacity": 0.05, "stroke-dasharray": "1,6"}}, {"type": "Feature", "geometry": {"type": "Polygon", "coordinates": [[[-122.75703375202558, 43.586329104610165], [-122.76200021673476, 43.58606004411803], [-122.76244061657479, 43.59032850534685], [-122.76288103941508, 43.59459694357555], [-122.76307284611414, 43.59829420079174], [-122.76326353481004, 43.60197371700686], [-122.75836955106881, 43.60200514947727], [-122.75347558932756, 43.60203660594765], [-122.75323726361465, 43.5983029797335], [-122.75299893690189, 43.59456935451932], [-122.75253308910901, 43.59058373531089], [-122.75206726331632, 43.58659814010232], [-122.75703375202558, 43.586329104610165]]]}, "properties": {"title": "LUCKY 7 MINE", "description": "placer | serial ORMC137191 | 70.0 ac | Active | qtr-sec OR 33 0230S 0010W 001 A SW|OR 33 0230S 0010W 012 A NW | recorded~2021 (DB date, not legal located date) | src: BLM MLRS Not Closed | boundary approx (BLM quarter-section) | do not dig here (active claim)", "stroke": "#ff3300", "stroke-width": 2, "fill": "#ff3300", "fill-opacity": 0.05, "stroke-dasharray": "1,6"}}, {"type": "Feature", "geometry": {"type": "Polygon", "coordinates": [[[-122.722341896905, 43.55411782687727], [-122.73194110237431, 43.55413568296153], [-122.73189809570337, 43.56152998643645], [-122.73185508903317, 43.56892428991123], [-122.72231876151369, 43.5685770678005], [-122.72233032920904, 43.56134744733894], [-122.722341896905, 43.55411782687727]]]}, "properties": {"title": "CLIMAX 3", "description": "placer | serial ORMC144400 | 40.0 ac | Active | qtr-sec OR 33 0230S 0010E 019 A NE|OR 33 0230S 0010E 019 A SE | recorded~2021 (DB date, not legal located date) | src: BLM MLRS Not Closed | boundary approx (BLM quarter-section) | do not dig here (active claim)", "stroke": "#ff3300", "stroke-width": 2, "fill": "#ff3300", "fill-opacity": 0.05, "stroke-dasharray": "1,6"}}, {"type": "Feature", "geometry": {"type": "Polygon", "coordinates": [[[-122.74136822742543, 43.57964940368396], [-122.74630847517459, 43.579621184209785], [-122.7512486999236, 43.579592940735616], [-122.75165796961986, 43.583095552918984], [-122.75206726331632, 43.58659814010232], [-122.75253308910901, 43.59058373531089], [-122.75299893690189, 43.59456935451932], [-122.74784513712035, 43.59459813201422], [-122.7426913363387, 43.59462693450916], [-122.74264896124112, 43.59412378748125], [-122.7423620206107, 43.590884460302945], [-122.74232702552997, 43.5904682522798], [-122.74217702520095, 43.58877742118678], [-122.74203184288253, 43.58714089309666], [-122.7420050198206, 43.58682140307888], [-122.74170061715412, 43.58339602089031], [-122.74168194411092, 43.58317317887795], [-122.74136822742543, 43.57964940368396]]]}, "properties": {"title": "CHRISTO COUNTESSA", "description": "placer | serial ORMC146334 | 100.0 ac | Active | qtr-sec OR 33 0230S 0010W 012 A NE|OR 33 0230S 0010W 012 A SE | recorded~2021 (DB date, not legal located date) | src: BLM MLRS Not Closed | boundary approx (BLM quarter-section) | do not dig here (active claim)", "stroke": "#ff3300", "stroke-width": 2, "fill": "#ff3300", "fill-opacity": 0.05, "stroke-dasharray": "1,6"}}, {"type": "Feature", "geometry": {"type": "Polygon", "coordinates": [[[-122.7462969248478, 43.57229584274525], [-122.741359821174, 43.5727375922453], [-122.7413640330971, 43.57230905321766], [-122.74139141555212, 43.56927151202183], [-122.74139732944349, 43.568665616982756], [-122.74135015691937, 43.565805990805394], [-122.74628567860888, 43.5654524373112], [-122.75123322630166, 43.56510756181647], [-122.75122757990978, 43.56847634803117], [-122.7512340065215, 43.57185411624526], [-122.7462969248478, 43.57229584274525]]]}, "properties": {"title": "WILD ROSE", "description": "placer | serial ORMC149056 | 20.0 ac | Active | qtr-sec OR 33 0230S 0010W 013 A SE | recorded~2021 (DB date, not legal located date) | src: BLM MLRS Not Closed | boundary approx (BLM quarter-section) | do not dig here (active claim)", "stroke": "#ff3300", "stroke-width": 2, "fill": "#ff3300", "fill-opacity": 0.05, "stroke-dasharray": "1,6"}}, {"type": "Feature", "geometry": {"type": "Polygon", "coordinates": [[[-122.7462969248478, 43.57229584274525], [-122.741359821174, 43.5727375922453], [-122.7413640330971, 43.57230905321766], [-122.74139141555212, 43.56927151202183], [-122.74139732944349, 43.568665616982756], [-122.74135015691937, 43.565805990805394], [-122.74628567860888, 43.5654524373112], [-122.75123322630166, 43.56510756181647], [-122.75122757990978, 43.56847634803117], [-122.7512340065215, 43.57185411624526], [-122.7462969248478, 43.57229584274525]]]}, "properties": {"title": "BUTTER CUP", "description": "placer | serial ORMC149057 | 20.0 ac | Active | qtr-sec OR 33 0230S 0010W 013 A SE | recorded~2021 (DB date, not legal located date) | src: BLM MLRS Not Closed | boundary approx (BLM quarter-section) | do not dig here (active claim)", "stroke": "#ff3300", "stroke-width": 2, "fill": "#ff3300", "fill-opacity": 0.05, "stroke-dasharray": "1,6"}}, {"type": "Feature", "geometry": {"type": "Polygon", "coordinates": [[[-122.65206759167313, 43.64532449041029], [-122.64707650690349, 43.6452981248868], [-122.64707900425259, 43.64171288565808], [-122.6470814996019, 43.63812764442935], [-122.65206893736975, 43.638147332952904], [-122.65705637613745, 43.63816702247646], [-122.66204382790501, 43.638186698], [-122.66703128167244, 43.63820637352348], [-122.66703606632669, 43.641804546752105], [-122.66704085098112, 43.645402717980666], [-122.66204976321194, 43.645376787457245], [-122.65705867944266, 43.64535085693375], [-122.65206759167313, 43.64532449041029]]]}, "properties": {"title": "GOLDEN CAT", "description": "placer | serial ORMC152300 | 40.0 ac | Active | qtr-sec OR 33 0220S 0010E 023 A SW|OR 33 0220S 0010E 023 A SE | recorded~2021 (DB date, not legal located date) | src: BLM MLRS Not Closed | boundary approx (BLM quarter-section) | do not dig here (active claim)", "stroke": "#ff3300", "stroke-width": 2, "fill": "#ff3300", "fill-opacity": 0.05, "stroke-dasharray": "1,6"}}, {"type": "Feature", "geometry": {"type": "Polygon", "coordinates": [[[-122.71241635930768, 43.57580653520725], [-122.71244406662406, 43.583060749666544], [-122.70252673310374, 43.58303707061325], [-122.70249263778634, 43.575782322154296], [-122.71241635930768, 43.57580653520725]]]}, "properties": {"title": "RETIREMENT PLAN", "description": "placer | serial ORMC154017 | 20.0 ac | Active | qtr-sec OR 33 0230S 0010E 017 A NE | recorded~2021 (DB date, not legal located date) | src: BLM MLRS Not Closed | boundary approx (BLM quarter-section) | do not dig here (active claim)", "stroke": "#ff3300", "stroke-width": 2, "fill": "#ff3300", "fill-opacity": 0.05, "stroke-dasharray": "1,6"}}, {"type": "Feature", "geometry": {"type": "Polygon", "coordinates": [[[-122.74630847517459, 43.579621184209785], [-122.74136822742543, 43.57964940368396], [-122.74136664340756, 43.57955180067794], [-122.74130801679107, 43.57619340547], [-122.74130405874698, 43.57595310045513], [-122.741359821174, 43.5727375922453], [-122.7462969248478, 43.57229584274525], [-122.7512340065215, 43.57185411624526], [-122.75124135222245, 43.57572352749045], [-122.7512486999236, 43.579592940735616], [-122.74630847517459, 43.579621184209785]]]}, "properties": {"title": "EAGLE I", "description": "placer | serial ORMC155482 | 20.0 ac | Active | qtr-sec OR 33 0230S 0010W 013 A NE | recorded~2021 (DB date, not legal located date) | src: BLM MLRS Not Closed | boundary approx (BLM quarter-section) | do not dig here (active claim)", "stroke": "#ff3300", "stroke-width": 2, "fill": "#ff3300", "fill-opacity": 0.05, "stroke-dasharray": "1,6"}}, {"type": "Feature", "geometry": {"type": "Polygon", "coordinates": [[[-122.74643224440709, 43.5586777638663], [-122.75141680911524, 43.55838659537154], [-122.75132501770841, 43.56174707859402], [-122.75123322630166, 43.56510756181647], [-122.74628567860888, 43.5654524373112], [-122.74135015691937, 43.565805990805394], [-122.74136251978157, 43.56503331975501], [-122.74140252031015, 43.56239064458312], [-122.74141828213361, 43.56140041551859], [-122.74145518570118, 43.55897571736075], [-122.74643224440709, 43.5586777638663]]]}, "properties": {"title": "KIT KAT B", "description": "placer | serial ORMC156231 | 18.6 ac | Active | qtr-sec OR 33 0230S 0010W 024 A NE | recorded~2021 (DB date, not legal located date) | src: BLM MLRS Not Closed | boundary approx (BLM quarter-section) | do not dig here (active claim)", "stroke": "#ff3300", "stroke-width": 2, "fill": "#ff3300", "fill-opacity": 0.05, "stroke-dasharray": "1,6"}}, {"type": "Feature", "geometry": {"type": "Polygon", "coordinates": [[[-122.78294934326767, 43.637538296373556], [-122.78298374162388, 43.633966465144375], [-122.78300926098444, 43.630424985917934], [-122.78800919273768, 43.630373956435534], [-122.79300791549073, 43.63032317795329], [-122.7930792761354, 43.63381216016703], [-122.79315063678028, 43.6373011413807], [-122.78805610202534, 43.637421894876724], [-122.78294934326767, 43.637538296373556]]]}, "properties": {"title": "LAST ONE IV 1", "description": "placer | serial ORMC157613 | 20.0 ac | Active | qtr-sec OR 33 0220S 0010W 027 A NE | recorded~2021 (DB date, not legal located date) | src: BLM MLRS Not Closed | boundary approx (BLM quarter-section) | do not dig here (active claim)", "stroke": "#ff3300", "stroke-width": 2, "fill": "#ff3300", "fill-opacity": 0.05, "stroke-dasharray": "1,6"}}, {"type": "Feature", "geometry": {"type": "Polygon", "coordinates": [[[-122.72234008082842, 43.57583074826021], [-122.73194304834087, 43.576082257358216], [-122.73203100864924, 43.58324022480511], [-122.72236139914388, 43.58308442871983], [-122.72234008082842, 43.57583074826021]]]}, "properties": {"title": "TOMS HONOR", "description": "placer | serial ORMC158573 | 40.0 ac | Active | qtr-sec OR 33 0230S 0010E 018 A NE | recorded~2021 (DB date, not legal located date) | src: BLM MLRS Not Closed | boundary approx (BLM quarter-section) | do not dig here (active claim)", "stroke": "#ff3300", "stroke-width": 2, "fill": "#ff3300", "fill-opacity": 0.05, "stroke-dasharray": "1,6"}}, {"type": "Feature", "geometry": {"type": "Polygon", "coordinates": [[[-122.71244406662406, 43.583060749666544], [-122.71247501194338, 43.59032445112596], [-122.70256730042654, 43.59031225707276], [-122.70252673310374, 43.58303707061325], [-122.71244406662406, 43.583060749666544]]]}, "properties": {"title": "END OF THE TRAIL", "description": "placer | serial ORMC159291 | 40.0 ac | Active | qtr-sec OR 33 0230S 0010E 008 A SE | recorded~2021 (DB date, not legal located date) | src: BLM MLRS Not Closed | boundary approx (BLM quarter-section) | do not dig here (active claim)", "stroke": "#ff3300", "stroke-width": 2, "fill": "#ff3300", "fill-opacity": 0.05, "stroke-dasharray": "1,6"}}, {"type": "Feature", "geometry": {"type": "Polygon", "coordinates": [[[-122.73203100864924, 43.58324022480511], [-122.74170061715412, 43.58339602089031], [-122.7423258855493, 43.59057578528676], [-122.73235430400476, 43.590456216233], [-122.73203100864924, 43.58324022480511]]]}, "properties": {"title": "BUD PLACER I", "description": "placer | serial ORMC160286 | 37.33 ac | Active | qtr-sec OR 33 0230S 0010E 007 A SW | recorded~2021 (DB date, not legal located date) | src: BLM MLRS Not Closed | boundary approx (BLM quarter-section) | do not dig here (active claim)", "stroke": "#ff3300", "stroke-width": 2, "fill": "#ff3300", "fill-opacity": 0.05, "stroke-dasharray": "1,6"}}, {"type": "Feature", "geometry": {"type": "Polygon", "coordinates": [[[-122.70249263778634, 43.575782322154296], [-122.71241635930768, 43.57580653520725], [-122.71244406662406, 43.583060749666544], [-122.70252673310374, 43.58303707061325], [-122.69253041757204, 43.58302005156782], [-122.69250146125634, 43.57577004310842], [-122.70249263778634, 43.575782322154296]]]}, "properties": {"title": "SIX BITS GULCH", "description": "placer | serial ORMC161494 | 80.0 ac | Active | qtr-sec OR 33 0230S 0010E 016 A NW|OR 33 0230S 0010E 017 A NE | recorded~2021 (DB date, not legal located date) | src: BLM MLRS Not Closed | boundary approx (BLM quarter-section) | do not dig here (active claim)", "stroke": "#ff3300", "stroke-width": 2, "fill": "#ff3300", "fill-opacity": 0.05, "stroke-dasharray": "1,6"}}, {"type": "Feature", "geometry": {"type": "Polygon", "coordinates": [[[-122.72234008082842, 43.57583074826021], [-122.73194304834087, 43.576082257358216], [-122.73203100864924, 43.58324022480511], [-122.72236139914388, 43.58308442871983], [-122.72234008082842, 43.57583074826021]]]}, "properties": {"title": "SAILORS GULCH", "description": "placer | serial ORMC163056 | 20.0 ac | Active | qtr-sec OR 33 0230S 0010E 018 A NE | recorded~2021 (DB date, not legal located date) | src: BLM MLRS Not Closed | boundary approx (BLM quarter-section) | do not dig here (active claim)", "stroke": "#ff3300", "stroke-width": 2, "fill": "#ff3300", "fill-opacity": 0.05, "stroke-dasharray": "1,6"}}, {"type": "Feature", "geometry": {"type": "Polygon", "coordinates": [[[-122.60893912292484, 43.63356594779063], [-122.6181091413122, 43.633458700905855], [-122.61811541062832, 43.64070343136782], [-122.60894807223889, 43.64079750025174], [-122.60893912292484, 43.63356594779063]]]}, "properties": {"title": "GOLDEN MAGGIE II", "description": "placer | serial ORMC164746 | 80.0 ac | Active | qtr-sec OR 33 0220S 0020E 030 A NE | recorded~2021 (DB date, not legal located date) | src: BLM MLRS Not Closed | boundary approx (BLM quarter-section) | do not dig here (active claim)", "stroke": "#ff3300", "stroke-width": 2, "fill": "#ff3300", "fill-opacity": 0.05, "stroke-dasharray": "1,6"}}, {"type": "Feature", "geometry": {"type": "Polygon", "coordinates": [[[-122.63220438208803, 43.609273824012185], [-122.63278840417765, 43.60927393395631], [-122.63717229885059, 43.609279233537265], [-122.63718355250633, 43.61288845176667], [-122.63221052274308, 43.61288317724215], [-122.63220438208803, 43.609273824012185]]]}, "properties": {"title": "HOPEFUL", "description": "placer | serial ORMC165929 | 40.0 ac | Active | qtr-sec OR 33 0220S 0010E 036 A SWSE | recorded~2021 (DB date, not legal located date) | src: BLM MLRS Not Closed | boundary approx (BLM quarter-section) | do not dig here (active claim)", "stroke": "#ff3300", "stroke-width": 2, "fill": "#ff3300", "fill-opacity": 0.05, "stroke-dasharray": "1,6"}}, {"type": "Feature", "geometry": {"type": "Polygon", "coordinates": [[[-122.80842031101429, 43.65328274592569], [-122.80828112865116, 43.65689926816718], [-122.80815436428982, 43.66051384740739], [-122.80299791143673, 43.66014557387889], [-122.79807885962276, 43.65979405132868], [-122.7931598638087, 43.659442278778464], [-122.79316585117276, 43.655943146556936], [-122.79317183853696, 43.65244398633541], [-122.79824139336073, 43.652723007866726], [-122.80331094718437, 43.65300200239809], [-122.80842031101429, 43.65328274592569]]]}, "properties": {"title": "QTJD 81", "description": "placer | serial ORMC166303 | 40.0 ac | Active | qtr-sec OR 33 0220S 0010W 015 A SW | recorded~2021 (DB date, not legal located date) | src: BLM MLRS Not Closed | boundary approx (BLM quarter-section) | do not dig here (active claim)", "stroke": "#ff3300", "stroke-width": 2, "fill": "#ff3300", "fill-opacity": 0.05, "stroke-dasharray": "1,6"}}, {"type": "Feature", "geometry": {"type": "Polygon", "coordinates": [[[-122.6421404676129, 43.60928464306236], [-122.64271326770074, 43.609284726007544], [-122.64710857937517, 43.60929005158738], [-122.64710831902907, 43.61289854381772], [-122.64710806068317, 43.616507033048], [-122.64215143392275, 43.61650235052203], [-122.63719480716226, 43.616497666996025], [-122.63718355250633, 43.61288845176667], [-122.63717229885059, 43.609279233537265], [-122.63775059993918, 43.609279315481984], [-122.6421404676129, 43.60928464306236]]]}, "properties": {"title": "TOO EASY", "description": "placer | serial ORMC167097 | 40.0 ac | Active | qtr-sec OR 33 0220S 0010E 036 A SW | recorded~2021 (DB date, not legal located date) | src: BLM MLRS Not Closed | boundary approx (BLM quarter-section) | do not dig here (active claim)", "stroke": "#ff3300", "stroke-width": 2, "fill": "#ff3300", "fill-opacity": 0.05, "stroke-dasharray": "1,6"}}, {"type": "Feature", "geometry": {"type": "Polygon", "coordinates": [[[-122.59823050035743, 43.55662271288752], [-122.59823811366444, 43.56385693735094], [-122.58832298614, 43.563840160296415], [-122.58832176783314, 43.556601067831814], [-122.59823050035743, 43.55662271288752]]]}, "properties": {"title": "BACK FORTY", "description": "placer | serial ORMC168989 | 35.0 ac | Active | qtr-sec OR 33 0230S 0020E 020 A SE | recorded~2021 (DB date, not legal located date) | src: BLM MLRS Not Closed | boundary approx (BLM quarter-section) | do not dig here (active claim)", "stroke": "#ff3300", "stroke-width": 2, "fill": "#ff3300", "fill-opacity": 0.05, "stroke-dasharray": "1,6"}}, {"type": "Feature", "geometry": {"type": "Polygon", "coordinates": [[[-122.60824562195303, 43.52366629281629], [-122.60826921530715, 43.520058555582295], [-122.60831701399519, 43.51272718910665], [-122.61337663277357, 43.51274228562548], [-122.61832466153456, 43.51275678815488], [-122.62299173125221, 43.512770324711006], [-122.62307395491014, 43.51635671893342], [-122.62310792018185, 43.51783743902526], [-122.62309931557236, 43.52001423916579], [-122.62309388682169, 43.521403879255516], [-122.62308504122272, 43.52363894239982], [-122.62307922449041, 43.52513033149611], [-122.62307841395393, 43.52770479466136], [-122.61826612121467, 43.527695360119644], [-122.61810536719007, 43.52769536613496], [-122.61321164643815, 43.52768589860099], [-122.60821954867103, 43.52767597907633], [-122.60824562195303, 43.52366629281629]]]}, "properties": {"title": "DAY DREAMER", "description": "placer | serial ORMC169498 | 0.0 ac | Active | qtr-sec OR 33 0240S 0020E 006 L 1 | recorded~2021 (DB date, not legal located date) | src: BLM MLRS Not Closed | boundary approx (BLM quarter-section) | do not dig here (active claim)", "stroke": "#ff3300", "stroke-width": 2, "fill": "#ff3300", "fill-opacity": 0.05, "stroke-dasharray": "1,6"}}, {"type": "Feature", "geometry": {"type": "Polygon", "coordinates": [[[-122.59830246980178, 43.52018630654048], [-122.60826828133271, 43.52020158459159], [-122.60821954867103, 43.52767597907633], [-122.59827589614243, 43.527655462023084], [-122.59830246980178, 43.52018630654048]]]}, "properties": {"title": "PAIR A DICE", "description": "placer | serial ORMC169499 | 20.0 ac | Active | qtr-sec OR 33 0240S 0020E 005 A NW | recorded~2021 (DB date, not legal located date) | src: BLM MLRS Not Closed | boundary approx (BLM quarter-section) | do not dig here (active claim)", "stroke": "#ff3300", "stroke-width": 2, "fill": "#ff3300", "fill-opacity": 0.05, "stroke-dasharray": "1,6"}}, {"type": "Feature", "geometry": {"type": "Polygon", "coordinates": [[[-122.60818730397116, 43.53492084254457], [-122.61561944111277, 43.534932492836504], [-122.61558990041362, 43.542174599303955], [-122.60815505927204, 43.54216570501268], [-122.60818730397116, 43.53492084254457]]]}, "properties": {"title": "FINDERS KEEPERS 1", "description": "placer | serial ORMC169699 | 20.0 ac | Active | qtr-sec OR 33 0230S 0020E 031 A NE | recorded~2021 (DB date, not legal located date) | src: BLM MLRS Not Closed | boundary approx (BLM quarter-section) | do not dig here (active claim)", "stroke": "#ff3300", "stroke-width": 2, "fill": "#ff3300", "fill-opacity": 0.05, "stroke-dasharray": "1,6"}}, {"type": "Feature", "geometry": {"type": "Polygon", "coordinates": [[[-122.60818730397116, 43.53492084254457], [-122.61561944111277, 43.534932492836504], [-122.61558990041362, 43.542174599303955], [-122.60815505927204, 43.54216570501268], [-122.60818730397116, 43.53492084254457]]]}, "properties": {"title": "FINDERS KEEPERS 2", "description": "placer | serial ORMC169700 | 20.0 ac | Active | qtr-sec OR 33 0230S 0020E 031 A NE | recorded~2021 (DB date, not legal located date) | src: BLM MLRS Not Closed | boundary approx (BLM quarter-section) | do not dig here (active claim)", "stroke": "#ff3300", "stroke-width": 2, "fill": "#ff3300", "fill-opacity": 0.05, "stroke-dasharray": "1,6"}}, {"type": "Feature", "geometry": {"type": "Polygon", "coordinates": [[[-122.61561944111277, 43.534932492836504], [-122.62305157825406, 43.534944144128396], [-122.62302474155484, 43.54218349259523], [-122.62299824285837, 43.54943371906257], [-122.61557368771733, 43.54941762277007], [-122.61558990041362, 43.542174599303955], [-122.61561944111277, 43.534932492836504]]]}, "properties": {"title": "FINDERS KEEPERS 3", "description": "placer | serial ORMC169701 | 20.0 ac | Active | qtr-sec OR 33 0230S 0020E 030 A SW|OR 33 0230S 0020E 031 A NW | recorded~2021 (DB date, not legal located date) | src: BLM MLRS Not Closed | boundary approx (BLM quarter-section) | do not dig here (active claim)", "stroke": "#ff3300", "stroke-width": 2, "fill": "#ff3300", "fill-opacity": 0.05, "stroke-dasharray": "1,6"}}, {"type": "Feature", "geometry": {"type": "Polygon", "coordinates": [[[-122.60821954867103, 43.52767597907633], [-122.61564898181263, 43.52769038736889], [-122.61561944111277, 43.534932492836504], [-122.60818730397116, 43.53492084254457], [-122.60821954867103, 43.52767597907633]]]}, "properties": {"title": "RADIO FLYER 1", "description": "placer | serial ORMC169702 | 20.0 ac | Active | qtr-sec OR 33 0230S 0020E 031 A SE | recorded~2021 (DB date, not legal located date) | src: BLM MLRS Not Closed | boundary approx (BLM quarter-section) | do not dig here (active claim)", "stroke": "#ff3300", "stroke-width": 2, "fill": "#ff3300", "fill-opacity": 0.05, "stroke-dasharray": "1,6"}}, {"type": "Feature", "geometry": {"type": "Polygon", "coordinates": [[[-122.60821954867103, 43.52767597907633], [-122.61564898181263, 43.52769038736889], [-122.61561944111277, 43.534932492836504], [-122.60818730397116, 43.53492084254457], [-122.60821954867103, 43.52767597907633]]]}, "properties": {"title": "RADIO FLYER 2", "description": "placer | serial ORMC169703 | 20.0 ac | Active | qtr-sec OR 33 0230S 0020E 031 A SE | recorded~2021 (DB date, not legal located date) | src: BLM MLRS Not Closed | boundary approx (BLM quarter-section) | do not dig here (active claim)", "stroke": "#ff3300", "stroke-width": 2, "fill": "#ff3300", "fill-opacity": 0.05, "stroke-dasharray": "1,6"}}, {"type": "Feature", "geometry": {"type": "Polygon", "coordinates": [[[-122.61558990041362, 43.542174599303955], [-122.62302474155484, 43.54218349259523], [-122.62299824285837, 43.54943371906257], [-122.61557368771733, 43.54941762277007], [-122.61558990041362, 43.542174599303955]]]}, "properties": {"title": "FRANKLIN MINT", "description": "placer | serial ORMC169864 | 19.4 ac | Active | qtr-sec OR 33 0230S 0020E 030 A SW | recorded~2021 (DB date, not legal located date) | src: BLM MLRS Not Closed | boundary approx (BLM quarter-section) | do not dig here (active claim)", "stroke": "#ff3300", "stroke-width": 2, "fill": "#ff3300", "fill-opacity": 0.05, "stroke-dasharray": "1,6"}}, {"type": "Feature", "geometry": {"type": "Polygon", "coordinates": [[[-122.61557368771733, 43.54941762277007], [-122.62299824285837, 43.54943371906257], [-122.62297174416257, 43.556683944529766], [-122.61555747502173, 43.55666064823606], [-122.61557368771733, 43.54941762277007]]]}, "properties": {"title": "DELIVERANCE", "description": "placer | serial ORMC171003 | 19.53 ac | Active | qtr-sec OR 33 0230S 0020E 030 A NW | recorded~2021 (DB date, not legal located date) | src: BLM MLRS Not Closed | boundary approx (BLM quarter-section) | do not dig here (active claim)", "stroke": "#ff3300", "stroke-width": 2, "fill": "#ff3300", "fill-opacity": 0.05, "stroke-dasharray": "1,6"}}, {"type": "Feature", "geometry": {"type": "Polygon", "coordinates": [[[-122.64271995163577, 43.6034007476312], [-122.64271326770074, 43.609284726007544], [-122.63291977743481, 43.61058202602728], [-122.62312628616837, 43.61187932504714], [-122.62307938786859, 43.60474445359556], [-122.63289966925244, 43.604072600613364], [-122.64271995163577, 43.6034007476312]]]}, "properties": {"title": "BROKEN FINGER", "description": "placer | serial ORMC171182 | 19.08 ac | Active | qtr-sec OR 33 0230S 0010E 001 A NW|OR 33 0230S 0010E 001 A NE | recorded~2021 (DB date, not legal located date) | src: BLM MLRS Not Closed | boundary approx (BLM quarter-section) | do not dig here (active claim)", "stroke": "#ff3300", "stroke-width": 2, "fill": "#ff3300", "fill-opacity": 0.05, "stroke-dasharray": "1,6"}}, {"type": "Feature", "geometry": {"type": "Polygon", "coordinates": [[[-122.63287956207064, 43.5975631751993], [-122.64272663457136, 43.59751676825478], [-122.64271995163577, 43.6034007476312], [-122.63289966925244, 43.604072600613364], [-122.63287956207064, 43.5975631751993]]]}, "properties": {"title": "GOLDIGGERS", "description": "placer | serial ORMC171183 | 20.0 ac | Active | qtr-sec OR 33 0230S 0010E 001 A SW | recorded~2021 (DB date, not legal located date) | src: BLM MLRS Not Closed | boundary approx (BLM quarter-section) | do not dig here (active claim)", "stroke": "#ff3300", "stroke-width": 2, "fill": "#ff3300", "fill-opacity": 0.05, "stroke-dasharray": "1,6"}}, {"type": "Feature", "geometry": {"type": "Polygon", "coordinates": [[[-122.72719464367292, 43.54872651507027], [-122.72961421804366, 43.54873328983967], [-122.73203379141437, 43.54874006360902], [-122.73200289473434, 43.550538603726565], [-122.72958991236473, 43.55053259895657], [-122.72956560668588, 43.552331909073565], [-122.72715921431741, 43.55232667530303], [-122.72717692899514, 43.55052659518666], [-122.72719464367292, 43.54872651507027]]]}, "properties": {"title": "TEDDY BEAR", "description": "placer | serial ORMC171890 | 0.0 ac | Active | qtr-sec OR 33 0230S 0010E 030 A NESWNE | OR 33 0230S 0010E 030 A SENWNE | OR 33 0230S 0010E 030 A NWSWNE | recorded~2021 (DB date, not legal located date) | src: BLM MLRS Not Closed | boundary approx (BLM quarter-section) | do not dig here (active claim)", "stroke": "#ff3300", "stroke-width": 2, "fill": "#ff3300", "fill-opacity": 0.05, "stroke-dasharray": "1,6"}}, {"type": "Feature", "geometry": {"type": "Polygon", "coordinates": [[[-122.843224663029, 43.69559914224843], [-122.83828494630401, 43.69574865573256], [-122.83820103367101, 43.692350553527], [-122.83815245130454, 43.69038318340799], [-122.83811700803723, 43.68894789632116], [-122.84301994677502, 43.68889924584704], [-122.84792288551262, 43.68885040137289], [-122.84802557713131, 43.692154889570645], [-122.84816435375382, 43.69544962976431], [-122.843224663029, 43.69559914224843]]]}, "properties": {"title": "GYPSY LADY", "description": "placer | serial ORMC172299 | 18.42 ac | Active | qtr-sec OR 33 0220S 0010W 005 A NW | recorded~2021 (DB date, not legal located date) | src: BLM MLRS Not Closed | boundary approx (BLM quarter-section) | do not dig here (active claim)", "stroke": "#ff3300", "stroke-width": 2, "fill": "#ff3300", "fill-opacity": 0.05, "stroke-dasharray": "1,6"}}, {"type": "Feature", "geometry": {"type": "Polygon", "coordinates": [[[-122.72240822387782, 43.5317406224443], [-122.73221118636812, 43.531703740506465], [-122.73218845581336, 43.539736796020655], [-122.72237816230941, 43.53970486595511], [-122.72240822387782, 43.5317406224443]]]}, "properties": {"title": "LINNY BELL 2", "description": "placer | serial ORMC172371 | 20.0 ac | Active | qtr-sec OR 33 0230S 0010E 031 A NE | recorded~2021 (DB date, not legal located date) | src: BLM MLRS Not Closed | boundary approx (BLM quarter-section) | do not dig here (active claim)", "stroke": "#ff3300", "stroke-width": 2, "fill": "#ff3300", "fill-opacity": 0.05, "stroke-dasharray": "1,6"}}, {"type": "Feature", "geometry": {"type": "Polygon", "coordinates": [[[-122.66703606632669, 43.641804546752105], [-122.66704085098112, 43.645402717980666], [-122.66204976321194, 43.645376787457245], [-122.65705867944266, 43.64535085693375], [-122.65705752778996, 43.64175894070512], [-122.65705637613745, 43.63816702247646], [-122.66204382790501, 43.638186698], [-122.66703128167244, 43.63820637352348], [-122.66703606632669, 43.641804546752105]]]}, "properties": {"title": "GOLDEN BRICE", "description": "placer | serial ORMC172405 | 40.0 ac | Active | qtr-sec OR 33 0220S 0010E 023 A SW | recorded~2021 (DB date, not legal located date) | src: BLM MLRS Not Closed | boundary approx (BLM quarter-section) | do not dig here (active claim)", "stroke": "#ff3300", "stroke-width": 2, "fill": "#ff3300", "fill-opacity": 0.05, "stroke-dasharray": "1,6"}}, {"type": "Feature", "geometry": {"type": "Polygon", "coordinates": [[[-122.66703606632669, 43.641804546752105], [-122.66704085098112, 43.645402717980666], [-122.66204976321194, 43.645376787457245], [-122.65705867944266, 43.64535085693375], [-122.65705752778996, 43.64175894070512], [-122.65705637613745, 43.63816702247646], [-122.66204382790501, 43.638186698], [-122.66703128167244, 43.63820637352348], [-122.66703606632669, 43.641804546752105]]]}, "properties": {"title": "GOLDEN DOG GOLD", "description": "placer | serial ORMC172406 | 20.0 ac | Active | qtr-sec OR 33 0220S 0010E 023 A SW | recorded~2021 (DB date, not legal located date) | src: BLM MLRS Not Closed | boundary approx (BLM quarter-section) | do not dig here (active claim)", "stroke": "#ff3300", "stroke-width": 2, "fill": "#ff3300", "fill-opacity": 0.05, "stroke-dasharray": "1,6"}}, {"type": "Feature", "geometry": {"type": "Polygon", "coordinates": [[[-122.78294934326767, 43.637538296373556], [-122.78298374162388, 43.633966465144375], [-122.78300926098444, 43.630424985917934], [-122.78800919273768, 43.630373956435534], [-122.79300791549073, 43.63032317795329], [-122.7930792761354, 43.63381216016703], [-122.79315063678028, 43.6373011413807], [-122.78805610202534, 43.637421894876724], [-122.78294934326767, 43.637538296373556]]]}, "properties": {"title": "HOPE", "description": "placer | serial ORMC172614 | 20.0 ac | Active | qtr-sec OR 33 0220S 0010W 027 A NE | recorded~2021 (DB date, not legal located date) | src: BLM MLRS Not Closed | boundary approx (BLM quarter-section) | do not dig here (active claim)", "stroke": "#ff3300", "stroke-width": 2, "fill": "#ff3300", "fill-opacity": 0.05, "stroke-dasharray": "1,6"}}, {"type": "Feature", "geometry": {"type": "Polygon", "coordinates": [[[-122.73612212391266, 43.669391096879885], [-122.73609047754775, 43.672904975105354], [-122.7410308533048, 43.672916524632036], [-122.74409387977401, 43.672923450338565], [-122.74405279640983, 43.67644805456544], [-122.74401168504576, 43.679972632792406], [-122.7409456125782, 43.67997760608702], [-122.736026793826, 43.67997466455892], [-122.73117725407911, 43.67994351402246], [-122.72632771733213, 43.67991236248592], [-122.7263320376924, 43.67639741226292], [-122.72633635805282, 43.67288245903992], [-122.72634067841338, 43.66936750881683], [-122.72634499877414, 43.665852555593744], [-122.731249382526, 43.66586488512406], [-122.73615376727776, 43.66587721565434], [-122.73612212391266, 43.669391096879885]]]}, "properties": {"title": "GOLD MEADOW PLAINS", "description": "placer | serial ORMC173386 | 145.0 ac | Active | qtr-sec OR 33 0220S 0010E 007 A NE|OR 33 0220S 0010E 007 A NW|OR 33 0220S 0010E 007 A SE | recorded~2021 (DB date, not legal located date) | src: BLM MLRS Not Closed | boundary approx (BLM quarter-section) | do not dig here (active claim)", "stroke": "#ff3300", "stroke-width": 2, "fill": "#ff3300", "fill-opacity": 0.05, "stroke-dasharray": "1,6"}}, {"type": "Feature", "geometry": {"type": "Polygon", "coordinates": [[[-122.75674133241726, 43.544483753978575], [-122.75177831367068, 43.54454256745628], [-122.75186553106174, 43.5410945782285], [-122.751952725453, 43.53764658900071], [-122.7568980022076, 43.537647216528626], [-122.76184325596212, 43.53764782205649], [-122.76177380356285, 43.54103639227873], [-122.76156433013705, 43.54439519351238], [-122.75674133241726, 43.544483753978575]]]}, "properties": {"title": "SILVERADO 1", "description": "placer | serial ORMC176597 | 40.0 ac | Active | qtr-sec OR 33 0230S 0010W 025 A SW | recorded~2021 (DB date, not legal located date) | src: BLM MLRS Not Closed | boundary approx (BLM quarter-section) | do not dig here (active claim)", "stroke": "#ff3300", "stroke-width": 2, "fill": "#ff3300", "fill-opacity": 0.05, "stroke-dasharray": "1,6"}}, {"type": "Feature", "geometry": {"type": "Polygon", "coordinates": [[[-122.75674133241726, 43.544483753978575], [-122.75177831367068, 43.54454256745628], [-122.75186553106174, 43.5410945782285], [-122.751952725453, 43.53764658900071], [-122.7568980022076, 43.537647216528626], [-122.76184325596212, 43.53764782205649], [-122.76177380356285, 43.54103639227873], [-122.76156433013705, 43.54439519351238], [-122.75674133241726, 43.544483753978575]]]}, "properties": {"title": "SILVERADO 2", "description": "placer | serial ORMC176598 | 40.0 ac | Active | qtr-sec OR 33 0230S 0010W 025 A SW | recorded~2021 (DB date, not legal located date) | src: BLM MLRS Not Closed | boundary approx (BLM quarter-section) | do not dig here (active claim)", "stroke": "#ff3300", "stroke-width": 2, "fill": "#ff3300", "fill-opacity": 0.05, "stroke-dasharray": "1,6"}}, {"type": "Feature", "geometry": {"type": "Polygon", "coordinates": [[[-122.65708159876311, 43.62506471563912], [-122.65707716318093, 43.62737115078659], [-122.65707370450637, 43.629167416901375], [-122.65707024683182, 43.6309636860162], [-122.65457632844807, 43.630954239254386], [-122.65208238306424, 43.63094474349256], [-122.64709452029652, 43.63092580196895], [-122.64710103064412, 43.627324895738745], [-122.64710290945578, 43.62628548267226], [-122.64710595415079, 43.624601574564565], [-122.64704042213891, 43.62459152457024], [-122.64710059901621, 43.62386410051803], [-122.64710394201676, 43.62386456751775], [-122.64710728501736, 43.623865034517465], [-122.64756136809847, 43.62392848947809], [-122.6475779710644, 43.623726564463595], [-122.65209580876108, 43.6237513010327], [-122.65319874093117, 43.62375734992749], [-122.6570840785302, 43.623778613556915], [-122.65708159876311, 43.62506471563912]]]}, "properties": {"title": "FORTUNE COOKIE", "description": "placer | serial ORMC176605 | 10.0 ac | Active | qtr-sec OR 33 0220S 0010E 026 A SE | recorded~2021 (DB date, not legal located date) | src: BLM MLRS Not Closed | boundary approx (BLM quarter-section) | do not dig here (active claim)", "stroke": "#ff3300", "stroke-width": 2, "fill": "#ff3300", "fill-opacity": 0.05, "stroke-dasharray": "1,6"}}, {"type": "Feature", "geometry": {"type": "Polygon", "coordinates": [[[-122.67696939458806, 43.62384969765768], [-122.67697740924045, 43.627438277885425], [-122.6769854728971, 43.631049437114534], [-122.67200760513057, 43.631025038589655], [-122.66702973936394, 43.631000640064826], [-122.66702896870997, 43.6273977608354], [-122.66702819805614, 43.623794879606], [-122.67199877082014, 43.623810998131106], [-122.676969344584, 43.62382711665627], [-122.67696939458806, 43.62384969765768]]]}, "properties": {"title": "CATTY", "description": "placer | serial ORMC177196 | 20.0 ac | Active | qtr-sec OR 33 0220S 0010E 027 A SE | recorded~2021 (DB date, not legal located date) | src: BLM MLRS Not Closed | boundary approx (BLM quarter-section) | do not dig here (active claim)", "stroke": "#ff3300", "stroke-width": 2, "fill": "#ff3300", "fill-opacity": 0.05, "stroke-dasharray": "1,6"}}, {"type": "Feature", "geometry": {"type": "Polygon", "coordinates": [[[-122.7512340065215, 43.57185411624526], [-122.75124135222245, 43.57572352749045], [-122.74630270051084, 43.5759572439775], [-122.7462969248478, 43.57229584274525], [-122.7512340065215, 43.57185411624526]]]}, "properties": {"title": "CROOKED T", "description": "placer | serial ORMC178467 | 20.0 ac | Active | qtr-sec OR 33 0230S 0010W 013 A SWNE | recorded~2021 (DB date, not legal located date) | src: BLM MLRS Not Closed | boundary approx (BLM quarter-section) | do not dig here (active claim)", "stroke": "#ff3300", "stroke-width": 2, "fill": "#ff3300", "fill-opacity": 0.05, "stroke-dasharray": "1,6"}}, {"type": "Feature", "geometry": {"type": "Polygon", "coordinates": [[[-122.63286769344816, 43.58307946527439], [-122.632873627759, 43.59032075973687], [-122.64275798226443, 43.59026980178873], [-122.64272663457136, 43.59751676825478], [-122.63287956207064, 43.5975631751993], [-122.62303248956948, 43.597609582143825], [-122.62300804825583, 43.59037162168321], [-122.62295806893941, 43.583136272224976], [-122.63286769344816, 43.58307946527439]]]}, "properties": {"title": "RONDEE", "description": "placer | serial ORMC18170 | 11.0 ac | Active | qtr-sec OR 33 0230S 0010E 012 A NW|OR 33 0230S 0010E 012 A NE|OR 33 0230S 0010E 012 A SE | recorded~2021 (DB date, not legal located date) | src: BLM MLRS Not Closed | boundary approx (BLM quarter-section) | do not dig here (active claim)", "stroke": "#ff3300", "stroke-width": 2, "fill": "#ff3300", "fill-opacity": 0.05, "stroke-dasharray": "1,6"}}, {"type": "Feature", "geometry": {"type": "Polygon", "coordinates": [[[-122.73194110237431, 43.55413568296153], [-122.74154030784322, 43.554153538045746], [-122.74146586219724, 43.56171252453388], [-122.73189809570337, 43.56152998643645], [-122.73194110237431, 43.55413568296153]]]}, "properties": {"title": "CLIMAX 1", "description": "placer | serial ORMC23002 | 18.24 ac | Active | qtr-sec OR 33 0230S 0010E 019 A SW | recorded~2021 (DB date, not legal located date) | src: BLM MLRS Not Closed | boundary approx (BLM quarter-section) | do not dig here (active claim)", "stroke": "#ff3300", "stroke-width": 2, "fill": "#ff3300", "fill-opacity": 0.05, "stroke-dasharray": "1,6"}}, {"type": "Feature", "geometry": {"type": "Polygon", "coordinates": [[[-122.73194110237431, 43.55413568296153], [-122.74154030784322, 43.554153538045746], [-122.74146586219724, 43.56171252453388], [-122.73189809570337, 43.56152998643645], [-122.73194110237431, 43.55413568296153]]]}, "properties": {"title": "CLIMAX 2", "description": "placer | serial ORMC23003 | 20.0 ac | Active | qtr-sec OR 33 0230S 0010E 019 A SW | recorded~2021 (DB date, not legal located date) | src: BLM MLRS Not Closed | boundary approx (BLM quarter-section) | do not dig here (active claim)", "stroke": "#ff3300", "stroke-width": 2, "fill": "#ff3300", "fill-opacity": 0.05, "stroke-dasharray": "1,6"}}, {"type": "Feature", "geometry": {"type": "Polygon", "coordinates": [[[-122.722341896905, 43.55411782687727], [-122.73194110237431, 43.55413568296153], [-122.73189809570337, 43.56152998643645], [-122.72233032920904, 43.56134744733894], [-122.722341896905, 43.55411782687727]]]}, "properties": {"title": "CLIMAX 4", "description": "placer | serial ORMC23005 | 20.0 ac | Active | qtr-sec OR 33 0230S 0010E 019 A SE | recorded~2021 (DB date, not legal located date) | src: BLM MLRS Not Closed | boundary approx (BLM quarter-section) | do not dig here (active claim)", "stroke": "#ff3300", "stroke-width": 2, "fill": "#ff3300", "fill-opacity": 0.05, "stroke-dasharray": "1,6"}}, {"type": "Feature", "geometry": {"type": "Polygon", "coordinates": [[[-122.722341896905, 43.55411782687727], [-122.73194110237431, 43.55413568296153], [-122.73189809570337, 43.56152998643645], [-122.72233032920904, 43.56134744733894], [-122.722341896905, 43.55411782687727]]]}, "properties": {"title": "CLIMAX 5", "description": "placer | serial ORMC23006 | 20.0 ac | Active | qtr-sec OR 33 0230S 0010E 019 A SE | recorded~2021 (DB date, not legal located date) | src: BLM MLRS Not Closed | boundary approx (BLM quarter-section) | do not dig here (active claim)", "stroke": "#ff3300", "stroke-width": 2, "fill": "#ff3300", "fill-opacity": 0.05, "stroke-dasharray": "1,6"}}, {"type": "Feature", "geometry": {"type": "Polygon", "coordinates": [[[-122.722341896905, 43.55411782687727], [-122.72233032920904, 43.56134744733894], [-122.71238671768259, 43.56130787628638], [-122.7123847843739, 43.55406343382477], [-122.722341896905, 43.55411782687727]]]}, "properties": {"title": "CLIMAX 6", "description": "placer | serial ORMC23007 | 20.0 ac | Active | qtr-sec OR 33 0230S 0010E 020 A SW | recorded~2021 (DB date, not legal located date) | src: BLM MLRS Not Closed | boundary approx (BLM quarter-section) | do not dig here (active claim)", "stroke": "#ff3300", "stroke-width": 2, "fill": "#ff3300", "fill-opacity": 0.05, "stroke-dasharray": "1,6"}}, {"type": "Feature", "geometry": {"type": "Polygon", "coordinates": [[[-122.72234008082842, 43.57583074826021], [-122.72236139914388, 43.58308442871983], [-122.71244406662406, 43.583060749666544], [-122.71241635930768, 43.57580653520725], [-122.72234008082842, 43.57583074826021]]]}, "properties": {"title": "NEPTUNE BLUE I", "description": "placer | serial ORMC34471 | 15.0 ac | Active | qtr-sec OR 33 0230S 0010E 017 A NW | recorded~2021 (DB date, not legal located date) | src: BLM MLRS Not Closed | boundary approx (BLM quarter-section) | do not dig here (active claim)", "stroke": "#ff3300", "stroke-width": 2, "fill": "#ff3300", "fill-opacity": 0.05, "stroke-dasharray": "1,6"}}, {"type": "Feature", "geometry": {"type": "Polygon", "coordinates": [[[-122.84779760989292, 43.68555835617801], [-122.84792288551262, 43.68885040137289], [-122.84301994677502, 43.68889924584704], [-122.83811700803723, 43.68894789632116], [-122.83803163441256, 43.68559500111849], [-122.83794751678819, 43.6822420269157], [-122.84281314752918, 43.68224235044839], [-122.84767875027002, 43.68224264498098], [-122.84779760989292, 43.68555835617801]], [[-122.84291672815313, 43.68557678164808], [-122.84291611315307, 43.685576783648116], [-122.84301994677502, 43.68889924584704], [-122.84291672815313, 43.68557678164808]]]}, "properties": {"title": "Halfway", "description": "placer | serial OR105830811 | 18.0 ac | Active | qtr-sec OR 33 0220S 0010W 005 A SW | recorded~2023 (DB date, not legal located date) | src: BLM MLRS Not Closed | boundary approx (BLM quarter-section) | do not dig here (active claim)", "stroke": "#ff3300", "stroke-width": 2, "fill": "#ff3300", "fill-opacity": 0.05, "stroke-dasharray": "1,6"}}, {"type": "Feature", "geometry": {"type": "Polygon", "coordinates": [[[-122.57893906072178, 43.61924409574551], [-122.57897587903514, 43.62645658720386], [-122.56895168050035, 43.62648499416492], [-122.56892400719063, 43.619284013706114], [-122.57893906072178, 43.61924409574551]]]}, "properties": {"title": "Bells Gold PMC", "description": "placer | serial OR106326444 | 0.0 ac | Active | qtr-sec OR 33 0022S 0002E 033 South1/2ofthenorth1/2&thenorth1/2ofthesouth1/2oftheSWNEquarterofsection33,Township22South,Range2Eastofthewillamettemeridian | OR 33 0220S 0020E 033 | OR 33 0220S 0020E 033 A NE | recorded~2023 (DB date, not legal located date) | src: BLM MLRS Not Closed | boundary approx (BLM quarter-section) | do not dig here (active claim)", "stroke": "#ff3300", "stroke-width": 2, "fill": "#ff3300", "fill-opacity": 0.05, "stroke-dasharray": "1,6"}}, {"type": "Feature", "geometry": {"type": "Polygon", "coordinates": [[[-122.74135015691937, 43.565805990805394], [-122.74628567860888, 43.5654524373112], [-122.75123322630166, 43.56510756181647], [-122.75122757990978, 43.56847634803117], [-122.7512340065215, 43.57185411624526], [-122.7462969248478, 43.57229584274525], [-122.741359821174, 43.5727375922453], [-122.7413640330971, 43.57230905321766], [-122.74139141555212, 43.56927151202183], [-122.74139732944349, 43.568665616982756], [-122.74135015691937, 43.565805990805394]]]}, "properties": {"title": "Crooked T 2", "description": "placer | serial OR106370888 | 9.29 ac | Active | qtr-sec OR 33 0230S 0010W 013 A SE | recorded~2024 (DB date, not legal located date) | src: BLM MLRS Not Closed | boundary approx (BLM quarter-section) | do not dig here (active claim)", "stroke": "#ff3300", "stroke-width": 2, "fill": "#ff3300", "fill-opacity": 0.05, "stroke-dasharray": "1,6"}}, {"type": "Feature", "geometry": {"type": "Polygon", "coordinates": [[[-122.60893912192482, 43.63356594779063], [-122.60894807223889, 43.64079750025174], [-122.59900891072158, 43.64084254620639], [-122.59898701740578, 43.633611917746315], [-122.60893912192482, 43.63356594779063]]]}, "properties": {"title": "Geisha Gal", "description": "placer | serial OR106391866 | 20.0 ac | Filed | qtr-sec OR 33 0220S 0020E 029 | OR 33 0220S 0020E 029 A NW | recorded~2024 (DB date, not legal located date) | src: BLM MLRS Not Closed | boundary approx (BLM quarter-section) | do not dig here (active claim)", "stroke": "#ff3300", "stroke-width": 2, "fill": "#ff3300", "fill-opacity": 0.05, "stroke-dasharray": "1,6"}}, {"type": "Feature", "geometry": {"type": "Polygon", "coordinates": [[[-122.66204999259794, 43.630982162540505], [-122.66702973936394, 43.631000640064826], [-122.6670305100181, 43.634603507294166], [-122.66703128167244, 43.63820637352348], [-122.66204382790501, 43.638186698], [-122.65705637613745, 43.63816702247646], [-122.65706331148454, 43.634565355246345], [-122.65707024683182, 43.6309636860162], [-122.65956011521487, 43.63097295777836], [-122.66204999259794, 43.630982162540505]]]}, "properties": {"title": "Nuthin But Nugget", "description": "placer | serial OR106391868 | 20.0 ac | Filed | qtr-sec OR 33 0220S 0010E 026 A NW | recorded~2024 (DB date, not legal located date) | src: BLM MLRS Not Closed | boundary approx (BLM quarter-section) | do not dig here (active claim)", "stroke": "#ff3300", "stroke-width": 2, "fill": "#ff3300", "fill-opacity": 0.05, "stroke-dasharray": "1,6"}}, {"type": "Feature", "geometry": {"type": "Polygon", "coordinates": [[[-122.66204999259794, 43.630982162540505], [-122.66702973936394, 43.631000640064826], [-122.6670305100181, 43.634603507294166], [-122.66703128167244, 43.63820637352348], [-122.66204382790501, 43.638186698], [-122.65705637613745, 43.63816702247646], [-122.65706331148454, 43.634565355246345], [-122.65707024683182, 43.6309636860162], [-122.65956011521487, 43.63097295777836], [-122.66204999259794, 43.630982162540505]]]}, "properties": {"title": "Ol' Number Seven", "description": "placer | serial OR106391867 | 20.0 ac | Filed | qtr-sec OR 33 0220S 0010E 026 A NW | recorded~2024 (DB date, not legal located date) | src: BLM MLRS Not Closed | boundary approx (BLM quarter-section) | do not dig here (active claim)", "stroke": "#ff3300", "stroke-width": 2, "fill": "#ff3300", "fill-opacity": 0.05, "stroke-dasharray": "1,6"}}, {"type": "Feature", "geometry": {"type": "Polygon", "coordinates": [[[-122.6570840785302, 43.623778613556915], [-122.65319874093117, 43.62375734992749], [-122.65209580876108, 43.6237513010327], [-122.6475779710644, 43.623726564463595], [-122.64710754099183, 43.62372398750845], [-122.64710765071334, 43.622188330410516], [-122.64710780033737, 43.620115511278236], [-122.64710806068317, 43.616507033048], [-122.65208549244808, 43.616519941572506], [-122.65706292621293, 43.61653284809697], [-122.65707350187145, 43.620155732326936], [-122.6570829574604, 43.623394812532545], [-122.6570840785302, 43.623778613556915]]]}, "properties": {"title": "Geisha Girl", "description": "placer | serial OR106391869 | 20.0 ac | Filed | qtr-sec OR 33 0220S 0010E 035 A NE | OR 33 0220S 0010E 035 A NE | OR 33 0220S 0010E 035 A NE | OR 33 0220S 0010E 035 A NE | recorded~2024 (DB date, not legal located date) | src: BLM MLRS Not Closed | boundary approx (BLM quarter-section) | do not dig here (active claim)", "stroke": "#ff3300", "stroke-width": 2, "fill": "#ff3300", "fill-opacity": 0.05, "stroke-dasharray": "1,6"}}, {"type": "Feature", "geometry": {"type": "Polygon", "coordinates": [[[-122.645250510807, 43.61875998236954], [-122.64463138071203, 43.61875919942872], [-122.6446310546302, 43.61830829839996], [-122.64401183553518, 43.6183075544592], [-122.64401141845335, 43.61785669243049], [-122.64401100237156, 43.61740583040173], [-122.6433916032765, 43.61740516646099], [-122.6433910971947, 43.61695434343227], [-122.64277160809964, 43.61695371849147], [-122.6427710120178, 43.61650293546279], [-122.64339059011286, 43.61650352140354], [-122.64401016920793, 43.61650410634429], [-122.64401058528975, 43.61695496837301], [-122.64463007438482, 43.616955593313754], [-122.64463040046658, 43.61740649534251], [-122.64524979956163, 43.6174071592833], [-122.6452500366434, 43.61785810031205], [-122.64586934573843, 43.617858804252826], [-122.64586949282024, 43.618309785281554], [-122.64586963990203, 43.618760766310345], [-122.645250510807, 43.61875998236954]]]}, "properties": {"title": "Golden Lotus", "description": "placer | serial OR106391870 | 360.0 ac | Active | qtr-sec OR 33 0220S 0010E 036 A SWNWNWSWNW | OR 33 0220S 0010E 036 A N2NESWSWNW | OR 33 0220S 0010E 036 A N2SWSESWNW | OR 33 0220S 0010E 036 A SWSESESWNW | OR 33 0220S 0010E 036 A S2SENWSWNW | OR 33 0220S 0010E 036 A W2NWSESWNW | OR 33 0220S 0010E 036 A SENESWSWNW | OR 33 0220S 0010E 036 A SWNWSWNW | OR 33 0220S 0010E 036 A SESWSESWNW | recorded~2024 (DB date, not legal located date) | src: BLM MLRS Not Closed | boundary approx (BLM quarter-section) | do not dig here (active claim)", "stroke": "#ff3300", "stroke-width": 2, "fill": "#ff3300", "fill-opacity": 0.05, "stroke-dasharray": "1,6"}}, {"type": "Feature", "geometry": {"type": "Polygon", "coordinates": [[[-122.63286172213841, 43.57584041281187], [-122.63286769344816, 43.58307946527439], [-122.62295806893941, 43.583136272224976], [-122.6229432626275, 43.57589229176273], [-122.63286172213841, 43.57584041281187]]]}, "properties": {"title": "EVENING STAR 900", "description": "tunnel site | serial ORMC154942 | 206.61 ac | Active | qtr-sec OR 33 0230S 0010E 013 A NE | recorded~2021 (DB date, not legal located date) | src: BLM MLRS Not Closed | boundary approx (BLM quarter-section) | do not dig here (active claim)", "stroke": "#ff3300", "stroke-width": 2, "fill": "#ff3300", "fill-opacity": 0.05, "stroke-dasharray": "1,6"}}, {"type": "Feature", "geometry": {"type": "Polygon", "coordinates": [[[-122.74170061715412, 43.58339602089031], [-122.74418983252062, 43.583320955647515], [-122.74436526588076, 43.58516308374776], [-122.74454069824097, 43.58700521084807], [-122.74203184288253, 43.58714089309666], [-122.74186622951831, 43.585268456993525], [-122.74170061715412, 43.58339602089031]]]}, "properties": {"title": "Dag Nabit", "description": "placer | serial OR106709327 | 40.0 ac | Active | qtr-sec OR 33 0230S 0010W 012 A E2NESE | recorded~2024 (DB date, not legal located date) | src: BLM MLRS Not Closed | boundary approx (BLM quarter-section) | do not dig here (active claim)", "stroke": "#ff3300", "stroke-width": 2, "fill": "#ff3300", "fill-opacity": 0.05, "stroke-dasharray": "1,6"}}, {"type": "Feature", "geometry": {"type": "Polygon", "coordinates": [[[-122.6427791226487, 43.57578853786103], [-122.64277519795593, 43.583021881323866], [-122.63286769344816, 43.58307946527439], [-122.63286172213841, 43.57584041181188], [-122.6427791226487, 43.57578853786103]]]}, "properties": {"title": "Home Run", "description": "lode | serial OR106712442 | 20.66 ac | Filed | qtr-sec OR 33 0230S 0010E 013 NW | recorded~2025 (DB date, not legal located date) | src: BLM MLRS Not Closed | boundary approx (BLM quarter-section) | do not dig here (active claim)", "stroke": "#ff3300", "stroke-width": 2, "fill": "#ff3300", "fill-opacity": 0.05, "stroke-dasharray": "1,6"}}, {"type": "Feature", "geometry": {"type": "Polygon", "coordinates": [[[-122.6427830473421, 43.56855519539803], [-122.6427791226487, 43.57578853786103], [-122.63286172213841, 43.57584041181188], [-122.63285575182948, 43.56860175334922], [-122.6427830473421, 43.56855519539803]]]}, "properties": {"title": "Musick Extension", "description": "lode | serial OR106712444 | 20.66 ac | Filed | qtr-sec OR 33 0230S 0010E 013 SW | recorded~2025 (DB date, not legal located date) | src: BLM MLRS Not Closed | boundary approx (BLM quarter-section) | do not dig here (active claim)", "stroke": "#ff3300", "stroke-width": 2, "fill": "#ff3300", "fill-opacity": 0.05, "stroke-dasharray": "1,6"}}, {"type": "Feature", "geometry": {"type": "Polygon", "coordinates": [[[-122.6427791226487, 43.57578853786103], [-122.64277519795593, 43.583021881323866], [-122.63286769344816, 43.58307946527439], [-122.63286172213841, 43.57584041181188], [-122.6427791226487, 43.57578853786103]]]}, "properties": {"title": "Specimen", "description": "lode | serial OR106712436 | 20.66 ac | Filed | qtr-sec OR 33 0230S 0010E 013 NW | recorded~2025 (DB date, not legal located date) | src: BLM MLRS Not Closed | boundary approx (BLM quarter-section) | do not dig here (active claim)", "stroke": "#ff3300", "stroke-width": 2, "fill": "#ff3300", "fill-opacity": 0.05, "stroke-dasharray": "1,6"}}, {"type": "Feature", "geometry": {"type": "Polygon", "coordinates": [[[-122.66261524767586, 43.575729407961866], [-122.66259521698065, 43.58296173842568], [-122.65268520746854, 43.58299181037482], [-122.65269743416259, 43.57575897291148], [-122.66261524767586, 43.575729407961866]]]}, "properties": {"title": "Home Run Extension", "description": "lode | serial OR106712443 | 20.66 ac | Filed | qtr-sec OR 33 0230S 0010E 014 NW | recorded~2025 (DB date, not legal located date) | src: BLM MLRS Not Closed | boundary approx (BLM quarter-section) | do not dig here (active claim)", "stroke": "#ff3300", "stroke-width": 2, "fill": "#ff3300", "fill-opacity": 0.05, "stroke-dasharray": "1,6"}}, {"type": "Feature", "geometry": {"type": "Polygon", "coordinates": [[[-122.65269743416259, 43.57575897291148], [-122.65268520746854, 43.58299181037482], [-122.64277519795593, 43.583021881323866], [-122.6427791226487, 43.57578853786103], [-122.65269743416259, 43.57575897291148]]]}, "properties": {"title": "Mystery", "description": "lode | serial OR106712445 | 20.66 ac | Filed | qtr-sec OR 33 0230S 0010E 014 NE | recorded~2025 (DB date, not legal located date) | src: BLM MLRS Not Closed | boundary approx (BLM quarter-section) | do not dig here (active claim)", "stroke": "#ff3300", "stroke-width": 2, "fill": "#ff3300", "fill-opacity": 0.05, "stroke-dasharray": "1,6"}}, {"type": "Feature", "geometry": {"type": "Polygon", "coordinates": [[[-122.6427830473421, 43.56855519539803], [-122.6427791226487, 43.57578853786103], [-122.63286172213841, 43.57584041181188], [-122.63285575182948, 43.56860175334922], [-122.6427830473421, 43.56855519539803]]]}, "properties": {"title": "Hackysack", "description": "lode | serial OR106712441 | 20.66 ac | Filed | qtr-sec OR 33 0230S 0010E 013 SW | recorded~2025 (DB date, not legal located date) | src: BLM MLRS Not Closed | boundary approx (BLM quarter-section) | do not dig here (active claim)", "stroke": "#ff3300", "stroke-width": 2, "fill": "#ff3300", "fill-opacity": 0.05, "stroke-dasharray": "1,6"}}, {"type": "Feature", "geometry": {"type": "Polygon", "coordinates": [[[-122.65269743416259, 43.57575897291148], [-122.65268520746854, 43.58299181037482], [-122.64277519795593, 43.583021881323866], [-122.6427791226487, 43.57578853786103], [-122.65269743416259, 43.57575897291148]]]}, "properties": {"title": "War Eagle", "description": "lode | serial OR106712437 | 20.66 ac | Filed | qtr-sec OR 33 0230S 0010E 014 NE | recorded~2025 (DB date, not legal located date) | src: BLM MLRS Not Closed | boundary approx (BLM quarter-section) | do not dig here (active claim)", "stroke": "#ff3300", "stroke-width": 2, "fill": "#ff3300", "fill-opacity": 0.05, "stroke-dasharray": "1,6"}}, {"type": "Feature", "geometry": {"type": "Polygon", "coordinates": [[[-122.66261524767586, 43.575729407961866], [-122.66259521698065, 43.58296173842568], [-122.65268520746854, 43.58299181037482], [-122.65269743416259, 43.57575897291148], [-122.66261524767586, 43.575729407961866]]]}, "properties": {"title": "Butte", "description": "lode | serial OR106712439 | 20.66 ac | Filed | qtr-sec OR 33 0230S 0010E 014 NW | recorded~2025 (DB date, not legal located date) | src: BLM MLRS Not Closed | boundary approx (BLM quarter-section) | do not dig here (active claim)", "stroke": "#ff3300", "stroke-width": 2, "fill": "#ff3300", "fill-opacity": 0.05, "stroke-dasharray": "1,6"}}, {"type": "Feature", "geometry": {"type": "Polygon", "coordinates": [[[-122.66261524767586, 43.575729407961866], [-122.66259521698065, 43.58296173842568], [-122.65268520746854, 43.58299181037482], [-122.65269743416259, 43.57575897291148], [-122.66261524767586, 43.575729407961866]]]}, "properties": {"title": "Yukon", "description": "lode | serial OR106712438 | 20.66 ac | Filed | qtr-sec OR 33 0230S 0010E 014 NW | recorded~2025 (DB date, not legal located date) | src: BLM MLRS Not Closed | boundary approx (BLM quarter-section) | do not dig here (active claim)", "stroke": "#ff3300", "stroke-width": 2, "fill": "#ff3300", "fill-opacity": 0.05, "stroke-dasharray": "1,6"}}, {"type": "Feature", "geometry": {"type": "Polygon", "coordinates": [[[-122.66261524767586, 43.575729407961866], [-122.66259521698065, 43.58296173842568], [-122.65268520746854, 43.58299181037482], [-122.65269743416259, 43.57575897291148], [-122.66261524767586, 43.575729407961866]]]}, "properties": {"title": "Defiance Apex", "description": "lode | serial OR106712440 | 20.66 ac | Filed | qtr-sec OR 33 0230S 0010E 014 NW | recorded~2025 (DB date, not legal located date) | src: BLM MLRS Not Closed | boundary approx (BLM quarter-section) | do not dig here (active claim)", "stroke": "#ff3300", "stroke-width": 2, "fill": "#ff3300", "fill-opacity": 0.05, "stroke-dasharray": "1,6"}}, {"type": "Feature", "geometry": {"type": "Polygon", "coordinates": [[[-122.65518635491595, 43.62199495462483], [-122.65209266736282, 43.62155809689312], [-122.65209065010454, 43.62013562180262], [-122.65707350187145, 43.620155732326936], [-122.6570829574604, 43.623394812532545], [-122.65489369906952, 43.623088802722634], [-122.65518635491595, 43.62199495462483]]]}, "properties": {"title": "EMPTY POCKETS", "description": "placer | serial OR106715274 | 40.0 ac | Active | qtr-sec OR 33 0220S 0010E 035 A NWNE | recorded~2025 (DB date, not legal located date) | src: BLM MLRS Not Closed | boundary approx (BLM quarter-section) | do not dig here (active claim)", "stroke": "#ff3300", "stroke-width": 2, "fill": "#ff3300", "fill-opacity": 0.05, "stroke-dasharray": "1,6"}}, {"type": "Feature", "geometry": {"type": "Polygon", "coordinates": [[[-122.77099500997176, 43.61290533095965], [-122.77343409133857, 43.61287638272423], [-122.77339837765356, 43.614642684839566], [-122.77336265296854, 43.61640898795486], [-122.77092493260255, 43.61644157619035], [-122.77095997128713, 43.61467345307502], [-122.77099500997176, 43.61290533095965]]]}, "properties": {"title": "Brass Nugget 2", "description": "placer | serial OR106716735 | 40.0 ac | Filed | qtr-sec OR 33 0220S 0010W 035 A W2NWSE | recorded~2025 (DB date, not legal located date) | src: BLM MLRS Not Closed | boundary approx (BLM quarter-section) | do not dig here (active claim)", "stroke": "#ff3300", "stroke-width": 2, "fill": "#ff3300", "fill-opacity": 0.05, "stroke-dasharray": "1,6"}}, {"type": "Feature", "geometry": {"type": "Polygon", "coordinates": [[[-122.67954665322799, 43.652730970248356], [-122.68079627542166, 43.65274416312939], [-122.68080146975227, 43.65455815324424], [-122.6808066630829, 43.656372143359], [-122.67955114088751, 43.65635441847826], [-122.6795488965577, 43.654542694363315], [-122.67954665322799, 43.652730970248356]]]}, "properties": {"title": "RMPA Brice", "description": "placer | serial OR106719394 | 20.0 ac | Active | qtr-sec OR 33 0220S 0010E 015 E2W2SESW | recorded~2025 (DB date, not legal located date) | src: BLM MLRS Not Closed | boundary approx (BLM quarter-section) | do not dig here (active claim)", "stroke": "#ff3300", "stroke-width": 2, "fill": "#ff3300", "fill-opacity": 0.05, "stroke-dasharray": "1,6"}}, {"type": "Feature", "geometry": {"type": "Polygon", "coordinates": [[[-122.78317395244079, 43.61627477500668], [-122.78312107106433, 43.6197556572321], [-122.77820551733406, 43.619862751709704], [-122.77329204760387, 43.619969594187154], [-122.76841266187265, 43.62004254765912], [-122.76848721223652, 43.61647416342591], [-122.77336265296854, 43.61640898795486], [-122.77458907415262, 43.616392233836365], [-122.77581548633664, 43.616375481717824], [-122.7770418755207, 43.61635872959928], [-122.77826828770472, 43.61634197848078], [-122.78317395244079, 43.61627477500668]]]}, "properties": {"title": "CandC", "description": "placer | serial OR106721464 | 40.0 ac | Under Review | qtr-sec OR 33 0220S 0010W 035 SWNE | OR 33 0220S 0010W 035 SENW | OR 33 0220S 0010W 035 SWNW | recorded~2025 (DB date, not legal located date) | src: BLM MLRS Not Closed | boundary approx (BLM quarter-section) | do not dig here (active claim)", "stroke": "#ff3300", "stroke-width": 2, "fill": "#ff3300", "fill-opacity": 0.05, "stroke-dasharray": "1,6"}}, {"type": "Feature", "geometry": {"type": "Polygon", "coordinates": [[[-122.63286022981112, 43.57403074769623], [-122.63285873648388, 43.57222108258057], [-122.63533932386176, 43.57220877834283], [-122.63781991123966, 43.57219647510506], [-122.64030049761752, 43.57218417086731], [-122.64030013494434, 43.57399283898301], [-122.64029977227118, 43.57580150709875], [-122.63782042289358, 43.575814475336436], [-122.63782016656666, 43.57400547522075], [-122.63534019818891, 43.57401811145849], [-122.63286022981112, 43.57403074769623]]]}, "properties": {"title": "Never Enough", "description": "placer | serial OR106737431 | 40.0 ac | Active | qtr-sec OR 33 0230S 0010E 013 A S2NESW | OR 33 0230S 0010E 013 A E2NWSW | recorded~2025 (DB date, not legal located date) | src: BLM MLRS Not Closed | boundary approx (BLM quarter-section) | do not dig here (active claim)", "stroke": "#ff3300", "stroke-width": 2, "fill": "#ff3300", "fill-opacity": 0.05, "stroke-dasharray": "1,6"}}, {"type": "Feature", "geometry": {"type": "Polygon", "coordinates": [[[-122.62542937171908, 43.56321918571379], [-122.62790965909673, 43.563205125476046], [-122.63038994547429, 43.56319106623833], [-122.63038460579992, 43.564998508354535], [-122.63037926712558, 43.5668059504708], [-122.62789795474751, 43.56681839670854], [-122.62541664336939, 43.566830842946324], [-122.62542300804424, 43.56502501383004], [-122.62542937171908, 43.56321918571379]]]}, "properties": {"title": "Jakey Y", "description": "placer | serial OR106728937 | 40.0 ac | Active | qtr-sec OR 33 0230S 0010E 024 A SENWNE | OR 33 0230S 0010E 024 A SWNENE | OR 33 0230S 0010E 024 A NESWNE | OR 33 0230S 0010E 024 A NWSENE | recorded~2025 (DB date, not legal located date) | src: BLM MLRS Not Closed | boundary approx (BLM quarter-section) | do not dig here (active claim)", "stroke": "#ff3300", "stroke-width": 2, "fill": "#ff3300", "fill-opacity": 0.05, "stroke-dasharray": "1,6"}}, {"type": "Feature", "geometry": {"type": "Polygon", "coordinates": [[[-122.63037926712558, 43.5668059504708], [-122.6328605785036, 43.56679350423299], [-122.63534188988157, 43.56678105899524], [-122.6353375752077, 43.568590114111394], [-122.63533844953469, 43.570399446227086], [-122.63285724415665, 43.5704114184649], [-122.6303759727786, 43.57042338970267], [-122.63037392745122, 43.568613392586975], [-122.63037926712558, 43.5668059504708]]]}, "properties": {"title": "RYEMS", "description": "placer | serial OR106728941 | 40.0 ac | Active | qtr-sec OR 33 0230S 0010E 013 A SESESW | OR 33 0230S 0010E 024 A NENENW | OR 33 0230S 0010E 013 A SWSWSE | OR 33 0230S 0010E 024 A NWNWNE | recorded~2025 (DB date, not legal located date) | src: BLM MLRS Not Closed | boundary approx (BLM quarter-section) | do not dig here (active claim)", "stroke": "#ff3300", "stroke-width": 2, "fill": "#ff3300", "fill-opacity": 0.05, "stroke-dasharray": "1,6"}}, {"type": "Feature", "geometry": {"type": "Polygon", "coordinates": [[[-122.5982603092859, 43.57834929427809], [-122.60818112880952, 43.578358353330934], [-122.60820325511997, 43.585587569791876], [-122.59827486559831, 43.585596142741174], [-122.5982603092859, 43.57834929427809]]]}, "properties": {"title": "East Helena III", "description": "lode | serial OR106760025 | 20.66 ac | Active | qtr-sec OR 33 0230S 0020E 017 | OR 33 0230S 0020E 017 | OR 33 0230S 0020E 017 | OR 33 0230S 0020E 017 | OR 33 0230S 0020E 017 | OR 33 0230S 0020E 017 | recorded~2025 (DB date, not legal located date) | src: BLM MLRS Not Closed | boundary approx (BLM quarter-section) | do not dig here (active claim)", "stroke": "#ff3300", "stroke-width": 2, "fill": "#ff3300", "fill-opacity": 0.05, "stroke-dasharray": "1,6"}}, {"type": "Feature", "geometry": {"type": "Polygon", "coordinates": [[[-122.7049491931793, 43.570347413573124], [-122.70494106885023, 43.56853375945831], [-122.70742359623078, 43.5685399462215], [-122.7099061236114, 43.56854613298464], [-122.70991344994033, 43.57035972009953], [-122.70743132155985, 43.57035356733631], [-122.7049491931793, 43.570347413573124]]]}, "properties": {"title": "BIRD'S NEST 1", "description": "lode | serial OR106763019 | 20.66115702 ac | Active | qtr-sec OR 33 0230S 0010E 017 A SESWSE | OR 33 0230S 0010E 017 A SWSESE | recorded~2025 (DB date, not legal located date) | src: BLM MLRS Not Closed | boundary approx (BLM quarter-section) | do not dig here (active claim)", "stroke": "#ff3300", "stroke-width": 2, "fill": "#ff3300", "fill-opacity": 0.05, "stroke-dasharray": "1,6"}}, {"type": "Feature", "geometry": {"type": "Polygon", "coordinates": [[[-122.66253385374206, 43.60931302911304], [-122.66252759856492, 43.602820966699554], [-122.66253051322998, 43.600969503581176], [-122.66253113615757, 43.6005689895556], [-122.6625312961364, 43.60045184654809], [-122.66253374085278, 43.59888356644779], [-122.66253604359777, 43.59747349235763], [-122.6656447240732, 43.59747040606015], [-122.66754603336396, 43.59746849187813], [-122.67255800513024, 43.59746337139849], [-122.68258033866213, 43.59745237643922], [-122.68258647060907, 43.602675278771414], [-122.68249633380374, 43.60934455520494], [-122.68186389170694, 43.60934439026543], [-122.67750622103858, 43.60933670168195], [-122.6769006409459, 43.60933653573989], [-122.67251655127338, 43.60932876415889], [-122.67240156025578, 43.60932873716988], [-122.67193761218475, 43.60932862721424], [-122.66916585975949, 43.60932367247913], [-122.66752685550803, 43.609320744635816], [-122.6669748064235, 43.60932060668861], [-122.66253385374206, 43.60931302911304]]]}, "properties": {"title": "Cat House", "description": "lode | serial OR106762686 | 20.66115702 ac | Active | qtr-sec OR 33 0230S 0010E 003 E NW | OR 33 0230S 0010E 003 E SE | recorded~2025 (DB date, not legal located date) | src: BLM MLRS Not Closed | boundary approx (BLM quarter-section) | do not dig here (active claim)", "stroke": "#ff3300", "stroke-width": 2, "fill": "#ff3300", "fill-opacity": 0.05, "stroke-dasharray": "1,6"}}, {"type": "Feature", "geometry": {"type": "Polygon", "coordinates": [[[-122.74418983252062, 43.583320955647515], [-122.74667904888706, 43.58324589140473], [-122.74686430124325, 43.58505770950208], [-122.74704955359947, 43.58686952859947], [-122.74454069824097, 43.58700521084807], [-122.74436526588076, 43.58516308374776], [-122.74418983252062, 43.583320955647515]]]}, "properties": {"title": "Norseman", "description": "placer | serial OR106758248 | 20.0 ac | Active | qtr-sec OR 33 0230S 0010W 012 A W2NESE | recorded~2025 (DB date, not legal located date) | src: BLM MLRS Not Closed | boundary approx (BLM quarter-section) | do not dig here (active claim)", "stroke": "#ff3300", "stroke-width": 2, "fill": "#ff3300", "fill-opacity": 0.05, "stroke-dasharray": "1,6"}}, {"type": "Feature", "geometry": {"type": "Polygon", "coordinates": [[[-122.72481960000869, 43.54151435883739], [-122.7272655713837, 43.541522231604404], [-122.72724783370595, 43.54332363272087], [-122.72723009602831, 43.5451250338374], [-122.72966286340122, 43.545132687605594], [-122.7296385237226, 43.54693397972269], [-122.7272123583507, 43.54692643495391], [-122.72478619397879, 43.54691889118507], [-122.72479732965539, 43.54511738006919], [-122.72480846533205, 43.5433158699533], [-122.72481960000869, 43.54151435883739]]]}, "properties": {"title": "Bernard\u2019s", "description": "placer | serial OR106780173 | 40.0 ac | Active | qtr-sec OR 33 0230S 0010E 030 A NENWSE | OR 33 0230S 0010E 030 A NWSESE | OR 33 0230S 0010E 030 A NWNESE | OR 33 0230S 0010E 030 A SWNESE | recorded~2026 (DB date, not legal located date) | src: BLM MLRS Not Closed | boundary approx (BLM quarter-section) | do not dig here (active claim)", "stroke": "#ff3300", "stroke-width": 2, "fill": "#ff3300", "fill-opacity": 0.05, "stroke-dasharray": "1,6"}}, {"type": "Feature", "geometry": {"type": "Polygon", "coordinates": [[[-122.72719464367292, 43.54872651507027], [-122.7272123583507, 43.54692643495391], [-122.7296385237226, 43.54693397972269], [-122.73206468809443, 43.54694152449151], [-122.73203379141437, 43.54874006360902], [-122.72961421804366, 43.54873328983967], [-122.72719464367292, 43.54872651507027]]]}, "properties": {"title": "Winston", "description": "placer | serial OR106785004 | 20.0 ac | Active | qtr-sec OR 33 0230S 0010E 030 A S2SWNE | recorded~2026 (DB date, not legal located date) | src: BLM MLRS Not Closed | boundary approx (BLM quarter-section) | do not dig here (active claim)", "stroke": "#ff3300", "stroke-width": 2, "fill": "#ff3300", "fill-opacity": 0.05, "stroke-dasharray": "1,6"}}, {"type": "Feature", "geometry": {"type": "Polygon", "coordinates": [[[-122.64596198144514, 43.583027230019624], [-122.64480446726746, 43.5830252531301], [-122.64277519795593, 43.583021881323866], [-122.64277522094625, 43.58296820732041], [-122.64277532990637, 43.582747790306314], [-122.64277575773798, 43.581816201246745], [-122.64277592368373, 43.581516173227506], [-122.64277611164005, 43.58127449921206], [-122.64277684339808, 43.579935459126375], [-122.6427768713896, 43.57988872712339], [-122.64277707132304, 43.57952044709984], [-122.64277712930226, 43.57940537309247], [-122.64277789404785, 43.57799772100239], [-122.6427785738113, 43.5766884869186], [-122.64277935057183, 43.575363223833826], [-122.64276672856907, 43.575358675834686], [-122.64276993124966, 43.573588585721204], [-122.64278027625188, 43.573592332720445], [-122.6427830473421, 43.56855519539803], [-122.6527096598574, 43.568526525447965], [-122.65767148361451, 43.568511901973075], [-122.66263527837178, 43.568497078497955], [-122.66261774913225, 43.578251388122744], [-122.66261585232971, 43.57934514819277], [-122.66261533737439, 43.57959276520859], [-122.66260896237306, 43.57959067420907], [-122.66259931079964, 43.58195759336114], [-122.66261116680187, 43.581959914360155], [-122.66316175490567, 43.58206779431446], [-122.66306804691376, 43.582191777331325], [-122.66261090181645, 43.58204069936538], [-122.6625989878139, 43.58203683736624], [-122.66259521698065, 43.58296173842568], [-122.65880216239633, 43.582942079786996], [-122.64943755797452, 43.583010622686366], [-122.64695637059772, 43.58302878392469], [-122.64596198144514, 43.583027230019624]]]}, "properties": {"title": "Constant", "description": "lode | serial OR105804746 | 20.66 ac | Active | qtr-sec OR 33 0230S 0010E 014 A SE|OR 33 0230S 0010E 014 A ALL|OR 33 0230S 0010E 014 A ALL|OR 33 0230S 0010E 014 A ALL|OR 33 0230S 0010E 014 A ALL|OR 33 0230S 0010E 014 A ALL|OR 33 0230S 0010E 014 A ALL|OR 33 0230S 0010E 014 A ALL|OR 33 0230S 0010E 014 A ALL|OR 33 0230S 0010E 014 A ALL|OR 33 0230S 0010E 014 A ALL|OR 33 0230S 0010E 014 A ALL | recorded~2022 (DB date, not legal located date) | src: BLM MLRS Not Closed | boundary approx (BLM quarter-section) | do not dig here (active claim)", "stroke": "#ff3300", "stroke-width": 2, "fill": "#ff3300", "fill-opacity": 0.05, "stroke-dasharray": "1,6"}}, {"type": "Feature", "geometry": {"type": "Polygon", "coordinates": [[[-122.64596198144514, 43.583027230019624], [-122.64480446726746, 43.5830252531301], [-122.64277519795593, 43.583021881323866], [-122.64277522094625, 43.58296820732041], [-122.64277532990637, 43.582747790306314], [-122.64277575773798, 43.581816201246745], [-122.64277592368373, 43.581516173227506], [-122.64277611164005, 43.58127449921206], [-122.64277684339808, 43.579935459126375], [-122.6427768713896, 43.57988872712339], [-122.64277707132304, 43.57952044709984], [-122.64277712930226, 43.57940537309247], [-122.64277789404785, 43.57799772100239], [-122.6427785738113, 43.5766884869186], [-122.64277935057183, 43.575363223833826], [-122.64276672856907, 43.575358675834686], [-122.64276993124966, 43.573588585721204], [-122.64278027625188, 43.573592332720445], [-122.6427830473421, 43.56855519539803], [-122.6527096598574, 43.568526525447965], [-122.65767148361451, 43.568511901973075], [-122.66263527837178, 43.568497078497955], [-122.66261774913225, 43.578251388122744], [-122.66261585232971, 43.57934514819277], [-122.66261533737439, 43.57959276520859], [-122.66260896237306, 43.57959067420907], [-122.66259931079964, 43.58195759336114], [-122.66261116680187, 43.581959914360155], [-122.66316175490567, 43.58206779431446], [-122.66306804691376, 43.582191777331325], [-122.66261090181645, 43.58204069936538], [-122.6625989878139, 43.58203683736624], [-122.66259521698065, 43.58296173842568], [-122.65880216239633, 43.582942079786996], [-122.64943755797452, 43.583010622686366], [-122.64695637059772, 43.58302878392469], [-122.64596198144514, 43.583027230019624]]]}, "properties": {"title": "Full Moon", "description": "lode | serial OR105804748 | 20.66 ac | Active | qtr-sec OR 33 0230S 0010E 014 A SE|OR 33 0230S 0010E 014 A ALL|OR 33 0230S 0010E 014 A ALL|OR 33 0230S 0010E 014 A ALL|OR 33 0230S 0010E 014 A ALL|OR 33 0230S 0010E 014 A ALL|OR 33 0230S 0010E 014 A ALL|OR 33 0230S 0010E 014 A ALL|OR 33 0230S 0010E 014 A ALL|OR 33 0230S 0010E 014 A ALL|OR 33 0230S 0010E 014 A ALL|OR 33 0230S 0010E 014 A ALL | recorded~2022 (DB date, not legal located date) | src: BLM MLRS Not Closed | boundary approx (BLM quarter-section) | do not dig here (active claim)", "stroke": "#ff3300", "stroke-width": 2, "fill": "#ff3300", "fill-opacity": 0.05, "stroke-dasharray": "1,6"}}, {"type": "Feature", "geometry": {"type": "Polygon", "coordinates": [[[-122.64596198144514, 43.583027230019624], [-122.64480446726746, 43.5830252531301], [-122.64277519795593, 43.583021881323866], [-122.64277522094625, 43.58296820732041], [-122.64277532990637, 43.582747790306314], [-122.64277575773798, 43.581816201246745], [-122.64277592368373, 43.581516173227506], [-122.64277611164005, 43.58127449921206], [-122.64277684339808, 43.579935459126375], [-122.6427768713896, 43.57988872712339], [-122.64277707132304, 43.57952044709984], [-122.64277712930226, 43.57940537309247], [-122.64277789404785, 43.57799772100239], [-122.6427785738113, 43.5766884869186], [-122.64277935057183, 43.575363223833826], [-122.64276672856907, 43.575358675834686], [-122.64276993124966, 43.573588585721204], [-122.64278027625188, 43.573592332720445], [-122.6427830473421, 43.56855519539803], [-122.6527096598574, 43.568526525447965], [-122.65767148361451, 43.568511901973075], [-122.66263527837178, 43.568497078497955], [-122.66261774913225, 43.578251388122744], [-122.66261585232971, 43.57934514819277], [-122.66261533737439, 43.57959276520859], [-122.66260896237306, 43.57959067420907], [-122.66259931079964, 43.58195759336114], [-122.66261116680187, 43.581959914360155], [-122.66316175490567, 43.58206779431446], [-122.66306804691376, 43.582191777331325], [-122.66261090181645, 43.58204069936538], [-122.6625989878139, 43.58203683736624], [-122.66259521698065, 43.58296173842568], [-122.65880216239633, 43.582942079786996], [-122.64943755797452, 43.583010622686366], [-122.64695637059772, 43.58302878392469], [-122.64596198144514, 43.583027230019624]]]}, "properties": {"title": "Jackass 1", "description": "lode | serial OR105804749 | 20.66 ac | Active | qtr-sec OR 33 0230S 0010E 014 A SE|OR 33 0230S 0010E 014 A ALL|OR 33 0230S 0010E 014 A ALL|OR 33 0230S 0010E 014 A ALL|OR 33 0230S 0010E 014 A ALL|OR 33 0230S 0010E 014 A ALL|OR 33 0230S 0010E 014 A ALL|OR 33 0230S 0010E 014 A ALL|OR 33 0230S 0010E 014 A ALL|OR 33 0230S 0010E 014 A ALL|OR 33 0230S 0010E 014 A ALL|OR 33 0230S 0010E 014 A ALL | recorded~2022 (DB date, not legal located date) | src: BLM MLRS Not Closed | boundary approx (BLM quarter-section) | do not dig here (active claim)", "stroke": "#ff3300", "stroke-width": 2, "fill": "#ff3300", "fill-opacity": 0.05, "stroke-dasharray": "1,6"}}, {"type": "Feature", "geometry": {"type": "Polygon", "coordinates": [[[-122.64277519795593, 43.583021881323866], [-122.64277522094625, 43.58296820732041], [-122.64277532990637, 43.582747790306314], [-122.64277575773798, 43.581816201246745], [-122.64277592368373, 43.581516173227506], [-122.64277611164005, 43.58127449921206], [-122.64277684339808, 43.579935459126375], [-122.6427768713896, 43.57988872712339], [-122.64277707132304, 43.57952044709984], [-122.64277712930226, 43.57940537309247], [-122.64277789404785, 43.57799772100239], [-122.6427785738113, 43.5766884869186], [-122.64277935057183, 43.575363223833826], [-122.64276672856907, 43.575358675834686], [-122.64276993124966, 43.573588585721204], [-122.64278027625188, 43.573592332720445], [-122.6427830473421, 43.56855519539803], [-122.64774784210002, 43.568541017922854], [-122.6519859857469, 43.56852865151727], [-122.6527096598574, 43.568526525447965], [-122.65767148361451, 43.568511901973075], [-122.66263527837178, 43.568497078497955], [-122.66261774913225, 43.578251388122744], [-122.66261585232971, 43.57934514819277], [-122.66261533737439, 43.57959276520859], [-122.66260896237306, 43.57959067420907], [-122.66259931079964, 43.58195759336114], [-122.66261116680187, 43.581959914360155], [-122.66316175490567, 43.58206779431446], [-122.66306804691376, 43.582191777331325], [-122.66261090181645, 43.58204069936538], [-122.6625989878139, 43.58203683736624], [-122.66259521698065, 43.58296173842568], [-122.65880216239633, 43.582942079786996], [-122.64943755797452, 43.583010622686366], [-122.64695637059772, 43.58302878392469], [-122.64596198144514, 43.583027230019624], [-122.64480446726746, 43.5830252531301], [-122.64277519795593, 43.583021881323866]]]}, "properties": {"title": "Lincoln", "description": "lode | serial OR105804750 | 20.66 ac | Active | qtr-sec OR 33 0230S 0010E 014 A ALL|OR 33 0230S 0010E 023 A SE|OR 33 0230S 0010E 014 A ALL|OR 33 0230S 0010E 014 A ALL|OR 33 0230S 0010E 014 A ALL|OR 33 0230S 0010E 014 A ALL|OR 33 0230S 0010E 014 A ALL|OR 33 0230S 0010E 014 A ALL|OR 33 0230S 0010E 014 A ALL|OR 33 0230S 0010E 014 A ALL|OR 33 0230S 0010E 014 A ALL|OR 33 0230S 0010E 014 A ALL | recorded~2022 (DB date, not legal located date) | src: BLM MLRS Not Closed | boundary approx (BLM quarter-section) | do not dig here (active claim)", "stroke": "#ff3300", "stroke-width": 2, "fill": "#ff3300", "fill-opacity": 0.05, "stroke-dasharray": "1,6"}}, {"type": "Feature", "geometry": {"type": "Polygon", "coordinates": [[[-122.64277519795593, 43.583021881323866], [-122.64277522094625, 43.58296820732041], [-122.64277532990637, 43.582747790306314], [-122.64277575773798, 43.581816201246745], [-122.64277592368373, 43.581516173227506], [-122.64277611164005, 43.58127449921206], [-122.64277684339808, 43.579935459126375], [-122.6427768713896, 43.57988872712339], [-122.64277707132304, 43.57952044709984], [-122.64277712930226, 43.57940537309247], [-122.64277789404785, 43.57799772100239], [-122.6427785738113, 43.5766884869186], [-122.64277935057183, 43.575363223833826], [-122.64276672856907, 43.575358675834686], [-122.64276993124966, 43.573588585721204], [-122.64278027625188, 43.573592332720445], [-122.6427830473421, 43.56855519539803], [-122.64774784210002, 43.568541017922854], [-122.6519859857469, 43.56852865151727], [-122.6527096598574, 43.568526525447965], [-122.65767148361451, 43.568511901973075], [-122.66263527837178, 43.568497078497955], [-122.66261774913225, 43.578251388122744], [-122.66261585232971, 43.57934514819277], [-122.66261533737439, 43.57959276520859], [-122.66260896237306, 43.57959067420907], [-122.66259931079964, 43.58195759336114], [-122.66261116680187, 43.581959914360155], [-122.66316175490567, 43.58206779431446], [-122.66306804691376, 43.582191777331325], [-122.66261090181645, 43.58204069936538], [-122.6625989878139, 43.58203683736624], [-122.66259521698065, 43.58296173842568], [-122.65880216239633, 43.582942079786996], [-122.64943755797452, 43.583010622686366], [-122.64695637059772, 43.58302878392469], [-122.64596198144514, 43.583027230019624], [-122.64480446726746, 43.5830252531301], [-122.64277519795593, 43.583021881323866]]]}, "properties": {"title": "Coolidge", "description": "lode | serial OR105804747 | 20.66 ac | Active | qtr-sec OR 33 0230S 0010E 014 A ALL|OR 33 0230S 0010E 023 A SE|OR 33 0230S 0010E 014 A ALL|OR 33 0230S 0010E 014 A ALL|OR 33 0230S 0010E 014 A ALL|OR 33 0230S 0010E 014 A ALL|OR 33 0230S 0010E 014 A ALL|OR 33 0230S 0010E 014 A ALL|OR 33 0230S 0010E 014 A ALL|OR 33 0230S 0010E 014 A ALL|OR 33 0230S 0010E 014 A ALL|OR 33 0230S 0010E 014 A ALL | recorded~2022 (DB date, not legal located date) | src: BLM MLRS Not Closed | boundary approx (BLM quarter-section) | do not dig here (active claim)", "stroke": "#ff3300", "stroke-width": 2, "fill": "#ff3300", "fill-opacity": 0.05, "stroke-dasharray": "1,6"}}, {"type": "Feature", "geometry": {"type": "Polygon", "coordinates": [[[-122.63534467980776, 43.58849728238412], [-122.63287214343117, 43.58851043662129], [-122.63287066010349, 43.586700112505646], [-122.63534464248018, 43.58668654526833], [-122.63781862485689, 43.58667297703101], [-122.63781721518428, 43.58848412914695], [-122.63534467980776, 43.58849728238412]]]}, "properties": {"title": "Cupel", "description": "placer | serial OR106788765 | 13.25 ac | Active | qtr-sec OR 33 0230S 0010E 012 A S2NESW | recorded~2026 (DB date, not legal located date) | src: BLM MLRS Not Closed | boundary approx (BLM quarter-section) | do not dig here (active claim)", "stroke": "#ff3300", "stroke-width": 2, "fill": "#ff3300", "fill-opacity": 0.05, "stroke-dasharray": "1,6"}}, {"type": "Feature", "geometry": {"type": "Polygon", "coordinates": [[[-122.68458067364904, 43.66180558634244], [-122.68460133233586, 43.660066885230016], [-122.68712418673012, 43.66011139499091], [-122.68958433610334, 43.66009322775392], [-122.68956830541727, 43.66183211586588], [-122.68710043104085, 43.66183913210295], [-122.68458067364904, 43.66180558634244]]]}, "properties": {"title": "Deep Down 2", "description": "placer | serial OR106788741 | 20.0 ac | Active | qtr-sec OR 33 0220S 0010E 016 A SESENE | OR 33 0220S 0010E 015 A SWSWNW | recorded~2026 (DB date, not legal located date) | src: BLM MLRS Not Closed | boundary approx (BLM quarter-section) | do not dig here (active claim)", "stroke": "#ff3300", "stroke-width": 2, "fill": "#ff3300", "fill-opacity": 0.05, "stroke-dasharray": "1,6"}}, {"type": "Feature", "geometry": {"type": "Polygon", "coordinates": [[[-122.6414910281291, 43.623712920045385], [-122.64216241223225, 43.623714243981176], [-122.64608926483545, 43.62372198060581], [-122.64710754099183, 43.62372398750845], [-122.64710728501736, 43.623865034517465], [-122.64710394201676, 43.62386456751775], [-122.64710059901621, 43.62386410051803], [-122.64704042213891, 43.62459152457024], [-122.64710595415079, 43.624601574564565], [-122.64710290945578, 43.62628548267226], [-122.64710103064412, 43.627324895738745], [-122.64709452029652, 43.63092580196895], [-122.64708800994914, 43.63452672319919], [-122.6470814996019, 43.63812764442935], [-122.64213386984615, 43.63814150990406], [-122.63718623909023, 43.6381553773788], [-122.63223862333422, 43.638169243853525], [-122.62729100557803, 43.63818311032824], [-122.62729120436428, 43.63700548425307], [-122.62728573992054, 43.63456534309783], [-122.62728588270309, 43.63336746702138], [-122.62728058526314, 43.63094757586744], [-122.62728070004249, 43.62973161578978], [-122.62727551460624, 43.627331224637054], [-122.62727557338171, 43.62609354255802], [-122.62727171104885, 43.624261930441435], [-122.6272705549492, 43.62371340140651], [-122.62901093521577, 43.62371184423988], [-122.63059624345858, 43.62371042508805], [-122.63185795865185, 43.62370929596721], [-122.63224391971096, 43.6237089509302], [-122.63627122432764, 43.62370534654454], [-122.63721728447251, 43.62370449945389], [-122.6414910281291, 43.623712920045385]]]}, "properties": {"title": "Good Memories 3", "description": "lode | serial OR106789274 | 20.66115702 ac | Active | qtr-sec OR 33 0220S 0010E 025 E SW | recorded~2026 (DB date, not legal located date) | src: BLM MLRS Not Closed | boundary approx (BLM quarter-section) | do not dig here (active claim)", "stroke": "#ff3300", "stroke-width": 2, "fill": "#ff3300", "fill-opacity": 0.05, "stroke-dasharray": "1,6"}}, {"type": "Feature", "geometry": {"type": "Polygon", "coordinates": [[[-122.6414910281291, 43.623712920045385], [-122.64216241223225, 43.623714243981176], [-122.64608926483545, 43.62372198060581], [-122.64710754099183, 43.62372398750845], [-122.64710728501736, 43.623865034517465], [-122.64710394201676, 43.62386456751775], [-122.64710059901621, 43.62386410051803], [-122.64704042213891, 43.62459152457024], [-122.64710595415079, 43.624601574564565], [-122.64710290945578, 43.62628548267226], [-122.64710103064412, 43.627324895738745], [-122.64709452029652, 43.63092580196895], [-122.64708800994914, 43.63452672319919], [-122.6470814996019, 43.63812764442935], [-122.64213386984615, 43.63814150990406], [-122.63718623909023, 43.6381553773788], [-122.63223862333422, 43.638169243853525], [-122.62729100557803, 43.63818311032824], [-122.62729120436428, 43.63700548425307], [-122.62728573992054, 43.63456534309783], [-122.62728588270309, 43.63336746702138], [-122.62728058526314, 43.63094757586744], [-122.62728070004249, 43.62973161578978], [-122.62727551460624, 43.627331224637054], [-122.62727557338171, 43.62609354255802], [-122.62727171104885, 43.624261930441435], [-122.6272705549492, 43.62371340140651], [-122.62901093521577, 43.62371184423988], [-122.63059624345858, 43.62371042508805], [-122.63185795865185, 43.62370929596721], [-122.63224391971096, 43.6237089509302], [-122.63627122432764, 43.62370534654454], [-122.63721728447251, 43.62370449945389], [-122.6414910281291, 43.623712920045385]]]}, "properties": {"title": "Good Memories 2", "description": "lode | serial OR106789273 | 20.66115702 ac | Active | qtr-sec OR 33 0220S 0010E 025 E SE | recorded~2026 (DB date, not legal located date) | src: BLM MLRS Not Closed | boundary approx (BLM quarter-section) | do not dig here (active claim)", "stroke": "#ff3300", "stroke-width": 2, "fill": "#ff3300", "fill-opacity": 0.05, "stroke-dasharray": "1,6"}}, {"type": "Feature", "geometry": {"type": "Polygon", "coordinates": [[[-122.6272705549492, 43.62371340140651], [-122.62901093521577, 43.62371184423988], [-122.63059624345858, 43.62371042508805], [-122.63185795865185, 43.62370929596721], [-122.63224391971096, 43.6237089509302], [-122.63627122432764, 43.62370534654454], [-122.63721728447251, 43.62370449945389], [-122.6414910281291, 43.623712920045385], [-122.64216241223225, 43.623714243981176], [-122.64608926483545, 43.62372198060581], [-122.64710754099183, 43.62372398750845], [-122.64710728501736, 43.623865034517465], [-122.64710394201676, 43.62386456751775], [-122.64710059901621, 43.62386410051803], [-122.64704042213891, 43.62459152457024], [-122.64710595415079, 43.624601574564565], [-122.64710290945578, 43.62628548267226], [-122.64710103064412, 43.627324895738745], [-122.64709452029652, 43.63092580196895], [-122.64708800994914, 43.63452672319919], [-122.6470814996019, 43.63812764442935], [-122.64213386984615, 43.63814150990406], [-122.63718623909023, 43.6381553773788], [-122.63223862333422, 43.638169243853525], [-122.62729100557803, 43.63818311032824], [-122.62729120436428, 43.63700548425307], [-122.62728573992054, 43.63456534309783], [-122.62728588270309, 43.63336746702138], [-122.62728058526314, 43.63094757586744], [-122.62728070004249, 43.62973161578978], [-122.62727551460624, 43.627331224637054], [-122.62727557338171, 43.62609354255802], [-122.62727171104885, 43.624261930441435], [-122.6272705549492, 43.62371340140651]]]}, "properties": {"title": "Good Memories 1", "description": "lode | serial OR106789272 | 20.66115702 ac | Active | qtr-sec OR 33 0220S 0010E 025 A SWSW | OR 33 0220S 0010E 025 A NENE | OR 33 0220S 0010E 025 A NWNE | OR 33 0220S 0010E 025 A SENE | OR 33 0220S 0010E 025 A SWNE | OR 33 0220S 0010E 025 A NENW | OR 33 0220S 0010E 025 A NWNW | OR 33 0220S 0010E 025 A SENW | OR 33 0220S 0010E 025 A SWNW | OR 33 0220S 0010E 025 A NESW | OR 33 0220S 0010E 025 A NWSW | OR 33 0220S 0010E 025 A SWSW | OR 33 0220S 0010E 025 A SESW | OR 33 0220S 0010E 025 A SESW | OR 33 0220S 0010E 025 A NESE | OR 33 0220S 0010E 025 A NWSE | OR 33 0220S 0010E 025 A SESE | OR 33 0220S 0010E 025 A SWSE | OR 33 0220S 0010E 025 | OR 33 0220S 0010E 025 | OR 33 0220S 0010E 025 | OR 33 0220S 0010E 025 | OR 33 0220S 0010E 025 | OR 33 0220S 0010E 025 | OR 33 0220S 0010E 025 | OR 33 0220S 0010E 025 | OR 33 0220S 0010E 025 | OR 33 0220S 0010E 025 | OR 33 0220S 0010E 025 | OR 33 0220S 0010E 025 | OR 33 0220S 0010E 025 | OR 33 0220S 0010E 025 | recorded~2026 (DB date, not legal located date) | src: BLM MLRS Not Closed | boundary approx (BLM quarter-section) | do not dig here (active claim)", "stroke": "#ff3300", "stroke-width": 2, "fill": "#ff3300", "fill-opacity": 0.05, "stroke-dasharray": "1,6"}}, {"type": "Feature", "geometry": {"type": "Polygon", "coordinates": [[[-122.63717229885059, 43.609279233537265], [-122.63775059993918, 43.609279315481984], [-122.6421404676129, 43.60928464306236], [-122.64271326770074, 43.609284726007544], [-122.64710857937517, 43.60929005158738], [-122.64710831902907, 43.61289854381772], [-122.64710806068317, 43.616507033048], [-122.64215143392275, 43.61650235052203], [-122.63719480716226, 43.616497666996025], [-122.63718355250633, 43.61288845176667], [-122.63717229885059, 43.609279233537265]]]}, "properties": {"title": "THE PEARL de VERE", "description": "placer | serial OR106802498 | 20.0 ac | Filed | qtr-sec OR 33 0220S 0010E 036 SW | recorded~2026 (DB date, not legal located date) | src: BLM MLRS Not Closed | boundary approx (BLM quarter-section) | do not dig here (active claim)", "stroke": "#ff3300", "stroke-width": 2, "fill": "#ff3300", "fill-opacity": 0.05, "stroke-dasharray": "1,6"}}, {"type": "Feature", "geometry": {"type": "Polygon", "coordinates": [[[-122.70252673310374, 43.58303707061325], [-122.72236139914388, 43.58308442871983], [-122.72240404677628, 43.59758886363833], [-122.70260786675003, 43.59758744253207], [-122.70252673310374, 43.58303707061325]]]}, "properties": {"title": "Fundamental", "description": "placer | serial OR106803259 | 20.0 ac | Filed | qtr-sec OR 33 0230S 0010E 008 N1/2ofSE1/4ofNE1/4 | recorded~2026 (DB date, not legal located date) | src: BLM MLRS Not Closed | boundary approx (BLM quarter-section) | do not dig here (active claim)", "stroke": "#ff3300", "stroke-width": 2, "fill": "#ff3300", "fill-opacity": 0.05, "stroke-dasharray": "1,6"}}, {"type": "Feature", "geometry": {"type": "Polygon", "coordinates": [[[-122.62292417176228, 43.57112047145905], [-122.62292215260547, 43.57025422040378], [-122.62292845531633, 43.56864831130031], [-122.62617870681183, 43.568633304988964], [-122.62789219907299, 43.5686253568248], [-122.63782141758625, 43.56857880087346], [-122.6427830473421, 43.56855519539803], [-122.64278027625188, 43.573592332720445], [-122.64276993124966, 43.573588585721204], [-122.64276672856907, 43.575358675834686], [-122.64277935057183, 43.575363223833826], [-122.6427785738113, 43.5766884869186], [-122.64277789404785, 43.57799772100239], [-122.64277712930226, 43.57940537309247], [-122.64277707132304, 43.57952044709984], [-122.6427768713896, 43.57988872712339], [-122.64277684339808, 43.579935459126375], [-122.64277611164005, 43.58127449921206], [-122.64277592368373, 43.581516173227506], [-122.64277575773798, 43.581816201246745], [-122.64277532990637, 43.582747790306314], [-122.64277522094625, 43.58296820732041], [-122.64277519795593, 43.583021881323866], [-122.64180108380775, 43.58302765341733], [-122.64082424365907, 43.58303331051103], [-122.63986462051307, 43.583038927603084], [-122.63927512342337, 43.58304237965964], [-122.63782224920226, 43.583050830799074], [-122.63504879678015, 43.583066928065165], [-122.63469131072571, 43.58306893409945], [-122.63286769344816, 43.58307946527439], [-122.63165475626354, 43.58308654039073], [-122.63016843603728, 43.58309505453333], [-122.62812916172679, 43.58310670072897], [-122.62791313269393, 43.58310798074968], [-122.62617896742988, 43.583117882916014], [-122.62414425212, 43.58312947211119], [-122.62295806893941, 43.583136272224976], [-122.6229543437273, 43.581966501150504], [-122.62294736633285, 43.579790666011895], [-122.62294640628143, 43.57950720299383], [-122.62294595425146, 43.57934179198334], [-122.62294262806745, 43.578326717918664], [-122.62294242805527, 43.57825936291437], [-122.62294063395264, 43.57769325487825], [-122.62293937089939, 43.57739979785961], [-122.622936433715, 43.57638202079476], [-122.6229355366453, 43.575997117770214], [-122.62292417176228, 43.57112047145905]]]}, "properties": {"title": "John Lode", "description": "lode | serial OR106815172 | 20.66 ac | Filed | qtr-sec OR 33 0230S 0010E 013 E NW | recorded~2026 (DB date, not legal located date) | src: BLM MLRS Not Closed | boundary approx (BLM quarter-section) | do not dig here (active claim)", "stroke": "#ff3300", "stroke-width": 2, "fill": "#ff3300", "fill-opacity": 0.05, "stroke-dasharray": "1,6"}}, {"type": "Feature", "geometry": {"type": "Polygon", "coordinates": [[[-122.62292417176228, 43.57112047145905], [-122.62292215260547, 43.57025422040378], [-122.62292845531633, 43.56864831130031], [-122.62617870681183, 43.568633304988964], [-122.62789219907299, 43.5686253568248], [-122.63782141758625, 43.56857880087346], [-122.6427830473421, 43.56855519539803], [-122.64278027625188, 43.573592332720445], [-122.64276993124966, 43.573588585721204], [-122.64276672856907, 43.575358675834686], [-122.64277935057183, 43.575363223833826], [-122.6427785738113, 43.5766884869186], [-122.64277789404785, 43.57799772100239], [-122.64277712930226, 43.57940537309247], [-122.64277707132304, 43.57952044709984], [-122.6427768713896, 43.57988872712339], [-122.64277684339808, 43.579935459126375], [-122.64277611164005, 43.58127449921206], [-122.64277592368373, 43.581516173227506], [-122.64277575773798, 43.581816201246745], [-122.64277532990637, 43.582747790306314], [-122.64277522094625, 43.58296820732041], [-122.64277519795593, 43.583021881323866], [-122.64180108380775, 43.58302765341733], [-122.64082424365907, 43.58303331051103], [-122.63986462051307, 43.583038927603084], [-122.63927512342337, 43.58304237965964], [-122.63782224920226, 43.583050830799074], [-122.63504879678015, 43.583066928065165], [-122.63469131072571, 43.58306893409945], [-122.63286769344816, 43.58307946527439], [-122.63165475626354, 43.58308654039073], [-122.63016843603728, 43.58309505453333], [-122.62812916172679, 43.58310670072897], [-122.62791313269393, 43.58310798074968], [-122.62617896742988, 43.583117882916014], [-122.62414425212, 43.58312947211119], [-122.62295806893941, 43.583136272224976], [-122.6229543437273, 43.581966501150504], [-122.62294736633285, 43.579790666011895], [-122.62294640628143, 43.57950720299383], [-122.62294595425146, 43.57934179198334], [-122.62294262806745, 43.578326717918664], [-122.62294242805527, 43.57825936291437], [-122.62294063395264, 43.57769325487825], [-122.62293937089939, 43.57739979785961], [-122.622936433715, 43.57638202079476], [-122.6229355366453, 43.575997117770214], [-122.62292417176228, 43.57112047145905]]]}, "properties": {"title": "Pop Gun", "description": "lode | serial OR106815173 | 20.66 ac | Filed | qtr-sec OR 33 0230S 0010E 013 E NW | recorded~2026 (DB date, not legal located date) | src: BLM MLRS Not Closed | boundary approx (BLM quarter-section) | do not dig here (active claim)", "stroke": "#ff3300", "stroke-width": 2, "fill": "#ff3300", "fill-opacity": 0.05, "stroke-dasharray": "1,6"}}, {"type": "Feature", "geometry": {"type": "Polygon", "coordinates": [[[-122.70245854146961, 43.568527572695146], [-122.72231876151369, 43.5685770678005], [-122.72236139914388, 43.58308442871983], [-122.70252673310374, 43.58303707061325], [-122.70250912589977, 43.57639547519177], [-122.70245854146961, 43.568527572695146]]]}, "properties": {"title": "Bird's Nest Nuevo 2", "description": "lode | serial OR106815171 | 20.66 ac | Filed | qtr-sec OR 33 0230S 0010E 017 E NW | recorded~2026 (DB date, not legal located date) | src: BLM MLRS Not Closed | boundary approx (BLM quarter-section) | do not dig here (active claim)", "stroke": "#ff3300", "stroke-width": 2, "fill": "#ff3300", "fill-opacity": 0.05, "stroke-dasharray": "1,6"}}, {"type": "Feature", "geometry": {"type": "Point", "coordinates": [-122.65996496647381, 43.597863639007]}, "properties": {"title": "Placer - No.1 Claim", "description": "4 source record(s) merged within 75m | src: MILO, USMIN", "marker-color": "#000000", "marker-symbol": "circle"}}, {"type": "Feature", "geometry": {"type": "Point", "coordinates": [-122.75234803595433, 43.5975646507683]}, "properties": {"title": "Placer - prospect", "description": "4 source record(s) merged within 75m | src: MILO", "marker-color": "#000000", "marker-symbol": "circle"}}, {"type": "Feature", "geometry": {"type": "Point", "coordinates": [-122.72861130592487, 43.5826401579489]}, "properties": {"title": "Placer - Salor Gulch placer", "description": "2 source record(s) merged within 75m | src: MILO", "marker-color": "#000000", "marker-symbol": "circle"}}, {"type": "Feature", "geometry": {"type": "Point", "coordinates": [-122.63521850556947, 43.60787321205494]}, "properties": {"title": "Placer - Trixie Mine", "description": "2 source record(s) merged within 75m | src: MILO", "marker-color": "#000000", "marker-symbol": "circle"}}, {"type": "Feature", "geometry": {"type": "Point", "coordinates": [-122.60054114869209, 43.55954116423515]}, "properties": {"title": "Placer - Mineral King", "description": "1 source record(s) merged within 75m | src: MILO", "marker-color": "#000000", "marker-symbol": "circle"}}, {"type": "Feature", "geometry": {"type": "Point", "coordinates": [-122.79304412344756, 43.56254054271771]}, "properties": {"title": "Placer - gold prospect", "description": "1 source record(s) merged within 75m | src: MILO", "marker-color": "#000000", "marker-symbol": "circle"}}, {"type": "Feature", "geometry": {"type": "Point", "coordinates": [-122.83964882436186, 43.505472877527524]}, "properties": {"title": "Placer - Huckleberry Prospect", "description": "1 source record(s) merged within 75m | src: MILO", "marker-color": "#000000", "marker-symbol": "circle"}}, {"type": "Feature", "geometry": {"type": "Point", "coordinates": [-122.64681906334191, 43.59416988118328]}, "properties": {"title": "Placer - Knickerbocker Claim", "description": "1 source record(s) merged within 75m | src: MILO", "marker-color": "#000000", "marker-symbol": "circle"}}, {"type": "Feature", "geometry": {"type": "Point", "coordinates": [-122.66107947734355, 43.6009751541136]}, "properties": {"title": "Placer - No.5 Claim", "description": "1 source record(s) merged within 75m | src: MILO", "marker-color": "#000000", "marker-symbol": "circle"}}, {"type": "Feature", "geometry": {"type": "Point", "coordinates": [-122.64372605694196, 43.59423428016574]}, "properties": {"title": "Placer - War Eagle", "description": "1 source record(s) merged within 75m | src: MILO", "marker-color": "#000000", "marker-symbol": "circle"}}, {"type": "Feature", "geometry": {"type": "Point", "coordinates": [-122.70316972391882, 43.56058972027896]}, "properties": {"title": "Adit - Fairview Peak", "description": "7 source record(s) merged within 75m | src: MILO, USMIN", "marker-color": "#000000", "marker-symbol": "circle"}}, {"type": "Feature", "geometry": {"type": "Point", "coordinates": [-122.64915514696754, 43.59365776998262]}, "properties": {"title": "Adit - Fairview Peak", "description": "5 source record(s) merged within 75m | src: MILO, USMIN", "marker-color": "#000000", "marker-symbol": "circle"}}, {"type": "Feature", "geometry": {"type": "Point", "coordinates": [-122.64896726224907, 43.56006624836554]}, "properties": {"title": "Adit - Fairview Peak", "description": "4 source record(s) merged within 75m | src: MILO, USMIN", "marker-color": "#000000", "marker-symbol": "circle"}}, {"type": "Feature", "geometry": {"type": "Point", "coordinates": [-122.66493951987158, 43.58100581973969]}, "properties": {"title": "Adit - Fairview Peak", "description": "4 source record(s) merged within 75m | src: MILO, USMIN", "marker-color": "#000000", "marker-symbol": "circle"}}, {"type": "Feature", "geometry": {"type": "Point", "coordinates": [-122.65964765729058, 43.58514729332556]}, "properties": {"title": "Adit - Fairview Peak", "description": "4 source record(s) merged within 75m | src: MILO, MRDS, USMIN", "marker-color": "#000000", "marker-symbol": "circle"}}, {"type": "Feature", "geometry": {"type": "Point", "coordinates": [-122.70602912837035, 43.561239350174645]}, "properties": {"title": "Adit - Fairview Peak", "description": "4 source record(s) merged within 75m | src: MILO, USMIN", "marker-color": "#000000", "marker-symbol": "circle"}}, {"type": "Feature", "geometry": {"type": "Point", "coordinates": [-122.67216600040555, 43.58741704104938]}, "properties": {"title": "Adit - Fairview Peak", "description": "4 source record(s) merged within 75m | src: MILO, USMIN", "marker-color": "#000000", "marker-symbol": "circle"}}, {"type": "Feature", "geometry": {"type": "Point", "coordinates": [-122.6337498979592, 43.58080801892836]}, "properties": {"title": "Adit - Fairview Peak", "description": "4 source record(s) merged within 75m | src: MILO, USMIN", "marker-color": "#000000", "marker-symbol": "circle"}}, {"type": "Feature", "geometry": {"type": "Point", "coordinates": [-122.65375179727829, 43.57813109845794]}, "properties": {"title": "Adit - Fairview Peak", "description": "4 source record(s) merged within 75m | src: MILO, USMIN", "marker-color": "#000000", "marker-symbol": "circle"}}, {"type": "Feature", "geometry": {"type": "Point", "coordinates": [-122.61351528349924, 43.584151267090576]}, "properties": {"title": "Adit - Bearbones Mtn.", "description": "4 source record(s) merged within 75m | src: MILO, USMIN", "marker-color": "#000000", "marker-symbol": "circle"}}, {"type": "Feature", "geometry": {"type": "Point", "coordinates": [-122.6971764173395, 43.58276579380957]}, "properties": {"title": "Adit - Fairview Peak", "description": "4 source record(s) merged within 75m | src: MILO, MRDS, USMIN", "marker-color": "#000000", "marker-symbol": "circle"}}, {"type": "Feature", "geometry": {"type": "Point", "coordinates": [-122.61476698206982, 43.5845278807617]}, "properties": {"title": "Adit - Fairview Peak", "description": "4 source record(s) merged within 75m | src: MILO, USMIN", "marker-color": "#000000", "marker-symbol": "circle"}}, {"type": "Feature", "geometry": {"type": "Point", "coordinates": [-122.6664528087036, 43.56785547299277]}, "properties": {"title": "Adit - Fairview Peak", "description": "3 source record(s) merged within 75m | src: MILO, USMIN", "marker-color": "#000000", "marker-symbol": "circle"}}, {"type": "Feature", "geometry": {"type": "Point", "coordinates": [-122.66070050133828, 43.58361990925723]}, "properties": {"title": "Adit - Fairview Peak", "description": "3 source record(s) merged within 75m | src: MILO, USMIN", "marker-color": "#000000", "marker-symbol": "circle"}}, {"type": "Feature", "geometry": {"type": "Point", "coordinates": [-122.629928178886, 43.57697191890617]}, "properties": {"title": "Adit - Fairview Peak", "description": "3 source record(s) merged within 75m | src: MILO, USMIN", "marker-color": "#000000", "marker-symbol": "circle"}}, {"type": "Feature", "geometry": {"type": "Point", "coordinates": [-122.65597808442904, 43.58392026365149]}, "properties": {"title": "Adit - Fairview Peak", "description": "3 source record(s) merged within 75m | src: MILO, USMIN", "marker-color": "#000000", "marker-symbol": "circle"}}, {"type": "Feature", "geometry": {"type": "Point", "coordinates": [-122.6584538835139, 43.59056256890648]}, "properties": {"title": "Adit - Fairview Peak", "description": "3 source record(s) merged within 75m | src: MILO, USMIN", "marker-color": "#000000", "marker-symbol": "circle"}}, {"type": "Feature", "geometry": {"type": "Point", "coordinates": [-122.63807448838314, 43.628485899509684]}, "properties": {"title": "Adit - Fairview Peak", "description": "3 source record(s) merged within 75m | src: MILO, USMIN", "marker-color": "#000000", "marker-symbol": "circle"}}, {"type": "Feature", "geometry": {"type": "Point", "coordinates": [-122.69829655452581, 43.580268644553534]}, "properties": {"title": "Adit - Fairview Peak", "description": "3 source record(s) merged within 75m | src: MILO, USMIN", "marker-color": "#000000", "marker-symbol": "circle"}}, {"type": "Feature", "geometry": {"type": "Point", "coordinates": [-122.61674720646563, 43.57848302133734]}, "properties": {"title": "Adit - Bearbones Mtn.", "description": "3 source record(s) merged within 75m | src: MILO, USMIN", "marker-color": "#000000", "marker-symbol": "circle"}}, {"type": "Feature", "geometry": {"type": "Point", "coordinates": [-122.59313302701234, 43.57187497608661]}, "properties": {"title": "Adit - Bearbones Mtn.", "description": "3 source record(s) merged within 75m | src: MILO, USMIN", "marker-color": "#000000", "marker-symbol": "circle"}}, {"type": "Feature", "geometry": {"type": "Point", "coordinates": [-122.59302192100579, 43.567774217174474]}, "properties": {"title": "Adit - Bearbones Mtn.", "description": "3 source record(s) merged within 75m | src: MILO, USMIN", "marker-color": "#000000", "marker-symbol": "circle"}}, {"type": "Feature", "geometry": {"type": "Point", "coordinates": [-122.60362440325639, 43.57954053641573]}, "properties": {"title": "Adit - Fairview Peak", "description": "3 source record(s) merged within 75m | src: MILO, USMIN", "marker-color": "#000000", "marker-symbol": "circle"}}, {"type": "Feature", "geometry": {"type": "Point", "coordinates": [-122.70428012144338, 43.55949782745242]}, "properties": {"title": "Adit - Fairview Peak", "description": "2 source record(s) merged within 75m | src: MILO, USMIN", "marker-color": "#000000", "marker-symbol": "circle"}}, {"type": "Feature", "geometry": {"type": "Point", "coordinates": [-122.67534893585605, 43.60476168208624]}, "properties": {"title": "Adit - Fairview Peak", "description": "2 source record(s) merged within 75m | src: MILO, USMIN", "marker-color": "#000000", "marker-symbol": "circle"}}, {"type": "Feature", "geometry": {"type": "Point", "coordinates": [-122.66048620906852, 43.598555993740256]}, "properties": {"title": "Adit - Fairview Peak", "description": "2 source record(s) merged within 75m | src: MILO, USMIN", "marker-color": "#000000", "marker-symbol": "circle"}}, {"type": "Feature", "geometry": {"type": "Point", "coordinates": [-122.72665106828515, 43.542480477373125]}, "properties": {"title": "Adit - Fairview Peak", "description": "2 source record(s) merged within 75m | src: MILO, USMIN", "marker-color": "#000000", "marker-symbol": "circle"}}, {"type": "Feature", "geometry": {"type": "Point", "coordinates": [-122.69376464326103, 43.54440781842166]}, "properties": {"title": "Adit - Fairview Peak", "description": "2 source record(s) merged within 75m | src: MILO, USMIN", "marker-color": "#000000", "marker-symbol": "circle"}}, {"type": "Feature", "geometry": {"type": "Point", "coordinates": [-122.67972415262162, 43.584411761599654]}, "properties": {"title": "Adit - Fairview Peak", "description": "2 source record(s) merged within 75m | src: MILO, USMIN", "marker-color": "#000000", "marker-symbol": "circle"}}, {"type": "Feature", "geometry": {"type": "Point", "coordinates": [-122.7071408379258, 43.57945646981723]}, "properties": {"title": "Adit - Fairview Peak", "description": "2 source record(s) merged within 75m | src: MILO, USMIN", "marker-color": "#000000", "marker-symbol": "circle"}}, {"type": "Feature", "geometry": {"type": "Point", "coordinates": [-122.66984885209159, 43.56410914432476]}, "properties": {"title": "Adit - Fairview Peak", "description": "2 source record(s) merged within 75m | src: MILO, USMIN", "marker-color": "#000000", "marker-symbol": "circle"}}, {"type": "Feature", "geometry": {"type": "Point", "coordinates": [-122.6591843669661, 43.593754944456876]}, "properties": {"title": "Adit - Fairview Peak", "description": "2 source record(s) merged within 75m | src: MILO, USMIN", "marker-color": "#000000", "marker-symbol": "circle"}}, {"type": "Feature", "geometry": {"type": "Point", "coordinates": [-122.68933220361797, 43.58410687103887]}, "properties": {"title": "Adit - Fairview Peak", "description": "2 source record(s) merged within 75m | src: MILO, USMIN", "marker-color": "#000000", "marker-symbol": "circle"}}, {"type": "Feature", "geometry": {"type": "Point", "coordinates": [-122.65273816353552, 43.579157561313885]}, "properties": {"title": "Adit - Fairview Peak", "description": "2 source record(s) merged within 75m | src: MILO, USMIN", "marker-color": "#000000", "marker-symbol": "circle"}}, {"type": "Feature", "geometry": {"type": "Point", "coordinates": [-122.66762380858437, 43.56693407650158]}, "properties": {"title": "Adit - Fairview Peak", "description": "2 source record(s) merged within 75m | src: MILO, USMIN", "marker-color": "#000000", "marker-symbol": "circle"}}, {"type": "Feature", "geometry": {"type": "Point", "coordinates": [-122.73765990976693, 43.55893918236585]}, "properties": {"title": "Adit - Fairview Peak", "description": "2 source record(s) merged within 75m | src: MILO, USMIN", "marker-color": "#000000", "marker-symbol": "circle"}}, {"type": "Feature", "geometry": {"type": "Point", "coordinates": [-122.66620853915032, 43.56495680533655]}, "properties": {"title": "Adit - Fairview Peak", "description": "2 source record(s) merged within 75m | src: MILO, USMIN", "marker-color": "#000000", "marker-symbol": "circle"}}, {"type": "Feature", "geometry": {"type": "Point", "coordinates": [-122.67234892311927, 43.607639780673324]}, "properties": {"title": "Adit - Fairview Peak", "description": "2 source record(s) merged within 75m | src: MILO, USMIN", "marker-color": "#000000", "marker-symbol": "circle"}}, {"type": "Feature", "geometry": {"type": "Point", "coordinates": [-122.65386432831914, 43.57922668287205]}, "properties": {"title": "Adit - Fairview Peak", "description": "2 source record(s) merged within 75m | src: MILO, USMIN", "marker-color": "#000000", "marker-symbol": "circle"}}, {"type": "Feature", "geometry": {"type": "Point", "coordinates": [-122.65126888573349, 43.575669892415945]}, "properties": {"title": "Adit - Fairview Peak", "description": "2 source record(s) merged within 75m | src: MILO, USMIN", "marker-color": "#000000", "marker-symbol": "circle"}}, {"type": "Feature", "geometry": {"type": "Point", "coordinates": [-122.74285726513531, 43.55891668159735]}, "properties": {"title": "Adit - Fairview Peak", "description": "2 source record(s) merged within 75m | src: MILO, USMIN", "marker-color": "#000000", "marker-symbol": "circle"}}, {"type": "Feature", "geometry": {"type": "Point", "coordinates": [-122.68533319478249, 43.58128368423122]}, "properties": {"title": "Adit - Fairview Peak", "description": "2 source record(s) merged within 75m | src: MILO, USMIN", "marker-color": "#000000", "marker-symbol": "circle"}}, {"type": "Feature", "geometry": {"type": "Point", "coordinates": [-122.72203410108843, 43.5811159250994]}, "properties": {"title": "Adit - Fairview Peak", "description": "2 source record(s) merged within 75m | src: MILO, USMIN", "marker-color": "#000000", "marker-symbol": "circle"}}, {"type": "Feature", "geometry": {"type": "Point", "coordinates": [-122.613136, 43.583235]}, "properties": {"title": "Adit - Fairview Peak", "description": "1 source record(s) merged within 75m | src: USMIN", "marker-color": "#000000", "marker-symbol": "circle"}}, {"type": "Feature", "geometry": {"type": "Point", "coordinates": [-122.62782164060802, 43.57757485021614]}, "properties": {"title": "Mine - prospect", "description": "8 source record(s) merged within 75m | src: MILO", "marker-color": "#000000", "marker-symbol": "circle"}}, {"type": "Feature", "geometry": {"type": "Point", "coordinates": [-122.63561618780315, 43.566451958349596]}, "properties": {"title": "Mine - Western Vein", "description": "7 source record(s) merged within 75m | src: MILO", "marker-color": "#000000", "marker-symbol": "circle"}}, {"type": "Feature", "geometry": {"type": "Point", "coordinates": [-122.6577360530903, 43.580045465544124]}, "properties": {"title": "Mine - prospect", "description": "7 source record(s) merged within 75m | src: MILO, MRDS", "marker-color": "#000000", "marker-symbol": "circle"}}, {"type": "Feature", "geometry": {"type": "Point", "coordinates": [-122.59725382629667, 43.56181484312807]}, "properties": {"title": "Mine - prospect", "description": "7 source record(s) merged within 75m | src: MILO", "marker-color": "#000000", "marker-symbol": "circle"}}, {"type": "Feature", "geometry": {"type": "Point", "coordinates": [-122.65910872071072, 43.57036518484048]}, "properties": {"title": "Mine - prospect", "description": "6 source record(s) merged within 75m | src: MILO", "marker-color": "#000000", "marker-symbol": "circle"}}, {"type": "Feature", "geometry": {"type": "Point", "coordinates": [-122.63249663941161, 43.614145591338115]}, "properties": {"title": "Mine - prospect", "description": "6 source record(s) merged within 75m | src: MILO", "marker-color": "#000000", "marker-symbol": "circle"}}, {"type": "Feature", "geometry": {"type": "Point", "coordinates": [-122.66059868147428, 43.599446433738514]}, "properties": {"title": "Mine - Elephant Group", "description": "5 source record(s) merged within 75m | src: MILO", "marker-color": "#000000", "marker-symbol": "circle"}}, {"type": "Feature", "geometry": {"type": "Point", "coordinates": [-122.64773637884977, 43.57174073420874]}, "properties": {"title": "Mine - Tipperary", "description": "5 source record(s) merged within 75m | src: MILO", "marker-color": "#000000", "marker-symbol": "circle"}}, {"type": "Feature", "geometry": {"type": "Point", "coordinates": [-122.7043158519562, 43.56105079544097]}, "properties": {"title": "Mine - Goldenstar Mine", "description": "5 source record(s) merged within 75m | src: MILO", "marker-color": "#000000", "marker-symbol": "circle"}}, {"type": "Feature", "geometry": {"type": "Point", "coordinates": [-122.64276023333991, 43.582533149092235]}, "properties": {"title": "Mine - prospect", "description": "5 source record(s) merged within 75m | src: MILO", "marker-color": "#000000", "marker-symbol": "circle"}}, {"type": "Feature", "geometry": {"type": "Point", "coordinates": [-122.67824080239912, 43.62296655844049]}, "properties": {"title": "Mine - prospect", "description": "5 source record(s) merged within 75m | src: MILO", "marker-color": "#000000", "marker-symbol": "circle"}}, {"type": "Feature", "geometry": {"type": "Point", "coordinates": [-122.71083350746444, 43.56399495082421]}, "properties": {"title": "Mine - prospect", "description": "5 source record(s) merged within 75m | src: MILO", "marker-color": "#000000", "marker-symbol": "circle"}}, {"type": "Feature", "geometry": {"type": "Point", "coordinates": [-122.52121896982399, 43.537289115206725]}, "properties": {"title": "Mine - prospect", "description": "5 source record(s) merged within 75m | src: MILO", "marker-color": "#000000", "marker-symbol": "circle"}}, {"type": "Feature", "geometry": {"type": "Point", "coordinates": [-122.68147688149514, 43.62193565615271]}, "properties": {"title": "Mine - Sunrise Group", "description": "4 source record(s) merged within 75m | src: MILO", "marker-color": "#000000", "marker-symbol": "circle"}}, {"type": "Feature", "geometry": {"type": "Point", "coordinates": [-122.64458696466497, 43.58165479482502]}, "properties": {"title": "Mine - Morning Glory Vein", "description": "4 source record(s) merged within 75m | src: MILO", "marker-color": "#000000", "marker-symbol": "circle"}}, {"type": "Feature", "geometry": {"type": "Point", "coordinates": [-122.65024927076094, 43.57477361233683]}, "properties": {"title": "Mine - Ophir", "description": "4 source record(s) merged within 75m | src: MILO", "marker-color": "#000000", "marker-symbol": "circle"}}, {"type": "Feature", "geometry": {"type": "Point", "coordinates": [-122.64877592521471, 43.56864497257057]}, "properties": {"title": "Mine - Peekaboo", "description": "4 source record(s) merged within 75m | src: MILO", "marker-color": "#000000", "marker-symbol": "circle"}}, {"type": "Feature", "geometry": {"type": "Point", "coordinates": [-122.65448281405136, 43.57992234385492]}, "properties": {"title": "Mine - California Vein", "description": "4 source record(s) merged within 75m | src: MILO", "marker-color": "#000000", "marker-symbol": "circle"}}, {"type": "Feature", "geometry": {"type": "Point", "coordinates": [-122.62541534677786, 43.578773458022454]}, "properties": {"title": "Mine - Knott claim", "description": "4 source record(s) merged within 75m | src: MILO", "marker-color": "#000000", "marker-symbol": "circle"}}, {"type": "Feature", "geometry": {"type": "Point", "coordinates": [-122.64964724344098, 43.56763743896593]}, "properties": {"title": "Mine - Peekaboo", "description": "4 source record(s) merged within 75m | src: MILO", "marker-color": "#000000", "marker-symbol": "circle"}}, {"type": "Feature", "geometry": {"type": "Point", "coordinates": [-122.649561740712, 43.58412575079985]}, "properties": {"title": "Mine - prospect", "description": "4 source record(s) merged within 75m | src: MILO, MRDS", "marker-color": "#000000", "marker-symbol": "circle"}}, {"type": "Feature", "geometry": {"type": "Point", "coordinates": [-122.66734072811312, 43.582003063523544]}, "properties": {"title": "Mine - Musick Vein, Musick Claim", "description": "4 source record(s) merged within 75m | src: MILO, MRDS", "marker-color": "#000000", "marker-symbol": "circle"}}, {"type": "Feature", "geometry": {"type": "Point", "coordinates": [-122.6453525387265, 43.5741990531977]}, "properties": {"title": "Mine - prospect", "description": "4 source record(s) merged within 75m | src: MILO", "marker-color": "#000000", "marker-symbol": "circle"}}, {"type": "Feature", "geometry": {"type": "Point", "coordinates": [-122.6521156479476, 43.581680990073494]}, "properties": {"title": "Mine - prospect", "description": "4 source record(s) merged within 75m | src: MILO", "marker-color": "#000000", "marker-symbol": "circle"}}, {"type": "Feature", "geometry": {"type": "Point", "coordinates": [-122.64986988960422, 43.56141395844367]}, "properties": {"title": "Mine - prospect", "description": "4 source record(s) merged within 75m | src: MILO", "marker-color": "#000000", "marker-symbol": "circle"}}, {"type": "Feature", "geometry": {"type": "Point", "coordinates": [-122.62028289709741, 43.58616027421588]}, "properties": {"title": "Mine - prospect", "description": "4 source record(s) merged within 75m | src: MILO", "marker-color": "#000000", "marker-symbol": "circle"}}, {"type": "Feature", "geometry": {"type": "Point", "coordinates": [-122.62352390529821, 43.58710642486887]}, "properties": {"title": "Mine - prospect", "description": "4 source record(s) merged within 75m | src: MILO", "marker-color": "#000000", "marker-symbol": "circle"}}, {"type": "Feature", "geometry": {"type": "Point", "coordinates": [-122.62154065176968, 43.5791764737998]}, "properties": {"title": "Mine - prospect", "description": "4 source record(s) merged within 75m | src: MILO", "marker-color": "#000000", "marker-symbol": "circle"}}, {"type": "Feature", "geometry": {"type": "Point", "coordinates": [-122.61597060595497, 43.576956357127585]}, "properties": {"title": "Mine - mine", "description": "4 source record(s) merged within 75m | src: MILO", "marker-color": "#000000", "marker-symbol": "circle"}}, {"type": "Feature", "geometry": {"type": "Point", "coordinates": [-122.65736921658805, 43.6314008560404]}, "properties": {"title": "Mine - prospect", "description": "4 source record(s) merged within 75m | src: MILO", "marker-color": "#000000", "marker-symbol": "circle"}}, {"type": "Feature", "geometry": {"type": "Point", "coordinates": [-122.64053552686013, 43.579950377079264]}, "properties": {"title": "Mine - prospect", "description": "4 source record(s) merged within 75m | src: MILO", "marker-color": "#000000", "marker-symbol": "circle"}}, {"type": "Feature", "geometry": {"type": "Point", "coordinates": [-122.62989480023784, 43.5777774410472]}, "properties": {"title": "Mine - prospect", "description": "4 source record(s) merged within 75m | src: MILO", "marker-color": "#000000", "marker-symbol": "circle"}}, {"type": "Feature", "geometry": {"type": "Point", "coordinates": [-122.66327842806776, 43.55372523999389]}, "properties": {"title": "Mine - prospect", "description": "4 source record(s) merged within 75m | src: MILO", "marker-color": "#000000", "marker-symbol": "circle"}}, {"type": "Feature", "geometry": {"type": "Point", "coordinates": [-122.64195984201042, 43.575455235650026]}, "properties": {"title": "Mine - prospect", "description": "4 source record(s) merged within 75m | src: MILO", "marker-color": "#000000", "marker-symbol": "circle"}}, {"type": "Feature", "geometry": {"type": "Point", "coordinates": [-122.61284805461783, 43.559347773600734]}, "properties": {"title": "Mine - prospect", "description": "4 source record(s) merged within 75m | src: MILO", "marker-color": "#000000", "marker-symbol": "circle"}}, {"type": "Feature", "geometry": {"type": "Point", "coordinates": [-122.64309458316416, 43.60847969331329]}, "properties": {"title": "Mine - prospect", "description": "4 source record(s) merged within 75m | src: MILO", "marker-color": "#000000", "marker-symbol": "circle"}}, {"type": "Feature", "geometry": {"type": "Point", "coordinates": [-122.65437802970499, 43.63999375053474]}, "properties": {"title": "Mine - prospect", "description": "4 source record(s) merged within 75m | src: MILO", "marker-color": "#000000", "marker-symbol": "circle"}}, {"type": "Feature", "geometry": {"type": "Point", "coordinates": [-122.71235439391485, 43.591657227791394]}, "properties": {"title": "Mine - prospect", "description": "4 source record(s) merged within 75m | src: MILO", "marker-color": "#000000", "marker-symbol": "circle"}}, {"type": "Feature", "geometry": {"type": "Point", "coordinates": [-122.65811775629909, 43.59937044012739]}, "properties": {"title": "Mine - No.4 Claim", "description": "4 source record(s) merged within 75m | src: MILO", "marker-color": "#000000", "marker-symbol": "circle"}}, {"type": "Feature", "geometry": {"type": "Point", "coordinates": [-122.59361896855319, 43.57010683917358]}, "properties": {"title": "Pit - Fairview Peak", "description": "3 source record(s) merged within 75m | src: MILO, USMIN", "marker-color": "#000000", "marker-symbol": "circle"}}, {"type": "Feature", "geometry": {"type": "Point", "coordinates": [-122.63963660590747, 43.63064745937822]}, "properties": {"title": "Mine - Orchad mine (lower adit)", "description": "3 source record(s) merged within 75m | src: MILO", "marker-color": "#000000", "marker-symbol": "circle"}}, {"type": "Feature", "geometry": {"type": "Point", "coordinates": [-122.64383840250817, 43.622712639297106]}, "properties": {"title": "Mine - Sunset Mine (lower adit)", "description": "3 source record(s) merged within 75m | src: MILO", "marker-color": "#000000", "marker-symbol": "circle"}}, {"type": "Feature", "geometry": {"type": "Point", "coordinates": [-122.62944074651841, 43.59868402173754]}, "properties": {"title": "Mine - Warrener", "description": "3 source record(s) merged within 75m | src: MILO", "marker-color": "#000000", "marker-symbol": "circle"}}, {"type": "Feature", "geometry": {"type": "Point", "coordinates": [-122.65735663164158, 43.59124125157992]}, "properties": {"title": "Mine - North Fairview", "description": "3 source record(s) merged within 75m | src: MILO", "marker-color": "#000000", "marker-symbol": "circle"}}, {"type": "Feature", "geometry": {"type": "Point", "coordinates": [-122.643676961317, 43.58898633409589]}, "properties": {"title": "Mine - Shotgun", "description": "3 source record(s) merged within 75m | src: MILO", "marker-color": "#000000", "marker-symbol": "circle"}}, {"type": "Feature", "geometry": {"type": "Point", "coordinates": [-122.6550288607247, 43.5781568672925]}, "properties": {"title": "Mine - Yucon Vein", "description": "3 source record(s) merged within 75m | src: MILO", "marker-color": "#000000", "marker-symbol": "circle"}}, {"type": "Feature", "geometry": {"type": "Point", "coordinates": [-122.64911166043544, 43.57288057098557]}, "properties": {"title": "Mine - Tipperary", "description": "3 source record(s) merged within 75m | src: MILO", "marker-color": "#000000", "marker-symbol": "circle"}}, {"type": "Feature", "geometry": {"type": "Point", "coordinates": [-122.63994087729414, 43.57473687156513]}, "properties": {"title": "Mine - Cline adit", "description": "3 source record(s) merged within 75m | src: MILO", "marker-color": "#000000", "marker-symbol": "circle"}}, {"type": "Feature", "geometry": {"type": "Point", "coordinates": [-122.62713246906418, 43.57646953670019]}, "properties": {"title": "Mine - Grouse Mountain Proj/Birdie Vein", "description": "3 source record(s) merged within 75m | src: MILO", "marker-color": "#000000", "marker-symbol": "circle"}}, {"type": "Feature", "geometry": {"type": "Point", "coordinates": [-122.6678190842489, 43.55870130336942]}, "properties": {"title": "Mine - Glenwood", "description": "3 source record(s) merged within 75m | src: MILO", "marker-color": "#000000", "marker-symbol": "circle"}}, {"type": "Feature", "geometry": {"type": "Point", "coordinates": [-122.61952232056679, 43.57516165936278]}, "properties": {"title": "Mine - Gray Eagle", "description": "3 source record(s) merged within 75m | src: MILO", "marker-color": "#000000", "marker-symbol": "circle"}}, {"type": "Feature", "geometry": {"type": "Point", "coordinates": [-122.61648065800352, 43.57001939537137]}, "properties": {"title": "Mine - Ingham Group", "description": "3 source record(s) merged within 75m | src: MILO", "marker-color": "#000000", "marker-symbol": "circle"}}, {"type": "Feature", "geometry": {"type": "Point", "coordinates": [-122.61380435746845, 43.55862056177011]}, "properties": {"title": "Mine - Oregon-Colorado, lower adit", "description": "3 source record(s) merged within 75m | src: MILO", "marker-color": "#000000", "marker-symbol": "circle"}}, {"type": "Feature", "geometry": {"type": "Point", "coordinates": [-122.60167206673141, 43.480517113143414]}, "properties": {"title": "Mine - City Creek", "description": "3 source record(s) merged within 75m | src: MILO, MRDS", "marker-color": "#000000", "marker-symbol": "circle"}}, {"type": "Feature", "geometry": {"type": "Point", "coordinates": [-122.64507382829005, 43.589430278681185]}, "properties": {"title": "Mine - Shotgun", "description": "3 source record(s) merged within 75m | src: MILO", "marker-color": "#000000", "marker-symbol": "circle"}}, {"type": "Feature", "geometry": {"type": "Point", "coordinates": [-122.64710773434525, 43.58218196280843]}, "properties": {"title": "Mine - prospect", "description": "3 source record(s) merged within 75m | src: MILO", "marker-color": "#000000", "marker-symbol": "circle"}}, {"type": "Feature", "geometry": {"type": "Point", "coordinates": [-122.63768171756016, 43.58292015429796]}, "properties": {"title": "Mine - Vindicator", "description": "3 source record(s) merged within 75m | src: MILO", "marker-color": "#000000", "marker-symbol": "circle"}}, {"type": "Feature", "geometry": {"type": "Point", "coordinates": [-122.64844070196324, 43.582844744335944]}, "properties": {"title": "Mine - prospect", "description": "3 source record(s) merged within 75m | src: MILO", "marker-color": "#000000", "marker-symbol": "circle"}}, {"type": "Feature", "geometry": {"type": "Point", "coordinates": [-122.65407127446697, 43.58419926662208]}, "properties": {"title": "Mine - prospect", "description": "3 source record(s) merged within 75m | src: MILO", "marker-color": "#000000", "marker-symbol": "circle"}}, {"type": "Feature", "geometry": {"type": "Point", "coordinates": [-122.65353984621818, 43.590926010385346]}, "properties": {"title": "Mine - Lake Murphy", "description": "3 source record(s) merged within 75m | src: MILO", "marker-color": "#000000", "marker-symbol": "circle"}}, {"type": "Feature", "geometry": {"type": "Point", "coordinates": [-122.65330976323698, 43.592428413885955]}, "properties": {"title": "Mine - prospect", "description": "3 source record(s) merged within 75m | src: MILO", "marker-color": "#000000", "marker-symbol": "circle"}}, {"type": "Feature", "geometry": {"type": "Point", "coordinates": [-122.65329002734161, 43.572828483965274]}, "properties": {"title": "Mine - prospect", "description": "3 source record(s) merged within 75m | src: MILO", "marker-color": "#000000", "marker-symbol": "circle"}}, {"type": "Feature", "geometry": {"type": "Point", "coordinates": [-122.6527267680918, 43.577041317435565]}, "properties": {"title": "Mine - prospect", "description": "3 source record(s) merged within 75m | src: MILO", "marker-color": "#000000", "marker-symbol": "circle"}}, {"type": "Feature", "geometry": {"type": "Point", "coordinates": [-122.6557809504149, 43.58008724802073]}, "properties": {"title": "Mine - prospect", "description": "3 source record(s) merged within 75m | src: MILO", "marker-color": "#000000", "marker-symbol": "circle"}}, {"type": "Feature", "geometry": {"type": "Point", "coordinates": [-122.64122596337454, 43.57845675013155]}, "properties": {"title": "Mine - mine", "description": "3 source record(s) merged within 75m | src: MILO", "marker-color": "#000000", "marker-symbol": "circle"}}, {"type": "Feature", "geometry": {"type": "Point", "coordinates": [-122.63108566568188, 43.5782447193561]}, "properties": {"title": "Mine - prospect", "description": "3 source record(s) merged within 75m | src: MILO", "marker-color": "#000000", "marker-symbol": "circle"}}, {"type": "Feature", "geometry": {"type": "Point", "coordinates": [-122.64648096316597, 43.55926741743864]}, "properties": {"title": "Mine - prospect", "description": "3 source record(s) merged within 75m | src: MILO", "marker-color": "#000000", "marker-symbol": "circle"}}, {"type": "Feature", "geometry": {"type": "Point", "coordinates": [-122.62070576658392, 43.57837567198974]}, "properties": {"title": "Mine - mine", "description": "3 source record(s) merged within 75m | src: MILO", "marker-color": "#000000", "marker-symbol": "circle"}}, {"type": "Feature", "geometry": {"type": "Point", "coordinates": [-122.59023220538826, 43.569469411341665]}, "properties": {"title": "Mine - prospect", "description": "3 source record(s) merged within 75m | src: MILO", "marker-color": "#000000", "marker-symbol": "circle"}}, {"type": "Feature", "geometry": {"type": "Point", "coordinates": [-122.588881558301, 43.569231860175194]}, "properties": {"title": "Mine - prospect", "description": "3 source record(s) merged within 75m | src: MILO", "marker-color": "#000000", "marker-symbol": "circle"}}, {"type": "Feature", "geometry": {"type": "Point", "coordinates": [-122.58527524356448, 43.568517102776944]}, "properties": {"title": "Mine - prospect", "description": "3 source record(s) merged within 75m | src: MILO", "marker-color": "#000000", "marker-symbol": "circle"}}, {"type": "Feature", "geometry": {"type": "Point", "coordinates": [-122.63948769135585, 43.558270168876014]}, "properties": {"title": "Mine - prospect", "description": "3 source record(s) merged within 75m | src: MILO", "marker-color": "#000000", "marker-symbol": "circle"}}, {"type": "Feature", "geometry": {"type": "Point", "coordinates": [-122.62282417227266, 43.575235182544425]}, "properties": {"title": "Mine - prospect", "description": "3 source record(s) merged within 75m | src: MILO", "marker-color": "#000000", "marker-symbol": "circle"}}, {"type": "Feature", "geometry": {"type": "Point", "coordinates": [-122.60862369859986, 43.584803489186726]}, "properties": {"title": "Mine - prospect", "description": "3 source record(s) merged within 75m | src: MILO", "marker-color": "#000000", "marker-symbol": "circle"}}, {"type": "Feature", "geometry": {"type": "Point", "coordinates": [-122.66337053080946, 43.55452332789275]}, "properties": {"title": "Mine - prospect", "description": "3 source record(s) merged within 75m | src: MILO", "marker-color": "#000000", "marker-symbol": "circle"}}, {"type": "Feature", "geometry": {"type": "Point", "coordinates": [-122.65364611215013, 43.5734151108708]}, "properties": {"title": "Mine - prospect", "description": "3 source record(s) merged within 75m | src: MILO", "marker-color": "#000000", "marker-symbol": "circle"}}, {"type": "Feature", "geometry": {"type": "Point", "coordinates": [-122.5939376162737, 43.55980893903157]}, "properties": {"title": "Mine - prospect", "description": "3 source record(s) merged within 75m | src: MILO", "marker-color": "#000000", "marker-symbol": "circle"}}, {"type": "Feature", "geometry": {"type": "Point", "coordinates": [-122.59542900937878, 43.55995854204661]}, "properties": {"title": "Mine - prospect", "description": "3 source record(s) merged within 75m | src: MILO", "marker-color": "#000000", "marker-symbol": "circle"}}, {"type": "Feature", "geometry": {"type": "Point", "coordinates": [-122.65122709489867, 43.60108854165424]}, "properties": {"title": "Mine - prospect", "description": "3 source record(s) merged within 75m | src: MILO", "marker-color": "#000000", "marker-symbol": "circle"}}, {"type": "Feature", "geometry": {"type": "Point", "coordinates": [-122.61607973502868, 43.57526716908878]}, "properties": {"title": "Mine - prospect", "description": "3 source record(s) merged within 75m | src: MILO", "marker-color": "#000000", "marker-symbol": "circle"}}, {"type": "Feature", "geometry": {"type": "Point", "coordinates": [-122.61821318288146, 43.57385908743955]}, "properties": {"title": "Mine - prospect", "description": "3 source record(s) merged within 75m | src: MILO", "marker-color": "#000000", "marker-symbol": "circle"}}, {"type": "Feature", "geometry": {"type": "Point", "coordinates": [-122.60861056755651, 43.56458512078641]}, "properties": {"title": "Mine - prospect", "description": "3 source record(s) merged within 75m | src: MILO", "marker-color": "#000000", "marker-symbol": "circle"}}, {"type": "Feature", "geometry": {"type": "Point", "coordinates": [-122.60009110582483, 43.56802690405184]}, "properties": {"title": "Mine - prospect", "description": "3 source record(s) merged within 75m | src: MILO", "marker-color": "#000000", "marker-symbol": "circle"}}, {"type": "Feature", "geometry": {"type": "Point", "coordinates": [-122.59043449864409, 43.567373383382396]}, "properties": {"title": "Mine - prospect", "description": "3 source record(s) merged within 75m | src: MILO", "marker-color": "#000000", "marker-symbol": "circle"}}, {"type": "Feature", "geometry": {"type": "Point", "coordinates": [-122.72687339832886, 43.56303649860302]}, "properties": {"title": "Mine - prospect", "description": "3 source record(s) merged within 75m | src: MILO", "marker-color": "#000000", "marker-symbol": "circle"}}, {"type": "Feature", "geometry": {"type": "Point", "coordinates": [-122.62885490748697, 43.61445124010192]}, "properties": {"title": "Mine - prospect", "description": "3 source record(s) merged within 75m | src: MILO", "marker-color": "#000000", "marker-symbol": "circle"}}, {"type": "Feature", "geometry": {"type": "Point", "coordinates": [-122.65880011189016, 43.578134566690174]}, "properties": {"title": "Mine - prospect", "description": "3 source record(s) merged within 75m | src: MILO", "marker-color": "#000000", "marker-symbol": "circle"}}, {"type": "Feature", "geometry": {"type": "Point", "coordinates": [-122.65478409303023, 43.58425631479073]}, "properties": {"title": "Mine - prospect", "description": "3 source record(s) merged within 75m | src: MILO", "marker-color": "#000000", "marker-symbol": "circle"}}, {"type": "Feature", "geometry": {"type": "Point", "coordinates": [-122.667027543707, 43.58659815422979]}, "properties": {"title": "Mine - prospect", "description": "3 source record(s) merged within 75m | src: MILO, MRDS", "marker-color": "#000000", "marker-symbol": "circle"}}, {"type": "Feature", "geometry": {"type": "Point", "coordinates": [-122.64485898441411, 43.6238267741029]}, "properties": {"title": "Mine - prospect", "description": "3 source record(s) merged within 75m | src: MILO", "marker-color": "#000000", "marker-symbol": "circle"}}, {"type": "Feature", "geometry": {"type": "Point", "coordinates": [-122.67991856456281, 43.6226940625419]}, "properties": {"title": "Mine - prospect", "description": "3 source record(s) merged within 75m | src: MILO", "marker-color": "#000000", "marker-symbol": "circle"}}, {"type": "Feature", "geometry": {"type": "Point", "coordinates": [-122.5252476051993, 43.53565963109904]}, "properties": {"title": "Mine - prospect", "description": "3 source record(s) merged within 75m | src: MILO", "marker-color": "#000000", "marker-symbol": "circle"}}, {"type": "Feature", "geometry": {"type": "Point", "coordinates": [-122.60179387132352, 43.58171438251403]}, "properties": {"title": "Mine - prospect", "description": "3 source record(s) merged within 75m | src: MILO", "marker-color": "#000000", "marker-symbol": "circle"}}, {"type": "Feature", "geometry": {"type": "Point", "coordinates": [-122.63840043390314, 43.59088462845608]}, "properties": {"title": "Mine - Laura Claim", "description": "3 source record(s) merged within 75m | src: MILO", "marker-color": "#000000", "marker-symbol": "circle"}}, {"type": "Feature", "geometry": {"type": "Point", "coordinates": [-122.61633343566996, 43.63225503300812]}, "properties": {"title": "Mine - gold prospect", "description": "2 source record(s) merged within 75m | src: MILO", "marker-color": "#000000", "marker-symbol": "circle"}}, {"type": "Feature", "geometry": {"type": "Point", "coordinates": [-122.7073900106102, 43.59191129791867]}, "properties": {"title": "Mine - Big 4 claim", "description": "2 source record(s) merged within 75m | src: MILO", "marker-color": "#000000", "marker-symbol": "circle"}}, {"type": "Feature", "geometry": {"type": "Point", "coordinates": [-122.65981378955048, 43.59779110058982]}, "properties": {"title": "SCOUT 1 - Placer bench", "description": "No.1 Claim (placer (heuristic: surface workings)) | agency: USFS | 107m to stream | cluster: 6 nearby | src: MILO", "marker-color": "#ff3300", "marker-symbol": "circle"}}, {"type": "Feature", "geometry": {"type": "Point", "coordinates": [-122.75227091560049, 43.59784197302114]}, "properties": {"title": "SCOUT 2 - Placer bench", "description": "prospect (placer (heuristic: surface workings)) | agency: USFS | 88m to stream | cluster: 3 nearby | src: MILO", "marker-color": "#ff3300", "marker-symbol": "circle"}}, {"type": "Feature", "geometry": {"type": "Point", "coordinates": [-122.66107947734355, 43.6009751541136]}, "properties": {"title": "SCOUT 3 - Placer bench", "description": "No.5 Claim (placer (heuristic: surface workings)) | agency: USFS | 126m to stream | cluster: 2 nearby | src: MILO", "marker-color": "#ff3300", "marker-symbol": "circle"}}, {"type": "Feature", "geometry": {"type": "Point", "coordinates": [-122.60054114869209, 43.55954116423515]}, "properties": {"title": "SCOUT 4 - Placer bench", "description": "Mineral King (placer (heuristic: surface workings)) | agency: USFS | 95m to stream | cluster: 0 nearby | src: MILO", "marker-color": "#ff3300", "marker-symbol": "circle"}}, {"type": "Feature", "geometry": {"type": "Point", "coordinates": [-122.83964882436186, 43.505472877527524]}, "properties": {"title": "SCOUT 5 - Placer bench", "description": "Huckleberry Prospect (placer (heuristic: surface workings)) | agency: BLM | 98m to stream | cluster: 0 nearby | src: MILO", "marker-color": "#ff3300", "marker-symbol": "circle"}}, {"type": "Feature", "geometry": {"type": "Point", "coordinates": [-122.593042, 43.567914]}, "properties": {"title": "SCOUT 6 - Lode/unknown outcrop", "description": "USMIN Adit | agency: USFS | 66m to stream | cluster: 10 nearby | src: USMIN", "marker-color": "#ff3300", "marker-symbol": "circle"}}, {"type": "Feature", "geometry": {"type": "Point", "coordinates": [-122.696738, 43.58304]}, "properties": {"title": "SCOUT 7 - Lode/unknown outcrop", "description": "USMIN Adit | agency: USFS | 79m to stream | cluster: 5 nearby | NEAR ACTIVE CLAIM (<50m, approx) | src: USMIN", "marker-color": "#ff3300", "marker-symbol": "circle"}}, {"type": "Feature", "geometry": {"type": "Point", "coordinates": [-122.685326, 43.581281]}, "properties": {"title": "SCOUT 8 - Lode/unknown outcrop", "description": "USMIN Adit | agency: USFS | 71m to stream | cluster: 2 nearby | src: USMIN", "marker-color": "#ff3300", "marker-symbol": "circle"}}, {"type": "Feature", "geometry": {"type": "Point", "coordinates": [-122.689325, 43.584104]}, "properties": {"title": "SCOUT 9 - Lode/unknown outcrop", "description": "USMIN Adit | agency: USFS | 84m to stream | cluster: 2 nearby | src: USMIN", "marker-color": "#ff3300", "marker-symbol": "circle"}}, {"type": "Feature", "geometry": {"type": "Point", "coordinates": [-122.693773, 43.544394]}, "properties": {"title": "SCOUT 10 - Lode/unknown outcrop", "description": "USMIN Adit | agency: USFS | 145m to stream | cluster: 1 nearby | src: USMIN", "marker-color": "#ff3300", "marker-symbol": "circle"}}]}