<?xml version="1.0" encoding="UTF-8"?><gpx version="1.1" creator="gold-overlays" xmlns="http://www.topografix.com/GPX/1/1" xmlns:xsi="http://www.w3.org/2001/XMLSchema-instance" xsi:schemaLocation="http://www.topografix.com/GPX/1/1 http://www.topografix.com/GPX/1/1/gpx.xsd"><metadata><name>Quartzville Creek (Green Peter Reservoir to Galena Creek), Canal Creek, Dry Gulch</name></metadata><wpt lat="44.587806" lon="-122.305500"><name>Prospect Pit</name><desc>USMIN Prospect Pit | topo: Quartzville (1985) 1:24000 | src: USGS USMIN</desc><sym>Dot</sym></wpt><wpt lat="44.587516" lon="-122.306197"><name>Prospect Pit</name><desc>USMIN Prospect Pit | topo: Quartzville (1985) 1:24000 | src: USGS USMIN</desc><sym>Dot</sym></wpt><wpt lat="44.582491" lon="-122.310412"><name>Prospect Pit</name><desc>USMIN Prospect Pit | topo: Quartzville (1985) 1:24000 | src: USGS USMIN</desc><sym>Dot</sym></wpt><wpt lat="44.572628" lon="-122.291760"><name>Prospect Pit</name><desc>USMIN Prospect Pit | topo: Quartzville (1985) 1:24000 | src: USGS USMIN</desc><sym>Dot</sym></wpt><wpt lat="44.605040" lon="-122.317550"><name>Prospect Pit</name><desc>USMIN Prospect Pit | topo: Quartzville (1985) 1:24000 | src: USGS USMIN</desc><sym>Dot</sym></wpt><wpt lat="44.599848" lon="-122.301220"><name>Prospect Pit</name><desc>USMIN Prospect Pit | topo: Quartzville (1985) 1:24000 | src: USGS USMIN</desc><sym>Dot</sym></wpt><wpt lat="44.601696" lon="-122.314608"><name>Prospect Pit</name><desc>USMIN Prospect Pit | topo: Quartzville (1985) 1:24000 | src: USGS USMIN</desc><sym>Dot</sym></wpt><wpt lat="44.607863" lon="-122.318273"><name>Prospect Pit</name><desc>USMIN Prospect Pit | topo: Quartzville (1985) 1:24000 | src: USGS USMIN</desc><sym>Dot</sym></wpt><wpt lat="44.546626" lon="-122.258089"><name>Prospect Pit</name><desc>USMIN Prospect Pit | topo: Quartzville (1985) 1:24000 | src: USGS USMIN</desc><sym>Dot</sym></wpt><wpt lat="44.603182" lon="-122.318191"><name>Prospect Pit</name><desc>USMIN Prospect Pit | topo: Quartzville (1985) 1:24000 | src: USGS USMIN</desc><sym>Dot</sym></wpt><wpt lat="44.604920" lon="-122.292456"><name>Prospect Pit</name><desc>USMIN Prospect Pit | topo: Quartzville (1985) 1:24000 | src: USGS USMIN</desc><sym>Dot</sym></wpt><wpt lat="44.589662" lon="-122.309489"><name>Prospect Pit</name><desc>USMIN Prospect Pit | topo: Quartzville (1985) 1:24000 | src: USGS USMIN</desc><sym>Dot</sym></wpt><wpt lat="44.601249" lon="-122.309640"><name>Prospect Pit</name><desc>USMIN Prospect Pit | topo: Quartzville (1985) 1:24000 | src: USGS USMIN</desc><sym>Dot</sym></wpt><wpt lat="44.582342" lon="-122.311554"><name>Prospect Pit</name><desc>USMIN Prospect Pit | topo: Quartzville (1985) 1:24000 | src: USGS USMIN</desc><sym>Dot</sym></wpt><wpt lat="44.587585" lon="-122.306037"><name>Prospect Pit</name><desc>USMIN Prospect Pit | topo: Quartzville (1985) 1:24000 | src: USGS USMIN</desc><sym>Dot</sym></wpt><wpt lat="44.582913" lon="-122.310663"><name>Prospect Pit</name><desc>USMIN Prospect Pit | topo: Quartzville (1985) 1:24000 | src: USGS USMIN</desc><sym>Dot</sym></wpt><wpt lat="44.588126" lon="-122.304548"><name>Prospect Pit</name><desc>USMIN Prospect Pit | topo: Quartzville (1985) 1:24000 | src: USGS USMIN</desc><sym>Dot</sym></wpt><wpt lat="44.605113" lon="-122.314437"><name>Prospect Pit</name><desc>USMIN Prospect Pit | topo: Quartzville (1985) 1:24000 | src: USGS USMIN</desc><sym>Dot</sym></wpt><wpt lat="44.547710" lon="-122.275014"><name>Prospect Pit</name><desc>USMIN Prospect Pit | topo: Quartzville (1985) 1:24000 | src: USGS USMIN</desc><sym>Dot</sym></wpt><wpt lat="44.587997" lon="-122.304860"><name>Prospect Pit</name><desc>USMIN Prospect Pit | topo: Quartzville (1985) 1:24000 | src: USGS USMIN</desc><sym>Dot</sym></wpt><wpt lat="44.593108" lon="-122.312045"><name>Prospect Pit</name><desc>USMIN Prospect Pit | topo: Quartzville (1985) 1:24000 | src: USGS USMIN</desc><sym>Dot</sym></wpt><wpt lat="44.568745" lon="-122.281486"><name>Prospect Pit</name><desc>USMIN Prospect Pit | topo: Quartzville (1985) 1:24000 | src: USGS USMIN</desc><sym>Dot</sym></wpt><wpt lat="44.605729" lon="-122.317151"><name>Wakefield Claim Tunnel 1 and Cut No.2</name><desc>MILO gold | gold, silver | lode | discovered ? | prod started ? | size: n/a | src: DOGAMI MILO-4 ID_06072</desc><sym>Bar</sym></wpt><wpt lat="44.609573" lon="-122.315094"><name>North Queen</name><desc>MILO gold | gold, silver | unknown | discovered ? | prod started ? | size: n/a | src: DOGAMI MILO-4 ID_06073</desc><sym>Bar</sym></wpt><wpt lat="44.602931" lon="-122.292391"><name>Albany Group, Red Heifer No.2 (Abe Lincoln claim)</name><desc>MILO gold | gold, silver, zinc, lead, copper | lode | discovered ? | prod started ? | size: small | src: DOGAMI MILO-4 ID_06074</desc><sym>Bar</sym></wpt><wpt lat="44.604713" lon="-122.298746"><name>Hastings</name><desc>MILO gold | gold, silver | lode | discovered ? | prod started ? | size: n/a | src: DOGAMI MILO-4 ID_06075</desc><sym>Bar</sym></wpt><wpt lat="44.605259" lon="-122.292188"><name>Betty Claim tunnel (Bob and Betty No.1)</name><desc>MILO gold | gold, silver, zinc, lead, copper | lode | discovered 1881 | prod started ? | size: small | src: DOGAMI MILO-4 ID_06076</desc><sym>Bar</sym></wpt><wpt lat="44.605915" lon="-122.269966"><name>Peak and Dwarf</name><desc>MILO gold | gold | unknown | discovered ? | prod started ? | size: n/a | src: DOGAMI MILO-4 ID_06077</desc><sym>Bar</sym></wpt><wpt lat="44.607075" lon="-122.274816"><name>Hoot-En-Anne</name><desc>MILO gold | gold, silver, copper | lode | discovered 1937 | prod started ? | size: n/a | src: DOGAMI MILO-4 ID_06078</desc><sym>Bar</sym></wpt><wpt lat="44.589105" lon="-122.365503"><name>Houf Property</name><desc>MILO gold | gold | lode | discovered 1937 | prod started ? | size: n/a | src: DOGAMI MILO-4 ID_06079</desc><sym>Bar</sym></wpt><wpt lat="44.601238" lon="-122.337875"><name>gold mine</name><desc>MILO gold | gold | unknown | discovered ? | prod started ? | size: n/a | src: DOGAMI MILO-4 ID_06080</desc><sym>Bar</sym></wpt><wpt lat="44.599884" lon="-122.310213"><name>Lucille (The Campbird Claim) tunnel 4</name><desc>MILO gold | gold, silver, copper | lode | discovered 1897 | prod started ? | size: small | src: DOGAMI MILO-4 ID_06081</desc><sym>Bar</sym></wpt><wpt lat="44.591518" lon="-122.307593"><name>Lawler</name><desc>MILO gold | gold, silver, zinc, lead, copper | lode | discovered 1861 | prod started ? | size: small | src: DOGAMI MILO-4 ID_06082</desc><sym>Bar</sym></wpt><wpt lat="44.598315" lon="-122.315394"><name>Quartzville</name><desc>MILO gold | gold, silver | unknown | discovered ? | prod started ? | size: n/a | src: DOGAMI MILO-4 ID_06083</desc><sym>Bar</sym></wpt><wpt lat="44.601621" lon="-122.298910"><name>Skookum claim</name><desc>MILO gold | gold, silver | lode | discovered ? | prod started ? | size: small | src: DOGAMI MILO-4 ID_06084</desc><sym>Bar</sym></wpt><wpt lat="44.596919" lon="-122.303965"><name>Bic Mac</name><desc>MILO gold | gold | unknown | discovered ? | prod started ? | size: n/a | src: DOGAMI MILO-4 ID_06085</desc><sym>Bar</sym></wpt><wpt lat="44.598764" lon="-122.302247"><name>Doodlebug</name><desc>MILO gold | gold | unknown | discovered ? | prod started ? | size: n/a | src: DOGAMI MILO-4 ID_06086</desc><sym>Bar</sym></wpt><wpt lat="44.601238" lon="-122.301757"><name>Munro</name><desc>MILO gold | gold, silver | lode | discovered 1890 | prod started ? | size: small | src: DOGAMI MILO-4 ID_06087</desc><sym>Bar</sym></wpt><wpt lat="44.591940" lon="-122.301156"><name>West Tillicum Fraction, Tillicum and Cumtillie, Disc. shaft</name><desc>MILO gold | gold, silver | lode | discovered ? | prod started ? | size: n/a | src: DOGAMI MILO-4 ID_06088</desc><sym>Bar</sym></wpt><wpt lat="44.596718" lon="-122.296945"><name>Albany (Mountain Queen Claim)</name><desc>MILO gold | gold, silver, zinc, lead, copper | lode | discovered 1888 | prod started ? | size: small | src: DOGAMI MILO-4 ID_06089</desc><sym>Bar</sym></wpt><wpt lat="44.600406" lon="-122.295645"><name>Albany Group, Marion (Morning Star claim)</name><desc>MILO gold | gold, silver | lode | discovered ? | prod started ? | size: n/a | src: DOGAMI MILO-4 ID_06090</desc><sym>Bar</sym></wpt><wpt lat="44.599805" lon="-122.301295"><name>Whale claim</name><desc>MILO gold | gold, silver, zinc | lode | discovered ? | prod started ? | size: n/a | src: DOGAMI MILO-4 ID_06091</desc><sym>Bar</sym></wpt><wpt lat="44.589976" lon="-122.299579"><name>Worlds Fair claim Disc. Cut No.1/Tunnel No.2</name><desc>MILO gold | gold, silver | lode | discovered ? | prod started ? | size: small | src: DOGAMI MILO-4 ID_06092</desc><sym>Bar</sym></wpt><wpt lat="44.588637" lon="-122.290108"><name>Accident</name><desc>MILO gold | gold, silver, lead, zinc, copper | lode | discovered ? | prod started ? | size: n/a | src: DOGAMI MILO-4 ID_06093</desc><sym>Bar</sym></wpt><wpt lat="44.599562" lon="-122.301547"><name>gold mine</name><desc>MILO gold | gold | unknown | discovered ? | prod started ? | size: n/a | src: DOGAMI MILO-4 ID_06094</desc><sym>Bar</sym></wpt><wpt lat="44.578631" lon="-122.308080"><name>Riverside Claim (Riverside Group), discovery cut</name><desc>MILO gold | gold, silver, zinc, lead | lode | discovered 1912 | prod started ? | size: small | src: DOGAMI MILO-4 ID_06095</desc><sym>Bar</sym></wpt><wpt lat="44.578759" lon="-122.303513"><name>Relief Property</name><desc>MILO gold | gold, silver, zinc | lode | discovered ? | prod started ? | size: n/a | src: DOGAMI MILO-4 ID_06096</desc><sym>Bar</sym></wpt><wpt lat="44.582461" lon="-122.305825"><name>Highland Chief</name><desc>MILO gold | gold, silver, zinc | lode | discovered ? | prod started ? | size: n/a | src: DOGAMI MILO-4 ID_06097</desc><sym>Bar</sym></wpt><wpt lat="44.564958" lon="-122.309049"><name>Savage Group</name><desc>MILO gold | gold, silver, zinc, lead, copper | lode | discovered ? | prod started ? | size: small | src: DOGAMI MILO-4 ID_06098</desc><sym>Bar</sym></wpt><wpt lat="44.575622" lon="-122.293964"><name>Winter claim</name><desc>MILO gold | gold, silver, zinc | lode | discovered ? | prod started ? | size: n/a | src: DOGAMI MILO-4 ID_06099</desc><sym>Bar</sym></wpt><wpt lat="44.567413" lon="-122.304838"><name>Columbia</name><desc>MILO gold | gold | unknown | discovered ? | prod started ? | size: n/a | src: DOGAMI MILO-4 ID_06100</desc><sym>Bar</sym></wpt><wpt lat="44.554856" lon="-122.275910"><name>44 Mines</name><desc>MILO gold | silver, gold, lead, zinc, copper | lode | discovered ? | prod started ? | size: small | src: DOGAMI MILO-4 ID_06101</desc><sym>Bar</sym></wpt><wpt lat="44.552796" lon="-122.285864"><name>Red Ribbon</name><desc>MILO gold | gold, silver, copper, lead | lode | discovered ? | prod started ? | size: n/a | src: DOGAMI MILO-4 ID_06102</desc><sym>Bar</sym></wpt><wpt lat="44.547849" lon="-122.283227"><name>Paymaster claim</name><desc>MILO gold | gold, silver, zinc, copper, lead | lode | discovered ? | prod started ? | size: n/a | src: DOGAMI MILO-4 ID_06103</desc><sym>Bar</sym></wpt><wpt lat="44.554856" lon="-122.275910"><name>Forty-Four Mines</name><desc>MILO gold | gold | placer (heuristic: surface workings) | discovered ? | prod started ? | size: n/a | src: DOGAMI MILO-4 ID_06104</desc><sym>Bar</sym></wpt><wpt lat="44.542025" lon="-122.299124"><name>Galena</name><desc>MILO gold | gold, silver, zinc, lead, copper, barium | lode | discovered ? | prod started ? | size: n/a | src: DOGAMI MILO-4 ID_06105</desc><sym>Bar</sym></wpt><wpt lat="44.604182" lon="-122.314140"><name>Wakefield Claim Disc. cut and tunnel No.1</name><desc>MILO gold | gold, silver | lode | discovered ? | prod started ? | size: n/a | src: DOGAMI MILO-4 ID_06117</desc><sym>Bar</sym></wpt><wpt lat="44.607542" lon="-122.318365"><name>Mother Lode Claim prospect</name><desc>MILO gold | gold, silver | lode | discovered ? | prod started ? | size: n/a | src: DOGAMI MILO-4 ID_06118</desc><sym>Bar</sym></wpt><wpt lat="44.603166" lon="-122.316477"><name>Ruth Claim prospect</name><desc>MILO gold | gold, silver | lode | discovered ? | prod started ? | size: n/a | src: DOGAMI MILO-4 ID_06119</desc><sym>Bar</sym></wpt><wpt lat="44.603552" lon="-122.321322"><name>Martha Claim tunnel 1</name><desc>MILO gold | gold, silver | lode | discovered ? | prod started ? | size: n/a | src: DOGAMI MILO-4 ID_06120</desc><sym>Bar</sym></wpt><wpt lat="44.600259" lon="-122.310827"><name>Lucille (The Campbird Claim) tunnel 5</name><desc>MILO gold | gold, silver, copper | lode | discovered 1897 | prod started ? | size: small | src: DOGAMI MILO-4 ID_06129</desc><sym>Bar</sym></wpt><wpt lat="44.600537" lon="-122.311945"><name>Lucille (Snow Storm Claim) tunnel 1</name><desc>MILO gold | gold, silver, copper | lode | discovered 1897 | prod started ? | size: small | src: DOGAMI MILO-4 ID_06130</desc><sym>Bar</sym></wpt><wpt lat="44.598787" lon="-122.313662"><name>Lucille (Bell Claim) cut 1</name><desc>MILO gold | gold, silver, copper | lode | discovered 1897 | prod started ? | size: small | src: DOGAMI MILO-4 ID_06131</desc><sym>Bar</sym></wpt><wpt lat="44.599533" lon="-122.310785"><name>Lucille (Bell Claim) tunnel 3</name><desc>MILO gold | gold, silver, copper | lode | discovered 1897 | prod started ? | size: small | src: DOGAMI MILO-4 ID_06132</desc><sym>Bar</sym></wpt><wpt lat="44.599822" lon="-122.312278"><name>Lucille (Bell Claim) discovery cut</name><desc>MILO gold | gold, silver, copper | lode | discovered 1897 | prod started ? | size: small | src: DOGAMI MILO-4 ID_06133</desc><sym>Bar</sym></wpt><wpt lat="44.598721" lon="-122.310438"><name>Lucille (Bell Claim) Tunnel 1</name><desc>MILO gold | gold, silver, copper | lode | discovered 1897 | prod started ? | size: small | src: DOGAMI MILO-4 ID_06134</desc><sym>Bar</sym></wpt><wpt lat="44.601067" lon="-122.309936"><name>Lucille (The Campbird Claim) prospect</name><desc>MILO gold | gold, silver, copper | lode | discovered 1897 | prod started ? | size: n/a | src: DOGAMI MILO-4 ID_06135</desc><sym>Bar</sym></wpt><wpt lat="44.601756" lon="-122.314010"><name>prospect</name><desc>MILO gold | gold, silver, copper | lode | discovered 1897 | prod started ? | size: n/a | src: DOGAMI MILO-4 ID_06136</desc><sym>Bar</sym></wpt><wpt lat="44.568657" lon="-122.281512"><name>prospect</name><desc>MILO gold | gold, silver, zinc | unknown | discovered ? | prod started ? | size: n/a | src: DOGAMI MILO-4 ID_06139</desc><sym>Bar</sym></wpt><wpt lat="44.546647" lon="-122.258076"><name>prospect</name><desc>MILO gold | gold, silver, zinc | lode | discovered ? | prod started ? | size: n/a | src: DOGAMI MILO-4 ID_06140</desc><sym>Bar</sym></wpt><wpt lat="44.585964" lon="-122.166759"><name>gold mine</name><desc>MILO gold | gold, platinum | unknown | discovered ? | prod started ? | size: n/a | src: DOGAMI MILO-4 ID_06141</desc><sym>Bar</sym></wpt><wpt lat="44.593125" lon="-122.311915"><name>Lawler Consolidated Placer, Bed Rock Placer (shaft)</name><desc>MILO gold | gold, silver, zinc, lead | unknown | discovered ? | prod started ? | size: n/a | src: DOGAMI MILO-4 ID_12831</desc><sym>Bar</sym></wpt><wpt lat="44.593125" lon="-122.311915"><name>prospect</name><desc>MILO gold | gold, silver, zinc, lead | unknown | discovered ? | prod started ? | size: n/a | src: DOGAMI MILO-4 ID_12832</desc><sym>Bar</sym></wpt><wpt lat="44.589938" lon="-122.301117"><name>unnamed or NA</name><desc>MILO gold | gold, silver, zinc, lead | lode | discovered ? | prod started ? | size: n/a | src: DOGAMI MILO-4 ID_12833</desc><sym>Bar</sym></wpt><wpt lat="44.593760" lon="-122.299819"><name>Tillicum claim</name><desc>MILO gold | gold, silver, zinc, lead | lode | discovered ? | prod started ? | size: n/a | src: DOGAMI MILO-4 ID_12834</desc><sym>Bar</sym></wpt><wpt lat="44.592871" lon="-122.300004"><name>Tillicum Claim tunnel 2</name><desc>MILO gold | gold, silver, zinc, lead | lode | discovered ? | prod started ? | size: n/a | src: DOGAMI MILO-4 ID_12835</desc><sym>Bar</sym></wpt><wpt lat="44.582496" lon="-122.310426"><name>Spotted Fawn tunnel</name><desc>MILO gold | gold, silver, zinc, lead | unknown | discovered ? | prod started ? | size: n/a | src: DOGAMI MILO-4 ID_12837</desc><sym>Bar</sym></wpt><wpt lat="44.582919" lon="-122.310677"><name>Big Elk discovery tunnel</name><desc>MILO gold | gold, silver, zinc, lead | unknown | discovered ? | prod started ? | size: n/a | src: DOGAMI MILO-4 ID_12838</desc><sym>Bar</sym></wpt><wpt lat="44.582348" lon="-122.311568"><name>Golden Buck prospect</name><desc>MILO gold | gold, silver, zinc, lead | unknown | discovered ? | prod started ? | size: n/a | src: DOGAMI MILO-4 ID_12839</desc><sym>Bar</sym></wpt><wpt lat="44.587789" lon="-122.306156"><name>Lawler Consolidated Group, White Bull Claim prospect 2</name><desc>MILO gold | gold, silver, zinc, lead | unknown | discovered ? | prod started ? | size: n/a | src: DOGAMI MILO-4 ID_12840</desc><sym>Bar</sym></wpt><wpt lat="44.596680" lon="-122.298508"><name>Albany Group Tunnel No.3 (Doodlebug Claim)</name><desc>MILO gold | gold | placer (heuristic: surface workings) | discovered ? | prod started ? | size: No | src: DOGAMI MILO-4 ID_16316</desc><sym>Bar</sym></wpt><wpt lat="44.604795" lon="-122.292518"><name>Betty Claim winze cut (Bob and Betty No.2)</name><desc>MILO gold | gold, silver, copper | lode | discovered ? | prod started ? | size: n/a | src: DOGAMI MILO-4 ID_16317</desc><sym>Bar</sym></wpt><wpt lat="44.589777" lon="-122.309061"><name>Lawler Consolidated Group, Red Bull (Tunnel No.5 or open cut)</name><desc>MILO gold | gold, silver, zinc, lead | unknown | discovered ? | prod started ? | size: n/a | src: DOGAMI MILO-4 ID_16318</desc><sym>Bar</sym></wpt><wpt lat="44.591612" lon="-122.311095"><name>Lawler Consolidated Group, Red Bull (Tunnel No.1)</name><desc>MILO gold | gold, silver, zinc, lead | lode | discovered ? | prod started ? | size: n/a | src: DOGAMI MILO-4 ID_16319</desc><sym>Bar</sym></wpt><wpt lat="44.594969" lon="-122.296146"><name>Albany Group, Bonanza Claim (Tunnel No 2)</name><desc>MILO gold | gold | placer (heuristic: surface workings) | discovered ? | prod started ? | size: No | src: DOGAMI MILO-4 ID_16320</desc><sym>Bar</sym></wpt><wpt lat="44.581664" lon="-122.309163"><name>Spotted Fawn prospect</name><desc>MILO gold | gold, silver, zinc, lead | lode | discovered ? | prod started ? | size: n/a | src: DOGAMI MILO-4 ID_16321</desc><sym>Bar</sym></wpt><wpt lat="44.587846" lon="-122.305918"><name>Lawler Consolidated Group, White Bull Claim prospect 3</name><desc>MILO gold | gold, silver, zinc, lead | unknown | discovered ? | prod started ? | size: n/a | src: DOGAMI MILO-4 ID_16322</desc><sym>Bar</sym></wpt><wpt lat="44.587443" lon="-122.305334"><name>Lawler Consolidated Group, White Bull Claim prospect 1</name><desc>MILO gold | gold, silver, zinc, lead | unknown | discovered ? | prod started ? | size: n/a | src: DOGAMI MILO-4 ID_16323</desc><sym>Bar</sym></wpt><wpt lat="44.587303" lon="-122.305844"><name>Lawler Consolidated Group, Red Blair Claim prospect</name><desc>MILO gold | gold, silver, zinc, lead | unknown | discovered ? | prod started ? | size: n/a | src: DOGAMI MILO-4 ID_16324</desc><sym>Bar</sym></wpt><wpt lat="44.591461" lon="-122.302809"><name>unnamed or NA</name><desc>MILO gold | gold, silver | lode | discovered ? | prod started ? | size: n/a | src: DOGAMI MILO-4 ID_21268</desc><sym>Bar</sym></wpt><wpt lat="44.601926" lon="-122.291985"><name>Albany Group, Red Heifer No.1 (Abe Lincoln claim)</name><desc>MILO gold | gold, silver, zinc, lead, copper | lode | discovered ? | prod started ? | size: small | src: DOGAMI MILO-4 ID_21323</desc><sym>Bar</sym></wpt><wpt lat="44.604574" lon="-122.292240"><name>Betty claim cut (Bob and Betty No.3)</name><desc>MILO gold | gold, silver, zinc, lead, copper | lode | discovered 1881 | prod started ? | size: small | src: DOGAMI MILO-4 ID_21324</desc><sym>Bar</sym></wpt><wpt lat="44.604511" lon="-122.292113"><name>Bob Claim shaft and tunnel (Bob and Betty No.4)</name><desc>MILO gold | gold, silver, zinc, lead, copper | lode | discovered 1881 | prod started ? | size: small | src: DOGAMI MILO-4 ID_21325</desc><sym>Bar</sym></wpt><wpt lat="44.602560" lon="-122.292964"><name>Red Heifer No.3 (Abe Lincoln claim)</name><desc>MILO gold | gold, silver, zinc, lead, copper | lode | discovered ? | prod started ? | size: small | src: DOGAMI MILO-4 ID_21326</desc><sym>Bar</sym></wpt><wpt lat="44.588387" lon="-122.290753"><name>Accident</name><desc>MILO gold | gold, silver, lead, zinc, copper | lode | discovered ? | prod started ? | size: n/a | src: DOGAMI MILO-4 ID_21327</desc><sym>Bar</sym></wpt><wpt lat="44.600800" lon="-122.311655"><name>Lucille (Snow Storm Claim) tunnel 2</name><desc>MILO gold | gold, silver, copper | lode | discovered 1897 | prod started ? | size: small | src: DOGAMI MILO-4 ID_21590</desc><sym>Bar</sym></wpt><wpt lat="44.601079" lon="-122.312007"><name>Lucille (Snow Storm Claim) discovery tunnel</name><desc>MILO gold | gold, silver, copper | lode | discovered 1897 | prod started ? | size: small | src: DOGAMI MILO-4 ID_21591</desc><sym>Bar</sym></wpt><wpt lat="44.602883" lon="-122.319098"><name>Martha Claim prospect</name><desc>MILO gold | gold, silver | lode | discovered ? | prod started ? | size: n/a | src: DOGAMI MILO-4 ID_21592</desc><sym>Bar</sym></wpt><wpt lat="44.604716" lon="-122.292416"><name>Betty Claim tunnel (Bob and Betty)</name><desc>MILO gold | gold, silver, copper | lode | discovered ? | prod started ? | size: n/a | src: DOGAMI MILO-4 ID_21593</desc><sym>Bar</sym></wpt><wpt lat="44.604474" lon="-122.293102"><name>Betty Claim large open cut (Bob and Betty)</name><desc>MILO gold | gold, silver, copper | lode | discovered ? | prod started ? | size: n/a | src: DOGAMI MILO-4 ID_21594</desc><sym>Bar</sym></wpt><wpt lat="44.578884" lon="-122.303297"><name>Relief Property</name><desc>MILO gold | gold, silver, zinc | lode | discovered ? | prod started ? | size: n/a | src: DOGAMI MILO-4 ID_21595</desc><sym>Bar</sym></wpt><wpt lat="44.593315" lon="-122.305871"><name>Elk Tunnel</name><desc>MILO gold | gold, silver | lode | discovered ? | prod started ? | size: n/a | src: DOGAMI MILO-4 ID_21596</desc><sym>Bar</sym></wpt><wpt lat="44.591974" lon="-122.303116"><name>Bullion Tunnel</name><desc>MILO gold | gold, silver | lode | discovered ? | prod started ? | size: n/a | src: DOGAMI MILO-4 ID_21597</desc><sym>Bar</sym></wpt><wpt lat="44.590768" lon="-122.310277"><name>Lawler Consolidated Group, Red Bull (Tunnel No.2)</name><desc>MILO gold | gold, silver, zinc, lead | lode | discovered ? | prod started ? | size: n/a | src: DOGAMI MILO-4 ID_21598</desc><sym>Bar</sym></wpt><wpt lat="44.595182" lon="-122.296624"><name>Albany Group, Bonanza Claim (trench 2)</name><desc>MILO gold | gold | placer (heuristic: surface workings) | discovered ? | prod started ? | size: No | src: DOGAMI MILO-4 ID_21599</desc><sym>Bar</sym></wpt><wpt lat="44.594863" lon="-122.296460"><name>Albany Group, Bonanza Claim (Tunnel No 3)</name><desc>MILO gold | gold | placer (heuristic: surface workings) | discovered ? | prod started ? | size: No | src: DOGAMI MILO-4 ID_21600</desc><sym>Bar</sym></wpt><wpt lat="44.594485" lon="-122.296273"><name>Albany Group, Bonanza Claim (trench 1)</name><desc>MILO gold | gold | placer (heuristic: surface workings) | discovered ? | prod started ? | size: No | src: DOGAMI MILO-4 ID_21601</desc><sym>Bar</sym></wpt><wpt lat="44.587283" lon="-122.306863"><name>Lawler Consolidated Group, Red Blair Claim tunnel 1</name><desc>MILO gold | gold, silver, zinc, lead | unknown | discovered ? | prod started ? | size: n/a | src: DOGAMI MILO-4 ID_21602</desc><sym>Bar</sym></wpt><wpt lat="44.586991" lon="-122.306569"><name>Lawler Consolidated Group, Red Blair Claim tunnel 2</name><desc>MILO gold | gold, silver, zinc, lead | unknown | discovered ? | prod started ? | size: n/a | src: DOGAMI MILO-4 ID_21603</desc><sym>Bar</sym></wpt><wpt lat="44.585336" lon="-122.304955"><name>Lawler Consolidated Group, Gold Finch Claim prospect</name><desc>MILO gold | gold, silver, zinc, lead | unknown | discovered ? | prod started ? | size: n/a | src: DOGAMI MILO-4 ID_21604</desc><sym>Bar</sym></wpt><wpt lat="44.586957" lon="-122.304120"><name>Lawler Consolidated Group, Gold Bug old tunnel</name><desc>MILO gold | gold, silver, zinc, lead | unknown | discovered ? | prod started ? | size: n/a | src: DOGAMI MILO-4 ID_21605</desc><sym>Bar</sym></wpt><wpt lat="44.592128" lon="-122.299055"><name>Worlds Fair Group, Free Gold Claim 2 (tunnel No.3)</name><desc>MILO gold | gold, silver, zinc, lead | lode | discovered ? | prod started ? | size: n/a | src: DOGAMI MILO-4 ID_21606</desc><sym>Bar</sym></wpt><wpt lat="44.592063" lon="-122.299526"><name>Worlds Fair Group, Free Gold Claim 2 (tunnel No.2)</name><desc>MILO gold | gold, silver, zinc, lead | lode | discovered ? | prod started ? | size: n/a | src: DOGAMI MILO-4 ID_21607</desc><sym>Bar</sym></wpt><wpt lat="44.604376" lon="-122.318718"><name>Ruth Claim tunnel 1</name><desc>MILO gold | gold, silver | lode | discovered ? | prod started ? | size: n/a | src: DOGAMI MILO-4 ID_21608</desc><sym>Bar</sym></wpt><wpt lat="44.602939" lon="-122.314339"><name>Ruth Claim tunnel 2</name><desc>MILO gold | gold, silver | lode | discovered ? | prod started ? | size: n/a | src: DOGAMI MILO-4 ID_21609</desc><sym>Bar</sym></wpt><wpt lat="44.604486" lon="-122.318921"><name>Alverda Claim tunnel</name><desc>MILO gold | gold, silver | lode | discovered ? | prod started ? | size: n/a | src: DOGAMI MILO-4 ID_21610</desc><sym>Bar</sym></wpt><wpt lat="44.601511" lon="-122.314568"><name>Lakin Claim cut 1</name><desc>MILO gold | gold, silver | lode | discovered ? | prod started ? | size: n/a | src: DOGAMI MILO-4 ID_21611</desc><sym>Bar</sym></wpt><wpt lat="44.601142" lon="-122.314983"><name>Lakin Claim cut 2</name><desc>MILO gold | gold, silver | lode | discovered ? | prod started ? | size: n/a | src: DOGAMI MILO-4 ID_21612</desc><sym>Bar</sym></wpt><wpt lat="44.602262" lon="-122.314691"><name>Ruth Claim discovery cut</name><desc>MILO gold | gold, silver | lode | discovered ? | prod started ? | size: n/a | src: DOGAMI MILO-4 ID_21613</desc><sym>Bar</sym></wpt><wpt lat="44.604168" lon="-122.318128"><name>Ruth Claim cut 3</name><desc>MILO gold | gold, silver | lode | discovered ? | prod started ? | size: n/a | src: DOGAMI MILO-4 ID_21614</desc><sym>Bar</sym></wpt><wpt lat="44.604276" lon="-122.318491"><name>Ruth Claim cut 4</name><desc>MILO gold | gold, silver | lode | discovered ? | prod started ? | size: n/a | src: DOGAMI MILO-4 ID_21615</desc><sym>Bar</sym></wpt><wpt lat="44.603931" lon="-122.321908"><name>Martha Claim cut 2</name><desc>MILO gold | gold, silver | lode | discovered ? | prod started ? | size: n/a | src: DOGAMI MILO-4 ID_21616</desc><sym>Bar</sym></wpt><wpt lat="44.604484" lon="-122.319075"><name>Alverda Claim cut 1</name><desc>MILO gold | gold, silver | lode | discovered ? | prod started ? | size: n/a | src: DOGAMI MILO-4 ID_21617</desc><sym>Bar</sym></wpt><wpt lat="44.604590" lon="-122.319215"><name>Alverda Claim cut 3</name><desc>MILO gold | gold, silver | lode | discovered ? | prod started ? | size: n/a | src: DOGAMI MILO-4 ID_21618</desc><sym>Bar</sym></wpt><wpt lat="44.604685" lon="-122.319408"><name>Alverda Claim cut 2</name><desc>MILO gold | gold, silver | lode | discovered ? | prod started ? | size: n/a | src: DOGAMI MILO-4 ID_21619</desc><sym>Bar</sym></wpt><wpt lat="44.604158" lon="-122.319283"><name>Martha Claim cut 4</name><desc>MILO gold | gold, silver | lode | discovered ? | prod started ? | size: n/a | src: DOGAMI MILO-4 ID_21620</desc><sym>Bar</sym></wpt><wpt lat="44.603833" lon="-122.320023"><name>Martha Claim cut 3</name><desc>MILO gold | gold, silver | lode | discovered ? | prod started ? | size: n/a | src: DOGAMI MILO-4 ID_21621</desc><sym>Bar</sym></wpt><wpt lat="44.603811" lon="-122.321888"><name>Martha Claim cut 1</name><desc>MILO gold | gold, silver | lode | discovered ? | prod started ? | size: n/a | src: DOGAMI MILO-4 ID_21622</desc><sym>Bar</sym></wpt><wpt lat="44.603676" lon="-122.320989"><name>Martha Claim tunnel 2</name><desc>MILO gold | gold, silver | lode | discovered ? | prod started ? | size: n/a | src: DOGAMI MILO-4 ID_21623</desc><sym>Bar</sym></wpt><wpt lat="44.604663" lon="-122.323990"><name>Martha Claim cut 4</name><desc>MILO gold | gold, silver | lode | discovered ? | prod started ? | size: n/a | src: DOGAMI MILO-4 ID_21624</desc><sym>Bar</sym></wpt><wpt lat="44.603179" lon="-122.314840"><name>Ruth Claim cut 2</name><desc>MILO gold | gold, silver | lode | discovered ? | prod started ? | size: n/a | src: DOGAMI MILO-4 ID_21625</desc><sym>Bar</sym></wpt><wpt lat="44.602772" lon="-122.314044"><name>Ruth Claim cut 1</name><desc>MILO gold | gold, silver | lode | discovered ? | prod started ? | size: n/a | src: DOGAMI MILO-4 ID_21626</desc><sym>Bar</sym></wpt><wpt lat="44.599091" lon="-122.310421"><name>Lucille (Bell Claim) Tunnel 2</name><desc>MILO gold | gold, silver, copper | lode | discovered 1897 | prod started ? | size: small | src: DOGAMI MILO-4 ID_21627</desc><sym>Bar</sym></wpt><wpt lat="44.600376" lon="-122.309910"><name>Lucille</name><desc>MILO gold | gold, silver, copper | lode | discovered 1897 | prod started ? | size: small | src: DOGAMI MILO-4 ID_21628</desc><sym>Bar</sym></wpt><wpt lat="44.601005" lon="-122.312130"><name>Lucille (Snow Storm Claim) cut</name><desc>MILO gold | gold, silver, copper | lode | discovered 1897 | prod started ? | size: small | src: DOGAMI MILO-4 ID_21629</desc><sym>Bar</sym></wpt><wpt lat="44.599649" lon="-122.312630"><name>Lucille (Bell Claim) cut 2</name><desc>MILO gold | gold, silver, copper | lode | discovered 1897 | prod started ? | size: small | src: DOGAMI MILO-4 ID_21630</desc><sym>Bar</sym></wpt><wpt lat="44.600851" lon="-122.311423"><name>Lucille (Snow Storm Claim) tunnel 3</name><desc>MILO gold | gold, silver, copper | lode | discovered 1897 | prod started ? | size: small | src: DOGAMI MILO-4 ID_21631</desc><sym>Bar</sym></wpt><wpt lat="44.600088" lon="-122.311037"><name>Lucille (The Campbird Claim) tunnel 6</name><desc>MILO gold | gold, silver, copper | lode | discovered 1897 | prod started ? | size: small | src: DOGAMI MILO-4 ID_21632</desc><sym>Bar</sym></wpt><wpt lat="44.600046" lon="-122.311170"><name>Lucille (The Campbird Claim) tunnel 7</name><desc>MILO gold | gold, silver, copper | lode | discovered 1897 | prod started ? | size: small | src: DOGAMI MILO-4 ID_21633</desc><sym>Bar</sym></wpt><wpt lat="44.603035" lon="-122.322586"><name>Pine Squirl Claim, discovery cut</name><desc>MILO gold | gold, silver | lode | discovered ? | prod started ? | size: n/a | src: DOGAMI MILO-4 ID_21639</desc><sym>Bar</sym></wpt><wpt lat="44.581097" lon="-122.308989"><name>Spotted Fawn tunnel</name><desc>MILO gold | gold, silver, zinc, lead | lode | discovered ? | prod started ? | size: n/a | src: DOGAMI MILO-4 ID_21640</desc><sym>Bar</sym></wpt><wpt lat="44.597411" lon="-122.292519"><name>Albany Group Marion (Morning Star claim), Tunnel No.2</name><desc>MILO gold | gold, silver | lode | discovered ? | prod started ? | size: n/a | src: DOGAMI MILO-4 ID_21641</desc><sym>Bar</sym></wpt><wpt lat="44.599484" lon="-122.294029"><name>Albany Group (Morning Star claim), Cut No.2</name><desc>MILO gold | gold, silver | lode | discovered ? | prod started ? | size: n/a | src: DOGAMI MILO-4 ID_21642</desc><sym>Bar</sym></wpt><wpt lat="44.599753" lon="-122.292382"><name>Albany Group (Abe Lincoln Claim), Cut No.5</name><desc>MILO gold | gold, silver | lode | discovered ? | prod started ? | size: n/a | src: DOGAMI MILO-4 ID_21643</desc><sym>Bar</sym></wpt><wpt lat="44.599836" lon="-122.292360"><name>Albany Group (Abe Lincoln Claim), Tunnel No.2</name><desc>MILO gold | gold, silver | lode | discovered ? | prod started ? | size: n/a | src: DOGAMI MILO-4 ID_21644</desc><sym>Bar</sym></wpt><wpt lat="44.599921" lon="-122.292192"><name>Albany Group (Evening Star Claim), Disc Cut and Tunnel No.1</name><desc>MILO gold | gold, silver | lode | discovered ? | prod started ? | size: n/a | src: DOGAMI MILO-4 ID_21645</desc><sym>Bar</sym></wpt><wpt lat="44.597418" lon="-122.292393"><name>Albany Group Marion (Morning Star claim), Tunnel No.2</name><desc>MILO gold | gold, silver | lode | discovered ? | prod started ? | size: n/a | src: DOGAMI MILO-4 ID_21646</desc><sym>Bar</sym></wpt><wpt lat="44.599017" lon="-122.295229"><name>Albany Group (Morning Star claim), Tunnel No.2</name><desc>MILO gold | gold, silver | lode | discovered ? | prod started ? | size: n/a | src: DOGAMI MILO-4 ID_21647</desc><sym>Bar</sym></wpt><wpt lat="44.598128" lon="-122.297035"><name>Albany Group (Queen of the Gulch Claim), Disc Cut No.1</name><desc>MILO gold | gold, silver | lode | discovered ? | prod started ? | size: n/a | src: DOGAMI MILO-4 ID_21648</desc><sym>Bar</sym></wpt><wpt lat="44.597540" lon="-122.297876"><name>Albany Group (Mountain King Claim), Disc Cut and Tunnel No.1</name><desc>MILO gold | gold, silver | lode | discovered ? | prod started ? | size: n/a | src: DOGAMI MILO-4 ID_21649</desc><sym>Bar</sym></wpt><wpt lat="44.596133" lon="-122.295697"><name>Albany (Mountain Queen Claim), Tunnel and Shaft No.2</name><desc>MILO gold | gold, silver, zinc, lead, copper | lode | discovered 1888 | prod started ? | size: small | src: DOGAMI MILO-4 ID_21650</desc><sym>Bar</sym></wpt><wpt lat="44.595635" lon="-122.294261"><name>Albany (Mountain Queen Claim), Disc Cut No.1</name><desc>MILO gold | gold, silver, zinc, lead, copper | lode | discovered 1888 | prod started ? | size: small | src: DOGAMI MILO-4 ID_21651</desc><sym>Bar</sym></wpt><wpt lat="44.594552" lon="-122.292501"><name>Albany (Murray Claim), Disc Cut No.1</name><desc>MILO gold | gold, silver, zinc, lead, copper | lode | discovered 1888 | prod started ? | size: small | src: DOGAMI MILO-4 ID_21652</desc><sym>Bar</sym></wpt><wpt lat="44.602603" lon="-122.293135"><name>Red Heifer No.4 cut 1 (Abe Lincoln claim)</name><desc>MILO gold | gold, silver, zinc, lead, copper | lode | discovered ? | prod started ? | size: small | src: DOGAMI MILO-4 ID_21653</desc><sym>Bar</sym></wpt><wpt lat="44.602458" lon="-122.293060"><name>Red Heifer No.4 cut 2 (Abe Lincoln claim)</name><desc>MILO gold | gold, silver, zinc, lead, copper | lode | discovered ? | prod started ? | size: small | src: DOGAMI MILO-4 ID_21654</desc><sym>Bar</sym></wpt><wpt lat="44.602251" lon="-122.292109"><name>Red Heifer Cut 3 (Abe Lincoln claim)</name><desc>MILO gold | gold, silver, zinc, lead, copper | lode | discovered ? | prod started ? | size: small | src: DOGAMI MILO-4 ID_21655</desc><sym>Bar</sym></wpt><wpt lat="44.601903" lon="-122.291608"><name>Red Heifer tunnel (Abe Lincoln claim)</name><desc>MILO gold | gold, silver, zinc, lead, copper | lode | discovered ? | prod started ? | size: small | src: DOGAMI MILO-4 ID_21656</desc><sym>Bar</sym></wpt><wpt lat="44.604013" lon="-122.291589"><name>Bob Claim discovery cut (Bob and Betty)</name><desc>MILO gold | gold, silver, zinc, lead, copper | lode | discovered 1881 | prod started ? | size: small | src: DOGAMI MILO-4 ID_21657</desc><sym>Bar</sym></wpt><wpt lat="44.603017" lon="-122.289943"><name>Bob Claim cut (Bob and Betty)</name><desc>MILO gold | gold, silver, zinc, lead, copper | lode | discovered 1881 | prod started ? | size: small | src: DOGAMI MILO-4 ID_21658</desc><sym>Bar</sym></wpt><wpt lat="44.603878" lon="-122.291325"><name>Bob Claim tunnel (Bob and Betty)</name><desc>MILO gold | gold, silver, zinc, lead, copper | lode | discovered 1881 | prod started ? | size: small | src: DOGAMI MILO-4 ID_21659</desc><sym>Bar</sym></wpt><wpt lat="44.593707" lon="-122.300840"><name>Tillicum claim tunnel 3</name><desc>MILO gold | gold, silver, zinc, lead | lode | discovered ? | prod started ? | size: n/a | src: DOGAMI MILO-4 ID_21660</desc><sym>Bar</sym></wpt><wpt lat="44.593499" lon="-122.300032"><name>Tillicum claim tunnel 2</name><desc>MILO gold | gold, silver, zinc, lead | lode | discovered ? | prod started ? | size: n/a | src: DOGAMI MILO-4 ID_21661</desc><sym>Bar</sym></wpt><wpt lat="44.608125" lon="-122.320614"><name>Mother Lode Claim Tunnel No.2/Disc. Cut No.1</name><desc>MILO gold | gold, silver | lode | discovered ? | prod started ? | size: n/a | src: DOGAMI MILO-4 ID_21662</desc><sym>Bar</sym></wpt><wpt lat="44.594768" lon="-122.319802"><name>unnamed or NA</name><desc>MILO gold | gold, silver | unknown | discovered ? | prod started ? | size: n/a | src: DOGAMI MILO-4 ID_21663</desc><sym>Bar</sym></wpt><wpt lat="44.594564" lon="-122.319895"><name>unnamed or NA</name><desc>MILO gold | gold, silver | unknown | discovered ? | prod started ? | size: n/a | src: DOGAMI MILO-4 ID_21664</desc><sym>Bar</sym></wpt><wpt lat="44.597151" lon="-122.321569"><name>unnamed or NA</name><desc>MILO gold | gold, silver | unknown | discovered ? | prod started ? | size: n/a | src: DOGAMI MILO-4 ID_21665</desc><sym>Bar</sym></wpt><wpt lat="44.597638" lon="-122.321724"><name>unnamed or NA</name><desc>MILO gold | gold, silver | unknown | discovered ? | prod started ? | size: n/a | src: DOGAMI MILO-4 ID_21666</desc><sym>Bar</sym></wpt><wpt lat="44.597006" lon="-122.324699"><name>unnamed or NA</name><desc>MILO gold | gold, silver | unknown | discovered ? | prod started ? | size: n/a | src: DOGAMI MILO-4 ID_21667</desc><sym>Bar</sym></wpt><wpt lat="44.600210" lon="-122.319274"><name>unnamed or NA</name><desc>MILO gold | gold, silver | unknown | discovered ? | prod started ? | size: n/a | src: DOGAMI MILO-4 ID_21668</desc><sym>Bar</sym></wpt><wpt lat="44.598007" lon="-122.321649"><name>unnamed or NA</name><desc>MILO gold | gold, silver | unknown | discovered ? | prod started ? | size: n/a | src: DOGAMI MILO-4 ID_21669</desc><sym>Bar</sym></wpt><wpt lat="44.591642" lon="-122.316836"><name>Lawler Consolidated Placer, Bed Rock Placer (prospect?)</name><desc>MILO gold | gold, silver, zinc, lead | unknown | discovered ? | prod started ? | size: n/a | src: DOGAMI MILO-4 ID_21670</desc><sym>Bar</sym></wpt><wpt lat="44.592903" lon="-122.320659"><name>Lawler Consolidated Placer, Bed Rock Placer (prospect?)</name><desc>MILO gold | gold, silver, zinc, lead | unknown | discovered ? | prod started ? | size: n/a | src: DOGAMI MILO-4 ID_21671</desc><sym>Bar</sym></wpt><wpt lat="44.593711" lon="-122.291148"><name>Albany (Murray Claim) cut or tunnel</name><desc>MILO gold | gold, silver, zinc, lead, copper | lode | discovered 1888 | prod started ? | size: small | src: DOGAMI MILO-4 ID_21672</desc><sym>Bar</sym></wpt><wpt lat="44.596048" lon="-122.289153"><name>unnamed or NA</name><desc>MILO gold | gold, silver, zinc, lead, copper | lode | discovered 1888 | prod started ? | size: small | src: DOGAMI MILO-4 ID_21673</desc><sym>Bar</sym></wpt><wpt lat="44.590716" lon="-122.295030"><name>unnamed or NA</name><desc>MILO gold | gold, silver, zinc, lead, copper | lode | discovered 1888 | prod started ? | size: small | src: DOGAMI MILO-4 ID_21674</desc><sym>Bar</sym></wpt><wpt lat="44.587233" lon="-122.293529"><name>unnamed or NA</name><desc>MILO gold | gold, silver, lead, zinc, copper | lode | discovered ? | prod started ? | size: n/a | src: DOGAMI MILO-4 ID_21675</desc><sym>Bar</sym></wpt><wpt lat="44.587179" lon="-122.293743"><name>unnamed or NA</name><desc>MILO gold | gold, silver, lead, zinc, copper | lode | discovered ? | prod started ? | size: n/a | src: DOGAMI MILO-4 ID_21676</desc><sym>Bar</sym></wpt><wpt lat="44.587434" lon="-122.293895"><name>unnamed or NA</name><desc>MILO gold | gold, silver, lead, zinc, copper | lode | discovered ? | prod started ? | size: n/a | src: DOGAMI MILO-4 ID_21677</desc><sym>Bar</sym></wpt><wpt lat="44.581686" lon="-122.301291"><name>unnamed or NA</name><desc>MILO gold | gold, silver, lead, zinc, copper | lode | discovered ? | prod started ? | size: n/a | src: DOGAMI MILO-4 ID_21678</desc><sym>Bar</sym></wpt><wpt lat="44.598272" lon="-122.321392"><name>unnamed or NA</name><desc>MILO gold | gold, silver | unknown | discovered ? | prod started ? | size: n/a | src: DOGAMI MILO-4 ID_21864</desc><sym>Bar</sym></wpt><wpt lat="44.597592" lon="-122.326400"><name>unnamed or NA</name><desc>MILO gold | gold, silver | unknown | discovered ? | prod started ? | size: n/a | src: DOGAMI MILO-4 ID_21865</desc><sym>Bar</sym></wpt><wpt lat="44.597412" lon="-122.326507"><name>unnamed or NA</name><desc>MILO gold | gold, silver | unknown | discovered ? | prod started ? | size: n/a | src: DOGAMI MILO-4 ID_21866</desc><sym>Bar</sym></wpt><wpt lat="44.602383" lon="-122.324212"><name>prospect</name><desc>MILO gold | gold, silver | unknown | discovered ? | prod started ? | size: n/a | src: DOGAMI MILO-4 ID_21867</desc><sym>Bar</sym></wpt><wpt lat="44.601552" lon="-122.322711"><name>unnamed or NA</name><desc>MILO gold | gold, silver | unknown | discovered ? | prod started ? | size: n/a | src: DOGAMI MILO-4 ID_21868</desc><sym>Bar</sym></wpt><wpt lat="44.598104" lon="-122.300766"><name>unnamed or NA</name><desc>MILO gold | gold, silver | unknown | discovered ? | prod started ? | size: n/a | src: DOGAMI MILO-4 ID_21869</desc><sym>Bar</sym></wpt><wpt lat="44.598023" lon="-122.301374"><name>unnamed or NA</name><desc>MILO gold | gold, silver | unknown | discovered ? | prod started ? | size: n/a | src: DOGAMI MILO-4 ID_21870</desc><sym>Bar</sym></wpt><wpt lat="44.598761" lon="-122.301212"><name>unnamed or NA</name><desc>MILO gold | gold, silver | unknown | discovered ? | prod started ? | size: n/a | src: DOGAMI MILO-4 ID_21871</desc><sym>Bar</sym></wpt><wpt lat="44.594722" lon="-122.304906"><name>unnamed or NA</name><desc>MILO gold | gold, silver | unknown | discovered ? | prod started ? | size: n/a | src: DOGAMI MILO-4 ID_21872</desc><sym>Bar</sym></wpt><wpt lat="44.604862" lon="-122.296651"><name>unnamed or NA</name><desc>MILO gold | gold, silver | unknown | discovered ? | prod started ? | size: n/a | src: DOGAMI MILO-4 ID_21873</desc><sym>Bar</sym></wpt><wpt lat="44.605046" lon="-122.298587"><name>unnamed or NA</name><desc>MILO gold | gold, silver | unknown | discovered ? | prod started ? | size: n/a | src: DOGAMI MILO-4 ID_21874</desc><sym>Bar</sym></wpt><wpt lat="44.602927" lon="-122.282748"><name>unnamed or NA</name><desc>MILO gold | gold, silver | unknown | discovered ? | prod started ? | size: n/a | src: DOGAMI MILO-4 ID_21875</desc><sym>Bar</sym></wpt><wpt lat="44.558905" lon="-122.283112"><name>prospect</name><desc>MILO gold | gold, silver, zinc | unknown | discovered ? | prod started ? | size: n/a | src: DOGAMI MILO-4 ID_21876</desc><sym>Bar</sym></wpt><wpt lat="44.559173" lon="-122.283335"><name>prospect</name><desc>MILO gold | gold, silver, zinc | unknown | discovered ? | prod started ? | size: n/a | src: DOGAMI MILO-4 ID_21877</desc><sym>Bar</sym></wpt><wpt lat="44.559397" lon="-122.283421"><name>prospect</name><desc>MILO gold | gold, silver, zinc | unknown | discovered ? | prod started ? | size: n/a | src: DOGAMI MILO-4 ID_21878</desc><sym>Bar</sym></wpt><wpt lat="44.559683" lon="-122.283400"><name>prospect</name><desc>MILO gold | gold, silver, zinc | unknown | discovered ? | prod started ? | size: n/a | src: DOGAMI MILO-4 ID_21879</desc><sym>Bar</sym></wpt><wpt lat="44.559933" lon="-122.283438"><name>prospect</name><desc>MILO gold | gold, silver, zinc | unknown | discovered ? | prod started ? | size: n/a | src: DOGAMI MILO-4 ID_21880</desc><sym>Bar</sym></wpt><wpt lat="44.561938" lon="-122.279245"><name>prospect</name><desc>MILO gold | gold, silver, zinc | unknown | discovered ? | prod started ? | size: n/a | src: DOGAMI MILO-4 ID_21881</desc><sym>Bar</sym></wpt><wpt lat="44.547270" lon="-122.275157"><name>prospect</name><desc>MILO gold | gold, silver, zinc | unknown | discovered ? | prod started ? | size: n/a | src: DOGAMI MILO-4 ID_21882</desc><sym>Bar</sym></wpt><wpt lat="44.602956" lon="-122.315668"><name>adit</name><desc>MILO gold | gold, silver | unknown | discovered ? | prod started ? | size: n/a | src: DOGAMI MILO-4 ID_23101</desc><sym>Bar</sym></wpt><wpt lat="44.587533" lon="-122.306201"><name>Lawler Consolidated Group, Red Blair Claim tunnel 1</name><desc>MILO gold | gold, silver, zinc, lead | unknown | discovered ? | prod started ? | size: n/a | src: DOGAMI MILO-4 ID_23102</desc><sym>Bar</sym></wpt><wpt lat="44.587603" lon="-122.306048"><name>Lawler Consolidated Group, Red Blair Claim tunnel 1</name><desc>MILO gold | gold, silver, zinc, lead | unknown | discovered ? | prod started ? | size: n/a | src: DOGAMI MILO-4 ID_23103</desc><sym>Bar</sym></wpt><wpt lat="44.587812" lon="-122.305520"><name>Lawler Consolidated Group, Red Blair Claim tunnel 1</name><desc>MILO gold | gold, silver, zinc, lead | unknown | discovered ? | prod started ? | size: n/a | src: DOGAMI MILO-4 ID_23104</desc><sym>Bar</sym></wpt><wpt lat="44.588008" lon="-122.304856"><name>Lawler Consolidated Group, Red Blair Claim tunnel 1</name><desc>MILO gold | gold, silver, zinc, lead | unknown | discovered ? | prod started ? | size: n/a | src: DOGAMI MILO-4 ID_23105</desc><sym>Bar</sym></wpt><wpt lat="44.588120" lon="-122.304564"><name>Lawler Consolidated Group, Red Blair Claim tunnel 1</name><desc>MILO gold | gold, silver, zinc, lead | unknown | discovered ? | prod started ? | size: n/a | src: DOGAMI MILO-4 ID_23106</desc><sym>Bar</sym></wpt><wpt lat="44.589334" lon="-122.309038"><name>Lawler Consolidated Group, Red Bull (Shaft)</name><desc>MILO gold | gold, silver, zinc, lead | unknown | discovered ? | prod started ? | size: n/a | src: DOGAMI MILO-4 ID_23319</desc><sym>Bar</sym></wpt><wpt lat="44.572533" lon="-122.291754"><name>prospect</name><desc>MILO gold | gold, silver, zinc | unknown | discovered ? | prod started ? | size: n/a | src: DOGAMI MILO-4 ID_23322</desc><sym>Bar</sym></wpt><wpt lat="44.574995" lon="-122.296999"><name>prospect</name><desc>MILO gold | gold, silver, zinc | unknown | discovered ? | prod started ? | size: n/a | src: DOGAMI MILO-4 ID_23323</desc><sym>Bar</sym></wpt><wpt lat="44.598710" lon="-122.302260"><name>Doodlebug Claim</name><desc>MRDS gold occurrence | status: Prospect | commodities: AU | src: https://mrdata.usgs.gov/mrds/show-mrds.php?dep_id=10128714</desc><sym>Dot</sym></wpt><wpt lat="44.597010" lon="-122.303960"><name>Big Mac</name><desc>MRDS gold occurrence | status: Past Producer | commodities: AU | src: https://mrdata.usgs.gov/mrds/show-mrds.php?dep_id=10201584</desc><sym>Dot</sym></wpt><wpt lat="44.606210" lon="-122.269260"><name>Peak and Dwarf Claims</name><desc>MRDS gold occurrence | status: Prospect | commodities: AU | src: https://mrdata.usgs.gov/mrds/show-mrds.php?dep_id=10250443</desc><sym>Dot</sym></wpt><wpt lat="44.588700" lon="-122.370600"><name>Houf Property</name><desc>MRDS gold occurrence | status: Occurrence | commodities: AU | src: https://mrdata.usgs.gov/mrds/show-mrds.php?dep_id=10036324</desc><sym>Dot</sym></wpt><wpt lat="44.597030" lon="-122.298100"><name>Doodlebug Claim</name><desc>MRDS gold occurrence | status: Occurrence | commodities: AU | src: https://mrdata.usgs.gov/mrds/show-mrds.php?dep_id=10048419</desc><sym>Dot</sym></wpt><wpt lat="44.606200" lon="-122.269220"><name>Peak &amp; Dwarf</name><desc>MRDS gold occurrence | status: Occurrence | commodities: AU | src: https://mrdata.usgs.gov/mrds/show-mrds.php?dep_id=10053827</desc><sym>Dot</sym></wpt><wpt lat="44.599010" lon="-122.301960"><name>Unnamed Prospect</name><desc>MRDS gold occurrence | status: Prospect | commodities: AU | src: https://mrdata.usgs.gov/mrds/show-mrds.php?dep_id=10128677</desc><sym>Dot</sym></wpt><wpt lat="44.588710" lon="-122.370560"><name>Houf Property</name><desc>MRDS gold occurrence | status: Unknown | commodities: AU | src: https://mrdata.usgs.gov/mrds/show-mrds.php?dep_id=10250627</desc><sym>Dot</sym></wpt><wpt lat="44.601210" lon="-122.337860"><name>Unnamed Prospect</name><desc>MRDS gold occurrence | status: Unknown | commodities: AU | src: https://mrdata.usgs.gov/mrds/show-mrds.php?dep_id=10250429</desc><sym>Dot</sym></wpt><wpt lat="44.554856" lon="-122.275910"><name>OPEN-quartzville-01</name><desc>Forty-Four Mines (placer (heuristic: surface workings)) | agency: USFS | 88m to stream | cluster: 1 nearby | src: MILO</desc><sym>Star</sym></wpt><wpt lat="44.547710" lon="-122.275014"><name>OPEN-quartzville-02</name><desc>USMIN Prospect Pit | agency: USFS | 6m to stream | cluster: 1 nearby | src: USMIN</desc><sym>Star</sym></wpt><wpt lat="44.572628" lon="-122.291760"><name>OPEN-quartzville-03</name><desc>USMIN Prospect Pit | agency: USFS | 14m to stream | cluster: 1 nearby | src: USMIN</desc><sym>Star</sym></wpt><wpt lat="44.546626" lon="-122.258089"><name>OPEN-quartzville-04</name><desc>USMIN Prospect Pit | agency: USFS | 48m to stream | cluster: 1 nearby | src: USMIN</desc><sym>Star</sym></wpt><wpt lat="44.582342" lon="-122.311554"><name>OPEN-quartzville-05</name><desc>USMIN Prospect Pit | agency: USFS | 107m to stream | cluster: 1 nearby | src: USMIN</desc><sym>Star</sym></wpt><wpt lat="44.597151" lon="-122.321569"><name>OPEN-quartzville-06</name><desc>unnamed or NA (unknown) | agency: USFS | 51m to stream | cluster: 6 nearby | src: MILO</desc><sym>Star</sym></wpt><wpt lat="44.597638" lon="-122.321724"><name>OPEN-quartzville-07</name><desc>unnamed or NA (unknown) | agency: USFS | 74m to stream | cluster: 5 nearby | src: MILO</desc><sym>Star</sym></wpt><wpt lat="44.598272" lon="-122.321392"><name>OPEN-quartzville-08</name><desc>unnamed or NA (unknown) | agency: USFS | 85m to stream | cluster: 5 nearby | src: MILO</desc><sym>Star</sym></wpt><wpt lat="44.598007" lon="-122.321649"><name>OPEN-quartzville-09</name><desc>unnamed or NA (unknown) | agency: USFS | 88m to stream | cluster: 5 nearby | src: MILO</desc><sym>Star</sym></wpt><wpt lat="44.600210" lon="-122.319274"><name>OPEN-quartzville-10</name><desc>unnamed or NA (unknown) | agency: USFS | 54m to stream | cluster: 4 nearby | src: MILO</desc><sym>Star</sym></wpt><wpt lat="44.597006" lon="-122.324699"><name>OPEN-quartzville-11</name><desc>unnamed or NA (unknown) | agency: USFS | 136m to stream | cluster: 4 nearby | src: MILO</desc><sym>Star</sym></wpt><wpt lat="44.588387" lon="-122.290753"><name>OPEN-quartzville-12</name><desc>Accident (lode) | agency: USFS | 12m to stream | cluster: 3 nearby | NEAR ACTIVE CLAIM (&lt;50m, approx) | src: MILO</desc><sym>Star</sym></wpt><wpt lat="44.601552" lon="-122.322711"><name>OPEN-quartzville-13</name><desc>unnamed or NA (unknown) | agency: USFS | 20m to stream | cluster: 3 nearby | src: MILO</desc><sym>Star</sym></wpt><wpt lat="44.587179" lon="-122.293743"><name>OPEN-quartzville-14</name><desc>unnamed or NA (lode) | agency: USFS | 40m to stream | cluster: 3 nearby | src: MILO</desc><sym>Star</sym></wpt><wpt lat="44.587233" lon="-122.293529"><name>OPEN-quartzville-15</name><desc>unnamed or NA (lode) | agency: USFS | 44m to stream | cluster: 3 nearby | src: MILO</desc><sym>Star</sym></wpt><wpt lat="44.587434" lon="-122.293895"><name>OPEN-quartzville-16</name><desc>unnamed or NA (lode) | agency: USFS | 70m to stream | cluster: 3 nearby | src: MILO</desc><sym>Star</sym></wpt><wpt lat="44.604862" lon="-122.296651"><name>OPEN-quartzville-17</name><desc>unnamed or NA (unknown) | agency: USFS | 5m to stream | cluster: 2 nearby | src: MILO</desc><sym>Star</sym></wpt><wpt lat="44.594564" lon="-122.319895"><name>OPEN-quartzville-18</name><desc>unnamed or NA (unknown) | agency: USFS | 27m to stream | cluster: 2 nearby | src: MILO</desc><sym>Star</sym></wpt><wpt lat="44.594768" lon="-122.319802"><name>OPEN-quartzville-19</name><desc>unnamed or NA (unknown) | agency: USFS | 34m to stream | cluster: 2 nearby | src: MILO</desc><sym>Star</sym></wpt><wpt lat="44.602383" lon="-122.324212"><name>OPEN-quartzville-20</name><desc>prospect (unknown) | agency: USFS | 41m to stream | cluster: 2 nearby | src: MILO</desc><sym>Star</sym></wpt><wpt lat="44.603035" lon="-122.322586"><name>OPEN-quartzville-21</name><desc>Pine Squirl Claim, discovery cut (lode) | agency: USFS | 46m to stream | cluster: 2 nearby | src: MILO</desc><sym>Star</sym></wpt><wpt lat="44.605915" lon="-122.269966"><name>OPEN-quartzville-22</name><desc>Peak and Dwarf (unknown) | agency: USFS | 53m to stream | cluster: 2 nearby | src: MILO</desc><sym>Star</sym></wpt><wpt lat="44.606200" lon="-122.269220"><name>OPEN-quartzville-23</name><desc>Peak &amp; Dwarf (Occurrence) | agency: USFS | 73m to stream | cluster: 2 nearby | src: MRDS</desc><sym>Star</sym></wpt><wpt lat="44.606210" lon="-122.269260"><name>OPEN-quartzville-24</name><desc>Peak and Dwarf Claims (Prospect) | agency: USFS | 75m to stream | cluster: 2 nearby | src: MRDS</desc><sym>Star</sym></wpt><wpt lat="44.604713" lon="-122.298746"><name>OPEN-quartzville-25</name><desc>Hastings (lode) | agency: USFS | 98m to stream | cluster: 2 nearby | src: MILO</desc><sym>Star</sym></wpt><trk><name>WVM #1B Dry Gulch [APPROX quarter-section]</name><desc>WVM | serial ORMC171094 | placer | 18.0 ac | Active | APPROX (BLM quarter-section) | src: BLM MLRS</desc><trkseg><trkpt lat="44.602726" lon="-122.305592"></trkpt><trkpt lat="44.602739" lon="-122.300562"></trkpt><trkpt lat="44.602753" lon="-122.295532"></trkpt><trkpt lat="44.601909" lon="-122.295540"></trkpt><trkpt lat="44.602666" lon="-122.295408"></trkpt><trkpt lat="44.602599" lon="-122.294327"></trkpt><trkpt lat="44.601825" lon="-122.293290"></trkpt><trkpt lat="44.599172" lon="-122.293637"></trkpt><trkpt lat="44.597099" lon="-122.290557"></trkpt><trkpt lat="44.596056" lon="-122.290568"></trkpt><trkpt lat="44.595589" lon="-122.291179"></trkpt><trkpt lat="44.595589" lon="-122.291400"></trkpt><trkpt lat="44.598329" lon="-122.295383"></trkpt><trkpt lat="44.598509" lon="-122.295147"></trkpt><trkpt lat="44.598543" lon="-122.295572"></trkpt><trkpt lat="44.596874" lon="-122.295588"></trkpt><trkpt lat="44.595584" lon="-122.295600"></trkpt><trkpt lat="44.595578" lon="-122.300055"></trkpt><trkpt lat="44.595578" lon="-122.300400"></trkpt><trkpt lat="44.595577" lon="-122.300629"></trkpt><trkpt lat="44.595577" lon="-122.300880"></trkpt><trkpt lat="44.595571" lon="-122.305657"></trkpt><trkpt lat="44.599148" lon="-122.305625"></trkpt><trkpt lat="44.602726" lon="-122.305592"></trkpt></trkseg></trk><trk><name>Cedar Bend Placer [APPROX quarter-section]</name><desc>WVM | serial ORMC30445 | placer | 18.18 ac | Active | APPROX (BLM quarter-section) | src: BLM MLRS</desc><trkseg><trkpt lat="44.581224" lon="-122.312123"></trkpt><trkpt lat="44.581223" lon="-122.310799"></trkpt><trkpt lat="44.581223" lon="-122.310589"></trkpt><trkpt lat="44.581221" lon="-122.307957"></trkpt><trkpt lat="44.581219" lon="-122.305760"></trkpt><trkpt lat="44.577621" lon="-122.305780"></trkpt><trkpt lat="44.576414" lon="-122.305786"></trkpt><trkpt lat="44.575562" lon="-122.305791"></trkpt><trkpt lat="44.574023" lon="-122.305799"></trkpt><trkpt lat="44.574027" lon="-122.310832"></trkpt><trkpt lat="44.574031" lon="-122.315864"></trkpt><trkpt lat="44.574035" lon="-122.320897"></trkpt><trkpt lat="44.574039" lon="-122.325929"></trkpt><trkpt lat="44.577637" lon="-122.325921"></trkpt><trkpt lat="44.581234" lon="-122.325912"></trkpt><trkpt lat="44.581231" lon="-122.320875"></trkpt><trkpt lat="44.581227" lon="-122.315838"></trkpt><trkpt lat="44.581224" lon="-122.312123"></trkpt></trkseg></trk><trk><name>WIRE GOLD [APPROX quarter-section]</name><desc>lode | serial ORMC101599 | 20.66 ac | Active | qtr-sec OR 33 0110S 0040E 023 A SE | recorded~2021 (DB date, not legal located date) | src: BLM MLRS Not Closed | APPROX (BLM quarter-section)</desc><trkseg><trkpt lat="44.588413" lon="-122.290643"></trkpt><trkpt lat="44.588414" lon="-122.295669"></trkpt><trkpt lat="44.588414" lon="-122.295875"></trkpt><trkpt lat="44.588492" lon="-122.295748"></trkpt><trkpt lat="44.588649" lon="-122.295667"></trkpt><trkpt lat="44.589418" lon="-122.295659"></trkpt><trkpt lat="44.589470" lon="-122.295777"></trkpt><trkpt lat="44.589569" lon="-122.295658"></trkpt><trkpt lat="44.591343" lon="-122.295641"></trkpt><trkpt lat="44.591998" lon="-122.297130"></trkpt><trkpt lat="44.591999" lon="-122.295635"></trkpt><trkpt lat="44.593302" lon="-122.295622"></trkpt><trkpt lat="44.595584" lon="-122.295600"></trkpt><trkpt lat="44.595587" lon="-122.292806"></trkpt><trkpt lat="44.595589" lon="-122.291400"></trkpt><trkpt lat="44.595589" lon="-122.291179"></trkpt><trkpt lat="44.595590" lon="-122.290572"></trkpt><trkpt lat="44.595596" lon="-122.285544"></trkpt><trkpt lat="44.592004" lon="-122.285580"></trkpt><trkpt lat="44.588412" lon="-122.285617"></trkpt><trkpt lat="44.588413" lon="-122.290643"></trkpt></trkseg></trk><trk><name>FREE GOLD [APPROX quarter-section]</name><desc>lode | serial ORMC166145 | 20.66 ac | Active | qtr-sec OR 33 0110S 0040E 026 A NW|OR 33 0110S 0040E 023 A SW | recorded~2021 (DB date, not legal located date) | src: BLM MLRS Not Closed | APPROX (BLM quarter-section)</desc><trkseg><trkpt lat="44.581219" lon="-122.305760"></trkpt><trkpt lat="44.583115" lon="-122.305750"></trkpt><trkpt lat="44.584817" lon="-122.305741"></trkpt><trkpt lat="44.585107" lon="-122.305739"></trkpt><trkpt lat="44.586509" lon="-122.305732"></trkpt><trkpt lat="44.586512" lon="-122.305732"></trkpt><trkpt lat="44.587251" lon="-122.305728"></trkpt><trkpt lat="44.587282" lon="-122.305727"></trkpt><trkpt lat="44.587287" lon="-122.305727"></trkpt><trkpt lat="44.587768" lon="-122.305725"></trkpt><trkpt lat="44.587772" lon="-122.305724"></trkpt><trkpt lat="44.588415" lon="-122.305721"></trkpt><trkpt lat="44.589517" lon="-122.305711"></trkpt><trkpt lat="44.591993" lon="-122.305689"></trkpt><trkpt lat="44.593558" lon="-122.305675"></trkpt><trkpt lat="44.595084" lon="-122.305661"></trkpt><trkpt lat="44.595571" lon="-122.305657"></trkpt><trkpt lat="44.595577" lon="-122.300880"></trkpt><trkpt lat="44.595577" lon="-122.300629"></trkpt><trkpt lat="44.595578" lon="-122.300400"></trkpt><trkpt lat="44.595578" lon="-122.300055"></trkpt><trkpt lat="44.595584" lon="-122.295600"></trkpt><trkpt lat="44.593302" lon="-122.295622"></trkpt><trkpt lat="44.591999" lon="-122.295635"></trkpt><trkpt lat="44.591998" lon="-122.297130"></trkpt><trkpt lat="44.591343" lon="-122.295641"></trkpt><trkpt lat="44.589569" lon="-122.295658"></trkpt><trkpt lat="44.589470" lon="-122.295777"></trkpt><trkpt lat="44.589418" lon="-122.295659"></trkpt><trkpt lat="44.588649" lon="-122.295667"></trkpt><trkpt lat="44.588492" lon="-122.295748"></trkpt><trkpt lat="44.588414" lon="-122.295875"></trkpt><trkpt lat="44.588414" lon="-122.295669"></trkpt><trkpt lat="44.584817" lon="-122.295694"></trkpt><trkpt lat="44.581221" lon="-122.295720"></trkpt><trkpt lat="44.581220" lon="-122.300740"></trkpt><trkpt lat="44.581219" lon="-122.305760"></trkpt></trkseg></trk><trk><name>RELIEF MINE [APPROX quarter-section]</name><desc>lode | serial ORMC172954 | 20.66 ac | Active | qtr-sec OR 33 0110S 0040E 026 A NW|OR 33 0110S 0040E 026 A SW | recorded~2021 (DB date, not legal located date) | src: BLM MLRS Not Closed | APPROX (BLM quarter-section)</desc><trkseg><trkpt lat="44.576414" lon="-122.305786"></trkpt><trkpt lat="44.577621" lon="-122.305780"></trkpt><trkpt lat="44.581219" lon="-122.305760"></trkpt><trkpt lat="44.583115" lon="-122.305750"></trkpt><trkpt lat="44.584817" lon="-122.305741"></trkpt><trkpt lat="44.585107" lon="-122.305739"></trkpt><trkpt lat="44.586509" lon="-122.305732"></trkpt><trkpt lat="44.586512" lon="-122.305732"></trkpt><trkpt lat="44.587251" lon="-122.305728"></trkpt><trkpt lat="44.587282" lon="-122.305727"></trkpt><trkpt lat="44.587287" lon="-122.305727"></trkpt><trkpt lat="44.587768" lon="-122.305725"></trkpt><trkpt lat="44.587772" lon="-122.305724"></trkpt><trkpt lat="44.588415" lon="-122.305721"></trkpt><trkpt lat="44.588415" lon="-122.303368"></trkpt><trkpt lat="44.588415" lon="-122.300695"></trkpt><trkpt lat="44.588414" lon="-122.297768"></trkpt><trkpt lat="44.588414" lon="-122.295875"></trkpt><trkpt lat="44.588414" lon="-122.295669"></trkpt><trkpt lat="44.584817" lon="-122.295694"></trkpt><trkpt lat="44.581221" lon="-122.295720"></trkpt><trkpt lat="44.577625" lon="-122.295745"></trkpt><trkpt lat="44.574028" lon="-122.295770"></trkpt><trkpt lat="44.574025" lon="-122.300784"></trkpt><trkpt lat="44.574023" lon="-122.305799"></trkpt><trkpt lat="44.575562" lon="-122.305791"></trkpt><trkpt lat="44.576414" lon="-122.305786"></trkpt></trkseg></trk><trk><name>GOLDEN DREAMS [APPROX quarter-section]</name><desc>lode | serial ORMC174152 | 20.66 ac | Active | qtr-sec OR 33 0110S 0040E 023 A SW|OR 33 0110S 0040E 026 A NW | recorded~2021 (DB date, not legal located date) | src: BLM MLRS Not Closed | APPROX (BLM quarter-section)</desc><trkseg><trkpt lat="44.581219" lon="-122.305760"></trkpt><trkpt lat="44.583115" lon="-122.305750"></trkpt><trkpt lat="44.584817" lon="-122.305741"></trkpt><trkpt lat="44.585107" lon="-122.305739"></trkpt><trkpt lat="44.586509" lon="-122.305732"></trkpt><trkpt lat="44.586512" lon="-122.305732"></trkpt><trkpt lat="44.587251" lon="-122.305728"></trkpt><trkpt lat="44.587282" lon="-122.305727"></trkpt><trkpt lat="44.587287" lon="-122.305727"></trkpt><trkpt lat="44.587768" lon="-122.305725"></trkpt><trkpt lat="44.587772" lon="-122.305724"></trkpt><trkpt lat="44.588415" lon="-122.305721"></trkpt><trkpt lat="44.589517" lon="-122.305711"></trkpt><trkpt lat="44.591993" lon="-122.305689"></trkpt><trkpt lat="44.593558" lon="-122.305675"></trkpt><trkpt lat="44.595084" lon="-122.305661"></trkpt><trkpt lat="44.595571" lon="-122.305657"></trkpt><trkpt lat="44.595577" lon="-122.300880"></trkpt><trkpt lat="44.595577" lon="-122.300629"></trkpt><trkpt lat="44.595578" lon="-122.300400"></trkpt><trkpt lat="44.595578" lon="-122.300055"></trkpt><trkpt lat="44.595584" lon="-122.295600"></trkpt><trkpt lat="44.593302" lon="-122.295622"></trkpt><trkpt lat="44.591999" lon="-122.295635"></trkpt><trkpt lat="44.591998" lon="-122.297130"></trkpt><trkpt lat="44.591343" lon="-122.295641"></trkpt><trkpt lat="44.589569" lon="-122.295658"></trkpt><trkpt lat="44.589470" lon="-122.295777"></trkpt><trkpt lat="44.589418" lon="-122.295659"></trkpt><trkpt lat="44.588649" lon="-122.295667"></trkpt><trkpt lat="44.588492" lon="-122.295748"></trkpt><trkpt lat="44.588414" lon="-122.295875"></trkpt><trkpt lat="44.588414" lon="-122.295669"></trkpt><trkpt lat="44.584817" lon="-122.295694"></trkpt><trkpt lat="44.581221" lon="-122.295720"></trkpt><trkpt lat="44.581220" lon="-122.300740"></trkpt><trkpt lat="44.581219" lon="-122.305760"></trkpt></trkseg></trk><trk><name>sweetwater [APPROX quarter-section]</name><desc>lode | serial OR106348587 | 641.57 ac | Filed | qtr-sec OR 33 0110S 0040E 023 A NW | recorded~2024 (DB date, not legal located date) | src: BLM MLRS Not Closed | APPROX (BLM quarter-section)</desc><trkseg><trkpt lat="44.595578" lon="-122.300400"></trkpt><trkpt lat="44.595577" lon="-122.300629"></trkpt><trkpt lat="44.595577" lon="-122.300880"></trkpt><trkpt lat="44.595571" lon="-122.305657"></trkpt><trkpt lat="44.599148" lon="-122.305625"></trkpt><trkpt lat="44.602726" lon="-122.305592"></trkpt><trkpt lat="44.602739" lon="-122.300562"></trkpt><trkpt lat="44.602753" lon="-122.295532"></trkpt><trkpt lat="44.601909" lon="-122.295540"></trkpt><trkpt lat="44.602666" lon="-122.295408"></trkpt><trkpt lat="44.602599" lon="-122.294327"></trkpt><trkpt lat="44.601825" lon="-122.293290"></trkpt><trkpt lat="44.599172" lon="-122.293637"></trkpt><trkpt lat="44.597099" lon="-122.290557"></trkpt><trkpt lat="44.596056" lon="-122.290568"></trkpt><trkpt lat="44.595589" lon="-122.291179"></trkpt><trkpt lat="44.595589" lon="-122.291400"></trkpt><trkpt lat="44.598329" lon="-122.295383"></trkpt><trkpt lat="44.598509" lon="-122.295147"></trkpt><trkpt lat="44.598543" lon="-122.295572"></trkpt><trkpt lat="44.596874" lon="-122.295588"></trkpt><trkpt lat="44.595584" lon="-122.295600"></trkpt><trkpt lat="44.595578" lon="-122.300055"></trkpt><trkpt lat="44.595578" lon="-122.300400"></trkpt></trkseg></trk><trk><name>Edson A [APPROX quarter-section]</name><desc>lode | serial OR106377410 | 486.09 ac | Active | qtr-sec OR 33 0110S 0040E 022 NE | recorded~2024 (DB date, not legal located date) | src: BLM MLRS Not Closed | APPROX (BLM quarter-section)</desc><trkseg><trkpt lat="44.593663" lon="-122.314668"></trkpt><trkpt lat="44.594434" lon="-122.314935"></trkpt><trkpt lat="44.594291" lon="-122.315772"></trkpt><trkpt lat="44.595567" lon="-122.315763"></trkpt><trkpt lat="44.599125" lon="-122.315739"></trkpt><trkpt lat="44.600510" lon="-122.315730"></trkpt><trkpt lat="44.602683" lon="-122.315715"></trkpt><trkpt lat="44.602692" lon="-122.313618"></trkpt><trkpt lat="44.602704" lon="-122.310654"></trkpt><trkpt lat="44.602726" lon="-122.305592"></trkpt><trkpt lat="44.599148" lon="-122.305625"></trkpt><trkpt lat="44.595571" lon="-122.305657"></trkpt><trkpt lat="44.595084" lon="-122.305661"></trkpt><trkpt lat="44.595144" lon="-122.306167"></trkpt><trkpt lat="44.594831" lon="-122.307960"></trkpt><trkpt lat="44.595570" lon="-122.308215"></trkpt><trkpt lat="44.595569" lon="-122.310710"></trkpt><trkpt lat="44.595568" lon="-122.312904"></trkpt><trkpt lat="44.594061" lon="-122.312409"></trkpt><trkpt lat="44.593663" lon="-122.314668"></trkpt></trkseg></trk><trk><name>Edson B [APPROX quarter-section]</name><desc>lode | serial OR106377411 | 486.09 ac | Active | qtr-sec OR 33 0110S 0040E 022 NE | recorded~2024 (DB date, not legal located date) | src: BLM MLRS Not Closed | APPROX (BLM quarter-section)</desc><trkseg><trkpt lat="44.593663" lon="-122.314668"></trkpt><trkpt lat="44.594434" lon="-122.314935"></trkpt><trkpt lat="44.594291" lon="-122.315772"></trkpt><trkpt lat="44.595567" lon="-122.315763"></trkpt><trkpt lat="44.599125" lon="-122.315739"></trkpt><trkpt lat="44.600510" lon="-122.315730"></trkpt><trkpt lat="44.602683" lon="-122.315715"></trkpt><trkpt lat="44.602692" lon="-122.313618"></trkpt><trkpt lat="44.602704" lon="-122.310654"></trkpt><trkpt lat="44.602726" lon="-122.305592"></trkpt><trkpt lat="44.599148" lon="-122.305625"></trkpt><trkpt lat="44.595571" lon="-122.305657"></trkpt><trkpt lat="44.595084" lon="-122.305661"></trkpt><trkpt lat="44.595144" lon="-122.306167"></trkpt><trkpt lat="44.594831" lon="-122.307960"></trkpt><trkpt lat="44.595570" lon="-122.308215"></trkpt><trkpt lat="44.595569" lon="-122.310710"></trkpt><trkpt lat="44.595568" lon="-122.312904"></trkpt><trkpt lat="44.594061" lon="-122.312409"></trkpt><trkpt lat="44.593663" lon="-122.314668"></trkpt></trkseg></trk><trk><name>Edson C [APPROX quarter-section]</name><desc>lode | serial OR106377412 | 486.09 ac | Active | qtr-sec OR 33 0110S 0040E 022 NE | recorded~2024 (DB date, not legal located date) | src: BLM MLRS Not Closed | APPROX (BLM quarter-section)</desc><trkseg><trkpt lat="44.593663" lon="-122.314668"></trkpt><trkpt lat="44.594434" lon="-122.314935"></trkpt><trkpt lat="44.594291" lon="-122.315772"></trkpt><trkpt lat="44.595567" lon="-122.315763"></trkpt><trkpt lat="44.599125" lon="-122.315739"></trkpt><trkpt lat="44.600510" lon="-122.315730"></trkpt><trkpt lat="44.602683" lon="-122.315715"></trkpt><trkpt lat="44.602692" lon="-122.313618"></trkpt><trkpt lat="44.602704" lon="-122.310654"></trkpt><trkpt lat="44.602726" lon="-122.305592"></trkpt><trkpt lat="44.599148" lon="-122.305625"></trkpt><trkpt lat="44.595571" lon="-122.305657"></trkpt><trkpt lat="44.595084" lon="-122.305661"></trkpt><trkpt lat="44.595144" lon="-122.306167"></trkpt><trkpt lat="44.594831" lon="-122.307960"></trkpt><trkpt lat="44.595570" lon="-122.308215"></trkpt><trkpt lat="44.595569" lon="-122.310710"></trkpt><trkpt lat="44.595568" lon="-122.312904"></trkpt><trkpt lat="44.594061" lon="-122.312409"></trkpt><trkpt lat="44.593663" lon="-122.314668"></trkpt></trkseg></trk><trk><name>M &amp; M B [APPROX quarter-section]</name><desc>placer | serial OR105231719 | 20.0 ac | Active | qtr-sec OR 33 0110S 0040E 036 A NESW|OR 33 0110S 0040E 036 A NESW|OR 33 0110S 0040E 036 A NESW|OR 33 0110S 0040E 036 A NESW | recorded~2021 (DB date, not legal located date) | src: BLM MLRS Not Closed | APPROX (BLM quarter-section)</desc><trkseg><trkpt lat="44.563296" lon="-122.280776"></trkpt><trkpt lat="44.566883" lon="-122.280742"></trkpt><trkpt lat="44.566911" lon="-122.275674"></trkpt><trkpt lat="44.563325" lon="-122.275708"></trkpt><trkpt lat="44.563296" lon="-122.280776"></trkpt></trkseg></trk><trk><name>XPNSV Hobby Too [APPROX quarter-section]</name><desc>placer | serial OR105788553 | 40.0 ac | Filed | qtr-sec OR 33 0110S 0040E 026 A SESE|OR 33 0110S 0040E 026 A SWSE|OR 33 0110S 0040E 026 A NESE|OR 33 0110S 0040E 026 A NWSE|OR 33 0110S 0040E 026 A SE | recorded~2022 (DB date, not legal located date) | src: BLM MLRS Not Closed | APPROX (BLM quarter-s…</desc><trkseg><trkpt lat="44.574028" lon="-122.295770"></trkpt><trkpt lat="44.577625" lon="-122.295745"></trkpt><trkpt lat="44.581221" lon="-122.295720"></trkpt><trkpt lat="44.581222" lon="-122.290699"></trkpt><trkpt lat="44.581222" lon="-122.285679"></trkpt><trkpt lat="44.577628" lon="-122.285710"></trkpt><trkpt lat="44.574033" lon="-122.285741"></trkpt><trkpt lat="44.574030" lon="-122.290756"></trkpt><trkpt lat="44.574028" lon="-122.295770"></trkpt></trkseg></trk><trk><name>Golden Flower #2 [APPROX quarter-section]</name><desc>placer | serial OR105795368 | 40.0 ac | Active | qtr-sec OR 33 0110S 0040E 036 A N2NWNE | recorded~2022 (DB date, not legal located date) | src: BLM MLRS Not Closed | APPROX (BLM quarter-section)</desc><trkseg><trkpt lat="44.574093" lon="-122.273072"></trkpt><trkpt lat="44.574105" lon="-122.270538"></trkpt><trkpt lat="44.572314" lon="-122.270554"></trkpt><trkpt lat="44.572301" lon="-122.273088"></trkpt><trkpt lat="44.572289" lon="-122.275623"></trkpt><trkpt lat="44.574081" lon="-122.275605"></trkpt><trkpt lat="44.574093" lon="-122.273072"></trkpt></trkseg></trk><trk><name>ANGIE M [APPROX quarter-section]</name><desc>placer | serial ORMC135768 | 20.0 ac | Active | qtr-sec OR 33 0110S 0040E 027 A SW | recorded~2021 (DB date, not legal located date) | src: BLM MLRS Not Closed | APPROX (BLM quarter-section)</desc><trkseg><trkpt lat="44.577637" lon="-122.325921"></trkpt><trkpt lat="44.581234" lon="-122.325912"></trkpt><trkpt lat="44.581231" lon="-122.320875"></trkpt><trkpt lat="44.581227" lon="-122.315838"></trkpt><trkpt lat="44.577629" lon="-122.315851"></trkpt><trkpt lat="44.574031" lon="-122.315864"></trkpt><trkpt lat="44.574035" lon="-122.320897"></trkpt><trkpt lat="44.574039" lon="-122.325929"></trkpt><trkpt lat="44.577637" lon="-122.325921"></trkpt></trkseg></trk><trk><name>BROKEN BRIDGE [APPROX quarter-section]</name><desc>placer | serial ORMC154454 | 40.0 ac | Active | qtr-sec OR 33 0110S 0040E 026 A SESW | recorded~2021 (DB date, not legal located date) | src: BLM MLRS Not Closed | APPROX (BLM quarter-section)</desc><trkseg><trkpt lat="44.574025" lon="-122.300784"></trkpt><trkpt lat="44.577623" lon="-122.300762"></trkpt><trkpt lat="44.577625" lon="-122.295745"></trkpt><trkpt lat="44.574028" lon="-122.295770"></trkpt><trkpt lat="44.574025" lon="-122.300784"></trkpt></trkseg></trk><trk><name>SILVER DOLLAR [APPROX quarter-section]</name><desc>placer | serial ORMC160675 | 20.0 ac | Active | qtr-sec OR 33 0110S 0040E 023 A NW|OR 33 0110S 0040E 023 A NE | recorded~2021 (DB date, not legal located date) | src: BLM MLRS Not Closed | APPROX (BLM quarter-section)</desc><trkseg><trkpt lat="44.599148" lon="-122.305625"></trkpt><trkpt lat="44.602726" lon="-122.305592"></trkpt><trkpt lat="44.602739" lon="-122.300562"></trkpt><trkpt lat="44.602753" lon="-122.295532"></trkpt><trkpt lat="44.602756" lon="-122.294536"></trkpt><trkpt lat="44.602764" lon="-122.291391"></trkpt><trkpt lat="44.602765" lon="-122.291080"></trkpt><trkpt lat="44.602767" lon="-122.290502"></trkpt><trkpt lat="44.602773" lon="-122.288063"></trkpt><trkpt lat="44.602780" lon="-122.285471"></trkpt><trkpt lat="44.599188" lon="-122.285508"></trkpt><trkpt lat="44.595596" lon="-122.285544"></trkpt><trkpt lat="44.595590" lon="-122.290572"></trkpt><trkpt lat="44.595589" lon="-122.291179"></trkpt><trkpt lat="44.595589" lon="-122.291400"></trkpt><trkpt lat="44.595587" lon="-122.292806"></trkpt><trkpt lat="44.595584" lon="-122.295600"></trkpt><trkpt lat="44.595578" lon="-122.300055"></trkpt><trkpt lat="44.595578" lon="-122.300400"></trkpt><trkpt lat="44.595577" lon="-122.300629"></trkpt><trkpt lat="44.595577" lon="-122.300880"></trkpt><trkpt lat="44.595571" lon="-122.305657"></trkpt><trkpt lat="44.599148" lon="-122.305625"></trkpt></trkseg></trk><trk><name>GOLDEN KITTY #1 [APPROX quarter-section]</name><desc>placer | serial ORMC163144 | 160.0 ac | Active | qtr-sec OR 33 0110S 0040E 002 A NW | recorded~2021 (DB date, not legal located date) | src: BLM MLRS Not Closed | APPROX (BLM quarter-section)</desc><trkseg><trkpt lat="44.653864" lon="-122.300431"></trkpt><trkpt lat="44.653879" lon="-122.299644"></trkpt><trkpt lat="44.653970" lon="-122.295443"></trkpt><trkpt lat="44.649448" lon="-122.295443"></trkpt><trkpt lat="44.645837" lon="-122.295443"></trkpt><trkpt lat="44.642227" lon="-122.295443"></trkpt><trkpt lat="44.638616" lon="-122.295443"></trkpt><trkpt lat="44.638569" lon="-122.300451"></trkpt><trkpt lat="44.638521" lon="-122.305459"></trkpt><trkpt lat="44.642128" lon="-122.305451"></trkpt><trkpt lat="44.645735" lon="-122.305442"></trkpt><trkpt lat="44.649343" lon="-122.305433"></trkpt><trkpt lat="44.653758" lon="-122.305419"></trkpt><trkpt lat="44.653771" lon="-122.304709"></trkpt><trkpt lat="44.653864" lon="-122.300431"></trkpt></trkseg></trk><trk><name>GOLDEN KITTY #2 [APPROX quarter-section]</name><desc>placer | serial ORMC163145 | 160.0 ac | Active | qtr-sec OR 33 0110S 0040E 002 A NE | recorded~2021 (DB date, not legal located date) | src: BLM MLRS Not Closed | APPROX (BLM quarter-section)</desc><trkseg><trkpt lat="44.654073" lon="-122.290452"></trkpt><trkpt lat="44.654107" lon="-122.288751"></trkpt><trkpt lat="44.654177" lon="-122.285462"></trkpt><trkpt lat="44.649553" lon="-122.285447"></trkpt><trkpt lat="44.645939" lon="-122.285438"></trkpt><trkpt lat="44.642325" lon="-122.285429"></trkpt><trkpt lat="44.638711" lon="-122.285420"></trkpt><trkpt lat="44.638664" lon="-122.290432"></trkpt><trkpt lat="44.638616" lon="-122.295443"></trkpt><trkpt lat="44.642227" lon="-122.295443"></trkpt><trkpt lat="44.645837" lon="-122.295443"></trkpt><trkpt lat="44.649448" lon="-122.295443"></trkpt><trkpt lat="44.653970" lon="-122.295443"></trkpt><trkpt lat="44.654001" lon="-122.293819"></trkpt><trkpt lat="44.654073" lon="-122.290452"></trkpt></trkseg></trk><trk><name>GOLDEN KITTY #3 [APPROX quarter-section]</name><desc>placer | serial ORMC163146 | 160.0 ac | Active | qtr-sec OR 33 0110S 0040E 003 A NW|OR 33 0110S 0040E 003 A NE|OR 33 0110S 0040E 003 A SE | recorded~2021 (DB date, not legal located date) | src: BLM MLRS Not Closed | APPROX (BLM quarter-section)</desc><trkseg><trkpt lat="44.631319" lon="-122.315565"></trkpt><trkpt lat="44.634931" lon="-122.315564"></trkpt><trkpt lat="44.638543" lon="-122.315562"></trkpt><trkpt lat="44.638554" lon="-122.320623"></trkpt><trkpt lat="44.638565" lon="-122.325684"></trkpt><trkpt lat="44.642097" lon="-122.325500"></trkpt><trkpt lat="44.645629" lon="-122.325317"></trkpt><trkpt lat="44.649161" lon="-122.325133"></trkpt><trkpt lat="44.653393" lon="-122.324913"></trkpt><trkpt lat="44.653401" lon="-122.324231"></trkpt><trkpt lat="44.653475" lon="-122.320230"></trkpt><trkpt lat="44.653477" lon="-122.319557"></trkpt><trkpt lat="44.653551" lon="-122.315557"></trkpt><trkpt lat="44.653554" lon="-122.314873"></trkpt><trkpt lat="44.653650" lon="-122.310488"></trkpt><trkpt lat="44.653662" lon="-122.309791"></trkpt><trkpt lat="44.653758" lon="-122.305419"></trkpt><trkpt lat="44.649343" lon="-122.305433"></trkpt><trkpt lat="44.645735" lon="-122.305442"></trkpt><trkpt lat="44.642128" lon="-122.305451"></trkpt><trkpt lat="44.638521" lon="-122.305459"></trkpt><trkpt lat="44.634926" lon="-122.305480"></trkpt><trkpt lat="44.631331" lon="-122.305500"></trkpt><trkpt lat="44.631325" lon="-122.310533"></trkpt><trkpt lat="44.631319" lon="-122.315565"></trkpt></trkseg></trk><trk><name>GOLDEN KITTY #4 [APPROX quarter-section]</name><desc>placer | serial ORMC163147 | 160.0 ac | Active | qtr-sec OR 33 0110S 0040E 003 A SW | recorded~2021 (DB date, not legal located date) | src: BLM MLRS Not Closed | APPROX (BLM quarter-section)</desc><trkseg><trkpt lat="44.634936" lon="-122.325657"></trkpt><trkpt lat="44.638565" lon="-122.325684"></trkpt><trkpt lat="44.638554" lon="-122.320623"></trkpt><trkpt lat="44.638543" lon="-122.315562"></trkpt><trkpt lat="44.634931" lon="-122.315564"></trkpt><trkpt lat="44.631319" lon="-122.315565"></trkpt><trkpt lat="44.631314" lon="-122.320598"></trkpt><trkpt lat="44.631308" lon="-122.325630"></trkpt><trkpt lat="44.634936" lon="-122.325657"></trkpt></trkseg></trk><trk><name>LUCK OF THE DRAW [APPROX quarter-section]</name><desc>placer | serial ORMC163283 | 80.0 ac | Active | qtr-sec OR 33 0110S 0040E 028 A SE | recorded~2021 (DB date, not legal located date) | src: BLM MLRS Not Closed | APPROX (BLM quarter-section)</desc><trkseg><trkpt lat="44.577686" lon="-122.335641"></trkpt><trkpt lat="44.581284" lon="-122.335710"></trkpt><trkpt lat="44.581259" lon="-122.330811"></trkpt><trkpt lat="44.581234" lon="-122.325912"></trkpt><trkpt lat="44.577637" lon="-122.325921"></trkpt><trkpt lat="44.574039" lon="-122.325929"></trkpt><trkpt lat="44.574063" lon="-122.330751"></trkpt><trkpt lat="44.574087" lon="-122.335572"></trkpt><trkpt lat="44.577686" lon="-122.335641"></trkpt></trkseg></trk><trk><name>WHITE HORSE [APPROX quarter-section]</name><desc>placer | serial ORMC164664 | 80.0 ac | Active | qtr-sec OR 33 0110S 0040E 010 A S2SW | recorded~2021 (DB date, not legal located date) | src: BLM MLRS Not Closed | APPROX (BLM quarter-section)</desc><trkseg><trkpt lat="44.620550" lon="-122.320578"></trkpt><trkpt lat="44.620566" lon="-122.315635"></trkpt><trkpt lat="44.616978" lon="-122.315659"></trkpt><trkpt lat="44.616956" lon="-122.320708"></trkpt><trkpt lat="44.616934" lon="-122.325758"></trkpt><trkpt lat="44.620534" lon="-122.325520"></trkpt><trkpt lat="44.620550" lon="-122.320578"></trkpt></trkseg></trk><trk><name>DREAM ON PLACER A [APPROX quarter-section]</name><desc>placer | serial ORMC165974 | 160.0 ac | Active | qtr-sec OR 33 0110S 0040E 010 A S2SE | OR 33 0110S 0040E 011 A S2SW | recorded~2021 (DB date, not legal located date) | src: BLM MLRS Not Closed | APPROX (BLM quarter-section)</desc><trkseg><trkpt lat="44.620583" lon="-122.310590"></trkpt><trkpt lat="44.620599" lon="-122.305545"></trkpt><trkpt lat="44.620629" lon="-122.300511"></trkpt><trkpt lat="44.620659" lon="-122.295476"></trkpt><trkpt lat="44.617075" lon="-122.295487"></trkpt><trkpt lat="44.617048" lon="-122.300524"></trkpt><trkpt lat="44.617022" lon="-122.305560"></trkpt><trkpt lat="44.617000" lon="-122.310609"></trkpt><trkpt lat="44.616978" lon="-122.315659"></trkpt><trkpt lat="44.620566" lon="-122.315635"></trkpt><trkpt lat="44.620583" lon="-122.310590"></trkpt></trkseg></trk><trk><name>MINERS MISERY [APPROX quarter-section]</name><desc>placer | serial ORMC165975 | 80.0 ac | Active | qtr-sec OR 33 0110S 0040E 011 A S2SE | recorded~2021 (DB date, not legal located date) | src: BLM MLRS Not Closed | APPROX (BLM quarter-section)</desc><trkseg><trkpt lat="44.620689" lon="-122.290442"></trkpt><trkpt lat="44.620719" lon="-122.285408"></trkpt><trkpt lat="44.617127" lon="-122.285415"></trkpt><trkpt lat="44.617101" lon="-122.290451"></trkpt><trkpt lat="44.617075" lon="-122.295487"></trkpt><trkpt lat="44.620659" lon="-122.295476"></trkpt><trkpt lat="44.620689" lon="-122.290442"></trkpt></trkseg></trk><trk><name>GALENA 1 [APPROX quarter-section]</name><desc>placer | serial ORMC168892 | 40.0 ac | Active | qtr-sec OR 33 0110S 0040E 033 A NE | recorded~2021 (DB date, not legal located date) | src: BLM MLRS Not Closed | APPROX (BLM quarter-section)</desc><trkseg><trkpt lat="44.570462" lon="-122.335641"></trkpt><trkpt lat="44.574087" lon="-122.335572"></trkpt><trkpt lat="44.574063" lon="-122.330751"></trkpt><trkpt lat="44.574039" lon="-122.325929"></trkpt><trkpt lat="44.570409" lon="-122.325928"></trkpt><trkpt lat="44.566778" lon="-122.325928"></trkpt><trkpt lat="44.566808" lon="-122.330819"></trkpt><trkpt lat="44.566838" lon="-122.335710"></trkpt><trkpt lat="44.570462" lon="-122.335641"></trkpt></trkseg></trk><trk><name>WVM #1  B [APPROX quarter-section]</name><desc>placer | serial ORMC171094 | 18.0 ac | Active | qtr-sec OR 33 0110S 0040E 023 A NW | recorded~2021 (DB date, not legal located date) | src: BLM MLRS Not Closed | APPROX (BLM quarter-section)</desc><trkseg><trkpt lat="44.602726" lon="-122.305592"></trkpt><trkpt lat="44.602739" lon="-122.300562"></trkpt><trkpt lat="44.602753" lon="-122.295532"></trkpt><trkpt lat="44.601909" lon="-122.295540"></trkpt><trkpt lat="44.602666" lon="-122.295408"></trkpt><trkpt lat="44.602599" lon="-122.294327"></trkpt><trkpt lat="44.601825" lon="-122.293290"></trkpt><trkpt lat="44.599172" lon="-122.293637"></trkpt><trkpt lat="44.597099" lon="-122.290557"></trkpt><trkpt lat="44.596056" lon="-122.290568"></trkpt><trkpt lat="44.595589" lon="-122.291179"></trkpt><trkpt lat="44.595589" lon="-122.291400"></trkpt><trkpt lat="44.598329" lon="-122.295383"></trkpt><trkpt lat="44.598509" lon="-122.295147"></trkpt><trkpt lat="44.598543" lon="-122.295572"></trkpt><trkpt lat="44.596874" lon="-122.295588"></trkpt><trkpt lat="44.595584" lon="-122.295600"></trkpt><trkpt lat="44.595578" lon="-122.300055"></trkpt><trkpt lat="44.595578" lon="-122.300400"></trkpt><trkpt lat="44.595577" lon="-122.300629"></trkpt><trkpt lat="44.595577" lon="-122.300880"></trkpt><trkpt lat="44.595571" lon="-122.305657"></trkpt><trkpt lat="44.599148" lon="-122.305625"></trkpt><trkpt lat="44.602726" lon="-122.305592"></trkpt></trkseg></trk><trk><name>LUCKY DUCK [APPROX quarter-section]</name><desc>placer | serial ORMC173415 | 20.0 ac | Active | qtr-sec OR 33 0110S 0040E 023 A SW | recorded~2021 (DB date, not legal located date) | src: BLM MLRS Not Closed | APPROX (BLM quarter-section)</desc><trkseg><trkpt lat="44.595571" lon="-122.305657"></trkpt><trkpt lat="44.595577" lon="-122.300880"></trkpt><trkpt lat="44.595577" lon="-122.300629"></trkpt><trkpt lat="44.595578" lon="-122.300400"></trkpt><trkpt lat="44.595578" lon="-122.300055"></trkpt><trkpt lat="44.595584" lon="-122.295600"></trkpt><trkpt lat="44.593302" lon="-122.295622"></trkpt><trkpt lat="44.591999" lon="-122.295635"></trkpt><trkpt lat="44.591998" lon="-122.297130"></trkpt><trkpt lat="44.591343" lon="-122.295641"></trkpt><trkpt lat="44.589569" lon="-122.295658"></trkpt><trkpt lat="44.589470" lon="-122.295777"></trkpt><trkpt lat="44.589418" lon="-122.295659"></trkpt><trkpt lat="44.588649" lon="-122.295667"></trkpt><trkpt lat="44.588492" lon="-122.295748"></trkpt><trkpt lat="44.588414" lon="-122.295875"></trkpt><trkpt lat="44.588414" lon="-122.297768"></trkpt><trkpt lat="44.588415" lon="-122.300695"></trkpt><trkpt lat="44.588415" lon="-122.303368"></trkpt><trkpt lat="44.588415" lon="-122.305721"></trkpt><trkpt lat="44.589517" lon="-122.305711"></trkpt><trkpt lat="44.591993" lon="-122.305689"></trkpt><trkpt lat="44.593558" lon="-122.305675"></trkpt><trkpt lat="44.595084" lon="-122.305661"></trkpt><trkpt lat="44.595571" lon="-122.305657"></trkpt></trkseg></trk><trk><name>GOLDEN DIGGER [APPROX quarter-section]</name><desc>placer | serial ORMC173434 | 20.0 ac | Active | qtr-sec OR 33 0110S 0040E 022 A SE|OR 33 0110S 0040E 023 A SW | recorded~2021 (DB date, not legal located date) | src: BLM MLRS Not Closed | APPROX (BLM quarter-section)</desc><trkseg><trkpt lat="44.588412" lon="-122.306818"></trkpt><trkpt lat="44.588411" lon="-122.307036"></trkpt><trkpt lat="44.588411" lon="-122.307049"></trkpt><trkpt lat="44.588409" lon="-122.307711"></trkpt><trkpt lat="44.588408" lon="-122.308022"></trkpt><trkpt lat="44.588408" lon="-122.308036"></trkpt><trkpt lat="44.588399" lon="-122.310766"></trkpt><trkpt lat="44.588398" lon="-122.311036"></trkpt><trkpt lat="44.588398" lon="-122.311052"></trkpt><trkpt lat="44.588394" lon="-122.312352"></trkpt><trkpt lat="44.588394" lon="-122.312361"></trkpt><trkpt lat="44.588386" lon="-122.314762"></trkpt><trkpt lat="44.589093" lon="-122.313121"></trkpt><trkpt lat="44.591181" lon="-122.315397"></trkpt><trkpt lat="44.591097" lon="-122.315793"></trkpt><trkpt lat="44.591975" lon="-122.315787"></trkpt><trkpt lat="44.594291" lon="-122.315772"></trkpt><trkpt lat="44.594434" lon="-122.314935"></trkpt><trkpt lat="44.593663" lon="-122.314668"></trkpt><trkpt lat="44.594061" lon="-122.312409"></trkpt><trkpt lat="44.595568" lon="-122.312904"></trkpt><trkpt lat="44.595569" lon="-122.310710"></trkpt><trkpt lat="44.595570" lon="-122.308215"></trkpt><trkpt lat="44.594831" lon="-122.307960"></trkpt><trkpt lat="44.595144" lon="-122.306167"></trkpt><trkpt lat="44.595084" lon="-122.305661"></trkpt><trkpt lat="44.595571" lon="-122.305657"></trkpt><trkpt lat="44.595577" lon="-122.300880"></trkpt><trkpt lat="44.595577" lon="-122.300629"></trkpt><trkpt lat="44.595578" lon="-122.300400"></trkpt><trkpt lat="44.595578" lon="-122.300055"></trkpt><trkpt lat="44.595584" lon="-122.295600"></trkpt><trkpt lat="44.593302" lon="-122.295622"></trkpt><trkpt lat="44.591999" lon="-122.295635"></trkpt><trkpt lat="44.591998" lon="-122.297130"></trkpt><trkpt lat="44.591343" lon="-122.295641"></trkpt><trkpt lat="44.589569" lon="-122.295658"></trkpt><trkpt lat="44.589470" lon="-122.295777"></trkpt><trkpt lat="44.589418" lon="-122.295659"></trkpt><trkpt lat="44.588649" lon="-122.295667"></trkpt><trkpt lat="44.588492" lon="-122.295748"></trkpt><trkpt lat="44.588414" lon="-122.295875"></trkpt><trkpt lat="44.588414" lon="-122.297768"></trkpt><trkpt lat="44.588415" lon="-122.300695"></trkpt><trkpt lat="44.588415" lon="-122.303368"></trkpt><trkpt lat="44.588415" lon="-122.305721"></trkpt><trkpt lat="44.588412" lon="-122.306818"></trkpt></trkseg></trk><trk><name>STARDUSTER [APPROX quarter-section]</name><desc>placer | serial ORMC173574 | 67.0 ac | Active | qtr-sec OR 33 0110S 0040E 026 A SW|OR 33 0110S 0040E 027 A SE | recorded~2021 (DB date, not legal located date) | src: BLM MLRS Not Closed | APPROX (BLM quarter-section)</desc><trkseg><trkpt lat="44.581220" lon="-122.300740"></trkpt><trkpt lat="44.581221" lon="-122.295720"></trkpt><trkpt lat="44.577625" lon="-122.295745"></trkpt><trkpt lat="44.574028" lon="-122.295770"></trkpt><trkpt lat="44.574025" lon="-122.300784"></trkpt><trkpt lat="44.574023" lon="-122.305799"></trkpt><trkpt lat="44.574027" lon="-122.310832"></trkpt><trkpt lat="44.574031" lon="-122.315864"></trkpt><trkpt lat="44.577629" lon="-122.315851"></trkpt><trkpt lat="44.581227" lon="-122.315838"></trkpt><trkpt lat="44.581224" lon="-122.312123"></trkpt><trkpt lat="44.581223" lon="-122.310799"></trkpt><trkpt lat="44.581223" lon="-122.310589"></trkpt><trkpt lat="44.581221" lon="-122.307957"></trkpt><trkpt lat="44.581219" lon="-122.305760"></trkpt><trkpt lat="44.581220" lon="-122.300740"></trkpt></trkseg></trk><trk><name>PARKER B #1 [APPROX quarter-section]</name><desc>placer | serial ORMC173610 | 20.0 ac | Active | qtr-sec OR 33 0110S 0040E 022 A SE|OR 33 0110S 0040E 023 A SW | recorded~2021 (DB date, not legal located date) | src: BLM MLRS Not Closed | APPROX (BLM quarter-section)</desc><trkseg><trkpt lat="44.588412" lon="-122.306818"></trkpt><trkpt lat="44.588411" lon="-122.307036"></trkpt><trkpt lat="44.588411" lon="-122.307049"></trkpt><trkpt lat="44.588409" lon="-122.307711"></trkpt><trkpt lat="44.588408" lon="-122.308022"></trkpt><trkpt lat="44.588408" lon="-122.308036"></trkpt><trkpt lat="44.588399" lon="-122.310766"></trkpt><trkpt lat="44.588398" lon="-122.311036"></trkpt><trkpt lat="44.588398" lon="-122.311052"></trkpt><trkpt lat="44.588394" lon="-122.312352"></trkpt><trkpt lat="44.588394" lon="-122.312361"></trkpt><trkpt lat="44.588386" lon="-122.314762"></trkpt><trkpt lat="44.589093" lon="-122.313121"></trkpt><trkpt lat="44.591181" lon="-122.315397"></trkpt><trkpt lat="44.591097" lon="-122.315793"></trkpt><trkpt lat="44.591975" lon="-122.315787"></trkpt><trkpt lat="44.594291" lon="-122.315772"></trkpt><trkpt lat="44.594434" lon="-122.314935"></trkpt><trkpt lat="44.593663" lon="-122.314668"></trkpt><trkpt lat="44.594061" lon="-122.312409"></trkpt><trkpt lat="44.595568" lon="-122.312904"></trkpt><trkpt lat="44.595569" lon="-122.310710"></trkpt><trkpt lat="44.595570" lon="-122.308215"></trkpt><trkpt lat="44.594831" lon="-122.307960"></trkpt><trkpt lat="44.595144" lon="-122.306167"></trkpt><trkpt lat="44.595084" lon="-122.305661"></trkpt><trkpt lat="44.595571" lon="-122.305657"></trkpt><trkpt lat="44.595577" lon="-122.300880"></trkpt><trkpt lat="44.595577" lon="-122.300629"></trkpt><trkpt lat="44.595578" lon="-122.300400"></trkpt><trkpt lat="44.595578" lon="-122.300055"></trkpt><trkpt lat="44.595584" lon="-122.295600"></trkpt><trkpt lat="44.593302" lon="-122.295622"></trkpt><trkpt lat="44.591999" lon="-122.295635"></trkpt><trkpt lat="44.591998" lon="-122.297130"></trkpt><trkpt lat="44.591343" lon="-122.295641"></trkpt><trkpt lat="44.589569" lon="-122.295658"></trkpt><trkpt lat="44.589470" lon="-122.295777"></trkpt><trkpt lat="44.589418" lon="-122.295659"></trkpt><trkpt lat="44.588649" lon="-122.295667"></trkpt><trkpt lat="44.588492" lon="-122.295748"></trkpt><trkpt lat="44.588414" lon="-122.295875"></trkpt><trkpt lat="44.588414" lon="-122.297768"></trkpt><trkpt lat="44.588415" lon="-122.300695"></trkpt><trkpt lat="44.588415" lon="-122.303368"></trkpt><trkpt lat="44.588415" lon="-122.305721"></trkpt><trkpt lat="44.588412" lon="-122.306818"></trkpt></trkseg></trk><trk><name>HALLELUJAH MINE [APPROX quarter-section]</name><desc>placer | serial ORMC174122 | 30.0 ac | Active | qtr-sec OR 33 0110S 0040E 027 A SW|OR 33 0110S 0040E 028 A SE | recorded~2021 (DB date, not legal located date) | src: BLM MLRS Not Closed | APPROX (BLM quarter-section)</desc><trkseg><trkpt lat="44.581231" lon="-122.320875"></trkpt><trkpt lat="44.581227" lon="-122.315838"></trkpt><trkpt lat="44.577629" lon="-122.315851"></trkpt><trkpt lat="44.574031" lon="-122.315864"></trkpt><trkpt lat="44.574035" lon="-122.320897"></trkpt><trkpt lat="44.574039" lon="-122.325929"></trkpt><trkpt lat="44.574063" lon="-122.330751"></trkpt><trkpt lat="44.574087" lon="-122.335572"></trkpt><trkpt lat="44.577686" lon="-122.335641"></trkpt><trkpt lat="44.581284" lon="-122.335710"></trkpt><trkpt lat="44.581259" lon="-122.330811"></trkpt><trkpt lat="44.581234" lon="-122.325912"></trkpt><trkpt lat="44.581231" lon="-122.320875"></trkpt></trkseg></trk><trk><name>RIVERSIDE [APPROX quarter-section]</name><desc>placer | serial ORMC174123 | 40.0 ac | Active | qtr-sec OR 33 0110S 0040E 028 A SE|OR 33 0110S 0040E 033 A NE | recorded~2021 (DB date, not legal located date) | src: BLM MLRS Not Closed | APPROX (BLM quarter-section)</desc><trkseg><trkpt lat="44.570462" lon="-122.335641"></trkpt><trkpt lat="44.574087" lon="-122.335572"></trkpt><trkpt lat="44.577686" lon="-122.335641"></trkpt><trkpt lat="44.581284" lon="-122.335710"></trkpt><trkpt lat="44.581259" lon="-122.330811"></trkpt><trkpt lat="44.581234" lon="-122.325912"></trkpt><trkpt lat="44.577637" lon="-122.325921"></trkpt><trkpt lat="44.574039" lon="-122.325929"></trkpt><trkpt lat="44.570409" lon="-122.325928"></trkpt><trkpt lat="44.566778" lon="-122.325928"></trkpt><trkpt lat="44.566808" lon="-122.330819"></trkpt><trkpt lat="44.566838" lon="-122.335710"></trkpt><trkpt lat="44.570462" lon="-122.335641"></trkpt></trkseg></trk><trk><name>LUCKY GALENA [APPROX quarter-section]</name><desc>placer | serial ORMC174207 | 20.0 ac | Active | qtr-sec OR 33 0110S 0040E 033 A SE | recorded~2021 (DB date, not legal located date) | src: BLM MLRS Not Closed | APPROX (BLM quarter-section)</desc><trkseg><trkpt lat="44.559551" lon="-122.331612"></trkpt><trkpt lat="44.559580" lon="-122.335848"></trkpt><trkpt lat="44.563209" lon="-122.335779"></trkpt><trkpt lat="44.566838" lon="-122.335710"></trkpt><trkpt lat="44.566808" lon="-122.330819"></trkpt><trkpt lat="44.566778" lon="-122.325928"></trkpt><trkpt lat="44.563147" lon="-122.325927"></trkpt><trkpt lat="44.559517" lon="-122.325926"></trkpt><trkpt lat="44.559518" lon="-122.326506"></trkpt><trkpt lat="44.559550" lon="-122.330887"></trkpt><trkpt lat="44.559551" lon="-122.331612"></trkpt></trkseg></trk><trk><name>PHANTOM GOLD ANGEL [APPROX quarter-section]</name><desc>placer | serial ORMC174236 | 40.0 ac | Active | qtr-sec OR 33 0120S 0040E 003 A NW|OR 33 0110S 0040E 033 A SE|OR 33 0110S 0040E 034 A SW | recorded~2021 (DB date, not legal located date) | src: BLM MLRS Not Closed | APPROX (BLM quarter-section)</desc><trkseg><trkpt lat="44.557652" lon="-122.326508"></trkpt><trkpt lat="44.559518" lon="-122.326506"></trkpt><trkpt lat="44.559550" lon="-122.330887"></trkpt><trkpt lat="44.559551" lon="-122.331612"></trkpt><trkpt lat="44.559580" lon="-122.335848"></trkpt><trkpt lat="44.563209" lon="-122.335779"></trkpt><trkpt lat="44.566838" lon="-122.335710"></trkpt><trkpt lat="44.566808" lon="-122.330819"></trkpt><trkpt lat="44.566778" lon="-122.325928"></trkpt><trkpt lat="44.566792" lon="-122.320934"></trkpt><trkpt lat="44.566806" lon="-122.315940"></trkpt><trkpt lat="44.563188" lon="-122.315978"></trkpt><trkpt lat="44.559570" lon="-122.316016"></trkpt><trkpt lat="44.559568" lon="-122.316377"></trkpt><trkpt lat="44.557559" lon="-122.316405"></trkpt><trkpt lat="44.553918" lon="-122.316456"></trkpt><trkpt lat="44.553975" lon="-122.321488"></trkpt><trkpt lat="44.554032" lon="-122.326521"></trkpt><trkpt lat="44.557652" lon="-122.326508"></trkpt></trkseg></trk><trk><name>GOLD CREEK [APPROX quarter-section]</name><desc>placer | serial ORMC174318 | 20.0 ac | Active | qtr-sec OR 33 0110S 0040E 025 A SW | recorded~2021 (DB date, not legal located date) | src: BLM MLRS Not Closed | APPROX (BLM quarter-section)</desc><trkseg><trkpt lat="44.574057" lon="-122.280673"></trkpt><trkpt lat="44.574033" lon="-122.285741"></trkpt><trkpt lat="44.577628" lon="-122.285710"></trkpt><trkpt lat="44.581222" lon="-122.285679"></trkpt><trkpt lat="44.581243" lon="-122.280614"></trkpt><trkpt lat="44.581263" lon="-122.275549"></trkpt><trkpt lat="44.577672" lon="-122.275577"></trkpt><trkpt lat="44.574081" lon="-122.275605"></trkpt><trkpt lat="44.574057" lon="-122.280673"></trkpt></trkseg></trk><trk><name>M AND M 1 [APPROX quarter-section]</name><desc>placer | serial ORMC174485 | 20.0 ac | Active | qtr-sec OR 33 0110S 0040E 036 A NW | recorded~2021 (DB date, not legal located date) | src: BLM MLRS Not Closed | APPROX (BLM quarter-section)</desc><trkseg><trkpt lat="44.566883" lon="-122.280742"></trkpt><trkpt lat="44.566856" lon="-122.285809"></trkpt><trkpt lat="44.570444" lon="-122.285775"></trkpt><trkpt lat="44.574033" lon="-122.285741"></trkpt><trkpt lat="44.574057" lon="-122.280673"></trkpt><trkpt lat="44.574081" lon="-122.275605"></trkpt><trkpt lat="44.570496" lon="-122.275640"></trkpt><trkpt lat="44.566911" lon="-122.275674"></trkpt><trkpt lat="44.566883" lon="-122.280742"></trkpt></trkseg></trk><trk><name>M AND M 2 [APPROX quarter-section]</name><desc>placer | serial ORMC174486 | 20.0 ac | Active | qtr-sec OR 33 0110S 0040E 036 A NW | recorded~2021 (DB date, not legal located date) | src: BLM MLRS Not Closed | APPROX (BLM quarter-section)</desc><trkseg><trkpt lat="44.566883" lon="-122.280742"></trkpt><trkpt lat="44.566856" lon="-122.285809"></trkpt><trkpt lat="44.570444" lon="-122.285775"></trkpt><trkpt lat="44.574033" lon="-122.285741"></trkpt><trkpt lat="44.574057" lon="-122.280673"></trkpt><trkpt lat="44.574081" lon="-122.275605"></trkpt><trkpt lat="44.570496" lon="-122.275640"></trkpt><trkpt lat="44.566911" lon="-122.275674"></trkpt><trkpt lat="44.566883" lon="-122.280742"></trkpt></trkseg></trk><trk><name>M &amp; M 2 [APPROX quarter-section]</name><desc>placer | serial ORMC177986 | 20.0 ac | Active | qtr-sec OR 33 0110S 0040E 036 A NW | recorded~2021 (DB date, not legal located date) | src: BLM MLRS Not Closed | APPROX (BLM quarter-section)</desc><trkseg><trkpt lat="44.566883" lon="-122.280742"></trkpt><trkpt lat="44.566856" lon="-122.285809"></trkpt><trkpt lat="44.570444" lon="-122.285775"></trkpt><trkpt lat="44.574033" lon="-122.285741"></trkpt><trkpt lat="44.574057" lon="-122.280673"></trkpt><trkpt lat="44.574081" lon="-122.275605"></trkpt><trkpt lat="44.570496" lon="-122.275640"></trkpt><trkpt lat="44.566911" lon="-122.275674"></trkpt><trkpt lat="44.566883" lon="-122.280742"></trkpt></trkseg></trk><trk><name>M &amp; M 3 [APPROX quarter-section]</name><desc>placer | serial ORMC177987 | 20.0 ac | Active | qtr-sec OR 33 0110S 0040E 036 A NW | recorded~2021 (DB date, not legal located date) | src: BLM MLRS Not Closed | APPROX (BLM quarter-section)</desc><trkseg><trkpt lat="44.566883" lon="-122.280742"></trkpt><trkpt lat="44.566856" lon="-122.285809"></trkpt><trkpt lat="44.570444" lon="-122.285775"></trkpt><trkpt lat="44.574033" lon="-122.285741"></trkpt><trkpt lat="44.574057" lon="-122.280673"></trkpt><trkpt lat="44.574081" lon="-122.275605"></trkpt><trkpt lat="44.570496" lon="-122.275640"></trkpt><trkpt lat="44.566911" lon="-122.275674"></trkpt><trkpt lat="44.566883" lon="-122.280742"></trkpt></trkseg></trk><trk><name>XPNSV HOBBY [APPROX quarter-section]</name><desc>placer | serial ORMC178047 | 40.0 ac | Active | qtr-sec OR 33 0110S 0040E 010 A NW | recorded~2021 (DB date, not legal located date) | src: BLM MLRS Not Closed | APPROX (BLM quarter-section)</desc><trkseg><trkpt lat="44.631319" lon="-122.315565"></trkpt><trkpt lat="44.627737" lon="-122.315589"></trkpt><trkpt lat="44.624155" lon="-122.315612"></trkpt><trkpt lat="44.624144" lon="-122.320447"></trkpt><trkpt lat="44.624133" lon="-122.325282"></trkpt><trkpt lat="44.627720" lon="-122.325456"></trkpt><trkpt lat="44.631308" lon="-122.325630"></trkpt><trkpt lat="44.631314" lon="-122.320598"></trkpt><trkpt lat="44.631319" lon="-122.315565"></trkpt></trkseg></trk><trk><name>CEDAR BEND [APPROX quarter-section]</name><desc>placer | serial ORMC30445 | 18.18 ac | Active | qtr-sec OR 33 0110S 0040E 027 A SW|OR 33 0110S 0040E 027 A SE | recorded~2021 (DB date, not legal located date) | src: BLM MLRS Not Closed | APPROX (BLM quarter-section)</desc><trkseg><trkpt lat="44.581224" lon="-122.312123"></trkpt><trkpt lat="44.581223" lon="-122.310799"></trkpt><trkpt lat="44.581223" lon="-122.310589"></trkpt><trkpt lat="44.581221" lon="-122.307957"></trkpt><trkpt lat="44.581219" lon="-122.305760"></trkpt><trkpt lat="44.577621" lon="-122.305780"></trkpt><trkpt lat="44.576414" lon="-122.305786"></trkpt><trkpt lat="44.575562" lon="-122.305791"></trkpt><trkpt lat="44.574023" lon="-122.305799"></trkpt><trkpt lat="44.574027" lon="-122.310832"></trkpt><trkpt lat="44.574031" lon="-122.315864"></trkpt><trkpt lat="44.574035" lon="-122.320897"></trkpt><trkpt lat="44.574039" lon="-122.325929"></trkpt><trkpt lat="44.577637" lon="-122.325921"></trkpt><trkpt lat="44.581234" lon="-122.325912"></trkpt><trkpt lat="44.581231" lon="-122.320875"></trkpt><trkpt lat="44.581227" lon="-122.315838"></trkpt><trkpt lat="44.581224" lon="-122.312123"></trkpt></trkseg></trk><trk><name>Pappy 1 [APPROX quarter-section]</name><desc>placer | serial OR106344032 | 211.28 ac | Under Review | qtr-sec OR 33 0120S 0040E 001 A SWNW,NWSW | OR 33 0120S 0040E 002 A E2NESE | OR 33 0120S 0040E 001 L 3,4 | OR 33 0110S 0040E 036 A S2SESW | recorded~2023 (DB date, not legal located date) | src: BLM MLRS Not Closed | APPROX (BLM quarter-secti…</desc><trkseg><trkpt lat="44.557358" lon="-122.275801"></trkpt><trkpt lat="44.557393" lon="-122.280848"></trkpt><trkpt lat="44.553780" lon="-122.280907"></trkpt><trkpt lat="44.550171" lon="-122.281039"></trkpt><trkpt lat="44.550197" lon="-122.286097"></trkpt><trkpt lat="44.550203" lon="-122.288657"></trkpt><trkpt lat="44.552006" lon="-122.288579"></trkpt><trkpt lat="44.553809" lon="-122.288500"></trkpt><trkpt lat="44.553810" lon="-122.285922"></trkpt><trkpt lat="44.557428" lon="-122.285891"></trkpt><trkpt lat="44.559678" lon="-122.285878"></trkpt><trkpt lat="44.559709" lon="-122.280810"></trkpt><trkpt lat="44.561502" lon="-122.280793"></trkpt><trkpt lat="44.561517" lon="-122.278259"></trkpt><trkpt lat="44.561532" lon="-122.275725"></trkpt><trkpt lat="44.559739" lon="-122.275742"></trkpt><trkpt lat="44.557358" lon="-122.275801"></trkpt></trkseg></trk><trk><name>xpnsv ext [APPROX quarter-section]</name><desc>placer | serial OR106350535 | 160.0 ac | Active | qtr-sec OR 33 0110S 0040E 026 A SE | recorded~2024 (DB date, not legal located date) | src: BLM MLRS Not Closed | APPROX (BLM quarter-section)</desc><trkseg><trkpt lat="44.581222" lon="-122.285679"></trkpt><trkpt lat="44.577628" lon="-122.285710"></trkpt><trkpt lat="44.574033" lon="-122.285741"></trkpt><trkpt lat="44.574030" lon="-122.290756"></trkpt><trkpt lat="44.574028" lon="-122.295770"></trkpt><trkpt lat="44.577625" lon="-122.295745"></trkpt><trkpt lat="44.581221" lon="-122.295720"></trkpt><trkpt lat="44.581222" lon="-122.290699"></trkpt><trkpt lat="44.581222" lon="-122.285679"></trkpt></trkseg></trk><trk><name>Galena #1 [APPROX quarter-section]</name><desc>placer | serial OR106707164 | 40.0 ac | Filed | qtr-sec OR 33 0110S 0040E 033 SENE | recorded~2024 (DB date, not legal located date) | src: BLM MLRS Not Closed | APPROX (BLM quarter-section)</desc><trkseg><trkpt lat="44.566778" lon="-122.325928"></trkpt><trkpt lat="44.566808" lon="-122.330819"></trkpt><trkpt lat="44.570436" lon="-122.330785"></trkpt><trkpt lat="44.570409" lon="-122.325928"></trkpt><trkpt lat="44.566778" lon="-122.325928"></trkpt></trkseg></trk><trk><name>DENWEL PLACER #1 [APPROX quarter-section]</name><desc>placer | serial OR106709015 | 20.0 ac | Under Review | qtr-sec OR 33 0110S 0040E 028 N2NWSE | recorded~2024 (DB date, not legal located date) | src: BLM MLRS Not Closed | APPROX (BLM quarter-section)</desc><trkseg><trkpt lat="44.581259" lon="-122.330811"></trkpt><trkpt lat="44.579460" lon="-122.330796"></trkpt><trkpt lat="44.579472" lon="-122.333236"></trkpt><trkpt lat="44.579485" lon="-122.335675"></trkpt><trkpt lat="44.581284" lon="-122.335710"></trkpt><trkpt lat="44.581272" lon="-122.333261"></trkpt><trkpt lat="44.581259" lon="-122.330811"></trkpt></trkseg></trk><trk><name>XPNSV GT.A.WY #2 [APPROX quarter-section]</name><desc>placer | serial OR106736573 | 20.0 ac | Active | qtr-sec OR 33 0110S 0040E 022 A NENE | recorded~2025 (DB date, not legal located date) | src: BLM MLRS Not Closed | APPROX (BLM quarter-section)</desc><trkseg><trkpt lat="44.599137" lon="-122.310682"></trkpt><trkpt lat="44.602704" lon="-122.310654"></trkpt><trkpt lat="44.602726" lon="-122.305592"></trkpt><trkpt lat="44.599148" lon="-122.305625"></trkpt><trkpt lat="44.599137" lon="-122.310682"></trkpt></trkseg></trk><trk><name>Lucky Strike [APPROX quarter-section]</name><desc>lode | serial OR106748110 | 20.66 ac | Active | qtr-sec OR 33 0110S 0040E 023 E NWNE | recorded~2025 (DB date, not legal located date) | src: BLM MLRS Not Closed | APPROX (BLM quarter-section)</desc><trkseg><trkpt lat="44.588414" lon="-122.297768"></trkpt><trkpt lat="44.588415" lon="-122.300695"></trkpt><trkpt lat="44.588415" lon="-122.303368"></trkpt><trkpt lat="44.588415" lon="-122.305721"></trkpt><trkpt lat="44.589517" lon="-122.305711"></trkpt><trkpt lat="44.591993" lon="-122.305689"></trkpt><trkpt lat="44.593558" lon="-122.305675"></trkpt><trkpt lat="44.595084" lon="-122.305661"></trkpt><trkpt lat="44.595571" lon="-122.305657"></trkpt><trkpt lat="44.599148" lon="-122.305625"></trkpt><trkpt lat="44.602726" lon="-122.305592"></trkpt><trkpt lat="44.602739" lon="-122.300562"></trkpt><trkpt lat="44.602753" lon="-122.295532"></trkpt><trkpt lat="44.602756" lon="-122.294536"></trkpt><trkpt lat="44.602764" lon="-122.291391"></trkpt><trkpt lat="44.602765" lon="-122.291080"></trkpt><trkpt lat="44.602767" lon="-122.290502"></trkpt><trkpt lat="44.602773" lon="-122.288063"></trkpt><trkpt lat="44.602780" lon="-122.285471"></trkpt><trkpt lat="44.599188" lon="-122.285508"></trkpt><trkpt lat="44.595596" lon="-122.285544"></trkpt><trkpt lat="44.592004" lon="-122.285580"></trkpt><trkpt lat="44.588412" lon="-122.285617"></trkpt><trkpt lat="44.588413" lon="-122.290643"></trkpt><trkpt lat="44.588414" lon="-122.295669"></trkpt><trkpt lat="44.588414" lon="-122.295875"></trkpt><trkpt lat="44.588414" lon="-122.297768"></trkpt></trkseg></trk><trk><name>QCPGP [APPROX quarter-section]</name><desc>placer | serial OR106753924 | 20.0 ac | Active | qtr-sec OR 33 0110S 0040E 028 S2NESE | recorded~2025 (DB date, not legal located date) | src: BLM MLRS Not Closed | APPROX (BLM quarter-section)</desc><trkseg><trkpt lat="44.579436" lon="-122.325917"></trkpt><trkpt lat="44.577637" lon="-122.325921"></trkpt><trkpt lat="44.577649" lon="-122.328351"></trkpt><trkpt lat="44.577661" lon="-122.330781"></trkpt><trkpt lat="44.579460" lon="-122.330796"></trkpt><trkpt lat="44.579448" lon="-122.328356"></trkpt><trkpt lat="44.579436" lon="-122.325917"></trkpt></trkseg></trk><trk><name>Norma jean [APPROX quarter-section]</name><desc>lode | serial OR106754707 | 15.15151515 ac | Active | qtr-sec OR 33 0110S 0040E 014 A NESE | recorded~2025 (DB date, not legal located date) | src: BLM MLRS Not Closed | APPROX (BLM quarter-section)</desc><trkseg><trkpt lat="44.606350" lon="-122.290489"></trkpt><trkpt lat="44.609934" lon="-122.290476"></trkpt><trkpt lat="44.609954" lon="-122.285443"></trkpt><trkpt lat="44.606367" lon="-122.285457"></trkpt><trkpt lat="44.606350" lon="-122.290489"></trkpt></trkseg></trk><trk><name>LOST MAN'S CANYON [APPROX quarter-section]</name><desc>lode | serial ORMC178111 | 20.66 ac | Active | qtr-sec OR 33 0120S 0030E 020 A SW | recorded~2021 (DB date, not legal located date) | src: BLM MLRS Not Closed | APPROX (BLM quarter-section)</desc><trkseg><trkpt lat="44.506859" lon="-122.482631"></trkpt><trkpt lat="44.507023" lon="-122.477620"></trkpt><trkpt lat="44.507186" lon="-122.472610"></trkpt><trkpt lat="44.503701" lon="-122.472597"></trkpt><trkpt lat="44.500215" lon="-122.472583"></trkpt><trkpt lat="44.500178" lon="-122.474180"></trkpt><trkpt lat="44.500150" lon="-122.475428"></trkpt><trkpt lat="44.500105" lon="-122.477395"></trkpt><trkpt lat="44.499994" lon="-122.482207"></trkpt><trkpt lat="44.503427" lon="-122.482419"></trkpt><trkpt lat="44.506859" lon="-122.482631"></trkpt></trkseg></trk><trk><name>Lumlandia2 [APPROX quarter-section]</name><desc>lode | serial OR106793506 | 9.09090909 ac | Filed | qtr-sec OR 33 0110S 0040E 014 SWNW | recorded~2026 (DB date, not legal located date) | src: BLM MLRS Not Closed | APPROX (BLM quarter-section)</desc><trkseg><trkpt lat="44.609874" lon="-122.305576"></trkpt><trkpt lat="44.613448" lon="-122.305568"></trkpt><trkpt lat="44.613471" lon="-122.300533"></trkpt><trkpt lat="44.609894" lon="-122.300543"></trkpt><trkpt lat="44.609874" lon="-122.305576"></trkpt></trkseg></trk><trk><name>Accident Mine 1 [APPROX quarter-section]</name><desc>lode | serial OR105816556 | 20.66 ac | Active | qtr-sec OR 33 0110S 0040E 023 A SE|OR 33 0110S 0040E 023 A SESE|OR 33 0110S 0040E 023 A Government Lot 3|OR 33 0110S 0040E 023 A SE|OR 33 0110S 0040E 023 A SE|OR 33 0110S 0040E 023 A SE|OR 33 0110S 0040E 023 A NESE|OR 33 0110S 0040E 023 A SE|OR 33 011…</desc><trkseg><trkpt lat="44.588413" lon="-122.290643"></trkpt><trkpt lat="44.588414" lon="-122.295669"></trkpt><trkpt lat="44.588414" lon="-122.295875"></trkpt><trkpt lat="44.588414" lon="-122.297768"></trkpt><trkpt lat="44.588415" lon="-122.300695"></trkpt><trkpt lat="44.588415" lon="-122.303368"></trkpt><trkpt lat="44.588415" lon="-122.305721"></trkpt><trkpt lat="44.589517" lon="-122.305711"></trkpt><trkpt lat="44.591993" lon="-122.305689"></trkpt><trkpt lat="44.593558" lon="-122.305675"></trkpt><trkpt lat="44.595084" lon="-122.305661"></trkpt><trkpt lat="44.595571" lon="-122.305657"></trkpt><trkpt lat="44.599148" lon="-122.305625"></trkpt><trkpt lat="44.602726" lon="-122.305592"></trkpt><trkpt lat="44.602739" lon="-122.300562"></trkpt><trkpt lat="44.602753" lon="-122.295532"></trkpt><trkpt lat="44.602756" lon="-122.294536"></trkpt><trkpt lat="44.602764" lon="-122.291391"></trkpt><trkpt lat="44.602765" lon="-122.291080"></trkpt><trkpt lat="44.602767" lon="-122.290502"></trkpt><trkpt lat="44.602773" lon="-122.288063"></trkpt><trkpt lat="44.602780" lon="-122.285471"></trkpt><trkpt lat="44.599188" lon="-122.285508"></trkpt><trkpt lat="44.595596" lon="-122.285544"></trkpt><trkpt lat="44.592004" lon="-122.285580"></trkpt><trkpt lat="44.588412" lon="-122.285617"></trkpt><trkpt lat="44.588413" lon="-122.290643"></trkpt></trkseg></trk></gpx>