<?xml version="1.0" encoding="UTF-8"?><kml xmlns="http://www.opengis.net/kml/2.2"><Document><name>Quartzville Creek (Green Peter Reservoir to Galena Creek), Canal Creek, Dry Gulch</name><Style id="my_claim"><IconStyle><color>ff00a5ff</color><scale>1.0</scale><Icon><href>http://maps.google.com/mapfiles/kml/paddle/orange-circle.png</href></Icon></IconStyle></Style><Style id="public_site"><IconStyle><color>ff008000</color><scale>1.0</scale><Icon><href>http://maps.google.com/mapfiles/kml/paddle/grn-circle.png</href></Icon></IconStyle></Style><Style id="usmin"><IconStyle><color>ff000000</color><scale>0.7</scale><Icon><href>http://maps.google.com/mapfiles/kml/shapes/placemark_circle.png</href></Icon></IconStyle></Style><Style id="usmin_polygon"><LineStyle><color>ff000000</color><width>2</width></LineStyle><PolyStyle><color>40000000</color></PolyStyle></Style><Style id="milo_gold"><IconStyle><color>ff00d7ff</color><scale>1.0</scale><Icon><href>http://maps.google.com/mapfiles/kml/shapes/mining.png</href></Icon></IconStyle></Style><Style id="site_other"><IconStyle><color>ff808080</color><scale>0.8</scale><Icon><href>http://maps.google.com/mapfiles/kml/shapes/placemark_circle.png</href></Icon></IconStyle></Style><Style id="active_claim"><LineStyle><color>ff0000ff</color><width>2</width></LineStyle><PolyStyle><color>660000ff</color></PolyStyle></Style><Style id="density_low"><LineStyle><color>ff00ffff</color><width>2</width></LineStyle><PolyStyle><color>9900ffff</color></PolyStyle></Style><Style id="density_med"><LineStyle><color>ff00a5ff</color><width>2</width></LineStyle><PolyStyle><color>9900a5ff</color></PolyStyle></Style><Style id="density_high"><LineStyle><color>ff0000ff</color><width>2</width></LineStyle><PolyStyle><color>990000ff</color></PolyStyle></Style><Style id="open_ground"><IconStyle><color>ff00ff00</color><scale>1.1</scale><Icon><href>http://maps.google.com/mapfiles/kml/shapes/star.png</href></Icon></IconStyle></Style><Folder><name>My claims &amp; public sites</name><Placemark><name>WVM #1B Dry Gulch [APPROX quarter-section]</name><description>WVM | serial ORMC171094 | placer | 18.0 ac | Active | APPROX (BLM quarter-section) | src: BLM MLRS</description><styleUrl>#my_claim</styleUrl><Polygon><outerBoundaryIs><LinearRing><coordinates>-122.305592,44.602726,0 -122.300562,44.602739,0 -122.295532,44.602753,0 -122.295540,44.601909,0 -122.295408,44.602666,0 -122.294327,44.602599,0 -122.293290,44.601825,0 -122.293637,44.599172,0 -122.290557,44.597099,0 -122.290568,44.596056,0 -122.291179,44.595589,0 -122.291400,44.595589,0 -122.295383,44.598329,0 -122.295147,44.598509,0 -122.295572,44.598543,0 -122.295588,44.596874,0 -122.295600,44.595584,0 -122.300055,44.595578,0 -122.300400,44.595578,0 -122.300629,44.595577,0 -122.300880,44.595577,0 -122.305657,44.595571,0 -122.305625,44.599148,0 -122.305592,44.602726,0</coordinates></LinearRing></outerBoundaryIs></Polygon></Placemark><Placemark><name>Cedar Bend Placer [APPROX quarter-section]</name><description>WVM | serial ORMC30445 | placer | 18.18 ac | Active | APPROX (BLM quarter-section) | src: BLM MLRS</description><styleUrl>#my_claim</styleUrl><Polygon><outerBoundaryIs><LinearRing><coordinates>-122.312123,44.581224,0 -122.310799,44.581223,0 -122.310589,44.581223,0 -122.307957,44.581221,0 -122.305760,44.581219,0 -122.305780,44.577621,0 -122.305786,44.576414,0 -122.305791,44.575562,0 -122.305799,44.574023,0 -122.310832,44.574027,0 -122.315864,44.574031,0 -122.320897,44.574035,0 -122.325929,44.574039,0 -122.325921,44.577637,0 -122.325912,44.581234,0 -122.320875,44.581231,0 -122.315838,44.581227,0 -122.312123,44.581224,0</coordinates></LinearRing></outerBoundaryIs></Polygon></Placemark></Folder><Folder><name>Historical workings (USMIN)</name><Placemark><name>Prospect Pit</name><description>USMIN Prospect Pit | topo: Quartzville (1985) 1:24000 | src: USGS USMIN</description><styleUrl>#usmin</styleUrl><Point><coordinates>-122.305500,44.587806,0</coordinates></Point></Placemark><Placemark><name>Prospect Pit</name><description>USMIN Prospect Pit | topo: Quartzville (1985) 1:24000 | src: USGS USMIN</description><styleUrl>#usmin</styleUrl><Point><coordinates>-122.306197,44.587516,0</coordinates></Point></Placemark><Placemark><name>Prospect Pit</name><description>USMIN Prospect Pit | topo: Quartzville (1985) 1:24000 | src: USGS USMIN</description><styleUrl>#usmin</styleUrl><Point><coordinates>-122.310412,44.582491,0</coordinates></Point></Placemark><Placemark><name>Prospect Pit</name><description>USMIN Prospect Pit | topo: Quartzville (1985) 1:24000 | src: USGS USMIN</description><styleUrl>#usmin</styleUrl><Point><coordinates>-122.291760,44.572628,0</coordinates></Point></Placemark><Placemark><name>Prospect Pit</name><description>USMIN Prospect Pit | topo: Quartzville (1985) 1:24000 | src: USGS USMIN</description><styleUrl>#usmin</styleUrl><Point><coordinates>-122.317550,44.605040,0</coordinates></Point></Placemark><Placemark><name>Prospect Pit</name><description>USMIN Prospect Pit | topo: Quartzville (1985) 1:24000 | src: USGS USMIN</description><styleUrl>#usmin</styleUrl><Point><coordinates>-122.301220,44.599848,0</coordinates></Point></Placemark><Placemark><name>Prospect Pit</name><description>USMIN Prospect Pit | topo: Quartzville (1985) 1:24000 | src: USGS USMIN</description><styleUrl>#usmin</styleUrl><Point><coordinates>-122.314608,44.601696,0</coordinates></Point></Placemark><Placemark><name>Prospect Pit</name><description>USMIN Prospect Pit | topo: Quartzville (1985) 1:24000 | src: USGS USMIN</description><styleUrl>#usmin</styleUrl><Point><coordinates>-122.318273,44.607863,0</coordinates></Point></Placemark><Placemark><name>Prospect Pit</name><description>USMIN Prospect Pit | topo: Quartzville (1985) 1:24000 | src: USGS USMIN</description><styleUrl>#usmin</styleUrl><Point><coordinates>-122.258089,44.546626,0</coordinates></Point></Placemark><Placemark><name>Prospect Pit</name><description>USMIN Prospect Pit | topo: Quartzville (1985) 1:24000 | src: USGS USMIN</description><styleUrl>#usmin</styleUrl><Point><coordinates>-122.318191,44.603182,0</coordinates></Point></Placemark><Placemark><name>Prospect Pit</name><description>USMIN Prospect Pit | topo: Quartzville (1985) 1:24000 | src: USGS USMIN</description><styleUrl>#usmin</styleUrl><Point><coordinates>-122.292456,44.604920,0</coordinates></Point></Placemark><Placemark><name>Prospect Pit</name><description>USMIN Prospect Pit | topo: Quartzville (1985) 1:24000 | src: USGS USMIN</description><styleUrl>#usmin</styleUrl><Point><coordinates>-122.309489,44.589662,0</coordinates></Point></Placemark><Placemark><name>Prospect Pit</name><description>USMIN Prospect Pit | topo: Quartzville (1985) 1:24000 | src: USGS USMIN</description><styleUrl>#usmin</styleUrl><Point><coordinates>-122.309640,44.601249,0</coordinates></Point></Placemark><Placemark><name>Prospect Pit</name><description>USMIN Prospect Pit | topo: Quartzville (1985) 1:24000 | src: USGS USMIN</description><styleUrl>#usmin</styleUrl><Point><coordinates>-122.311554,44.582342,0</coordinates></Point></Placemark><Placemark><name>Prospect Pit</name><description>USMIN Prospect Pit | topo: Quartzville (1985) 1:24000 | src: USGS USMIN</description><styleUrl>#usmin</styleUrl><Point><coordinates>-122.306037,44.587585,0</coordinates></Point></Placemark><Placemark><name>Prospect Pit</name><description>USMIN Prospect Pit | topo: Quartzville (1985) 1:24000 | src: USGS USMIN</description><styleUrl>#usmin</styleUrl><Point><coordinates>-122.310663,44.582913,0</coordinates></Point></Placemark><Placemark><name>Prospect Pit</name><description>USMIN Prospect Pit | topo: Quartzville (1985) 1:24000 | src: USGS USMIN</description><styleUrl>#usmin</styleUrl><Point><coordinates>-122.304548,44.588126,0</coordinates></Point></Placemark><Placemark><name>Prospect Pit</name><description>USMIN Prospect Pit | topo: Quartzville (1985) 1:24000 | src: USGS USMIN</description><styleUrl>#usmin</styleUrl><Point><coordinates>-122.314437,44.605113,0</coordinates></Point></Placemark><Placemark><name>Prospect Pit</name><description>USMIN Prospect Pit | topo: Quartzville (1985) 1:24000 | src: USGS USMIN</description><styleUrl>#usmin</styleUrl><Point><coordinates>-122.275014,44.547710,0</coordinates></Point></Placemark><Placemark><name>Prospect Pit</name><description>USMIN Prospect Pit | topo: Quartzville (1985) 1:24000 | src: USGS USMIN</description><styleUrl>#usmin</styleUrl><Point><coordinates>-122.304860,44.587997,0</coordinates></Point></Placemark><Placemark><name>Prospect Pit</name><description>USMIN Prospect Pit | topo: Quartzville (1985) 1:24000 | src: USGS USMIN</description><styleUrl>#usmin</styleUrl><Point><coordinates>-122.312045,44.593108,0</coordinates></Point></Placemark><Placemark><name>Prospect Pit</name><description>USMIN Prospect Pit | topo: Quartzville (1985) 1:24000 | src: USGS USMIN</description><styleUrl>#usmin</styleUrl><Point><coordinates>-122.281486,44.568745,0</coordinates></Point></Placemark></Folder><Folder><name>Mine &amp; prospect sites (MILO/MRDS, gold)</name><Placemark><name>Wakefield Claim Tunnel 1 and Cut No.2</name><description>MILO gold | gold, silver | lode | discovered ? | prod started ? | size: n/a | src: DOGAMI MILO-4 ID_06072</description><styleUrl>#milo_gold</styleUrl><Point><coordinates>-122.317151,44.605729,0</coordinates></Point></Placemark><Placemark><name>North Queen</name><description>MILO gold | gold, silver | unknown | discovered ? | prod started ? | size: n/a | src: DOGAMI MILO-4 ID_06073</description><styleUrl>#milo_gold</styleUrl><Point><coordinates>-122.315094,44.609573,0</coordinates></Point></Placemark><Placemark><name>Albany Group, Red Heifer No.2 (Abe Lincoln claim)</name><description>MILO gold | gold, silver, zinc, lead, copper | lode | discovered ? | prod started ? | size: small | src: DOGAMI MILO-4 ID_06074</description><styleUrl>#milo_gold</styleUrl><Point><coordinates>-122.292391,44.602931,0</coordinates></Point></Placemark><Placemark><name>Hastings</name><description>MILO gold | gold, silver | lode | discovered ? | prod started ? | size: n/a | src: DOGAMI MILO-4 ID_06075</description><styleUrl>#milo_gold</styleUrl><Point><coordinates>-122.298746,44.604713,0</coordinates></Point></Placemark><Placemark><name>Betty Claim tunnel (Bob and Betty No.1)</name><description>MILO gold | gold, silver, zinc, lead, copper | lode | discovered 1881 | prod started ? | size: small | src: DOGAMI MILO-4 ID_06076</description><styleUrl>#milo_gold</styleUrl><Point><coordinates>-122.292188,44.605259,0</coordinates></Point></Placemark><Placemark><name>Peak and Dwarf</name><description>MILO gold | gold | unknown | discovered ? | prod started ? | size: n/a | src: DOGAMI MILO-4 ID_06077</description><styleUrl>#milo_gold</styleUrl><Point><coordinates>-122.269966,44.605915,0</coordinates></Point></Placemark><Placemark><name>Hoot-En-Anne</name><description>MILO gold | gold, silver, copper | lode | discovered 1937 | prod started ? | size: n/a | src: DOGAMI MILO-4 ID_06078</description><styleUrl>#milo_gold</styleUrl><Point><coordinates>-122.274816,44.607075,0</coordinates></Point></Placemark><Placemark><name>Houf Property</name><description>MILO gold | gold | lode | discovered 1937 | prod started ? | size: n/a | src: DOGAMI MILO-4 ID_06079</description><styleUrl>#milo_gold</styleUrl><Point><coordinates>-122.365503,44.589105,0</coordinates></Point></Placemark><Placemark><name>gold mine</name><description>MILO gold | gold | unknown | discovered ? | prod started ? | size: n/a | src: DOGAMI MILO-4 ID_06080</description><styleUrl>#milo_gold</styleUrl><Point><coordinates>-122.337875,44.601238,0</coordinates></Point></Placemark><Placemark><name>Lucille (The Campbird Claim) tunnel 4</name><description>MILO gold | gold, silver, copper | lode | discovered 1897 | prod started ? | size: small | src: DOGAMI MILO-4 ID_06081</description><styleUrl>#milo_gold</styleUrl><Point><coordinates>-122.310213,44.599884,0</coordinates></Point></Placemark><Placemark><name>Lawler</name><description>MILO gold | gold, silver, zinc, lead, copper | lode | discovered 1861 | prod started ? | size: small | src: DOGAMI MILO-4 ID_06082</description><styleUrl>#milo_gold</styleUrl><Point><coordinates>-122.307593,44.591518,0</coordinates></Point></Placemark><Placemark><name>Quartzville</name><description>MILO gold | gold, silver | unknown | discovered ? | prod started ? | size: n/a | src: DOGAMI MILO-4 ID_06083</description><styleUrl>#milo_gold</styleUrl><Point><coordinates>-122.315394,44.598315,0</coordinates></Point></Placemark><Placemark><name>Skookum claim</name><description>MILO gold | gold, silver | lode | discovered ? | prod started ? | size: small | src: DOGAMI MILO-4 ID_06084</description><styleUrl>#milo_gold</styleUrl><Point><coordinates>-122.298910,44.601621,0</coordinates></Point></Placemark><Placemark><name>Bic Mac</name><description>MILO gold | gold | unknown | discovered ? | prod started ? | size: n/a | src: DOGAMI MILO-4 ID_06085</description><styleUrl>#milo_gold</styleUrl><Point><coordinates>-122.303965,44.596919,0</coordinates></Point></Placemark><Placemark><name>Doodlebug</name><description>MILO gold | gold | unknown | discovered ? | prod started ? | size: n/a | src: DOGAMI MILO-4 ID_06086</description><styleUrl>#milo_gold</styleUrl><Point><coordinates>-122.302247,44.598764,0</coordinates></Point></Placemark><Placemark><name>Munro</name><description>MILO gold | gold, silver | lode | discovered 1890 | prod started ? | size: small | src: DOGAMI MILO-4 ID_06087</description><styleUrl>#milo_gold</styleUrl><Point><coordinates>-122.301757,44.601238,0</coordinates></Point></Placemark><Placemark><name>West Tillicum Fraction, Tillicum and Cumtillie, Disc. shaft</name><description>MILO gold | gold, silver | lode | discovered ? | prod started ? | size: n/a | src: DOGAMI MILO-4 ID_06088</description><styleUrl>#milo_gold</styleUrl><Point><coordinates>-122.301156,44.591940,0</coordinates></Point></Placemark><Placemark><name>Albany (Mountain Queen Claim)</name><description>MILO gold | gold, silver, zinc, lead, copper | lode | discovered 1888 | prod started ? | size: small | src: DOGAMI MILO-4 ID_06089</description><styleUrl>#milo_gold</styleUrl><Point><coordinates>-122.296945,44.596718,0</coordinates></Point></Placemark><Placemark><name>Albany Group, Marion (Morning Star claim)</name><description>MILO gold | gold, silver | lode | discovered ? | prod started ? | size: n/a | src: DOGAMI MILO-4 ID_06090</description><styleUrl>#milo_gold</styleUrl><Point><coordinates>-122.295645,44.600406,0</coordinates></Point></Placemark><Placemark><name>Whale claim</name><description>MILO gold | gold, silver, zinc | lode | discovered ? | prod started ? | size: n/a | src: DOGAMI MILO-4 ID_06091</description><styleUrl>#milo_gold</styleUrl><Point><coordinates>-122.301295,44.599805,0</coordinates></Point></Placemark><Placemark><name>Worlds Fair claim Disc. Cut No.1/Tunnel No.2</name><description>MILO gold | gold, silver | lode | discovered ? | prod started ? | size: small | src: DOGAMI MILO-4 ID_06092</description><styleUrl>#milo_gold</styleUrl><Point><coordinates>-122.299579,44.589976,0</coordinates></Point></Placemark><Placemark><name>Accident</name><description>MILO gold | gold, silver, lead, zinc, copper | lode | discovered ? | prod started ? | size: n/a | src: DOGAMI MILO-4 ID_06093</description><styleUrl>#milo_gold</styleUrl><Point><coordinates>-122.290108,44.588637,0</coordinates></Point></Placemark><Placemark><name>gold mine</name><description>MILO gold | gold | unknown | discovered ? | prod started ? | size: n/a | src: DOGAMI MILO-4 ID_06094</description><styleUrl>#milo_gold</styleUrl><Point><coordinates>-122.301547,44.599562,0</coordinates></Point></Placemark><Placemark><name>Riverside Claim (Riverside Group), discovery cut</name><description>MILO gold | gold, silver, zinc, lead | lode | discovered 1912 | prod started ? | size: small | src: DOGAMI MILO-4 ID_06095</description><styleUrl>#milo_gold</styleUrl><Point><coordinates>-122.308080,44.578631,0</coordinates></Point></Placemark><Placemark><name>Relief Property</name><description>MILO gold | gold, silver, zinc | lode | discovered ? | prod started ? | size: n/a | src: DOGAMI MILO-4 ID_06096</description><styleUrl>#milo_gold</styleUrl><Point><coordinates>-122.303513,44.578759,0</coordinates></Point></Placemark><Placemark><name>Highland Chief</name><description>MILO gold | gold, silver, zinc | lode | discovered ? | prod started ? | size: n/a | src: DOGAMI MILO-4 ID_06097</description><styleUrl>#milo_gold</styleUrl><Point><coordinates>-122.305825,44.582461,0</coordinates></Point></Placemark><Placemark><name>Savage Group</name><description>MILO gold | gold, silver, zinc, lead, copper | lode | discovered ? | prod started ? | size: small | src: DOGAMI MILO-4 ID_06098</description><styleUrl>#milo_gold</styleUrl><Point><coordinates>-122.309049,44.564958,0</coordinates></Point></Placemark><Placemark><name>Winter claim</name><description>MILO gold | gold, silver, zinc | lode | discovered ? | prod started ? | size: n/a | src: DOGAMI MILO-4 ID_06099</description><styleUrl>#milo_gold</styleUrl><Point><coordinates>-122.293964,44.575622,0</coordinates></Point></Placemark><Placemark><name>Columbia</name><description>MILO gold | gold | unknown | discovered ? | prod started ? | size: n/a | src: DOGAMI MILO-4 ID_06100</description><styleUrl>#milo_gold</styleUrl><Point><coordinates>-122.304838,44.567413,0</coordinates></Point></Placemark><Placemark><name>44 Mines</name><description>MILO gold | silver, gold, lead, zinc, copper | lode | discovered ? | prod started ? | size: small | src: DOGAMI MILO-4 ID_06101</description><styleUrl>#milo_gold</styleUrl><Point><coordinates>-122.275910,44.554856,0</coordinates></Point></Placemark><Placemark><name>Red Ribbon</name><description>MILO gold | gold, silver, copper, lead | lode | discovered ? | prod started ? | size: n/a | src: DOGAMI MILO-4 ID_06102</description><styleUrl>#milo_gold</styleUrl><Point><coordinates>-122.285864,44.552796,0</coordinates></Point></Placemark><Placemark><name>Paymaster claim</name><description>MILO gold | gold, silver, zinc, copper, lead | lode | discovered ? | prod started ? | size: n/a | src: DOGAMI MILO-4 ID_06103</description><styleUrl>#milo_gold</styleUrl><Point><coordinates>-122.283227,44.547849,0</coordinates></Point></Placemark><Placemark><name>Forty-Four Mines</name><description>MILO gold | gold | placer (heuristic: surface workings) | discovered ? | prod started ? | size: n/a | src: DOGAMI MILO-4 ID_06104</description><styleUrl>#milo_gold</styleUrl><Point><coordinates>-122.275910,44.554856,0</coordinates></Point></Placemark><Placemark><name>Galena</name><description>MILO gold | gold, silver, zinc, lead, copper, barium | lode | discovered ? | prod started ? | size: n/a | src: DOGAMI MILO-4 ID_06105</description><styleUrl>#milo_gold</styleUrl><Point><coordinates>-122.299124,44.542025,0</coordinates></Point></Placemark><Placemark><name>Wakefield Claim Disc. cut and tunnel No.1</name><description>MILO gold | gold, silver | lode | discovered ? | prod started ? | size: n/a | src: DOGAMI MILO-4 ID_06117</description><styleUrl>#milo_gold</styleUrl><Point><coordinates>-122.314140,44.604182,0</coordinates></Point></Placemark><Placemark><name>Mother Lode Claim prospect</name><description>MILO gold | gold, silver | lode | discovered ? | prod started ? | size: n/a | src: DOGAMI MILO-4 ID_06118</description><styleUrl>#milo_gold</styleUrl><Point><coordinates>-122.318365,44.607542,0</coordinates></Point></Placemark><Placemark><name>Ruth Claim prospect</name><description>MILO gold | gold, silver | lode | discovered ? | prod started ? | size: n/a | src: DOGAMI MILO-4 ID_06119</description><styleUrl>#milo_gold</styleUrl><Point><coordinates>-122.316477,44.603166,0</coordinates></Point></Placemark><Placemark><name>Martha Claim tunnel 1</name><description>MILO gold | gold, silver | lode | discovered ? | prod started ? | size: n/a | src: DOGAMI MILO-4 ID_06120</description><styleUrl>#milo_gold</styleUrl><Point><coordinates>-122.321322,44.603552,0</coordinates></Point></Placemark><Placemark><name>Lucille (The Campbird Claim) tunnel 5</name><description>MILO gold | gold, silver, copper | lode | discovered 1897 | prod started ? | size: small | src: DOGAMI MILO-4 ID_06129</description><styleUrl>#milo_gold</styleUrl><Point><coordinates>-122.310827,44.600259,0</coordinates></Point></Placemark><Placemark><name>Lucille (Snow Storm Claim) tunnel 1</name><description>MILO gold | gold, silver, copper | lode | discovered 1897 | prod started ? | size: small | src: DOGAMI MILO-4 ID_06130</description><styleUrl>#milo_gold</styleUrl><Point><coordinates>-122.311945,44.600537,0</coordinates></Point></Placemark><Placemark><name>Lucille (Bell Claim) cut 1</name><description>MILO gold | gold, silver, copper | lode | discovered 1897 | prod started ? | size: small | src: DOGAMI MILO-4 ID_06131</description><styleUrl>#milo_gold</styleUrl><Point><coordinates>-122.313662,44.598787,0</coordinates></Point></Placemark><Placemark><name>Lucille (Bell Claim) tunnel 3</name><description>MILO gold | gold, silver, copper | lode | discovered 1897 | prod started ? | size: small | src: DOGAMI MILO-4 ID_06132</description><styleUrl>#milo_gold</styleUrl><Point><coordinates>-122.310785,44.599533,0</coordinates></Point></Placemark><Placemark><name>Lucille (Bell Claim) discovery cut</name><description>MILO gold | gold, silver, copper | lode | discovered 1897 | prod started ? | size: small | src: DOGAMI MILO-4 ID_06133</description><styleUrl>#milo_gold</styleUrl><Point><coordinates>-122.312278,44.599822,0</coordinates></Point></Placemark><Placemark><name>Lucille (Bell Claim) Tunnel 1</name><description>MILO gold | gold, silver, copper | lode | discovered 1897 | prod started ? | size: small | src: DOGAMI MILO-4 ID_06134</description><styleUrl>#milo_gold</styleUrl><Point><coordinates>-122.310438,44.598721,0</coordinates></Point></Placemark><Placemark><name>Lucille (The Campbird Claim) prospect</name><description>MILO gold | gold, silver, copper | lode | discovered 1897 | prod started ? | size: n/a | src: DOGAMI MILO-4 ID_06135</description><styleUrl>#milo_gold</styleUrl><Point><coordinates>-122.309936,44.601067,0</coordinates></Point></Placemark><Placemark><name>prospect</name><description>MILO gold | gold, silver, copper | lode | discovered 1897 | prod started ? | size: n/a | src: DOGAMI MILO-4 ID_06136</description><styleUrl>#milo_gold</styleUrl><Point><coordinates>-122.314010,44.601756,0</coordinates></Point></Placemark><Placemark><name>prospect</name><description>MILO gold | gold, silver, zinc | unknown | discovered ? | prod started ? | size: n/a | src: DOGAMI MILO-4 ID_06139</description><styleUrl>#milo_gold</styleUrl><Point><coordinates>-122.281512,44.568657,0</coordinates></Point></Placemark><Placemark><name>prospect</name><description>MILO gold | gold, silver, zinc | lode | discovered ? | prod started ? | size: n/a | src: DOGAMI MILO-4 ID_06140</description><styleUrl>#milo_gold</styleUrl><Point><coordinates>-122.258076,44.546647,0</coordinates></Point></Placemark><Placemark><name>gold mine</name><description>MILO gold | gold, platinum | unknown | discovered ? | prod started ? | size: n/a | src: DOGAMI MILO-4 ID_06141</description><styleUrl>#milo_gold</styleUrl><Point><coordinates>-122.166759,44.585964,0</coordinates></Point></Placemark><Placemark><name>Lawler Consolidated Placer, Bed Rock Placer (shaft)</name><description>MILO gold | gold, silver, zinc, lead | unknown | discovered ? | prod started ? | size: n/a | src: DOGAMI MILO-4 ID_12831</description><styleUrl>#milo_gold</styleUrl><Point><coordinates>-122.311915,44.593125,0</coordinates></Point></Placemark><Placemark><name>prospect</name><description>MILO gold | gold, silver, zinc, lead | unknown | discovered ? | prod started ? | size: n/a | src: DOGAMI MILO-4 ID_12832</description><styleUrl>#milo_gold</styleUrl><Point><coordinates>-122.311915,44.593125,0</coordinates></Point></Placemark><Placemark><name>unnamed or NA</name><description>MILO gold | gold, silver, zinc, lead | lode | discovered ? | prod started ? | size: n/a | src: DOGAMI MILO-4 ID_12833</description><styleUrl>#milo_gold</styleUrl><Point><coordinates>-122.301117,44.589938,0</coordinates></Point></Placemark><Placemark><name>Tillicum claim</name><description>MILO gold | gold, silver, zinc, lead | lode | discovered ? | prod started ? | size: n/a | src: DOGAMI MILO-4 ID_12834</description><styleUrl>#milo_gold</styleUrl><Point><coordinates>-122.299819,44.593760,0</coordinates></Point></Placemark><Placemark><name>Tillicum Claim tunnel 2</name><description>MILO gold | gold, silver, zinc, lead | lode | discovered ? | prod started ? | size: n/a | src: DOGAMI MILO-4 ID_12835</description><styleUrl>#milo_gold</styleUrl><Point><coordinates>-122.300004,44.592871,0</coordinates></Point></Placemark><Placemark><name>Spotted Fawn tunnel</name><description>MILO gold | gold, silver, zinc, lead | unknown | discovered ? | prod started ? | size: n/a | src: DOGAMI MILO-4 ID_12837</description><styleUrl>#milo_gold</styleUrl><Point><coordinates>-122.310426,44.582496,0</coordinates></Point></Placemark><Placemark><name>Big Elk discovery tunnel</name><description>MILO gold | gold, silver, zinc, lead | unknown | discovered ? | prod started ? | size: n/a | src: DOGAMI MILO-4 ID_12838</description><styleUrl>#milo_gold</styleUrl><Point><coordinates>-122.310677,44.582919,0</coordinates></Point></Placemark><Placemark><name>Golden Buck prospect</name><description>MILO gold | gold, silver, zinc, lead | unknown | discovered ? | prod started ? | size: n/a | src: DOGAMI MILO-4 ID_12839</description><styleUrl>#milo_gold</styleUrl><Point><coordinates>-122.311568,44.582348,0</coordinates></Point></Placemark><Placemark><name>Lawler Consolidated Group, White Bull Claim prospect 2</name><description>MILO gold | gold, silver, zinc, lead | unknown | discovered ? | prod started ? | size: n/a | src: DOGAMI MILO-4 ID_12840</description><styleUrl>#milo_gold</styleUrl><Point><coordinates>-122.306156,44.587789,0</coordinates></Point></Placemark><Placemark><name>Albany Group Tunnel No.3 (Doodlebug Claim)</name><description>MILO gold | gold | placer (heuristic: surface workings) | discovered ? | prod started ? | size: No | src: DOGAMI MILO-4 ID_16316</description><styleUrl>#milo_gold</styleUrl><Point><coordinates>-122.298508,44.596680,0</coordinates></Point></Placemark><Placemark><name>Betty Claim winze cut (Bob and Betty No.2)</name><description>MILO gold | gold, silver, copper | lode | discovered ? | prod started ? | size: n/a | src: DOGAMI MILO-4 ID_16317</description><styleUrl>#milo_gold</styleUrl><Point><coordinates>-122.292518,44.604795,0</coordinates></Point></Placemark><Placemark><name>Lawler Consolidated Group, Red Bull (Tunnel No.5 or open cut)</name><description>MILO gold | gold, silver, zinc, lead | unknown | discovered ? | prod started ? | size: n/a | src: DOGAMI MILO-4 ID_16318</description><styleUrl>#milo_gold</styleUrl><Point><coordinates>-122.309061,44.589777,0</coordinates></Point></Placemark><Placemark><name>Lawler Consolidated Group, Red Bull (Tunnel No.1)</name><description>MILO gold | gold, silver, zinc, lead | lode | discovered ? | prod started ? | size: n/a | src: DOGAMI MILO-4 ID_16319</description><styleUrl>#milo_gold</styleUrl><Point><coordinates>-122.311095,44.591612,0</coordinates></Point></Placemark><Placemark><name>Albany Group, Bonanza Claim (Tunnel No 2)</name><description>MILO gold | gold | placer (heuristic: surface workings) | discovered ? | prod started ? | size: No | src: DOGAMI MILO-4 ID_16320</description><styleUrl>#milo_gold</styleUrl><Point><coordinates>-122.296146,44.594969,0</coordinates></Point></Placemark><Placemark><name>Spotted Fawn prospect</name><description>MILO gold | gold, silver, zinc, lead | lode | discovered ? | prod started ? | size: n/a | src: DOGAMI MILO-4 ID_16321</description><styleUrl>#milo_gold</styleUrl><Point><coordinates>-122.309163,44.581664,0</coordinates></Point></Placemark><Placemark><name>Lawler Consolidated Group, White Bull Claim prospect 3</name><description>MILO gold | gold, silver, zinc, lead | unknown | discovered ? | prod started ? | size: n/a | src: DOGAMI MILO-4 ID_16322</description><styleUrl>#milo_gold</styleUrl><Point><coordinates>-122.305918,44.587846,0</coordinates></Point></Placemark><Placemark><name>Lawler Consolidated Group, White Bull Claim prospect 1</name><description>MILO gold | gold, silver, zinc, lead | unknown | discovered ? | prod started ? | size: n/a | src: DOGAMI MILO-4 ID_16323</description><styleUrl>#milo_gold</styleUrl><Point><coordinates>-122.305334,44.587443,0</coordinates></Point></Placemark><Placemark><name>Lawler Consolidated Group, Red Blair Claim prospect</name><description>MILO gold | gold, silver, zinc, lead | unknown | discovered ? | prod started ? | size: n/a | src: DOGAMI MILO-4 ID_16324</description><styleUrl>#milo_gold</styleUrl><Point><coordinates>-122.305844,44.587303,0</coordinates></Point></Placemark><Placemark><name>unnamed or NA</name><description>MILO gold | gold, silver | lode | discovered ? | prod started ? | size: n/a | src: DOGAMI MILO-4 ID_21268</description><styleUrl>#milo_gold</styleUrl><Point><coordinates>-122.302809,44.591461,0</coordinates></Point></Placemark><Placemark><name>Albany Group, Red Heifer No.1 (Abe Lincoln claim)</name><description>MILO gold | gold, silver, zinc, lead, copper | lode | discovered ? | prod started ? | size: small | src: DOGAMI MILO-4 ID_21323</description><styleUrl>#milo_gold</styleUrl><Point><coordinates>-122.291985,44.601926,0</coordinates></Point></Placemark><Placemark><name>Betty claim cut (Bob and Betty No.3)</name><description>MILO gold | gold, silver, zinc, lead, copper | lode | discovered 1881 | prod started ? | size: small | src: DOGAMI MILO-4 ID_21324</description><styleUrl>#milo_gold</styleUrl><Point><coordinates>-122.292240,44.604574,0</coordinates></Point></Placemark><Placemark><name>Bob Claim shaft and tunnel (Bob and Betty No.4)</name><description>MILO gold | gold, silver, zinc, lead, copper | lode | discovered 1881 | prod started ? | size: small | src: DOGAMI MILO-4 ID_21325</description><styleUrl>#milo_gold</styleUrl><Point><coordinates>-122.292113,44.604511,0</coordinates></Point></Placemark><Placemark><name>Red Heifer No.3 (Abe Lincoln claim)</name><description>MILO gold | gold, silver, zinc, lead, copper | lode | discovered ? | prod started ? | size: small | src: DOGAMI MILO-4 ID_21326</description><styleUrl>#milo_gold</styleUrl><Point><coordinates>-122.292964,44.602560,0</coordinates></Point></Placemark><Placemark><name>Accident</name><description>MILO gold | gold, silver, lead, zinc, copper | lode | discovered ? | prod started ? | size: n/a | src: DOGAMI MILO-4 ID_21327</description><styleUrl>#milo_gold</styleUrl><Point><coordinates>-122.290753,44.588387,0</coordinates></Point></Placemark><Placemark><name>Lucille (Snow Storm Claim) tunnel 2</name><description>MILO gold | gold, silver, copper | lode | discovered 1897 | prod started ? | size: small | src: DOGAMI MILO-4 ID_21590</description><styleUrl>#milo_gold</styleUrl><Point><coordinates>-122.311655,44.600800,0</coordinates></Point></Placemark><Placemark><name>Lucille (Snow Storm Claim) discovery tunnel</name><description>MILO gold | gold, silver, copper | lode | discovered 1897 | prod started ? | size: small | src: DOGAMI MILO-4 ID_21591</description><styleUrl>#milo_gold</styleUrl><Point><coordinates>-122.312007,44.601079,0</coordinates></Point></Placemark><Placemark><name>Martha Claim prospect</name><description>MILO gold | gold, silver | lode | discovered ? | prod started ? | size: n/a | src: DOGAMI MILO-4 ID_21592</description><styleUrl>#milo_gold</styleUrl><Point><coordinates>-122.319098,44.602883,0</coordinates></Point></Placemark><Placemark><name>Betty Claim tunnel (Bob and Betty)</name><description>MILO gold | gold, silver, copper | lode | discovered ? | prod started ? | size: n/a | src: DOGAMI MILO-4 ID_21593</description><styleUrl>#milo_gold</styleUrl><Point><coordinates>-122.292416,44.604716,0</coordinates></Point></Placemark><Placemark><name>Betty Claim large open cut (Bob and Betty)</name><description>MILO gold | gold, silver, copper | lode | discovered ? | prod started ? | size: n/a | src: DOGAMI MILO-4 ID_21594</description><styleUrl>#milo_gold</styleUrl><Point><coordinates>-122.293102,44.604474,0</coordinates></Point></Placemark><Placemark><name>Relief Property</name><description>MILO gold | gold, silver, zinc | lode | discovered ? | prod started ? | size: n/a | src: DOGAMI MILO-4 ID_21595</description><styleUrl>#milo_gold</styleUrl><Point><coordinates>-122.303297,44.578884,0</coordinates></Point></Placemark><Placemark><name>Elk Tunnel</name><description>MILO gold | gold, silver | lode | discovered ? | prod started ? | size: n/a | src: DOGAMI MILO-4 ID_21596</description><styleUrl>#milo_gold</styleUrl><Point><coordinates>-122.305871,44.593315,0</coordinates></Point></Placemark><Placemark><name>Bullion Tunnel</name><description>MILO gold | gold, silver | lode | discovered ? | prod started ? | size: n/a | src: DOGAMI MILO-4 ID_21597</description><styleUrl>#milo_gold</styleUrl><Point><coordinates>-122.303116,44.591974,0</coordinates></Point></Placemark><Placemark><name>Lawler Consolidated Group, Red Bull (Tunnel No.2)</name><description>MILO gold | gold, silver, zinc, lead | lode | discovered ? | prod started ? | size: n/a | src: DOGAMI MILO-4 ID_21598</description><styleUrl>#milo_gold</styleUrl><Point><coordinates>-122.310277,44.590768,0</coordinates></Point></Placemark><Placemark><name>Albany Group, Bonanza Claim (trench 2)</name><description>MILO gold | gold | placer (heuristic: surface workings) | discovered ? | prod started ? | size: No | src: DOGAMI MILO-4 ID_21599</description><styleUrl>#milo_gold</styleUrl><Point><coordinates>-122.296624,44.595182,0</coordinates></Point></Placemark><Placemark><name>Albany Group, Bonanza Claim (Tunnel No 3)</name><description>MILO gold | gold | placer (heuristic: surface workings) | discovered ? | prod started ? | size: No | src: DOGAMI MILO-4 ID_21600</description><styleUrl>#milo_gold</styleUrl><Point><coordinates>-122.296460,44.594863,0</coordinates></Point></Placemark><Placemark><name>Albany Group, Bonanza Claim (trench 1)</name><description>MILO gold | gold | placer (heuristic: surface workings) | discovered ? | prod started ? | size: No | src: DOGAMI MILO-4 ID_21601</description><styleUrl>#milo_gold</styleUrl><Point><coordinates>-122.296273,44.594485,0</coordinates></Point></Placemark><Placemark><name>Lawler Consolidated Group, Red Blair Claim tunnel 1</name><description>MILO gold | gold, silver, zinc, lead | unknown | discovered ? | prod started ? | size: n/a | src: DOGAMI MILO-4 ID_21602</description><styleUrl>#milo_gold</styleUrl><Point><coordinates>-122.306863,44.587283,0</coordinates></Point></Placemark><Placemark><name>Lawler Consolidated Group, Red Blair Claim tunnel 2</name><description>MILO gold | gold, silver, zinc, lead | unknown | discovered ? | prod started ? | size: n/a | src: DOGAMI MILO-4 ID_21603</description><styleUrl>#milo_gold</styleUrl><Point><coordinates>-122.306569,44.586991,0</coordinates></Point></Placemark><Placemark><name>Lawler Consolidated Group, Gold Finch Claim prospect</name><description>MILO gold | gold, silver, zinc, lead | unknown | discovered ? | prod started ? | size: n/a | src: DOGAMI MILO-4 ID_21604</description><styleUrl>#milo_gold</styleUrl><Point><coordinates>-122.304955,44.585336,0</coordinates></Point></Placemark><Placemark><name>Lawler Consolidated Group, Gold Bug old tunnel</name><description>MILO gold | gold, silver, zinc, lead | unknown | discovered ? | prod started ? | size: n/a | src: DOGAMI MILO-4 ID_21605</description><styleUrl>#milo_gold</styleUrl><Point><coordinates>-122.304120,44.586957,0</coordinates></Point></Placemark><Placemark><name>Worlds Fair Group, Free Gold Claim 2 (tunnel No.3)</name><description>MILO gold | gold, silver, zinc, lead | lode | discovered ? | prod started ? | size: n/a | src: DOGAMI MILO-4 ID_21606</description><styleUrl>#milo_gold</styleUrl><Point><coordinates>-122.299055,44.592128,0</coordinates></Point></Placemark><Placemark><name>Worlds Fair Group, Free Gold Claim 2 (tunnel No.2)</name><description>MILO gold | gold, silver, zinc, lead | lode | discovered ? | prod started ? | size: n/a | src: DOGAMI MILO-4 ID_21607</description><styleUrl>#milo_gold</styleUrl><Point><coordinates>-122.299526,44.592063,0</coordinates></Point></Placemark><Placemark><name>Ruth Claim tunnel 1</name><description>MILO gold | gold, silver | lode | discovered ? | prod started ? | size: n/a | src: DOGAMI MILO-4 ID_21608</description><styleUrl>#milo_gold</styleUrl><Point><coordinates>-122.318718,44.604376,0</coordinates></Point></Placemark><Placemark><name>Ruth Claim tunnel 2</name><description>MILO gold | gold, silver | lode | discovered ? | prod started ? | size: n/a | src: DOGAMI MILO-4 ID_21609</description><styleUrl>#milo_gold</styleUrl><Point><coordinates>-122.314339,44.602939,0</coordinates></Point></Placemark><Placemark><name>Alverda Claim tunnel</name><description>MILO gold | gold, silver | lode | discovered ? | prod started ? | size: n/a | src: DOGAMI MILO-4 ID_21610</description><styleUrl>#milo_gold</styleUrl><Point><coordinates>-122.318921,44.604486,0</coordinates></Point></Placemark><Placemark><name>Lakin Claim cut 1</name><description>MILO gold | gold, silver | lode | discovered ? | prod started ? | size: n/a | src: DOGAMI MILO-4 ID_21611</description><styleUrl>#milo_gold</styleUrl><Point><coordinates>-122.314568,44.601511,0</coordinates></Point></Placemark><Placemark><name>Lakin Claim cut 2</name><description>MILO gold | gold, silver | lode | discovered ? | prod started ? | size: n/a | src: DOGAMI MILO-4 ID_21612</description><styleUrl>#milo_gold</styleUrl><Point><coordinates>-122.314983,44.601142,0</coordinates></Point></Placemark><Placemark><name>Ruth Claim discovery cut</name><description>MILO gold | gold, silver | lode | discovered ? | prod started ? | size: n/a | src: DOGAMI MILO-4 ID_21613</description><styleUrl>#milo_gold</styleUrl><Point><coordinates>-122.314691,44.602262,0</coordinates></Point></Placemark><Placemark><name>Ruth Claim cut 3</name><description>MILO gold | gold, silver | lode | discovered ? | prod started ? | size: n/a | src: DOGAMI MILO-4 ID_21614</description><styleUrl>#milo_gold</styleUrl><Point><coordinates>-122.318128,44.604168,0</coordinates></Point></Placemark><Placemark><name>Ruth Claim cut 4</name><description>MILO gold | gold, silver | lode | discovered ? | prod started ? | size: n/a | src: DOGAMI MILO-4 ID_21615</description><styleUrl>#milo_gold</styleUrl><Point><coordinates>-122.318491,44.604276,0</coordinates></Point></Placemark><Placemark><name>Martha Claim cut 2</name><description>MILO gold | gold, silver | lode | discovered ? | prod started ? | size: n/a | src: DOGAMI MILO-4 ID_21616</description><styleUrl>#milo_gold</styleUrl><Point><coordinates>-122.321908,44.603931,0</coordinates></Point></Placemark><Placemark><name>Alverda Claim cut 1</name><description>MILO gold | gold, silver | lode | discovered ? | prod started ? | size: n/a | src: DOGAMI MILO-4 ID_21617</description><styleUrl>#milo_gold</styleUrl><Point><coordinates>-122.319075,44.604484,0</coordinates></Point></Placemark><Placemark><name>Alverda Claim cut 3</name><description>MILO gold | gold, silver | lode | discovered ? | prod started ? | size: n/a | src: DOGAMI MILO-4 ID_21618</description><styleUrl>#milo_gold</styleUrl><Point><coordinates>-122.319215,44.604590,0</coordinates></Point></Placemark><Placemark><name>Alverda Claim cut 2</name><description>MILO gold | gold, silver | lode | discovered ? | prod started ? | size: n/a | src: DOGAMI MILO-4 ID_21619</description><styleUrl>#milo_gold</styleUrl><Point><coordinates>-122.319408,44.604685,0</coordinates></Point></Placemark><Placemark><name>Martha Claim cut 4</name><description>MILO gold | gold, silver | lode | discovered ? | prod started ? | size: n/a | src: DOGAMI MILO-4 ID_21620</description><styleUrl>#milo_gold</styleUrl><Point><coordinates>-122.319283,44.604158,0</coordinates></Point></Placemark><Placemark><name>Martha Claim cut 3</name><description>MILO gold | gold, silver | lode | discovered ? | prod started ? | size: n/a | src: DOGAMI MILO-4 ID_21621</description><styleUrl>#milo_gold</styleUrl><Point><coordinates>-122.320023,44.603833,0</coordinates></Point></Placemark><Placemark><name>Martha Claim cut 1</name><description>MILO gold | gold, silver | lode | discovered ? | prod started ? | size: n/a | src: DOGAMI MILO-4 ID_21622</description><styleUrl>#milo_gold</styleUrl><Point><coordinates>-122.321888,44.603811,0</coordinates></Point></Placemark><Placemark><name>Martha Claim tunnel 2</name><description>MILO gold | gold, silver | lode | discovered ? | prod started ? | size: n/a | src: DOGAMI MILO-4 ID_21623</description><styleUrl>#milo_gold</styleUrl><Point><coordinates>-122.320989,44.603676,0</coordinates></Point></Placemark><Placemark><name>Martha Claim cut 4</name><description>MILO gold | gold, silver | lode | discovered ? | prod started ? | size: n/a | src: DOGAMI MILO-4 ID_21624</description><styleUrl>#milo_gold</styleUrl><Point><coordinates>-122.323990,44.604663,0</coordinates></Point></Placemark><Placemark><name>Ruth Claim cut 2</name><description>MILO gold | gold, silver | lode | discovered ? | prod started ? | size: n/a | src: DOGAMI MILO-4 ID_21625</description><styleUrl>#milo_gold</styleUrl><Point><coordinates>-122.314840,44.603179,0</coordinates></Point></Placemark><Placemark><name>Ruth Claim cut 1</name><description>MILO gold | gold, silver | lode | discovered ? | prod started ? | size: n/a | src: DOGAMI MILO-4 ID_21626</description><styleUrl>#milo_gold</styleUrl><Point><coordinates>-122.314044,44.602772,0</coordinates></Point></Placemark><Placemark><name>Lucille (Bell Claim) Tunnel 2</name><description>MILO gold | gold, silver, copper | lode | discovered 1897 | prod started ? | size: small | src: DOGAMI MILO-4 ID_21627</description><styleUrl>#milo_gold</styleUrl><Point><coordinates>-122.310421,44.599091,0</coordinates></Point></Placemark><Placemark><name>Lucille</name><description>MILO gold | gold, silver, copper | lode | discovered 1897 | prod started ? | size: small | src: DOGAMI MILO-4 ID_21628</description><styleUrl>#milo_gold</styleUrl><Point><coordinates>-122.309910,44.600376,0</coordinates></Point></Placemark><Placemark><name>Lucille (Snow Storm Claim) cut</name><description>MILO gold | gold, silver, copper | lode | discovered 1897 | prod started ? | size: small | src: DOGAMI MILO-4 ID_21629</description><styleUrl>#milo_gold</styleUrl><Point><coordinates>-122.312130,44.601005,0</coordinates></Point></Placemark><Placemark><name>Lucille (Bell Claim) cut 2</name><description>MILO gold | gold, silver, copper | lode | discovered 1897 | prod started ? | size: small | src: DOGAMI MILO-4 ID_21630</description><styleUrl>#milo_gold</styleUrl><Point><coordinates>-122.312630,44.599649,0</coordinates></Point></Placemark><Placemark><name>Lucille (Snow Storm Claim) tunnel 3</name><description>MILO gold | gold, silver, copper | lode | discovered 1897 | prod started ? | size: small | src: DOGAMI MILO-4 ID_21631</description><styleUrl>#milo_gold</styleUrl><Point><coordinates>-122.311423,44.600851,0</coordinates></Point></Placemark><Placemark><name>Lucille (The Campbird Claim) tunnel 6</name><description>MILO gold | gold, silver, copper | lode | discovered 1897 | prod started ? | size: small | src: DOGAMI MILO-4 ID_21632</description><styleUrl>#milo_gold</styleUrl><Point><coordinates>-122.311037,44.600088,0</coordinates></Point></Placemark><Placemark><name>Lucille (The Campbird Claim) tunnel 7</name><description>MILO gold | gold, silver, copper | lode | discovered 1897 | prod started ? | size: small | src: DOGAMI MILO-4 ID_21633</description><styleUrl>#milo_gold</styleUrl><Point><coordinates>-122.311170,44.600046,0</coordinates></Point></Placemark><Placemark><name>Pine Squirl Claim, discovery cut</name><description>MILO gold | gold, silver | lode | discovered ? | prod started ? | size: n/a | src: DOGAMI MILO-4 ID_21639</description><styleUrl>#milo_gold</styleUrl><Point><coordinates>-122.322586,44.603035,0</coordinates></Point></Placemark><Placemark><name>Spotted Fawn tunnel</name><description>MILO gold | gold, silver, zinc, lead | lode | discovered ? | prod started ? | size: n/a | src: DOGAMI MILO-4 ID_21640</description><styleUrl>#milo_gold</styleUrl><Point><coordinates>-122.308989,44.581097,0</coordinates></Point></Placemark><Placemark><name>Albany Group Marion (Morning Star claim), Tunnel No.2</name><description>MILO gold | gold, silver | lode | discovered ? | prod started ? | size: n/a | src: DOGAMI MILO-4 ID_21641</description><styleUrl>#milo_gold</styleUrl><Point><coordinates>-122.292519,44.597411,0</coordinates></Point></Placemark><Placemark><name>Albany Group (Morning Star claim), Cut No.2</name><description>MILO gold | gold, silver | lode | discovered ? | prod started ? | size: n/a | src: DOGAMI MILO-4 ID_21642</description><styleUrl>#milo_gold</styleUrl><Point><coordinates>-122.294029,44.599484,0</coordinates></Point></Placemark><Placemark><name>Albany Group (Abe Lincoln Claim), Cut No.5</name><description>MILO gold | gold, silver | lode | discovered ? | prod started ? | size: n/a | src: DOGAMI MILO-4 ID_21643</description><styleUrl>#milo_gold</styleUrl><Point><coordinates>-122.292382,44.599753,0</coordinates></Point></Placemark><Placemark><name>Albany Group (Abe Lincoln Claim), Tunnel No.2</name><description>MILO gold | gold, silver | lode | discovered ? | prod started ? | size: n/a | src: DOGAMI MILO-4 ID_21644</description><styleUrl>#milo_gold</styleUrl><Point><coordinates>-122.292360,44.599836,0</coordinates></Point></Placemark><Placemark><name>Albany Group (Evening Star Claim), Disc Cut and Tunnel No.1</name><description>MILO gold | gold, silver | lode | discovered ? | prod started ? | size: n/a | src: DOGAMI MILO-4 ID_21645</description><styleUrl>#milo_gold</styleUrl><Point><coordinates>-122.292192,44.599921,0</coordinates></Point></Placemark><Placemark><name>Albany Group Marion (Morning Star claim), Tunnel No.2</name><description>MILO gold | gold, silver | lode | discovered ? | prod started ? | size: n/a | src: DOGAMI MILO-4 ID_21646</description><styleUrl>#milo_gold</styleUrl><Point><coordinates>-122.292393,44.597418,0</coordinates></Point></Placemark><Placemark><name>Albany Group (Morning Star claim), Tunnel No.2</name><description>MILO gold | gold, silver | lode | discovered ? | prod started ? | size: n/a | src: DOGAMI MILO-4 ID_21647</description><styleUrl>#milo_gold</styleUrl><Point><coordinates>-122.295229,44.599017,0</coordinates></Point></Placemark><Placemark><name>Albany Group (Queen of the Gulch Claim), Disc Cut No.1</name><description>MILO gold | gold, silver | lode | discovered ? | prod started ? | size: n/a | src: DOGAMI MILO-4 ID_21648</description><styleUrl>#milo_gold</styleUrl><Point><coordinates>-122.297035,44.598128,0</coordinates></Point></Placemark><Placemark><name>Albany Group (Mountain King Claim), Disc Cut and Tunnel No.1</name><description>MILO gold | gold, silver | lode | discovered ? | prod started ? | size: n/a | src: DOGAMI MILO-4 ID_21649</description><styleUrl>#milo_gold</styleUrl><Point><coordinates>-122.297876,44.597540,0</coordinates></Point></Placemark><Placemark><name>Albany (Mountain Queen Claim), Tunnel and Shaft No.2</name><description>MILO gold | gold, silver, zinc, lead, copper | lode | discovered 1888 | prod started ? | size: small | src: DOGAMI MILO-4 ID_21650</description><styleUrl>#milo_gold</styleUrl><Point><coordinates>-122.295697,44.596133,0</coordinates></Point></Placemark><Placemark><name>Albany (Mountain Queen Claim), Disc Cut No.1</name><description>MILO gold | gold, silver, zinc, lead, copper | lode | discovered 1888 | prod started ? | size: small | src: DOGAMI MILO-4 ID_21651</description><styleUrl>#milo_gold</styleUrl><Point><coordinates>-122.294261,44.595635,0</coordinates></Point></Placemark><Placemark><name>Albany (Murray Claim), Disc Cut No.1</name><description>MILO gold | gold, silver, zinc, lead, copper | lode | discovered 1888 | prod started ? | size: small | src: DOGAMI MILO-4 ID_21652</description><styleUrl>#milo_gold</styleUrl><Point><coordinates>-122.292501,44.594552,0</coordinates></Point></Placemark><Placemark><name>Red Heifer No.4 cut 1 (Abe Lincoln claim)</name><description>MILO gold | gold, silver, zinc, lead, copper | lode | discovered ? | prod started ? | size: small | src: DOGAMI MILO-4 ID_21653</description><styleUrl>#milo_gold</styleUrl><Point><coordinates>-122.293135,44.602603,0</coordinates></Point></Placemark><Placemark><name>Red Heifer No.4 cut 2 (Abe Lincoln claim)</name><description>MILO gold | gold, silver, zinc, lead, copper | lode | discovered ? | prod started ? | size: small | src: DOGAMI MILO-4 ID_21654</description><styleUrl>#milo_gold</styleUrl><Point><coordinates>-122.293060,44.602458,0</coordinates></Point></Placemark><Placemark><name>Red Heifer Cut 3 (Abe Lincoln claim)</name><description>MILO gold | gold, silver, zinc, lead, copper | lode | discovered ? | prod started ? | size: small | src: DOGAMI MILO-4 ID_21655</description><styleUrl>#milo_gold</styleUrl><Point><coordinates>-122.292109,44.602251,0</coordinates></Point></Placemark><Placemark><name>Red Heifer tunnel (Abe Lincoln claim)</name><description>MILO gold | gold, silver, zinc, lead, copper | lode | discovered ? | prod started ? | size: small | src: DOGAMI MILO-4 ID_21656</description><styleUrl>#milo_gold</styleUrl><Point><coordinates>-122.291608,44.601903,0</coordinates></Point></Placemark><Placemark><name>Bob Claim discovery cut (Bob and Betty)</name><description>MILO gold | gold, silver, zinc, lead, copper | lode | discovered 1881 | prod started ? | size: small | src: DOGAMI MILO-4 ID_21657</description><styleUrl>#milo_gold</styleUrl><Point><coordinates>-122.291589,44.604013,0</coordinates></Point></Placemark><Placemark><name>Bob Claim cut (Bob and Betty)</name><description>MILO gold | gold, silver, zinc, lead, copper | lode | discovered 1881 | prod started ? | size: small | src: DOGAMI MILO-4 ID_21658</description><styleUrl>#milo_gold</styleUrl><Point><coordinates>-122.289943,44.603017,0</coordinates></Point></Placemark><Placemark><name>Bob Claim tunnel (Bob and Betty)</name><description>MILO gold | gold, silver, zinc, lead, copper | lode | discovered 1881 | prod started ? | size: small | src: DOGAMI MILO-4 ID_21659</description><styleUrl>#milo_gold</styleUrl><Point><coordinates>-122.291325,44.603878,0</coordinates></Point></Placemark><Placemark><name>Tillicum claim tunnel 3</name><description>MILO gold | gold, silver, zinc, lead | lode | discovered ? | prod started ? | size: n/a | src: DOGAMI MILO-4 ID_21660</description><styleUrl>#milo_gold</styleUrl><Point><coordinates>-122.300840,44.593707,0</coordinates></Point></Placemark><Placemark><name>Tillicum claim tunnel 2</name><description>MILO gold | gold, silver, zinc, lead | lode | discovered ? | prod started ? | size: n/a | src: DOGAMI MILO-4 ID_21661</description><styleUrl>#milo_gold</styleUrl><Point><coordinates>-122.300032,44.593499,0</coordinates></Point></Placemark><Placemark><name>Mother Lode Claim Tunnel No.2/Disc. Cut No.1</name><description>MILO gold | gold, silver | lode | discovered ? | prod started ? | size: n/a | src: DOGAMI MILO-4 ID_21662</description><styleUrl>#milo_gold</styleUrl><Point><coordinates>-122.320614,44.608125,0</coordinates></Point></Placemark><Placemark><name>unnamed or NA</name><description>MILO gold | gold, silver | unknown | discovered ? | prod started ? | size: n/a | src: DOGAMI MILO-4 ID_21663</description><styleUrl>#milo_gold</styleUrl><Point><coordinates>-122.319802,44.594768,0</coordinates></Point></Placemark><Placemark><name>unnamed or NA</name><description>MILO gold | gold, silver | unknown | discovered ? | prod started ? | size: n/a | src: DOGAMI MILO-4 ID_21664</description><styleUrl>#milo_gold</styleUrl><Point><coordinates>-122.319895,44.594564,0</coordinates></Point></Placemark><Placemark><name>unnamed or NA</name><description>MILO gold | gold, silver | unknown | discovered ? | prod started ? | size: n/a | src: DOGAMI MILO-4 ID_21665</description><styleUrl>#milo_gold</styleUrl><Point><coordinates>-122.321569,44.597151,0</coordinates></Point></Placemark><Placemark><name>unnamed or NA</name><description>MILO gold | gold, silver | unknown | discovered ? | prod started ? | size: n/a | src: DOGAMI MILO-4 ID_21666</description><styleUrl>#milo_gold</styleUrl><Point><coordinates>-122.321724,44.597638,0</coordinates></Point></Placemark><Placemark><name>unnamed or NA</name><description>MILO gold | gold, silver | unknown | discovered ? | prod started ? | size: n/a | src: DOGAMI MILO-4 ID_21667</description><styleUrl>#milo_gold</styleUrl><Point><coordinates>-122.324699,44.597006,0</coordinates></Point></Placemark><Placemark><name>unnamed or NA</name><description>MILO gold | gold, silver | unknown | discovered ? | prod started ? | size: n/a | src: DOGAMI MILO-4 ID_21668</description><styleUrl>#milo_gold</styleUrl><Point><coordinates>-122.319274,44.600210,0</coordinates></Point></Placemark><Placemark><name>unnamed or NA</name><description>MILO gold | gold, silver | unknown | discovered ? | prod started ? | size: n/a | src: DOGAMI MILO-4 ID_21669</description><styleUrl>#milo_gold</styleUrl><Point><coordinates>-122.321649,44.598007,0</coordinates></Point></Placemark><Placemark><name>Lawler Consolidated Placer, Bed Rock Placer (prospect?)</name><description>MILO gold | gold, silver, zinc, lead | unknown | discovered ? | prod started ? | size: n/a | src: DOGAMI MILO-4 ID_21670</description><styleUrl>#milo_gold</styleUrl><Point><coordinates>-122.316836,44.591642,0</coordinates></Point></Placemark><Placemark><name>Lawler Consolidated Placer, Bed Rock Placer (prospect?)</name><description>MILO gold | gold, silver, zinc, lead | unknown | discovered ? | prod started ? | size: n/a | src: DOGAMI MILO-4 ID_21671</description><styleUrl>#milo_gold</styleUrl><Point><coordinates>-122.320659,44.592903,0</coordinates></Point></Placemark><Placemark><name>Albany (Murray Claim) cut or tunnel</name><description>MILO gold | gold, silver, zinc, lead, copper | lode | discovered 1888 | prod started ? | size: small | src: DOGAMI MILO-4 ID_21672</description><styleUrl>#milo_gold</styleUrl><Point><coordinates>-122.291148,44.593711,0</coordinates></Point></Placemark><Placemark><name>unnamed or NA</name><description>MILO gold | gold, silver, zinc, lead, copper | lode | discovered 1888 | prod started ? | size: small | src: DOGAMI MILO-4 ID_21673</description><styleUrl>#milo_gold</styleUrl><Point><coordinates>-122.289153,44.596048,0</coordinates></Point></Placemark><Placemark><name>unnamed or NA</name><description>MILO gold | gold, silver, zinc, lead, copper | lode | discovered 1888 | prod started ? | size: small | src: DOGAMI MILO-4 ID_21674</description><styleUrl>#milo_gold</styleUrl><Point><coordinates>-122.295030,44.590716,0</coordinates></Point></Placemark><Placemark><name>unnamed or NA</name><description>MILO gold | gold, silver, lead, zinc, copper | lode | discovered ? | prod started ? | size: n/a | src: DOGAMI MILO-4 ID_21675</description><styleUrl>#milo_gold</styleUrl><Point><coordinates>-122.293529,44.587233,0</coordinates></Point></Placemark><Placemark><name>unnamed or NA</name><description>MILO gold | gold, silver, lead, zinc, copper | lode | discovered ? | prod started ? | size: n/a | src: DOGAMI MILO-4 ID_21676</description><styleUrl>#milo_gold</styleUrl><Point><coordinates>-122.293743,44.587179,0</coordinates></Point></Placemark><Placemark><name>unnamed or NA</name><description>MILO gold | gold, silver, lead, zinc, copper | lode | discovered ? | prod started ? | size: n/a | src: DOGAMI MILO-4 ID_21677</description><styleUrl>#milo_gold</styleUrl><Point><coordinates>-122.293895,44.587434,0</coordinates></Point></Placemark><Placemark><name>unnamed or NA</name><description>MILO gold | gold, silver, lead, zinc, copper | lode | discovered ? | prod started ? | size: n/a | src: DOGAMI MILO-4 ID_21678</description><styleUrl>#milo_gold</styleUrl><Point><coordinates>-122.301291,44.581686,0</coordinates></Point></Placemark><Placemark><name>unnamed or NA</name><description>MILO gold | gold, silver | unknown | discovered ? | prod started ? | size: n/a | src: DOGAMI MILO-4 ID_21864</description><styleUrl>#milo_gold</styleUrl><Point><coordinates>-122.321392,44.598272,0</coordinates></Point></Placemark><Placemark><name>unnamed or NA</name><description>MILO gold | gold, silver | unknown | discovered ? | prod started ? | size: n/a | src: DOGAMI MILO-4 ID_21865</description><styleUrl>#milo_gold</styleUrl><Point><coordinates>-122.326400,44.597592,0</coordinates></Point></Placemark><Placemark><name>unnamed or NA</name><description>MILO gold | gold, silver | unknown | discovered ? | prod started ? | size: n/a | src: DOGAMI MILO-4 ID_21866</description><styleUrl>#milo_gold</styleUrl><Point><coordinates>-122.326507,44.597412,0</coordinates></Point></Placemark><Placemark><name>prospect</name><description>MILO gold | gold, silver | unknown | discovered ? | prod started ? | size: n/a | src: DOGAMI MILO-4 ID_21867</description><styleUrl>#milo_gold</styleUrl><Point><coordinates>-122.324212,44.602383,0</coordinates></Point></Placemark><Placemark><name>unnamed or NA</name><description>MILO gold | gold, silver | unknown | discovered ? | prod started ? | size: n/a | src: DOGAMI MILO-4 ID_21868</description><styleUrl>#milo_gold</styleUrl><Point><coordinates>-122.322711,44.601552,0</coordinates></Point></Placemark><Placemark><name>unnamed or NA</name><description>MILO gold | gold, silver | unknown | discovered ? | prod started ? | size: n/a | src: DOGAMI MILO-4 ID_21869</description><styleUrl>#milo_gold</styleUrl><Point><coordinates>-122.300766,44.598104,0</coordinates></Point></Placemark><Placemark><name>unnamed or NA</name><description>MILO gold | gold, silver | unknown | discovered ? | prod started ? | size: n/a | src: DOGAMI MILO-4 ID_21870</description><styleUrl>#milo_gold</styleUrl><Point><coordinates>-122.301374,44.598023,0</coordinates></Point></Placemark><Placemark><name>unnamed or NA</name><description>MILO gold | gold, silver | unknown | discovered ? | prod started ? | size: n/a | src: DOGAMI MILO-4 ID_21871</description><styleUrl>#milo_gold</styleUrl><Point><coordinates>-122.301212,44.598761,0</coordinates></Point></Placemark><Placemark><name>unnamed or NA</name><description>MILO gold | gold, silver | unknown | discovered ? | prod started ? | size: n/a | src: DOGAMI MILO-4 ID_21872</description><styleUrl>#milo_gold</styleUrl><Point><coordinates>-122.304906,44.594722,0</coordinates></Point></Placemark><Placemark><name>unnamed or NA</name><description>MILO gold | gold, silver | unknown | discovered ? | prod started ? | size: n/a | src: DOGAMI MILO-4 ID_21873</description><styleUrl>#milo_gold</styleUrl><Point><coordinates>-122.296651,44.604862,0</coordinates></Point></Placemark><Placemark><name>unnamed or NA</name><description>MILO gold | gold, silver | unknown | discovered ? | prod started ? | size: n/a | src: DOGAMI MILO-4 ID_21874</description><styleUrl>#milo_gold</styleUrl><Point><coordinates>-122.298587,44.605046,0</coordinates></Point></Placemark><Placemark><name>unnamed or NA</name><description>MILO gold | gold, silver | unknown | discovered ? | prod started ? | size: n/a | src: DOGAMI MILO-4 ID_21875</description><styleUrl>#milo_gold</styleUrl><Point><coordinates>-122.282748,44.602927,0</coordinates></Point></Placemark><Placemark><name>prospect</name><description>MILO gold | gold, silver, zinc | unknown | discovered ? | prod started ? | size: n/a | src: DOGAMI MILO-4 ID_21876</description><styleUrl>#milo_gold</styleUrl><Point><coordinates>-122.283112,44.558905,0</coordinates></Point></Placemark><Placemark><name>prospect</name><description>MILO gold | gold, silver, zinc | unknown | discovered ? | prod started ? | size: n/a | src: DOGAMI MILO-4 ID_21877</description><styleUrl>#milo_gold</styleUrl><Point><coordinates>-122.283335,44.559173,0</coordinates></Point></Placemark><Placemark><name>prospect</name><description>MILO gold | gold, silver, zinc | unknown | discovered ? | prod started ? | size: n/a | src: DOGAMI MILO-4 ID_21878</description><styleUrl>#milo_gold</styleUrl><Point><coordinates>-122.283421,44.559397,0</coordinates></Point></Placemark><Placemark><name>prospect</name><description>MILO gold | gold, silver, zinc | unknown | discovered ? | prod started ? | size: n/a | src: DOGAMI MILO-4 ID_21879</description><styleUrl>#milo_gold</styleUrl><Point><coordinates>-122.283400,44.559683,0</coordinates></Point></Placemark><Placemark><name>prospect</name><description>MILO gold | gold, silver, zinc | unknown | discovered ? | prod started ? | size: n/a | src: DOGAMI MILO-4 ID_21880</description><styleUrl>#milo_gold</styleUrl><Point><coordinates>-122.283438,44.559933,0</coordinates></Point></Placemark><Placemark><name>prospect</name><description>MILO gold | gold, silver, zinc | unknown | discovered ? | prod started ? | size: n/a | src: DOGAMI MILO-4 ID_21881</description><styleUrl>#milo_gold</styleUrl><Point><coordinates>-122.279245,44.561938,0</coordinates></Point></Placemark><Placemark><name>prospect</name><description>MILO gold | gold, silver, zinc | unknown | discovered ? | prod started ? | size: n/a | src: DOGAMI MILO-4 ID_21882</description><styleUrl>#milo_gold</styleUrl><Point><coordinates>-122.275157,44.547270,0</coordinates></Point></Placemark><Placemark><name>adit</name><description>MILO gold | gold, silver | unknown | discovered ? | prod started ? | size: n/a | src: DOGAMI MILO-4 ID_23101</description><styleUrl>#milo_gold</styleUrl><Point><coordinates>-122.315668,44.602956,0</coordinates></Point></Placemark><Placemark><name>Lawler Consolidated Group, Red Blair Claim tunnel 1</name><description>MILO gold | gold, silver, zinc, lead | unknown | discovered ? | prod started ? | size: n/a | src: DOGAMI MILO-4 ID_23102</description><styleUrl>#milo_gold</styleUrl><Point><coordinates>-122.306201,44.587533,0</coordinates></Point></Placemark><Placemark><name>Lawler Consolidated Group, Red Blair Claim tunnel 1</name><description>MILO gold | gold, silver, zinc, lead | unknown | discovered ? | prod started ? | size: n/a | src: DOGAMI MILO-4 ID_23103</description><styleUrl>#milo_gold</styleUrl><Point><coordinates>-122.306048,44.587603,0</coordinates></Point></Placemark><Placemark><name>Lawler Consolidated Group, Red Blair Claim tunnel 1</name><description>MILO gold | gold, silver, zinc, lead | unknown | discovered ? | prod started ? | size: n/a | src: DOGAMI MILO-4 ID_23104</description><styleUrl>#milo_gold</styleUrl><Point><coordinates>-122.305520,44.587812,0</coordinates></Point></Placemark><Placemark><name>Lawler Consolidated Group, Red Blair Claim tunnel 1</name><description>MILO gold | gold, silver, zinc, lead | unknown | discovered ? | prod started ? | size: n/a | src: DOGAMI MILO-4 ID_23105</description><styleUrl>#milo_gold</styleUrl><Point><coordinates>-122.304856,44.588008,0</coordinates></Point></Placemark><Placemark><name>Lawler Consolidated Group, Red Blair Claim tunnel 1</name><description>MILO gold | gold, silver, zinc, lead | unknown | discovered ? | prod started ? | size: n/a | src: DOGAMI MILO-4 ID_23106</description><styleUrl>#milo_gold</styleUrl><Point><coordinates>-122.304564,44.588120,0</coordinates></Point></Placemark><Placemark><name>Lawler Consolidated Group, Red Bull (Shaft)</name><description>MILO gold | gold, silver, zinc, lead | unknown | discovered ? | prod started ? | size: n/a | src: DOGAMI MILO-4 ID_23319</description><styleUrl>#milo_gold</styleUrl><Point><coordinates>-122.309038,44.589334,0</coordinates></Point></Placemark><Placemark><name>prospect</name><description>MILO gold | gold, silver, zinc | unknown | discovered ? | prod started ? | size: n/a | src: DOGAMI MILO-4 ID_23322</description><styleUrl>#milo_gold</styleUrl><Point><coordinates>-122.291754,44.572533,0</coordinates></Point></Placemark><Placemark><name>prospect</name><description>MILO gold | gold, silver, zinc | unknown | discovered ? | prod started ? | size: n/a | src: DOGAMI MILO-4 ID_23323</description><styleUrl>#milo_gold</styleUrl><Point><coordinates>-122.296999,44.574995,0</coordinates></Point></Placemark><Placemark><name>Doodlebug Claim</name><description>MRDS gold occurrence | status: Prospect | commodities: AU | src: https://mrdata.usgs.gov/mrds/show-mrds.php?dep_id=10128714</description><styleUrl>#site_other</styleUrl><Point><coordinates>-122.302260,44.598710,0</coordinates></Point></Placemark><Placemark><name>Big Mac</name><description>MRDS gold occurrence | status: Past Producer | commodities: AU | src: https://mrdata.usgs.gov/mrds/show-mrds.php?dep_id=10201584</description><styleUrl>#site_other</styleUrl><Point><coordinates>-122.303960,44.597010,0</coordinates></Point></Placemark><Placemark><name>Peak and Dwarf Claims</name><description>MRDS gold occurrence | status: Prospect | commodities: AU | src: https://mrdata.usgs.gov/mrds/show-mrds.php?dep_id=10250443</description><styleUrl>#site_other</styleUrl><Point><coordinates>-122.269260,44.606210,0</coordinates></Point></Placemark><Placemark><name>Houf Property</name><description>MRDS gold occurrence | status: Occurrence | commodities: AU | src: https://mrdata.usgs.gov/mrds/show-mrds.php?dep_id=10036324</description><styleUrl>#site_other</styleUrl><Point><coordinates>-122.370600,44.588700,0</coordinates></Point></Placemark><Placemark><name>Doodlebug Claim</name><description>MRDS gold occurrence | status: Occurrence | commodities: AU | src: https://mrdata.usgs.gov/mrds/show-mrds.php?dep_id=10048419</description><styleUrl>#site_other</styleUrl><Point><coordinates>-122.298100,44.597030,0</coordinates></Point></Placemark><Placemark><name>Peak &amp; Dwarf</name><description>MRDS gold occurrence | status: Occurrence | commodities: AU | src: https://mrdata.usgs.gov/mrds/show-mrds.php?dep_id=10053827</description><styleUrl>#site_other</styleUrl><Point><coordinates>-122.269220,44.606200,0</coordinates></Point></Placemark><Placemark><name>Unnamed Prospect</name><description>MRDS gold occurrence | status: Prospect | commodities: AU | src: https://mrdata.usgs.gov/mrds/show-mrds.php?dep_id=10128677</description><styleUrl>#site_other</styleUrl><Point><coordinates>-122.301960,44.599010,0</coordinates></Point></Placemark><Placemark><name>Houf Property</name><description>MRDS gold occurrence | status: Unknown | commodities: AU | src: https://mrdata.usgs.gov/mrds/show-mrds.php?dep_id=10250627</description><styleUrl>#site_other</styleUrl><Point><coordinates>-122.370560,44.588710,0</coordinates></Point></Placemark><Placemark><name>Unnamed Prospect</name><description>MRDS gold occurrence | status: Unknown | commodities: AU | src: https://mrdata.usgs.gov/mrds/show-mrds.php?dep_id=10250429</description><styleUrl>#site_other</styleUrl><Point><coordinates>-122.337860,44.601210,0</coordinates></Point></Placemark></Folder><Folder><name>Active mining claims (BLM MLRS)</name><Placemark><name>WIRE GOLD [APPROX quarter-section]</name><description>lode | serial ORMC101599 | 20.66 ac | Active | qtr-sec OR 33 0110S 0040E 023 A SE | recorded~2021 (DB date, not legal located date) | src: BLM MLRS Not Closed | APPROX (BLM quarter-section)</description><styleUrl>#active_claim</styleUrl><Polygon><outerBoundaryIs><LinearRing><coordinates>-122.290643,44.588413,0 -122.295669,44.588414,0 -122.295875,44.588414,0 -122.295748,44.588492,0 -122.295667,44.588649,0 -122.295659,44.589418,0 -122.295777,44.589470,0 -122.295658,44.589569,0 -122.295641,44.591343,0 -122.297130,44.591998,0 -122.295635,44.591999,0 -122.295622,44.593302,0 -122.295600,44.595584,0 -122.292806,44.595587,0 -122.291400,44.595589,0 -122.291179,44.595589,0 -122.290572,44.595590,0 -122.285544,44.595596,0 -122.285580,44.592004,0 -122.285617,44.588412,0 -122.290643,44.588413,0</coordinates></LinearRing></outerBoundaryIs></Polygon></Placemark><Placemark><name>FREE GOLD [APPROX quarter-section]</name><description>lode | serial ORMC166145 | 20.66 ac | Active | qtr-sec OR 33 0110S 0040E 026 A NW|OR 33 0110S 0040E 023 A SW | recorded~2021 (DB date, not legal located date) | src: BLM MLRS Not Closed | APPROX (BLM quarter-section)</description><styleUrl>#active_claim</styleUrl><Polygon><outerBoundaryIs><LinearRing><coordinates>-122.305760,44.581219,0 -122.305750,44.583115,0 -122.305741,44.584817,0 -122.305739,44.585107,0 -122.305732,44.586509,0 -122.305732,44.586512,0 -122.305728,44.587251,0 -122.305727,44.587282,0 -122.305727,44.587287,0 -122.305725,44.587768,0 -122.305724,44.587772,0 -122.305721,44.588415,0 -122.305711,44.589517,0 -122.305689,44.591993,0 -122.305675,44.593558,0 -122.305661,44.595084,0 -122.305657,44.595571,0 -122.300880,44.595577,0 -122.300629,44.595577,0 -122.300400,44.595578,0 -122.300055,44.595578,0 -122.295600,44.595584,0 -122.295622,44.593302,0 -122.295635,44.591999,0 -122.297130,44.591998,0 -122.295641,44.591343,0 -122.295658,44.589569,0 -122.295777,44.589470,0 -122.295659,44.589418,0 -122.295667,44.588649,0 -122.295748,44.588492,0 -122.295875,44.588414,0 -122.295669,44.588414,0 -122.295694,44.584817,0 -122.295720,44.581221,0 -122.300740,44.581220,0 -122.305760,44.581219,0</coordinates></LinearRing></outerBoundaryIs></Polygon></Placemark><Placemark><name>RELIEF MINE [APPROX quarter-section]</name><description>lode | serial ORMC172954 | 20.66 ac | Active | qtr-sec OR 33 0110S 0040E 026 A NW|OR 33 0110S 0040E 026 A SW | recorded~2021 (DB date, not legal located date) | src: BLM MLRS Not Closed | APPROX (BLM quarter-section)</description><styleUrl>#active_claim</styleUrl><Polygon><outerBoundaryIs><LinearRing><coordinates>-122.305786,44.576414,0 -122.305780,44.577621,0 -122.305760,44.581219,0 -122.305750,44.583115,0 -122.305741,44.584817,0 -122.305739,44.585107,0 -122.305732,44.586509,0 -122.305732,44.586512,0 -122.305728,44.587251,0 -122.305727,44.587282,0 -122.305727,44.587287,0 -122.305725,44.587768,0 -122.305724,44.587772,0 -122.305721,44.588415,0 -122.303368,44.588415,0 -122.300695,44.588415,0 -122.297768,44.588414,0 -122.295875,44.588414,0 -122.295669,44.588414,0 -122.295694,44.584817,0 -122.295720,44.581221,0 -122.295745,44.577625,0 -122.295770,44.574028,0 -122.300784,44.574025,0 -122.305799,44.574023,0 -122.305791,44.575562,0 -122.305786,44.576414,0</coordinates></LinearRing></outerBoundaryIs></Polygon></Placemark><Placemark><name>GOLDEN DREAMS [APPROX quarter-section]</name><description>lode | serial ORMC174152 | 20.66 ac | Active | qtr-sec OR 33 0110S 0040E 023 A SW|OR 33 0110S 0040E 026 A NW | recorded~2021 (DB date, not legal located date) | src: BLM MLRS Not Closed | APPROX (BLM quarter-section)</description><styleUrl>#active_claim</styleUrl><Polygon><outerBoundaryIs><LinearRing><coordinates>-122.305760,44.581219,0 -122.305750,44.583115,0 -122.305741,44.584817,0 -122.305739,44.585107,0 -122.305732,44.586509,0 -122.305732,44.586512,0 -122.305728,44.587251,0 -122.305727,44.587282,0 -122.305727,44.587287,0 -122.305725,44.587768,0 -122.305724,44.587772,0 -122.305721,44.588415,0 -122.305711,44.589517,0 -122.305689,44.591993,0 -122.305675,44.593558,0 -122.305661,44.595084,0 -122.305657,44.595571,0 -122.300880,44.595577,0 -122.300629,44.595577,0 -122.300400,44.595578,0 -122.300055,44.595578,0 -122.295600,44.595584,0 -122.295622,44.593302,0 -122.295635,44.591999,0 -122.297130,44.591998,0 -122.295641,44.591343,0 -122.295658,44.589569,0 -122.295777,44.589470,0 -122.295659,44.589418,0 -122.295667,44.588649,0 -122.295748,44.588492,0 -122.295875,44.588414,0 -122.295669,44.588414,0 -122.295694,44.584817,0 -122.295720,44.581221,0 -122.300740,44.581220,0 -122.305760,44.581219,0</coordinates></LinearRing></outerBoundaryIs></Polygon></Placemark><Placemark><name>sweetwater [APPROX quarter-section]</name><description>lode | serial OR106348587 | 641.57 ac | Filed | qtr-sec OR 33 0110S 0040E 023 A NW | recorded~2024 (DB date, not legal located date) | src: BLM MLRS Not Closed | APPROX (BLM quarter-section)</description><styleUrl>#active_claim</styleUrl><Polygon><outerBoundaryIs><LinearRing><coordinates>-122.300400,44.595578,0 -122.300629,44.595577,0 -122.300880,44.595577,0 -122.305657,44.595571,0 -122.305625,44.599148,0 -122.305592,44.602726,0 -122.300562,44.602739,0 -122.295532,44.602753,0 -122.295540,44.601909,0 -122.295408,44.602666,0 -122.294327,44.602599,0 -122.293290,44.601825,0 -122.293637,44.599172,0 -122.290557,44.597099,0 -122.290568,44.596056,0 -122.291179,44.595589,0 -122.291400,44.595589,0 -122.295383,44.598329,0 -122.295147,44.598509,0 -122.295572,44.598543,0 -122.295588,44.596874,0 -122.295600,44.595584,0 -122.300055,44.595578,0 -122.300400,44.595578,0</coordinates></LinearRing></outerBoundaryIs></Polygon></Placemark><Placemark><name>Edson A [APPROX quarter-section]</name><description>lode | serial OR106377410 | 486.09 ac | Active | qtr-sec OR 33 0110S 0040E 022 NE | recorded~2024 (DB date, not legal located date) | src: BLM MLRS Not Closed | APPROX (BLM quarter-section)</description><styleUrl>#active_claim</styleUrl><Polygon><outerBoundaryIs><LinearRing><coordinates>-122.314668,44.593663,0 -122.314935,44.594434,0 -122.315772,44.594291,0 -122.315763,44.595567,0 -122.315739,44.599125,0 -122.315730,44.600510,0 -122.315715,44.602683,0 -122.313618,44.602692,0 -122.310654,44.602704,0 -122.305592,44.602726,0 -122.305625,44.599148,0 -122.305657,44.595571,0 -122.305661,44.595084,0 -122.306167,44.595144,0 -122.307960,44.594831,0 -122.308215,44.595570,0 -122.310710,44.595569,0 -122.312904,44.595568,0 -122.312409,44.594061,0 -122.314668,44.593663,0</coordinates></LinearRing></outerBoundaryIs></Polygon></Placemark><Placemark><name>Edson B [APPROX quarter-section]</name><description>lode | serial OR106377411 | 486.09 ac | Active | qtr-sec OR 33 0110S 0040E 022 NE | recorded~2024 (DB date, not legal located date) | src: BLM MLRS Not Closed | APPROX (BLM quarter-section)</description><styleUrl>#active_claim</styleUrl><Polygon><outerBoundaryIs><LinearRing><coordinates>-122.314668,44.593663,0 -122.314935,44.594434,0 -122.315772,44.594291,0 -122.315763,44.595567,0 -122.315739,44.599125,0 -122.315730,44.600510,0 -122.315715,44.602683,0 -122.313618,44.602692,0 -122.310654,44.602704,0 -122.305592,44.602726,0 -122.305625,44.599148,0 -122.305657,44.595571,0 -122.305661,44.595084,0 -122.306167,44.595144,0 -122.307960,44.594831,0 -122.308215,44.595570,0 -122.310710,44.595569,0 -122.312904,44.595568,0 -122.312409,44.594061,0 -122.314668,44.593663,0</coordinates></LinearRing></outerBoundaryIs></Polygon></Placemark><Placemark><name>Edson C [APPROX quarter-section]</name><description>lode | serial OR106377412 | 486.09 ac | Active | qtr-sec OR 33 0110S 0040E 022 NE | recorded~2024 (DB date, not legal located date) | src: BLM MLRS Not Closed | APPROX (BLM quarter-section)</description><styleUrl>#active_claim</styleUrl><Polygon><outerBoundaryIs><LinearRing><coordinates>-122.314668,44.593663,0 -122.314935,44.594434,0 -122.315772,44.594291,0 -122.315763,44.595567,0 -122.315739,44.599125,0 -122.315730,44.600510,0 -122.315715,44.602683,0 -122.313618,44.602692,0 -122.310654,44.602704,0 -122.305592,44.602726,0 -122.305625,44.599148,0 -122.305657,44.595571,0 -122.305661,44.595084,0 -122.306167,44.595144,0 -122.307960,44.594831,0 -122.308215,44.595570,0 -122.310710,44.595569,0 -122.312904,44.595568,0 -122.312409,44.594061,0 -122.314668,44.593663,0</coordinates></LinearRing></outerBoundaryIs></Polygon></Placemark><Placemark><name>M &amp; M B [APPROX quarter-section]</name><description>placer | serial OR105231719 | 20.0 ac | Active | qtr-sec OR 33 0110S 0040E 036 A NESW|OR 33 0110S 0040E 036 A NESW|OR 33 0110S 0040E 036 A NESW|OR 33 0110S 0040E 036 A NESW | recorded~2021 (DB date, not legal located date) | src: BLM MLRS Not Closed | APPROX (BLM quarter-section)</description><styleUrl>#active_claim</styleUrl><Polygon><outerBoundaryIs><LinearRing><coordinates>-122.280776,44.563296,0 -122.280742,44.566883,0 -122.275674,44.566911,0 -122.275708,44.563325,0 -122.280776,44.563296,0</coordinates></LinearRing></outerBoundaryIs></Polygon></Placemark><Placemark><name>XPNSV Hobby Too [APPROX quarter-section]</name><description>placer | serial OR105788553 | 40.0 ac | Filed | qtr-sec OR 33 0110S 0040E 026 A SESE|OR 33 0110S 0040E 026 A SWSE|OR 33 0110S 0040E 026 A NESE|OR 33 0110S 0040E 026 A NWSE|OR 33 0110S 0040E 026 A SE | recorded~2022 (DB date, not legal located date) | src: BLM MLRS Not Closed | APPROX (BLM quarter-s…</description><styleUrl>#active_claim</styleUrl><Polygon><outerBoundaryIs><LinearRing><coordinates>-122.295770,44.574028,0 -122.295745,44.577625,0 -122.295720,44.581221,0 -122.290699,44.581222,0 -122.285679,44.581222,0 -122.285710,44.577628,0 -122.285741,44.574033,0 -122.290756,44.574030,0 -122.295770,44.574028,0</coordinates></LinearRing></outerBoundaryIs></Polygon></Placemark><Placemark><name>Golden Flower #2 [APPROX quarter-section]</name><description>placer | serial OR105795368 | 40.0 ac | Active | qtr-sec OR 33 0110S 0040E 036 A N2NWNE | recorded~2022 (DB date, not legal located date) | src: BLM MLRS Not Closed | APPROX (BLM quarter-section)</description><styleUrl>#active_claim</styleUrl><Polygon><outerBoundaryIs><LinearRing><coordinates>-122.273072,44.574093,0 -122.270538,44.574105,0 -122.270554,44.572314,0 -122.273088,44.572301,0 -122.275623,44.572289,0 -122.275605,44.574081,0 -122.273072,44.574093,0</coordinates></LinearRing></outerBoundaryIs></Polygon></Placemark><Placemark><name>ANGIE M [APPROX quarter-section]</name><description>placer | serial ORMC135768 | 20.0 ac | Active | qtr-sec OR 33 0110S 0040E 027 A SW | recorded~2021 (DB date, not legal located date) | src: BLM MLRS Not Closed | APPROX (BLM quarter-section)</description><styleUrl>#active_claim</styleUrl><Polygon><outerBoundaryIs><LinearRing><coordinates>-122.325921,44.577637,0 -122.325912,44.581234,0 -122.320875,44.581231,0 -122.315838,44.581227,0 -122.315851,44.577629,0 -122.315864,44.574031,0 -122.320897,44.574035,0 -122.325929,44.574039,0 -122.325921,44.577637,0</coordinates></LinearRing></outerBoundaryIs></Polygon></Placemark><Placemark><name>BROKEN BRIDGE [APPROX quarter-section]</name><description>placer | serial ORMC154454 | 40.0 ac | Active | qtr-sec OR 33 0110S 0040E 026 A SESW | recorded~2021 (DB date, not legal located date) | src: BLM MLRS Not Closed | APPROX (BLM quarter-section)</description><styleUrl>#active_claim</styleUrl><Polygon><outerBoundaryIs><LinearRing><coordinates>-122.300784,44.574025,0 -122.300762,44.577623,0 -122.295745,44.577625,0 -122.295770,44.574028,0 -122.300784,44.574025,0</coordinates></LinearRing></outerBoundaryIs></Polygon></Placemark><Placemark><name>SILVER DOLLAR [APPROX quarter-section]</name><description>placer | serial ORMC160675 | 20.0 ac | Active | qtr-sec OR 33 0110S 0040E 023 A NW|OR 33 0110S 0040E 023 A NE | recorded~2021 (DB date, not legal located date) | src: BLM MLRS Not Closed | APPROX (BLM quarter-section)</description><styleUrl>#active_claim</styleUrl><Polygon><outerBoundaryIs><LinearRing><coordinates>-122.305625,44.599148,0 -122.305592,44.602726,0 -122.300562,44.602739,0 -122.295532,44.602753,0 -122.294536,44.602756,0 -122.291391,44.602764,0 -122.291080,44.602765,0 -122.290502,44.602767,0 -122.288063,44.602773,0 -122.285471,44.602780,0 -122.285508,44.599188,0 -122.285544,44.595596,0 -122.290572,44.595590,0 -122.291179,44.595589,0 -122.291400,44.595589,0 -122.292806,44.595587,0 -122.295600,44.595584,0 -122.300055,44.595578,0 -122.300400,44.595578,0 -122.300629,44.595577,0 -122.300880,44.595577,0 -122.305657,44.595571,0 -122.305625,44.599148,0</coordinates></LinearRing></outerBoundaryIs></Polygon></Placemark><Placemark><name>GOLDEN KITTY #1 [APPROX quarter-section]</name><description>placer | serial ORMC163144 | 160.0 ac | Active | qtr-sec OR 33 0110S 0040E 002 A NW | recorded~2021 (DB date, not legal located date) | src: BLM MLRS Not Closed | APPROX (BLM quarter-section)</description><styleUrl>#active_claim</styleUrl><Polygon><outerBoundaryIs><LinearRing><coordinates>-122.300431,44.653864,0 -122.299644,44.653879,0 -122.295443,44.653970,0 -122.295443,44.649448,0 -122.295443,44.645837,0 -122.295443,44.642227,0 -122.295443,44.638616,0 -122.300451,44.638569,0 -122.305459,44.638521,0 -122.305451,44.642128,0 -122.305442,44.645735,0 -122.305433,44.649343,0 -122.305419,44.653758,0 -122.304709,44.653771,0 -122.300431,44.653864,0</coordinates></LinearRing></outerBoundaryIs></Polygon></Placemark><Placemark><name>GOLDEN KITTY #2 [APPROX quarter-section]</name><description>placer | serial ORMC163145 | 160.0 ac | Active | qtr-sec OR 33 0110S 0040E 002 A NE | recorded~2021 (DB date, not legal located date) | src: BLM MLRS Not Closed | APPROX (BLM quarter-section)</description><styleUrl>#active_claim</styleUrl><Polygon><outerBoundaryIs><LinearRing><coordinates>-122.290452,44.654073,0 -122.288751,44.654107,0 -122.285462,44.654177,0 -122.285447,44.649553,0 -122.285438,44.645939,0 -122.285429,44.642325,0 -122.285420,44.638711,0 -122.290432,44.638664,0 -122.295443,44.638616,0 -122.295443,44.642227,0 -122.295443,44.645837,0 -122.295443,44.649448,0 -122.295443,44.653970,0 -122.293819,44.654001,0 -122.290452,44.654073,0</coordinates></LinearRing></outerBoundaryIs></Polygon></Placemark><Placemark><name>GOLDEN KITTY #3 [APPROX quarter-section]</name><description>placer | serial ORMC163146 | 160.0 ac | Active | qtr-sec OR 33 0110S 0040E 003 A NW|OR 33 0110S 0040E 003 A NE|OR 33 0110S 0040E 003 A SE | recorded~2021 (DB date, not legal located date) | src: BLM MLRS Not Closed | APPROX (BLM quarter-section)</description><styleUrl>#active_claim</styleUrl><Polygon><outerBoundaryIs><LinearRing><coordinates>-122.315565,44.631319,0 -122.315564,44.634931,0 -122.315562,44.638543,0 -122.320623,44.638554,0 -122.325684,44.638565,0 -122.325500,44.642097,0 -122.325317,44.645629,0 -122.325133,44.649161,0 -122.324913,44.653393,0 -122.324231,44.653401,0 -122.320230,44.653475,0 -122.319557,44.653477,0 -122.315557,44.653551,0 -122.314873,44.653554,0 -122.310488,44.653650,0 -122.309791,44.653662,0 -122.305419,44.653758,0 -122.305433,44.649343,0 -122.305442,44.645735,0 -122.305451,44.642128,0 -122.305459,44.638521,0 -122.305480,44.634926,0 -122.305500,44.631331,0 -122.310533,44.631325,0 -122.315565,44.631319,0</coordinates></LinearRing></outerBoundaryIs></Polygon></Placemark><Placemark><name>GOLDEN KITTY #4 [APPROX quarter-section]</name><description>placer | serial ORMC163147 | 160.0 ac | Active | qtr-sec OR 33 0110S 0040E 003 A SW | recorded~2021 (DB date, not legal located date) | src: BLM MLRS Not Closed | APPROX (BLM quarter-section)</description><styleUrl>#active_claim</styleUrl><Polygon><outerBoundaryIs><LinearRing><coordinates>-122.325657,44.634936,0 -122.325684,44.638565,0 -122.320623,44.638554,0 -122.315562,44.638543,0 -122.315564,44.634931,0 -122.315565,44.631319,0 -122.320598,44.631314,0 -122.325630,44.631308,0 -122.325657,44.634936,0</coordinates></LinearRing></outerBoundaryIs></Polygon></Placemark><Placemark><name>LUCK OF THE DRAW [APPROX quarter-section]</name><description>placer | serial ORMC163283 | 80.0 ac | Active | qtr-sec OR 33 0110S 0040E 028 A SE | recorded~2021 (DB date, not legal located date) | src: BLM MLRS Not Closed | APPROX (BLM quarter-section)</description><styleUrl>#active_claim</styleUrl><Polygon><outerBoundaryIs><LinearRing><coordinates>-122.335641,44.577686,0 -122.335710,44.581284,0 -122.330811,44.581259,0 -122.325912,44.581234,0 -122.325921,44.577637,0 -122.325929,44.574039,0 -122.330751,44.574063,0 -122.335572,44.574087,0 -122.335641,44.577686,0</coordinates></LinearRing></outerBoundaryIs></Polygon></Placemark><Placemark><name>WHITE HORSE [APPROX quarter-section]</name><description>placer | serial ORMC164664 | 80.0 ac | Active | qtr-sec OR 33 0110S 0040E 010 A S2SW | recorded~2021 (DB date, not legal located date) | src: BLM MLRS Not Closed | APPROX (BLM quarter-section)</description><styleUrl>#active_claim</styleUrl><Polygon><outerBoundaryIs><LinearRing><coordinates>-122.320578,44.620550,0 -122.315635,44.620566,0 -122.315659,44.616978,0 -122.320708,44.616956,0 -122.325758,44.616934,0 -122.325520,44.620534,0 -122.320578,44.620550,0</coordinates></LinearRing></outerBoundaryIs></Polygon></Placemark><Placemark><name>DREAM ON PLACER A [APPROX quarter-section]</name><description>placer | serial ORMC165974 | 160.0 ac | Active | qtr-sec OR 33 0110S 0040E 010 A S2SE | OR 33 0110S 0040E 011 A S2SW | recorded~2021 (DB date, not legal located date) | src: BLM MLRS Not Closed | APPROX (BLM quarter-section)</description><styleUrl>#active_claim</styleUrl><Polygon><outerBoundaryIs><LinearRing><coordinates>-122.310590,44.620583,0 -122.305545,44.620599,0 -122.300511,44.620629,0 -122.295476,44.620659,0 -122.295487,44.617075,0 -122.300524,44.617048,0 -122.305560,44.617022,0 -122.310609,44.617000,0 -122.315659,44.616978,0 -122.315635,44.620566,0 -122.310590,44.620583,0</coordinates></LinearRing></outerBoundaryIs></Polygon></Placemark><Placemark><name>MINERS MISERY [APPROX quarter-section]</name><description>placer | serial ORMC165975 | 80.0 ac | Active | qtr-sec OR 33 0110S 0040E 011 A S2SE | recorded~2021 (DB date, not legal located date) | src: BLM MLRS Not Closed | APPROX (BLM quarter-section)</description><styleUrl>#active_claim</styleUrl><Polygon><outerBoundaryIs><LinearRing><coordinates>-122.290442,44.620689,0 -122.285408,44.620719,0 -122.285415,44.617127,0 -122.290451,44.617101,0 -122.295487,44.617075,0 -122.295476,44.620659,0 -122.290442,44.620689,0</coordinates></LinearRing></outerBoundaryIs></Polygon></Placemark><Placemark><name>GALENA 1 [APPROX quarter-section]</name><description>placer | serial ORMC168892 | 40.0 ac | Active | qtr-sec OR 33 0110S 0040E 033 A NE | recorded~2021 (DB date, not legal located date) | src: BLM MLRS Not Closed | APPROX (BLM quarter-section)</description><styleUrl>#active_claim</styleUrl><Polygon><outerBoundaryIs><LinearRing><coordinates>-122.335641,44.570462,0 -122.335572,44.574087,0 -122.330751,44.574063,0 -122.325929,44.574039,0 -122.325928,44.570409,0 -122.325928,44.566778,0 -122.330819,44.566808,0 -122.335710,44.566838,0 -122.335641,44.570462,0</coordinates></LinearRing></outerBoundaryIs></Polygon></Placemark><Placemark><name>WVM #1  B [APPROX quarter-section]</name><description>placer | serial ORMC171094 | 18.0 ac | Active | qtr-sec OR 33 0110S 0040E 023 A NW | recorded~2021 (DB date, not legal located date) | src: BLM MLRS Not Closed | APPROX (BLM quarter-section)</description><styleUrl>#active_claim</styleUrl><Polygon><outerBoundaryIs><LinearRing><coordinates>-122.305592,44.602726,0 -122.300562,44.602739,0 -122.295532,44.602753,0 -122.295540,44.601909,0 -122.295408,44.602666,0 -122.294327,44.602599,0 -122.293290,44.601825,0 -122.293637,44.599172,0 -122.290557,44.597099,0 -122.290568,44.596056,0 -122.291179,44.595589,0 -122.291400,44.595589,0 -122.295383,44.598329,0 -122.295147,44.598509,0 -122.295572,44.598543,0 -122.295588,44.596874,0 -122.295600,44.595584,0 -122.300055,44.595578,0 -122.300400,44.595578,0 -122.300629,44.595577,0 -122.300880,44.595577,0 -122.305657,44.595571,0 -122.305625,44.599148,0 -122.305592,44.602726,0</coordinates></LinearRing></outerBoundaryIs></Polygon></Placemark><Placemark><name>LUCKY DUCK [APPROX quarter-section]</name><description>placer | serial ORMC173415 | 20.0 ac | Active | qtr-sec OR 33 0110S 0040E 023 A SW | recorded~2021 (DB date, not legal located date) | src: BLM MLRS Not Closed | APPROX (BLM quarter-section)</description><styleUrl>#active_claim</styleUrl><Polygon><outerBoundaryIs><LinearRing><coordinates>-122.305657,44.595571,0 -122.300880,44.595577,0 -122.300629,44.595577,0 -122.300400,44.595578,0 -122.300055,44.595578,0 -122.295600,44.595584,0 -122.295622,44.593302,0 -122.295635,44.591999,0 -122.297130,44.591998,0 -122.295641,44.591343,0 -122.295658,44.589569,0 -122.295777,44.589470,0 -122.295659,44.589418,0 -122.295667,44.588649,0 -122.295748,44.588492,0 -122.295875,44.588414,0 -122.297768,44.588414,0 -122.300695,44.588415,0 -122.303368,44.588415,0 -122.305721,44.588415,0 -122.305711,44.589517,0 -122.305689,44.591993,0 -122.305675,44.593558,0 -122.305661,44.595084,0 -122.305657,44.595571,0</coordinates></LinearRing></outerBoundaryIs></Polygon></Placemark><Placemark><name>GOLDEN DIGGER [APPROX quarter-section]</name><description>placer | serial ORMC173434 | 20.0 ac | Active | qtr-sec OR 33 0110S 0040E 022 A SE|OR 33 0110S 0040E 023 A SW | recorded~2021 (DB date, not legal located date) | src: BLM MLRS Not Closed | APPROX (BLM quarter-section)</description><styleUrl>#active_claim</styleUrl><Polygon><outerBoundaryIs><LinearRing><coordinates>-122.306818,44.588412,0 -122.307036,44.588411,0 -122.307049,44.588411,0 -122.307711,44.588409,0 -122.308022,44.588408,0 -122.308036,44.588408,0 -122.310766,44.588399,0 -122.311036,44.588398,0 -122.311052,44.588398,0 -122.312352,44.588394,0 -122.312361,44.588394,0 -122.314762,44.588386,0 -122.313121,44.589093,0 -122.315397,44.591181,0 -122.315793,44.591097,0 -122.315787,44.591975,0 -122.315772,44.594291,0 -122.314935,44.594434,0 -122.314668,44.593663,0 -122.312409,44.594061,0 -122.312904,44.595568,0 -122.310710,44.595569,0 -122.308215,44.595570,0 -122.307960,44.594831,0 -122.306167,44.595144,0 -122.305661,44.595084,0 -122.305657,44.595571,0 -122.300880,44.595577,0 -122.300629,44.595577,0 -122.300400,44.595578,0 -122.300055,44.595578,0 -122.295600,44.595584,0 -122.295622,44.593302,0 -122.295635,44.591999,0 -122.297130,44.591998,0 -122.295641,44.591343,0 -122.295658,44.589569,0 -122.295777,44.589470,0 -122.295659,44.589418,0 -122.295667,44.588649,0 -122.295748,44.588492,0 -122.295875,44.588414,0 -122.297768,44.588414,0 -122.300695,44.588415,0 -122.303368,44.588415,0 -122.305721,44.588415,0 -122.306818,44.588412,0</coordinates></LinearRing></outerBoundaryIs></Polygon></Placemark><Placemark><name>STARDUSTER [APPROX quarter-section]</name><description>placer | serial ORMC173574 | 67.0 ac | Active | qtr-sec OR 33 0110S 0040E 026 A SW|OR 33 0110S 0040E 027 A SE | recorded~2021 (DB date, not legal located date) | src: BLM MLRS Not Closed | APPROX (BLM quarter-section)</description><styleUrl>#active_claim</styleUrl><Polygon><outerBoundaryIs><LinearRing><coordinates>-122.300740,44.581220,0 -122.295720,44.581221,0 -122.295745,44.577625,0 -122.295770,44.574028,0 -122.300784,44.574025,0 -122.305799,44.574023,0 -122.310832,44.574027,0 -122.315864,44.574031,0 -122.315851,44.577629,0 -122.315838,44.581227,0 -122.312123,44.581224,0 -122.310799,44.581223,0 -122.310589,44.581223,0 -122.307957,44.581221,0 -122.305760,44.581219,0 -122.300740,44.581220,0</coordinates></LinearRing></outerBoundaryIs></Polygon></Placemark><Placemark><name>PARKER B #1 [APPROX quarter-section]</name><description>placer | serial ORMC173610 | 20.0 ac | Active | qtr-sec OR 33 0110S 0040E 022 A SE|OR 33 0110S 0040E 023 A SW | recorded~2021 (DB date, not legal located date) | src: BLM MLRS Not Closed | APPROX (BLM quarter-section)</description><styleUrl>#active_claim</styleUrl><Polygon><outerBoundaryIs><LinearRing><coordinates>-122.306818,44.588412,0 -122.307036,44.588411,0 -122.307049,44.588411,0 -122.307711,44.588409,0 -122.308022,44.588408,0 -122.308036,44.588408,0 -122.310766,44.588399,0 -122.311036,44.588398,0 -122.311052,44.588398,0 -122.312352,44.588394,0 -122.312361,44.588394,0 -122.314762,44.588386,0 -122.313121,44.589093,0 -122.315397,44.591181,0 -122.315793,44.591097,0 -122.315787,44.591975,0 -122.315772,44.594291,0 -122.314935,44.594434,0 -122.314668,44.593663,0 -122.312409,44.594061,0 -122.312904,44.595568,0 -122.310710,44.595569,0 -122.308215,44.595570,0 -122.307960,44.594831,0 -122.306167,44.595144,0 -122.305661,44.595084,0 -122.305657,44.595571,0 -122.300880,44.595577,0 -122.300629,44.595577,0 -122.300400,44.595578,0 -122.300055,44.595578,0 -122.295600,44.595584,0 -122.295622,44.593302,0 -122.295635,44.591999,0 -122.297130,44.591998,0 -122.295641,44.591343,0 -122.295658,44.589569,0 -122.295777,44.589470,0 -122.295659,44.589418,0 -122.295667,44.588649,0 -122.295748,44.588492,0 -122.295875,44.588414,0 -122.297768,44.588414,0 -122.300695,44.588415,0 -122.303368,44.588415,0 -122.305721,44.588415,0 -122.306818,44.588412,0</coordinates></LinearRing></outerBoundaryIs></Polygon></Placemark><Placemark><name>HALLELUJAH MINE [APPROX quarter-section]</name><description>placer | serial ORMC174122 | 30.0 ac | Active | qtr-sec OR 33 0110S 0040E 027 A SW|OR 33 0110S 0040E 028 A SE | recorded~2021 (DB date, not legal located date) | src: BLM MLRS Not Closed | APPROX (BLM quarter-section)</description><styleUrl>#active_claim</styleUrl><Polygon><outerBoundaryIs><LinearRing><coordinates>-122.320875,44.581231,0 -122.315838,44.581227,0 -122.315851,44.577629,0 -122.315864,44.574031,0 -122.320897,44.574035,0 -122.325929,44.574039,0 -122.330751,44.574063,0 -122.335572,44.574087,0 -122.335641,44.577686,0 -122.335710,44.581284,0 -122.330811,44.581259,0 -122.325912,44.581234,0 -122.320875,44.581231,0</coordinates></LinearRing></outerBoundaryIs></Polygon></Placemark><Placemark><name>RIVERSIDE [APPROX quarter-section]</name><description>placer | serial ORMC174123 | 40.0 ac | Active | qtr-sec OR 33 0110S 0040E 028 A SE|OR 33 0110S 0040E 033 A NE | recorded~2021 (DB date, not legal located date) | src: BLM MLRS Not Closed | APPROX (BLM quarter-section)</description><styleUrl>#active_claim</styleUrl><Polygon><outerBoundaryIs><LinearRing><coordinates>-122.335641,44.570462,0 -122.335572,44.574087,0 -122.335641,44.577686,0 -122.335710,44.581284,0 -122.330811,44.581259,0 -122.325912,44.581234,0 -122.325921,44.577637,0 -122.325929,44.574039,0 -122.325928,44.570409,0 -122.325928,44.566778,0 -122.330819,44.566808,0 -122.335710,44.566838,0 -122.335641,44.570462,0</coordinates></LinearRing></outerBoundaryIs></Polygon></Placemark><Placemark><name>LUCKY GALENA [APPROX quarter-section]</name><description>placer | serial ORMC174207 | 20.0 ac | Active | qtr-sec OR 33 0110S 0040E 033 A SE | recorded~2021 (DB date, not legal located date) | src: BLM MLRS Not Closed | APPROX (BLM quarter-section)</description><styleUrl>#active_claim</styleUrl><Polygon><outerBoundaryIs><LinearRing><coordinates>-122.331612,44.559551,0 -122.335848,44.559580,0 -122.335779,44.563209,0 -122.335710,44.566838,0 -122.330819,44.566808,0 -122.325928,44.566778,0 -122.325927,44.563147,0 -122.325926,44.559517,0 -122.326506,44.559518,0 -122.330887,44.559550,0 -122.331612,44.559551,0</coordinates></LinearRing></outerBoundaryIs></Polygon></Placemark><Placemark><name>PHANTOM GOLD ANGEL [APPROX quarter-section]</name><description>placer | serial ORMC174236 | 40.0 ac | Active | qtr-sec OR 33 0120S 0040E 003 A NW|OR 33 0110S 0040E 033 A SE|OR 33 0110S 0040E 034 A SW | recorded~2021 (DB date, not legal located date) | src: BLM MLRS Not Closed | APPROX (BLM quarter-section)</description><styleUrl>#active_claim</styleUrl><Polygon><outerBoundaryIs><LinearRing><coordinates>-122.326508,44.557652,0 -122.326506,44.559518,0 -122.330887,44.559550,0 -122.331612,44.559551,0 -122.335848,44.559580,0 -122.335779,44.563209,0 -122.335710,44.566838,0 -122.330819,44.566808,0 -122.325928,44.566778,0 -122.320934,44.566792,0 -122.315940,44.566806,0 -122.315978,44.563188,0 -122.316016,44.559570,0 -122.316377,44.559568,0 -122.316405,44.557559,0 -122.316456,44.553918,0 -122.321488,44.553975,0 -122.326521,44.554032,0 -122.326508,44.557652,0</coordinates></LinearRing></outerBoundaryIs></Polygon></Placemark><Placemark><name>GOLD CREEK [APPROX quarter-section]</name><description>placer | serial ORMC174318 | 20.0 ac | Active | qtr-sec OR 33 0110S 0040E 025 A SW | recorded~2021 (DB date, not legal located date) | src: BLM MLRS Not Closed | APPROX (BLM quarter-section)</description><styleUrl>#active_claim</styleUrl><Polygon><outerBoundaryIs><LinearRing><coordinates>-122.280673,44.574057,0 -122.285741,44.574033,0 -122.285710,44.577628,0 -122.285679,44.581222,0 -122.280614,44.581243,0 -122.275549,44.581263,0 -122.275577,44.577672,0 -122.275605,44.574081,0 -122.280673,44.574057,0</coordinates></LinearRing></outerBoundaryIs></Polygon></Placemark><Placemark><name>M AND M 1 [APPROX quarter-section]</name><description>placer | serial ORMC174485 | 20.0 ac | Active | qtr-sec OR 33 0110S 0040E 036 A NW | recorded~2021 (DB date, not legal located date) | src: BLM MLRS Not Closed | APPROX (BLM quarter-section)</description><styleUrl>#active_claim</styleUrl><Polygon><outerBoundaryIs><LinearRing><coordinates>-122.280742,44.566883,0 -122.285809,44.566856,0 -122.285775,44.570444,0 -122.285741,44.574033,0 -122.280673,44.574057,0 -122.275605,44.574081,0 -122.275640,44.570496,0 -122.275674,44.566911,0 -122.280742,44.566883,0</coordinates></LinearRing></outerBoundaryIs></Polygon></Placemark><Placemark><name>M AND M 2 [APPROX quarter-section]</name><description>placer | serial ORMC174486 | 20.0 ac | Active | qtr-sec OR 33 0110S 0040E 036 A NW | recorded~2021 (DB date, not legal located date) | src: BLM MLRS Not Closed | APPROX (BLM quarter-section)</description><styleUrl>#active_claim</styleUrl><Polygon><outerBoundaryIs><LinearRing><coordinates>-122.280742,44.566883,0 -122.285809,44.566856,0 -122.285775,44.570444,0 -122.285741,44.574033,0 -122.280673,44.574057,0 -122.275605,44.574081,0 -122.275640,44.570496,0 -122.275674,44.566911,0 -122.280742,44.566883,0</coordinates></LinearRing></outerBoundaryIs></Polygon></Placemark><Placemark><name>M &amp; M 2 [APPROX quarter-section]</name><description>placer | serial ORMC177986 | 20.0 ac | Active | qtr-sec OR 33 0110S 0040E 036 A NW | recorded~2021 (DB date, not legal located date) | src: BLM MLRS Not Closed | APPROX (BLM quarter-section)</description><styleUrl>#active_claim</styleUrl><Polygon><outerBoundaryIs><LinearRing><coordinates>-122.280742,44.566883,0 -122.285809,44.566856,0 -122.285775,44.570444,0 -122.285741,44.574033,0 -122.280673,44.574057,0 -122.275605,44.574081,0 -122.275640,44.570496,0 -122.275674,44.566911,0 -122.280742,44.566883,0</coordinates></LinearRing></outerBoundaryIs></Polygon></Placemark><Placemark><name>M &amp; M 3 [APPROX quarter-section]</name><description>placer | serial ORMC177987 | 20.0 ac | Active | qtr-sec OR 33 0110S 0040E 036 A NW | recorded~2021 (DB date, not legal located date) | src: BLM MLRS Not Closed | APPROX (BLM quarter-section)</description><styleUrl>#active_claim</styleUrl><Polygon><outerBoundaryIs><LinearRing><coordinates>-122.280742,44.566883,0 -122.285809,44.566856,0 -122.285775,44.570444,0 -122.285741,44.574033,0 -122.280673,44.574057,0 -122.275605,44.574081,0 -122.275640,44.570496,0 -122.275674,44.566911,0 -122.280742,44.566883,0</coordinates></LinearRing></outerBoundaryIs></Polygon></Placemark><Placemark><name>XPNSV HOBBY [APPROX quarter-section]</name><description>placer | serial ORMC178047 | 40.0 ac | Active | qtr-sec OR 33 0110S 0040E 010 A NW | recorded~2021 (DB date, not legal located date) | src: BLM MLRS Not Closed | APPROX (BLM quarter-section)</description><styleUrl>#active_claim</styleUrl><Polygon><outerBoundaryIs><LinearRing><coordinates>-122.315565,44.631319,0 -122.315589,44.627737,0 -122.315612,44.624155,0 -122.320447,44.624144,0 -122.325282,44.624133,0 -122.325456,44.627720,0 -122.325630,44.631308,0 -122.320598,44.631314,0 -122.315565,44.631319,0</coordinates></LinearRing></outerBoundaryIs></Polygon></Placemark><Placemark><name>CEDAR BEND [APPROX quarter-section]</name><description>placer | serial ORMC30445 | 18.18 ac | Active | qtr-sec OR 33 0110S 0040E 027 A SW|OR 33 0110S 0040E 027 A SE | recorded~2021 (DB date, not legal located date) | src: BLM MLRS Not Closed | APPROX (BLM quarter-section)</description><styleUrl>#active_claim</styleUrl><Polygon><outerBoundaryIs><LinearRing><coordinates>-122.312123,44.581224,0 -122.310799,44.581223,0 -122.310589,44.581223,0 -122.307957,44.581221,0 -122.305760,44.581219,0 -122.305780,44.577621,0 -122.305786,44.576414,0 -122.305791,44.575562,0 -122.305799,44.574023,0 -122.310832,44.574027,0 -122.315864,44.574031,0 -122.320897,44.574035,0 -122.325929,44.574039,0 -122.325921,44.577637,0 -122.325912,44.581234,0 -122.320875,44.581231,0 -122.315838,44.581227,0 -122.312123,44.581224,0</coordinates></LinearRing></outerBoundaryIs></Polygon></Placemark><Placemark><name>Pappy 1 [APPROX quarter-section]</name><description>placer | serial OR106344032 | 211.28 ac | Under Review | qtr-sec OR 33 0120S 0040E 001 A SWNW,NWSW | OR 33 0120S 0040E 002 A E2NESE | OR 33 0120S 0040E 001 L 3,4 | OR 33 0110S 0040E 036 A S2SESW | recorded~2023 (DB date, not legal located date) | src: BLM MLRS Not Closed | APPROX (BLM quarter-secti…</description><styleUrl>#active_claim</styleUrl><Polygon><outerBoundaryIs><LinearRing><coordinates>-122.275801,44.557358,0 -122.280848,44.557393,0 -122.280907,44.553780,0 -122.281039,44.550171,0 -122.286097,44.550197,0 -122.288657,44.550203,0 -122.288579,44.552006,0 -122.288500,44.553809,0 -122.285922,44.553810,0 -122.285891,44.557428,0 -122.285878,44.559678,0 -122.280810,44.559709,0 -122.280793,44.561502,0 -122.278259,44.561517,0 -122.275725,44.561532,0 -122.275742,44.559739,0 -122.275801,44.557358,0</coordinates></LinearRing></outerBoundaryIs></Polygon></Placemark><Placemark><name>xpnsv ext [APPROX quarter-section]</name><description>placer | serial OR106350535 | 160.0 ac | Active | qtr-sec OR 33 0110S 0040E 026 A SE | recorded~2024 (DB date, not legal located date) | src: BLM MLRS Not Closed | APPROX (BLM quarter-section)</description><styleUrl>#active_claim</styleUrl><Polygon><outerBoundaryIs><LinearRing><coordinates>-122.285679,44.581222,0 -122.285710,44.577628,0 -122.285741,44.574033,0 -122.290756,44.574030,0 -122.295770,44.574028,0 -122.295745,44.577625,0 -122.295720,44.581221,0 -122.290699,44.581222,0 -122.285679,44.581222,0</coordinates></LinearRing></outerBoundaryIs></Polygon></Placemark><Placemark><name>Galena #1 [APPROX quarter-section]</name><description>placer | serial OR106707164 | 40.0 ac | Filed | qtr-sec OR 33 0110S 0040E 033 SENE | recorded~2024 (DB date, not legal located date) | src: BLM MLRS Not Closed | APPROX (BLM quarter-section)</description><styleUrl>#active_claim</styleUrl><Polygon><outerBoundaryIs><LinearRing><coordinates>-122.325928,44.566778,0 -122.330819,44.566808,0 -122.330785,44.570436,0 -122.325928,44.570409,0 -122.325928,44.566778,0</coordinates></LinearRing></outerBoundaryIs></Polygon></Placemark><Placemark><name>DENWEL PLACER #1 [APPROX quarter-section]</name><description>placer | serial OR106709015 | 20.0 ac | Under Review | qtr-sec OR 33 0110S 0040E 028 N2NWSE | recorded~2024 (DB date, not legal located date) | src: BLM MLRS Not Closed | APPROX (BLM quarter-section)</description><styleUrl>#active_claim</styleUrl><Polygon><outerBoundaryIs><LinearRing><coordinates>-122.330811,44.581259,0 -122.330796,44.579460,0 -122.333236,44.579472,0 -122.335675,44.579485,0 -122.335710,44.581284,0 -122.333261,44.581272,0 -122.330811,44.581259,0</coordinates></LinearRing></outerBoundaryIs></Polygon></Placemark><Placemark><name>XPNSV GT.A.WY #2 [APPROX quarter-section]</name><description>placer | serial OR106736573 | 20.0 ac | Active | qtr-sec OR 33 0110S 0040E 022 A NENE | recorded~2025 (DB date, not legal located date) | src: BLM MLRS Not Closed | APPROX (BLM quarter-section)</description><styleUrl>#active_claim</styleUrl><Polygon><outerBoundaryIs><LinearRing><coordinates>-122.310682,44.599137,0 -122.310654,44.602704,0 -122.305592,44.602726,0 -122.305625,44.599148,0 -122.310682,44.599137,0</coordinates></LinearRing></outerBoundaryIs></Polygon></Placemark><Placemark><name>Lucky Strike [APPROX quarter-section]</name><description>lode | serial OR106748110 | 20.66 ac | Active | qtr-sec OR 33 0110S 0040E 023 E NWNE | recorded~2025 (DB date, not legal located date) | src: BLM MLRS Not Closed | APPROX (BLM quarter-section)</description><styleUrl>#active_claim</styleUrl><Polygon><outerBoundaryIs><LinearRing><coordinates>-122.297768,44.588414,0 -122.300695,44.588415,0 -122.303368,44.588415,0 -122.305721,44.588415,0 -122.305711,44.589517,0 -122.305689,44.591993,0 -122.305675,44.593558,0 -122.305661,44.595084,0 -122.305657,44.595571,0 -122.305625,44.599148,0 -122.305592,44.602726,0 -122.300562,44.602739,0 -122.295532,44.602753,0 -122.294536,44.602756,0 -122.291391,44.602764,0 -122.291080,44.602765,0 -122.290502,44.602767,0 -122.288063,44.602773,0 -122.285471,44.602780,0 -122.285508,44.599188,0 -122.285544,44.595596,0 -122.285580,44.592004,0 -122.285617,44.588412,0 -122.290643,44.588413,0 -122.295669,44.588414,0 -122.295875,44.588414,0 -122.297768,44.588414,0</coordinates></LinearRing></outerBoundaryIs></Polygon></Placemark><Placemark><name>QCPGP [APPROX quarter-section]</name><description>placer | serial OR106753924 | 20.0 ac | Active | qtr-sec OR 33 0110S 0040E 028 S2NESE | recorded~2025 (DB date, not legal located date) | src: BLM MLRS Not Closed | APPROX (BLM quarter-section)</description><styleUrl>#active_claim</styleUrl><Polygon><outerBoundaryIs><LinearRing><coordinates>-122.325917,44.579436,0 -122.325921,44.577637,0 -122.328351,44.577649,0 -122.330781,44.577661,0 -122.330796,44.579460,0 -122.328356,44.579448,0 -122.325917,44.579436,0</coordinates></LinearRing></outerBoundaryIs></Polygon></Placemark><Placemark><name>Norma jean [APPROX quarter-section]</name><description>lode | serial OR106754707 | 15.15151515 ac | Active | qtr-sec OR 33 0110S 0040E 014 A NESE | recorded~2025 (DB date, not legal located date) | src: BLM MLRS Not Closed | APPROX (BLM quarter-section)</description><styleUrl>#active_claim</styleUrl><Polygon><outerBoundaryIs><LinearRing><coordinates>-122.290489,44.606350,0 -122.290476,44.609934,0 -122.285443,44.609954,0 -122.285457,44.606367,0 -122.290489,44.606350,0</coordinates></LinearRing></outerBoundaryIs></Polygon></Placemark><Placemark><name>LOST MAN'S CANYON [APPROX quarter-section]</name><description>lode | serial ORMC178111 | 20.66 ac | Active | qtr-sec OR 33 0120S 0030E 020 A SW | recorded~2021 (DB date, not legal located date) | src: BLM MLRS Not Closed | APPROX (BLM quarter-section)</description><styleUrl>#active_claim</styleUrl><Polygon><outerBoundaryIs><LinearRing><coordinates>-122.482631,44.506859,0 -122.477620,44.507023,0 -122.472610,44.507186,0 -122.472597,44.503701,0 -122.472583,44.500215,0 -122.474180,44.500178,0 -122.475428,44.500150,0 -122.477395,44.500105,0 -122.482207,44.499994,0 -122.482419,44.503427,0 -122.482631,44.506859,0</coordinates></LinearRing></outerBoundaryIs></Polygon></Placemark><Placemark><name>Lumlandia2 [APPROX quarter-section]</name><description>lode | serial OR106793506 | 9.09090909 ac | Filed | qtr-sec OR 33 0110S 0040E 014 SWNW | recorded~2026 (DB date, not legal located date) | src: BLM MLRS Not Closed | APPROX (BLM quarter-section)</description><styleUrl>#active_claim</styleUrl><Polygon><outerBoundaryIs><LinearRing><coordinates>-122.305576,44.609874,0 -122.305568,44.613448,0 -122.300533,44.613471,0 -122.300543,44.609894,0 -122.305576,44.609874,0</coordinates></LinearRing></outerBoundaryIs></Polygon></Placemark><Placemark><name>Accident Mine 1 [APPROX quarter-section]</name><description>lode | serial OR105816556 | 20.66 ac | Active | qtr-sec OR 33 0110S 0040E 023 A SE|OR 33 0110S 0040E 023 A SESE|OR 33 0110S 0040E 023 A Government Lot 3|OR 33 0110S 0040E 023 A SE|OR 33 0110S 0040E 023 A SE|OR 33 0110S 0040E 023 A SE|OR 33 0110S 0040E 023 A NESE|OR 33 0110S 0040E 023 A SE|OR 33 011…</description><styleUrl>#active_claim</styleUrl><Polygon><outerBoundaryIs><LinearRing><coordinates>-122.290643,44.588413,0 -122.295669,44.588414,0 -122.295875,44.588414,0 -122.297768,44.588414,0 -122.300695,44.588415,0 -122.303368,44.588415,0 -122.305721,44.588415,0 -122.305711,44.589517,0 -122.305689,44.591993,0 -122.305675,44.593558,0 -122.305661,44.595084,0 -122.305657,44.595571,0 -122.305625,44.599148,0 -122.305592,44.602726,0 -122.300562,44.602739,0 -122.295532,44.602753,0 -122.294536,44.602756,0 -122.291391,44.602764,0 -122.291080,44.602765,0 -122.290502,44.602767,0 -122.288063,44.602773,0 -122.285471,44.602780,0 -122.285508,44.599188,0 -122.285544,44.595596,0 -122.285580,44.592004,0 -122.285617,44.588412,0 -122.290643,44.588413,0</coordinates></LinearRing></outerBoundaryIs></Polygon></Placemark></Folder><Folder><name>Open ground to sample</name><Placemark><name>OPEN-quartzville-01</name><description>Forty-Four Mines (placer (heuristic: surface workings)) | agency: USFS | 88m to stream | cluster: 1 nearby | src: MILO</description><styleUrl>#open_ground</styleUrl><Point><coordinates>-122.275910,44.554856,0</coordinates></Point></Placemark><Placemark><name>OPEN-quartzville-02</name><description>USMIN Prospect Pit | agency: USFS | 6m to stream | cluster: 1 nearby | src: USMIN</description><styleUrl>#open_ground</styleUrl><Point><coordinates>-122.275014,44.547710,0</coordinates></Point></Placemark><Placemark><name>OPEN-quartzville-03</name><description>USMIN Prospect Pit | agency: USFS | 14m to stream | cluster: 1 nearby | src: USMIN</description><styleUrl>#open_ground</styleUrl><Point><coordinates>-122.291760,44.572628,0</coordinates></Point></Placemark><Placemark><name>OPEN-quartzville-04</name><description>USMIN Prospect Pit | agency: USFS | 48m to stream | cluster: 1 nearby | src: USMIN</description><styleUrl>#open_ground</styleUrl><Point><coordinates>-122.258089,44.546626,0</coordinates></Point></Placemark><Placemark><name>OPEN-quartzville-05</name><description>USMIN Prospect Pit | agency: USFS | 107m to stream | cluster: 1 nearby | src: USMIN</description><styleUrl>#open_ground</styleUrl><Point><coordinates>-122.311554,44.582342,0</coordinates></Point></Placemark><Placemark><name>OPEN-quartzville-06</name><description>unnamed or NA (unknown) | agency: USFS | 51m to stream | cluster: 6 nearby | src: MILO</description><styleUrl>#open_ground</styleUrl><Point><coordinates>-122.321569,44.597151,0</coordinates></Point></Placemark><Placemark><name>OPEN-quartzville-07</name><description>unnamed or NA (unknown) | agency: USFS | 74m to stream | cluster: 5 nearby | src: MILO</description><styleUrl>#open_ground</styleUrl><Point><coordinates>-122.321724,44.597638,0</coordinates></Point></Placemark><Placemark><name>OPEN-quartzville-08</name><description>unnamed or NA (unknown) | agency: USFS | 85m to stream | cluster: 5 nearby | src: MILO</description><styleUrl>#open_ground</styleUrl><Point><coordinates>-122.321392,44.598272,0</coordinates></Point></Placemark><Placemark><name>OPEN-quartzville-09</name><description>unnamed or NA (unknown) | agency: USFS | 88m to stream | cluster: 5 nearby | src: MILO</description><styleUrl>#open_ground</styleUrl><Point><coordinates>-122.321649,44.598007,0</coordinates></Point></Placemark><Placemark><name>OPEN-quartzville-10</name><description>unnamed or NA (unknown) | agency: USFS | 54m to stream | cluster: 4 nearby | src: MILO</description><styleUrl>#open_ground</styleUrl><Point><coordinates>-122.319274,44.600210,0</coordinates></Point></Placemark><Placemark><name>OPEN-quartzville-11</name><description>unnamed or NA (unknown) | agency: USFS | 136m to stream | cluster: 4 nearby | src: MILO</description><styleUrl>#open_ground</styleUrl><Point><coordinates>-122.324699,44.597006,0</coordinates></Point></Placemark><Placemark><name>OPEN-quartzville-12</name><description>Accident (lode) | agency: USFS | 12m to stream | cluster: 3 nearby | NEAR ACTIVE CLAIM (&lt;50m, approx) | src: MILO</description><styleUrl>#open_ground</styleUrl><Point><coordinates>-122.290753,44.588387,0</coordinates></Point></Placemark><Placemark><name>OPEN-quartzville-13</name><description>unnamed or NA (unknown) | agency: USFS | 20m to stream | cluster: 3 nearby | src: MILO</description><styleUrl>#open_ground</styleUrl><Point><coordinates>-122.322711,44.601552,0</coordinates></Point></Placemark><Placemark><name>OPEN-quartzville-14</name><description>unnamed or NA (lode) | agency: USFS | 40m to stream | cluster: 3 nearby | src: MILO</description><styleUrl>#open_ground</styleUrl><Point><coordinates>-122.293743,44.587179,0</coordinates></Point></Placemark><Placemark><name>OPEN-quartzville-15</name><description>unnamed or NA (lode) | agency: USFS | 44m to stream | cluster: 3 nearby | src: MILO</description><styleUrl>#open_ground</styleUrl><Point><coordinates>-122.293529,44.587233,0</coordinates></Point></Placemark><Placemark><name>OPEN-quartzville-16</name><description>unnamed or NA (lode) | agency: USFS | 70m to stream | cluster: 3 nearby | src: MILO</description><styleUrl>#open_ground</styleUrl><Point><coordinates>-122.293895,44.587434,0</coordinates></Point></Placemark><Placemark><name>OPEN-quartzville-17</name><description>unnamed or NA (unknown) | agency: USFS | 5m to stream | cluster: 2 nearby | src: MILO</description><styleUrl>#open_ground</styleUrl><Point><coordinates>-122.296651,44.604862,0</coordinates></Point></Placemark><Placemark><name>OPEN-quartzville-18</name><description>unnamed or NA (unknown) | agency: USFS | 27m to stream | cluster: 2 nearby | src: MILO</description><styleUrl>#open_ground</styleUrl><Point><coordinates>-122.319895,44.594564,0</coordinates></Point></Placemark><Placemark><name>OPEN-quartzville-19</name><description>unnamed or NA (unknown) | agency: USFS | 34m to stream | cluster: 2 nearby | src: MILO</description><styleUrl>#open_ground</styleUrl><Point><coordinates>-122.319802,44.594768,0</coordinates></Point></Placemark><Placemark><name>OPEN-quartzville-20</name><description>prospect (unknown) | agency: USFS | 41m to stream | cluster: 2 nearby | src: MILO</description><styleUrl>#open_ground</styleUrl><Point><coordinates>-122.324212,44.602383,0</coordinates></Point></Placemark><Placemark><name>OPEN-quartzville-21</name><description>Pine Squirl Claim, discovery cut (lode) | agency: USFS | 46m to stream | cluster: 2 nearby | src: MILO</description><styleUrl>#open_ground</styleUrl><Point><coordinates>-122.322586,44.603035,0</coordinates></Point></Placemark><Placemark><name>OPEN-quartzville-22</name><description>Peak and Dwarf (unknown) | agency: USFS | 53m to stream | cluster: 2 nearby | src: MILO</description><styleUrl>#open_ground</styleUrl><Point><coordinates>-122.269966,44.605915,0</coordinates></Point></Placemark><Placemark><name>OPEN-quartzville-23</name><description>Peak &amp; Dwarf (Occurrence) | agency: USFS | 73m to stream | cluster: 2 nearby | src: MRDS</description><styleUrl>#open_ground</styleUrl><Point><coordinates>-122.269220,44.606200,0</coordinates></Point></Placemark><Placemark><name>OPEN-quartzville-24</name><description>Peak and Dwarf Claims (Prospect) | agency: USFS | 75m to stream | cluster: 2 nearby | src: MRDS</description><styleUrl>#open_ground</styleUrl><Point><coordinates>-122.269260,44.606210,0</coordinates></Point></Placemark><Placemark><name>OPEN-quartzville-25</name><description>Hastings (lode) | agency: USFS | 98m to stream | cluster: 2 nearby | src: MILO</description><styleUrl>#open_ground</styleUrl><Point><coordinates>-122.298746,44.604713,0</coordinates></Point></Placemark></Folder></Document></kml>